$point_charges
 194.1655808081407967 242.6559534045600864 219.0816198838925068  -0.4121337308226831
 195.1009952444317980 240.8777211125402105 218.6394239685549173   0.0999662691773169
 194.6512404245585410 244.0505712913939695 217.6435382959784154   0.0999662691773169
 194.8723383822273358 243.2927911116915813 220.9033158769925912   0.0999662691773169
 192.2191628902019050 242.9923246563981178 225.6162928549921928  -0.5679337324690175
 195.2805192271543149 247.3065694201403114 226.0188045215174079   0.0212662691773169
 196.6430117697115443 245.8609289276905795 225.4859017517516215   0.1123662691773169
 196.4238035381766796 249.9162812110855607 225.4613353120106354  -0.1231337308226831
 197.0360748055671617 249.9918702564423956 223.4903509543307844   0.1111662691773169
 199.1034351960770269 250.5663470011544602 227.5022395366455842  -0.3119337308226831
 200.6851359701690941 248.8315784102147388 226.5498175651492908   0.1932662691773169
 194.6701376858977632 246.8738221354723194 228.8288272826582996   0.5972662697260950
 195.8455473411967817 245.2807830045767241 230.0420314606357624  -0.5679337324690175
 191.6503553238916046 239.3640504792692841 231.8996322502803339   0.5972662697260950
 191.7750772487304119 237.7955777881146483 233.6098344014790689  -0.5679337324690175
 193.5570889930181483 239.7571135151249015 230.2895855841794468  -0.4157337308226831
 193.3794547364295349 241.1158266054142973 228.9478800290953430   0.2718662691773169
 195.9570411830981308 238.3757237112284768 230.4672198407680333  -0.0518337308226831
 195.5601986949746796 236.3574962002005837 230.5446986122587986   0.0921662691773169
 197.5992131934756981 238.9331929207352493 228.1277388869735244  -0.1102337308226831
 197.7976344375374371 240.9778765976380317 227.9614429871884658   0.0456662691773169
 199.4813804228612825 238.1451771228900842 228.4338745206687788   0.0456662691773169
 196.5579740936850847 237.8843949164089416 225.6200723072600266   0.3530662691773169
 194.6039972712105258 238.4834381008619921 225.3706284575824119  -0.0361337308226831
 198.1037700712326646 238.9029573025924991 223.4034235521703947  -0.4121337308226831
 197.4007919494139591 238.1243901354169586 221.6327501646861863   0.0999662691773169
 197.9507022543850644 240.9533101578970724 223.3429523158849213   0.0999662691773169
 200.0860927857160703 238.3757237112284768 223.6283009621070232   0.0999662691773169
 196.6543501265150722 234.9968933837772846 225.4972401085551496  -0.4121337308226831
 195.9173569342857830 234.3487173198422886 223.6887721983924966   0.0999662691773169
 198.6064372228557278 234.3600556766458165 225.6786538174115966   0.0999662691773169
 195.5261836245640958 234.1710830632537021 227.0033518372903817   0.0999662691773169
 197.3705563312712359 238.9917744308867924 232.9276432671335159   0.5972662697260950
 198.2284919960714720 237.2588955660810282 234.2202159427356475  -0.5679337324690175
 197.4404761982263069 241.3973957993685655 233.6967618036394588  -0.4157337308226831
 196.8300946569697554 242.7674472464614894 232.5005651608673147   0.2718662691773169
 198.5799810569808382 242.1570657052049108 236.0986037198533715   0.0212662691773169
 200.5660832237320775 241.5920375911624441 236.0853756369159133   0.1123662691773169
 198.4495899537402669 245.0407877855687072 236.3877318183433071  -0.1231337308226831
 196.4861645005960834 245.6625076836288136 236.2894660593794162   0.1111662691773169
 199.2394954777193621 245.5642419246649227 238.2207661682469460   0.1111662691773169
 200.2712859468403511 246.5695762279110489 233.9140803090403932  -0.3119337308226831
 200.0369599062341249 248.9525208827857394 234.7134344636890861   0.1932662691773169
 197.3308720824588881 240.8248087807904046 238.3587161760231847   0.5972662697260950
 198.6536803762037699 239.6909731004376641 239.8950635229011671  -0.5679337324690175
 194.8024185152722378 240.8531546727992244 238.5741449552902158  -0.4157337308226831
 193.7592896893477211 241.7658923954831968 237.2456674831435700   0.2718662691773169
 193.5268533748753982 239.5756998062684813 240.6868587730141659  -0.0518337308226831
 194.4943931554430799 240.1728532645875748 242.4065095548825255   0.0921662691773169
 193.8310992824367224 236.6881982736367975 240.5696957527110527   0.5972662697260950
 194.0314102526323916 235.4825530001950290 242.5444595626587372  -0.5679337324690175
 193.9558212072755298 235.5675906762214885 238.3076935704073091  -0.4157337308226831
 193.7555102370798873 236.6258373112173937 236.7222133440473814   0.2718662691773169
 194.4925034293091766 232.8747309353837099 238.0128962935155826   0.0336662691773169
 193.1054444470109610 231.8051459435842766 239.1013785466542381   0.0822662691773169
 194.2128239614888117 232.1452966476901148 235.2236605198478165  -0.1825337308226831
 194.5095109645144685 230.1176205059925974 235.0101214667147160   0.0602662691773169
 192.3230978275675599 232.6252870857060952 234.5584769207075555   0.0602662691773169
 195.6074418483226948 233.1411823202666166 234.0803762088254784   0.0602662691773169
 197.1173330293257876 232.1982089794398940 239.0616942978418903   0.5972662697260950
 197.3781152358069033 230.2933650364472806 240.3731642347832440  -0.5679337324690175
 199.0183975200505673 233.8120350978086416 238.6516237267809811  -0.4157337308226831
 198.7368283260962991 235.3105879220082064 237.4875524282854905   0.2718662691773169
 201.4996079338891756 233.4964508334438163 239.8194744775443053  -0.0024337308226831
 202.1137689274135609 231.5613712723084527 239.4717648689027996   0.0977662691773169
 203.4063416030157193 235.2576755902584004 238.5287915280761040  -0.0343337308226831
 203.4271285904888449 234.8627228282688795 236.5067845647803505   0.0294662691773169
 202.7997395140269746 237.2097626865990559 238.7725661993519278   0.0294662691773169
 206.0651862734429141 234.9496502304292426 239.5492436403935649   0.0117662691773169
 207.2953979866256421 232.5912720152955114 239.3583813008675202  -0.1256337308226831
 206.4091164298165861 231.0549246684175561 238.3984004248355325   0.1329662691773169
 209.6651145585629010 232.2322240498504778 240.5054450641577188  -0.1704337308226831
 210.5702933767111791 230.4313150442235193 240.4109587574616616   0.1429662691773169
 210.8159577741209334 234.2410029302087731 241.8093560965633782  -0.1072337308226831
 212.5866311616051418 233.9575440101206014 242.7239835453812541   0.1296662691773169
 209.6329892142862475 236.6182784066816997 241.9378574736700194  -0.1704337308226831
 210.5249399494970674 238.1395079444883203 242.9167356110412292   0.1429662691773169
 207.2500445594115301 236.9697674675910657 240.8191396023886674  -0.1256337308226831
 206.3259684799240567 238.7555586641466359 240.9722074192362678   0.1329662691773169
 201.4429161498715359 233.8384912636835580 242.7107554624438495   0.5972662697260950
 202.6447819710454438 232.3815124144302713 244.0656891004653580  -0.5679337324690175
 199.9197968859310119 235.5978262943642386 243.7123103134221153  -0.4157337308226831
 199.0354050552558592 236.8091407462077444 242.5180033967838747   0.2718662691773169
 199.4983879580665477 235.8321523349704648 246.4694207428131740  -0.0875337308226831
 201.3295325818362565 236.1080523505229690 247.3727098348275488   0.0968662691773169
 197.8165316988766593 238.1243901354169586 247.1383837942213225   0.2984662691773169
 195.9986151580444087 237.9410867004265813 246.1954104533946269  -0.0297337308226831
 197.3289823563249578 238.3398189146839626 249.9918702564423956  -0.3192337308226830
 199.1185530051483886 238.3984004248355325 251.0123223687599104   0.0790662691773169
 199.0183975200505673 240.6320567151304564 246.3258015566351713  -0.3192337308226830
 197.7277145705823393 242.1891910494815644 246.7075262356872608   0.0790662691773169
 200.7777325507312479 240.9325231704239200 247.3594817518900906   0.0790662691773169
 199.4473653524506989 240.6169389060590679 244.3208021285447099   0.0790662691773169
 198.3853392651869328 233.3925158960781346 247.5805797095589122   0.5972662697260950
 199.2092598595766121 232.5534774926170939 249.5855791376493200  -0.5679337324690175
 196.5919891640956686 232.1812014442346022 246.2709994987514620  -0.4157337308226831
 195.9627103614998947 232.9862247772850590 244.6496144758470201   0.2718662691773169
 195.5545295165729157 229.7094396610656185 247.0382283091235014  -0.0875337308226831
 194.9630452366555593 229.8341615859044259 249.0073229406694489   0.0968662691773169
 193.2112691105105462 229.0121307176486769 245.4451891782278525   0.2984662691773169
 193.6723622871873312 229.1557499038266796 243.4458589285391818  -0.0297337308226831
 193.6440163951785113 224.9378811729144467 245.3336953363265033   0.0790662691773169
 197.5614186707972806 227.6250717353504612 246.9210652888203613   0.5972662697260950
 197.7088173092431439 226.0849449362046453 248.6539441536261523  -0.5679337324690175
 199.1525680755589724 227.6023950217434055 244.9614192879440116  -0.4157337308226831
 198.9182420349527461 228.8892985189437999 243.5630219488423217   0.2718662691773169
 201.2331565490062689 225.7995962899825433 244.7365418780073830   0.0336662691773169
 200.4640380125003262 223.8966420731238332 244.9160658607299535   0.0822662691773169
 202.3877792168321619 226.0547093180619221 242.0928150166516036  -0.1825337308226831
 203.6179909300148897 224.4446626519610081 241.7451054080100711   0.0602662691773169
 200.9005647494361250 226.0528195919279918 240.6660717855410403   0.0602662691773169
 203.4762614699707905 227.7989265396712410 241.9491958304735472   0.0602662691773169
 203.2192587157575084 226.1170702804813257 246.8492556957313868   0.5972662697260950
 204.2623875416820252 224.2462414078992691 247.7355372525404428  -0.5679337324690175
 203.6633443572290014 228.4282053422670148 247.7771112274866941  -0.4157337308226831
 202.8923360945891284 229.9399862494040108 246.8851604922758473   0.2718662691773169
 205.2166992393122756 228.8344964610600636 250.0391134097904377  -0.0518337308226831
 206.9193424859753165 227.6855429716359615 249.8879353190767676   0.0921662691773169
 206.0368403814340942 231.6218425085939261 250.2602113674592056  -0.1102337308226831
 204.3682122051816373 232.8237083297678342 250.4057202797711386   0.0456662691773169
 207.0913075641621391 231.7994767651825127 252.0233258504077737   0.0456662691773169
 207.7149171883561758 232.6101692766347335 248.0908057657176159   0.3530662691773169
 206.5546253421285189 233.1222850589273943 246.4788693734828254  -0.0361337308226831
 209.1435501456006426 234.9704372179023682 248.9563003350535462  -0.4121337308226831
 210.2036865067304513 235.7565632896136298 247.3764892870954093   0.0999662691773169
 207.8037343166504690 236.3877318183433071 249.6139250296581668   0.0999662691773169
 210.4493509041402056 234.4998954105559854 250.4794195989940971   0.0999662691773169
 209.6594453801611370 230.6524130018923141 247.2423187315870044  -0.4121337308226831
 211.0956372419412713 231.5500329155049248 246.0858063376272080   0.0999662691773169
 210.5287194017649012 229.7963670632259813 248.8939393726341694   0.0999662691773169
 208.7334795745397064 229.1992136049068879 246.1141522296360009   0.0999662691773169
 203.9090087546387557 227.9085306554386598 252.4466245044061143   0.5972662697260950
 205.0711903270003428 226.5857223616937782 253.9640745899448744  -0.5679337324690175
 201.4901593032195510 228.5491478148379615 252.7829957562440920  -0.4157337308226831
 200.6643489826959685 229.6621965077175764 251.4582977363653069   0.2718662691773169
 199.9368044211363037 223.5111379418039101 253.1911766011710979  -0.4157337308226831
 200.1900277230817520 224.4049784031486603 251.5187689726508072   0.2718662691773169
 200.1144386777248902 219.8091644454521716 250.4586326115209715  -0.0074337308226831
 198.3947878958565574 220.3647439288250140 249.4665263912123037   0.0366662691773169
 201.7074778086205122 220.7162329897343801 249.5288873536316804   0.0366662691773169
 204.4608087857437642 222.5492673396379923 253.9319492456682209   0.2718662691773169
 208.9375699970032094 221.5136974182491429 255.2906623359575898  -0.1102337308226831
 208.6049781974330655 223.4128721828399923 256.0200966236511849   0.0456662691773169
 210.5967495425860687 220.7521377862788674 256.2487534858556740   0.0456662691773169
 209.5158261939831075 221.6781035919002980 252.4428450521382538   0.3530662691773169
 207.9265665153553460 222.5341495305666306 251.4507388318296395  -0.0361337308226831
 211.8382996125723246 223.3429523158849213 252.0573409208183576  -0.4121337308226831
 212.3088414199187342 223.3750776601615748 250.0561209449957565   0.0999662691773169
 211.3923242449669280 225.2515757111453685 252.6866197234141314   0.0999662691773169
 213.4332284696018768 222.6021796713877983 253.1288156387516673   0.0999662691773169
 210.0903029386951721 219.1042965974995360 251.2523175877678736  -0.4121337308226831
 210.6987947538178203 219.3499609949093168 249.3021202175611753   0.0999662691773169
 211.5548406924841529 218.1310876385301169 252.3237923057012373   0.0999662691773169
 208.3763213352286032 217.9591225603432675 251.2164127912233596   0.0999662691773169
 210.0298317024096986 204.9483581282954387 250.3528079480213595  -0.5579337324690176
 211.7400338536084337 205.4982684332665438 250.0976949199420076   0.3991662691773168
 210.8272961309244612 209.8578666242228760 250.3811538400302062   0.1655662691773169
 242.5520184671944584 226.7746949750859194 247.7317578002725823   0.0135662691773169
 241.6487293751800837 228.1957690277946920 248.9222852646429623  -0.0425337308226831
 242.2534417380348715 227.2490162347001359 245.7513248119231070  -0.0425337308226831
 241.3709396334936491 224.2254544204261435 248.2741092007079931   0.8053662680797605
 239.5454641881257313 224.1536448273371421 249.7669928465057672  -0.8188337286275704
 243.7501048361005060 232.2832466554663535 245.6398309700217578  -0.5819337324690175
 245.3677104067370872 237.0075619902694832 242.2836773561776483  -0.4157337308226831
 245.3242467056569057 235.4712146433915009 243.4307411194678471   0.2718662691773169
 244.2527719877235421 236.7921332110024792 239.7438854321874701  -0.0024337308226831
 245.3658206806032107 237.9259688913552196 238.4305257691121861   0.0977662691773169
 244.3793836386962798 234.0425816861470341 238.8405963401730955  -0.0343337308226831
 243.2304301492721509 232.8633925785801820 240.0821464101593782   0.0294662691773169
 243.5573527704405309 233.9273083919778514 236.9527599323857739   0.0294662691773169
 247.0382283091235014 232.9900042295529197 238.7385511289413439   0.0117662691773169
 248.6010318218763731 233.4265309664887185 236.6333962157530880  -0.1256337308226831
 247.9112817829950992 234.5414693855022635 235.0687029768662860   0.1329662691773169
 247.9793119238162667 231.6123938779243017 240.7945731626476813  -0.1256337308226831
 246.8133508991868728 231.3572808498449498 242.4272965423556510   0.1329662691773169
 241.5277869026091368 237.7615627177040644 239.5832587108041488   0.5972662697260950
 240.8701622080045164 239.0711429285114880 237.7729010745075925  -0.5679337324690175
 239.9347477717135149 237.2343291263400421 241.4805437492610949  -0.4157337308226831
 240.5829238356485109 236.1477365993353168 242.9186253371751593   0.2718662691773169
 237.2116524127329862 237.8352620369269961 241.4087341561720936  -0.0024337308226831
 236.4122982580842932 236.9111859574394958 239.7495546105892341   0.0977662691773169
 235.8982927496577021 236.7430003315205070 243.7576637406362271  -0.0343337308226831
 236.8223688291452026 237.4724346192141290 245.4508583566296434   0.0294662691773169
 233.9462056533170735 237.4062942045268647 243.7973479894485480   0.0294662691773169
 235.8359317872383254 233.8762857863619757 243.8464808689305202   0.0117662691773169
 234.2674590960836627 232.5270213267422043 242.1759629665441062  -0.1256337308226831
 233.1260645111952281 233.5361350822561373 240.8342574114600290   0.1329662691773169
 234.1880905984589940 229.8719561085828433 242.2307650244278155  -0.1704337308226831
 233.0240192999635034 228.8533937223992857 240.8985081000133361   0.1429662691773169
 235.6223927341052247 228.5491478148379615 244.0260048516530371  -0.1072337308226831
 235.5619214978197246 226.5082435902030127 244.1148219799473302   0.1296662691773169
 237.1247250105725963 229.8946328221898991 245.7456556335213699  -0.1704337308226831
 238.1243901354169586 228.8817396144081056 247.1931858521050320   0.1429662691773169
 237.2796825535541539 232.5421391358135660 245.6303823393521601  -0.1256337308226831
 238.4550922088531724 233.5436939867918316 246.9569700853648755   0.1329662691773169
 236.6050503237442683 240.6698512378088739 241.1177163315482008   0.5972662697260950
 234.4564317094758040 241.3501526460205234 240.5451293129700666  -0.5679337324690175
 238.4777689224602281 242.3365896879274275 241.4238519652434551  -0.4157337308226831
 240.2030888827303249 241.6317218399747919 241.8320328101704342   0.2718662691773169
 238.2339942511843774 245.0785823082471515 241.1082677008786030  -0.0581337308226831
 236.3801729138076397 245.6379412438878275 241.7507745864118351   0.1359662691773169
 238.3700545328267128 245.9629741389222772 238.3360394624161290   0.5972662697260950
 237.2475572092775004 247.8904947955219735 237.6576277803384096  -0.5679337324690175
 239.6191635073486628 244.5532384430170594 236.6466242986905194  -0.4157337308226831
 240.4430841017383152 242.9167356110412292 237.2267702218043479   0.2718662691773169
 239.7098703617768864 245.1862966978806938 233.9291981181117817  -0.0581337308226831
 240.2333245008730751 247.1629502339623088 233.6967618036394588   0.1359662691773169
 241.7224286944030154 243.5705808533779891 232.6007206459651359  -0.0074337308226831
 241.1876361985032986 241.5844786866267498 232.7537884628127632   0.0366662691773169
 241.7394362296083072 244.0581301959296906 230.5995006701425349   0.0366662691773169
 244.3888322693658774 243.8427014166626598 233.5814885094702490   0.1867662691773169
 246.3012351168941852 242.0814766598480757 233.1581898554719085  -0.5432337308226830
 237.1436222719118187 244.8385870892391346 232.6120590027686638   0.5972662697260950
 236.5200126477178088 246.2407638806087386 230.8621726027575810  -0.5679337324690175
 235.6129441034356003 243.0244500006747713 233.4756638459706640  -0.4157337308226831
 236.2403331798974706 241.9284088430004216 234.9080762554829913   0.2718662691773169
 233.1619693077397421 242.4272965423556510 232.3342692610822294  -0.0252337308226831
 233.4378693232922464 241.8282533579026005 230.3802924386076703   0.0697662691773169
 232.2794672031985199 240.8777211125402105 233.3679494563371485   0.0697662691773169
 231.3686192066484778 244.6930781769272016 232.3512767962875212   0.5972662697260950
 230.8413856152844554 245.8193549527442745 230.3897410692772680  -0.5679337324690175
 230.5031246373125475 245.4810939747723666 234.5811536343146113  -0.4157337308226831
 231.0624835729532233 244.5853637872937129 236.1704133129423728   0.2718662691773169
 228.6644211090071713 247.5446749130143980 234.7984721397155456  -0.0275337308226831
 227.0543744429062573 247.0968098192750714 233.5947165924077073   0.1122662691773169
 227.6855429716359615 247.6788454685228032 237.5064496896247126  -0.0050337308226831
 226.4250956403104835 249.3002304914272450 237.6689661371419376   0.0338662691773169
 226.5422586606135966 245.9988789354667913 237.8522695721322881   0.0338662691773169
 229.6338506157087565 247.8451413683078618 239.5511333665274952  -0.1415337308226831
 230.5201321725178393 245.8571494754227190 240.8682724818706129  -0.1638337308226831
 229.9928985811537900 243.9334082710908833 240.5942621924520121   0.2061662691773169
 232.1188404818151984 246.6281577380625652 242.7428808067205031  -0.3418337308226830
 232.9200843625978217 245.4130638339511989 243.9863206028406624   0.3411662691773169
 229.6640862338515068 250.1165921812812030 233.9103008567725593   0.5972662697260950
 228.1730923141876362 251.6510498020252820 233.0032323124903511  -0.5679337324690175
 232.1434069215561847 250.5984723454311137 234.0444714122809644  -0.4157337308226831
 233.2980295893820775 249.2813332300879960 234.8041413181173096   0.2718662691773169
 233.6684159116306389 250.9669689415457986 228.7097745362212831  -0.4157337308226831
 234.5150132196273471 249.5005414616228873 229.6168430805034647   0.2718662691773169
 233.3188165768552030 250.8271292076356027 225.9413257500266426  -0.0389337308226831
 234.1370679928431183 252.5184340974951424 225.1041770726995320   0.1006662691773169
 234.6813091194124326 248.5462297639926638 224.7772544515311521   0.3653662691773169
 234.2825769051550513 248.5292222287873450 222.7552474882353986   0.0042662691773169
 237.5461339384370336 248.6652825104296804 225.1098462511012962  -0.2438337308226831
 238.3965106987016024 246.9588598114988058 224.3237201793900344   0.0641662691773169
 238.2831271306663230 250.3017853424055106 224.1026222217212664   0.0641662691773169
 238.0544702684618607 248.8183503272773343 227.0978381439864390   0.0641662691773169
 233.8233734546121697 246.2502125112783364 225.7882579331790154  -0.6761337291763486
 234.3506070459762188 246.1387186693769872 227.5381443331900984   0.4101662691773169
 230.5258013509196033 250.8044524940285470 225.1665380351189358   0.5972662697260950
 229.8284924075026617 252.1140327048359972 223.3712982078937412  -0.5679337324690175
 228.8892985189437999 249.5099900922924851 226.5951709923634026  -0.4157337308226831
 229.5998355452981727 248.3402496153952305 227.9406559997153133   0.2718662691773169
 226.1435264463562153 249.5496743411048597 226.1775415167667991  -0.0237337308226831
 225.7523531366345014 248.9185058123751555 224.2556900385688937   0.0879662691773169
 224.7621366424597637 247.7147502650673173 227.9519943565188412   0.0341662691773169
 225.3082674951630081 248.1021441225211437 229.8965225483238294   0.0240662691773169
 222.7325707746283428 248.0416728862356973 227.7989265396712410   0.0240662691773169
 225.2685832463506603 244.9217350391316906 227.3548408981997477   0.0017662691773169
 227.2509059608340660 244.5192233726064757 227.7214477681804489   0.0439662691773169
 224.1555345534710456 243.7897890849128806 228.6644211090071713   0.0439662691773169
 224.5807229336033434 243.8483705950643969 224.1612037318728096  -0.2737337308226831
 221.2566946640358607 244.5948124179633106 223.8399502891061935  -0.0536337308226831
 220.5707240774224471 243.8691575825375762 222.0371515573453315   0.0683662691773169
 220.2003377551738857 243.7198692179577826 225.3687387314485084   0.0683662691773169
 220.9883535530190239 246.6376063687321629 223.8853037163203053   0.0683662691773169
 225.0191393966730725 252.2028498331302905 226.4421031755157755   0.5972662697260950
 223.5186968463396043 252.9946450832432624 224.8490640446201534  -0.5679337324690175
 225.8071551945182375 253.6390416949104248 228.3715135582493752  -0.4157337308226831
 227.0071312895582153 252.8755923368062458 229.6621965077175764   0.2718662691773169
 225.0380366580122678 256.2733199255966601 228.6965464532838248  -0.0518337308226831
 222.9782351720381237 256.3300117096142999 228.7400101543640063   0.0921662691773169
 229.3371636126831266 256.2430843074539369 226.3306093336144264   0.2718662691773169
 232.1377377431544205 256.2052897847754926 222.4831269249507549  -0.0297337308226831
 227.4398785742261804 258.3879234694545406 220.9203234121978830   0.5972662697260950
 226.8276073068356986 255.9974199100441290 220.3685233810928744  -0.4157337308226831
 227.5400340593240285 254.5971328448085089 221.4759028955707252   0.2718662691773169
 225.1438613215118798 255.2887726098236595 218.2558095633688975  -0.0875337308226831
 225.9054209534821284 256.0711192292670875 216.5097026156256751   0.0968662691773169
 225.0096907660034481 252.3899327203884746 217.9610122864771978   0.2984662691773169
 224.6393044437548865 251.5414456862578630 219.8016055409164775  -0.0297337308226831
 222.9272125664222480 251.5244381510525443 216.1355368411092530  -0.3192337308226830
 223.0311475037879028 249.4816442002836920 215.8766443607620408   0.0790662691773169
 221.0715015029115799 251.9571854357205363 216.9141040082848205   0.0790662691773169
 223.1407516195553487 252.4617423134775028 214.3119511218752654   0.0790662691773169
 227.5343648809222646 251.3713703342049439 216.9651266139006962  -0.3192337308226830
 227.4512169310297085 249.3153483004985797 216.8668608549367785   0.0790662691773169
 227.9198690122421877 252.1329299661751925 215.0886285629168757   0.0790662691773169
 229.0631533232645526 251.8891552948993686 218.2425814804314661   0.0790662691773169
 222.5095830908256445 256.4358363731138581 218.5846219106712078   0.5972662697260950
 221.5760583806685464 257.7170706919124618 216.8857581162760006  -0.5679337324690175
 221.3436220661962238 256.1259212871507970 220.7974912134929791  -0.4157337308226831
 222.2015577309964867 255.0601157476192241 222.1486453992466807   0.2718662691773169
 218.8737500091611434 257.2370802538964814 221.3738576843389738  -0.0024337308226831
 217.4772423961933570 256.4641822651227048 220.0756158303350783   0.0977662691773169
 218.1424259953336448 256.4944178832654280 224.0818352342481140  -0.0343337308226831
 217.4942499313986488 254.5442205130587297 224.1120708523908642   0.0294662691773169
 219.8261719806574636 256.5832350115597214 225.2666935202167570   0.0294662691773169
 216.1506546501806416 258.1913919515267050 225.2459065327436046   0.0117662691773169
 213.6864517715473254 258.2839885320888589 224.2481311340331994  -0.1256337308226831
 213.1667770847189703 257.0745638063792834 222.6947762519499253   0.1329662691773169
 215.2549244627019612 258.4446152534721802 213.3595291503789452   0.0559662691773169
 214.9639066380780952 258.3293419593029706 215.3985436488799639  -0.0173337308226831
 213.4181106605305151 258.2083994867320237 212.4524606060967369  -0.0173337308226831
 216.9537882570971683 256.2355254029182158 212.5299393775875022   0.0135662691773169
 218.3238397041900652 255.8405726409286681 214.0114846665817750  -0.0425337308226831
 215.7727094233963859 254.5555588698622576 212.3409667641953878  -0.0425337308226831
 218.3219499780561617 256.7079569363985287 210.0222727978740044   0.8053662680797605
 216.9632368877667659 257.0575562711739647 208.1004213196760989  -0.8188337286275704
 220.6708795625202683 256.7079569363985287 209.9788090967938229  -0.8188337286275704
 202.9414689740710738 247.7752215013527638 209.0263871252975027  -0.5679337324690175
 202.6882456721256254 251.6831751463019355 214.3932093456338645  -0.5679337324690175
 199.6476763226463412 248.0360037078339065 217.7172376152013471   0.5972662697260950
 200.4413612988932702 248.0549009691731019 219.8998712998803953  -0.5679337324690175
 200.0955414163856681 246.1538364784483219 216.0958525922969052  -0.4157337308226831
 199.4076811036383511 246.3069042952959760 214.3213997525448632   0.2718662691773169
 201.5638586224424827 243.8918342961446320 216.7345800255623037  -0.0875337308226831
 200.7474969325884977 243.0225602745408412 218.4145465586182887   0.0968662691773169
 201.5676380747103433 241.9095115816612263 214.5991894942312976   0.2984662691773169
 202.7090326595987779 242.6124897034799050 213.0344962553444955  -0.0297337308226831
 202.6806867675899580 239.4037347280816319 215.5346039305222991  -0.3192337308226830
 202.7260401948040698 238.0336832809887351 214.0001463097782471   0.0790662691773169
 204.6214355071270856 239.6682963868306083 216.1733313637876975   0.0790662691773169
 201.5638586224424827 238.6478442745131472 217.0898485387395036   0.0790662691773169
 198.9276906656223439 241.3331451108152316 213.5692887512442121  -0.3192337308226830
 199.1166632790144583 239.9857703773293905 212.0272722259644658   0.0790662691773169
 197.7447221057876311 240.5224525993630108 215.0432751357027908   0.0790662691773169
 198.0451885610811215 243.0338986313443691 212.8266263806131590   0.0790662691773169
 204.3001820643604695 244.5683562520883942 217.3676382804259112   0.5972662697260950
 205.2223684177140397 243.7198692179577826 219.3140561983648028  -0.5679337324690175
 205.5209451468735998 246.2010796317963640 215.8653060039585127  -0.4157337308226831
 204.6346635900645170 246.8624837786687914 214.3138408480091689   0.2718662691773169
 208.1797898173007945 246.8946091229454987 216.2583690398141303  -0.0518337308226831
 209.3363022112605907 245.1806275194789031 216.2130156126000453   0.0921662691773169
 209.0660713741098505 248.7030770331081247 214.1569935788937080  -0.1102337308226831
 207.7621603417041909 250.2980058901376501 214.0814045335368729   0.0456662691773169
 210.9198927114866151 249.4400702253373872 214.6747785395881327   0.0456662691773169
 209.2682720704394232 247.5257776516752027 211.5057078130022075   0.3530662691773169
 207.4994884090891448 246.5998118460537721 211.0105995659148386  -0.0361337308226831
 209.7747186743303200 249.6422709216669599 209.5933049654738996  -0.4121337308226831
 209.9844782751955869 248.8448064931521971 207.7130274622222455   0.0999662691773169
 208.1930179002382528 250.9575203108761472 209.5989741438756638   0.0999662691773169
 211.5075975391361110 250.6362668681095580 210.0978618432308661   0.0999662691773169
 211.4206701369757479 245.6114850780129648 211.3110660212083023  -0.4121337308226831
 211.5586201447519867 244.8726021596497184 209.3967734475460910   0.0999662691773169
 213.2007921551295542 246.4939871825541603 211.8439687909740885   0.0999662691773169
 211.0767399806020759 244.0203356732512463 212.5790722570694744   0.0999662691773169
 208.6125371019687597 248.0832468611819484 218.8567424739558516   0.5972662697260950
 210.2150248635339794 247.2460981838548112 220.2929343357360126  -0.5679337324690175
 207.1253226345727228 249.9956497087102563 219.5521616912388897  -0.4157337308226831
 205.7703889965511876 250.5852442624937091 218.3465164177971209   0.2718662691773169
 207.3898842933216992 251.1861771730806362 222.0503796402827897  -0.0597337308226831
 209.3873248168764666 251.6132552793468375 222.3262796558352940   0.0868662691773169
 205.9158979088631206 253.7032923834637318 222.1807707435233342   0.1302662691773169
 206.1672314846746656 254.4554033847643827 224.0856146865159746   0.0186662691773169
 207.0875281118943053 255.6175849571259698 220.3250596800126662  -0.3204337308226831
 209.1284323365292541 255.6931740024828048 220.6009596955651705   0.0881662691773169
 206.6963548021726182 255.0601157476192241 218.3805314882077048   0.0881662691773169
 203.0510730898385194 253.3631416793579473 221.7158981145787155  -0.0430337308226831
 202.7392682777415011 252.7414217812978407 219.7770391011755181   0.0235662691773169
 202.3310874328145221 251.9080525562385639 222.9782351720381237   0.0235662691773169
 206.6925753499047576 249.3871578935876080 224.2235646942922133   0.5972662697260950
 207.7678295201059550 249.6271531125956250 226.2663586450610923  -0.5679337324690175
 204.9785937464381890 247.5711310788892608 223.8172735754991378  -0.4157337308226831
 204.2397108280749693 247.3727098348275488 222.0654974493541514   0.2718662691773169
 204.3889991926547629 245.6322720654860904 225.6956613526168884   0.0336662691773169
 203.9845977999956175 246.5544584188396604 227.4946806321099168   0.0822662691773169
 202.0155031684496700 244.2017493821076933 224.8736304843611397  -0.1825337308226831
 201.4145702578627160 242.9677582166571317 226.4080881051051917   0.0602662691773169
 200.5226195226518693 245.5377857587900063 224.4276551167557163   0.0602662691773169
 202.4066764781713572 243.0546856188174947 223.2087817603765162   0.0602662691773169
 206.6415527442888819 243.8464808689305202 226.1340778156866177   0.5972662697260950
 207.4975986829552147 243.6083753760564334 228.2751375254193876  -0.5679337324690175
 207.6790123918116617 242.7636677941936287 224.1026222217212664  -0.5163337308226830
 206.8758787848951351 243.1283849380403994 222.3961995227903650   0.2935662691773169
 210.0562878682845882 241.3161375756099398 224.0327023547661686   0.0396662691773169
 209.8521974458211121 239.5171182961169114 225.0096907660034481   0.1104662691773169
 210.6402132436662503 240.7492197354335695 221.2415768549644722   0.0559662691773169
 209.0849686354490727 239.6550683038931501 220.4403329741818758  -0.0173337308226831
 210.7158022890231121 242.5425698365248608 220.2419117301201368  -0.0173337308226831
 213.1195339313709551 239.3375943133943945 220.7407994294753662   0.0135662691773169
 214.5254901750083661 239.8421511911513610 222.1637632083180424  -0.0425337308226831
 212.7888318579347145 237.3042489932951132 220.8881980679212026  -0.0425337308226831
 214.1645524834294023 239.9971087341329186 218.1159698294587284   0.8053662680797605
 212.6659996592298374 240.0235649000078082 216.2791560272872825  -0.8188337286275704
 216.4794669974829250 240.4411943756044117 217.9742403694146292  -0.8188337286275704
 212.1897886734816908 242.7466602589883101 225.3819668143859398   0.5365662691773169
 213.3708675071824733 241.7734513000188910 227.1356326666648564  -0.5819337324690175
 212.5960797922747664 245.1447227229343889 224.7016654061742903  -0.4157337308226831
 211.6247605594392241 245.8401419402174001 223.1993331297068918   0.2718662691773169
 214.6691093611863688 246.6357166425982863 225.7523531366345014  -0.0014337308226831
 216.4114368566617573 245.6209337086825625 225.3951948973233980   0.0875662691773169
 214.8354052609714541 249.2303106244721472 224.4635599133002303  -0.0152337308226831
 213.0874085870942747 250.2507627367896081 224.8566229491558476   0.0294662691773169
 216.3679731555815759 250.2753291765305942 225.3630695530467445   0.0294662691773169
 215.3002778899160729 249.3134585743647032 221.6251912601504920  -0.0011337308226831
 216.0504991650827935 247.1327146158195317 220.2664781698611231  -0.1906337308226831
 216.2772663011533524 245.3582617760674896 221.1924439754825268   0.1698662691773169
 216.4114368566617573 247.1912961259711017 217.6435382959784154  -0.2341337308226831
 216.8687505810707088 245.4905426054419642 216.6703293370089698   0.1655662691773169
 216.0996320445647659 249.6743962659436671 216.2470306830106290   0.3225662691773169
 216.5323793292327311 249.8841558668089071 213.7261360203596731  -0.5579337324690176
 216.6495423495358441 251.6245936361503655 213.2291380471383739   0.3991662691773168
 215.2870498069786147 251.9534059834526759 217.7871574821564451  -0.2341337308226831
 214.9922525300869151 253.7373074538743157 216.9046553776152228   0.1655662691773169
 214.8977662233908310 251.6472703497574213 220.3949795469677640  -0.1906337308226831
 214.2703771469289875 253.2176327670460143 221.4815720739724893   0.1698662691773169
 214.4725778432585601 246.9645289899005429 228.6209574079269629   0.5972662697260950
 216.3566347987780480 246.6697317130088701 229.9588835107432064  -0.5679337324690175
 212.2219140177583444 247.5956975186302471 229.5828280100928808  -0.4157337308226831
 210.7252509196927099 247.7468756093439709 228.3923005457225006   0.2718662691773169
 211.8194023512331293 247.9887605544858645 232.2908055600020478  -0.0518337308226831
 213.4936997058873503 248.9128366339733648 233.0599240965079907   0.0921662691773169
 209.5063775633135100 249.7140805147559880 232.6763096913219709  -0.1102337308226831
 208.0569576185959175 249.2378695290078144 231.2892507090237822   0.0456662691773169
 208.7164720393344146 249.3247969311682311 234.5414693855022635   0.0456662691773169
 210.0940823909630325 252.5694567031109915 232.5685953016884556   0.3530662691773169
 211.2864995814673428 253.0456676888591649 234.1805316939232997  -0.0361337308226831
 211.4320084937792758 253.4916430564645615 230.1724225638763337  -0.4121337308226831
 211.6890112479925580 255.5344370072334674 230.2442321569653351   0.0999662691773169
 213.2896092834238473 252.6185895825929637 230.0250239254304706   0.0999662691773169
 210.3208495270335644 253.0059834400467903 228.5113532921595441   0.0999662691773169
 207.6223206077940220 254.0528917182391678 232.8104802468303760  -0.4121337308226831
 208.0229425481853337 256.0711192292670875 232.8652823047141123   0.0999662691773169
 206.4053369775487254 253.6352622426425641 231.2004335807294889   0.0999662691773169
 206.6623397317620344 253.5124300439376871 234.5490282900379310   0.0999662691773169
 211.6001941196982648 245.4981015099776853 233.7761303012641544   0.5972662697260950
 212.1293174371962174 245.5245576758525480 236.0400222097018015  -0.5679337324690175
 210.9860331261738525 243.3646007047805558 232.5610363971527881  -0.4157337308226831
 210.4644687132115941 243.4685356421462377 230.7147739643117177   0.2718662691773169
 211.2770509507977184 240.8304779591921686 233.6816439945680971  -0.0875337308226831
 210.3907693939886625 240.8191396023886674 235.5411345103465990   0.0968662691773169
 209.9221173127761831 238.7687867470840941 232.1207302079491287   0.2984662691773169
 210.3359673361049530 239.0371278581009042 230.1213999582604580  -0.0297337308226831
 210.7271406458266402 236.0778167323802458 232.8520542217766541  -0.3192337308226830
 209.6178714052148591 234.7134344636890861 231.7900281345129151   0.0790662691773169
 212.7113530864439492 235.7565632896136298 232.4079685803051609   0.0790662691773169
 210.4266741905331496 235.7660119202832276 234.8702817328045470   0.0790662691773169
 207.0554027676176518 238.9350826468691528 232.5289110528761346  -0.3192337308226830
 206.0954218915856641 237.5877079133833117 231.3005890658273101   0.0790662691773169
 206.5886404125391027 238.5174531712725760 234.4904467798863878   0.0790662691773169
 206.3769910855399055 240.8248087807904046 232.0753767807350170   0.0790662691773169
 214.0738456290011788 240.2503320360783669 234.1162810053699658   0.5972662697260950
 214.8694203313820111 239.9252991410438905 236.2819071548437219  -0.5679337324690175
 215.6083032497452308 240.2427731315426727 232.1112815772795311  -0.4157337308226831
 214.8391847132392879 240.5281217777647747 230.3689540818041424   0.2718662691773169
 218.2973835383151756 239.5284566529204393 232.2643493941271582  -0.0875337308226831
 218.4353335460914143 237.6821942200793688 233.1676384861415062   0.0968662691773169
 219.5162568946943755 239.4056244542155623 229.6168430805034647   0.2984662691773169
 219.3537404471771507 241.2594457915923000 228.7362307020961727  -0.0297337308226831
 222.3262796558352940 238.6743004403880368 229.6924321258603265  -0.3192337308226830
 223.0935084662073066 238.6327264654417589 227.7800292783320188   0.0790662691773169
 223.4128721828399923 240.0424621613470304 230.7790246528650518   0.0790662691773169
 222.5435981612362284 236.8166996507434385 230.5541472429284232   0.0790662691773169
 218.2236842190922439 237.4686551669462683 227.9009717509029655  -0.3192337308226830
 219.1024068713656325 237.5253469509639079 226.0395915089905336   0.0790662691773169
 218.4296643676896504 235.5845982114267804 228.7097745362212831   0.0790662691773169
 216.2319128739392407 237.9146305345516917 227.6874326977698650   0.0790662691773169
 219.7921569102468798 241.3898368948328712 233.9065214045047257   0.5972662697260950
 221.3511809707319179 240.6282772628625958 235.4523173820523056  -0.5679337324690175
 219.2573644143471630 243.8502603211983270 233.7269974217822089  -0.4157337308226831
 217.9723506432807257 244.4190678875086544 232.4174172109747586   0.2718662691773169
 220.4176562605748200 245.7418761812535092 235.3805077889633043  -0.0252337308226831
 222.4547810329419350 245.7551042641909674 235.0762618814019803   0.0697662691773169
 219.6579863547384747 247.5938077924963168 234.9005173509472970   0.0697662691773169
 219.9074302044160894 245.2448782080322101 238.1905305501041960   0.5972662697260950
 221.6573166044271724 245.3714898590049478 239.7193189924464840  -0.5679337324690175
 217.5679492506215805 244.5834740611597828 238.8840600412533037  -0.4157337308226831
 216.2092361603321847 244.3812733648302101 237.5461339384370336   0.2718662691773169
 216.9046553776152228 243.9919897812424532 241.4975512844663868   0.0336662691773169
 217.4696834916576627 245.5718008292005901 242.6937479272385309   0.0822662691773169
 214.0322716540549007 243.6726260646097407 241.7035314330637932  -0.1825337308226831
 213.5201558717622399 243.2663349458166649 243.6575082555383521   0.0602662691773169
 213.0930777654960387 245.4092843816833921 241.1120471531464368   0.0602662691773169
 213.3935442207895290 242.1249403609282571 240.5035553380238155   0.0602662691773169
 218.2954938121812453 241.6392807445104859 242.4669807911679720   0.5972662697260950
 219.3027178415612750 241.6846341717245979 244.5626870736866571  -0.5679337324690175
 218.4239951892878862 239.6191635073486628 240.9533101578970724  -0.4157337308226831
 217.6227513085052900 239.7023114572411922 239.2072032101538232   0.2718662691773169
 219.6334199149974886 237.2437777570096397 241.7469951341440015  -0.0389337308226831
 218.7679253456615582 236.6371756680209218 243.5138890693603495   0.1006662691773169
 219.2101212609991480 235.0894899643394116 239.8402614650174577   0.3653662691773169
 219.9263274657552849 233.3509419211318567 240.6811895946124018   0.0042662691773169
 216.4208854873313819 234.7077652852873221 239.1920854010824616  -0.2438337308226831
 215.8237320290122616 232.8671720308480156 239.8818354399637088   0.0641662691773169
 215.2454758320323634 236.1515160516031507 240.0594696965523222   0.0641662691773169
 216.1090806752343634 234.8079207703851434 237.1568503548492769   0.0641662691773169
 220.5026939366012795 235.4504276559183755 237.5555825691066582  -0.6761337291763486
 220.1852199461024971 233.9991179850668527 236.5105640170482110   0.4101662691773169
 222.4245454147991850 237.6595175064723131 242.2780081777758576   0.5972662697260950
 223.3202756022778653 237.0000030857338160 244.3151329501429727  -0.5679337324690175
 223.7738098744189562 238.9067367548603597 240.5583573959075248  -0.4157337308226831
 222.9366611970918457 239.2865717077785189 238.8689422321819154   0.2718662691773169
 226.4685593413906649 239.3716093838049784 240.8531546727992244  -0.0014337308226831
 227.3453922675301233 237.6009359963207699 241.4446389527165807   0.0875662691773169
 227.5910566649399042 240.0311238045435025 238.2547812386575030  -0.0152337308226831
 226.3684038562928439 241.3596012766901212 237.2588955660810282   0.0294662691773169
 229.4222012887095861 240.9117361829507943 238.4966661837994235   0.0294662691773169
 228.0559292938845231 237.6954223030168272 236.6655215600297416  -0.0011337308226831
 230.4634403885001997 236.5672558010658506 236.8053612939399106  -0.1906337308226831
 231.9071911548160282 237.4308606442678508 237.9259688913552196   0.1698662691773169
 230.9623280878554023 234.2655693699497592 235.5921571159624746  -0.2341337308226831
 232.7481192844109993 233.4133028835512603 235.7962475384259776   0.1655662691773169
 228.8722909837385079 232.9654377898119334 234.1276193621734937   0.3225662691773169
 229.1444115470231517 230.6297362882852581 233.1052775237221024  -0.5579337324690176
 227.5570415945293205 229.7245574701369800 233.4359795971583162   0.3991662691773168
 226.3419476904179543 234.2693488222175930 234.0180152464060749  -0.2341337308226831
 224.7848133560668195 233.4076337051494963 233.0750419055793524   0.1655662691773169
 226.0641579487315197 236.5842633362711158 235.2822420299993865  -0.1906337308226831
 224.2632489431045611 237.4497579056070730 235.2746831254636922   0.1698662691773169
 227.0562641690401877 241.2537766131905360 242.9790965734606596   0.5972662697260950
 228.9554389336310373 240.9060670045490304 244.2773384274645282  -0.5679337324690175
 225.4688942165463297 243.1737383652545111 243.4553075592087795  -0.4157337308226831
 223.9514441310075695 243.4439692024052514 242.3120232481864414   0.2718662691773169
 225.7788093025094178 244.7894542097572158 245.7135302892447163  -0.0875337308226831
 227.7119991375108511 245.4999912361116156 245.7456556335213699   0.0968662691773169
 223.9967975582216813 247.0968098192750714 245.6870741233697999   0.2984662691773169
 222.0787255322916097 246.4750899212149648 245.2543268387018077  -0.0297337308226831
 223.9457749526058056 248.5348914071891359 248.2079687860207558  -0.3192337308226830
 223.1445310718231823 247.3538125734883535 249.6932935272828624   0.0790662691773169
 224.8452845923523198 249.0167715713390465 243.6953027782167965  -0.3192337308226830
 223.5243660247413683 250.5946928931633069 243.6272726373956287   0.0790662691773169
 226.7331210001396413 249.7159702408899184 244.1337192412865256   0.0790662691773169
 224.8717407582272094 248.1248208361281997 241.8509300715096563   0.0790662691773169
 225.4443277768053436 243.2360993276739417 248.1267105622621300   0.5972662697260950
 226.9731162191476316 243.4931020818872238 249.8539202486661839  -0.5679337324690175
 223.5621605474197858 241.5542430684840264 248.2325352257617421  -0.4157337308226831
 222.3602947262458779 241.4087341561720936 246.7434310322317750   0.2718662691773169
 223.1785461422337662 239.8667176308923473 250.4057202797711386  -0.0597337308226831
 223.1048468230108345 241.0156711203164762 252.1178121571038040   0.0868662691773169
 220.6274158614400869 238.4532024827192420 250.1865120482363010   0.1302662691773169
 220.5064733888691132 237.6066051747225339 248.3119037233864377   0.0186662691773169
 220.3912000946999304 236.3215914036560697 252.1537169536483182  -0.3204337308226831
 218.5562760186623879 235.4050742287042637 252.0233258504077737   0.0881662691773169
 221.8330611348818286 234.8835098157420052 251.8456915938191335   0.0881662691773169
 220.6368644921096845 237.0831510356263452 254.0566711705070282   0.0881662691773169
 218.4145465586182887 240.3372594382387300 250.5172141216725416  -0.0430337308226831
 218.2539198372349940 240.8663827557366826 252.5033162884237541   0.0235662691773169
 218.7981609638043085 242.0587999462410199 249.4551880344087756   0.0235662691773169
 215.8615265516906791 239.3130278736534084 249.5969174944528481  -0.0660337308226831
 215.2435861058984331 237.7369962779631052 250.7685476974840328   0.0185662691773169
 214.4499011296515041 240.8078012455851395 249.7103010624881274   0.0185662691773169
 216.0183738208061400 238.6913079755933288 247.6372714935765519   0.0185662691773169
 225.4462175029392737 238.0922647911402782 250.7477607100109071   0.5972662697260950
 226.3627346778910799 237.8390414891948299 252.8491361709313294  -0.5679337324690175
 226.5158024947387070 236.9811058243945936 248.7446510080543760  -0.4157337308226831
 225.7013305310186523 237.1927551513937640 247.0212207739181826   0.2718662691773169
 228.7929224861138123 235.4050742287042637 249.0281099281425743  -0.0518337308226831
 228.4811176740167940 234.1219501837717297 250.6135901545025022   0.0921662691773169
 229.2464567582549031 233.7817994796659184 246.6640625346070794  -0.1102337308226831
 229.6962115781281603 235.0139009189825765 245.0748028559792911   0.0456662691773169
 230.8942979470342345 232.5988309198312056 247.0325591307217104   0.0456662691773169
 227.0222490986296038 232.0621486977975856 245.9062823549046375   0.3530662691773169
 225.5784983323137485 233.1789768429450341 244.9897651799528583  -0.0361337308226831
 227.9066409293047295 230.0930540662516381 243.9995486857781207  -0.4121337308226831
 226.2890353586681483 229.0007923608451490 243.3778287877180141   0.0999662691773169
 228.7192231668908808 231.0530349422836257 242.3668253060701509   0.0999662691773169
 229.3239355297456684 228.8628423530688835 244.8518151721765928   0.0999662691773169
 225.7769195763754875 230.6391849189548827 248.0926954918515462  -0.4121337308226831
 224.2689181215063251 229.4637752636558643 247.3443639428187557   0.0999662691773169
 227.1753169154772042 229.4826725249950596 249.0715736292227560   0.0999662691773169
 224.9397708990483771 231.9695521172354318 249.4230626901321220   0.0999662691773169
 231.1607493319171411 236.9300832187787180 249.7613236681040301   0.5972662697260950
 232.8331569604374318 235.9209694632647581 251.0217709994295081  -0.5679337324690175
 231.2760226260863240 239.3621607531353808 249.0885811644280746  -0.4157337308226831
 229.8870739176542048 240.0443518874809337 247.9604146624770714   0.2718662691773169
 224.4484421042288417 234.4923365060202913 257.0008644871563249  -0.5679337324690175
 220.4365535219140422 229.4070834796382246 257.2162932664233557   0.0341662691773169
 222.1977782787286260 229.7812492541546198 256.2090692370433530   0.0240662691773169
 219.7883774579790462 227.5362546070561681 256.6550446046487496   0.0240662691773169
 218.4580102596984701 231.3591705759788801 256.3980418504354674   0.0017662691773169
 219.1477602985797442 233.2394480792305076 256.8912603713889060   0.0439662691773169
 218.2879349076455778 231.2854712567559484 254.3476889951308942   0.0439662691773169
 215.3248443296570322 230.9698869923910965 257.7529754884569759  -0.2737337308226831
 214.3705326320268085 227.9614429871884658 256.4320569208460513  -0.0536337308226831
 212.4505708799628334 227.5305854286544041 257.0424384621025762   0.0683662691773169
 214.4215552376426842 228.0729368290898149 254.3779246132736174   0.0683662691773169
 215.6290902372183562 226.4647798891228313 257.0707843541114229   0.0683662691773169
 217.0293773024540033 215.7179073655126764 254.3892629700771453   0.1429662691773169
 238.1338387660865563 202.1496737239580751 243.5441246875030727   0.0284662691773169
 236.2157667401564845 204.0488484885489245 245.4754247963706295   0.0284662691773169
 239.1599600568058080 206.4053369775487254 242.5047753138464165   0.0686662691773169
 241.1441724974231172 203.3893340678104275 240.4600916369436070   0.4477662691773169
 234.4261960913330539 209.2078008341539497 246.8964988490793752  -0.5894337297251268
 231.4215315383982570 210.1224282829718256 249.8028976430502812  -0.4157337308226831
 229.5903869146285751 211.3167351996100662 248.1021441225211437  -0.0875337308226831
 230.3236006545900307 211.2864995814673428 246.1765131920553779   0.0968662691773169
 227.0449258122366598 209.9069995037048216 248.0700187782444902   0.2984662691773169
 225.9451052022944763 210.6326543391305829 246.4845385518845625  -0.0297337308226831
 227.4360991219583468 207.0761897550907774 247.6731762901210124  -0.3192337308226830
 225.6389695685992488 206.2239232686923053 247.1535016032927110   0.0790662691773169
 228.8004813906494797 206.7946205611365092 246.1765131920553779   0.0790662691773169
 228.1409669699109826 206.1729006630764296 249.3852681674536777   0.0790662691773169
 225.4688942165463297 210.2017967805965212 250.4624120637887784  -0.3192337308226830
 223.6717646631872048 209.2191391909574776 250.2432038322539406   0.0790662691773169
 225.0833900852263797 212.1935681257495245 250.8346881121712702   0.0790662691773169
 229.3485019694866547 214.0927428903404009 248.8693729328931833   0.5972662697260950
 230.4256458658217820 214.8769792359177053 250.7742168758858236  -0.5679337324690175
 227.9727813439919937 215.5950751668077725 247.3953865484346046  -0.4157337308226831
 226.9806751236833257 214.8372949871053575 245.9591946866544704   0.2718662691773169
 227.5438135115918623 218.2576992895028278 247.9963194590215856  -0.0014337308226831
 228.1636436835180384 218.5884013629390414 249.9257298417551584   0.0875662691773169
 229.1141759288804283 219.9792397975050909 246.2256460715373501  -0.0152337308226831
 228.8080402951851740 219.3934246959894985 244.2735589751967215   0.0294662691773169
 228.4848971262846545 221.9313268938457463 246.3938316974563390   0.0294662691773169
 231.9166397854856258 219.9584528100319652 246.8322481605260681  -0.0011337308226831
 232.6970966787951234 220.1852199461024971 249.3701503583823429  -0.1906337308226831
 231.3572808498449498 220.5480473638153913 250.8630340041801169   0.1698662691773169
 235.2255502459817469 219.7808185534433519 250.0296647791208401  -0.2341337308226831
 237.0321284300104695 219.3083870199630389 248.1456078236013253   0.3225662691773169
 236.3026941423168744 219.2932692108916772 245.5850289121380483  -0.2341337308226831
 237.7218784688917166 218.8813089136968377 244.1885212991702351   0.1655662691773169
 233.7402255047196402 219.5956253923190711 244.9217350391316906  -0.1906337308226831
 233.1714179384093398 219.4274397664000823 242.9715376689249385   0.1698662691773169
 224.7545777379240963 218.9361109715805470 248.1437180974674487   0.5972662697260950
 223.0972879184751671 217.3733074588276753 247.6826249207906638  -0.5679337324690175
 224.3331688100596590 221.2982686389821118 248.9071674555716276  -0.4157337308226831
 225.8619572524019470 222.3451769171744894 249.3380250141056357   0.2718662691773169
 221.8954220973012322 222.4037584273260593 249.4873133786854291   0.0336662691773169
 220.8711905327159108 221.1149652039917614 250.7307531748056421   0.0822662691773169
 222.4736782942811303 224.8339462355487919 250.9820867506171335  -0.1825337308226831
 220.7332405249396721 225.6918819003490279 251.6775059679001445   0.0602662691773169
 223.6320804143748570 224.3747427850059103 252.6280382132625614   0.0602662691773169
 223.4922406804646879 226.1718723383650352 249.8066770953181418   0.0602662691773169
 220.2494706346558310 222.7968214631816767 247.1062584499446689   0.5972662697260950
 220.3099418709413045 221.3171659003213342 245.3166878011212383  -0.5679337324690175
 218.7792637024650861 224.8490640446201534 247.0760228318019457  -0.4157337308226831
 218.9531185067858390 225.9980175340442823 248.5859140128049848   0.2718662691773169
 216.6778882415446641 225.4707839426802332 245.3412542408622244  -0.0875337308226831
 215.1226436333274596 224.1914393500155598 245.7702220732623560   0.0968662691773169
 215.8482984687532209 228.2278943720713455 245.8873850935654422   0.2984662691773169
 214.0171538449835389 228.5170224705613080 244.9954343583545954  -0.0297337308226831
 215.5950751668077725 228.8061505690512437 248.7276434728491108  -0.3192337308226830
 214.7824929292216482 230.6807588939011340 248.9808667747945325   0.0790662691773169
 214.3591942752232806 227.4228710390208886 249.6139250296581668   0.0790662691773169
 217.4243300644435510 228.8080402951851740 249.6725065398097367   0.0790662691773169
 217.6888917231925274 230.2121068126886547 244.8234692801677997  -0.3192337308226830
 217.0218183979183359 232.1056123988777670 245.2921213613802522   0.0790662691773169
 219.5729486787120151 229.9532143323414691 245.6133748041468951   0.0790662691773169
 217.7890472082903484 230.0703773526445823 242.7731164248632265   0.0790662691773169
 217.1635478579624352 225.2156709146008812 242.4877677786410976   0.5972662697260950
 215.3720874830050743 225.4481072290732040 241.0459067384591994  -0.5679337324690175
 219.4803520981498883 224.6846578709689982 241.6373910183765558  -0.3479337308226831
 220.7767042260198535 224.2783667521759495 242.9772068473267294   0.2746662691773169
 220.2041172074417193 224.2367927772296716 238.9861052524850285  -0.2637337308226831
 220.0982925439421341 225.9980175340442823 237.9316380697569837   0.1559662691773169
 222.9120947573508594 223.2314584739835722 238.8349271617713315  -0.0007337308226831
 223.0727214787341810 221.4683439910350311 239.8893943444994031   0.0326662691773169
 223.2616940921262954 222.8194981767887326 236.8469352688861887   0.0326662691773169
 224.8868585672985710 225.1192948817708937 239.8251436559460692   0.0389662691773169
 224.5297003279874677 226.9768956714154921 238.9993333354224867   0.0284662691773169
 224.7167832152456788 225.2553551634132290 241.8736067851167123   0.0284662691773169
 227.5891669388059741 224.2953742873812147 239.1599600568058080   0.0485662691773169
 228.9100855064169254 225.7051099832864861 239.8818354399637088   0.0686662691773169
 227.9897888791972857 222.4944652817542828 240.0783669578915175   0.0686662691773169
 227.8518388714210202 224.1120708523908642 236.3971804490129315  -0.5295337308226830
 227.1242943098613285 225.6049544981886649 235.4201920377756252   0.3455662691773169
 228.1050621733664685 222.0295926528096373 235.0479159893931603   0.8075662702748732
 228.8571731746671194 219.8753048601394090 235.9871098779520223  -0.8627337302739049
 229.3881862182990025 219.7978260886486437 237.8031366926503426   0.4477662691773169
 229.0026820869790792 218.3465164177971209 234.8702817328045470   0.4477662691773169
 227.5079087150473482 222.0938433413629712 232.6744199651880676  -0.8627337302739049
 226.8238278545678648 223.7265667210709409 231.9601034865658342   0.4477662691773169
 227.3397230891283594 220.4819069491281539 231.6842034710133299   0.4477662691773169
 218.4466719028949422 222.3602947262458779 237.6481791496687852   0.7340662675309825
 217.3071670441404379 222.9253228402883176 235.7168790408012820  -0.5894337297251268
 217.9931376307538514 220.1814404938346635 238.8273682572356641  -0.4157337308226831
 218.8926472705003656 219.8488486942645194 240.4752094460149955   0.2718662691773169
 216.2356923262071011 218.2784862769759534 237.8314825846591625  -0.0014337308226831
 216.6911163244821223 217.9647917387450315 235.8453804179079230   0.0875662691773169
 216.6060786484556627 215.7670402449946218 239.2582258157696989  -0.0152337308226831
 216.6495423495358441 216.1336471149753497 241.2877916836011199   0.0294662691773169
 214.9544580074084706 214.5878511374277697 238.9067367548603597   0.0294662691773169
 218.9323315193127134 214.2306928981166396 238.5212326235404098  -0.0011337308226831
 218.6035191720104299 212.1198688065265928 236.9092962313055923  -0.1906337308226831
 216.7553670130354293 211.6625550821176684 236.2327742753617764   0.1698662691773169
 220.6500925750471427 210.5797420073807769 236.1930900265494286  -0.2341337308226831
 220.3930898208338337 208.9772542458155572 235.0006728360451183   0.1655662691773169
 223.2824810795994479 211.2354769758514672 237.1322839151082906   0.3225662691773169
 225.3139366735647721 209.8333001844818899 236.4141879842182236  -0.5579337324690176
 226.9353216964692139 210.5343885801666651 236.9281934926447876   0.3991662691773168
 223.5262557508752718 213.5125969672265724 238.8708319583158455  -0.2341337308226831
 225.3290544826361606 214.0190435711174693 239.6097148766790652   0.1655662691773169
 221.3322837093926957 214.8883175927212332 239.5057799393133835  -0.1906337308226831
 221.4891309785081566 216.4473416532062715 240.7775656274423894   0.1698662691773169
 213.4275592912001129 219.1080760497673964 237.8881743686768021   0.5972662697260950
 211.8553071477776166 217.8608568013793766 236.7108749872438535  -0.5679337324690175
 212.7699345965955191 221.1678775357415674 239.2090929362877536  -0.4157337308226831
 214.1721113879650695 222.1826604696572645 240.0178957216060443   0.2718662691773169
 210.2603782907480912 222.3697433569154755 239.1467319738683498  -0.0237337308226831
 208.8411939641732219 220.9618973871441343 238.6743004403880368   0.0879662691773169
 209.5555104427954553 223.4506667055184366 241.7545540386796689   0.0341662691773169
 210.9142235330848511 224.8981969241020989 242.2855670823115250   0.0240662691773169
 207.7338144496953712 224.3879708679433685 241.6147143047694998   0.0240662691773169
 209.4288987918227445 221.5023590614456148 243.8993932006802994   0.0017662691773169
 211.1391009430214797 220.3552952981554162 243.9050623790820365   0.0439662691773169
 209.4043323520817584 222.5643851487093538 245.6662871358966743   0.0439662691773169
 206.6831267192351600 219.4349986709357764 243.9901000551085229  -0.2737337308226831
 207.3426411399736839 217.1711067624981025 241.5107793674038450  -0.0536337308226831
 206.4393520479593093 215.3815361136746718 241.9775417224823940   0.0683662691773169
 206.5905301386730062 217.8495184445758487 239.7193189924464840   0.0683662691773169
 209.3722070078051049 216.8914272946777646 241.3463731937526898   0.0683662691773169
 210.0562878682845882 224.4219859383539522 237.1058277492334010   0.5972662697260950
 208.1873487218364888 224.4503318303627721 235.7187687669351855  -0.5679337324690175
 211.9346756454023120 226.1000627452760338 236.8544941734218562  -0.5163337308226830
 213.4615743616106968 225.9715613681693658 238.0072271151138187   0.2935662691773169
 210.1658919840520339 229.0083512653808431 234.8835098157420052   0.1104662691773169
 212.0915229145177731 226.7765847012198229 232.2265548714487139   0.5365662691773169
 210.5476166631041233 227.4360991219583468 230.6183979314817303  -0.5819337324690175
 213.6448777966010472 224.8018208912721113 231.8977425241464304  -0.4157337308226831
 214.9525682812745673 224.4389934735592442 233.2545658883018959   0.2718662691773169
 213.9547928825641354 223.5092482156699798 229.4732238943254620  -0.0275337308226831
 214.7995004644269401 224.8207181526113337 228.1258491608395941   0.1122662691773169
 215.6120827020130644 221.1376419175988173 229.8984122744577329  -0.0050337308226831
 215.0848491106490419 220.2626987175932892 231.6898726494150939   0.0338662691773169
 215.1075258242560979 219.7921569102468798 228.4225361638652509   0.0338662691773169
 218.4466719028949422 221.2793713776429165 229.7718006234850221  -0.1415337308226831
 219.8450692419966858 223.2768119011976839 229.0215793483182745  -0.1638337308226831
 219.1099657759012999 225.1438613215118798 228.6285163124626571   0.2061662691773169
 222.3149412990317661 222.5265906260309363 228.6455238476679492  -0.3418337308226830
 223.6453084973123152 223.6755441154550652 227.8839642156976737   0.3411662691773169
 222.6739892644767996 220.0302624031209666 229.2653540195941252   0.1379662691773169
 224.7715852731293881 218.4050979279486909 229.1103964766125679  -0.2601337308226830
 226.4704490675245952 219.0098102908034787 228.2071073845982200   0.1571662691773169
 224.5920612904068714 215.9560128583867364 230.1270691366622220  -0.1134337308226831
 226.1662031599632712 214.6955655270612584 230.0439211867696659   0.1416662691773169
 222.3357282865048916 215.1585484298719736 231.2798020783541845  -0.1972337308226831
 222.2336830752731402 213.3141757231648334 232.0904945898063787   0.1446662691773169
 220.1984480290399553 216.7459183823658316 231.3364938623718243  -0.2387337308226831
 218.5052534130465122 216.1166395797700577 232.2189959669130465   0.1699662691773169
 220.2815959789324846 219.2535849620793294 230.2291143478939465   0.1242662691773169
 211.4225598631096514 222.6456433724679797 228.3526162969101529   0.5972662697260950
 211.1069755987447993 222.6607611815393414 226.0490401396601580  -0.5679337324690175
 209.5989741438756638 221.9199885370422184 229.9475451539397051  -0.4157337308226831
 209.9277864911779471 222.1184097811039575 231.8183740265217348   0.2718662691773169
 207.0724103028229438 221.2132309629556791 229.1085067504786644   0.0336662691773169
 207.2594931900811547 219.8072747193182415 227.6156231046808637   0.0822662691773169
 205.6570054285159082 219.9849089759068548 231.3194863271665323  -0.1825337308226831
 203.8050738172731008 219.3424020903736228 230.6864280723028980   0.0602662691773169
 206.7228109680475078 218.3673034052702734 232.0224644489852378   0.0602662691773169
 205.4056718527043902 221.3398426139283900 232.8539439479105843   0.0602662691773169
 205.6343287149088524 223.4620050623219647 227.9633327133223693   0.5972662697260950
 204.8179670250548943 223.3032680670725735 225.7882579331790154  -0.5679337324690175
 205.3244136289457911 225.5444832619031646 229.3636197785580162  -0.4157337308226831
 206.2768356004420845 225.6767640912776662 231.0209095980069722   0.2718662691773169
 203.9524724557189639 227.7819190044659490 228.4263156161330845  -0.0875337308226831
 202.1383353671545470 227.1242943098613285 227.7119991375108511   0.0968662691773169
 203.3005169395161073 229.6546376031819090 230.5692650519997849   0.2984662691773169
 202.1496737239580751 228.6417443954001153 231.9468754036283760  -0.0297337308226831
 205.5984239183643651 230.7015458813742595 231.9714418433693621  -0.3192337308226830
 204.9937115555095505 232.0715973284671833 233.3830672654085371   0.0790662691773169
 206.5584047943963527 229.1633088083623739 232.9370918978031137   0.0790662691773169
 206.8796582371629687 231.6218425085939261 230.6543027280262444   0.0790662691773169
 201.7150367131561796 231.8731760844054443 229.5979458191642694  -0.3192337308226830
 201.0819784582925721 233.0277987522313372 231.1853157716581005   0.0790662691773169
 202.8243059537679607 233.0523651919722964 228.3223806787674028   0.0790662691773169
 200.0596366198411807 231.1550801535153771 228.6039498727216710   0.0790662691773169
 205.3168547244100968 228.9800053733720234 226.1662031599632712   0.5972662697260950
 204.0885327373612723 229.5242464999413377 224.2632489431045611  -0.5679337324690175
 207.8283007563914283 229.1085067504786644 226.2172257655791469  -0.4157337308226831
 208.7448179313432345 228.6152882295251989 227.8348313362157281   0.2718662691773169
 208.7334795745397064 231.9997877353781820 223.6906619245264269   0.0863662691773169
 209.0830789093151424 228.5453683625701279 221.7140083884447852   0.5972662697260950
 208.5823014838260095 229.5866074623607413 219.6901116990151284  -0.5679337324690175
 209.2285878216270754 226.0244736999191719 221.8765248359620368  -0.4157337308226831
 209.6632248324289708 225.2251195452704789 223.5678297258215499   0.2718662691773169
 208.7807227278877485 224.3860811418094382 219.6995603296847528   0.0336662691773169
 210.0373906069453929 224.9794551478607247 218.1764410657442019   0.0822662691773169
 209.4251193395548840 221.6610960566950060 220.4460021525836397  -0.1825337308226831
 209.0981967183865309 220.3968692731016944 218.8567424739558516   0.0602662691773169
 211.4093317801722200 221.5325946795883650 220.9959124575547182   0.0602662691773169
 208.2459302319880319 221.0582734199741217 222.0277029266757338   0.0602662691773169
 206.0538479166393862 224.5939510165407747 218.6998952048403905   0.5972662697260950
 205.6532259762480745 224.4257653906217860 216.4095471305278540  -0.5679337324690175
 204.1584526043163704 224.9926832307981829 220.3382877629501244  -0.4157337308226831
 204.5685231753772796 225.0626030977532541 222.2147858139339181   0.2718662691773169
 201.5506305395050513 225.4783428472159272 219.4671240152124301  -0.0389337308226831
 201.0763092798908080 224.0289229024983348 218.0876239374499087   0.1006662691773169
 199.4964982319326443 225.3044880428951745 221.5212563227848371   0.3653662691773169
 197.6955892263056857 225.6710949128759023 220.5839521603598784   0.0042662691773169
 199.2451646561211261 222.6872173474142310 222.7061146087534532  -0.2438337308226831
 197.8940104703674246 222.7590269405032592 224.2594694908367273   0.0641662691773169
 198.5497454388380880 221.3719679582050435 221.2888200083125143   0.0641662691773169
 201.0536325662837522 222.0258132005418036 223.4090927305721587   0.0641662691773169
 199.6873605714586890 227.1224045837274251 223.4506667055184366  -0.6761337291763486
 201.4051216271930915 227.7516833863231989 223.5810578087589813   0.4101662691773169
 201.2992969636935063 228.0049066882686472 218.0914033897177691   0.5972662697260950
 199.9670400392790269 228.1012827210986349 216.1808902683233648  -0.5679337324690175
 202.6202155313044577 229.9796704982163587 218.9663465897232972  -0.4157337308226831
 203.6841313447021271 229.7453444576101056 220.5499370899492946   0.2718662691773169
 202.7317093732058337 232.4571014597871064 217.7455835072101670  -0.0252337308226831
 200.8382037870167214 233.2621247928375633 217.6378691175766515   0.0697662691773169
 203.9316854682458114 233.7118796127108205 218.8548527478219481   0.0697662691773169
 203.8145224479426984 232.2775774770645896 215.0791799322472780   0.5972662697260950
 202.5219497723405668 232.9900042295529197 213.2763812004864160  -0.5679337324690175
 206.0443992859697884 231.1040575478995014 214.8127285473643983  -0.4157337308226831
 206.9987109836000121 230.6127287530799663 216.4038779521260899   0.2718662691773169
 207.2330370242062383 230.6429643712227164 212.3485256687310819  -0.0518337308226831
 207.6355486907314802 232.4514322813853425 211.4395673983149433   0.0921662691773169
 209.7482625084554304 229.2181108662460832 212.7208017171135469  -0.1102337308226831
 209.3419713896623548 227.4228710390208886 213.6486572488689077   0.0456662691773169
 210.5287194017649012 228.7985916645155762 210.8575317490672115   0.0456662691773169
 211.7721591978850872 230.6221773837495909 214.2741565991968211   0.3530662691773169
 211.0105995659148386 231.1890952239259610 216.0901834138951413  -0.0361337308226831
 214.0001463097782471 228.8458348178635915 214.7465881326771340  -0.4121337308226831
 215.4552354328976035 229.8417204904400931 215.8048347676730395   0.0999662691773169
 213.3651983287807093 227.2225600688252463 215.8407395642175534   0.0999662691773169
 214.7579264894806619 228.2033279323303862 212.9418996747823417   0.0999662691773169
 212.7585962397919912 232.9843350511511557 212.9607969361215639  -0.4121337308226831
 214.2344723503844733 233.8857344170315732 214.0795148074029427   0.0999662691773169
 213.4559051832089328 232.5156829699386764 211.0956372419412713   0.0999662691773169
 211.2165797145122450 234.3147022494317048 212.7302503477831713   0.0999662691773169
 205.5077170639361416 229.1746471651659018 210.5570652937737209   0.5972662697260950
 205.0258368997862308 230.0136855686269425 208.4481309283176046  -0.5679337324690175
 204.4948238561543479 227.0071312895582153 211.3847653404312338  -0.4157337308226831
 204.9370197714919108 226.4005292005694974 213.1478798233797750   0.2718662691773169
 202.9112333559283506 225.4348791461357458 209.7350344255179722  -0.0597337308226831
 203.9921567045312849 225.0342572057444342 208.0286117265870976   0.0868662691773169
 202.2498292090558961 222.8969769482794979 211.0294968272540339   0.1302662691773169
 201.5884250621834688 223.3202756022778653 212.9381202225145081   0.0186662691773169
 200.0993208686535285 221.4664542649011008 209.6859015460360266  -0.3204337308226831
 199.8423181144402195 219.6126329275243629 210.5476166631041233   0.0881662691773169
 198.3305372073032235 222.5076933646917142 209.8578666242228760   0.0881662691773169
 200.5282887010536332 221.2396871288305687 207.6827918440794953   0.0881662691773169
 204.5987587935200298 221.1678775357415674 211.2751612246638149  -0.0430337308226831
 206.1256575097283875 222.2336830752731402 212.1482146985354127   0.0235662691773169
 204.1319964384414808 219.6145226536582932 212.5469469127927940   0.0235662691773169
 205.6362184410427825 220.0283726769870363 208.8109583460304987  -0.0660337308226831
 206.1540034017372072 221.5174768705169765 207.4862603261516866   0.0185662691773169
 207.3199644263666282 218.9191034363752552 209.2380364522966999   0.0185662691773169
 204.2434902803428299 218.7849328808668501 207.9435740505606381   0.0185662691773169
 200.5830907589373696 226.9031963521925604 208.8619809516463744   0.5972662697260950
 199.9916064790200132 226.8181586761661009 206.6150965784139923  -0.5679337324690175
 199.2848489049334470 228.2656888947497900 210.5551755676398176  -0.4157337308226831
 199.9311352427345398 228.3809621889189728 212.3598640255346099   0.2718662691773169
 197.0984357679865654 229.7963670632259813 209.8219618276783621  -0.0275337308226831
 195.7472815822328637 230.8583931504897474 212.1538838769371767  -0.0050337308226831
 195.2521733351454950 229.2993690900047091 213.4086620298608907   0.0338662691773169
 197.0436337101028559 232.0942740420742391 213.1762257153885947   0.0338662691773169
 196.8584405489785751 236.6315064896191579 210.7082433844874178   0.1699662691773169
 197.8089727943409650 231.9053014286820979 207.9700302164355277   0.5972662697260950
 199.9783783960825550 233.1468514986683806 208.3196295512109634  -0.4157337308226831
 201.0706401014890440 232.6914275003933594 209.8351899106158203   0.2718662691773169
 200.9402489982484727 235.0876002382055081 206.5999787693426308  -0.0518337308226831
 199.4927187796647838 236.5370201829231006 206.3713219071381416   0.0921662691773169
 203.2665018691055236 236.3008044161829441 207.8679850052037761  -0.1102337308226831
 202.6844662198577916 236.8715017086271480 209.7596008652589583   0.0456662691773169
 204.7385985274301987 234.8778406373402412 208.1004213196760989   0.0456662691773169
 204.4456909766724025 238.6327264654417589 206.5867506864051726   0.3530662691773169
 202.9887121274191158 240.0594696965523222 206.2825047788438484  -0.0361337308226831
 206.4261239650218779 239.7212087185804143 208.3819905136303672  -0.4121337308226831
 207.2613829162150582 241.4351903220469832 207.6317692384636196   0.0999662691773169
 205.5757472047573093 240.1539560032483795 210.2055762328643817   0.0999662691773169
 207.9227870630875124 238.3341497362821986 208.6654494337185657   0.0999662691773169
 205.7458225568102284 238.0563599945957911 204.0677457498881467  -0.4121337308226831
 207.0780794812247077 239.5416847358578975 203.5896450380060698   0.0999662691773169
 206.8097383702078709 236.2989146900490138 204.2227032928696774   0.0999662691773169
 204.3606533006459430 237.8919538209446359 202.5616340211529146   0.0999662691773169
 201.4807106725499534 233.9764412714597967 203.9770388954599232   0.5972662697260950
 202.9924915796869495 231.9676623911015015 203.8579861490228798  -0.5163337308226830
 203.8012943650052402 231.3723986589163115 205.5020478855343776   0.2935662691773169
 203.8523169706211158 230.8035910926060111 201.5033873861570092   0.0380662691773169
 204.8179670250548943 232.2360035021183385 200.3846695148756306   0.0879662691773169
 205.7307047477388398 228.6606416567393107 202.0665257740655457  -0.0303337308226831
 204.7952903114478385 227.2206703426913160 203.2098100850879106  -0.0122337308226831
 206.2843945049777787 227.7894779090016164 200.2807345775099489  -0.0122337308226831
 208.1230980332831547 229.5091286908699492 203.4290183166227753   0.7993662680797605
 209.3495302941980491 227.8480594191531863 204.5723026276451134  -0.8014337297251267
 208.8222967028340266 231.7541233379684009 203.1682361101416327  -0.8014337297251267
 196.2272720202488709 211.1428803952893133 211.8364098864384213   0.0822662691773169
 198.2454995312767640 214.9242223892657474 209.9806988229277531   0.0602662691773169
 195.5772062301799715 214.1891189231703615 214.4026579763034620   0.5972662697260950
 197.2609522155037902 213.4559051832089328 215.8256217551461649  -0.5679337324690175
 195.8474370673307118 218.0309321534322689 217.8136136480313347   0.0868662691773169
 192.3646718025138380 221.1414213698666510 219.8979815737464650  -0.3204337308226831
 194.2940821852474376 221.8273919564800646 220.1001822700760376   0.0881662691773169
 195.0083986638696710 222.3395077387727254 214.6407634691775489  -0.0660337308226831
 196.3671117541590400 220.8239473793678956 214.3308483832144607   0.0185662691773169
 194.9554863321198650 223.5338146554109660 212.9626866622554674   0.0185662691773169
 195.6187802051262227 223.4922406804646879 216.2356923262071011   0.0185662691773169
 194.6417917938889433 215.6083032497452308 221.6894419487038259  -0.5679337324690175
 193.9917260038200438 209.3759864600729385 223.8739653595167774  -0.5679337324690175
 196.6600193049168361 207.3426411399736839 219.8280617067913939  -0.0275337308226831
 196.2008158543739814 205.9782588712825242 221.3039378173838760   0.1122662691773169
 196.7563953377468237 205.8913314691221614 217.3241745793457297  -0.0050337308226831
 196.7563953377468237 207.2273678458044743 215.7575916143250242   0.0338662691773169
 198.5346276297667265 204.8500923693315478 217.2504752601227981   0.0338662691773169
 197.9261358146440781 195.6017726699209309 216.5607252212415510   0.1446662691773169
 196.8130871217644634 199.5248441239414642 216.7326902994283734  -0.2387337308226831
 198.7179310647570770 200.2297119718940730 216.9065451037491263   0.1699662691773169
 199.2376057515854320 208.4481309283176046 220.5593857206189192   0.5972662697260950
 200.7493866587224280 207.0856383857603750 221.6818830441681316  -0.5679337324690175
 199.7402729032084682 210.8726495581385730 220.0302624031209666  -0.4157337308226831
 198.4760461196151565 211.8874324920542970 219.0079205646695754   0.2718662691773169
 202.1421148194223808 212.0726256531785778 220.7653658692163256  -0.0389337308226831
 203.6463368220237096 210.8386344877279893 220.1341973404866214   0.1006662691773169
 202.5956490915634985 214.6029689464991314 219.4066527789269567   0.3653662691773169
 202.3103004453413964 214.3251792048126968 217.3846458156312032   0.0042662691773169
 200.9723743425251263 216.8158382493209028 220.2759268005307206  -0.2438337308226831
 201.2766202500864505 218.4202157370200526 219.0230383737409369   0.0641662691773169
 198.9976105325774417 216.2810457534211860 220.1927788506381914   0.0641662691773169
 201.4655928634785917 217.3657485542920079 222.1996680048625564   0.0641662691773169
 205.1033156712769963 215.3456313171301847 219.8091644454521716  -0.6761337291763486
 205.3376417118832225 217.0237081240522393 219.1553192031154117   0.4101662691773169
 202.4312429179123433 212.2294729222940386 223.6358598666427174   0.5972662697260950
 204.2718361723516496 211.2713817723959545 224.6808784187011646  -0.5679337324690175
 200.5037222613126740 213.1686668108529004 224.9832346001285585  -0.4157337308226831
 198.9957208064435114 213.8999908246804259 224.0704968774445861   0.2718662691773169
 200.5755318544016753 213.2631531175489577 227.7649114692606571  -0.0875337308226831
 202.3273079805466616 214.2023470061078197 228.3091525958299714   0.0968662691773169
 198.3947878958565574 214.8354052609714541 228.8892985189437999   0.2984662691773169
 198.7538358613015909 215.0451648618366941 230.9075260299716928  -0.0297337308226831
 198.3191988504996956 217.4904704791307884 227.7252272204483093  -0.3192337308226830
 196.9888316522191464 218.6677698605637370 228.7683560463728262   0.0790662691773169
 200.1824688185460579 218.3616342268685095 227.8367210623496585   0.0790662691773169
 197.7277145705823393 217.4129917076400231 225.7523531366345014   0.0790662691773169
 195.7756274742416836 213.6335394397975193 228.5831628852485454  -0.3192337308226830
 195.3485493679754824 213.3557496981111116 226.5876120878277083   0.0790662691773169
 195.6868103459473905 211.8288509819027270 229.5677102010215191   0.0790662691773169
 200.6870256963030244 210.6080878993895968 228.9100855064169254   0.5972662697260950
 202.0192826207175038 210.2206940419357434 230.7676862960615237  -0.5679337324690175
 199.4492550785846022 208.7334795745397064 227.7441244817875046  -0.4157337308226831
 198.3910084435886970 209.1473295978684763 226.2115565871773830   0.2718662691773169
 199.6061023477000631 206.1086499745230955 228.5774937068467814   0.0336662691773169
 199.0165077939166370 206.0217225723627327 230.5522575167944929   0.0822662691773169
 197.7711782716625475 204.4929341300204178 227.0184696463617433  -0.1825337308226831
 197.7673988193946871 202.5673031995546785 227.7554628385910325   0.0602662691773169
 195.8663343286699071 205.2696115710620548 227.1526402018701483   0.0602662691773169
 198.3532139209102793 204.4475807028063060 225.0455955625479621   0.0602662691773169
 202.3310874328145221 205.0957567667413020 228.4603306865436684   0.5972662697260950
 203.2551635123020224 204.1017608202987305 230.3519465465988506  -0.5679337324690175
 203.6709032617646957 205.4226793879096820 226.3306093336144264  -0.4157337308226831
 202.8866669161873643 206.3391965628614880 224.8396154139505558   0.2718662691773169
 206.3014020401830706 204.5666334492433492 226.1662031599632712  -0.0014337308226831
 206.3278582060579601 202.6447819710454438 226.9050860783264639   0.0875662691773169
 207.2254781196705709 204.3946683710565269 223.4034235521703947  -0.0152337308226831
 208.4897049032638827 202.7902908833573768 223.3259447806796293   0.0294662691773169
 205.6267698103731850 203.9468032773172000 222.1883296480590285   0.0294662691773169
 208.7013542302630529 206.5905301386730062 222.2771467763533216  -0.0011337308226831
 207.5977541680530357 208.0021555607121812 220.3004932402717069  -0.1906337308226831
 205.7684992704172841 207.4787014216160194 219.6334199149974886   0.1698662691773169
 208.8336350596375545 210.1035310216326303 219.2309082484722736  -0.2341337308226831
 207.9624713118998602 211.2184694406461753 217.7984958389599730   0.1655662691773169
 211.4225598631096514 210.8329653093262252 220.2267939210487753   0.3225662691773169
 212.6867866467029899 212.8757592600951043 219.3253945551683307  -0.5579337324690176
 213.7922764350469104 213.5560606683067539 220.5952905171634065   0.3991662691773168
 212.5941900661408361 209.1378809671988787 222.2166755400678482  -0.2341337308226831
 214.4310038683122820 209.5309440030544961 222.9347714709579154   0.1655662691773169
 211.1882338225034251 207.0799692073586110 223.1313029888857241  -0.1906337308226831
 212.0140441430270076 205.8970006475239253 224.5429284109248990   0.1698662691773169
 208.0815240583368768 206.0765246302464420 227.8745155850280759   0.5972662697260950
 209.8578666242228760 204.9691451157685912 228.8779601621402718  -0.5679337324690175
 207.5958644419191324 208.5180507952727024 228.3072628696960411  -0.4157337308226831
 206.2050260073530831 209.3778761862068688 227.3038182925838720   0.2718662691773169
 209.1019761706543645 210.0355008808114626 230.0722670787784856  -0.0237337308226831
 211.0899680635395073 209.7992851140713061 229.5884971884946448   0.0879662691773169
 208.4197850363087847 212.8474133680862844 229.8492793949757874   0.0341662691773169
 206.3807705378077662 213.0741805041568433 230.0306931038322345   0.0240662691773169
 209.2909487840464789 213.8716449326716059 231.4101931815947289   0.0240662691773169
 209.2833898795108117 214.0606175460637204 227.3548408981997477   0.0017662691773169
 208.2270329706488098 213.2291380471383739 225.8014860161164736   0.0439662691773169
 208.7939508108252067 216.0561683434845574 227.4285402174226526   0.0439662691773169
 212.6111976013461279 213.8338504099931885 226.5498175651492908  -0.2737337308226831
 214.0776250812690124 214.6350942907757849 229.5261362260752410  -0.0536337308226831
 216.0826245093594739 214.9280018415335810 229.1878752481033600   0.0683662691773169
 213.2310277732723042 216.3490758942423537 230.2876958580455165   0.0683662691773169
 213.8338504099931885 213.0968572177638991 230.8754006856950392   0.0683662691773169
 208.8411939641732219 209.1265426103953508 232.8123699729643063   0.5972662697260950
 210.7592659901032937 208.7939508108252067 234.0860453872272426  -0.5679337324690175
 206.5357280807892967 208.5785220315581759 233.7081001604429867  -0.4157337308226831
 205.0069396384470087 208.8997754743247919 232.5931617414294417   0.2718662691773169
 206.1615623062729015 207.5202753965622705 236.2497818105670684  -0.0518337308226831
 207.1933527753938905 208.6862364211916914 237.5990462701868396   0.0921662691773169
 203.3477600928641493 207.5372829317675625 236.9848852766624275  -0.1102337308226831
 202.2932929101361046 206.4015575252808918 235.6242824602391282   0.0456662691773169
 203.1871333714808548 206.6169863045479227 238.8254785311017338   0.0456662691773169
 202.1043202967439633 210.1658919840520339 237.1719681639206384   0.3530662691773169
 201.8851120652090987 210.9728050432363942 235.3011392913386087  -0.0361337308226831
 199.4776009705934221 209.8805433378299052 238.3435983669518232  -0.4121337308226831
 198.5384070820345601 211.7116879615996139 238.3908415202998383   0.0999662691773169
 198.3532139209102793 208.5841912099599398 237.2040935081972919   0.0999662691773169
 199.6363379658428133 209.1473295978684763 240.2616703928818948   0.0999662691773169
 203.6047628470774315 212.0518386657054253 238.7668970209501638  -0.4121337308226831
 202.5351778552780250 213.7979456134486745 238.9823258002171947   0.0999662691773169
 203.9883772522634513 211.2581536894585231 240.6301669889965261   0.0999662691773169
 205.3829951390973342 212.5110421162483069 237.8352620369269961   0.0999662691773169
 207.2821699036881838 204.8576512738672421 236.4992256602446831   0.5972662697260950
 208.5388377827458281 204.3134101472979009 238.3776134373624071  -0.5679337324690175
 206.9930418051982482 203.2362662509628002 234.5811536343146113  -0.4157337308226831
 205.8856622907203972 203.7408231287197667 233.0977186191864082   0.2718662691773169
 208.2818350285325459 200.7777325507312479 234.5206823980291110  -0.0024337308226831
 207.7923959598469411 199.7194859157353425 236.2195461924243182   0.0977662691773169
 207.4579144341428669 199.2583927390585574 232.1812014442346022  -0.0343337308226831
 208.0286117265870976 200.3260880047240606 230.5144629941160754   0.0294662691773169
 208.5123816168709385 197.4877193515743490 232.1717528135650044   0.0294662691773169
 204.6743478388768648 198.5988783183200335 231.8750658105393747   0.0117662691773169
 202.9735943183477541 198.6158858535253254 233.9329775703796153  -0.1256337308226831
 203.6028731209435280 199.1185530051483886 235.7811297293545891   0.1329662691773169
 200.4111256807505202 198.0073940384027040 233.5569220697292898  -0.1704337308226831
 199.1336708142197501 198.0527474656168158 235.1159461302143280   0.1429662691773169
 199.5324030284771316 197.3686666051373056 231.1286239876404875  -0.1072337308226831
 197.5859851105382667 196.9208015113979789 230.8489445198201228   0.1296662691773169
 201.2199284660688107 197.3308720824588881 229.0744916800680805  -0.1704337308226831
 200.5604140453303136 196.8546610967107415 227.2282292472270103   0.1429662691773169
 203.7805073775321145 197.9412536237154398 229.4524369068523364  -0.1256337308226831
 205.0447341611254263 197.9299152669119119 227.8839642156976737   0.1329662691773169
 211.1712262872981332 201.0687503753551137 234.5490282900379310   0.5972662697260950
 212.4675784151681253 199.6042126215661598 235.8019167168277415  -0.5679337324690175
 212.1878989473477605 202.9981607580887134 233.2829117803106890  -0.4157337308226831
 211.0370557317897281 204.0979813680308969 232.2171062407791162   0.2718662691773169
 214.8637511529802471 203.6633443572290014 233.3603905518014811  -0.0252337308226831
 215.9881382026634167 202.0589668695298516 232.7197733924021794   0.0697662691773169
 215.1831148696129597 205.2450451313210955 232.0810459591367809   0.0697662691773169
 215.7670402449946218 204.4400217982706386 235.9927790563537863   0.5972662697260950
 217.7191273413352774 203.5121662665153045 236.8261482814130362  -0.5679337324690175
 214.3157305741430992 205.9782588712825242 237.3798380386519751  -0.4157337308226831
 212.7453681568545330 206.7247006941814382 236.5691455271997541   0.2718662691773169
 214.9034354017925949 206.6377732920210483 240.0160059954721140  -0.0518337308226831
 216.8215074277226667 207.3936637455895598 240.0745875056236839   0.0921662691773169
 213.0363859814783990 208.7126925870665810 240.8644930296027523  -0.1102337308226831
 212.8341852851488262 210.0373906069453929 239.2960203384481166   0.0456662691773169
 211.1825646441016611 207.8755439097394704 241.1951951030389929   0.0456662691773169
 213.8168428747878966 210.2754960998194527 243.2020842572633578   0.3530662691773169
 215.6895614735038565 211.0748502544681458 242.8846102667645756  -0.0361337308226831
 211.9384550976701727 212.4505708799628334 243.5252274261638774  -0.4121337308226831
 212.5450571866588907 213.6902312238151590 245.0540158685061654   0.0999662691773169
 211.8496379693758525 213.5503914899049899 241.7904588352241829   0.0999662691773169
 210.0600673205524487 211.7154674138674476 243.9466363540283415   0.0999662691773169
 213.8281812315914245 208.8222967028340266 245.7040816585750649  -0.4121337308226831
 214.1191990562152905 210.1394358181771174 247.2612159929261997   0.0999662691773169
 212.0405003089018972 207.8339699347931922 245.9497460559848728   0.0999662691773169
 215.3909847443442964 207.4919295045534507 245.7418761812535092   0.0999662691773169
 214.8372949871053575 204.2964026120926091 241.7280978728047793   0.5972662697260950
 216.6022991961878021 203.8239710786122961 243.1586205561831764  -0.5679337324690175
 212.8568619987558822 202.7468271822771954 241.5580225207518602  -0.4157337308226831
 211.4017728756365258 203.2343765248288699 240.4015101267920639   0.2718662691773169
 212.6244256842835861 200.4489202034289376 243.0962595937637458  -0.0275337308226831
 212.9211126873092161 200.9364695459806391 245.0748028559792911   0.1122662691773169
 209.9391248479814751 199.4095708297722544 242.8260287566130057  -0.0050337308226831
 209.6103125006791917 198.8955653213456903 240.8569341250670850   0.0338662691773169
 209.7841673049999444 197.7031481308413798 243.9674233415014671   0.0338662691773169
 207.8925514449447624 201.1859133956582270 243.6575082555383521  -0.1415337308226831
 208.2081357093096143 203.2154792634896746 245.1730686149432356  -0.1638337308226831
 209.9958166319991148 203.8088532695409344 245.9516357821187493   0.2061662691773169
 205.9291259918005788 204.4022272755922211 245.5850289121380483  -0.3418337308226830
 205.7420431045423677 205.9158979088631206 246.7339824015621772   0.3411662691773169
 204.0110539658705071 203.2211484418914387 244.2886767842680563   0.1379662691773169
 201.4202394362644800 203.7162566889788074 244.0505712913939695  -0.2601337308226830
 201.0536325662837522 200.0275112755645004 241.3218067540117037  -0.1972337308226831
 199.9008996245917897 198.7897406578460783 240.1804121691232691   0.1446662691773169
 203.6576751788272375 199.5437413852806595 241.5806992343589160  -0.2387337308226831
 204.5061622129578760 197.9412536237154398 240.6452847980678878   0.1699662691773169
 205.2034711563748174 201.1330010639084478 243.0603547972192855   0.1242662691773169
 214.6388737430436185 198.4760461196151565 242.4594218866323045   0.5972662697260950
 215.5119272169152431 197.1230022077275515 244.1337192412865256  -0.5679337324690175
 215.4930299555760478 198.3910084435886970 240.0878155885611421  -0.4157337308226831
 214.6199764817044232 199.4776009705934221 238.7706764732180245   0.2718662691773169
 217.7833780298885845 197.0341850794332582 239.3527121224657562  -0.0249337308226831
 217.6567663789158737 195.1066644228335620 240.0651388749540862   0.0842662691773169
 217.9874684523520874 196.9283604159336461 236.4727694943697667   0.2116662691773169
 216.3150608238317699 196.0250713239192983 235.6847536965246016   0.0351662691773169
 218.1178595555926587 198.8407632634619540 235.7149893146673517   0.0351662691773169
 220.1663226847633018 195.5677575995103471 235.7603427418814634  -0.6546337319202393
 219.9074302044160894 193.7933047597583048 236.1137215289247332   0.4274662691773168
 220.1587637802276076 198.2360509006071662 240.4941067073541909   0.5972662697260950
 221.7083392100430212 196.8678891796481729 241.5296766287430403  -0.5679337324690175
 220.4214357128426536 200.7437174803206641 240.5111142425594827  -0.4157337308226831
 219.1288630372405221 201.8208613766557916 239.5927073414737732   0.2718662691773169
 222.5379289828344644 202.0665257740655457 241.7186492421351815   0.0336662691773169
 224.2915948351133809 201.2785099762203808 240.9816560499058924   0.0822662691773169
 222.4774577465489910 204.8689896306707700 240.9797663237719620  -0.1825337308226831
 224.1668729102745735 205.8062937930957018 241.6978622546620291   0.0602662691773169
 222.4491118545401711 205.0560725179289542 238.9256340161995550   0.0602662691773169
 220.8201679271000349 205.7930657101582434 241.7715615738849607   0.0602662691773169
 222.6815481690124671 201.6791319166116924 244.5985918702311711   0.5972662697260950
 224.7319010243170403 201.8907812436108626 245.6625076836288136  -0.5679337324690175
 220.6406439443775183 200.9043442017039588 245.8817159151637051  -0.4157337308226831
 218.9455596022501716 200.9175722846414170 244.9954343583545954   0.2718662691773169
 220.8617419020463131 199.9254660643327758 248.4725304447697053  -0.0518337308226831
 221.8179433258104669 201.3389812125058541 249.6290428387295553   0.0921662691773169
 218.2690376463063557 199.3642174025581426 249.6384914693991529  -0.1102337308226831
 217.3298437577474937 197.9034591010370223 248.5330016810552056   0.0456662691773169
 216.4492313793402018 201.6035428712548305 249.9578551860318119   0.3530662691773169
 215.7122381871109125 202.1817990682347286 248.1267105622621300  -0.0361337308226831
 217.6681047357194017 203.8995601239691579 251.2220819696251504  -0.4121337308226831
 216.2583690398141303 205.3659876038920424 251.5301073294543351   0.0999662691773169
 219.1439808463118838 204.6743478388768648 250.0145469700494516   0.0999662691773169
 222.4680091158793664 197.5122857913153353 248.6463852490904851   0.5972662697260950
 222.6626509076732718 196.0364096807228262 246.6111502028573002  -0.4157337308226831
 221.7725898985963551 196.6600193049168361 245.0351186071669701   0.2718662691773169
 224.5674948506658851 194.0729842275786429 246.1859618227250293   0.0336662691773169
 223.8475091936418878 192.9296999165562779 244.6401658451774224   0.0822662691773169
 226.9787853975493956 195.3277623805023568 245.1957453285502914  -0.1825337308226831
 228.3393882139726946 193.8896807925882924 244.6231583099721574   0.0602662691773169
 226.5158024947387070 196.4937234051317777 243.5611322227083915   0.0602662691773169
 227.8083751703408385 196.5107309403370695 246.6640625346070794   0.0602662691773169
 215.6460977724236482 186.3251070785015209 241.6732958149210698   0.5972662697260950
 214.5103723659369776 187.5099653644701370 240.0292340784095722  -0.5679337324690175
 218.1103006510569645 186.6539194258038042 242.1381684438656617  -0.4157337308226831
 219.7279062216935727 188.3811291122078313 240.6868587730141659  -0.0014337308226831
 219.0872890622942708 190.3162086733431949 241.0005533112450877   0.0875662691773169
 222.4736782942811303 188.1675900590747307 241.6222732093051941  -0.0152337308226831
 222.6286358372626879 189.1067839476335927 243.4477486546731121   0.0294662691773169
 222.9120947573508594 186.1928262491270193 241.9340780214022126   0.0294662691773169
 224.4597804610323698 189.2239469679367058 239.8345922866156938  -0.0011337308226831
 224.5126927927821758 191.8204306759445237 239.3092484213855748  -0.1906337308226831
 223.1483105240910159 193.0393040323237236 240.1804121691232691   0.1698662691773169
 226.3060428938734401 192.8352136098602206 237.6330613405974235  -0.2341337308226831
 226.3400579642840239 194.8402130379506823 237.2362188524739725   0.1655662691773169
 228.0483703893488288 191.2270566698932370 236.4217468887538910   0.3225662691773169
 229.7604622666814942 192.2040450811305164 234.7795748783763235  -0.5579337324690176
 230.7771349267311215 190.9360388452693712 233.9877796282633248   0.3991662691773168
 227.9897888791972857 188.6060065221444599 236.9187448619751901  -0.2341337308226831
 229.3182663513439044 187.3682359044260376 235.9927790563537863   0.1655662691773169
 226.2191154917130502 187.6195694802375826 238.6478442745131472  -0.1906337308226831
 226.2191154917130502 185.6315775873524130 239.0654737501097241   0.1698662691773169
 219.5313747037657640 187.8727927821830311 237.8371517630609264   0.5972662697260950
 218.8189479512774339 189.5678771243103776 236.4085188058164596  -0.5679337324690175
 220.0056959633799803 185.5181940193171335 237.0434667868139974  -0.4157337308226831
 220.5064733888691132 184.2161727130454044 238.3549367237553511   0.2718662691773169
 219.8167233499878659 184.6999426033292453 234.4035193777259980  -0.0275337308226831
 220.9675665655458982 185.9490515778511954 233.2337789008287434   0.1122662691773169
 220.8617419020463131 182.0014136840897027 234.1408474451109519  -0.0050337308226831
 220.0586082951297863 180.8108862197192959 235.6223927341052247   0.0338662691773169
 220.2154555642452474 181.2379643259854971 232.3380487133500630   0.0338662691773169
 223.6906619245264269 181.7595287389477823 234.1805316939232997  -0.1415337308226831
 225.1665380351189358 181.7179547640015043 236.2630098935045266  -0.1638337308226831
 227.9633327133223693 181.4231574871097779 233.0259090260974068   0.1379662691773169
 229.7491239098779663 181.0244252728523964 228.8458348178635915  -0.1134337308226831
 227.2962593880481778 181.1037937704770920 227.8234929794122002  -0.1972337308226831
 227.0487052645044934 180.9941896547096732 225.7977065638486131   0.1446662691773169
 225.1722072135206997 181.3683554292260684 229.4051937535042943  -0.2387337308226831
 223.3032680670725735 181.4477239268507640 228.5926115159181432   0.1699662691773169
 225.4462175029392737 181.5365410551450572 232.0545897932618913   0.1242662691773169
 217.1011868955430315 184.8586795985786096 233.3962953483459684   0.5972662697260950
 216.7364697516962072 185.6599234793612329 231.2476767340775041  -0.5679337324690175
 215.1850045957468632 184.1859370949026542 234.9024070770812273  -0.4157337308226831
 215.5648395486650492 183.4924076037535464 236.6466242986905194   0.2718662691773169
 212.5393880082571266 184.3333357333485175 234.1030529224325344   0.0336662691773169
 212.3220695028561654 183.2297356711385004 232.3758432360285073   0.0822662691773169
 210.8556420229332812 183.1541466257816654 236.1458468732013867  -0.1825337308226831
 211.0559529931289503 184.1859370949026542 237.9165202606856220   0.0602662691773169
 211.7173571400013779 187.0526516400611857 233.4870022027741919   0.5972662697260950
 210.7025742060856539 187.5213037212736649 231.4423185258714095  -0.5679337324690175
 212.2124653870887466 188.8648990024916721 235.1764173664998013  -0.4157337308226831
 213.0533935166836909 188.3867982906095952 236.8374866382165641   0.2718662691773169
 211.6190913810374601 191.5331923035884915 234.7285522727604478  -0.0024337308226831
 209.6670042846968045 191.6938190249717860 234.1011631962986041   0.0977662691773169
 211.9271167408666448 193.0147375925827375 237.2040935081972919  -0.0343337308226831
 213.8697552065376758 192.7974190871818031 237.8560490244001217   0.0294662691773169
 211.6266502855731542 195.0065089377357407 236.7921332110024792   0.0294662691773169
 210.1469947227128117 192.3306567321032541 239.3583813008675202   0.0117662691773169
 207.6884610224812594 191.3971320219461563 238.9067367548603597  -0.1256337308226831
 207.0157185188053040 191.0909963882509017 237.0094517164034136   0.1329662691773169
 206.0519581905054559 190.8887956919213291 240.9381923488256839  -0.1704337308226831
 209.2833898795108117 192.2739649480856145 243.8937240222785086  -0.1704337308226831
 210.9312310682901429 192.7539553861016217 241.8641581544471145  -0.1256337308226831
 212.8077291192739366 193.4607129601881609 242.2402136550974132   0.1329662691773169
 213.2196894164687763 192.6670279839412318 232.5931617414294417   0.5972662697260950
 212.2162448393565804 194.0484177878376834 231.0076815150695140  -0.5679337324690175
 215.6385388678879808 191.9470423269172345 232.4136377587069248  -0.4157337308226831
 216.3585245249119781 190.8188758249662581 233.7874686580676823   0.2718662691773169
 217.3260643054796601 192.7048225066196493 230.3538362727327539  -0.0518337308226831
 217.4942499313986488 194.7608445403259867 230.3784027124737401   0.0921662691773169
 219.9452247270945070 191.5313025774545612 230.8810698640968032  -0.1102337308226831
 220.4422227003158061 191.9980649325331102 232.8104802468303760   0.0456662691773169
 219.8186130761217694 189.4809497221500148 230.7998116403381772   0.0456662691773169
 222.1448659469788469 192.4251430387993114 229.2105519617104159   0.3530662691773169
 221.7839282553998830 194.3375458863276191 228.5321402796326697  -0.0361337308226831
 224.5939510165407747 192.4156944081297137 230.7506787608562319  -0.4121337308226831
 226.2058874087756190 192.8635595018690405 229.5582615703519216   0.0999662691773169
 224.4767879962376617 193.8254301040349583 232.2492315850557697   0.0999662691773169
 224.8925277457003350 190.5599833446190456 231.5972760688529400   0.0999662691773169
 222.5341495305666306 190.6544696513151029 226.9693367668797978  -0.4121337308226831
 224.0648276990428221 191.3385505117945861 225.7806990286433211   0.0999662691773169
 223.0065810640469436 188.7590743389920871 227.6326306398861555   0.0999662691773169
 220.8201679271000349 190.5694319752886434 225.8562880740001831   0.0999662691773169
 216.2375820523410046 191.9186964349084146 227.7781395521980885   0.5972662697260950
 215.8917621698334291 193.5079561135362029 226.1189600066152292  -0.5679337324690175
 215.5459422873258270 189.5111853402927380 227.4644450139671667  -0.4157337308226831
 215.8482984687532209 188.2885325316457043 228.9138649586847592   0.2718662691773169
 214.4234449637766145 188.5247482983858608 225.1268537863065880  -0.0518337308226831
 215.6309799633522865 189.0368640806785215 223.5357043815448964   0.0921662691773169
 214.2609285162593897 185.6221289566828154 225.2893702338238128  -0.1102337308226831
 213.9585723348319690 185.0589905687742788 227.2490162347001359   0.0456662691773169
 212.6055284229443640 184.9985193324888055 224.2292338726939773   0.0456662691773169
 216.5512765905719264 184.2010549039740159 224.1838804454798655   0.3530662691773169
 216.4945848065542867 184.3786891605626292 222.1316378640413886  -0.0361337308226831
 219.1345322156422860 185.1326898879972104 225.0777209068246156  -0.4121337308226831
 220.6179672307704623 183.8930295441448581 224.3690736066041461   0.0999662691773169
 219.4727931936141941 187.0110776651149344 224.3256099055239647   0.0999662691773169
 219.2139007132669816 185.1742638629434617 227.1337429405309530   0.0999662691773169
 216.3452964419745199 181.3985910473688184 224.8528434968879872  -0.4121337308226831
 217.8703054320489744 180.3497930430425108 223.9514441310075695   0.0999662691773169
 216.4700183668133273 181.1604855544947318 226.8975271737907965   0.0999662691773169
 214.5443874363475614 180.6559286767377653 224.1876598977477260   0.0999662691773169
 211.8212920773670327 189.6812606923456571 224.5637153983980515   0.5972662697260950
 211.2940584860030103 190.2651860677273192 222.3754125353172394  -0.5679337324690175
 210.2206940419357434 190.0837723588708722 226.4780079720602627  -0.4157337308226831
 210.7120228367552785 189.5055161618909741 228.2392327288748736   0.2718662691773169
 207.7753884246416491 191.3272121549910582 226.1284086372848536   0.0336662691773169
 206.7001342544404519 190.2765244245308471 224.7167832152456788   0.0822662691773169
 206.3127403969865984 191.2497333835002929 228.6285163124626571  -0.1825337308226831
 204.4475807028063060 192.0831026085595697 228.3677341059815145   0.0602662691773169
 206.0954218915856641 189.2976462871596373 229.2521259366566670   0.0602662691773169
 207.3237438786344618 192.3136491968979623 230.0760465310463463   0.0602662691773169
 208.0758548799351128 194.0503075139715869 225.1419715953779497   0.5972662697260950
 206.7265904203153415 194.8080876936740019 223.3977543737686306  -0.5679337324690175
 209.9013303253030575 195.4770507450821236 226.1605339815615071  -0.4157337308226831
 210.8991057240134626 194.7702931709955842 227.6401895444218498   0.2718662691773169
 210.4909248790864837 198.0357399304115239 225.2648037940828267  -0.0249337308226831
 208.7410384790754007 199.1166632790144583 225.2988188644934106   0.0842662691773169
 212.3787612868738053 199.3604379502903090 227.0373669077009655   0.2116662691773169
 212.3220695028561654 201.3824449135860357 226.6499730502471121   0.0351662691773169
 211.8156228989652688 199.0637509472646791 228.9970129085773152   0.0351662691773169
 214.9034354017925949 198.5402968081684904 226.7274518217378774  -0.6546337319202393
 215.0111497914261104 196.7223802673362399 226.9712264930137281   0.4274662691773168
 211.4206701369757479 198.0244015736079960 222.5114728169595748   0.5972662697260950
 210.3397467883727868 199.3509893196207113 220.9373309474031750  -0.5679337324690175
 213.2310277732723042 196.3878987416321925 221.8311714087479251  -0.4157337308226831
 214.1116401516795962 195.3825644383860663 223.2031125819747523   0.2718662691773169
 214.1210887823492207 196.1195576306153556 219.2120109871330513  -0.0275337308226831
 214.8543025223106496 197.9355844453136758 218.5713938277337495   0.1122662691773169
 216.3131710976978664 194.2317212228280341 219.0778404316246464  -0.0050337308226831
 215.9049902527708605 192.6178951044592863 220.2967137880038463   0.0338662691773169
 216.4265546657331459 193.5117355658040365 217.1484300488910467   0.0338662691773169
 218.8794191875629074 195.2691808703507868 219.6920014251490585  -0.1415337308226831
 220.2872651573342487 194.6474609722907072 221.7253467452483131  -0.1638337308226831
 219.6712144376759329 193.3737855580277710 223.1955536774390580   0.2061662691773169
 222.6399741940662158 195.7680685697060162 221.5666097499989489  -0.3418337308226830
 224.0591585206410582 195.4203589610645106 222.8024906415834406   0.3411662691773169
 222.8610721517350106 197.2099296098879146 219.4085425050608600   0.1379662691773169
 224.8547332230219173 198.6196653057931860 218.3691931314041769  -0.2601337308226830
 226.6405244195775143 198.6631290068733675 219.3008281154273715   0.1571662691773169
 224.4805674485055223 199.9330249688684432 216.0864039616273077  -0.1134337308226831
 225.9904586295085880 201.0026099606678765 215.2738217240411834   0.1416662691773169
 222.1165200549700271 199.8479872928419837 214.8656408791141774  -0.1972337308226831
 221.8425097655514532 200.8646599528916378 213.1441003711119143   0.1446662691773169
 220.1190795314152597 198.4042365265261552 215.8766443607620408  -0.2387337308226831
 218.3465164177971209 198.3059707675622374 214.9204429369978868   0.1699662691773169
 220.4516713309854039 196.9963905567548138 218.2104561361547857   0.1242662691773169
 212.0102646907591740 195.3617774509129406 217.3714177326937718   0.5972662697260950
 211.9063297533934923 196.3501042189537482 215.2662628195054891  -0.5679337324690175
 210.2981728134265086 193.6648033826516638 218.1254184601283530  -0.4157337308226831
 210.5079324142917755 192.8446622405298452 219.8488486942645194   0.2718662691773169
 208.1722309127651003 192.8975745722796244 216.5418279599023286   0.0336662691773169
 208.9073343788604862 192.2531779606124888 214.7276908713379387   0.0822662691773169
 206.8040691918061336 190.6790360910560890 217.8079444696295706  -0.1825337308226831
 205.2412656790532350 190.0573161929959826 216.6174170052591906   0.0602662691773169
 208.1155391287474606 189.1124531260353567 218.0725061283785470   0.0602662691773169
 206.0689657257107477 191.2516231096342233 219.6466479979349468   0.0602662691773169
 206.3751013594060022 195.1161130535031866 216.0108149162704725   0.5972662697260950
 205.7666095442833540 195.6244493835279867 213.8225120531896606  -0.5679337324690175
 205.5851958354269068 196.5012823096674451 217.9666814648789618  -0.4157337308226831
 206.1842390198799575 196.0439685852585205 219.7335754000953366   0.2718662691773169
 203.9354649205136721 198.6933646250161177 217.6567663789158737   0.0336662691773169
 202.2743956487968824 198.0962111666969974 216.5966300177860381   0.0822662691773169
 203.0794189818473393 199.5475208375485199 220.2853754312003184  -0.1825337308226831
 202.1364456410206169 201.3767757351842717 220.1719918631650658   0.0602662691773169
 201.7698387710399159 198.1604618552503044 221.0677220506437195   0.0602662691773169
 204.7064731831535183 199.6703530362533972 221.5439330363918929   0.0602662691773169
 205.2015814302408872 200.8060784427400678 216.0996320445647659   0.5972662697260950
 204.0261717749418687 201.8227511027896951 214.3629737274911411  -0.5679337324690175
 207.6298795123297163 201.3181942250327286 216.5588354951076207  -0.4157337308226831
 208.4764768203264245 200.4451407511611040 218.0460499625036574   0.2718662691773169
 209.1983522034843521 203.0246169239636298 215.0413854095688605  -0.0024337308226831
 208.4575795589872290 204.9426889498936748 215.1793354173450992   0.0977662691773169
 211.8534174216437131 202.9830429490173519 216.2092361603321847  -0.0343337308226831
 211.7570413888137257 203.8088532695409344 218.0970725681195331   0.0294662691773169
 212.4600195106324310 201.0328455788106266 216.4378930225366738   0.0294662691773169
 213.8565271236002444 204.3398663131728173 214.6993449793291188   0.0117662691773169
 214.4310038683122820 206.8739890587612048 215.2473655581662669  -0.1256337308226831
 213.4559051832089328 207.8320802086592889 216.7251313948927059   0.1329662691773169
 216.3301786329031584 208.1249877594170851 213.8829832894751340  -0.1704337308226831
 216.8007204402495411 210.0166036194722404 214.3762018104285725   0.1429662691773169
 217.6000745948982340 206.8758787848951351 211.9063297533934923  -0.1072337308226831
 219.0192589214731032 207.8377493870610529 210.8461933922636834   0.1296662691773169
 217.0048108627130440 204.3474252177084848 211.3356324609492884  -0.1704337308226831
 217.9440047512719060 203.3931135200782611 209.8314104583479596   0.1429662691773169
 215.1661073344076678 203.0661908989098811 212.7604859659258947  -0.1256337308226831
 214.7446984065432306 201.1367805161762814 212.3504153948649853   0.1329662691773169
 209.2266980954931719 202.3027415408057022 212.2181345654905106   0.5972662697260950
 208.7637151926824566 203.8920012194334637 210.5721831028451094  -0.5679337324690175
 209.6386583926880114 199.8782229109847337 211.6209811071713902  -0.4157337308226831
 210.0468392376149905 198.6480111978020058 213.0382757076123292   0.2718662691773169
 209.6499967494915126 198.9409187485598021 209.0131590423600713  -0.0518337308226831
 211.0465043624593259 200.0294010016984307 207.9586918596319996   0.0921662691773169
 210.4455714518723718 196.1422343442224114 209.0131590423600713  -0.1102337308226831
 212.3277386812579296 195.9797178967051866 209.8389693628836539   0.0456662691773169
 209.1416604194667123 195.0915466137622003 210.2131351374000491   0.0456662691773169
 210.4512406302741359 194.9082431787718498 206.3732116332720719   0.3530662691773169
 208.6049781974330655 195.1217822319049505 205.4907095287308497  -0.0361337308226831
 212.4600195106324310 196.0628658465977158 204.6422224946002112  -0.4121337308226831
 212.4751373197037927 195.0783185308247421 202.8356443105714886   0.0999662691773169
 212.0386105827679939 198.0489680133489553 204.2964026120926091   0.0999662691773169
 214.3195100264109328 195.9060185774822549 205.5171656946057393   0.0999662691773169
 210.9690255909685606 192.0774334301578058 206.6075376738782981  -0.4121337308226831
 210.9293413421562128 191.2006005040183474 204.7461574319658661   0.0999662691773169
 212.8152880238096309 191.7694080703286480 207.4692527909463948   0.0999662691773169
 209.5214953723848715 191.2062696824201115 207.7867267814451772   0.0999662691773169
 207.0837486596264717 199.3245331537457948 207.7073582838204816   0.5972662697260950
 207.0043801620017761 200.0898722379839041 205.5096067900700719  -0.5679337324690175
 204.9899321032417168 198.8596605248011761 209.0415049343688911  -0.4157337308226831
 205.1883533473034558 198.2247125438036383 210.8443036661297533   0.2718662691773169
 202.4369120963141073 199.2999667140048356 208.0361706311227650  -0.0597337308226831
 202.2649470181272847 198.2889632323569722 206.2541588868350285   0.0868662691773169
 200.4092359546166167 198.2776248755534444 209.8786536116960017   0.1302662691773169
 200.7739530984634141 199.0713098518003465 211.7438133058762675   0.0186662691773169
 200.5093914397144379 195.3655569031807744 210.1394358181771174  -0.0430337308226831
 202.3386463373501895 194.8175363243436263 210.8877673672099347   0.0235662691773169
 199.0977660176752629 194.7854109800669459 211.5227153482074993   0.0235662691773169
 202.0400696081906563 202.0986511183421994 207.3861048410538655   0.5972662697260950
 201.0952065412300303 202.6636792323846660 205.3300828073475550  -0.5679337324690175
 202.8507621196428503 203.8504272444872125 209.0226076730296689  -0.4157337308226831
 203.6331087390862514 203.2665018691055236 210.6780077663446946   0.2718662691773169
 202.7241504686701394 206.5867506864051726 208.4972638077995499  -0.0875337308226831
 200.7663941939277200 207.0743000289568471 208.0909726890065012   0.0968662691773169
 203.5594094198633197 208.1590028298276689 210.8140680479870299   0.2984662691773169
 205.4510252799185019 207.5901952635173685 211.3885447926990676  -0.0297337308226831
 203.5839758596043058 211.0030406613791445 210.2452604816767295  -0.3192337308226830
 204.0356204056114932 212.0556181179732857 211.9592420851432983   0.0790662691773169
 205.0296163520540646 211.4433468505828037 208.8449734164410824   0.0790662691773169
 201.7452723312989296 211.6096427503678624 209.5422823598580239   0.0790662691773169
 201.7509415097006938 207.7753884246416491 213.0477243382819269  -0.3192337308226830
 202.4369120963141073 208.8185172505661660 214.6880066225255909   0.0790662691773169
 199.8687742803151360 208.4519103805854650 212.5582852695963219   0.0790662691773169
 201.6318887632636504 205.7892862578904098 213.5541709421728237   0.0790662691773169
 204.2567183632802613 207.2651623684829187 206.1313266881301515   0.5972662697260950
 203.2797299520429818 208.5520658656832863 204.4551396073420001  -0.5679337324690175
 206.5678534250659771 206.2749458743081810 205.8762136600507728  -0.4157337308226831
 207.2783904514203500 205.2526040358567629 207.3388616877058235   0.2718662691773169
 208.1627822820955025 206.6717883624316321 203.6425573697558758   0.0212662691773169
 208.4953740816656466 208.6956850518612889 203.4214594120870810   0.1123662691773169
 210.7176920151570424 205.3848848652312645 204.1433347952450087  -0.1231337308226831
 211.5699585015555146 206.2239232686923053 205.8270807805688273   0.1111662691773169
 210.4417919996045381 203.3704368064712053 204.4815957732168897   0.1111662691773169
 212.8190674760774647 205.8176321498992297 201.4655928634785917  -0.3119337308226831
 214.9733552687476928 205.2903985585352072 202.6863559459917220   0.1932662691773169
 206.9004452246360944 205.7458225568102284 201.1802442172564629   0.5972662697260950
 206.7965102872704395 207.1234329084388195 199.2980769878709053  -0.5679337324690175
 205.7892862578904098 203.4724820177029567 201.1878031217921571  -0.4157337308226831
 205.9310157179345092 202.4028970259035234 202.7789525265538489   0.2718662691773169
 208.2837247546664494 198.0073940384027040 199.3018564401387391  -0.4121337308226831
 209.0755200047794749 199.8158619485653300 198.7141516124892431   0.0999662691773169
 208.2893939330682134 197.9147974578405502 201.3559887477111461   0.0999662691773169
 204.8066286682513664 213.3633086026467790 200.1012105947874320  -0.1102337308226831
 204.2283724712714414 213.0193784462731070 202.0514079649941842   0.0456662691773169
 206.4847054751734210 212.2219140177583444 199.7402729032084682   0.0456662691773169
 205.5133862423379055 216.1752210899216008 199.8914509939221919   0.3530662691773169
 206.1426650449336794 216.5871813871164404 197.9733789679921202  -0.0361337308226831
 203.2986272133822040 217.9156588592630861 200.5736421282677450  -0.4121337308226831
 203.9619210863885617 219.8658562294698114 200.6643489826959685   0.0999662691773169
 202.5276189507423308 217.3997636247025917 202.4142353827070513   0.0999662691773169
 207.6638945827403000 216.7402492039640676 201.7358237006293321  -0.4121337308226831
 208.2780555762646855 218.6961157525725569 201.5203949213623012   0.0999662691773169
 207.0383952324123599 216.4567902838758691 203.6784621663003631   0.0999662691773169
 209.2682720704394232 215.5043683123795759 201.3654373783807705   0.0999662691773169
 216.1582135547163090 227.5910566649399042 195.2937473100917731   0.0881662691773169
 218.8057198683400025 229.5752691055572134 195.8568856980003095   0.0881662691773169
 220.2626987175932892 223.6642057586515373 195.8587754241342399  -0.5679337324690175
 215.8936518959673326 220.9978021836886483 195.9494822785624365   0.0921662691773169
 212.1312071633301209 217.4129917076400231 196.5390768323458894  -0.4121337308226831
 211.2316975235836067 215.7368046268518717 197.3195337256553602   0.0999662691773169
 213.6127524523243937 217.9931376307538514 197.8486570431533128   0.0999662691773169
 210.7403687287640984 218.9228828886431158 196.3803398370964982   0.0999662691773169
 218.7320205491170711 217.3298437577474937 196.7904104081574076  -0.5679337324690175
 225.0266983012087399 215.5648395486650492 197.0757590543795095  -0.5679337324690175
 226.2852559064003144 220.7143432636004497 197.6483460729576437  -0.0024337308226831
 228.1182902563039267 219.7827082795772820 197.7957447114035068   0.0977662691773169
 226.7387901785414053 223.5168071202056740 197.0247364487636338  -0.0343337308226831
 224.9284325422448490 224.4408831996931745 196.7053727321309479   0.0294662691773169
 228.1504156005805802 225.0248085750748366 199.0146180677827069   0.0117662691773169
 230.7752452005971911 225.4197613370643841 198.7935201101139387  -0.1256337308226831
 232.0564795193958216 226.9334319703352838 200.5679729498659810  -0.1704337308226831
 234.0614789474862563 227.2754724005750523 200.3714414319381723   0.1429662691773169
 230.7204431427134816 228.0294731280096335 202.5862004608938739  -0.1072337308226831
 231.6917623755489972 229.1859855219694296 203.9657005386563953   0.1296662691773169
 228.1126210779021627 227.6005052956095020 202.8356443105714886  -0.1704337308226831
 227.0921689655846748 228.4225361638652509 204.4041170017261244   0.1429662691773169
 226.8257175807017951 226.1246291850169931 201.0441839356141545  -0.1256337308226831
 224.8093797958078056 225.8562880740001831 201.2350462751401992   0.1329662691773169
 224.9341017206466129 220.3250596800126662 200.1862482708138915   0.5972662697260950
 226.0471504135262278 219.2365774268740376 201.9058990526822243  -0.5679337324690175
 222.5058036385578107 221.0148097188939403 200.3676619796703385  -0.4157337308226831
 221.6932214009716595 221.8689659314263428 198.8521016202654819   0.2718662691773169
 220.9789049223494261 220.7237918942700743 202.6806867675899580  -0.0597337308226831
 221.7971563383373412 221.8916426450333985 204.1716806872538286   0.0868662691773169
 218.2444712065653696 221.6459782476236445 202.2006963295739508   0.1302662691773169
 217.5566108938180526 220.7124535374665464 200.4961633567769797   0.0186662691773169
 216.4454519270723412 220.9316617690014109 204.3757711097173045  -0.3204337308226831
 214.5727333283563811 221.7272364713822434 204.0715252021559805   0.0881662691773169
 216.2375820523410046 218.8888678182325320 204.5193902958953342   0.0881662691773169
 217.1767759408998666 221.6421987953557838 206.1596725801389714   0.0881662691773169
 218.1915588748155904 224.5334797802553013 201.7452723312989296  -0.0430337308226831
 218.3710828575381072 225.5293654528318031 203.5348429801223605   0.0235662691773169
 219.7864877318451158 225.0966181681638379 200.5736421282677450   0.0235662691773169
 215.7859375063338173 225.4178716109304540 200.3960078716791584  -0.0660337308226831
 214.1305374130188184 225.1155154295030601 201.5808661576477745   0.0185662691773169
 215.9446745015832083 227.4285402174226526 199.9821578483503886   0.0185662691773169
 215.5497217395936608 224.3936400463451324 198.6272242103288535   0.0185662691773169
 221.0450453370366635 217.9799095478163932 203.6293292868184176   0.5972662697260950
 221.7518029111232295 217.5074780143360802 205.7911759840243401  -0.5679337324690175
 220.4686788661906957 216.1412060195110170 201.9890470025747804  -0.4157337308226831
 219.9622322622997989 216.6419834450001499 200.2070352582870172   0.2718662691773169
 220.4819069491281539 213.4445668264054047 202.6769073153220974  -0.0597337308226831
 219.2176801655348154 213.1856743460581925 204.2831745291551777   0.0868662691773169
 219.4803520981498883 211.8137331728313653 200.4621482863663958   0.1302662691773169
 220.4970247581995156 212.3560845732667493 198.7500564090337573   0.0186662691773169
 219.9319966441570488 208.9678056151459596 200.9175722846414170  -0.3204337308226831
 219.1836650951242316 207.8490877438645808 199.3642174025581426   0.0881662691773169
 221.9483344290510382 208.5652939486207176 201.0328455788106266   0.0881662691773169
 219.0305972782766311 208.3876596920321311 202.6787970414560277   0.0881662691773169
 216.6249759097948580 212.3107311460526375 200.0596366198411807  -0.0430337308226831
 215.5629498225311190 211.5491715140823889 201.6545654768707062   0.0235662691773169
 216.2810457534211860 214.3384072877501550 200.0010551096896108   0.0235662691773169
 215.5742881793346469 211.1882338225034251 197.5992131934756981  -0.0660337308226831
 215.5969648929417027 209.1322117887971147 197.6615741558951019   0.0185662691773169
 213.6222010829939913 211.7967256376260735 197.3535487960659441   0.0185662691773169
 216.6986752290177895 211.8364098864384213 195.9986151580444087   0.0185662691773169
 223.1142954536804323 212.5941900661408361 203.5612991459972500   0.5972662697260950
 223.2975988886708096 211.2090208099765507 205.4188999356418484  -0.5679337324690175
 225.1381921431101159 213.4502360048071689 202.3121901714752999  -0.4157337308226831
 224.8585126752897511 214.6275353862400906 200.8230859779453597   0.2718662691773169
 227.7497936601892686 212.8549722726219787 203.0113888410261716  -0.0252337308226831
 228.0615984722862871 210.8254064047905311 202.8526518457767806   0.0697662691773169
 229.0159101699165105 213.8225120531896606 201.7074778086205122   0.0697662691773169
 228.4225361638652509 213.6959004022169229 205.6966896773282560   0.5972662697260950
 229.4051937535042943 212.1935681257495245 207.1763452401885987  -0.5679337324690175
 227.7819190044659490 216.0334916298775017 206.3902191684773637  -0.4157337308226831
 226.9277627919335197 217.1748862147659631 205.1070951235448299   0.2718662691773169
 228.1390772437770523 216.9821341491059880 208.9734747935477236  -0.0275337308226831
 230.0949437923855416 216.6703293370089698 209.5422823598580239   0.1122662691773169
 227.6420792705557533 219.8356206113270612 209.0131590423600713  -0.0050337308226831
 225.9205387625535170 220.2664781698611231 207.9605815857659299   0.0338662691773169
 227.3340539107265954 220.4119870821730561 210.9690255909685606   0.0338662691773169
 229.7850287064224535 221.3851960411425017 207.9908172039086533  -0.1415337308226831
 230.4086383306164902 221.6554268782932421 205.5303937775431975  -0.1638337308226831
 229.4033040273703640 220.8390651884392571 203.9657005386563953   0.2061662691773169
 232.5591466710188578 223.0935084662073066 205.2941780108030410  -0.3418337308226830
 233.2640145189714937 223.6339701405087871 203.6028731209435280   0.3411662691773169
 233.4718843937028302 223.8286119323026657 207.6072027987226603   0.1379662691773169
 235.5789290330250164 225.2572448895471324 208.3385268125501858  -0.2601337308226830
 236.8488249950200920 225.9810099988389904 206.9533575563859004   0.1571662691773169
 236.0022276870233840 225.6956613526168884 210.9198927114866151  -0.1134337308226831
 237.6160538053921316 226.7501285353449333 211.5132667175378749   0.1416662691773169
 234.2958049880924826 224.7545777379240963 212.7283606216492412  -0.1972337308226831
 234.6170584308590987 225.1230743340387275 214.6709990873202991   0.1446662691773169
 232.1925398010381301 223.2994886148047399 212.0140441430270076  -0.2387337308226831
 230.9358719219805127 222.5757235055128819 213.4124414821287512   0.1699662691773169
 231.7201082675578171 222.7779242018424545 209.3740967339390352   0.1242662691773169
 226.4817874243281233 215.5629498225311190 210.8802084626742673   0.5972662697260950
 227.3812970640746373 214.8070593689626343 212.8870976168986322  -0.5679337324690175
 224.1064016739891001 215.0338265050331662 210.2263632203375073  -0.4157337308226831
 223.4374386225809784 215.6895614735038565 208.5501761395493559   0.2718662691773169
 222.3546255478441139 213.7355846510292707 211.9271167408666448  -0.0275337308226831
 222.4491118545401711 214.6596607305167710 213.7677099953059243   0.1122662691773169
 219.6334199149974886 214.0606175460637204 210.9595769602989629  -0.0050337308226831
 219.5786178571137792 213.6165319045922273 208.9470186276728071   0.0338662691773169
 218.4561205335645668 212.6754482898994620 211.9006605749917283   0.0338662691773169
 218.3994287495469270 216.6004094700538986 211.3658680790920116  -0.1415337308226831
 219.3972041482573321 218.8831986398307680 210.7895016082460438  -0.1638337308226831
 221.2491357595001665 219.1893342735259955 209.9806988229277531   0.2061662691773169
 217.6492074743801796 220.7691453214841592 211.2128002622444114  -0.3418337308226830
 217.9080999547273918 222.5795029577807423 210.6099776255235269   0.3411662691773169
 215.4401176238262418 219.8223925283896298 212.1954578518834548   0.1379662691773169
 213.1592181801833029 220.9656768394119948 212.9248921395770499  -0.2601337308226830
 212.9154435089074521 222.9555584584310679 212.7302503477831713   0.1571662691773169
 211.1995721793069532 219.4538959322749719 213.8905421940108281  -0.1134337308226831
 209.4553549576976341 220.3061624186734709 214.4442319512497402   0.1416662691773169
 211.5246050743414028 216.8252868799905272 214.1248682346170545  -0.1972337308226831
 210.0373906069453929 215.6933409257716903 214.8902073188551635   0.1446662691773169
 213.7960558873147442 215.6631053076289401 213.3557496981111116  -0.2387337308226831
 214.0077052143139414 213.6656647840741729 213.5258250501640038   0.1699662691773169
 215.8634162778246094 217.1597684056945746 212.3390770380614575   0.1242662691773169
 223.0746112048681113 210.9501283296293385 212.4146660834183192   0.5972662697260950
 222.4642296636115328 209.9712501922581287 214.4328935944462123  -0.5679337324690175
 224.4654496394341338 209.6688940108307348 210.7195817412909459  -0.4157337308226831
 224.8056003435399720 210.4890351529525534 209.0169384946279050   0.2718662691773169
 225.6503079254027767 207.1952425015278208 211.3072865689404685  -0.0875337308226831
 224.4333242951574802 206.2220335425583750 212.6527715762924060   0.0968662691773169
 225.8751853353394052 205.4226793879096820 209.0018206855565435   0.2984662691773169
 226.6650908593184738 203.6425573697558758 209.6783426415003324  -0.0297337308226831
 223.2768119011976839 204.8085183943852699 207.8925514449447624  -0.3192337308226830
 223.4752331452593961 203.4479155779619706 206.3580938242007102   0.0790662691773169
 222.1051816981664992 203.9827080738616871 209.3627583771355073   0.0790662691773169
 222.3791919875850732 206.5149410933161713 207.1650068833850706   0.0790662691773169
 227.6137333785469333 206.3675424548703080 206.8909965939664966  -0.3192337308226830
 227.7573525647249629 204.9351300453580073 205.4188999356418484   0.0790662691773169
 226.8465045681749208 208.0834137844708069 206.0689657257107477   0.0790662691773169
 229.5034595124681852 206.7417082293867300 207.6185411555261882   0.0790662691773169
 228.2184457414017479 207.4257890898662133 212.6319845888192536   0.5972662697260950
 228.8666218053367439 205.7628300920155202 214.1286476868848881  -0.5679337324690175
 229.6508581509140483 209.4685830406350923 212.1916783996156210  -0.4157337308226831
 229.0499252403270944 210.7479276332997656 210.8991057240134626   0.2718662691773169
 232.0470308887261971 209.9882577274634205 213.5012586104230446  -0.0518337308226831
 233.2999193155159808 208.3819905136303672 213.1989024289956239   0.0921662691773169
 233.3036987677838415 212.3315181335257900 212.3050619676508736  -0.1102337308226831
 233.6457391980235831 211.8779838613846724 210.3246289793014251   0.0456662691773169
 232.0054569137799459 213.9226675382874818 212.3504153948649853   0.0456662691773169
 235.8189242520330336 213.1573284540493726 213.5314942285657678   0.3530662691773169
 236.8110304723416746 211.5057078130022075 214.2628182423932932  -0.0361337308226831
 237.5045599634907825 214.4121066069730866 211.5435023356806250  -0.4121337308226831
 239.2846819816445885 214.9903628039529848 212.4052174527487217   0.0999662691773169
 237.9108510822838581 213.0798496825586073 210.0279419762757683   0.0999662691773169
 236.5615866226640867 216.0731758786898495 210.7687146207729181   0.0999662691773169
 235.4560968343201394 215.0924080151847362 215.6593258553611065  -0.4121337308226831
 237.2891311842237515 215.6838922951020926 216.3868704169207981   0.0999662691773169
 234.4602111617436378 216.7553670130354293 214.9563477335424009   0.0999662691773169
 234.3940707470564004 214.2836052298664457 217.2221293681139783   0.0999662691773169
 231.6690856619419414 210.2395913032749655 216.3679731555815759   0.5972662697260950
 233.1563001293379781 209.1964624773504218 217.8136136480313347  -0.5679337324690175
 229.6149533543695612 211.4565749335202351 217.1956732022390888  -0.4157337308226831
 228.5264711012309057 212.3636434778024436 215.9049902527708605   0.2718662691773169
 228.8628423530688835 211.5453920618145285 219.8715254078715754  -0.0014337308226831
 230.2687985967062943 212.5771825309355443 220.9713460178137587   0.0875662691773169
 226.2701380973289261 212.8493030942202147 220.1398665188883854  -0.0152337308226831
 225.0663825500210877 212.2956133369812758 218.5581657447963182   0.0294662691773169
 225.3687387314485084 212.0839640099821057 221.8311714087479251   0.0294662691773169
 226.2021079565077584 215.7160176393787461 220.3590747504232500  -0.0011337308226831
 227.4436580264940411 217.2523649862567284 218.5543862925284577  -0.1906337308226831
 228.5453683625701279 216.4000984998582294 217.1011868955430315   0.1698662691773169
 227.2414573301644685 219.9055404782821592 218.6091883504121939  -0.2341337308226831
 228.1655334096519419 221.0526042415723578 217.2353574510514366   0.1655662691773169
 225.6729846390098326 221.1263035607952895 220.6727692886541986   0.3225662691773169
 225.3914154450555644 223.6717646631872048 220.8277268316357292  -0.5579337324690176
 225.0852798113603099 224.1819907193459620 222.5511570657719226   0.3991662691773168
 224.4182064860861185 219.3990938743912624 222.5738337793789784  -0.2341337308226831
 223.2673632705280593 220.1587637802276076 224.0383715331679325   0.1655662691773169
 224.7451291072544985 216.7761540005085550 222.3338385603709615  -0.1906337308226831
 223.8267222061687622 215.5667292747989526 223.6660954847854408   0.1698662691773169
 228.6341854908644211 208.8789884868516663 220.9883535530190239   0.5972662697260950
 229.7793595280206895 208.2818350285325459 222.9196536618865537  -0.5679337324690175
 227.2112217120217182 207.2235883935366407 219.7184575910239481  -0.4157337308226831
 226.3684038562928439 207.7980651382487051 218.1065211987891308   0.2718662691773169
 226.8502840204427544 204.6252149593949194 220.5688343512885169  -0.0252337308226831
 225.9696716420354625 204.6308841377966833 222.4321043193348792   0.0697662691773169
 225.5992853197869010 203.6709032617646957 219.2498055098114958   0.0697662691773169
 229.3352738865491965 203.1625669317398686 220.7256816204039778   0.5972662697260950
 229.7944773370920780 201.9077887788161547 222.6248563849948541  -0.5679337324690175
 230.9887842537302918 203.3477600928641493 218.8170582251435306  -0.4157337308226831
 230.5446986122587986 204.4532498812080700 217.3109464964082715   0.2718662691773169
 233.4057439790155928 201.9701497412355582 218.8340657603488224  -0.0597337308226831
 232.9578788852762391 200.0615263459750842 219.4520062061410684   0.0868662691773169
 234.5320207548326391 201.7339339744954018 216.1412060195110170   0.1302662691773169
 232.9805555988832951 201.7452723312989296 214.7806032030877179   0.0186662691773169
 236.3234811297900001 203.9052293023709219 215.4249998147548803  -0.3204337308226831
 236.8393763643504945 203.7578306639250587 213.4370079218697107   0.0881662691773169
 235.3937358719007356 205.7061383079978806 215.7179073655126764   0.0881662691773169
 238.0412421855244025 203.8390888876836845 216.5645046735093846   0.0881662691773169
 235.9795509734163281 199.2205982163801400 215.8029450415391091  -0.0430337308226831
 237.0718126788228173 199.3056358924065995 214.0568380937958868   0.0235662691773169
 237.3004695410272795 198.9560365576311638 217.3638588281580775   0.0235662691773169
 234.2447823824766067 196.9037939761926869 215.6064135236113004  -0.0660337308226831
 232.9049665535264601 197.1589070042720387 214.0606175460637204   0.0185662691773169
 235.3861769673650682 195.2313863476723693 215.2303580229609749   0.0185662691773169
 233.2111021872216876 196.6071069731670571 217.3619691020241472   0.0185662691773169
 235.2652344947940947 202.9868224012851855 220.8277268316357292   0.5972662697260950
 236.6239475850834636 201.4788209464160231 221.9691214165241638  -0.5679337324690175
 235.2198810675799829 205.4585841844541962 221.3795268627407378  -0.4157337308226831
 234.0973837440307705 206.6132068522800620 220.3326185845483604   0.2718662691773169
 236.6107195021460322 206.5999787693426308 223.4922406804646879  -0.0518337308226831
 238.5949319427633412 206.1029807961213316 223.2938194364029758   0.0921662691773169
 236.4047393535485990 209.5025981110456762 223.3259447806796293  -0.1102337308226831
 237.2532263876792643 210.1205385568379221 221.5514919409275603   0.0456662691773169
 234.4129680083956225 210.0260522501418648 223.2805913534655175   0.0456662691773169
 237.6557380542044794 210.9557975080311024 225.5255860005639693   0.3530662691773169
 236.7297722485830756 210.4531303564080660 227.2943696619142476  -0.0361337308226831
 240.4846580766845931 210.4002180246582600 225.7712503979737235  -0.4121337308226831
 241.2840122313332862 211.5699585015555146 227.2679134960393580   0.0999662691773169
 240.7775656274423894 208.4273439408444789 226.2776970018646204   0.0999662691773169
 241.4446389527165807 210.8121783218530997 223.9967975582216813   0.0999662691773169
 237.3496024205092249 213.7960558873147442 225.1098462511012962  -0.4121337308226831
 238.0884853388724446 214.8240669041679262 226.7350107262735716   0.0999662691773169
 238.3435983669518232 214.3894298933660307 223.4072030044382284   0.0999662691773169
 235.3502721708205542 214.2533696117236954 224.9152044593073908   0.0999662691773169
 235.6847536965246016 205.5681883002216150 226.0490401396601580   0.5972662697260950
 237.2173215911347501 204.8236362034566582 227.6326306398861555  -0.5679337324690175
 233.1922049258824923 205.3697670561599028 226.4118675573730253  -0.4157337308226831
 232.0111260921817099 206.0821938086482059 225.0777209068246156   0.2718662691773169
 232.1056123988777670 204.1924676747269540 228.6719800135428387  -0.0024337308226831
 232.8520542217766541 205.1694560859642337 230.3254903807239341   0.0977662691773169
 229.2011033310407914 204.4872649516186536 228.6795389180785330  -0.0343337308226831
 228.7418998804979366 206.4771465706377536 228.8760704360063417   0.0294662691773169
 228.4773382217489602 203.8806628626299358 226.8521737465766847   0.0294662691773169
 227.7441244817875046 203.1020956954543953 230.7450095824544679   0.0117662691773169
 225.6389695685992488 201.5940942405852327 230.1081718753229998  -0.1256337308226831
 225.0890592636281437 201.4032319010591882 228.1825409448572338   0.1329662691773169
 224.2367927772296716 200.3449852660632828 231.9941185569764179  -0.1704337308226831
 222.6494228247358135 199.1998112289070143 231.5027897621568827   0.1429662691773169
 224.9114250070395571 200.6246647338836207 234.5471385639040275  -0.1072337308226831
 223.8475091936418878 199.6892502975926193 235.9833304256841617   0.1296662691773169
 226.9787853975493956 202.1610120807616030 235.2047632585086212  -0.1704337308226831
 227.4720039185028610 202.3953381213678291 237.1474017241796523   0.1429662691773169
 228.3904108195885705 203.3987826984800250 233.3150371245873693  -0.1256337308226831
 229.9418759755379412 204.5704129015112099 233.8460501682192254   0.1329662691773169
 232.8898487444550716 201.4013421749252578 228.9308724938900510   0.5972662697260950
 233.6665261854967086 200.6265544600175510 230.9868945275963884  -0.5679337324690175
 232.8747309353837099 199.9292455166006094 226.8540634727106150  -0.4157337308226831
 232.2057678839755883 200.6813565179012605 225.2232298191365754   0.2718662691773169
 233.7383357785857101 197.2779597507090821 226.8824093647194348  -0.0237337308226831
 232.5685953016884556 196.2253822941149408 228.2146662891339141   0.0879662691773169
 233.5607015219971236 195.9513720046963667 224.2859256567116169   0.0341662691773169
 234.8665022805367134 196.8641097273803391 222.9820146243059575   0.0240662691773169
 234.2296645734052452 194.0162924435610030 224.5448181370588294   0.0240662691773169
 231.0057917889355837 195.7775172003756139 222.9291022925561515   0.0017662691773169
 230.4577712100984358 197.6313385377523516 222.2658084195497938   0.0439662691773169
 231.3175966010326021 194.6361226154871793 221.2415768549644722   0.0439662691773169
 228.3545060230440832 194.3772301351399669 224.5788332074694130  -0.2737337308226831
 227.2168908904234822 197.0644206975759816 226.3570654994893160  -0.0536337308226831
 225.3706284575824119 196.6335631390419465 227.1583093802719122   0.0683662691773169
 228.5132430182934744 197.4933885299761129 227.8953025725012016   0.0683662691773169
 227.0468155383705631 198.7009235295517849 225.1174051556369634   0.0683662691773169
 236.4859975773072249 197.0814282327812734 227.7913676351355467   0.5972662697260950
 237.0226797993408718 195.7227151424919045 229.6036149975660333  -0.5679337324690175
 238.2321045250504473 198.4212440617314470 226.5309203038100687  -0.4157337308226831
 237.6595175064723131 199.5645283727538120 225.0985078942977681   0.2718662691773169
 240.9551998840309759 198.2341611744732359 227.0827203349150773  -0.0875337308226831
 241.4238519652434551 196.2291617463828013 227.1337429405309530   0.0968662691773169
 242.5557979194622653 199.4322475433793103 224.9548887081197386   0.2984662691773169
 241.7980177397598503 198.7821817533104109 223.1520899763588766  -0.0297337308226831
 242.5217828490516815 202.3235285282788278 224.9492195297179746  -0.3192337308226830
 243.5403452352352659 203.0321758284992973 223.3051577932065038   0.0790662691773169
 240.5791443833806504 202.9584765092763656 224.8396154139505558   0.0790662691773169
 243.3910568706554723 203.0737498034455754 226.6594216809167096   0.0790662691773169
 241.6014862218320416 199.2697310958620855 229.7056602087977847   0.5972662697260950
 243.3646007047805558 198.3380961118389178 230.8886287686324706  -0.5679337324690175
 240.1142717544360317 201.0611914708194465 230.6883177984368281  -0.4157337308226831
 238.7423305812092045 201.8265305550575556 229.5903869146285751   0.2718662691773169
 240.3391491643726603 201.9380243969589047 233.2923604109803136   0.0212662691773169
 242.2893465345793854 202.4747066189925247 233.6192830321486935   0.1123662691773169
 238.7234333198699824 204.3171895995657614 233.6665261854967086  -0.1231337308226831
 239.4963313086437857 205.8648753032472449 232.5402494096796625   0.1111662691773169
 236.7807948541989513 203.9694799909242558 233.0674830010436850   0.1111662691773169
 238.7725661993519278 205.1486690984911080 236.9981133595998857  -0.3119337308226831
 237.8106955971860100 207.5013781352230751 236.7959126632703130   0.1932662691773169
 239.6871936481698305 199.8744434587169001 235.2312194243835108   0.5972662697260950
 241.2688944222619245 199.2187084902462096 236.8129201984756049  -0.5679337324690175
 237.3420435159735575 198.9333598440241078 235.1877557233033294  -0.4157337308226831
 236.1439571470674832 199.5135057671379363 233.8063659194068776   0.2718662691773169
 236.3197016775221663 197.3705563312712359 237.2381085786078758  -0.0024337308226831
 236.9433113017161762 198.1415645939111091 239.0465764887705287   0.0977662691773169
 233.4189720619530242 197.4499248288959315 237.1795270684563327  -0.0343337308226831
 232.7443398321431386 197.6162207286809901 235.2368886027852748   0.0294662691773169
 232.6895377742594291 195.6679130846081951 237.9165202606856220   0.0294662691773169
 232.3304898088143956 199.5758667295573399 238.7517792118788021   0.0117662691773169
 232.9011871012585995 202.1080997490117970 238.1754127410328343  -0.1256337308226831
 234.0161255202721445 202.5578545688850542 236.5313510045213366   0.1329662691773169
 231.9714418433693621 204.0677457498881467 239.7004217311072619  -0.1704337308226831
 232.3815124144302713 206.0179431200948720 239.2355491021626432   0.1429662691773169
 230.4237561396878519 203.4932690051760823 241.7715615738849607  -0.1072337308226831
 229.6395197941105205 205.0031601861791751 242.8751616360949779   0.1296662691773169
 229.8662869301810794 200.9704846163912230 242.3706047583380114  -0.1704337308226831
 228.7230026191587144 200.5415167839910914 244.0014384119120508   0.1429662691773169
 230.8149294494095389 199.0089488893809696 240.8588238512009883  -0.1256337308226831
 230.3935205215451017 197.0682001498438420 241.3236964801456340   0.1329662691773169
 237.2456674831435700 194.6399020677550129 237.1700784377867082   0.5972662697260950
 237.6047154485886035 193.5079561135362029 239.1675189613414755  -0.5679337324690175
 237.6273921621956595 193.5589787191520786 234.9194146122864925  -0.4157337308226831
 237.3080284455629738 194.5888794621391373 233.3301549336587310   0.2718662691773169
 238.4059593293712268 190.9171415839301490 234.6661913103410709  -0.0031337308226831
 237.1322839151082906 189.7417319286311305 235.7849091816224497   0.0849662691773169
 238.2037586330416542 190.1121182508796919 231.8864041673429025  -0.0036337308226831
 236.2271050969600124 190.2028251053079154 231.3024787919612404   0.0170662691773169
 239.2941306123142131 191.4160292832853784 230.7185534165795515   0.0170662691773169
 237.1398428196439848 186.9203708106867109 227.4360991219583468  -0.6086337319202393
 248.0700187782444902 219.0853993361603406 234.4658803401454017   0.5972662697260950
 247.2158625657120880 220.1323076143527180 232.5761542062241499  -0.5679337324690175
 246.7113056879551213 217.4205506121757172 235.7867989077563530  -0.5163337308226830
 244.3415891160178892 216.3509656203762839 234.8419358407957271   0.0396662691773169
 244.6420555713113527 215.7065690087091485 232.9068562796603634   0.1104662691773169
 243.6102651021903637 214.0511689153941228 236.4538722330305714   0.0559662691773169
 243.0414575358800365 214.7201319668022445 238.3190319272108369  -0.0173337308226831
 241.4635362140558029 212.5148215685161405 235.2463372334548725   0.0135662691773169
 240.2975751894263822 213.7507024601006324 234.0860453872272426  -0.0425337308226831
 242.2836773561776483 211.0937475158073680 233.9953385327990189  -0.0425337308226831
 239.7665621457945261 211.2298077974497032 237.2040935081972919   0.8053662680797605
 237.4724346192141290 210.9860331261738525 236.6711907384315057  -0.8188337286275704
 240.6717409639428042 210.4890351529525534 239.2582258157696989  -0.8188337286275704
 242.2213163937582179 218.3200602519222314 234.7417803556979060   0.5365662691773169
 241.1895259246372289 218.8208376774113642 232.7178836662682490  -0.5819337324690175
 241.6033759479659720 219.4954699072212498 236.8922886961003005  -0.4157337308226831
 242.5406801103909305 219.0608328964193544 238.5004456360672841   0.2718662691773169
 239.6550683038931501 221.4607850864993369 236.9527599323857739  -0.0031337308226831
 237.9732120447032616 220.7067843590647825 236.0513605665053294   0.0849662691773169
 238.8538244231105537 222.1070714243004294 239.6569580300270804  -0.0036337308226831
 237.3873969431876692 223.5564913690180218 239.5851484369380791   0.0170662691773169
 237.9788812231050256 220.4157665344408897 240.4279662926669535   0.0170662691773169
 240.9344128965578503 222.9631173629667353 241.4899923799306925  -0.0645337308226831
 240.0594696965523222 223.1218543582161265 243.3381445389056933   0.0351662691773169
 242.4197376378199299 221.5382638579901290 241.6052656740999023   0.0351662691773169
 242.0758074814462849 225.5388140835014007 240.8833902909419746   0.6950662675309824
 240.8172498762547372 227.2357881517627045 239.9706525682580022  -0.6086337319202393
 244.5097747419368779 225.8940825966786006 241.2216512689138825  -0.9407337302739048
 245.6417206961556880 224.5089133405143420 241.8736067851167123   0.4250662691773169
 245.1919658762824310 227.6099539262790997 240.7681169967727917   0.4250662691773169
 240.3788334131850081 223.7511331608119004 235.3540516230883878   0.5972662697260950
 238.7347716766735103 224.7186729413795821 234.0406919600131308  -0.5679337324690175
 242.8090212214077405 224.4333242951574802 235.2198810675799829  -0.4157337308226831
 244.0751377311349556 223.5753886303572440 236.3574962002005837   0.2718662691773169
 243.7236486702256432 226.4080881051051917 233.5247967254526094  -0.0024337308226831
 242.8846102667645756 228.2071073845982200 234.0898248394950762   0.0977662691773169
 246.6054810244555094 226.6386346934435842 233.7761303012641544  -0.0343337308226831
 247.0420077613913619 227.7705806476624211 235.4447584775166113   0.0294662691773169
 247.4237324404434513 224.7753647253972219 234.0841556610933122   0.0294662691773169
 247.8621489035131805 227.8140443487426025 231.4838925008176606   0.0117662691773169
 247.5390057346126073 230.4010794260807959 230.9793356230606941  -0.1256337308226831
 246.4165084110633948 231.5481431893709945 232.2397829543861721   0.1329662691773169
 248.6180393570816383 231.4838925008176606 228.8080402951851740  -0.1704337308226831
 248.3553674244666191 233.4756638459706640 228.4319847945348484   0.1429662691773169
 249.9956497087102563 229.9702218675467342 227.1148456791917308  -0.1072337308226831
 250.8101216724303377 230.8017013664721076 225.4367688722696761   0.1296662691773169
 250.2904469856019827 227.3718484334050129 227.5929463910738077  -0.1704337308226831
 251.3335758115264996 226.2039976826416887 226.2852559064003144   0.1429662691773169
 249.2246414460703562 226.2928148109359819 229.7755800757528557  -0.1256337308226831
 249.4325113208017198 224.2934845612473112 230.1327383150639859   0.1329662691773169
 242.8997280758359640 225.9035312273482251 230.7865835574007190   0.5972662697260950
 241.6808547194567372 227.5286957025205006 229.6414095202444508  -0.5679337324690175
 243.3834979661198050 223.6207420575713289 229.7925876109581477  -0.4157337308226831
 244.3283610330804310 222.3319488342370580 230.8546136982218867   0.2718662691773169
 242.4915472309089583 222.9102050312169561 227.2735826744411220  -0.0518337308226831
 243.1775178175223717 224.3048229180508391 225.9243182148213506   0.0921662691773169
 243.4723150944140982 220.2872651573342487 226.4893463288637906  -0.1102337308226831
 243.0263397268087016 218.9304417931787831 227.9746710701258972   0.0456662691773169
 242.4386348991591791 219.7146781387561145 224.7980414390042777   0.0456662691773169
 246.3144631998316434 220.1228589836830936 225.8884134182768366   0.3530662691773169
 247.4142838097737999 220.4535610571193340 227.5967258433416415  -0.0361337308226831
 246.8832707661419707 217.4677937655237324 224.8963071979681955  -0.4121337308226831
 246.3862727929206716 216.0731758786898495 226.3287196074804961   0.0999662691773169
 245.7928987868694119 217.0974074432751710 223.1879947729033637   0.0999662691773169
 247.1648399600962389 222.0031364869347477 223.8569578243114854  -0.4121337308226831
 249.1339345916421864 221.6554268782932421 223.3675187556258806   0.0999662691773169
 245.9969892093328610 221.8009357906051750 222.1713221128537365   0.0999662691773169
 247.0193310477843061 223.9268776912665834 224.5712743029337190   0.0999662691773169
 239.6172737812147326 223.0103605163147774 227.0846100610490076   0.5972662697260950
 238.6686312619862729 224.1101811262569339 225.2742524247524243  -0.5679337324690175
 238.2396634295861415 221.9804597733276917 228.9308724938900510  -0.4157337308226831
 239.1353936170648219 221.0979576687864695 230.3802924386076703   0.2718662691773169
 235.4806632740611255 222.1146303288360968 228.9176444109526196  -0.0275337308226831
 234.7928029613137817 221.1111857517239278 227.2509059608340660   0.1122662691773169
 234.3203714278334687 220.8239473793678956 231.2590150908810320  -0.0050337308226831
 235.1594098312945095 221.6308604385522560 232.9522097068744752   0.0338662691773169
 232.3323795349482991 221.3511809707319179 231.2949198874255462   0.0338662691773169
 234.3770632118511084 217.9780198216824899 231.4706644178802292  -0.1415337308226831
 235.6110543773016968 216.6230861836609545 233.2545658883018959  -0.1638337308226831
 236.8204791030112723 217.3922047201668974 234.6983166546177244   0.2061662691773169
 235.0894899643394116 214.0832942596707763 233.0126809431599755  -0.3418337308226830
 235.8831749405863406 212.7340298000510051 234.1540755280484101   0.3411662691773169
 233.4416487755600802 213.6410983443332134 231.0587041206853897   0.1379662691773169
 232.3078130952073398 211.4376776721810398 230.1157307798586941  -0.2601337308226830
 232.7008761310629572 209.6537762017593731 230.9698869923910965   0.1571662691773169
 230.6902075245707316 211.6096427503678624 228.0162450450721753  -0.1134337308226831
 229.8322718597704955 209.9599118354546006 227.2565751392358300   0.1416662691773169
 230.2102170865547512 213.9529031564302050 226.8710710079159069  -0.1972337308226831
 228.9989026347112187 214.0606175460637204 225.2629140679488964   0.1446662691773169
 231.3251555055682962 216.1619930069841695 227.8348313362157281  -0.2387337308226831
 230.9812253491946244 217.9118794069952256 226.9315422442013803   0.1699662691773169
 232.9918939556868230 216.0845142354933773 230.0004574856894843   0.1242662691773169
 234.5376899332344031 224.8698510320932790 228.6795389180785330   0.5972662697260950
 233.0561446442401571 225.4140921586626202 226.9693367668797978  -0.5679337324690175
 235.4806632740611255 226.6480833241131818 230.2139965388225850  -0.4157337308226831
 236.7335517008509093 226.1227394588830896 231.5670404507102168   0.2718662691773169
 234.7285522727604478 229.3352738865491965 230.0382520083679018  -0.0389337308226831
 232.6838685958576652 229.4335396455131142 230.2347835262957105   0.1006662691773169
 235.9738817950145641 230.9925637059981523 232.1093918511456008   0.3653662691773169
 234.9950036576433543 232.8048110684286121 232.0772665068689473   0.0042662691773169
 235.8699468576488824 229.9910088550198867 234.8173694010547678  -0.2438337308226831
 236.2271050969600124 231.5368048325674666 236.1307290641300250   0.0641662691773169
 234.0425816861470341 229.1292937379517900 235.2123221630442887   0.0641662691773169
 237.3703894079823774 228.6587519306054074 235.1764173664998013   0.0641662691773169
 238.5457990632813959 231.4801130485498270 231.6218425085939261  -0.6761337291763486
 239.4604265120992716 229.9021917267255934 231.4876719530855212   0.4101662691773169
 235.3597208014901518 230.5069040895803811 227.4663347401010969   0.5972662697260950
 233.8195940023443359 231.8675069060036804 226.3740730346946078  -0.5679337324690175
 237.5820387349815478 229.8984122744577329 226.4250956403104835  -0.4157337308226831
 238.7839045561554558 228.8042608429173404 227.4379888480922771   0.2718662691773169
 238.4229668645765188 230.8432753414183589 223.9760105707485288  -0.0252337308226831
 238.4021798771033664 232.9030768273925298 223.9854592014181534   0.0697662691773169
 240.3542669734440218 230.2045479081529872 223.6528674018480094   0.0697662691773169
 236.7789051280650210 229.8927430960559690 221.8028255167391054   0.5972662697260950
 236.1363982425317889 231.3667294805145475 220.1190795314152597  -0.5679337324690175
 236.0475811142374958 227.4682244662350004 221.8481789439532171  -0.4157337308226831
 236.6220578589495601 226.3589552256232461 223.3051577932065038   0.2718662691773169
 234.3638351289136501 226.3910805698998996 219.9301069180231453  -0.0237337308226831
 235.1140564040803977 226.9050860783264639 218.0914033897177691   0.0879662691773169
 234.2202159427356475 223.4846817759290205 220.0831747348707458   0.0341662691773169
 233.4133028835512603 222.9725659936363597 221.9048707279708568   0.0240662691773169
 232.9106357319282241 222.8346159858600942 218.6280856117513892   0.0240662691773169
 236.6863085475028672 221.9766803210598581 219.7751493750415879   0.0017662691773169
 237.9240791652212894 222.3432871910405859 221.3625193275354459   0.0439662691773169
 236.1723030390763031 219.9830192497729245 219.8885329430768672   0.0439662691773169
 238.5306812542100073 222.3621844523797812 216.9122142821508902  -0.2737337308226831
 240.4657608153453709 225.0720517284228517 217.7229067936031110  -0.0536337308226831
 241.9019526771255052 225.3403928394396885 216.2715971227515885   0.0683662691773169
 239.3054689691177410 226.7671360705502252 217.8306211832366266   0.0683662691773169
 241.3879471686989411 224.7489085595223323 219.5389336083014315   0.0683662691773169
 231.6993212800846914 227.5305854286544041 220.0775055564689816   0.5972662697260950
 230.6391849189548827 228.1504156005805802 218.1027417465212972  -0.5679337324690175
 230.6939869768385922 227.9330970951796459 222.3678536307815451  -0.4157337308226831
 231.7049904584864554 227.4096429560834572 223.9079804299273612   0.2718662691773169
 226.7539079876127670 228.0351423064113975 221.8935323711673289   0.0863662691773169
 228.1050621733664685 231.7616822425040952 221.5439330363918929   0.5972662697260950
 226.5403689344796664 232.2057678839755883 219.8658562294698114  -0.5679337324690175
 229.8095951461634396 233.4699946675688999 222.3017132160943079  -0.4157337308226831
 231.0719322036228479 232.9654377898119334 223.6604263063836767   0.2718662691773169
 229.7056602087977847 236.1061626243890389 221.4551159080975729  -0.0875337308226831
 227.7762498260641850 236.7600078667257989 221.7744796247302855   0.0968662691773169
 231.4668849656123688 237.8088058710521065 223.0424858605914309   0.2984662691773169
 231.0227993241408755 237.4856627021515601 225.0304777534766005  -0.0297337308226831
 234.2920255358246488 237.2891311842237515 222.6645406338071751  -0.3192337308226830
 235.3786180628293741 238.4002901509694629 224.0194742718287372   0.0790662691773169
 234.6945372023498639 235.3011392913386087 222.9876838027077214   0.0790662691773169
 234.8891789941437691 237.8069161449181762 220.7634761430823953   0.0790662691773169
 230.9982328843999162 240.6093800015234005 222.4831269249507549  -0.3192337308226830
 232.0942740420742391 241.7734513000188910 223.7813687789546504   0.0790662691773169
 231.5386945587013969 241.0742526304680193 220.5499370899492946   0.0790662691773169
 229.0045718131129827 241.0440170123252960 222.7439091314318707   0.0790662691773169
 230.1705328377424034 236.3518270217988198 218.6129678026800277   0.5972662697260950
 228.8155991997208683 237.7634524438379948 217.3562999236223833  -0.5679337324690175
 231.9790007479050295 234.9496502304292426 217.5225958234074687  -0.4157337308226831
 233.0032323124903511 233.7458946831214042 218.6129678026800277   0.2718662691773169
 232.5648158494206218 235.1953146278389966 214.8089490950965376  -0.0875337308226831
 232.6593021561166791 237.2116524127329862 214.4007682501695587   0.0968662691773169
 235.1953146278389966 234.1106118269682018 214.1853394709025277   0.2984662691773169
 236.5030051125125167 234.7096550114212525 215.6612155814950368  -0.0297337308226831
 235.2576755902584004 231.2250000204704483 214.0322716540549007  -0.3192337308226830
 237.2135421388669165 230.5881623133390071 213.9415647996266772   0.0790662691773169
 234.3827323902528723 230.4180869612860880 215.7027895564412879   0.0790662691773169
 234.2485618347444674 230.5635958735980208 212.3617537516685132   0.0790662691773169
 236.1798619436119704 235.1575201051605792 211.6701139866533358  -0.3192337308226830
 238.0865956127385143 234.4564317094758040 211.3261838302796638   0.0790662691773169
 234.9590988610988401 234.5735947297789171 210.1148693784361582   0.0790662691773169
 236.2384434537635405 237.2154318650008200 211.7475927581441279   0.0790662691773169
 230.4672198407680333 234.1276193621734937 213.1327620143083865   0.5972662697260950
 229.9059711789934272 235.1934249017050933 211.1372112168875494  -0.5679337324690175
 229.2464567582549031 232.0621486977975856 213.9169983598857177  -0.4157337308226831
 229.7226677440030499 231.2684637215506566 215.6026340713434666   0.2718662691773169
 227.3264950061909280 230.8281575323469972 212.3749818346059714  -0.0237337308226831
 228.1201799824378302 230.6316260144191885 210.4833659745507894   0.0879662691773169
 226.8899682692551022 228.1636436835180384 213.4313387434679465   0.0341662691773169
 228.7211128930248109 227.2698032221732882 213.7280257464935764   0.0240662691773169
 225.9488846545623101 228.2921450606246796 215.2624833672376553   0.0240662691773169
 225.4008640757251620 226.4534415323193034 211.6398783685106124   0.0017662691773169
 224.8396154139505558 227.5116881673152088 209.9693604661242252   0.0439662691773169
 226.6518627763810156 224.9454400774501410 211.0087098397809084   0.0439662691773169
 222.6248563849948541 225.0266983012087399 213.0269373508088013  -0.2737337308226831
 220.7710350476180896 227.8499491452870898 213.5825168341816435  -0.0536337308226831
 221.5344844057222683 228.8874087928098696 215.1868943218807935   0.0683662691773169
 220.7956014873590757 229.0499252403270944 211.9101092056613527   0.0683662691773169
 218.8321760342148921 227.3057080187177755 213.9736901439033575   0.0683662691773169
 224.9359914467805432 232.4684398165906343 212.0934126406517032   0.5972662697260950
 223.9268776912665834 232.6404048947774837 209.9958166319991148  -0.5679337324690175
 224.0459304377036268 233.7477844092553345 214.0946326164743042  -0.3661737307129274
 224.8906380195664315 233.4076337051494963 215.8520779210210815   0.3114362691224391
 220.2570295391915253 234.8343769362600598 212.7510373352562970   0.2246162694517060
 222.5284803521648667 238.1905305501041960 212.8833181646307986   0.8098762695614616
 221.6762138657663677 238.4116285077729908 210.7706043469068216  -0.6015137306031718
 224.7394599288527346 239.2846819816445885 213.4011031253252233  -0.4157337308226831
 225.7221175184917780 238.6969771539950928 214.9374504722031788   0.2718662691773169
 225.7164483400900140 241.4238519652434551 211.8723146829829084  -0.0518337308226831
 224.3180510009882705 242.9318534201126175 211.9913674294199518   0.0921662691773169
 228.2392327288748736 242.2458828334992040 213.0817394086925108  -0.1102337308226831
 227.8329416100817980 242.6370561432208911 215.0659518493098466   0.0456662691773169
 229.5563718442179912 240.6604026071392763 213.0363859814783990   0.0456662691773169
 229.5563718442179912 244.5891432395615735 211.9497934544737005   0.3530662691773169
 228.1409669699109826 245.9837611263954565 211.4055523279043594  -0.0361337308226831
 231.2835815306220183 245.7626631687266349 213.9566826086980655  -0.4121337308226831
 232.1282891124848230 247.4936523073984955 213.2291380471383739   0.0999662691773169
 230.1969890036172930 246.2237563454034199 215.6404285940218843   0.0999662691773169
 232.7726857241519585 244.4360754227139194 214.4744675693924902   0.0999662691773169
 231.2684637215506566 243.9825411505728555 209.6896809983038604  -0.4121337308226831
 232.2605699418592978 245.6870741233697999 209.0963069922526006   0.0999662691773169
 232.6460740731792477 242.5406801103909305 210.2036865067304513   0.0999662691773169
 230.1648636593406394 243.3230267298343047 208.0890829628725711   0.0999662691773169
 225.9299873932231147 240.8626033034688490 208.9885926026190851   0.5972662697260950
 225.5085784653586775 242.5539081933283887 207.4465760773393388  -0.5679337324690175
 226.3721833085606775 238.4947764576655202 208.1911281741043224  -0.4157337308226831
 226.8087100454965033 237.1681887116528048 209.5007083849117458   0.2718662691773169
 226.1095113759456314 237.7540038131683704 205.5114965162039752  -0.0249337308226831
 227.1356326666648564 239.1561806045379476 204.4135656323957490   0.0842662691773169
 227.4663347401010969 235.2557858641244969 204.9521375805632994   0.2116662691773169
 227.9236484645100215 235.2009838062407608 202.9433587002050041   0.0351662691773169
 229.2313389491835414 235.1688584619641072 206.0141636678270384   0.0351662691773169
 225.9696716420354625 233.1241747850613246 205.5058273378022112  -0.6546337319202393
 225.5255860005639693 233.1657487600075759 207.2935082604917117   0.4274662691773168
 223.3580701249562830 237.7577832654362308 204.5099416652257096   0.5972662697260950
 222.8799694130742059 238.6743004403880368 202.4217942872427456  -0.5679337324690175
 221.5155871443830730 236.8658325302253840 205.9914869542199824  -0.4157337308226831
 222.0050262130686780 236.3574962002005837 207.7734986985077190   0.2718662691773169
 218.8019404160721421 237.1889756991259304 205.5001581594004473  -0.0581337308226831
 218.3654136791363431 236.3952907228790014 203.6595649049611678   0.1359662691773169
 217.2277985465157423 235.7338865760065738 207.4560247080089634  -0.0074337308226831
 218.2274636713600775 235.5657009500875851 209.2380364522966999   0.0366662691773169
 215.4760224203707560 236.7600078667257989 207.8207418518557610   0.0366662691773169
 216.4926950804203832 233.1581898554719085 206.5357280807892967   0.1867662691773169
 215.1472100730684457 232.7481192844109993 204.3209690518335952  -0.5432337308226830
 214.5047031875352136 230.3009239409829747 204.3285279563692895   0.1634662691773169
 213.3387421629058197 229.4051937535042943 202.9074539036604899   0.1434662691773169
 215.3739772091390044 229.1708677128980681 206.4242342388879476  -0.2795337308226831
 215.0205984220957348 227.3510614459318873 206.8985554985021909   0.3338662691773169
 216.6419834450001499 230.9453205526501102 207.8453082915967203  -0.2207337308226830
 217.4356684212470789 230.6958767029724955 209.7047988073752488   0.1861662691773169
 217.9874684523520874 239.9668731159901684 205.4396869231149738   0.5972662697260950
 216.5852916609825102 240.7170943911569160 203.7370436764519331  -0.5679337324690175
 218.9134342579734912 241.5561327946179299 207.1706760617868347  -0.4157337308226831
 220.0434904860583979 240.8626033034688490 208.5577350440850502   0.2718662691773169
 218.2010075054851880 244.2489925354557354 207.1839041447242929  -0.0389337308226831
 216.1430957456449473 244.3396993898839588 207.1857938708582230   0.1006662691773169
 219.1156349543030638 245.7021919324411882 209.5328337291883996   0.3653662691773169
 218.0668369499767830 247.4709755937914397 209.6159816790809556   0.0042662691773169
 218.7452486320545025 244.2981254149376539 212.0178235952948414  -0.2438337308226831
 219.4784623720159580 245.4546378088975039 213.5522812160389202   0.0641662691773169
 216.7478081084997351 243.9088418313498972 212.3296284073918597   0.0641662691773169
 219.7675904705059205 242.5274520274534722 212.0216030475627019   0.0641662691773169
 221.6970008532394933 246.3050145691620457 209.4137809827513561  -0.6761337291763486
 222.0428207357470955 247.4917625812646191 210.7441481810319320   0.4101662691773169
 219.1024068713656325 245.5736905553345204 204.7726135978407825   0.5972662697260950
 217.6321999391748876 246.9513009069631384 203.5934244902739036  -0.5679337324690175
 221.4362186467583774 245.0785823082471515 203.9127882069066161  -0.4157337308226831
 222.6097385759234658 244.0581301959296906 205.0428444349915229   0.2718662691773169
 222.4358837716027128 246.2445433328765454 201.5922045144513026  -0.0875337308226831
 221.8689659314263428 248.2193071428242838 201.6659038336742340   0.0968662691773169
 225.3498414701092863 246.2936762123585178 201.5525202656389548   0.2984662691773169
 226.0036867124460462 246.9078372058829031 203.4082313291496228  -0.0297337308226831
 226.5592661958188886 243.7368767531630477 200.9704846163912230  -0.3192337308226830
 228.6077293249895317 243.8823856654749806 201.1386702423102118   0.0790662691773169
 225.8884134182768366 242.3724944844719417 202.3424257896180500   0.0790662691773169
 226.0754963055350475 243.1019287721655368 199.0731995779342768   0.0790662691773169
 226.3306093336144264 248.2098585121546861 199.6098817999679237  -0.3192337308226830
 228.3828519150529031 248.3364701631273701 199.7364934509406346   0.0790662691773169
 225.8090449206521410 247.6410509458443588 197.7012584047074497   0.0790662691773169
 225.5350346312335671 250.0693490279331611 200.0010551096896108   0.0790662691773169
 221.2548049379019304 245.1560610797379168 199.1733550630320979   0.5972662697260950
 220.8031603918947431 246.5884734892502442 197.3913433187443615  -0.5679337324690175
 220.6047391478330309 242.7069760101759891 199.0524125904611512  -0.4157337308226831
 221.0129199927600100 241.5410149855465682 200.5263989749197297   0.2718662691773169
 219.2819308540881493 241.6959725285281258 196.8093076694966298  -0.0875337308226831
 220.2626987175932892 242.4613116127662348 195.1671356591190623   0.0968662691773169
 219.4803520981498883 238.7990223652268442 196.5749816288903766   0.2984662691773169
 221.4078727547495577 238.2434428818539752 197.0436337101028559  -0.0297337308226831
 217.6643252834515679 237.3288154330360993 198.2681762448838198  -0.3192337308226830
 218.1197492817265891 235.3200365526778040 198.2303817222054023   0.0790662691773169
 217.8721951581829047 238.0110065673816791 200.1786893662782241   0.0790662691773169
 215.7046792825752182 237.5895976395172420 197.6842508695021577   0.0790662691773169
 216.5663943996433149 242.6880787488367938 196.6335631390419465   0.5972662697260950
 215.2246888445592110 242.9753171211927991 198.7632844919711887  -0.4157337308226831
 215.9163286095743886 242.2931259868472461 200.4224640375540480   0.2718662691773169
 212.7793832272651169 244.2678897967949307 198.7727331226408131  -0.0518337308226831
 211.6153119287696263 243.3759390615840839 197.3289823563249578   0.0921662691773169
 211.4490160289845679 243.9258493665552158 201.3352017602380204  -0.1102337308226831
 211.1995721793069532 241.9132910339290333 201.7225956176918739   0.0456662691773169
 212.6603304808280735 244.7138651644003809 202.8054086924287385   0.0456662691773169
 208.8544220471106801 245.2599960171035987 201.4089010794609521   0.3530662691773169
 209.0944172661186703 247.2290906486495462 200.8646599528916378  -0.0361337308226831
 206.9269013905110108 244.0467918391261627 199.6174407045035911  -0.4121337308226831
 206.7114726112439800 242.0474615894374918 200.0653057982429447   0.0999662691773169
 207.7640500678381212 245.3223569795229754 204.0715252021559805  -0.4121337308226831
 206.8532020712880791 247.1327146158195317 204.4192348107975130   0.0999662691773169
 206.3921088946112941 243.8124657985199364 204.3058512427622335   0.0999662691773169
 209.2569337136358953 245.0766925821132214 205.4623636367220298   0.0999662691773169
 213.0609524212193851 247.0703536534001550 198.0640858224203436   0.5972662697260950
 215.0262676004974988 248.3818235903414818 198.9654851883007613  -0.4157337308226831
 216.1865594467251287 247.5314468300769398 200.2429400548315312   0.2718662691773169
 217.9780198216824899 251.9609648879883431 199.5229543978075338   0.0341662691773169
 217.6038540471660676 252.0932457173628179 201.5392921827015234   0.0240662691773169
 219.5181466208283058 250.6381565942434883 199.2451646561211261   0.0240662691773169
 219.8091644454521716 254.8730328603609864 204.1149889032361888   0.0683662691773169
 213.9453442518945376 254.5801253096031901 202.9981607580887134   0.4477662691773169
 215.1906737741486271 253.0966902944750138 205.7798376272208122  -0.8340337308226831
 216.1922286251268929 251.7398669303195751 206.4998232842448096   0.4169662691773169
 215.9068799789047908 254.5593383221300644 206.7284801464492718   0.4169662691773169
 207.0894178380282356 235.7697913725510612 226.3098223461412739  -0.8340337308226831
 207.0743000289568471 236.8129201984756049 224.8112695219417359   0.4169662691773169
 208.9111138311283198 235.2709036731958586 226.3173812506769682   0.4169662691773169
 222.1051816981664992 229.2974793638707788 206.4242342388879476  -0.8340337308226831
 222.6891070735481612 230.2782472273759189 204.9823731987060226   0.4169662691773169
 222.4207659625313512 230.4974554589107835 207.7980651382487051   0.4169662691773169
 211.6890112479925580 235.2501166857227330 201.1670161343190317  -0.8340337308226831
 210.4002180246582600 234.0558097690844923 201.8378689118610834   0.4169662691773169
 213.0987469438978026 234.7909132351798514 202.2725059226629521   0.4169662691773169
 208.7920610846912764 238.2623401431931973 213.7336949248953404  -0.8340337308226831
 209.9183378605083495 237.7634524438379948 212.3882099175434297   0.4169662691773169
 210.0071549888026427 239.2525566373679350 214.7995004644269401   0.4169662691773169
 238.8235888049678036 211.7778283762868511 243.6310520896634894  -0.8340337308226831
 237.3155873500986410 210.7498173594336960 243.6367212680652265   0.4169662691773169
 239.5813689846702453 211.2789406769316486 241.9888800792859219   0.4169662691773169
 210.4776967961490255 234.1408474451109519 207.1423301697780148  -0.8340337308226831
 209.5177159201170378 233.2262199962930762 205.8176321498992297   0.4169662691773169
 212.1822297689459966 233.6060549492112353 206.6963548021726182   0.4169662691773169
 219.0872890622942708 225.4216510631982876 208.4708076419246603  -0.8340337308226831
 220.5688343512885169 225.2988188644934106 209.5611796211972193   0.4169662691773169
 219.6353096411314189 226.8124894977643369 207.3577589490450456   0.4169662691773169
 230.2121068126886547 211.6379886423766823 237.0831510356263452  -0.8340337308226831
 231.5708199029780505 212.1387660678658150 238.2604504170592670   0.4169662691773169
 231.0020123366677501 212.0291619520983693 235.4787735479271952   0.4169662691773169
 230.0250239254304706 221.9180988109082881 225.3479517439753559  -0.8340337308226831
 231.1834260455241970 223.3013783409386432 225.7958168377147096   0.4169662691773169
 228.4093080809277927 222.8724105085385118 225.4235407893322179   0.4169662691773169
 234.3373789630387606 213.1441003711119143 239.6664066606966780  -0.8340337308226831
 235.4768838217932651 213.5503914899049899 241.0440170123252960   0.4169662691773169
 235.5297961535430711 212.2256934700262048 238.5306812542100073   0.4169662691773169
 223.6169626053034953 217.9988068091556153 254.1946211782832938  -0.8340337308226831
 222.2204549923356820 216.8668608549367785 254.5668972266657855   0.4169662691773169
 223.3542906726884492 219.2951589370256075 255.5042013890906904   0.4169662691773169
$end
