$point_charges
 208.2194740661131424 236.4822181250393911 220.1285281620848575   0.0102651655771693
 208.0456192617923894 234.1313988144413543 216.3377375374388257   0.0620651655771693
 206.9968212574660818 237.0018928118677193 225.2704729724845907  -0.5894348333252745
 209.9391248479814751 241.2008642814407568 225.8184935513217656   0.0212651655771693
 211.2978379382708441 239.8761662615619449 225.0191393966730725   0.1123651655771693
 211.1315420384857854 243.8483705950643969 225.8543983478662528  -0.1231348344228307
 212.8814284384968683 243.8578192257340481 226.9409908748709779   0.1111651655771693
 209.3003974147161035 240.6074902753894703 228.5094635660256137   0.5972651661259474
 210.5967495425860687 239.1410627954665859 229.7604622666814942  -0.5679348360691651
 205.5549602172841836 232.0999432204760031 227.3699587072711094   0.0790651655771693
 206.3713219071381416 233.3244857552569671 231.7692411470397895   0.5972651661259474
 206.5395075330571574 231.7541233379684009 233.4718843937028302  -0.5679348360691651
 208.2818350285325459 233.7647919444606265 230.1421869457335837  -0.4157348344228307
 208.1174288548813908 235.0932694166072721 228.7796944031763541   0.2718651655771693
 210.5929700903182351 232.3456076178857573 230.2820266796437525  -0.0518348344228307
 210.1280974613735895 230.3387184636613924 230.1856506468137651   0.0921651655771693
 212.4675784151681253 232.9711069682136975 228.1447464221788163  -0.1102348344228307
 212.4940345810430148 235.0327981803217718 228.1806512187233305   0.0456651655771693
 214.3591942752232806 232.2567904895914639 228.5378094580344336   0.0456651655771693
 211.6134222026356960 232.0583692455297251 225.5142476437604414   0.3530651655771693
 209.8351899106158203 232.9843350511511557 225.0455955625479621  -0.0361348344228307
 213.5957449171191017 232.6800891435898316 223.4827920497950904  -0.4121348344228307
 215.3739772091390044 231.7541233379684009 223.9495544048736392   0.0999651655771693
 212.9343407702466743 232.0092363660477796 221.6497576998914781   0.0999651655771693
 213.8829832894751340 234.7191036420908500 223.4034235521703947   0.0999651655771693
 210.9123338069509208 229.2370081275853055 225.5614907971084566  -0.4121348344228307
 209.3722070078051049 228.9327622200239813 226.8956374476568661   0.0999651655771693
 210.3151803486318005 228.6474135738018793 223.6793235677228990   0.0999651655771693
 212.5488366389267244 228.1315183392413581 226.1416367202222849   0.0999651655771693
 211.8968811227238945 232.8577234001784181 232.7443398321431386   0.5972651661259474
 212.8606414510237426 231.1191753569708631 233.9499851055849071  -0.5679348360691651
 211.9516831806076040 235.2671242209280250 233.5682604265328179  -0.4157348344228307
 211.0824091590038399 236.6352859418869915 232.5610363971527881   0.2718651655771693
 213.2196894164687763 235.9682126166128002 235.8680571315149789   0.0212651655771693
 215.1963429525503911 235.4088536809720973 235.7301071237387134   0.1123651655771693
 213.0968572177638991 238.8273682572356641 236.3839523660754733  -0.1231348344228307
 211.1485495736910773 239.4963313086437857 236.4179674364860572   0.1111651655771693
 214.0171538449835389 239.3016895168498805 238.1659641103632099   0.1111651655771693
 214.6955655270612584 240.6717409639428042 233.9669926407901992  -0.3119348344228307
 214.2231339935809454 242.9167356110412292 234.9912242053755207   0.1932651655771693
 212.0310516782322996 234.6548529535375430 238.0884853388724446   0.5972651661259474
 213.3633086026467790 233.6740850900324029 239.7230984447143176  -0.5679348360691651
 209.4874803019742876 234.5924919911181392 238.2132072637112519  -0.4157348344228307
 208.4519103805854650 235.3578310753562485 236.8015818416720770   0.2718651655771693
 208.7164720393344146 230.6694205370976059 240.3202519030334380   0.5972651661259474
 208.8695398561820418 229.5129081431378098 238.0620291729975550  -0.4157348344228307
 208.7221412177361785 230.5314705293213672 236.4538722330305714   0.2718651655771693
 209.3117357715196314 226.8465045681749208 237.8579387505340521   0.0336651655771693
 207.8547569222663447 225.7731401241076539 238.8405963401730955   0.0822651655771693
 209.4364576963584119 225.9375462977588088 235.1008283211429395  -0.1825348344228307
 210.8991057240134626 226.9825648498172560 234.0973837440307705   0.0602651655771693
 209.8786536116960017 223.9268776912665834 235.0573646200627581   0.0602651655771693
 207.6166514293922581 226.2569100143914947 234.1880905984589940   0.0602651655771693
 211.8231818035009629 226.2776970018646204 239.0371278581009042   0.5972651661259474
 212.1255379849283567 224.3671838804702428 240.3259210814352021  -0.5679348360691651
 213.6996798544847565 227.9368765474474797 238.6062702995668693  -0.4157348344228307
 213.3576394242450150 229.4770033465932956 237.5310161293656721   0.2718651655771693
 216.1903388989929894 227.5986155694755717 239.6134943289468988  -0.0014348344228307
 216.9178834605526542 225.7636914934380293 239.0220100490295425   0.0875651655771693
 218.0139246182269770 229.6678656861193404 238.6780798926558706  -0.0152348344228307
 218.1424259953336448 229.6640862338515068 236.6220578589495601   0.0294651655771693
 217.3071670441404379 231.4952308576211885 239.3149175997873388   0.0294651655771693
 220.5631651728867528 229.2143314139782496 239.7779005025980540  -0.0011348344228307
 222.0031364869347477 227.2055525336199543 238.9709874434136668  -0.1906348344228307
 221.2529152117680001 225.9432154761605461 237.5272366770978383   0.1698651655771693
 224.3634044282023822 226.7822538796215869 239.9687628421240987  -0.2341348344228307
 225.4802325733498576 225.1722072135206997 239.3319251349926306   0.1655651655771693
 225.3139366735647721 228.3885210934546670 241.7772307522867247   0.3225651655771693
 227.7365655772518372 227.9614429871884658 242.8071314952738101  -0.5579348360691652
 228.5567067193736558 226.5006846856673186 242.1117122779907989   0.3991651655771693
 223.9004215253916938 230.4161972351521576 242.5709157285336537  -0.2341348344228307
 224.6525325266923447 231.6955418278168578 243.9976589596441903   0.1655651655771693
 221.5401535841240325 230.8300472584809275 241.5674711514214578  -0.1906348344228307
 220.4271048912444176 232.4476528291175087 242.1873013233476341   0.1698651655771693
 216.0316019037435982 227.7025505068412533 242.4348554468913184   0.5972651661259474
 217.2674827953280901 226.2380127530522726 243.7482151099665756  -0.5679348360691651
 214.4801367477942543 229.4448780023166421 243.4515281069409725  -0.4157348344228307
 213.4559051832089328 230.5995006701425349 242.3290307833917601   0.2718651655771693
 214.2344723503844733 229.7132191133334521 246.1424981216447940  -0.0252348344228307
 216.0637272480202517 230.1346280411978894 246.9890954296415290   0.0697651655771693
 210.8348550354601555 226.8105997716304066 244.2395439047861376   0.2718651655771693
 214.0530586415280531 221.7593618156588969 244.8178001017660089  -0.4157348344228307
 213.9415647996266772 223.1275235366178905 243.4931020818872238   0.2718651655771693
 216.0013662856008481 219.8885329430768672 244.5759151566241153   0.0336651655771693
 215.1547689776041399 218.0101451659591434 244.5230028248742825   0.0822651655771693
 217.6189718562374562 220.2438014562540671 242.1854115972137037  -0.1825348344228307
 218.4958047823769146 222.1070714243004294 242.2194266676242876   0.0602651655771693
 219.0853993361603406 218.7981609638043085 242.1249403609282571   0.0602651655771693
 216.4227752134652852 220.0775055564689816 240.5167834209612466   0.0602651655771693
 217.7474732333440973 220.0434904860583979 246.7963433639815540   0.5972651661259474
 218.3673034052702734 222.3527358217101836 247.6580584810496775  -0.4157348344228307
 217.8230622787009323 223.9249879651326531 246.7207543186247190   0.2718651655771693
 223.1350824411535847 225.8770750614733087 248.2249763212260209   0.3530651655771693
 224.6411941698888168 224.4937955314429535 248.4687509925018985  -0.0361348344228307
 222.1278584117735550 225.7372353275631397 245.5132193190490202  -0.4121348344228307
 220.6217466830383230 227.1224045837274251 245.2675549216392659   0.0999651655771693
 223.6528674018480094 226.1416367202222849 244.1885212991702351   0.0999651655771693
 221.3870857672764320 223.8493989197758181 245.1503919013361797   0.0999651655771693
 224.5032441621125781 228.3620649275797506 248.8089016966076831  -0.4121348344228307
 225.3630695530467445 228.2524608118123318 250.6778408430558093   0.0999651655771693
 225.9677819159015322 228.6889875487481306 247.3991660007024652   0.0999651655771693
 223.1502002502249462 229.9154198096630247 248.7673277216614318   0.0999651655771693
 258.9075981562828956 230.6561924541601746 239.6305018641521909   0.0142651655771693
 259.9979701355554545 231.7956973129146791 238.3058038442733787   0.1047651655771693
 258.8093323973189510 227.9236484645100215 238.6478442745131472  -0.2041348344228307
 258.0553316698843696 226.6480833241131818 240.0802566840254478   0.0796651655771693
 257.6565994556270151 227.8008162658051443 236.9470907539840100   0.0796651655771693
 261.4908537813532284 227.1035073223882029 238.0034476628459851   0.7129651655771693
 262.3468997200195612 225.0815003590924762 238.7650072948162605  -0.5931348327764963
 262.8627949545800556 228.7173334407569505 236.5502482658605588  -0.9191348327764961
 262.0861175135384184 230.3576157250006145 235.9625434382110362   0.4195651655771693
 256.2487534858556740 231.6860931971472332 239.4547573336975076   0.5972651661259474
 255.5854596128493163 232.9030768273925298 237.5877079133833117  -0.5679348360691651
 254.6708321640314136 231.3157068748986718 241.4106238823059969  -0.4157348344228307
 255.3927075471893412 230.5258013509196033 242.9904349302641876   0.2718651655771693
 251.9930902322649966 231.8316021094591931 241.3312553846813013  -0.0024348344228307
 251.1653901856075108 230.7790246528650518 239.7646724196605958   0.0977651655771693
 250.6211490590381697 231.0757116558906815 243.7860096326450199  -0.0343348344228307
 251.5943580180076422 231.7201082675578171 245.4829837009062970   0.0294651655771693
 248.6558338797600826 231.6879829232811635 243.8464808689305202   0.0294651655771693
 250.5928031670293766 228.2543505379462619 243.8918342961446320   0.0117651655771693
 248.8901599203663088 226.9031963521925604 242.4650910650340416  -0.1256348344228307
 247.5673516266214540 227.9217587383761180 241.2575560654583967   0.1329651655771693
 248.8410270408843903 224.3048229180508391 242.5425698365248608  -0.1704348344228307
 247.4823139505949676 223.2635838182602257 241.3973957993685655   0.1429651655771693
 250.5077654910028902 223.0216988731183053 244.0656891004653580  -0.1072348344228307
 250.4813093251280274 220.9637871132780644 244.1356089674204559   0.1296651655771693
 252.2122984637998881 224.3501763452649508 245.5037706883794224  -0.1704348344228307
 253.5369964836786732 223.3410625897509910 246.7131954140890516   0.1429651655771693
 252.2519827126122091 226.9504395055405756 245.4149535600851292  -0.1256348344228307
 251.4091648568833345 234.5528077423057914 240.7548889138353334   0.5972651661259474
 249.3285763834360381 235.1235050347499953 239.8893943444994031  -0.5679348360691651
 253.1344848171534583 236.3064735945847080 241.3784985380293434  -0.4157348344228307
 252.7527601381013688 239.6928628265715944 238.2302147989165438   0.5972651661259474
 251.4885333545080301 241.5051101890020810 237.5158983202943104  -0.5679348360691651
 254.1568266556048495 238.3473778192196569 236.5974914192085740  -0.4157348344228307
 255.1564917804491847 236.8355969120826608 237.1946448775276943   0.2718651655771693
 254.2947766633811151 239.0257895012973763 233.9669926407901992  -0.0581348344228307
 254.9108273830394307 240.9854355021737260 233.8158145500765022   0.1359651655771693
 256.1523774530257134 237.3514921466431552 232.4911165301976903  -0.0074348344228307
 255.6761664672775398 235.3616105276240821 232.7367809276074712   0.0366651655771693
 256.1259212871507970 237.8182545017217042 230.4842273759733252   0.0366651655771693
 258.8320091109260068 237.6576277803384096 233.3585008256675508   0.1867651655771693
 251.7606539177927008 238.8028018174946780 232.6970966787951234   0.5972651661259474
 251.1332648413308573 240.3504875211761882 231.0776013820246119  -0.5679348360691651
 250.2413141061200103 236.8696119824932445 233.3641700040693149  -0.4157348344228307
 250.6778408430558093 235.7206584930691156 234.8249283055904352   0.2718651655771693
 247.9377379488700156 236.3952907228790014 231.9960082831103214  -0.0252348344228307
 248.4290667436895239 236.0305735790322038 230.0288033776983042   0.0697651655771693
 247.0514563920609596 234.7191036420908500 232.8010316161607783   0.0697651655771693
 246.0952549682968056 238.5552476939509934 232.1037226727438369   0.5972651661259474
 245.3204672533890990 239.5171182961169114 230.1365177673318197  -0.5679348360691651
 245.4073946555494618 239.4509778814296740 234.3827323902528723  -0.4157348344228307
 246.0801371592254173 238.6421750961113833 235.9738817950145641   0.2718651655771693
 243.5308966045656681 241.4049547039042329 234.6246173353947929  -0.0275348344228307
 241.8962834987237681 240.8833902909419746 233.4851124766402884   0.1122651655771693
 242.6521739522922796 241.8263636317686702 237.3873969431876692  -0.0050348344228307
 241.5391252594126380 243.5592424965744612 237.4251914658660869   0.0338651655771693
 241.4805437492610949 240.2446628576766030 237.9902195799085268   0.0338651655771693
 244.6968576291950620 242.1268300870621338 239.3621607531353808  -0.1415348344228307
 245.9062823549046375 240.2937957371585486 240.7170943911569160  -0.1638348344228307
 245.3601515022014197 238.3454880930857265 240.3429286166404939   0.2061651655771693
 244.4511932317853080 243.8105760723860062 233.4548768584975384   0.5972651661259474
 242.9677582166571317 245.1995247808180984 232.3304898088143956  -0.5679348360691651
 246.9116166581507637 244.3945014477676683 233.6778645423002367  -0.4157348344228307
 248.1456078236013253 243.2342096015400114 234.5565871945736252   0.2718651655771693
 247.4823139505949676 246.7245337708925795 229.8058156938956059   0.5972651661259474
 248.1588359065387836 244.6344966667756853 228.5189121966952383  -0.4157348344228307
 248.7295331989830411 243.0830315108262876 229.4732238943254620   0.2718651655771693
 247.9812016499501970 244.4889877544636986 225.8109346467860713  -0.0249348344228307
 249.1396037700439235 245.9762022218597354 224.9832346001285585   0.0842651655771693
 248.8958290987680998 241.9208499384647544 224.7867030822007498   0.2116651655771693
 247.7185297173351241 240.4298560188008838 225.5822777845816091   0.0351651655771693
 248.7106359376437921 241.9189602123308240 222.7344605007622731   0.0351651655771693
 251.4564080102313766 241.4918821060646228 225.4556661336088715  -0.6546348355203869
 251.9893107799971898 239.8856148922315427 224.8018208912721113   0.4274651655771692
 245.2675549216392659 244.7044165337307295 225.0569339193514901   0.5972651661259474
 244.6401658451774224 245.9591946866544704 223.2031125819747523  -0.5679348360691651
 243.6064856499225033 243.4420794762713750 226.3646244040250100  -0.4157348344228307
 244.3170226762769029 242.2723389993741204 227.7101094113769208   0.2718651655771693
 240.8607135773349186 243.4836534512176261 225.9451052022944763  -0.0237348344228307
 240.4714299937471349 242.8524849224879221 224.0232537240965709   0.0879651655771693
 239.4906621302420218 241.5202279980734427 227.5910566649399042   0.0341651655771693
 240.0235649000078082 241.7658923954831968 229.5639307487536855   0.0240651655771693
 237.4554270840088369 241.7999074658937806 227.4285402174226526   0.0240651655771693
 240.1180512067038653 238.8122504481642756 226.7274518217378774   0.0017651655771693
 242.1419478961335223 238.5193428974064794 226.9315422442013803   0.0439651655771693
 239.1712984136093093 237.4875524282854905 227.9841197007955218   0.0439651655771693
 239.2997997907159771 238.0204551980512769 223.4771228713933262  -0.2737348344228307
 236.0891550891837737 236.8828400654306759 223.7738098744189562  -0.0536348344228307
 235.2198810675799829 236.7600078667257989 221.9048707279708568   0.0683651655771693
 236.1061626243890389 235.0025625621790486 224.5996201949425387   0.0683651655771693
 235.0006728360451183 238.1602949319614459 224.9662270649232665   0.0683651655771693
 239.7401059799196097 246.1387186693769872 226.2096668610434527   0.5972651661259474
 238.2396634295861415 246.9305139194899591 224.6147380040139272  -0.5679348360691651
 240.7189841172908195 247.5295571039430097 227.9897888791972857  -0.4157348344228307
 242.0210054235625754 246.8643735048027217 229.2162211401121799   0.2718651655771693
 239.7986874900711796 250.0561209449957565 228.3374984878387913   0.0336651655771693
 237.7445551824987726 250.0334442313887006 228.5000149353560162   0.0822651655771693
 242.8109109475416708 251.2126333389555527 225.0758311806907123  -0.4157348344228307
 243.9806514244389253 249.9011634020141721 225.8222730035895992   0.2718651655771693
 246.5204433484290767 249.9975394348441866 221.8217227780783007  -0.0297348344228307
 242.0077773406251172 252.1310402400412622 220.7030049067969218   0.5972651661259474
 241.3728293596275794 249.7140805147559880 220.2173452903791775  -0.4157348344228307
 241.9680930918127962 248.2967859143150491 221.3474015184640842   0.2718651655771693
 239.8327025604817635 249.0885811644280746 218.0687266761107134  -0.0875348344228307
 240.6112697276573039 249.8444716179965325 216.3188402760996304   0.0968651655771693
 239.4604265120992716 246.2823378555549899 217.7607013162815287   0.2984651655771693
 238.7423305812092045 245.4829837009062970 219.5200363469622361  -0.0297348344228307
 237.5499133907048942 245.7985679652711490 215.6234210588165923  -0.3192348344228306
 238.2698990477288916 246.5960323937859117 213.8659757542698420   0.0790651655771693
 237.2740133751523900 243.7690020974397550 215.3928744704781997   0.0790651655771693
 235.7527838373457693 246.6867392482141352 216.0939628661630019   0.0790651655771693
 242.0606896723748964 245.0577953207740259 217.2958286873369098  -0.3192348344228306
 243.2946808378255117 245.4357405475582549 218.9002061750360598   0.0790651655771693
 241.8339225363043645 243.0244500006747713 217.0671718251324476   0.0790651655771693
 242.8978383497020338 245.8495905708870516 215.5856265361381748   0.0790651655771693
 237.2777928274202236 250.2809983549323851 218.3578547746006490   0.5972651661259474
 236.2819071548437219 251.3959367739458763 216.5758430303129125  -0.5679348360691651
 236.1760824913441368 250.1335997164865218 220.6444233966453787  -0.4157348344228307
 237.1020482969655405 249.3153483004985797 222.0976227936308050   0.2718651655771693
 233.7024309820412228 251.1483826504021919 221.1036268471882335  -0.0024348344228307
 232.3626151530910491 250.2129682141112174 219.8488486942645194   0.0977651655771693
 232.8218186036339039 250.7723271497518934 223.8456194675079575  -0.0343348344228307
 232.3985199496355633 248.8107914227416132 224.3104920964526030   0.0294651655771693
 234.1521858019144800 251.5301073294543351 225.2251195452704789   0.0294651655771693
 230.4218664135539216 252.2122984637998881 224.1630934580067399   0.0117651655771693
 228.1787614925894001 251.2636559445714017 223.2579146398584618  -0.1256348344228307
 228.1693128619198024 249.4381804992035106 222.3017132160943079   0.1329651655771693
 242.8260287566130057 252.3370203886386955 213.7147976635561451   0.0185651655771693
 229.7566828144136335 252.4504039566739749 213.2518147607454299   0.0559651655771693
 229.5752691055572134 252.4749703964149610 215.3040573421839066  -0.0173348344228307
 227.8839642156976737 252.3956018987902654 212.3976585482130274  -0.0173348344228307
 231.2514561863453647 250.1147024551472728 212.4449017015610695   0.0135651655771693
 233.0466960135705325 250.0069880655137841 213.4483462786732385  -0.0425348344228307
 230.1516355764031812 248.4120592084842587 212.8228469283452983  -0.0425348344228307
 231.7446747072988032 250.3282415082803734 209.6235405836166230   0.8053651644796129
 229.8738458347167736 250.5701264534223206 208.1684514604972667  -0.8188348322277180
 234.0085666157364503 250.2734394503966640 208.8922165697890976  -0.8188348322277180
 217.8400698139062241 240.3278108075691322 203.8560964228889765   0.0796651655771693
 217.5074780143360802 241.5069999151359845 209.0074898639583074  -0.5679348360691651
 217.4016533508364950 245.6152645302807715 214.1003017948760682  -0.5679348360691651
 214.4650189387228658 242.0776972075802152 217.3014978657386740   0.5972651661259474
 215.2662628195054891 242.1513965268031199 219.4841315504177219  -0.5679348360691651
 214.9109943063282892 240.1161614805699352 215.7500327097893299  -0.4157348344228307
 214.2477004333219315 240.2106477872660191 213.9623517870998296   0.2718651655771693
 216.3037224670282420 237.9089613561499277 216.4889156281525494   0.0336651655771693
 215.3909847443442964 237.0472462390818310 218.1235287339944227   0.0822651655771693
 216.4378930225366738 235.9379769984700499 214.3554148229554470  -0.1825348344228307
 217.3619691020241472 236.7675667712614931 212.7132428125778795   0.0602651655771693
 217.5131471927378441 234.3014741664942466 214.9960319823547487   0.0602651655771693
 214.5311593534101300 235.3483824446866239 213.8451887667967164   0.0602651655771693
 218.9701260419911309 238.5703655030223551 217.1635478579624352   0.5972651661259474
 219.9660117145676325 237.6406202451331177 219.0476048134819232  -0.5679348360691651
 220.1965583029060250 240.2238758702034505 215.6668847598968007  -0.4157348344228307
 219.3159459244987332 241.0477964645931298 214.1872291970364580   0.2718651655771693
 222.8251673551904966 240.7794553535763197 216.0731758786898495  -0.0518348344228307
 223.8758550856507077 239.0087819660920842 216.0391608082792656   0.0921651655771693
 223.9476646787397091 242.5671362762657932 214.0681764505994146  -0.1102348344228307
 222.5776132316468122 244.1034836231438024 214.0454997369923589   0.0456651655771693
 225.7939271115807793 243.3022397423611791 214.6124175771687289   0.0456651655771693
 224.1196297569265585 241.3784985380293434 211.4112215063061233   0.3530651655771693
 222.2147858139339181 240.9325231704239200 210.7687146207729181  -0.0361348344228307
 225.3800770882520363 243.1888561743258996 209.5177159201170378  -0.4121348344228307
 227.2868107573785802 243.6367212680652265 210.1583330795163396   0.0999651655771693
 225.4726736688141633 242.2931259868472461 207.6638945827403000   0.0999651655771693
 224.2764770260420193 244.9236247652656209 209.3873248168764666   0.0999651655771693
 225.4103127063947597 238.7744559254858581 211.4887002777969156  -0.4121348344228307
 224.3293893577917983 237.5064496896247126 212.7000147296404213   0.0999651655771693
 225.4991298346890529 237.9939990321763873 209.5857460609382056   0.0999651655771693
 227.3189361016552337 238.9728771695475971 212.2389215529636362   0.0999651655771693
 223.2371276523853361 241.9246293907325611 218.6318650640192230   0.5972651661259474
 224.9114250070395571 241.1214957838160612 220.0264829508531328  -0.5679348360691651
 221.6610960566950060 243.7746712758414921 219.3480712687753867  -0.4157348344228307
 220.2267939210487753 244.2300952741165400 218.1745513396102986   0.2718651655771693
 221.8481789439532171 245.0823617605150122 221.7234570191144098  -0.0024348344228307
 223.6642057586515373 246.0423426365469728 221.8576275746228147   0.0977651655771693
 219.7241267694257121 247.0722433795340851 221.9388857983814138  -0.0343348344228307
 217.8514081707097522 246.2369844283408782 221.7291261975161737   0.0294651655771693
 219.7335754000953366 248.4177283868859958 224.4200962122200220   0.0117651655771693
 218.8151684990096003 247.2536570883905323 226.5573764696849583  -0.1256348344228307
 218.1046314726552005 245.3261364317908361 226.4232059141765532   0.1329651655771693
 218.7868226070007804 248.4933174322428846 228.8401656394618275  -0.1704348344228307
 218.0668369499767830 247.5371160084787308 230.5163527202499789   0.1429651655771693
 221.4985796091777812 243.2058637095312185 223.8191633016330679   0.5972651661259474
 222.8024906415834406 243.3135780991647070 225.7353456014292094  -0.5679348360691651
 219.6749938899437667 241.4540875833862053 223.5375941076787997  -0.4157348344228307
 218.6280856117513892 241.3879471686989411 221.9426652506492742   0.2718651655771693
 219.1704370121868002 239.6305018641521909 225.4840120256176914   0.0336651655771693
 218.7717047979294189 240.6056005492555400 227.2546854131018998   0.0822651655771693
 216.9197731866865845 237.9032921777481638 224.8471743184862233  -0.1825348344228307
 217.2977184134708401 236.8998476006359679 223.0878392878055427   0.0602651655771693
 216.6457628972680105 236.5426893613248645 226.3702935824267742   0.0602651655771693
 215.2190196661574470 239.0446867626365984 224.6336352653531225   0.0602651655771693
 221.4399980990262112 237.9713223185693313 225.8487291694644888   0.5972651661259474
 222.2771467763533216 237.5555825691066582 227.9727813439919937  -0.5679348360691651
 222.3924200705225314 236.7127647133777836 223.8664064549811100  -0.5163348344228307
 221.5892864636060047 237.0774818572245813 222.1599837560502086   0.2935651655771693
 224.7678058208615276 235.2633447686601643 223.7983763141599423   0.0396651655771693
 224.5618256722641212 233.4643254891671360 224.7753647253972219   0.1104651655771693
 225.4613353120106354 234.6019406217877370 221.0715015029115799   0.0559651655771693
 223.8418400152401239 233.7515638615231683 220.1209692575491901  -0.0173348344228307
 225.9847894511068241 236.3253708559239302 220.0699466519333144  -0.0173348344228307
 227.6760943409663369 232.7348912014735410 221.0034713620904122   0.0135651655771693
 229.0177998960504409 233.1336234157309224 222.5190317214952421  -0.0425348344228307
 226.9655573146119642 230.8168191755434693 221.3001583651160422  -0.0425348344228307
 229.0461457880592608 232.9238638148656555 218.4806869733055261   0.8053651644796129
 227.8745155850280759 232.2095473362434221 216.5531663167058567  -0.8188348322277180
 231.2627945431488926 233.7345563263178763 218.5260404005196378  -0.8188348322277180
 226.9031963521925604 236.6919777259046311 225.1476407737797136   0.5365651655771693
 228.0823854597594127 235.7187687669351855 226.9031963521925604  -0.5819348360691652
 227.2584648653697603 239.1618497829397115 224.5504873154605933  -0.4157348344228307
 226.2833661802663843 239.9101813319725288 223.1180749059482927   0.2718651655771693
 229.3844067660311687 240.5319012300326352 225.5652702493763171  -0.0014348344228307
 231.0889397388281397 239.4509778814296740 225.1797661180563672   0.0875651655771693
 229.7056602087977847 243.2493274106113999 224.5542667677284269  -0.0152348344228307
 228.0238039496078696 244.3567069250892238 224.9945729569320864   0.0294651655771693
 231.3270452317021997 244.1337192412865256 225.4726736688141633   0.0294651655771693
 230.1554150286710419 243.2360993276739417 221.7650309940606609  -0.0011348344228307
 232.1150610295473648 241.8849451419202402 220.7067843590647825  -0.1906348344228307
 233.2129919133556180 240.6849690468802356 221.8255022303461611   0.1698651655771693
 232.5137932438047461 241.9151807600629634 218.1329773646640204  -0.2341348344228307
 233.9745515453258666 240.7794553535763197 217.3374026622831879   0.1655651655771693
 230.9793356230606941 243.3249164559682351 216.5871813871164404   0.3225651655771693
 231.3856267418537697 243.3627109786466794 213.9510134302963016  -0.5579348360691652
 233.0070117647582115 242.6975273795063913 213.4974791581551839   0.3991651655771693
 229.0518149664610247 244.7195343428021180 217.6321999391748876  -0.2341348344228307
 227.9746710701258972 245.9459666037170122 216.4567902838758691   0.1655651655771693
 228.6625313828732410 244.6798500939897970 220.2022274813077890  -0.1906348344228307
 227.2131114381556485 245.7966782391372187 220.9807946484833565   0.1698651655771693
 229.1689779867641378 240.7605580922370974 228.3715135582493752   0.5972651661259474
 231.0133506934712779 240.4015101267920639 229.7415650053422720  -0.5679348360691651
 226.8975271737907965 241.4162930607077608 229.2899204593350845  -0.4157348344228307
 225.4915709301533854 241.8055766442955446 228.0615984722862871   0.2718651655771693
 226.4269853664443870 241.7715615738849607 231.9355370468248479  -0.0024348344228307
 227.9463251781170773 242.9129561587734222 232.7330014753396107   0.0977651655771693
 223.9004215253916938 243.1057082244333436 232.4438733768496751  -0.0343348344228307
 222.3565152739780172 242.4518629820966373 231.2495664602114344   0.0294651655771693
 223.3164961500100317 243.0471267142818273 234.4167474606634562   0.0294651655771693
 224.3199407271222008 245.8250241311460655 231.8070356697182069   0.0117651655771693
 224.5334797802553013 246.6168193812590373 229.3409430649509604  -0.1256348344228307
 224.3898605940772986 245.2278706728269451 227.8253827055461306   0.1329651655771693
 224.9208736377091547 249.1225962348386585 228.7702457725067565  -0.1704348344228307
 225.0928387158960041 249.7159702408899184 226.8049305932286426   0.1429651655771693
 224.4937955314429535 247.6013666970320379 233.7005412559072925  -0.1256348344228307
 224.3218304532561311 246.9928748819093897 235.6620769829175457   0.1329651655771693
 226.5573764696849583 239.2979100645820467 233.3377138381944253   0.5972651661259474
 227.2887004835124835 239.2714538987071572 235.5411345103465990  -0.5679348360691651
 225.7391250536970700 237.1625195332510408 232.2057678839755883  -0.4157348344228307
 224.8830791150307372 237.1190558321708324 230.4993451850446868   0.2718651655771693
 225.9961278079103520 234.8305974839921992 233.5814885094702490  -0.0597348344228307
 225.3158263996987024 235.0611440723305917 235.5127886183377790   0.0868651655771693
 224.4560010087645360 232.6139487289025673 232.4136377587069248   0.1302651655771693
 224.4730085439698280 232.7651268196162911 230.3557259988666842   0.0186651655771693
 225.5652702493763171 230.0080163902251786 233.1279542373291584  -0.3204348344228307
 225.6918819003490279 229.8284924075026617 235.1801968187676351   0.0881651655771693
 224.3728530588720068 228.4981252092220858 232.4004096757694666   0.0881651655771693
 227.4285402174226526 229.7585725405475639 232.2945850122698816   0.0881651655771693
 221.6913316748377294 232.5667055755545521 233.3773980870067731  -0.0430348344228307
 220.8617419020463131 230.7261123211152458 232.9597686114101695   0.0235651655771693
 221.6781035919002980 232.7991418900268481 235.4239714900434859   0.0235651655771693
 219.9074302044160894 234.5131234934934438 232.2076576101095186  -0.0660348344228307
 219.7789288273094484 234.1956495029946614 230.1780917422780977   0.0185651655771693
 218.0309321534322689 234.2636796438158289 233.0051220386242812   0.0185651655771693
 220.5593857206189192 236.4255263410217515 232.6082795505008034   0.0185651655771693
 228.7362307020961727 234.1843111461911335 233.9669926407901992   0.5972651661259474
 229.5355848567448656 233.7137693388447507 236.0986037198533715  -0.5679348360691651
 230.3160417500543364 234.1880905984589940 231.8788452628072083  -0.4157348344228307
 229.5488129396822970 234.4734392446810960 230.1365177673318197   0.2718651655771693
 233.0051220386242812 233.4718843937028302 232.0338028057887657  -0.0875348344228307
 233.1411823202666166 231.6256219608617600 232.9370918978031137   0.0968651655771693
 234.1030529224325344 233.2753528757750215 229.3428327910848905   0.2984651655771693
 233.8630577034245175 235.0857105120715778 228.3941902718564310  -0.0297348344228307
 236.9130756835734261 232.5950514675633720 229.3692889569597801  -0.3192348344228306
 237.6141640792582013 232.3267103565465351 227.4512169310297085   0.0790651655771693
 238.0091168412477490 234.0954940178968401 230.2517910615010025   0.0790651655771693
 237.1625195332510408 230.8470547936862193 230.4161972351521576   0.0790651655771693
 232.7689062718841247 231.2136616636669203 227.7951470874033803  -0.3192348344228306
 233.5229069993187059 231.2117719375330170 225.8789647876072389   0.0790651655771693
 233.0844905362489768 229.3711786830937104 228.6587519306054074   0.0790651655771693
 230.7468993085883712 231.5821582597815784 227.6704251625645730   0.0790651655771693
 234.5017851366899157 235.3313749094813321 233.6759748161663332   0.5972651661259474
 236.0589194710410237 234.5698152775110834 235.2217707937139132  -0.5679348360691651
 233.7515638615231683 237.7653421699718982 233.6419597457557493  -0.4157348344228307
 232.3985199496355633 238.4267463168443525 232.4684398165906343   0.2718651655771693
 235.1046077734108000 239.5435744619918010 235.1764173664998013  -0.0252348344228307
 237.1228352844386930 239.4415292507600494 234.7739056999745595   0.0697651655771693
 234.4299755436009144 241.4559773095201086 234.8135899487869073   0.0697651655771693
 234.6794193932785022 238.9180751116638876 237.9051819038820941   0.5972651661259474
 236.4368646978252793 239.0201203228956123 239.4226319894208541  -0.5679348360691651
 232.3172617258769374 238.2661195954610309 238.5949319427633412  -0.4157348344228307
 230.9642178139893324 238.0922647911402782 237.2607852922149317   0.2718651655771693
 231.6539678528705797 237.7426654563648691 241.1762978416997707  -0.0237348344228307
 232.1339582908865869 239.3867271928763401 242.3195821527221088   0.0879651655771693
 228.8269375565243961 237.1511811764475127 241.5391252594126380   0.0341651655771693
 228.3582854753119168 235.6223927341052247 240.2408834054087425   0.0240651655771693
 228.5888320636503093 236.5030051125125167 243.4798739989497656   0.0240651655771693
 227.0751614303793830 239.3980655496798680 241.0553553691288238   0.0017651655771693
 227.4663347401010969 240.0726977794897536 239.1486217000022801   0.0439651655771693
 225.1419715953779497 238.6931977017272590 241.1517314019587846   0.0439651655771693
 227.4379888480922771 242.0021081622233801 243.2682246719505952  -0.2737348344228307
 225.7410147798309733 240.5111142425594827 245.8571494754227190  -0.0536348344228307
 226.6877675729255296 238.7574483902805662 246.3787138883849505   0.0683651655771693
 223.8097146709634703 240.1010436714985735 245.2675549216392659   0.0683651655771693
 233.0353576567670046 235.4523173820523056 242.1287198131960641   0.5972651661259474
 233.9480953794509770 235.4466482036505417 244.2678897967949307  -0.5679348360691651
 233.1298439634630885 233.5644809742649572 240.7227635695586799  -0.4157348344228307
 232.3286000826804653 233.6476289241575133 238.9766566218154307   0.2718651655771693
 234.3354892369048304 231.1890952239259610 241.5183382719395124  -0.0389348344228307
 233.4699946675688999 230.5843828610711464 243.2852322071559141   0.1006651655771693
 234.1219501837717297 229.1179553811482621 239.4660956905010357   0.3653651655771693
 234.9156351600186587 227.3850765163424711 240.2484423099444366   0.0042651655771693
 231.4498774304070767 228.5208019228291418 238.5760346814241191  -0.2438348344228307
 230.8905184947664009 226.7444593569431692 239.4320806200904518   0.0641651655771693
 230.1327383150639859 230.0023472118234146 239.1202758079934602   0.0641651655771693
 231.3799575634520057 228.3110423219638749 236.5275715522535030   0.0641651655771693
 235.4995605354003208 229.6527478770479787 237.2456674831435700  -0.6761348327764963
 235.0932694166072721 231.3327144101039637 236.6579626554940475   0.4101651655771693
 237.1266147367065266 231.6029452472547040 242.0493513155713685   0.5972651661259474
 238.0223449241852072 230.9434308265161799 244.0864760879384835  -0.5679348360691651
 238.4777689224602281 232.8482747695088203 240.3297005337030625  -0.4157348344228307
 237.6425099712670212 233.2281097224269795 238.6402853699774532   0.2718651655771693
 241.1725183894319371 233.3112576723195089 240.6244978105947622  -0.0014348344228307
 242.0493513155713685 231.5405842848353002 241.2178718166460488   0.0875651655771693
 242.3800533890076091 234.0992734701646739 238.1017134218099028  -0.0152348344228307
 241.1781875678337010 235.4523173820523056 237.1171661060369291   0.0294651655771693
 244.1979699298398326 234.9931139315094240 238.4588716611210060   0.0294651655771693
 242.8846102667645756 231.8032562174503733 236.4916667557089888  -0.0011348344228307
 244.8007925665607439 230.1421869457335837 237.3118078978308074  -0.1906348344228307
 245.9932097570650542 230.7242225949813154 238.8311477095034977   0.1698651655771693
 245.0351186071669701 227.7025505068412533 236.2970249639151105  -0.2341348344228307
 246.3579269009118249 226.3929702960338300 237.0491359652157614   0.1655651655771693
 243.2455479583435395 226.9353216964692139 234.1975392291285917   0.3225651655771693
 243.1435027471117879 224.5542667677284269 233.2772426019089250  -0.5579348360691652
 241.4692053924575668 224.3558455236667150 232.4816678995280925   0.3991651655771693
 241.3841677164311073 228.8760704360063417 233.2451172576322715  -0.2341348344228307
 240.1048231237664339 228.3904108195885705 231.7711308731736928   0.1655651655771693
 241.2783430529315221 231.2325589250061424 234.4507625310740400  -0.1906348344228307
 239.8818354399637088 232.5629261232866916 233.8932933215672675   0.1698651655771693
 241.7621129432153632 235.1934249017050933 242.7504397112561705   0.5972651661259474
 243.6612877078062126 234.8438255669296574 244.0505712913939695  -0.5679348360691651
 239.9725422943919323 236.8639428040914806 243.3135780991647070  -0.4157348344228307
 238.4494230304514084 237.1417325457778883 242.1967499540172316   0.2718651655771693
 240.3164724507656043 238.5042250883351177 245.4470789043617828  -0.0597348344228307
 236.4614311375662388 239.7042011833751223 245.6549487790931462   0.0186651655771693
 238.3719442589606430 242.2137574892225505 243.2436582322096091  -0.0430348344228307
 238.3984004248355325 240.9740971453701981 241.5977067695642080   0.0235651655771693
 234.3581659505118862 242.8524849224879221 243.0471267142818273   0.0185651655771693
 238.2264353466486833 235.2047632585086212 247.9490763056735435  -0.4157348344228307
 236.8828400654306759 235.0781516075358836 246.5998118460537721   0.2718651655771693
 233.2772426019089250 235.3049187436064425 249.0810222598923535   0.0881651655771693
 235.1235050347499953 230.2631294183045304 248.2665502961723257  -0.0430348344228307
 233.1600795816058120 229.6508581509140483 248.3704852335379537   0.0235651655771693
 235.4353098468470138 231.2741328999524205 246.4996563609559511   0.0235651655771693
 236.8563838995557863 227.9576635349206054 248.3723749596718841  -0.0660348344228307
 236.5445790874587949 226.9428806010049082 250.1392688948882589   0.0185651655771693
 236.4406441500931131 226.7123340126665157 246.7868947333119564   0.0185651655771693
 238.8198093526999698 228.5661553500432536 248.2684400223062024   0.0185651655771693
 240.5980416447198726 231.3308246839700604 246.7358721276961075   0.2718651655771693
 244.4474137795174473 228.4168669854634869 246.1557262045822522   0.0341651655771693
 244.5532384430170594 230.0458109129035960 244.8971685993907045   0.0240651655771693
 246.3428090918404902 227.6836532455020312 246.4883180041524230   0.0240651655771693
 242.8222493043451987 226.3665141301589135 244.9349631220691488   0.0017651655771693
 240.8682724818706129 227.0128004679599794 245.0067727151581233   0.0439651655771693
 243.4194027626643190 226.2021079565077584 242.9715376689249385   0.0439651655771693
 243.0471267142818273 223.2900399841351153 246.4448543030722416  -0.2737348344228307
 241.8811656896524066 221.5779481068024768 243.7123103134221153  -0.0536348344228307
 243.1321643903082600 221.9048707279708568 242.1098225518568688   0.0683651655771693
 241.8225841795008364 219.5635000480424175 244.1374986935543862   0.0683651655771693
 239.9838806511954604 222.2355728014070705 243.2474376844774696   0.0683651655771693
 246.0045481138685821 189.3713456063825690 246.7925639117137472   0.0641651655771693
 256.9498418815404760 200.0105037403592085 239.1070477250560020  -0.8627348338740526
 255.9029336033480987 201.5203949213623012 239.6267224118843570   0.4477651655771692
 257.3769199878066772 199.7175961896014390 237.2702339228845561   0.4477651655771692
 249.1490524007135212 202.7052532073309173 246.7509899367674422  -0.5894348333252745
 244.4700904931245033 205.1826841689016919 248.0284448032982391  -0.0875348344228307
 245.0256699764973723 205.0598519701968147 246.0499015410826939   0.0968651655771693
 242.0077773406251172 203.8220813524783926 248.3648160551362166   0.2984651655771693
 240.5810341095145807 204.6214355071270856 247.1119276283464061  -0.0297348344228307
 242.4178479116860534 201.0196174958731684 247.7034119082637893  -0.3192348344228306
 243.8427014166626598 200.2183736150905451 248.9544106089196697   0.0790651655771693
 240.6471745242018181 199.9916064790200132 247.9358482227360853   0.0790651655771693
 243.0527958926835644 200.8589907744898738 245.7513248119231070   0.0790651655771693
 244.0581301959296906 207.9208973369535821 248.7219742944473200   0.5972651661259474
 242.5255623013195419 209.3570891987337432 247.2442084577209345  -0.4157348344228307
 241.6959725285281258 208.6427727201115098 245.6795152188341325   0.2718651655771693
 242.1986396801511619 212.0102646907591740 247.7846701320224152  -0.0014348344228307
 243.5176685216282099 213.7998353395826046 245.9081720810385678  -0.0152348344228307
 243.0773623324245505 213.2801606527542496 243.9636438892336065   0.0294651655771693
 243.0263397268087016 215.7764888756642195 246.2161974408677525   0.0294651655771693
 246.2691097726175317 213.4370079218697107 246.3768241622510738  -0.0011348344228307
 250.3754846616284154 212.1349866155979813 245.0332288810330398  -0.2341348344228307
 251.6075861009451004 211.3431913654849558 243.5838089363154473   0.1655651655771693
 247.8394721899061247 212.4543503322306671 244.5513487168831292  -0.1906348344228307
 247.0665742011322943 211.9271167408666448 242.7164246408455867   0.1698651655771693
 239.4547573336975076 212.7151325387117830 247.9528557579414040   0.5972651661259474
 237.7596729915701343 211.1636673827624390 247.5938077924963168  -0.5679348360691651
 238.3095832965412394 220.6047391478330309 248.5008763367785521  -0.3192348344228306
 237.2286599479382782 220.7899323089573117 246.7585488413031633   0.0790651655771693
 238.5325709803439377 222.4585604852097688 249.3701503583823429   0.0790651655771693
 240.1652943600519074 219.8186130761217694 248.0775776827801576   0.0790651655771693
 234.9364221474917844 216.5493868644380229 246.8076817207850820   0.5972651661259474
 234.9439810520274786 214.9639066380780952 245.1144871047916657  -0.5679348360691651
 233.4699946675688999 218.7962712376703781 246.8511454218652635  -0.4157348344228307
 233.6438494718896528 219.9471144532284372 248.3610366028683562   0.2718651655771693
 231.3705089327824080 219.4198808618643880 245.1144871047916657  -0.0875348344228307
 229.8133745984312734 218.1424259953336448 245.5434549371917970   0.0968651655771693
 230.5541472429284232 222.1826604696572645 245.6814049449680089   0.2984651655771693
 228.7362307020961727 222.5228111737631027 244.7724466745518972  -0.0297348344228307
 230.2669088705723910 222.7269015962265788 248.5254427765195382  -0.3192348344228306
 229.6792040429228683 224.6770989664333310 248.8013427920720156   0.0790651655771693
 228.8420553655957578 221.4853515262403230 249.3342455618378289   0.0790651655771693
 232.0356925319226692 222.5171419953613388 249.5496743411048597   0.0790651655771693
 232.4476528291175087 224.1498653750692817 244.6741809155880062  -0.3192348344228306
 231.7749103254415534 226.0490401396601580 245.1144871047916657   0.0790651655771693
 234.2958049880924826 223.8890831685881659 245.5434549371917970   0.0790651655771693
 232.6290665379739559 224.0043564627573487 242.6313869648191539   0.0790651655771693
 231.8561685492001523 219.1628781076511059 242.2610006425705926   0.5972651661259474
 230.0647081742428182 219.3972041482573321 240.8191396023886674  -0.5679348360691651
 234.1729727893876054 218.6299753378853195 241.4125136084399272  -0.3479348344228307
 235.4693249172575976 218.2236842190922439 242.7523294373901008   0.2746651655771693
 234.8967378986794634 218.1802205180120625 238.7612278425483999  -0.2637348344228306
 234.7928029613137817 219.9414452748266732 237.7067606598203551   0.1559651655771693
 237.5007805112229487 216.9896930536416555 238.3473778192196569  -0.0007348344228307
 237.5839284611154781 215.0886285629168757 239.1505114261361836   0.0326651655771693
 237.8390414891948299 216.8479635935975831 236.3178119513882359   0.0326651655771693
 239.5511333665274952 218.5468273879927903 239.5246772006526057   0.0389651655771693
 239.1561806045379476 220.5574959944849889 239.2827922555106852   0.0284651655771693
 239.5133388438490776 218.0271527011644352 241.5069999151359845   0.0284651655771693
 242.1457273484013828 217.9440047512719060 238.4286360429782828   0.0485651655771693
 243.4912123557532935 218.7830431547329468 239.7079806356429561   0.0686651655771693
 242.4632013389001652 215.9068799789047908 238.3776134373624071   0.0686651655771693
 242.5520184671944584 219.1439808463118838 235.9587639859432024  -0.5295348344228307
 242.7504397112561705 221.0393761586348996 235.9379769984700499   0.3455651655771693
 242.7391013544526426 218.0479396886375609 233.7345563263178763   0.8075651666747256
 242.5501287410605282 215.6309799633522865 233.3207063029891333  -0.8627348338740526
 242.6124897034799050 214.3724223581607388 234.7663467954388921   0.4477651655771692
 242.6937479272385309 214.9998114346225824 231.5311356541657027   0.4477651655771692
 243.1661794607188438 219.4557856584089020 231.7881384083789848  -0.8627348338740526
 243.3551520741109583 221.3360631616605563 231.9922288308424877   0.4477651655771692
 243.2738938503523860 218.6375342424209869 230.0684876265106520   0.4477651655771692
 233.1392925941326863 216.3056121931621721 237.4233017397321566   0.7340651639308348
 231.9997877353781820 216.8706403072046389 235.4920016308646534  -0.5894348333252745
 232.6838685958576652 214.1267579607509846 238.6043805734329390  -0.4157348344228307
 233.5814885094702490 213.7941661611808407 240.2522217622122704   0.2718651655771693
 230.9245335651769846 212.2256934700262048 237.6084949008564374  -0.0014348344228307
 231.3799575634520057 211.9101092056613527 235.6223927341052247   0.0875651655771693
 231.2798020783541845 209.7161371641787769 239.0409073103687646  -0.0152348344228307
 231.2911404351577126 210.0751851296238104 241.0723629043340890   0.0294651655771693
 229.6451889725122844 208.5274994259423002 238.6535134529149114   0.0294651655771693
 233.6287316628182911 208.2175843399792120 238.3303702840143650  -0.0011348344228307
 233.3377138381944253 206.0368403814340942 236.8053612939399106  -0.1906348344228307
 231.4933411314872852 205.4812608980612520 236.1987592049511927   0.1698651655771693
 235.4277509423113195 204.5628539969755156 236.0740372801123854  -0.2341348344228307
 235.2028735323746909 202.9093436297944202 234.9420913258935483   0.1655651655771693
 238.0506908161940269 205.3886643174990982 236.8828400654306759   0.3225651655771693
 240.1388381941769910 204.0942019157630363 236.1382879686657193  -0.5579348360691652
 241.6638471842514454 204.9691451157685912 236.5653660749319205   0.3991651655771693
 238.2528915125235997 207.7319247235614677 238.5344607064778680  -0.2341348344228307
 240.0519107920166279 208.3744316090946729 239.1750778658771697   0.1655651655771693
 236.0230146744965095 209.0112693162261410 239.2185415669573511  -0.1906348344228307
 236.1534057777370808 210.6099776255235269 240.4393046494704814   0.1698651655771693
 228.1164005301699964 213.0571729689515513 237.6632969587401735   0.5972651661259474
 226.5441483867475269 211.8099537205635047 236.4859975773072249  -0.5679348360691651
 227.4606655616993329 215.1169744549256954 238.9823258002171947  -0.4157348344228307
 228.8628423530688835 216.1317573888414194 239.7930183116694157   0.2718651655771693
 224.9511092558519050 216.3226197283674642 238.9199648377977911  -0.0237348344228307
 223.5319249292770357 214.9147737585961228 238.4475333043174781   0.0879651655771693
 224.3010434657829786 217.4035430769704253 241.5391252594126380   0.0341651655771693
 225.9280976670891844 218.3351780609935931 242.3687150322040810   0.0240651655771693
 222.8799694130742059 218.8586322000897817 241.3047992188064117   0.0240651655771693
 223.3561803988223527 215.4117717318174221 243.4231822149321260   0.0017651655771693
 224.8736304843611397 214.0700661767333450 243.7992377155824782   0.0439651655771693
 222.9291022925561515 216.3774217862511735 245.1938556024163613   0.0439651655771693
 220.5348192808779331 213.6921209499490893 242.4839883263732908  -0.2737348344228307
 221.8973118234351625 210.6458824220680143 241.7413259557422375  -0.0536348344228307
 220.4346637957801118 209.4062220782156887 240.9967738589772539   0.0683651655771693
 223.3883057430990331 210.8613112013350451 240.3372594382387300   0.0683651655771693
 222.6758789906107029 209.8276310060801260 243.4628664637445006   0.0683651655771693
 224.7507982856562625 218.3729725836720374 236.8771708870289119   0.5972651661259474
 222.8818591392081362 218.4032082018147608 235.4901119047307233  -0.5679348360691651
 226.7255620956039470 220.1644329586293715 236.5748147056015181  -0.4157348344228307
 228.1825409448572338 220.1871096722364275 237.8069161449181762   0.2718651655771693
 226.6594216809167096 221.9747905949259278 234.4942262321542214   0.0336651655771693
 224.8622921275576116 223.0405961344575274 234.5924919911181392   0.0822651655771693
 228.8741807098724114 223.8040454925617064 234.7606776170371282  -0.1825348344228307
 228.6663108351410748 224.8074900696738754 236.5313510045213366   0.0602651655771693
 230.6675308109636758 222.7854831063781488 234.7455598079657396   0.0602651655771693
 228.8439450917296882 225.1627585828510751 233.2148816394895481   0.0602651655771693
 226.7104442865325855 220.6349747659757543 231.9752212956371957   0.5972651661259474
 225.2459065327436046 221.3851960411425017 230.3897410692772680  -0.5679348360691651
 228.3412779401066250 218.7490280843223629 231.6709753880758717  -0.4157348344228307
 229.6470786986462147 218.3843109404755386 233.0277987522313372   0.2718651655771693
 228.6511930260697131 217.4545656825863010 229.2464567582549031  -0.0275348344228307
 229.4959006079325178 218.7641458933937246 227.8990820247690622   0.1122651655771693
 230.1856506468137651 215.0111497914261104 229.6168430805034647  -0.0050348344228307
 229.6300711634409229 214.1324271391527219 231.3988548247912010   0.0338651655771693
 229.6414095202444508 213.6845620454133950 228.1334080653752884   0.0338651655771693
 232.9937836818207533 215.0942977413186397 229.4940108817985875  -0.1415348344228307
 234.4205269129312900 216.9972519581773498 228.5737142545789478  -0.1638348344228307
 233.7156590649786810 218.7906020592686142 227.8688464066263120   0.2061651655771693
 236.9168551358412597 216.2640382182158942 228.5321402796326697  -0.3418348344228306
 238.2736784999967252 217.3374026622831879 227.6647559841628090   0.3411651655771693
 237.2173215911347501 213.7866072566451464 229.2823615547994173   0.1379651655771693
 239.2884614339124492 212.1312071633301209 229.3314944342813626  -0.2601348344228306
 241.0893704395393809 212.7359195261849353 228.6719800135428387   0.1571651655771693
 238.9596490866101389 209.6386583926880114 230.1875403729476954  -0.1134348344228307
 240.5300115038987050 208.3706521568268393 230.2366732524296408   0.1416651655771693
 236.5559174442623227 208.7958405369591102 230.9491000049179441  -0.1972348344228307
 236.3253708559239302 206.8909965939664966 231.5689301768441201   0.1446651655771693
 234.4526522572079435 210.4228947382653160 230.8527239720879833  -0.2387348344228307
 232.6271768118400255 209.7501522345893605 231.3799575634520057   0.1699651655771693
 234.7380009034300722 213.0137092678713431 229.9910088550198867   0.1242651655771693
 226.1189600066152292 216.5928505655182045 228.1258491608395941   0.5972651661259474
 225.8033757422503771 216.6079683745895660 225.8222730035895992  -0.5679348360691651
 224.0572687945071547 215.8482984687532209 229.9078609051273573  -0.4157348344228307
 224.2953742873812147 215.8199525767444010 231.8013664913164430   0.2718651655771693
 221.6251912601504920 215.1320922639970840 228.8968574234794671  -0.0518348344228307
 221.9766803210598581 213.6392086181992833 227.5249162502526400   0.0921651655771693
 219.5446027867031954 214.4026579763034620 230.8772904118289427  -0.1102348344228307
 219.2384671530079677 216.0259327253418342 232.1112815772795311   0.0456651655771693
 217.8155033741652649 214.1910086493042919 229.7755800757528557   0.0456651655771693
 219.5049185378908476 212.1557736030711070 232.6800891435898316   0.3530651655771693
 219.9565630838980349 210.4134461075957182 231.7049904584864554  -0.0361348344228307
 221.2453563072323329 212.6338743149531839 234.8835098157420052  -0.4121348344228307
 220.4460021525836397 214.1021915210099985 236.0872653630498436   0.0999651655771693
 221.4910207046420869 210.9123338069509208 235.9852201518180920   0.0999651655771693
 223.0519344912610553 213.2688222959507217 234.1616344325840775   0.0999651655771693
 216.8630814026689446 211.9819187987503541 233.8554987988888500  -0.4121348344228307
 215.5686190009328830 211.0767399806020759 232.5515877664831904   0.0999651655771693
 216.9424499002936403 210.9085543546830872 235.6016057466320724   0.0999651655771693
 216.1487649240467113 213.8565271236002444 234.3298200585030663   0.0999651655771693
 220.2967137880038463 217.3695280065598415 227.7346758511179071   0.5972651661259474
 219.4746829197481242 217.2504752601227981 225.5614907971084566  -0.5679348360691651
 220.0227034985852723 219.4973596333551802 229.1330731902196236  -0.4157348344228307
 220.9732357439476622 219.6296404627296549 230.7903630096685797   0.2718651655771693
 218.6526520514923755 221.7347953759179377 228.1957690277946920  -0.0875348344228307
 216.8385149629279585 221.0790604074472474 227.4795628230385282   0.0968651655771693
 217.9836890000842538 223.5980653439642731 230.3406081897953225   0.2984651655771693
 216.8952067469455982 222.5549365180397562 231.7465644334327335  -0.0297348344228307
 220.2608089914593591 224.7432393811205682 231.6993212800846914  -0.3192348344228306
 219.6126329275243629 226.0811654839368117 233.1260645111952281   0.0790651655771693
 221.2982686389821118 223.2446865569210036 232.6404048947774837   0.0790651655771693
 221.4777926217046287 225.7258969707596118 230.3632849034023785   0.0790651655771693
 216.2923841102247139 225.7447942320988340 229.3844067660311687  -0.3192348344228306
 215.6876717473699264 226.9202038873978524 230.9661075401232359   0.0790651655771693
 217.3090567702743680 226.9220936135317557 228.0313628541435368   0.0790651655771693
 214.6237559339722570 224.9492195297179746 228.4792279478828905   0.0790651655771693
 220.0189240463174385 222.9309920186900818 225.9356565716248787   0.5972651661259474
 218.7906020592686142 223.4752331452593961 224.0308126286322651  -0.5679348360691651
 222.5303700782987701 223.0576036696628193 225.9866791772407544  -0.4157348344228307
 223.4449975271166727 222.5643851487093538 227.6042847478773356   0.2718651655771693
 223.4374386225809784 225.9469949284284066 223.4601153361880344   0.0863651655771693
 223.7851482312224840 222.4925755556203525 221.4834618001063926   0.5972651661259474
 223.2862605318672817 223.5338146554109660 219.4595651106767358  -0.5679348360691651
 223.9287674174005137 219.9716808929693966 221.6478679737575478  -0.4157348344228307
 224.3615147020684789 219.1723267383207035 223.3391728636170875   0.2718651655771693
 223.4809023236611600 218.3313986087257594 219.4709034674802637   0.0336651655771693
 224.7375702027188042 218.9247726147770191 217.9477842035397396   0.0822651655771693
 224.1026222217212664 215.6026340713434666 220.2230144687809414  -0.1825348344228307
 223.7851482312224840 214.3421867400179888 218.6243061594835556   0.0602651655771693
 226.0717168532672139 215.4590148851654640 220.8069398441626036   0.0602651655771693
 222.8913077698777340 215.0073703391582766 221.7839282553998830   0.0602651655771693
 220.7540275124127975 218.5411582095910263 218.4712383426359283   0.5972651661259474
 220.3534055720214859 218.3729725836720374 216.1808902683233648  -0.5679348360691651
 218.7509178104562664 219.1213041327048278 220.1908891245042611  -0.4157348344228307
 219.1137452281691604 219.2668130450167876 222.0598282709523873   0.2718651655771693
 216.1922286251268929 219.5143671685604720 219.3367329119718586   0.0212651655771693
 215.6007443452095365 217.8532978968436825 218.2728170985741895   0.1123651655771693
 214.3818709888303366 219.6504274502027806 221.6025145465434360  -0.1231348344228307
 215.0281573266314023 221.0355967063670658 222.9801248981720272   0.1111651655771693
 212.5167112946500708 220.2192350165130810 220.9316617690014109   0.1111651655771693
 214.1078606994117624 216.5626149473754543 223.0708317526002506  -0.3119348344228307
 216.4511211054741051 216.4889156281525494 224.0440407115696965   0.1932651655771693
 216.1128601275021973 221.9086501802386904 217.8287314571026962   0.5972651661259474
 214.8354052609714541 222.0409310096131652 215.8936518959673326  -0.5679348360691651
 217.3241745793457297 223.9306571435344170 218.7339102752509744  -0.4157348344228307
 218.3880903927433991 223.6963311029281909 220.3175007754769987   0.2718651655771693
 217.4394478735149127 226.4080881051051917 217.5131471927378441  -0.0252348344228307
 215.5497217395936608 227.2206703426913160 217.4129917076400231   0.0697651655771693
 218.6469828730906115 227.6553073534932115 218.6243061594835556   0.0697651655771693
 218.5222609482518042 226.2266743962487445 214.8467436177749553   0.5972651661259474
 217.2315779987835759 226.9391011487370478 213.0420551598801630  -0.5679348360691651
 220.7521377862788674 225.0512647409497260 214.5802922328920754  -0.4157348344228307
 221.7045597577751876 224.5599359461301909 216.1733313637876975   0.2718651655771693
 221.9407755245153441 224.5882818381390108 212.1179790803926895  -0.0518348344228307
 222.3451769171744894 226.3948600221677334 211.2071310838426472   0.0921651655771693
 224.4635599133002303 223.2068920342425861 212.5204907469179044  -0.1102348344228307
 224.1026222217212664 221.4702337171689613 213.5711784773781156   0.0456651655771693
 225.2251195452704789 222.6853276212803275 210.6742283140768342   0.0456651655771693
 226.4553312584532067 224.7904825344685834 213.9396750734927737   0.3530651655771693
 225.6994408048847222 225.4348791461357458 215.7386943529858020  -0.0361348344228307
 228.7456793327657702 223.1237440843500567 214.5009237352673798  -0.4121348344228307
 230.1516355764031812 224.2235646942922133 215.5213758475848677   0.0999651655771693
 228.1409669699109826 221.5401535841240325 215.6649950337628704   0.0999651655771693
 229.5469232135483935 222.4264351409331153 212.7415887045866994   0.0999651655771693
 227.2830313051107196 227.1091765007899669 212.4335633447575416  -0.4121348344228307
 228.9327622200239813 227.9860094269294251 213.3047270924952359   0.0999651655771693
 227.6855429716359615 226.5951709923634026 210.4833659745507894   0.0999651655771693
 225.7769195763754875 228.5019046614899465 212.4354530708914449   0.0999651655771693
 220.2135658381113170 223.1199646320821962 210.3265187054353286   0.5972651661259474
 219.7335754000953366 223.9590030355432369 208.2156946138453085  -0.5679348360691651
 219.0476048134819232 221.0563836938401914 211.2430358803871346  -0.4157348344228307
 219.2894897586238436 220.4913555797977515 213.0496140644158572   0.2718651655771693
 217.5641697983537200 219.4973596333551802 209.5951946916078031  -0.0597348344228307
 218.6545417776262788 218.9909130294642833 207.9246767892214159   0.0868651655771693
 216.8196177015887632 217.0274875763200998 210.9860331261738525   0.1302651655771693
 216.2753765750194221 217.5320444540770663 212.9116640566396185   0.0186651655771693
 214.5330490795440333 215.6517669508254122 209.8314104583479596  -0.3204348344228307
 214.8467436177749553 215.3135059728535043 207.8245213041235947   0.0881651655771693
 214.2439209810540979 213.8621963020020084 210.8102885957191694   0.0881651655771693
 212.8304058328809926 216.7893820834460132 210.0657364989542126   0.0881651655771693
 219.0986274190977720 215.1982326786843214 211.1750057395659669  -0.0430348344228307
 220.7294610726718383 216.2319128739392407 211.8874324920542970   0.0235651655771693
 218.6469828730906115 213.7393641032971043 212.5601749957302522   0.0235651655771693
 219.9130993828178535 213.8810935633412037 208.7164720393344146  -0.0660348344228307
 220.3779720117624722 215.2700422717733227 207.2689418207507525   0.0185651655771693
 221.5873967374720743 212.7378092523188388 209.0887480877169063   0.0185651655771693
 218.4202157370200526 212.6414332194888782 208.0305014527210009   0.0185651655771693
 215.3399621387284207 220.9751254700815925 208.6767877905220936   0.5972651661259474
 214.7258011452040084 220.9052056031264945 206.4355725956914757  -0.5679348360691651
 214.0757353551351089 222.3791919875850732 210.3775413110512042  -0.4157348344228307
 214.6426531953114792 222.4869063772185885 212.1973475780173851   0.2718651655771693
 211.8760941352507689 223.7738098744189562 209.6310994881523173  -0.0249348344228307
 210.5192707710953034 222.4661193897454631 208.8015097153608741   0.0842651655771693
 210.6005289948539025 225.1514202260475473 211.8571968739115467   0.2116651655771693
 210.0827440341595046 223.7775893266868168 213.3028373663613056   0.0351651655771693
 211.9138886579291866 226.5233613992743744 212.6527715762924060   0.0351651655771693
 212.6036386968104338 225.7353456014292094 207.7130274622222455   0.5972651661259474
 214.7957210121591064 226.9976826588886177 208.0588473447298208  -0.4157348344228307
 215.9560128583867364 226.5403689344796664 209.5044878371795796   0.2718651655771693
 215.5818470838703412 228.9611081120328012 206.3429760151293219  -0.0518348344228307
 214.0889634380725403 230.3784027124737401 206.2352616254958332   0.0921651655771693
 218.0422705102357969 230.2687985967062943 207.1744555140546952  -0.1102348344228307
 217.4715732177915930 231.0435863116140280 208.9961515071547793   0.0456651655771693
 219.6277507365957246 228.9800053733720234 207.4427966250715052   0.0456651655771693
 218.8454041171523503 232.4400939245818144 205.4056718527043902   0.3530651655771693
 218.7093438355100151 231.7862486822450813 203.4573642086315952  -0.0361348344228307
 217.1484300488910467 234.7720159738406561 205.7647198181494237  -0.4121348344228307
 217.2844903305333819 235.4277509423113195 207.7130274622222455   0.0999651655771693
 217.7607013162815287 236.2724585241741242 204.4929341300204178   0.0999651655771693
 215.1944532264164878 234.2693488222175930 205.3452006164189167   0.0999651655771693
 221.6781035919002980 233.0145706692938790 205.6211006319714210  -0.4121348344228307
 222.7609166666371627 231.3364938623718243 205.1146540280805242   0.0999651655771693
 222.1656529344519725 234.5565871945736252 204.3436457654406510   0.0999651655771693
 222.1240789595057214 233.5588117958631933 207.5580699192406879   0.0999651655771693
 216.1298676627074891 227.8801847634298399 203.7691690207285866   0.5972651661259474
 217.6492074743801796 225.8317216342591970 203.6746827140325293  -0.5163348344228307
 218.1802205180120625 224.9907935046642528 205.3036266414726386   0.2935651655771693
 218.5222609482518042 224.7678058208615276 201.3295325818362565   0.0380651655771693
 219.5124774424265419 226.2210052178469805 200.2561681377689894   0.0879651655771693
 220.3401774890840547 222.5284803521648667 201.7641695926381520  -0.0303348344228307
 219.4387781232036102 221.1074062994560673 202.9490278786067680  -0.0122348344228307
 220.8315062839035630 221.6932214009716595 199.9443633256719711  -0.0122348344228307
 222.7325707746283428 223.4809023236611600 203.0586319943741868   0.7993651644796129
 223.2276790217157115 225.8052654683843074 202.9452484263389344  -0.8014348333252744
 224.0875044126498779 221.8897529188994682 204.1962471269947878  -0.8014348333252744
 215.0187086959618047 221.8576275746228147 202.7997395140269746   0.2718651655771693
 210.8480831183975869 205.1675663598303034 211.4868105516629853   0.1006651655771693
 210.9860331261738525 208.7712740972181509 209.7558214129911247   0.3653651655771693
 212.9929222803982174 208.9999309594226131 210.1640022579181035   0.0042651655771693
 209.7898364834017083 211.1655571088963693 209.9504632047850030  -0.6761348327764963
 210.5457269369701930 212.3164003244544015 208.7693843710842206   0.4101651655771693
 210.1186488307039918 208.0607370708637511 214.1872291970364580   0.5972651661259474
 211.8231818035009629 207.3520897706432817 215.6007443452095365  -0.5679348360691651
 208.5539555918171898 211.1183139555483272 217.2674827953280901  -0.0024348344228307
 210.3926591201225657 212.0272722259644658 217.4470067780506068   0.0977651655771693
 209.0188282207618353 219.0778404316246464 214.5746230544903115  -0.1704348344228307
 210.1677817101859373 220.6973357283951579 215.1188641810596258   0.1429651655771693
 208.4897049032638827 217.2183499158461445 216.3093916454300059  -0.1256348344228307
 209.2210289170914079 217.3638588281580775 218.2293533974940079   0.1329651655771693
 209.5781871564025113 209.3344124851266874 221.2415768549644722  -0.5679348360691651
 211.3431913654849558 201.3219736773005622 219.4916904549534162  -0.0275348344228307
 210.9123338069509208 199.8593256496455116 220.8749699849837713   0.1122651655771693
 211.8137331728313653 200.0558571675733203 216.9141040082848205  -0.0050348344228307
 211.9460140022058401 201.4523647805411335 215.4061025534156579   0.0338651655771693
 213.5636195728424481 198.9711543667025253 216.9972519581773498   0.0338651655771693
 211.5075975391361110 191.4141395571514481 216.8555224981332506  -0.1972348344228307
 213.0344962553444955 190.1669203087634283 217.4526759564523709   0.1446651655771693
 211.8987708488578249 193.9822773731504192 217.0048108627130440  -0.2387348344228307
 213.6977901283508532 194.7041527563083470 217.7002300799960553   0.1699651655771693
 213.7866072566451464 202.4444710008498015 220.4403329741818758   0.5972651661259474
 215.2341374752288355 201.1273318855066839 221.6932214009716595  -0.5679348360691651
 214.3667531797589749 204.8576512738672421 219.8375103374609915  -0.4157348344228307
 213.1478798233797750 205.9480232531398010 218.8529630216880178   0.2718651655771693
 216.7704848221067908 205.9366848963362731 220.5631651728867528   0.0336651655771693
 218.2444712065653696 204.7348190751623382 219.7694801966398238   0.0822651655771693
 217.1616581318285049 208.6503316246471772 219.5956253923190711  -0.1825348344228307
 215.7103484609769821 209.8805433378299052 220.3874206424320698   0.0602651655771693
 219.0230383737409369 209.3249638544570628 220.1719918631650658   0.0602651655771693
 217.0312670285879336 208.6730083382542332 217.5414930847466641   0.0602651655771693
 217.0633923728645871 206.0217225723627327 223.3864160169651027   0.5972651661259474
 219.0173691953391729 205.2526040358567629 224.3879708679433685  -0.5679348360691651
 215.1075258242560979 206.9117835814396223 224.7564674640580264  -0.4157348344228307
 213.4899202536195167 207.4541349818750331 223.9023112515255973   0.2718651655771693
 215.2568141888358913 207.0988664686978332 227.4606655616993329  -0.0875348344228307
 216.9122142821508902 208.1703411866311968 228.0615984722862871   0.0968651655771693
 212.9494585793180360 208.2440405058541016 228.6625313828732410   0.2984651655771693
 213.1252031097727190 208.1760103650329607 230.7128842381777876  -0.0297348344228307
 212.7094633603100457 211.0087098397809084 227.7989265396712410  -0.3192348344228306
 212.5337188298553626 211.0767399806020759 225.7485736843666676   0.0790651655771693
 211.0408351840575620 211.8553071477776166 228.6587519306054074   0.0790651655771693
 214.3856504410981702 212.0575078441071892 228.3771827366511391   0.0790651655771693
 210.6496618743358747 206.5999787693426308 227.9992375098668833  -0.3192348344228306
 210.9406796989597407 204.6913553740821566 228.7154437146230470   0.0790651655771693
 210.4172255598635520 206.5357280807892967 225.9545538329640740   0.0790651655771693
 215.5648395486650492 204.4872649516186536 228.4943457569542522   0.5972651661259474
 216.9311115434901124 204.0942019157630363 230.3330492852596284  -0.5679348360691651
 214.2968333128038769 202.6183258051705542 227.3227155539230674  -0.4157348344228307
 213.2858298311560137 202.9717045922138240 225.7447942320988340   0.2718651655771693
 214.3875401672321005 200.0747544289125424 228.2505710856784015   0.0336651655771693
 213.6826723192794647 200.0029448358235411 230.1837609206798616   0.0822651655771693
 212.8152880238096309 198.2530584358124583 226.6216271582382922  -0.1825348344228307
 213.5088175149587120 198.2889632323569722 224.6827681448350949   0.0602651655771693
 212.9796941974607592 196.3425453144180807 227.3718484334050129   0.0602651655771693
 210.8367447615940590 198.8332043589262865 226.6537525025149457   0.0602651655771693
 217.0596129205967533 199.1280016358179862 228.2052176584642897   0.5972651661259474
 217.9496739296736700 198.0678652746881775 230.0722670787784856  -0.5679348360691651
 218.3521855961988849 199.3755557593616707 226.1076216498117011  -0.4157348344228307
 217.5698389767554840 200.2920729343134767 224.6166277301478307   0.2718651655771693
 220.9826843746172600 198.5176200945614345 225.9432154761605461  -0.0014348344228307
 221.0072508143582461 196.5957686163635291 226.6839881206576959   0.0875651655771693
 221.9691214165241638 198.4552591321420309 223.2050023081086557  -0.0152348344228307
 223.0405961344575274 196.7280494457380038 222.9971324333773192   0.0294651655771693
 220.3552952981554162 198.3456550163745850 221.9464447029171080   0.0294651655771693
 223.6755441154550652 200.5812010328034392 222.2884851331568497  -0.0011348344228307
 222.6286358372626879 202.3556538725554813 220.6104083262347949  -0.1906348344228307
 220.7483583340110336 202.0514079649941842 219.9849089759068548   0.1698651655771693
 223.9816797491502927 204.4891546777525840 219.7997158147825740  -0.2341348344228307
 223.1180749059482927 205.9007800997917589 218.6658801344298068   0.1655651655771693
 226.7066648342647517 204.7782827762425465 220.6198569569043926   0.3225651655771693
 228.1088416256343021 206.7738335736633835 219.8242822545235333  -0.5579348360691652
 229.6773143167889650 206.8928863201004269 220.7370199772075057   0.3991651655771693
 227.8064854442069084 202.7184812902683755 222.2884851331568497  -0.2341348344228307
 229.7245574701369800 202.8129675969644328 222.8931974960116641   0.1655651655771693
 226.2342333007844388 200.7134818621779140 223.0538242173949588  -0.1906348344228307
 226.9882340282190200 199.2867386310673774 224.2651386692384913   0.1698651655771693
 222.7628063927710928 200.0256215494305971 227.6515279012253777   0.5972651661259474
 224.5391489586570654 198.9182420349527461 228.6568622044714770  -0.5679348360691651
 222.2847056808890159 202.4463607269837050 228.1277388869735244  -0.4157348344228307
 220.8088295702965070 203.2702813213733841 227.2452367824323021   0.2718651655771693
 223.7945968618921086 203.9694799909242558 229.8643972040471491  -0.0597348344228307
 225.8033757422503771 203.7049183321752795 229.3522814217544883   0.0868651655771693
 223.3316139590813934 206.8191870008774953 229.5129081431378098   0.1302651655771693
 221.3020480912499725 207.1404404436441113 229.6395197941105205   0.0186651655771693
 224.6657606096298029 208.3215192773448937 231.6161733301921622  -0.3204348344228307
 223.7397948040083723 208.0078247391139451 233.4265309664887185   0.0881651655771693
 226.6329655150418201 207.7338144496953712 231.7956973129146791   0.0881651655771693
 224.6185174562817608 210.3340776099710226 231.1909849500598645   0.0881651655771693
 224.2349030510957412 207.7980651382487051 226.9031963521925604  -0.0430348344228307
 223.4355488964470483 209.6726734630985684 226.6083990753008340   0.0235651655771693
 223.4865715020629240 206.5867506864051726 225.4197613370643841   0.0235651655771693
 227.1091765007899669 207.9927069300425834 226.5139127686047768  -0.0660348344228307
 227.9406559997153133 209.3192946760552988 227.8499491452870898   0.0185651655771693
 227.9954580575990497 206.1464444972015132 226.7350107262735716   0.0185651655771693
 227.4871217275742225 208.6900158734595250 224.6147380040139272   0.0185651655771693
 223.5130276679378404 203.0435141853028253 232.5459185880814264   0.5972651661259474
 225.4424380506714401 202.7430477300093616 233.8630577034245175  -0.5679348360691651
 221.2000028800182209 202.3499846941537174 233.4114131574173568  -0.4157348344228307
 219.6485377240688771 202.6636792323846660 232.3474973440196876   0.2718651655771693
 220.8617419020463131 201.3578784738450762 235.9304180939343827  -0.0518348344228307
 221.7895974338016472 202.6466716971793742 237.2418880308757364   0.0921651655771693
 218.0800650329142413 201.0404044833462940 236.7467797837883675  -0.1102348344228307
 217.2183499158461445 200.3563236228668106 235.0082317405808125   0.0456651655771693
 217.8684157059150440 199.6174407045035911 238.2226558943808495   0.0456651655771693
 216.7667053698389572 203.5046073619796102 237.5763695565797838   0.3530651655771693
 214.7673751201502865 203.1209929567935906 237.8825051902750382  -0.0361348344228307
 217.9440047512719060 204.5193902958953342 240.0311238045435025  -0.4121348344228307
 219.9452247270945070 204.9030047010813538 239.7249881708482480   0.0999651655771693
 216.9878033275077520 206.2598280652367924 240.5810341095145807   0.0999651655771693
 217.7342451504066391 203.1172135045257568 241.5240074503412764   0.0999651655771693
 216.7194622164909420 205.4793711719273216 235.4542071081862091  -0.4121348344228307
 215.6971203780395239 204.7215909922249068 233.8347118114156975   0.0999651655771693
 215.7764888756642195 207.1839041447242929 236.1231701595943307   0.0999651655771693
 218.6488725992245148 205.9366848963362731 234.8967378986794634   0.0999651655771693
 222.1051816981664992 198.8124173714531341 236.1231701595943307   0.5972651661259474
 223.3070475193404071 198.2436098051428605 238.0299038287208745  -0.5679348360691651
 221.8803042882298707 197.1985912530843865 234.1654138848519382  -0.4157348344228307
 220.9448898519388423 197.6785816911003937 232.5704850278223859   0.2718651655771693
 223.0368166821896668 194.7438370051206946 234.2901358096907185  -0.0024348344228307
 222.2903748592907799 193.7970842120261386 235.9606537120771059   0.0977651655771693
 222.5795029577807423 193.0411937584576539 231.9733315695032656  -0.0343348344228307
 222.8459543426636222 194.1069992979892265 230.2310040740278768   0.0294651655771693
 223.7586920653475946 191.3517785947320443 231.9317575945570143   0.0294651655771693
 219.9055404782821592 192.1568019277825014 231.9771110217711260   0.0117651655771693
 219.0589431702854511 190.5165196435388374 233.8101453716747383  -0.1256348344228307
 220.3571850242893466 189.8777922102734658 235.2746831254636922   0.1329651655771693
 216.5947402916521346 189.6831504184795874 233.8006967410051137  -0.1704348344228307
 215.9371155970475411 188.4000263735470534 235.2727933993297889   0.1429651655771693
 214.9639066380780952 190.4673867640568918 231.9374267729587782  -0.1072348344228307
 213.0099298156035094 189.8173209739879923 231.9317575945570143   0.1296651655771693
 215.8029450415391091 192.0755437040238755 230.0798259833141799  -0.1704348344228307
 214.5236004488744358 192.6972636020839819 228.5888320636503093   0.1429651655771693
 218.2652581940385220 192.8994642984135547 230.1025026969212359  -0.1256348344228307
 218.9436698761162413 194.1618013558729360 228.6247368601948235   0.1329651655771693
 225.8373908126609609 195.1047746966996585 234.4772186969489296   0.5972651661259474
 227.1224045837274251 193.6326780383749834 235.7319968498726437  -0.5679348360691651
 226.8654018295141429 196.9472576772728685 233.0637035487758243  -0.4157348344228307
 225.7164483400900140 198.0470782872150518 231.9960082831103214   0.2718651655771693
 229.5412540351466295 197.6086618241452959 233.1411823202666166  -0.0252348344228307
 230.6618616325619385 196.0005048841783122 232.5043446131351485   0.0697651655771693
 229.8643972040471491 199.1884728721034864 231.8599480014679861   0.0697651655771693
 230.4445431271609775 198.3872289913208632 235.7735708248189216   0.5972651661259474
 232.3966302235016330 197.4574837334315989 236.6088297760121019  -0.5679348360691651
 228.8760704360063417 199.7346037248067042 237.2211010434025839  -0.4157348344228307
 227.2962593880481778 200.4035667762148527 236.4463133284948771   0.2718651655771693
 229.5336951306109353 200.5037222613126740 239.7590032412588318  -0.0518348344228307
 231.4196418122643535 201.3427606647737147 239.7608929673927621   0.0921651655771693
 227.6080642001451694 202.5257292246084004 240.6150491799251646  -0.1102348344228307
 227.5721594036006821 203.9732594431920896 239.1448422477344197   0.0456651655771693
 225.7240072446256815 201.6980291779508878 240.6981971298176938   0.0456651655771693
 228.1598642312501780 203.8579861490228798 243.1529513777813856   0.3530651655771693
 230.1384074934657499 204.4305731676010408 243.2134226140668859  -0.0361348344228307
 226.5082435902030127 206.2258129948262088 243.3400342650396234  -0.4121348344228307
 224.5202516973178699 205.6872410466586584 243.3891671445215421   0.0999651655771693
 226.9750059452815617 207.2708315468846826 245.0540158685061654   0.0999651655771693
 226.8313867591035591 207.4522452557411029 241.7224286944030154   0.0999651655771693
 227.5305854286544041 202.2857340056004103 245.5037706883794224  -0.4121348344228307
 228.8477245439975218 200.7248202189814419 245.7154200153785928   0.0999651655771693
 227.7157785897786847 203.4535847563637345 247.1912961259711017   0.0999651655771693
 225.6068442243225684 201.5676380747103433 245.3903871203441431   0.0999651655771693
 229.5620410226197552 198.2133741870001104 241.4351903220469832   0.5972651661259474
 231.3043685180951437 197.8581056738229106 242.9337431462465478  -0.5679348360691651
 227.6269614614843916 196.5825405334260708 241.1951951030389929  -0.4157348344228307
 226.2758072757306900 196.9699343908799243 239.9045121535707648   0.2718651655771693
 227.3472819936640537 194.3488842431311471 242.7202040931134473  -0.0275348344228307
 227.4134224083512908 194.8836767390308637 244.7081959859985901   0.1122651655771693
 224.8320565094148615 192.9863917005739176 242.2099780369546898  -0.0050348344228307
 224.4937955314429535 192.7463964815659274 240.1936402520607273   0.0338651655771693
 224.7867030822007498 191.1476881722685414 243.1378335687100508   0.0338651655771693
 222.6267461111287576 194.4717164418360242 243.2360993276739417  -0.1415348344228307
 222.6947762519499253 196.4710466915247217 244.8631535289801207  -0.1638348344228307
 224.5504873154605933 197.0795385066473701 245.5151090451829505   0.2061651655771693
 220.2910446096020823 197.3100850949857624 245.3412542408622244  -0.3418348344228306
 219.8148336238539357 198.7613947658372852 246.4883180041524230   0.3411651655771693
 218.6167472549478613 195.8379884366610874 243.9938795073763835   0.1379651655771693
 216.2564793136802268 192.3930176945226579 240.9816560499058924  -0.1972348344228307
 218.8548527478219481 192.3023108400944344 241.1366135928874229  -0.2387348344228307
 219.8942021214786312 190.8812367873856617 240.0670286010879896   0.1699651655771693
 220.0094754156478409 194.0427486094359195 242.6559534045600864   0.1242651655771693
 229.5166875954056434 192.6178951044592863 242.1684040620084387   0.5972651661259474
 230.3916307954111984 191.2497333835002929 243.8256938814573409  -0.5679348360691651
 230.3859616170094344 192.5441957852363548 239.7835696809998179  -0.4157348344228307
 229.5091286908699492 193.5381917316789261 238.4475333043174781   0.2718651655771693
 232.5685953016884556 191.0645402223760121 239.1316141647969883  -0.0249348344228307
 232.3645048792249795 189.1389092919102463 239.8251436559460692   0.0842651655771693
 232.8879590183211681 190.9757230940817190 236.2516715367009987   0.2116651655771693
 231.3062582442290741 189.9666093385677589 235.4050742287042637   0.0351651655771693
 232.8974076489907659 192.8919053938778604 235.5014502615342512   0.0351651655771693
 235.1801968187676351 189.7965339865148667 235.5524728671501268  -0.6546348355203869
 235.1631892835623431 188.0428681342359234 236.0797064585141493   0.4274651655771692
 234.8589433760010191 192.2475087822107249 240.3467080689083544   0.5972651661259474
 236.5937119669407402 190.9454874759389687 241.1819670201015347  -0.5679348360691651
 234.9005173509472970 194.7873007062008763 240.5073347902916491  -0.4157348344228307
 233.3981850744798986 195.7529507606346278 239.8364820127495971   0.2718651655771693
 236.9697674675910657 196.1951466759722174 241.5750300559571520   0.0336651655771693
 238.7045360585307602 195.7094870595544462 240.5791443833806504   0.0822651655771693
 236.5918222408068101 199.0788687563360408 241.4370800481809133  -0.1825348344228307
 234.8683920066706435 199.5966537170304655 242.4405246252931092   0.0602651655771693
 238.1999791807737937 200.0256215494305971 242.3025746175168436   0.0602651655771693
 236.4349749716913492 199.6571249533159390 239.4642059643671054   0.0602651655771693
 237.2664544706166957 195.4864993757517480 244.3132432240090424   0.5972651661259474
 239.3262559565908666 195.7453918560989604 245.3525925976657525  -0.5679348360691651
 235.1915351755711630 194.7022630301744167 245.5850289121380483  -0.4157348344228307
 233.5153480947830118 194.6134459018801234 244.6779603678558667   0.2718651655771693
 235.2822420299993865 193.9747184686147519 248.2079687860207558  -0.0875348344228307
 236.0589194710410237 195.5016171848231097 249.3512530970430939   0.0968651655771693
 232.7915829854911807 193.1810334923678229 249.3247969311682311   0.2984651655771693
 231.2930301612916159 194.3980171226130925 248.6085907264120406  -0.0297348344228307
 232.2397829543861721 190.4314819675124047 248.5764653821353870  -0.3192348344228306
 233.7364460524518066 189.2126086111331777 249.2945613130254542   0.0790651655771693
 232.1547452783597126 190.2821936029326110 246.5242228006969372   0.0790651655771693
 237.0566948697514288 191.7694080703286480 248.4026105778146611   0.5972651661259474
 237.1266147367065266 190.1461333212902758 246.4448543030722416  -0.4157348344228307
 235.7036509578638238 190.2689655199951797 245.1787377933449728   0.2718651655771693
 239.0087819660920842 188.2034948556192447 246.0876960637610845  -0.0249348344228307
 238.4305257691121861 186.9865112253739483 244.5305617294100036   0.0842651655771693
 241.6260526615730277 189.3184332746327898 245.4735350702366992   0.2116651655771693
 242.2761184516419272 190.4371511459141686 247.0760228318019457   0.0351651655771693
 242.9507506814518130 187.7764167493530435 245.1296049138630542   0.0351651655771693
 241.4843232015289285 190.8755676089838977 243.2946808378255117  -0.6546348355203869
 243.1246054857725926 191.5577587433294508 242.9318534201126175   0.4274651655771692
 231.3062582442290741 179.9378327458476713 241.3860574425650376   0.5972651661259474
 229.9834499504841925 181.0584403432629802 239.8289231082139297  -0.5679348360691651
 233.7647919444606265 180.4915225030866102 241.7280978728047793  -0.4157348344228307
 234.8438255669296574 179.4635114862334548 242.9186253371751593   0.2718651655771693
 234.9458707781614090 182.4738452175700157 240.3145827246316740  -0.0581348344228307
 234.1068323747003680 184.2747542231969475 240.8569341250670850   0.1359651655771693
 237.8106955971860100 182.6023465946766568 240.7926834365137509  -0.0074348344228307
 238.2037586330416542 182.9802918214608857 242.7806753293988937   0.0366651655771693
 238.6837490710576346 180.8184451242549901 240.2484423099444366   0.0366651655771693
 239.1202758079934602 184.6319124625080778 239.3092484213855748   0.1867651655771693
 239.8100258468747075 184.3824686128304631 236.8110304723416746  -0.5432348344228307
 240.9589793362988364 186.5764406543130389 236.1382879686657193   0.1634651655771693
 241.6355012922426255 186.7143906620893045 234.1975392291285917   0.1434651655771693
 241.0534656429948937 188.2072743078870786 238.0261243764530408  -0.2795348344228307
 241.7828999306884888 189.9703887908356196 238.1017134218099028   0.3338651655771693
 239.8950635229011671 186.9789523208382541 240.0197854477399744  -0.2207348344228307
 239.7155395401786504 187.9162564832632126 241.8452608931078924   0.1861651655771693
 234.6302865137965569 181.9144862819293130 237.5669209259101861   0.5972651661259474
 233.9140803090403932 183.5623274707086445 236.0910448153176772  -0.5679348360691651
 235.1348433915535234 179.5428799838581504 236.8185893768773688  -0.4157348344228307
 235.6790845181228377 178.2314100469167967 238.0960442434081387   0.2718651655771693
 234.9779961224380625 178.8115559700306252 234.2126570381999532  -0.0275348344228307
 236.1420674209335529 180.0946800149631590 233.0996083453203385   0.1122651655771693
 235.8869543928541743 176.0903503371840266 233.7402255047196402  -0.0050348344228307
 234.9364221474917844 174.7921084831801043 235.0233495496521742   0.0338651655771693
 235.4976708092664173 175.5366605799450879 231.7938075867807487   0.0338651655771693
 238.6894182494593985 175.7388612762746606 234.1446268973787857  -0.1415348344228307
 239.9574244853205708 175.1379283656877064 236.3083633207186384  -0.1638348344228307
 242.9091767065055617 175.5347708538111576 233.3188165768552030   0.1379651655771693
 245.0880309389167493 175.6462646957125067 231.9393164990926817  -0.2601348344228306
 244.8801610641854395 176.2283003449602654 229.4089732057721279  -0.1134348344228307
 246.5752454063127860 176.3284558300580866 228.2430121811427340   0.1416651655771693
 242.5614670978640561 176.6875037955031201 228.3091525958299714  -0.1972348344228307
 242.4197376378199299 177.1467072460460017 226.3060428938734401   0.1446651655771693
 240.3599361518457858 176.5816791320035349 229.6981013042620904  -0.2387348344228307
 238.5552476939509934 176.9596243587877908 228.7796944031763541   0.1699651655771693
 240.5678060265771225 175.9996434827558031 232.2038781578416579   0.1242651655771693
 232.3097028213412700 179.0194258447619618 233.2621247928375633   0.5972651661259474
 231.8996322502803339 179.8414567130177107 231.1267342615065574  -0.5679348360691651
 230.4237561396878519 178.2729840218630480 234.8003618658494760  -0.4157348344228307
 230.7809143789989551 177.7325223475615941 236.5956016930746437   0.2718651655771693
 227.8461696930192562 178.2578662127916863 233.9405364749153096  -0.0597348344228307
 227.6175128308147938 177.1674942335191274 232.2095473362434221   0.0868651655771693
 226.0490401396601580 177.2922161583579347 235.9096311064612302   0.1302651655771693
 226.2965942632038425 178.3353449842824516 237.6689661371419376   0.0186651655771693
 223.3429523158849213 177.6777202896778578 234.9288632429561169  -0.3204348344228307
 223.0953981923412369 176.6345914637533409 233.1695282122754364   0.0881651655771693
 223.0122502424487075 179.6827197177683195 234.5906022649842091   0.0881651655771693
 226.9957929327546874 180.8826958128082972 233.2848015064446193   0.5972651661259474
 225.9016415012142948 181.3041047406727345 231.2760226260863240  -0.5679348360691651
 227.4833422753063889 182.7308479717832978 234.9590988610988401  -0.4157348344228307
 228.4206464377313206 182.3547924711329725 236.5767044317354484   0.2718651655771693
 226.6632011331845435 185.2800885264430738 234.5093440412255831  -0.0024348344228307
 224.6525325266923447 185.2404042776307260 234.0614789474862563   0.0977651655771693
 227.0751614303793830 187.0583208184629497 236.7732359496632571  -0.0343348344228307
 228.9800053733720234 186.8995838232135853 237.5442442123031303   0.0294651655771693
 226.6575319547827795 189.0368640806785215 236.3763934615397791   0.0294651655771693
 225.3082674951630081 186.2570769376803532 238.8179196265660395   0.0117651655771693
 222.7476885836997313 186.6217940815271507 238.5590271462188272  -0.1256348344228307
 222.0258132005418036 187.4967372815326788 236.8393763643504945   0.1329651655771693
 221.1036268471882335 185.8999186983692230 240.4393046494704814  -0.1704348344228307
 219.0797301577585767 186.1890467968591855 240.2068683349981587   0.1429651655771693
 224.5750537552015794 184.4561679320533945 242.8940588974341732  -0.1704348344228307
 226.2077771349095223 185.1818227674791560 241.0081122157807820  -0.1256348344228307
 228.2373430027409701 184.9078124780605820 241.2386588041191745   0.1329651655771693
 228.0786060074915789 186.3326659830371882 232.3021439168055757   0.5972651661259474
 227.0335874554331317 187.7291735960050015 230.7676862960615237  -0.5679348360691651
 230.3084828455186421 185.8923597938335556 232.2000987055738243  -0.4157348344228307
 231.0265787764087362 184.7641932918825523 233.5739296049345818   0.2718651655771693
 231.9960082831103214 186.6482502474020403 230.1402972195996533  -0.0518348344228307
 232.1660836351632405 188.7042722811083776 230.1629739332067091   0.0921651655771693
 234.6548529535375430 185.5522090897277174 230.6089493008121327  -0.1102348344228307
 235.3578310753562485 186.4082550283940502 232.3342692610822294   0.0456651655771693
 234.5339104809665692 183.5453199355033524 230.9831150753285277   0.0456651655771693
 236.6447345725566161 185.9528310301190290 228.5226916489630719   0.3530651655771693
 236.2875763332454859 187.7216146914693074 227.5286957025205006  -0.0361348344228307
 239.2431080066983374 186.0964502162970317 229.7699108973510917  -0.4121348344228307
 240.7397711047639719 186.1172372037701842 228.3620649275797506   0.0999651655771693
 239.3621607531353808 187.8198804504332251 230.8886287686324706   0.0999651655771693
 239.5265669267865090 184.4580576581873248 230.9906739798642220   0.0999651655771693
 236.7675667712614931 183.7720870715739114 226.6197374321043619  -0.4121348344228307
 238.2680093215949613 184.1235761324832506 225.2515757111453685   0.0999651655771693
 237.1587400809831802 182.0033034102236062 227.6023950217434055   0.0999651655771693
 234.9987831099111879 183.5906733627174642 225.5992853197869010   0.0999651655771693
 230.9075260299716928 185.8621241756908055 227.5646004990649878   0.5972651661259474
 230.5635958735980208 187.4513838543185670 225.9035312273482251  -0.5679348360691651
 230.2517910615010025 183.4659514378786568 227.3435025413962198  -0.4157348344228307
 230.4180869612860880 182.2527472599012209 228.8080402951851740   0.2718651655771693
 229.2672437457280287 182.5210883709180309 224.9907935046642528  -0.0249348344228307
 230.6070595746782024 182.9689534646573578 223.4903509543307844   0.0842651655771693
 228.8344964610600636 179.6487046473577356 225.0210291228069760   0.2116651655771693
 228.1504156005805802 179.0458820106368514 223.1747666899659325   0.0351651655771693
 230.6127287530799663 178.6981724019953457 225.4386585984035794   0.0351651655771693
 227.0222490986296038 179.0156463924941011 226.8956374476568661  -0.6546348355203869
 226.7633566182823915 177.2185168391350031 226.9013066260586303   0.4274651655771692
 226.7917025102912113 183.7607487147703833 224.3898605940772986   0.5972651661259474
 226.2833661802663843 184.3919172435000606 222.2091166355321541  -0.5679348360691651
 225.1873250225920614 184.1632603812955984 226.3211607029448018  -0.4157348344228307
 225.7013305310186523 183.7342925488954669 228.1088416256343021   0.2718651655771693
 222.7287913223605090 185.2404042776307260 225.9129798580178227   0.0212651655771693
 221.6894419487038259 184.0385384564567910 224.6033996472103993   0.1123651655771693
 221.1924439754825268 185.4860686750404800 228.3696238321154449  -0.1231348344228307
 222.2336830752731402 186.5556536668399133 229.7906978848242174   0.1111651655771693
 219.3783068869181368 186.3950269454565919 228.0200244973400089   0.1111651655771693
 220.4762377707263900 182.4398301471594320 229.8001465154938420  -0.3119348344228307
 219.2082315348652177 183.3639062266469055 231.7635719686380255   0.1932651655771693
 223.0254783253861389 187.8538955208438090 224.8377256878166255   0.5972651661259474
 221.6497576998914781 188.5833298085374039 223.1105160014125984  -0.5679348360691651
 224.6260763608174551 189.4715010914803902 225.9432154761605461  -0.4157348344228307
 225.6786538174115966 188.7760818741973790 227.3756278856728734   0.2718651655771693
 225.1438613215118798 192.0150724677384020 225.0078010398695446   0.0336651655771693
 223.3599598510902131 193.1054444470109610 225.0134702182713085   0.0822651655771693
 227.1299634882630925 193.2641814422603522 226.7198929172021831  -0.1825348344228307
 226.5819429094259444 193.1451286958233088 228.6946567271498945   0.0602651655771693
 228.9478800290953430 192.3136491968979623 226.5139127686047768   0.0602651655771693
 227.3529511720658176 195.2446144306098275 226.2002182303738549   0.0602651655771693
 226.0868346623385756 191.9432628746494007 222.3168310251656694   0.5972651661259474
 225.0191393966730725 193.2963067865370057 220.7181227158683104  -0.5679348360691651
 227.9066409293047295 190.3313264824145566 221.6138529033469639  -0.4157348344228307
 228.7872533077120483 189.3259921791684572 222.9876838027077214   0.2718651655771693
 228.7985916645155762 190.0610956452638163 218.9946924817321171  -0.0275348344228307
 229.5336951306109353 191.8771224599621633 218.3540753223328152   0.1122651655771693
 230.9679972662571662 188.1373544409320074 218.8643013784915457  -0.0050348344228307
 230.5239116247856729 186.5235283225632329 220.0680569257993840   0.0338651655771693
 231.0757116558906815 187.4249276884436774 216.9330012696240427   0.0338651655771693
 233.5625912481310537 189.0954455908300647 219.4954699072212498  -0.1415348344228307
 234.9383118736257147 188.4397106223594012 221.5458227625257964  -0.1638348344228307
 234.2882460835568152 187.1830427433017570 223.0198091469843750   0.2061651655771693
 237.3193668023665017 189.5036264357570706 221.3984241240799599  -0.3418348344228306
 238.7215435937360521 189.1256812089728149 222.6456433724679797   0.3411651655771693
 237.5990462701868396 190.9247004884658433 219.2346877007401073   0.1379651655771693
 239.6361710425539548 192.2928622094248366 218.2217944929583136  -0.2601348344228306
 241.3992855255024690 192.3401053627728519 219.1950034519277594   0.1571651655771693
 239.3357045872604642 193.5627581714199122 215.9012108005030269  -0.1134348344228307
 240.8796108386741408 194.5983280928087618 215.1056360981221676   0.1416651655771693
 237.0056722641355799 193.4663821385899248 214.6161970294365628  -0.1972348344228307
 236.7940229371363827 194.4358116452915368 212.8587517248898125   0.1446651655771693
 234.9572091349649368 192.0887717869613337 215.6196416065487586  -0.2387348344228307
 233.2054330088199237 191.9980649325331102 214.6256456601061871   0.1699651655771693
 235.2085427107764549 190.7413970534754926 217.9988068091556153   0.1242651655771693
 226.6877675729255296 189.3052051916953316 217.1540992272928106   0.5972651661259474
 226.5857223616937782 190.2916422336022088 215.0489443141045548  -0.5679348360691651
 224.9718962433250306 187.7102763346657793 218.0025862614234491  -0.4157348344228307
 225.0852798113603099 186.9298194413563085 219.7411343046310041   0.2718651655771693
 222.9498892800293039 186.9184810845527806 216.3641937033137421  -0.0518348344228307
 223.7681406960171922 186.1909365229931158 214.6180867555704931   0.0921651655771693
 221.2812611037768200 184.8454515156411783 217.5396033586127606  -0.1102348344228307
 222.6248563849948541 183.3053247164953623 217.7814883037546810   0.0456651655771693
 220.5215911979404749 185.3840234638087286 219.3764171607842064   0.0456651655771693
 219.1061863236334663 183.9723980417695537 215.8067244938069696   0.3530651655771693
 217.9817992739503235 185.6164597782810515 215.2832703547107809  -0.0361348344228307
 220.1247487098170237 182.6911637229709500 213.4105517559948211  -0.4121348344228307
 221.2472460333662362 181.0471019864594524 213.9340058950910097   0.0999651655771693
 218.5468273879927903 182.0977897169196635 212.2256934700262048   0.0999651655771693
 221.3020480912499725 184.0215309212514992 212.3674229300702774   0.0999651655771693
 217.1881142977033945 182.3188876745884583 217.2353574510514366  -0.4121348344228307
 216.3793115123851038 183.3941418447896555 218.7943815115364747   0.0999651655771693
 218.1367568169318809 180.6464800460681407 217.9742403694146292   0.0999651655771693
 221.2737021992411526 189.1351298396424125 215.8010553154052056   0.5972651661259474
 220.7011151806630185 189.6359072651315453 213.6108627261904634  -0.5679348360691651
 220.5102528411369470 190.5751011536904073 217.7569218640136949  -0.4157348344228307
 221.2132309629556791 190.2311709973167353 219.4992493594890837   0.2718651655771693
 218.7868226070007804 192.6594690794055376 217.4488965041845371  -0.0389348344228307
 217.0104800411148080 192.0150724677384020 216.6287553620627185   0.1006651655771693
 218.2388020281636056 193.9255855891327796 219.9244377396213814   0.3653651655771693
 219.9905781543086188 194.6285637109514851 220.7483583340110336   0.0042651655771693
 216.4189957611974516 196.1460137964902720 219.4784623720159580  -0.2438348344228307
 214.6653299089185350 195.4430356746715665 218.6564315037602091   0.0641651655771693
 216.0127046424043760 197.0738693282456060 221.2699227469732921   0.0641651655771693
 217.2882697828012157 197.4971679822439467 218.1877794225477298   0.0641651655771693
 217.1729964886320328 192.1643608323181688 221.6459782476236445  -0.6761348327764963
 216.8290663322583610 192.9920608789756815 223.2220098433139476   0.4101651655771693
 219.9792397975050909 194.6096664496122897 215.7764888756642195   0.5972651661259474
 218.7490280843223629 195.6641336323403345 214.1097504255456928  -0.5679348360691651
 222.3111618467639055 195.2635116919490229 216.3377375374388257  -0.4157348344228307
 223.1577591547606405 194.3904582180774251 217.8268417309687929   0.2718651655771693
 223.8815242640524717 196.9680446647459939 214.8202874519000657  -0.0024348344228307
 223.1426413456892520 198.8880064168099960 214.9582374596763313   0.0977651655771693
 226.5365894822118326 196.9434782250050347 215.9824690242616528  -0.0343348344228307
 226.4307648187122474 197.6974789524396159 217.8986513240577943   0.0294651655771693
 227.1961039029503567 195.0008397593339768 216.1317573888414194   0.0294651655771693
 228.4811176740167940 198.4231337878653774 214.5103723659369776   0.0117651655771693
 228.9403211245596756 200.9667051641233623 215.1150847287917921  -0.1256348344228307
 227.9293176429117854 201.8397586379949869 216.6211964575270242   0.1329651655771693
 230.7468993085883712 202.3499846941537174 213.7507024601006324  -0.1704348344228307
 231.1135061785690992 204.2586080894141914 214.2609285162593897   0.1429651655771693
 232.0527000671279610 201.2067003831313795 211.7305852229388361  -0.1072348344228307
 233.4057439790155928 202.2573881135915904 210.6685591356750700   0.1296651655771693
 231.5821582597815784 198.6650187330072978 211.1126447771465633  -0.1704348344228307
 232.5459185880814264 197.7995241636713674 209.5706282518668439   0.1429651655771693
 229.8247129552348013 197.2609522155037902 212.5242701991857383  -0.1256348344228307
 229.4807827988611561 195.3277623805023568 212.0650667486428835   0.1329651655771693
 223.9117598821952217 196.2461692815880933 211.9970366078217158   0.5972651661259474
 223.4506667055184366 197.8354289602158546 210.3510851451763147  -0.5679348360691651
 224.2349030510957412 193.7687383200173187 211.4698030164576933  -0.4157348344228307
 224.4635599133002303 192.4761656444151871 212.8549722726219787   0.2718651655771693
 224.3142715487204368 192.9221410120206105 208.8865473913873337  -0.0252348344228307
 225.8090449206521410 193.9218061368649459 207.8812130881412343   0.0697651655771693
 224.6922167755046925 190.8963545964570234 208.8374145119053883   0.0697651655771693
 221.8387303132835925 193.4304773420454108 207.6053130725887300   0.5972651661259474
 221.7990460644712447 194.2090445092209781 205.4132307572400843  -0.5679348360691651
 219.7014500558186563 192.9788327960382501 208.9130035572622501  -0.4157348344228307
 219.7562521137023926 192.2890827571569762 210.6912358492821260   0.2718651655771693
 217.2769314259976877 193.3737855580277710 207.7564911633024270  -0.0518348344228307
 217.2372471771853399 192.3249875537014902 205.9839280496842882   0.0921651655771693
 215.0243778743635687 192.5120704409597013 209.3967734475460910  -0.1102348344228307
 215.6196416065487586 193.1319006128858505 211.2694920462620510   0.0456651655771693
 213.2669325698167914 193.4569335079203272 208.8884371175212640   0.0456651655771693
 214.6029689464991314 189.6207894560601837 209.4175604350192166   0.3530651655771693
 216.9159937344187507 188.1902667726817865 210.4115563814617881  -0.4121348344228307
 217.3222848532117994 188.7949791355366011 212.3390770380614575   0.0999651655771693
 216.5342690553666344 186.1663700832521297 210.3926591201225657   0.0999651655771693
 218.5411582095910263 188.5946681653409320 209.2115802864217833   0.0999651655771693
 216.9481190786954042 196.1138884522135917 207.1139842777691949   0.5972651661259474
 215.9390053231814444 196.7204905412023096 205.1108745758126906  -0.5679348360691651
 217.7928266605582091 197.8581056738229106 208.7674946449502903  -0.4157348344228307
 218.6639904082959034 197.3743357835390697 210.3926591201225657   0.2718651655771693
 217.4564554087202045 200.5018325351787436 208.2251432445149063  -0.0389348344228307
 215.4571251590315338 200.8722188574273050 207.8887719926769286   0.1006651655771693
 218.3635239530024130 202.2271524954488404 210.2981728134265086   0.3653651655771693
 217.9477842035397396 204.1849087701912600 209.8144029231426678   0.0042651655771693
 216.9859136013738219 201.5241743736301349 212.7585962397919912  -0.2438348344228307
 217.3997636247025917 199.5664180988877153 213.2442558562097356   0.0641651655771693
 217.6227513085052900 202.7562758129467930 214.2798257775985850   0.0641651655771693
 214.9544580074084706 201.7490517835667635 212.4978140333108487   0.0641651655771693
 221.0185891711617739 202.0155031684496700 210.6307646129966526  -0.6761348327764963
 221.5514919409275603 203.1285518613292849 211.9592420851432983   0.4101651655771693
 218.9058753534378238 201.1500085991137396 205.8743239339168693   0.5972651661259474
 217.9931376307538514 202.5691929256885820 204.2737258984855531  -0.5679348360691651
 221.2132309629556791 200.1087694993231263 205.5889752876947675  -0.4157348344228307
 221.8670762052924124 198.8691091554707739 206.8834376894308023   0.2718651655771693
 222.7892625586459824 200.6964743269726220 203.4554744824976649   0.0212651655771693
 223.0991776446090706 202.7317093732058337 203.3968929723460949   0.1123651655771693
 225.3706284575824119 199.3661071286920730 203.5877553118721396  -0.1231348344228307
 226.4213161880426230 199.9481427779398316 205.2620526665263873   0.1111651655771693
 225.1514202260475473 197.3195337256553602 203.5934244902739036   0.1111651655771693
 227.3775176118067769 200.1049900470552925 200.8986750233022215  -0.3119348344228307
 229.3277149820135290 198.7009235295517849 201.6318887632636504   0.1932651655771693
 221.5288152273205044 199.8517667451098441 201.0630811969533498   0.5972651661259474
 221.5325946795883650 201.2142592876670467 199.1809139675677922  -0.5679348360691651
 220.3968692731016944 197.5765364798686423 201.0857579105604057  -0.4157348344228307
 220.3420672152179580 196.5693124504886126 202.7052532073309173   0.2718651655771693
 221.2718124731072223 192.5290779761649931 201.6224401325940526  -0.0361348344228307
 211.4150009585739840 197.9960556815991761 210.8008399650495717   0.3399651655771693
 219.4935801810873195 207.5731877283120765 199.6098817999679237  -0.1102348344228307
 218.8038301422060724 207.3596486751789760 201.5392921827015234   0.0456651655771693
 221.1905542493486233 206.4355725956914757 199.3604379502903090   0.0456651655771693
 220.1190795314152597 210.3775413110512042 199.1053249222109304   0.3530651655771693
 222.2884851331568497 211.2524845110567592 200.8155270734096654  -0.4121348344228307
 223.9627824878110974 210.1129796523022279 200.4394715727593399   0.0999651655771693
 222.7061146087534532 213.2329174994062077 200.4356921204915063   0.0999651655771693
 221.7385748281857713 211.0332762795218945 202.7884011572234733   0.0999651655771693
 234.0085666157364503 223.5734989042233138 195.7435021299650301   0.0881651655771693
 230.8130397232756355 224.2556900385688937 194.9479274275841976   0.0881651655771693
 231.6917623755489972 221.1376419175988173 195.8549959718663792   0.0881651655771693
 234.8872892680098388 217.6813328186568331 195.7151562379562102  -0.5679348360691651
 230.3500568204649202 215.0583929447741523 195.5620884211085831   0.0921651655771693
 226.5460381128814304 211.5208256220735692 195.8852315900091295  -0.4121348344228307
 225.6975510787507919 209.8616460764907097 196.7620645161485877   0.0999651655771693
 227.8159340748765328 212.4316736186236113 197.2288268712271367   0.0999651655771693
 233.3112576723195089 211.5264948004753331 196.6241145083723490  -0.5679348360691651
 238.6572929051827450 211.1523290259589111 195.4543740314750944   0.5972651661259474
 239.4509778814296740 209.6632248324289708 197.0549720669063838  -0.5679348360691651
 239.1561806045379476 213.6410983443332134 195.5413014336354575  -0.4157348344228307
 240.6981971298176938 214.8221771780339958 197.4366967459584733  -0.0024348344228307
 242.6030410728103074 214.0436100108584285 197.3932330448782919   0.0977651655771693
 240.8474854943974604 217.6888917231925274 196.9189117852640486  -0.0343348344228307
 238.9577593604762085 218.5014739607786785 197.0322953532993280   0.0294651655771693
 242.4235170900877905 219.0476048134819232 198.8124173714531341   0.0117651655771693
 245.0105521674259840 219.1269733111065917 198.5837605092486718  -0.1256348344228307
 246.4372953985365205 220.4119870821730561 200.3317571831258245  -0.1704348344228307
 248.4895379799750240 220.4554507832532375 200.1390051174658763   0.1429651655771693
 245.2940110875141823 221.6403090692218804 202.3121901714752999  -0.1072348344228307
 246.4278467678669229 222.6550920031375775 203.7030286060413492   0.1296651655771693
 242.7069760101759891 221.5855070113381442 202.5370675814119285  -0.1704348344228307
 241.7828999306884888 222.5568262441736866 204.1017608202987305   0.1429651655771693
 241.2877916836011199 220.2986035141377766 200.7834017291330119  -0.1256348344228307
 239.2355491021626432 220.2626987175932892 200.9459181766502367   0.1329651655771693
 239.4944415825098554 214.4139963331069901 199.9689297654129572   0.5972651661259474
 240.7416608308978752 213.6448777966010472 201.7717284971738192  -0.5679348360691651
 237.0037825380016496 214.8713100575159414 200.1465640220015438  -0.4157348344228307
 236.0419119358357318 215.3796463875407685 198.5780913308469079   0.2718651655771693
 235.6394002693104899 214.6502120998471466 202.4747066189925247  -0.0597348344228307
 236.4841078511732946 215.7821580540659835 203.9751491693259931   0.0868651655771693
 232.9200843625978217 215.3796463875407685 202.1629018068955333   0.1302651655771693
 232.0678178761993495 214.2684874207950571 200.6530106258924406   0.0186651655771693
 231.5235767496300084 214.8599717007124135 204.6478916730019752  -0.3204348344228307
 232.3739535098945770 215.9711306674581247 206.1596725801389714   0.0881651655771693
 229.5412540351466295 215.3834258398086022 204.4438012505384722   0.0881651655771693
 231.6596370312723436 212.8568619987558822 205.1089848496787603   0.0881651655771693
 232.7292220230717769 218.1443157214675483 201.2992969636935063  -0.0430348344228307
 233.3585008256675508 219.3272842813022611 202.8621004764463782   0.0235651655771693
 234.0085666157364503 218.3824212143416351 199.7005886543961472   0.0235651655771693
 230.0571492697071241 218.9209931625091855 200.5169503442501053  -0.0660348344228307
 228.7778046770424239 218.6828876696350987 202.1137689274135609   0.0185651655771693
 230.0609287219749577 220.8957569724568969 199.9273557904666791   0.0185651655771693
 229.4278704671113503 217.7399143288084031 198.9522571053633300   0.0185651655771693
 235.7301071237387134 211.9686907158128959 203.3761059848729693   0.5972651661259474
 236.2044283833529567 211.4924797300647493 205.5984239183643651  -0.5679348360691651
 235.3181468265439007 210.1337666397753535 201.6677935598081644  -0.4157348344228307
 235.0989385950090360 210.5570652937737209 199.8196414008331638   0.2718651655771693
 235.2671242209280250 207.5183856704283403 202.4066764781713572  -0.0597348344228307
 233.9159700351743235 207.1782349663225288 203.9241265637101440   0.0868651655771693
 234.7342214511622117 205.7533814613458958 200.2486092332332951   0.1302651655771693
 236.0022276870233840 206.1351061403979851 198.6725776375429652   0.0186651655771693
 235.1783070926337048 203.0454039114367555 201.2142592876670467  -0.3204348344228307
 233.9084111306386292 202.6617895062507359 202.7921806094913071   0.0881651655771693
 234.8079207703851434 201.7036983563526517 199.6968092021282867   0.0881651655771693
 237.1303941889743604 202.8488723935089468 201.8416483641289173   0.0881651655771693
 232.0772665068689473 206.2144746380226807 199.1563475278268061  -0.0430348344228307
 230.7204431427134816 205.4472458276506681 200.5037222613126740   0.0235651655771693
 231.8221534787895687 208.2534891365237262 199.0127283416488034   0.0235651655771693
 231.6520781267366494 205.0031601861791751 196.5674227243547093  -0.0660348344228307
 231.9090808809499583 202.9641456876781297 196.7129316366666421   0.0185651655771693
 229.7396752792083417 205.4113410311061541 195.9249158388214771   0.0185651655771693
 233.0089014908921150 205.7703889965511876 195.2200479908688414   0.0185651655771693
 237.8031366926503426 206.7568260384580917 203.4139005075513867   0.5972651661259474
 237.9486456049622755 205.4056718527043902 205.2998471892048050  -0.5679348360691651
 239.8761662615619449 207.5864158112495079 202.1780196159668948  -0.4157348344228307
 239.7665621457945261 208.7315898484058031 200.6549003520263709   0.2718651655771693
 242.3290307833917601 206.7265904203153415 202.9698148660798937  -0.0875348344228307
 242.3724944844719417 204.6724581127429613 203.1077648738561592   0.0968651655771693
 244.4700904931245033 207.5712980021781461 201.3011866898274366   0.2984651655771693
 244.0543507436618300 207.0780794812247077 199.3472098673528508  -0.0297348344228307
 244.7913439358911462 210.4455714518723718 201.5260640997640652  -0.3192348344228306
 245.2070836853538195 210.9406796989597407 203.4819306483725544   0.0790651655771693
 246.3428090918404902 211.0597324453967841 200.3185291001883932   0.0790651655771693
 243.0546856188174947 211.3809858881634001 200.9364695459806391   0.0790651655771693
 246.8530351479991938 206.0859732609160397 202.0589668695298516  -0.3192348344228306
 246.5147741700272857 204.0696354760220770 201.8076332937183334   0.0790651655771693
 248.4328461959573844 206.6698986362977018 200.8722188574273050   0.0790651655771693
 247.3027899678724508 206.4658082138342257 204.0337306794775630   0.0790651655771693
 242.8411465656843940 207.5901952635173685 205.6211006319714210   0.5972651661259474
 243.8124657985199364 206.1445547710676097 207.1593377049833066  -0.5679348360691651
 242.1910807756154945 209.9712501922581287 206.2484897084332646  -0.4157348344228307
 241.4295211436452190 211.1031961464769655 204.9464684021615354   0.2718651655771693
 242.6294972386852238 210.9369002466919071 208.7485973836110950  -0.0275348344228307
 244.6042610486329084 210.6553310527376389 209.2644926181715893   0.1122651655771693
 242.1419478961335223 213.8017250657165081 208.7618254665485263  -0.0050348344228307
 240.4827683505506630 214.2477004333219315 207.6204308816600917   0.0338651655771693
 241.7299875989387096 214.3818709888303366 210.6969050276838900   0.0338651655771693
 244.3529274728214171 215.3456313171301847 207.8660952790698728  -0.1415348344228307
 245.0464569639704980 215.7575916143250242 205.4472458276506681  -0.1638348344228307
 244.0581301959296906 215.1075258242560979 203.8088532695409344   0.2061651655771693
 247.2668851713279905 217.0955177171412675 205.3414211641510829  -0.3418348344228306
 248.0435626123695738 217.6737739141211657 203.6973594276395853   0.3411651655771693
 248.1021441225211437 217.7304656981388053 207.7035788315526478   0.1379651655771693
 250.1921812266380381 219.1156349543030638 208.5539555918171898  -0.2601348344228306
 251.5187689726508072 219.8734151340055057 207.2424856548758629   0.1571651655771693
 250.5020963126011531 219.4841315504177219 211.1598879304946054  -0.1134348344228307
 252.0875765389610808 220.5197014718065714 211.8534174216437131   0.1416651655771693
 248.7068564853759852 218.5033636869125818 212.8568619987558822  -0.1972348344228307
 248.9298441691786834 218.8132787728756700 214.8146182734983018   0.1446651655771693
 246.6338269164643560 217.0766204558020454 212.0234927736966054  -0.2387348344228307
 245.3072391704516406 216.3396272635727560 213.3463010674414870   0.1699651655771693
 246.2691097726175317 216.6419834450001499 209.3608686510015770   0.1242651655771693
 241.0534656429948937 209.5271645507866354 210.6364337913984165   0.5972651661259474
 241.9510855566074776 208.8563117732446105 212.6697791114976981  -0.5679348360691651
 238.8009120913607477 208.9640261628780990 210.0071549888026427  -0.4157348344228307
 238.1338387660865563 209.6197611313487892 208.3290781818805612   0.2718651655771693
 237.0491359652157614 207.6676740350081338 211.7079085093317801  -0.0275348344228307
 237.1436222719118187 208.5917501144956341 213.5466120376371563   0.1122651655771693
 234.3222611539673991 208.0777446060690430 210.7932810605138774  -0.0050348344228307
 234.2032084075303557 207.6506664998028418 208.7788330017538182   0.0338651655771693
 233.1166158805256303 206.7398185032527997 211.7683797456172536   0.0338651655771693
 233.2375583530966041 210.6742283140768342 211.2638228678602871  -0.1415348344228307
 234.4545419833418737 212.8984359737021603 210.9217824376205185  -0.1638348344228307
 236.3726140092719454 213.1100853007013305 210.2452604816767295   0.2061651655771693
 232.8898487444550716 214.8902073188551635 211.5113769914039714  -0.3418348344228306
 233.4775535721045942 216.7081238596874141 211.4187804108418176   0.3411651655771693
 230.5352499815892010 214.0757353551351089 212.2408112790975665   0.1379651655771693
 228.3299395833030971 215.3607491262015462 212.9683558406572313  -0.2601348344228306
 228.2826964299550818 217.3733074588276753 212.9796941974607592   0.1571651655771693
 226.1737620644989653 213.9642415132337329 213.6467675227349775  -0.1134348344228307
 224.4767879962376617 214.9261121153996509 214.1702216618311662   0.1416651655771693
 226.2399024791862027 211.3053968428065382 213.6240908091279216  -0.1972348344228307
 224.5901715642729411 210.2773858259533830 214.1569935788937080   0.1446651655771693
 228.4489923297401405 210.0033755365348090 212.8870976168986322  -0.2387348344228307
 228.4943457569542522 207.9889274777747498 212.8606414510237426   0.1699651655771693
 230.7015458813742595 211.3809858881634001 212.1349866155979813   0.1242651655771693
 237.7653421699718982 204.8822177136082013 212.1954578518834548   0.5972651661259474
 237.1549606287153465 203.9052293023709219 214.2136853629113476  -0.5679348360691651
 239.1561806045379476 203.5990936686756675 210.5022632358900116  -0.4157348344228307
 239.4982210347776892 204.4192348107975130 208.7996199892269706   0.2718651655771693
 240.3391491643726603 201.1254421593727535 211.0899680635395073  -0.0875348344228307
 239.1202758079934602 200.1522332004033077 212.4354530708914449   0.0968651655771693
 240.5394601345683026 199.3320920582814891 208.8033994414948045   0.2984651655771693
 241.3671601812258155 197.5670878491990446 209.4742522190368564  -0.0297348344228307
 237.9202997129534556 198.6914748988821874 207.7546014371684968  -0.3192348344228306
 238.0960442434081387 197.3308720824588881 206.2182540902905413   0.0790651655771693
 236.7845743064667850 197.8581056738229106 209.2512645352341311   0.0790651655771693
 236.9924441811981217 200.3903386932773945 207.0459541369480274   0.0790651655771693
 242.2080883108207597 200.2977421127152407 206.6566705533602704  -0.3192348344228306
 242.3989506503468044 198.8426529895958843 205.2129197870444151   0.0790651655771693
 241.3331451108152316 201.9512524798963361 205.8195218760331600   0.0790651655771693
 244.0826966356706767 200.7871811814008455 207.3558692229111153   0.0790651655771693
 242.9072869803716314 201.3540990215772426 212.4165558095522496   0.5972651661259474
 243.5535733181727241 199.6911400237265226 213.9132189076178572  -0.5679348360691651
 244.0978144447420116 203.6482265481576397 212.0745153793124811  -0.4157348344228307
 243.4439692024052514 204.9842629248399529 210.8783187365403369   0.2718651655771693
 246.5223330745630068 204.0507382146828548 213.2612633914150274  -0.0518348344228307
 247.7827804058884849 202.5143908678048725 212.7170222648457131   0.0921651655771693
 247.7487653354779010 206.5716328773338109 212.5015934855786823  -0.1102348344228307
 247.9944297328876553 206.3467554673971823 210.4682481654794277   0.0456651655771693
 246.5620173233753278 208.2156946138453085 212.8700900816933404   0.0456651655771693
 250.3452490434856922 206.9514678302519701 213.7563716385023964   0.3530651655771693
 250.1052538244776751 206.8626507019576767 215.8010553154052056  -0.0361348344228307
 252.2368649035408742 204.9124533317509516 212.9135537827735218  -0.4121348344228307
 252.4768601225488377 205.0012704600452447 210.8688701058707394   0.0999651655771693
 254.0528917182391678 205.2355965006514709 213.8319606838592582   0.0999651655771693
 251.5225484249186140 203.0529628159724229 213.4388976480036408   0.0999651655771693
 251.3430244421960973 209.6518864756254428 213.3595291503789452  -0.4121348344228307
 250.0202161484512424 211.0011509352452141 214.1815600186346941   0.0999651655771693
 253.1798382443675700 209.8465282674193482 214.2703771469289875   0.0999651655771693
 251.5338867817221419 210.0222727978740044 211.3431913654849558   0.0999651655771693
 246.1273803125734592 204.1527834259146064 216.0826245093594739   0.5972651661259474
 247.6618379333174843 203.1568977533381046 217.5169266450057048  -0.5679348360691651
 244.3056843194733750 205.3848848652312645 216.9783546968381276  -0.4157348344228307
 243.2172020663347464 206.2919534095134730 215.6876717473699264   0.2718651655771693
 243.5516835920387938 205.4755917196594880 219.6542069024706410  -0.0014348344228307
 244.9576398356762048 206.5054924626465735 220.7540275124127975   0.0875651655771693
 240.9740971453701981 206.8059589179400371 219.9093199305499929  -0.0152348344228307
 239.7873491332676517 206.3108506708526683 218.2954938121812453   0.0294651655771693
 240.0311238045435025 206.0349506553001640 221.5722789284007128   0.0294651655771693
 241.0100019419147121 209.6651145585629010 220.1738815892989692  -0.0011348344228307
 242.1948602278833015 211.1731160134320636 218.3143910735204674  -0.1906348344228307
 243.1548411039153158 210.3000625395604390 216.7799334527764154   0.1698651655771693
 242.1287198131960641 213.8262915054574942 218.4202157370200526  -0.2341348344228307
 242.9790965734606596 214.9639066380780952 216.9934725059095161   0.1655651655771693
 240.8115806978529733 215.0735107538455140 220.6274158614400869   0.3225651655771693
 240.6622923332731796 217.6133026778356922 220.8201679271000349  -0.5579348360691652
 240.2522217622122704 218.1367568169318809 222.5341495305666306   0.3991651655771693
 239.6626272084288444 213.3803161378520708 222.6191872065930902  -0.2341348344228307
 238.7423305812092045 214.1834497447685976 224.2122263374886853   0.1655651655771693
 239.7835696809998179 210.7517070855676263 222.2865954070229462  -0.1906348344228307
 238.9237442900656515 209.5611796211972193 223.6717646631872048   0.1698651655771693
 243.3211370037003744 202.8091881446965990 220.7729247737520199   0.5972651661259474
 244.4644213147227662 202.2120346863774787 222.7042248826195229  -0.5679348360691651
 241.8962834987237681 201.1556777775155036 219.5030288117569441  -0.4157348344228307
 241.0553553691288238 201.7301545222275681 217.8892026933881965   0.2718651655771693
 241.5334560810108741 198.5573043433737823 220.3534055720214859  -0.0252348344228307
 240.6471745242018181 198.5629735217755462 222.2128960878000146   0.0697651655771693
 240.2881265587567844 197.5954337412078645 219.0287075521427008   0.0697651655771693
 244.0165562209833856 197.0927665895848013 220.5121425672708771   0.5972651661259474
 244.4757596715262941 195.8379884366610874 222.4113173318617267  -0.5679348360691651
 245.7078611108429254 197.5274036003866968 218.5581657447963182  -0.4157348344228307
 245.2618857432375288 198.6480111978020058 217.1106355262126292   0.2718651655771693
 248.0549009691731019 196.1365651658206475 218.5165917698500400  -0.0597348344228307
 247.6769557423888728 194.1315657377302128 218.7301308229831407   0.0868651655771693
 249.4778647480158315 195.9381439217589353 215.9730203935920282   0.1302651655771693
 250.9216155143316869 194.5000623338448441 216.3018327408943385   0.0186651655771693
 247.7657728706831662 194.8477719424863497 213.8867627417429677  -0.3204348344228307
 246.5355611575004651 196.3028610656057329 213.1270928359066225   0.0881651655771693
 248.9166160862412252 194.0975506673196290 212.3523051209989157   0.0881651655771693
 246.6168193812590373 193.3076451433405336 214.6294251123740210   0.0881651655771693
 250.9348435972690914 198.2908529584908757 215.1377614423988479  -0.0430348344228307
 249.5591229717744573 199.7327139986728007 214.7087936099987166   0.0235651655771693
 252.1404888707108599 198.9484776530954695 216.6722190631429001   0.0235651655771693
 252.6299279393964916 197.8297597818140906 212.8266263806131590  -0.0660348344228307
 251.4809744499723629 197.5198446958510025 211.1447701214232437   0.0185651655771693
 253.8336834867043300 199.4681523399238243 212.5072626639804462   0.0185651655771693
 253.8355732128382603 196.1894774975704535 213.1535490017815389   0.0185651655771693
 249.6857346227471413 196.9831624738173825 220.6689898363863380   0.5972651661259474
 250.9386230495369519 195.4392562224037059 221.8689659314263428  -0.5679348360691651
 249.7235291454255856 199.4757112444595186 221.1981131538842908  -0.4157348344228307
 248.6067010002781102 200.6416722690889127 220.1795507677007332   0.2718651655771693
 251.2447586832322064 200.5528551407946193 223.1728769638320022  -0.0518348344228307
 253.2233019454477514 200.1125489515909599 222.8043803677173709   0.0921651655771693
 250.9537408586083404 203.4441361256941370 223.3467317681527549  -0.1102348344228307
 251.6567189804270191 204.0696354760220770 221.5136974182491429   0.0456651655771693
 248.9884256793301997 204.0261717749418687 223.5621605474197858   0.0456651655771693
 252.5524491679057263 204.6365533161984473 225.4575558597428018   0.3530651655771693
 251.9628546141222734 203.8409786138175880 227.2641340437715242  -0.0361348344228307
 255.3775897381179529 204.1130991771022586 225.0455955625479621  -0.4121348344228307
 255.9690740180353361 204.9105636056170212 223.2390173785192396   0.0999651655771693
 256.4679617173905655 204.9767040203042586 226.5649353742206525   0.0999651655771693
 255.7064020854202632 202.0797538570030039 225.0361469318783645   0.0999651655771693
 251.9685237925240642 207.4692527909463948 225.7561325889023618  -0.4121348344228307
 249.9786421735049374 207.7130274622222455 226.2247846701148144   0.0999651655771693
 253.1307053648855976 208.2553788626576295 227.2622443176375941   0.0999651655771693
 252.3804840897188769 208.4443514760497708 223.9892386536859870   0.0999651655771693
 250.4170586365746667 199.4587037092542268 225.6465284731349162   0.5972651661259474
 251.9817518754614687 198.8388735373280505 227.2490162347001359  -0.5679348360691651
 247.8734872603167084 199.2980769878709053 226.1983285042399248  -0.4157348344228307
 246.6942981527498026 200.0105037403592085 224.8641818536915151   0.2718651655771693
 246.7868947333119564 198.1226673325718868 228.4584409604097380  -0.0024348344228307
 247.5333365562108702 199.0996557438091664 230.1119513275908334   0.0977651655771693
 243.8918342961446320 198.4495899537402669 228.4716690433471963  -0.0343348344228307
 243.4628664637445006 200.4621482863663958 228.5415889103022675   0.0294651655771693
 243.1359438425761205 197.7352734751180335 226.6953264774612238   0.0294651655771693
 242.4953266831768187 197.1778042656112608 230.6486335496244803   0.0117651655771693
 240.6547334287375124 195.3088651191631346 230.1686431116084733  -0.1256348344228307
 240.2125375133999226 194.8080876936740019 228.2751375254193876   0.1329651655771693
 239.3489326701979226 194.1391246422658803 232.1717528135650044  -0.1704348344228307
 237.9467558788283452 192.7331683986284692 231.8013664913164430   0.1429651655771693
 239.8534895479548891 194.8534411208881136 234.6813091194124326  -0.1072348344228307
 238.8405963401730955 193.9879465515521833 236.1987592049511927   0.1296651655771693
 241.6581780058496814 196.7431672548093655 235.1764173664998013  -0.1704348344228307
 242.0172259712947150 197.3100850949857624 237.0793715833584846   0.1429651655771693
 242.9734273950588688 197.8996796487691887 233.1676384861415062  -0.1256348344228307
 244.3208021285447099 199.3434304150850170 233.5531426174614293   0.1329651655771693
 247.5673516266214540 195.3315418327701906 228.7192231668908808   0.5972651661259474
 248.3440290676630912 194.5567541178624837 230.7752452005971911  -0.5679348360691651
 247.5522338175500655 193.8575554483116118 226.6424141457114178  -0.4157348344228307
 246.8851604922758473 194.6096664496122897 225.0115804921373784   0.2718651655771693
 248.4139489346181890 191.2062696824201115 226.6726497638541679  -0.0237348344228307
 247.2423187315870044 190.1555819519599004 228.0049066882686472   0.0879651655771693
 248.2930064620471885 189.8759024841395355 224.0686071513106826   0.0341651655771693
 249.6536092784704877 190.7678532193503822 222.8081598199852046   0.0240651655771693
 248.9411825259822115 187.9389331968702685 224.3463968929970904   0.0240651655771693
 245.8061268698068163 189.7190552150240746 222.5946207668521040   0.0017651655771693
 245.2505473864340009 191.5917738137400346 221.9917981301312198   0.0439651655771693
 246.2143077147338222 188.6664777584299333 220.8711905327159108   0.0439651655771693
 243.1283849380403994 188.1827078681460923 224.0667174251767525  -0.2737348344228307
 241.8641581544471145 190.7999785636270357 225.8638469785358774  -0.0536348344228307
 240.0235649000078082 190.2935319597361391 226.6329655150418201   0.0683651655771693
 243.1283849380403994 191.2535128357681266 227.4228710390208886   0.0683651655771693
 241.6506191013140140 192.4459300262724371 224.6430838960227471   0.0683651655771693
 251.1616107333396501 191.0078484383583725 227.5816080342702798   0.5972651661259474
 251.6964032292393937 189.6491353480690036 229.3957451228346965  -0.5679348360691651
 252.8737026106723155 192.6556896271377040 226.1794312429007026  -0.4157348344228307
 252.3596971022457514 193.9558212072755298 224.8830791150307372   0.2718651655771693
 255.5117602936264115 192.3930176945226579 226.7614668921484612  -0.0875348344228307
 256.1013548474098107 190.4239230629767104 226.6102888014347643   0.0968651655771693
 257.2200727186912164 193.9784979208825856 225.1363024169761857   0.2984651655771693
 256.8459069441747943 193.5892143372948018 223.1483105240910159  -0.0297348344228307
 256.7079569363985287 196.7847412297556435 225.6824332696794302  -0.3192348344228306
 257.0821227109149508 197.1778042656112608 227.6704251625645730   0.0790651655771693
 257.9400583757152137 197.9488125282511341 224.5126927927821758   0.0790651655771693
 254.7407520309865116 197.2231576928253728 225.2572448895471324   0.0790651655771693
 259.9734036958144683 193.1848129446356566 225.6578668299384441  -0.3192348344228306
 255.9823021009727943 193.1243417083501831 229.4448780023166421   0.5972651661259474
 257.5375467091899449 191.9564909575868321 230.7204431427134816  -0.5679348360691651
 254.7237444957812464 195.1331205887084784 230.3746232602059063  -0.4157348344228307
 253.4689663428575057 196.1422343442224114 229.3485019694866547   0.2718651655771693
 255.2434191826095478 195.9305850172232412 232.9125254580621274   0.0336651655771693
 257.2805439549766630 196.1951466759722174 233.0410268351687686   0.0822651655771693
 253.9357286979360813 198.4344721446689052 233.6022754969434015  -0.1825348344228307
 251.8929347471671756 198.1944769256608883 233.4983405595777198   0.0602651655771693
 254.4648520154340341 198.9824927235060532 235.5146783444717094   0.0602651655771693
 254.5215437994516738 199.9027893507257198 232.2813569293324502   0.0602651655771693
 254.4535136586305063 193.9898362776861135 234.8324872101261295   0.5972651661259474
 255.9558459350978779 193.2150485627784066 236.4274160671556549  -0.5679348360691651
 252.0705690037557621 193.1130033515466552 234.7002063807516279  -0.4157348344228307
 250.8705929087157843 193.8254301040349583 233.3962953483459684   0.2718651655771693
 251.0784627834471478 191.4065806526157538 236.5691455271997541  -0.0024348344228307
 251.7663230961944916 191.9999546586670405 238.4172976861747549   0.0977651655771693
 248.1758434417441022 191.3347710595267525 236.6371756680209218  -0.0343348344228307
 247.2782235281315184 191.6220094318827847 234.8060310442512399   0.0294651655771693
 247.3897173700328675 189.6529148003368372 237.5310161293656721   0.0294651655771693
 247.4407399756487164 193.5230739226075646 238.2491120602557391   0.0117651655771693
 247.7657728706831662 195.9702692660355890 237.4308606442678508  -0.1256348344228307
 248.5689064775997196 196.3160891485431643 235.5675906762214885   0.1329651655771693
 247.0892509147393503 197.9714892418581900 238.9464210036726807  -0.1704348344228307
 247.3613714780240208 199.9008996245917897 238.2793476783984891   0.1429651655771693
 246.0706885285558195 197.5425214094580585 241.2991300404046477  -0.1072348344228307
 245.5321165803882692 199.1242221835501525 242.5066650399803466   0.1296651655771693
 245.7343172767178418 195.1066644228335620 242.1268300870621338  -0.1704348344228307
 244.9274042175334814 194.7495061835224588 243.9863206028406624   0.1429651655771693
 246.4165084110633948 193.1148930776805587 240.6056005492555400  -0.1256348344228307
 246.1481673000465848 191.1798135165452219 241.2594457915923000   0.1329651655771693
 252.1064738003002761 188.7628537912599207 236.4576516852984050   0.5972651661259474
 252.5089854668255449 187.6044516711661941 238.4324154952461164  -0.5679348360691651
 252.4617423134775028 187.6951585255944178 234.1729727893876054  -0.4157348344228307
 252.1574964059161786 188.7042722811083776 232.5818233846259138   0.2718651655771693
 253.2818834555993214 185.1137926266579883 233.9254186658439210  -0.0031348344228307
 252.0233258504077737 183.9175959838858442 235.0327981803217718   0.0849651655771693
 253.2724348249297238 184.1764884642330566 231.1758671409885028  -0.0036348344228307
 254.4459547540947851 185.4671714137012579 230.0779362571802496   0.0170651655771693
 250.6343771419756279 184.0498768132603189 230.0136855686269425  -0.0645348344228307
 249.4230626901321220 182.7554144115242571 231.0624835729532233   0.0351651655771693
 249.7726620249075580 185.9207056858423755 229.9796704982163587   0.0351651655771693
 250.8762620871175751 183.0974548417640256 227.3094874709856360   0.6950651639308347
 252.9549608344309414 182.6703767354978245 226.3627346778910799  -0.6086348355203870
 248.6766208672332083 182.7402966024528956 226.0358120567226997  -0.9407348338740524
 248.7163051160455829 182.1110177998571217 224.2330133249618377   0.4250651655771693
 247.0136618693825151 183.1050137462996930 226.8956374476568661   0.4250651655771693
 259.9261605424664262 198.5025022854900729 234.0879351133611459   0.0439651655771693
 260.5970133200084513 199.3264228798797252 228.9025266018812313  -0.0536348344228307
 258.6808310202123367 198.9503673792293996 229.5544821180840609   0.0683651655771693
 260.5252037269194768 200.3676619796703385 227.1261840359952587   0.0683651655771693
 262.5585490470187314 212.9948120065321477 234.4696597924132353   0.5972651661259474
 261.6306935152634243 214.3006127650717375 232.7859138070894167  -0.5679348360691651
 258.8471269199973953 210.2698269214176887 234.6340659660643905   0.0396651655771693
 259.0814529606036215 209.6594453801611370 232.6800891435898316   0.1104651655771693
 257.7473063100552388 208.0626267969976815 236.1704133129423728   0.0559651655771693
 259.1494831014247892 206.5546253421285189 236.1666338606745392  -0.0173348344228307
 257.4695165683688310 208.7353693006736367 238.0960442434081387  -0.0173348344228307
 255.2453089087434781 207.0535130414837214 235.1329536654196199   0.0135651655771693
 253.9206108888646930 208.5898603883617037 234.7814646045102538  -0.0425348344228307
 255.5854596128493163 206.0255020246305663 233.3811775392746067  -0.0425348344228307
 254.1360396681317238 205.2620526665263873 237.0982688446977067   0.8053651644796129
 255.4286123437338554 204.8009594898496024 239.0390175842348345  -0.8188348322277180
 251.9723032447918712 204.3512046699763452 236.6976469043063953  -0.8188348322277180
 256.8421274919069337 212.2767160756420537 234.6057200740555706   0.5365651655771693
 255.6950637286167351 212.7661551443276587 232.6441843470453174  -0.5819348360691652
 256.3659165061588139 213.5277147762979341 236.7562284144579652  -0.4157348344228307
 257.3032206685837187 213.1308722881744830 238.3719442589606430   0.2718651655771693
 254.3684759826040197 215.3664183046033101 236.8469352688861887  -0.0031348344228307
 252.6563841052713543 214.5179312704726718 236.0740372801123854   0.0849651655771693
 253.8128964992312043 216.2848252056890467 239.5511333665274952  -0.0036348344228307
 252.2859977830227929 217.6605458311837075 239.4056244542155623   0.0170651655771693
 253.1552718046265837 214.6426531953114792 240.6093800015234005   0.0170651655771693
 256.0578911463296292 217.4810218484611906 240.9249642658882525  -0.0645348344228307
 255.6723870150096793 217.6340896653088179 242.9431917769161456   0.0351651655771693
 257.7680932975283643 216.3698628817155062 240.6358361673982900   0.0351651655771693
 256.4849692525958305 220.1134103530134958 239.8686073570262775   0.6950651639308347
 254.7369725787186509 221.3228350787230981 238.9275237423334853  -0.6086348355203870
 258.8792522642740488 221.0299275279653018 240.0216751738738779  -0.9407348338740524
 259.2742050262635966 222.7722550234406906 239.3489326701979226   0.4250651655771693
 260.2549728897687365 219.9660117145676325 240.8096909717190429   0.4250651655771693
 254.9958650590658634 217.5377136324788304 235.1499612006249117   0.5972651661259474
 253.3234574305455727 218.7074541093760848 234.0369125077452702  -0.5679348360691651
 257.4525090331635122 218.1291979123961866 234.9005173509472970  -0.4157348344228307
 258.8187810279886023 217.1144149784804628 235.7641221941492972   0.2718651655771693
 258.1895022253927747 220.2267939210487753 233.3603905518014811  -0.0518348344228307
 257.3221179299229677 221.9426652506492742 234.1011631962986041   0.0921651655771693
 261.0675551273548878 220.5896213387616424 233.3188165768552030  -0.1102348344228307
 261.5097510426924237 220.9826843746172600 235.2916906606689843   0.0456651655771693
 262.0653305260652927 218.8926472705003656 232.7159939401343187   0.0456651655771693
 261.8971449001463040 222.8327262597261909 231.6785342926115660   0.3530651655771693
 261.2300715748720858 222.5360392567005341 229.7510136360118696  -0.0361348344228307
 260.7954345640702171 225.3101572212969385 232.7141042140004154  -0.4121348344228307
 261.4606181632105052 225.6068442243225684 234.6416248706000848   0.0999651655771693
 261.4020366530589352 226.8805196385855046 231.5273562018978690   0.0999651655771693
 258.7375228042299765 225.2024428316634229 232.7103247617325548   0.0999651655771693
 264.7827567066440307 222.9102050312169561 231.4007445509251314  -0.4121348344228307
 265.4347122228468605 221.1716569880094012 230.5144629941160754   0.0999651655771693
 265.3156594764098439 224.5183619711839398 230.2310040740278768   0.0999651655771693
 257.3183384776551073 219.7449137568988645 230.7015458813742595   0.5972651661259474
 256.2827685562662579 221.4248802899548495 229.4732238943254620  -0.5679348360691651
 257.6830556215019316 217.4111019815061196 229.7604622666814942  -0.4157348344228307
 258.4767405977488337 216.0523888912167238 230.8413856152844554   0.2718651655771693
 256.9630699644779342 216.7780437266424851 227.2168908904234822  -0.0518348344228307
 257.8644693303583251 218.0951828419856030 225.9148695841517530   0.0921651655771693
 257.8720282348940462 214.0965223426082346 226.5252511254083047  -0.1102348344228307
 257.2654261459053281 212.7869421318008112 227.9954580575990497   0.0456651655771693
 256.9517316076744063 213.5201558717622399 224.7715852731293881   0.0456651655771693
 260.7463016845882448 213.8414093145288559 226.1680928860972014   0.3530651655771693
 261.7214003696916478 214.6124175771687289 227.8045957180730049  -0.0361348344228307
 261.4284928189338517 211.0427249101914921 225.9092004057499891  -0.4121348344228307
 260.4817400258392954 210.2320323987392713 224.2708078476402552   0.0999651655771693
 260.8407879912843289 210.0279419762757683 227.6023950217434055   0.0999651655771693
 261.6911647515488707 215.2190196661574470 223.8040454925617064  -0.4121348344228307
 261.4058161053267957 217.2466958078549644 224.0005770104895151   0.0999651655771693
 263.7075025364428603 214.8750895097837750 223.5621605474197858   0.0999651655771693
 260.6820509960349377 214.5443874363475614 222.1391967685770829   0.0999651655771693
 254.1473780249352517 216.9707957923024602 226.9655573146119642   0.5972651661259474
 253.1760587920997094 217.9269972160666140 225.0852798113603099  -0.5679348360691651
 252.9341738469578158 215.9068799789047908 228.7135539884891167  -0.4157348344228307
 253.8280143083025392 215.0224881482296383 230.1629739332067091   0.2718651655771693
 250.1751736914327731 216.0429402605471261 228.6984361794177552  -0.0275348344228307
 249.4873133786854291 215.0394956834349302 227.0316977292992016   0.1122651655771693
 248.9959845838659208 214.8656408791141774 231.0889397388281397  -0.0050348344228307
 249.9937599825763259 215.5591703702632852 232.7443398321431386   0.0338651655771693
 247.0835817363376132 215.5969648929417027 231.2325589250061424   0.0338651655771693
 248.7408715557865153 212.0480592134375915 231.2986993396933798  -0.1415348344228307
 249.7140805147559880 210.6080878993895968 233.1714179384093398  -0.1638348344228307
 250.9064977052602983 211.3110660212083023 234.6699707626089047   0.2061651655771693
 248.9808667747945325 208.1193185810153211 232.8860692921872378  -0.3418348344228306
 249.6403811955330832 206.6736780885655623 233.9783309975937270   0.3411651655771693
 247.4199529881755907 207.8320802086592889 230.8262678062130668   0.1379651655771693
 246.1765131920553779 205.7363739261406038 229.7831389802885500  -0.2601348344228306
 246.3617063531796855 203.9203471114422836 230.6335157405531188   0.1571651655771693
 244.7176446166681877 206.0425095598358583 227.5872772126720438  -0.1134348344228307
 243.7708918235736316 204.4608087857437642 226.7765847012198229   0.1416651655771693
 244.5286720032760733 208.4254542147105486 226.4345442709800812  -0.1972348344228307
 243.4685356421462377 208.6219857326383573 224.7394599288527346   0.1446651655771693
 245.7475453596553000 210.5476166631041233 227.4757833707706946  -0.2387348344228307
 245.5963672689415762 212.3371873119275540 226.5630456480867222   0.1699651655771693
 247.2517673622566019 210.3076214440961332 229.7547930882797302   0.1242651655771693
 249.2340900767400076 218.7981609638043085 228.4603306865436684   0.5972651661259474
 247.7544345138796381 219.3424020903736228 226.7482388092110030  -0.5679348360691651
 250.1789531437006336 220.5763932558242112 229.9928985811537900  -0.4157348344228307
 251.4299518443564602 220.0510493905940922 231.3478322191753522   0.2718651655771693
 249.4287318685338592 223.2635838182602257 229.8171540506991338  -0.0389348344228307
 247.3840481916310767 223.3637393033580470 230.0117958424930122   0.1006651655771693
 250.6476052249130861 224.8698510320932790 231.8712863582715140   0.3653651655771693
 249.9351784724247560 226.7935922364251148 231.6766445664776357   0.0042651655771693
 250.1241510858169241 224.0005770104895151 234.5717050036449869  -0.2438348344228307
 250.3187928776107758 225.6125134027243323 235.8340420611043951   0.0641651655771693
 248.2268660473599511 223.2182303910461140 234.7134344636890861   0.0641651655771693
 251.4885333545080301 222.6021796713877983 235.1764173664998013   0.0641651655771693
 253.2516478374565445 224.8792996627629036 231.4404287997374792  -0.6761348327764963
 253.9111622581950952 223.1842153206355301 231.2835815306220183   0.4101651655771693
 250.0617901233974937 224.4333242951574802 227.2452367824323021   0.5972651661259474
 248.5235530503856078 225.7958168377147096 226.1510853508919095  -0.5679348360691651
 252.2104087376659578 223.7530228869458305 226.1964387781059944  -0.4157348344228307
 253.4557382599200475 222.5681646009772145 227.0260285508974376   0.2718651655771693
 252.8831512413419133 224.8622921275576116 223.8059352186956365  -0.0875348344228307
 252.6053614996555055 226.9031963521925604 223.7945968618921086   0.0968651655771693
 255.6893945502149980 224.7696955469954578 223.0349269560557635   0.2984651655771693
 255.8349034625269310 225.6030647720547346 221.1546494528041092  -0.0297348344228307
 257.2692055981731349 226.4232059141765532 224.8226078787452638  -0.3192348344228306
 257.1652706608075069 225.6956613526168884 226.7501285353449333   0.0790651655771693
 259.2364105035851520 226.4383237232479149 224.2103366113547820   0.0790651655771693
 256.5567788456848586 228.3563957491779867 224.8018208912721113   0.0790651655771693
 256.9044884543263643 222.1751015651215703 222.8988666744134282  -0.3192348344228306
 255.7593144171700960 220.8749699849837713 221.7952666122034111   0.0790651655771693
 258.7772070530422975 222.3187207512995998 222.0503796402827897   0.0790651655771693
 257.0915713415845484 221.5193665966509068 224.8169387003434998   0.0790651655771693
 251.1219264845273292 223.9419955003379451 221.8009357906051750   0.5972651661259474
 250.3339106866821641 225.3970846234573283 220.1701021370311354  -0.5679348360691651
 250.7496504361448375 221.3927549456781960 221.6270809862844221  -0.4157348344228307
 251.3222374547229717 220.2834857050664149 223.0859495616716392   0.2718651655771693
 249.0659044508210189 220.3156110493430684 219.7090089603543505  -0.0237348344228307
 249.8161257259877394 220.8296165577696595 217.8703054320489744   0.0879651655771693
 248.9411825259822115 217.4129917076400231 219.9490041793623406   0.0341651655771693
 248.1663948110745047 216.9613471616328624 221.8047152428730087   0.0240651655771693
 247.6202639583712332 216.6816676938124977 218.5468273879927903   0.0240651655771693
 251.4526285579635161 215.9635717629224306 219.6731041638098364   0.0017651655771693
 252.8604745277348573 216.7591464653032629 220.9259925905996470   0.0439651655771693
 251.0954703186524128 214.0341613801888310 220.3023829664056102   0.0439651655771693
 252.8925998720115108 215.7349149007179682 216.5739533041789822  -0.2737348344228307
 254.8673636819592491 218.5354890311892624 216.5663943996433149  -0.0536348344228307
 255.8519109977321960 218.6639904082959034 214.7617059417485226   0.0683651655771693
 253.7184101925351204 220.2211247426470113 216.8290663322583610   0.0683651655771693
 256.2525329381235344 218.4013184756808305 218.0838444851820749   0.0683651655771693
 246.4013906019920065 221.4588953603654334 219.8564075988002137   0.5972651661259474
 245.3431439669961547 222.0787255322916097 217.8797540627185719  -0.5679348360691651
 245.3960562987459339 221.8632967530245786 222.1448659469788469  -0.5163348344228307
 246.4051700542598669 221.3379528877944596 223.6868824722585931   0.2935651655771693
 241.4559773095201086 221.9672316903902335 221.6705446873646038   0.0879651655771693
 242.8109109475416708 225.6918819003490279 221.3190556264552643   0.5365651655771693
 241.2462177086548686 226.1378572679544513 219.6409788195331828  -0.5819348360691652
 244.5154439203386150 227.4001943254138326 222.0768358061576793  -0.4157348344228307
 245.7777809777980234 226.8956374476568661 223.4355488964470483   0.2718651655771693
 244.4152884352407938 230.0363622822339985 221.2302384981609443  -0.0875348344228307
 242.4858780525072211 230.6920972507046619 221.5477124886597265   0.0968651655771693
 246.1368289432430569 231.7579027902362614 222.8383954381279548   0.2984651655771693
 245.7135302892447163 231.3912959202555336 224.8226078787452638  -0.0297348344228307
 248.9733078702588650 231.3402733146396579 222.4415529500044768  -0.3192348344228306
 250.0372236836565076 232.4948959824655508 223.7738098744189562   0.0790651655771693
 249.4173935117303313 229.3711786830937104 222.7949317370477464   0.0790651655771693
 249.5307770797656107 231.8353815617270269 220.5234809240744052   0.0790651655771693
 245.5869186382719787 234.5565871945736252 222.3395077387727254  -0.3192348344228306
 246.6621728084731490 235.7263276714708797 223.6509776757140791   0.0790651655771693
 246.0858063376272080 235.0630337984645220 220.4044281776373618   0.0790651655771693
 243.5838089363154473 234.9194146122864925 222.6286358372626879   0.0790651655771693
 244.8801610641854395 230.2801369535098224 218.3880903927433991   0.5972651661259474
 243.5271171522978077 231.6917623755489972 217.1295327875518514  -0.5679348360691651
 246.6565036300714119 228.8628423530688835 217.2674827953280901  -0.4157348344228307
 247.5994769708981076 227.5608210467971542 218.2973835383151756   0.2718651655771693
 247.2536570883905323 229.1614190822284435 214.5916305896956035  -0.0597348344228307
 247.2952310633367834 231.2098822113990866 214.1796702925007638   0.0868651655771693
 249.9106120326838235 228.1145108040360662 213.9869182268407889   0.1302651655771693
 251.1918463514824272 228.7891430338459518 215.4571251590315338   0.0186651655771693
 249.9975394348441866 225.2118914623330475 213.9755798700372608  -0.3204348344228307
 249.0394482849461024 224.4711188178358977 215.6328696894862169   0.0881651655771693
 249.0677941769548953 224.4711188178358977 212.2937236108473457   0.0881651655771693
 251.9515162573187455 224.5674948506658851 214.0247127495192332   0.0881651655771693
 250.8441367428409216 229.1765368912998321 211.4338982199131793  -0.0430348344228307
 250.6230387851720998 231.2268897466043785 211.4490160289845679   0.0235651655771693
 249.6914038011489321 228.4244258899991542 209.8994405991691273   0.0235651655771693
 253.6295930642408270 228.6001704204538374 210.8764290104064068  -0.0660348344228307
 254.8106718979416094 229.2653540195941252 212.4278941663557775   0.0185651655771693
 253.9073828059272348 226.5743840048902501 210.6156468039252910   0.0185651655771693
 254.1889519998815030 229.5658204748875888 209.1454398717345461   0.0185651655771693
 245.1995247808180984 228.0502601154827590 212.9551277577197999   0.5972651661259474
 244.6174891315703666 229.1198451072821923 210.9123338069509208  -0.5679348360691651
 243.9541952585640089 225.9904586295085880 213.6921209499490893  -0.4157348344228307
 244.4285165181782520 225.1967736532616590 215.3796463875407685   0.2718651655771693
 242.0342335065000336 224.7564674640580264 212.1501044246693430  -0.0237348344228307
 242.8279184827469358 224.5580462199962876 210.2584885646141608   0.0879651655771693
 241.5202279980734427 222.1108508765682632 213.2385866778079716   0.0341651655771693
 243.3135780991647070 221.1300830130631231 213.4804716229498921   0.0240651655771693
 240.6622923332731796 222.3092721206300020 215.0999669197204036   0.0240651655771693
 239.8478203695531250 220.4648994139228621 211.5378331572788610   0.0017651655771693
 239.0201203228956123 221.6289707124183525 210.0657364989542126   0.0439651655771693
 241.0459067384591994 219.0740609793568126 210.6043084471217630   0.0439651655771693
 237.2929106364915853 218.8227274035452946 213.1214236575048586  -0.2737348344228307
 235.4258612161773892 221.5174768705169765 214.0851839858047067  -0.0536348344228307
 236.3820626399415432 222.5001344601560467 215.6177518804148283   0.0683651655771693
 235.1915351755711630 222.7949317370477464 212.4902551287751544   0.0683651655771693
 233.5833782356041794 220.8825288895194387 214.7314703236057723   0.0683651655771693
 239.6456196732235524 226.3986394744355939 211.8666455045811445   0.5972651661259474
 238.6365059177096194 226.5706045526224165 209.7690494959285560  -0.5679348360691651
 238.7555586641466359 227.6798737932341976 213.8678654804037723  -0.3661748343130750
 239.5983765198755373 227.3397230891283594 215.6253107849505226   0.3114351655222915
 234.9685474917684647 228.7683560463728262 212.5223804730518348   0.2246151658515584
 237.2418880308757364 232.1226199340830590 212.6546613024263095   0.8098751659613139
 236.3896215444772373 232.3437178917518270 210.5419474847023594  -0.6015148342033195
 239.4528676075635775 233.2148816394895481 213.1724462631207343  -0.4157348344228307
 240.4355251972026477 232.6271768118400255 214.7087936099987166   0.2718651655771693
 240.4336354710687174 235.3540516230883878 211.6436578207784462  -0.0518348344228307
 239.0352381319670007 236.8620530779575502 211.7608208410815593   0.0921651655771693
 242.9545301337196735 236.1987592049511927 212.8360750112827565  -0.1102348344228307
 242.5444595626587372 236.6749701906993393 214.8013901905608704   0.0456651655771693
 244.2603308922592632 234.6038303479216673 212.8587517248898125   0.0456651655771693
 244.2754487013305981 238.4796586485941316 211.5888557628947367   0.3530651655771693
 242.8638232792914500 239.8062463946068739 210.8858776410760312  -0.0361348344228307
 245.9081720810385678 239.8402614650174577 213.5541709421728237  -0.4121348344228307
 246.7812255549102193 241.5032204628681507 212.7113530864439492   0.0999651655771693
 244.7384316041413133 240.4487532801400791 215.1320922639970840   0.0999651655771693
 247.3745995609614790 238.5741449552902158 214.2571490639915292   0.0999651655771693
 246.0763577069575566 237.7294373734274109 209.4421268747601759  -0.4121348344228307
 247.0268899523199733 239.4075141803494657 208.7183617654683449   0.0999651655771693
 247.4842036767288980 236.3915112706111676 210.1280974613735895   0.0999651655771693
 245.0445672378365676 236.8771708870289119 207.8849925404090681   0.0999651655771693
 240.6471745242018181 234.7909132351798514 208.7599357404146228   0.5972651661259474
 240.2276553224713112 236.4822181250393911 207.2179192151348766  -0.5679348360691651
 241.0874807134054776 232.4230863893765226 207.9643610380337637  -0.4157348344228307
 241.5221177242073729 231.0964986433638072 209.2739412488411871   0.2718651655771693
 240.8248087807904046 231.6804240187454693 205.2847293801334433  -0.0249348344228307
 241.8528197976435866 233.0826008101150465 204.1867984963251901   0.0842651655771693
 242.1891910494815644 229.1859855219694296 204.7385985274301987   0.2116651655771693
 242.6465047738904888 229.1217348334160957 202.7298196470719034   0.0351651655771693
 243.9541952585640089 229.1066170243447341 205.8025143408278680   0.0351651655771693
 240.6981971298176938 227.0600436213080213 205.3017369153387351  -0.6546348355203869
 240.2106477872660191 227.1072867746560634 207.0780794812247077   0.4274651655771692
 238.0733675298010829 231.6860931971472332 204.2812848030212474   0.5972651661259474
 237.5971565440529093 232.6026103720990394 202.1931374250382565  -0.5679348360691651
 236.2308845492278463 230.7960321880703436 205.7628300920155202  -0.4157348344228307
 236.7184338917795476 230.2876958580455165 207.5448418363032567   0.2718651655771693
 233.5172378209169420 231.1210650831047933 205.2696115710620548  -0.0581348344228307
 233.0807110839811163 230.3273801068578643 203.4309080427566786   0.1359651655771693
 231.9241986900213200 229.6905423997263962 207.2254781196705709  -0.0074348344228307
 232.5893822891616081 230.0533698174392903 209.1322117887971147   0.0366651655771693
 229.9928985811537900 230.4048588783486297 207.1272123607066531   0.0366651655771693
 231.7427849811648730 226.8918579953890325 206.7889513827347452   0.1867651655771693
 230.5862725872050767 225.8373908126609609 204.6856861956803926  -0.5432348344228307
 230.0212444731626099 223.4544461577862704 205.2979574630708747   0.1634651655771693
 228.8533937223992857 222.2261241707374460 204.1565628781824400   0.1434651655771693
 230.9434308265161799 222.9007564005473316 207.5939747157852021  -0.2795348344228307
 230.6316260144191885 221.2548049379019304 208.4953740816656466   0.3338651655771693
 232.0111260921817099 225.0644928238871844 208.5860809360938701  -0.2207348344228307
 232.6158384550364976 225.3762976359841759 210.5060426881578452   0.1861651655771693
 232.7046555833307908 233.9008522261029618 205.2091403347765813   0.5972651661259474
 231.3043685180951437 234.6510735012696823 203.5046073619796102  -0.5679348360691651
 233.6306213889522214 235.4901119047307233 206.9401294734484422  -0.4157348344228307
 234.7606776170371282 234.7946926874477120 208.3271884557466577   0.2718651655771693
 232.9219740887317520 238.1829716455685017 206.9514678302519701  -0.0389348344228307
 230.8640623288915113 238.2755682261306555 206.9533575563859004   0.1006651655771693
 233.7799097535319880 239.6040456982773013 209.3438611157962849   0.3653651655771693
 232.7330014753396107 241.3747190857615097 209.4383474224923423   0.0042651655771693
 233.2848015064446193 238.1130517786134307 211.7702694717511571  -0.2438348344228307
 233.9027419522368651 239.1939751272163650 213.3973236730573629   0.0641651655771693
 231.2835815306220183 237.6803044939454655 211.9497934544737005   0.0641651655771693
 234.3411584153065944 236.3631653786023479 211.7721591978850872   0.0641651655771693
 236.3726140092719454 240.1860813475250330 209.3722070078051049  -0.6761348327764963
 236.6693010122975754 241.6014862218320416 208.2704966717290180   0.4101651655771693
 233.8252631807460998 239.5057799393133835 204.5401772833684597   0.5972651661259474
 232.3550562485553549 240.8852800170759047 203.3590984496676772  -0.5679348360691651
 236.1137215289247332 238.8859497673872072 203.6614546310950711  -0.4157348344228307
 237.2097626865990559 237.7237681950256469 204.6648992082072670   0.2718651655771693
 237.1001585708316370 240.0160059954721140 201.3881140919877996  -0.0875348344228307
 236.8563838995557863 242.0342335065000336 201.4448058760054392   0.0968651655771693
 239.9725422943919323 239.5246772006526057 201.1991414785956852   0.2984651655771693
 240.3485977950422579 237.5347955816335057 201.5846456099156351  -0.0297348344228307
 241.0988190702090054 240.1690738123197410 198.6045474967217975  -0.3192348344228306
 240.6396156196661239 242.1136020041247292 198.0943214405630670   0.0790651655771693
 243.1472821993796485 239.9460861285170429 198.6536803762037699   0.0790651655771693
 240.3580464257118556 238.8953983980568318 197.1664659088077329   0.0790651655771693
 241.3822779902971772 241.1441724974231172 203.1550080272041745  -0.3192348344228306
 240.6604026071392763 240.7794553535763197 205.0485136133932868   0.0790651655771693
 243.3872774183876118 240.6755204162106378 203.1323313135971185   0.0790651655771693
 241.1441724974231172 243.1453924732457182 202.7279299209379732   0.0790651655771693
 235.7225482192030459 239.1051579989220719 199.0845379347378047   0.5972651661259474
 235.1405125699552873 240.6207183583269285 197.4234686630210151  -0.5679348360691651
 235.1783070926337048 236.6220578589495601 198.8974550474795936  -0.4157348344228307
 235.6715256135871703 235.3956255980346660 200.2750653991081847   0.2718651655771693
 233.9462056533170735 235.6431797215783503 196.6770268401221281  -0.0597348344228307
 234.8438255669296574 236.2441126321653045 194.9233609878432115   0.0868651655771693
 233.6778645423002367 232.7915829854911807 196.6826960185238921   0.1302651655771693
 235.5486934148822932 231.9336473206909178 196.7526158854789899   0.0186651655771693
 232.1358480170204904 231.9393164990926817 199.0013899848452755  -0.3204348344228307
 230.2631294183045304 232.7953624377590143 198.9333598440241078   0.0881651655771693
 231.9525445820301399 229.8889636437881352 198.9900516280417474   0.0881651655771693
 233.0977186191864082 232.5326905051439682 200.7229304928475384   0.0881651655771693
 232.6309562641078592 231.8467199185305548 194.1353451899980464  -0.0430348344228307
 232.2171062407791162 229.8398307643061898 194.3451047908633133   0.0235651655771693
 231.3761781111841453 236.8148099246095084 196.4445905256498053   0.5972651661259474
 229.9758910459484982 237.0434667868139974 198.5667529740433800  -0.4157348344228307
 230.6410746450887862 236.4179674364860572 200.2448297809654615   0.2718651655771693
 227.5192470718508760 238.1905305501041960 198.5025022854900729  -0.0518348344228307
 226.3684038562928439 237.1700784377867082 197.1362302906649829   0.0921651655771693
 226.1548648031597432 238.1659641103632099 201.0687503753551137  -0.1102348344228307
 225.9167593102856565 236.1477365993353168 201.3975627226574240   0.0456651655771693
 227.2981491141821081 238.9766566218154307 202.5786415563582064   0.0456651655771693
 223.5451530122144939 239.4604265120992716 201.0290661265427661   0.3530651655771693
 223.7908174096242482 241.3822779902971772 200.3317571831258245  -0.0361348344228307
 221.6554268782932421 238.0525805423279304 199.3339817844154194  -0.4121348344228307
 221.4078727547495577 236.1288393379960947 200.0294010016984307   0.0999651655771693
 222.5417084351022980 239.8629381786245135 203.7238155935144749  -0.4121348344228307
 223.8512886459097214 241.0534656429948937 204.7745033239746860   0.0999651655771693
 220.6973357283951579 240.7775656274423894 203.6406676436219457   0.0999651655771693
 222.3602947262458779 238.0412421855244025 204.6686786604751008   0.0999651655771693
 227.8253827055461306 240.8852800170759047 197.7088173092431439   0.5972651661259474
 229.8398307643061898 242.1797424188119666 198.5762016047129776  -0.4157348344228307
 231.1437417967118492 241.3747190857615097 199.7157064634675089   0.2718651655771693
 234.1654138848519382 244.9311836698012884 198.5932091399182696   0.0186651655771693
 232.3512767962875212 246.1443878477787243 201.9077887788161547  -0.0430348344228307
 230.9188643867752206 247.5390057346126073 202.4066764781713572   0.0235651655771693
 231.7579027902362614 244.2848973320002493 202.5673031995546785   0.0235651655771693
 234.8646125544027830 246.8511454218652635 203.1568977533381046  -0.0660348344228307
 235.4598762865879730 248.7106359376437921 202.4992730587335110   0.0185651655771693
 234.6265070615287231 246.8927193968115684 205.2015814302408872   0.0185651655771693
 236.2951352377811802 245.4584172611653107 202.6598997801168055   0.0185651655771693
 238.6497340006470507 223.5772783564911475 231.3478322191753522  -0.8340348344228307
 238.1357284922204865 223.5810578087589813 229.5601512964858249   0.4169651655771693
 237.2929106364915853 222.5209214476291724 232.0602589716636553   0.4169651655771693
 253.7354177277403854 202.6050977222330960 243.0433472620139666  -0.8340348344228307
 254.0283252784981815 203.6349984652201815 241.4881026537967892   0.4169651655771693
 251.8759272119619104 202.4236840133766490 243.3381445389056933   0.4169651655771693
 243.7841199065110898 194.9158020833075172 247.8734872603167084  -0.8340348344228307
 243.7727815497075617 196.0061740625800762 249.4155037855964546   0.4169651655771693
 242.1665143358745084 195.1463486716459098 246.9248447410882220   0.4169651655771693
 226.4761182459263592 229.1916547003711938 202.4388018224480376  -0.8340348344228307
 225.8128243729200015 230.5862725872050767 203.5272840755866662   0.4169651655771693
 225.2893702338238128 227.7233374943143790 202.5030525110013447   0.4169651655771693
 235.2482269595888026 220.0604980212636898 232.8955179228568356  -0.8340348344228307
 233.9291981181117817 219.0438253612140625 233.6986515297733892   0.4169651655771693
 235.7319968498726437 218.9380006977144773 231.5103486666925770   0.4169651655771693
 223.3108269716082678 232.5761542062241499 214.5065929136691439  -0.8340348344228307
 223.6150728791695649 231.2514561863453647 213.1951229767277900   0.4169651655771693
 224.8452845923523198 232.7518987366788329 215.5950751668077725   0.4169651655771693
 234.7172139159569197 224.3785222372737707 201.4939387554874116  -0.8340348344228307
 233.2129919133556180 225.3914154450555644 201.8643250777359730   0.4169651655771693
 234.6926474762159605 223.2144509387782801 202.9169025343301145   0.4169651655771693
 222.9574481845649714 205.2185889654461791 213.6448777966010472  -0.8340348344228307
 224.3463968929970904 205.7666095442833540 212.4902551287751544   0.4169651655771693
 223.1747666899659325 206.0462890121036919 215.3305135080587961   0.4169651655771693
 221.5174768705169765 229.7188882917352161 226.7085545603986552  -0.8340348344228307
 221.6648755089628398 231.4328698952017849 227.2792518528428859   0.4169651655771693
 223.1672077854302383 229.0121307176486769 227.0902792394507715   0.4169651655771693
 244.4625315885888359 211.4584646596541654 236.1571852300049146  -0.8340348344228307
 245.6965227540393975 211.3507502700206499 237.4970010589550882   0.4169651655771693
 245.3166878011212383 210.5873009119164711 234.7814646045102538   0.4169651655771693
 247.3934968223006743 217.4621245871219685 240.8437060421296268  -0.8340348344228307
 248.4007208516807308 217.0992971694091011 242.4008403764807346   0.4169651655771693
 248.3912722210111333 218.5789527322694438 239.6928628265715944   0.4169651655771693
 259.9450578038056215 231.5254664757639387 230.4237561396878519  -0.8340348344228307
 258.1668255117857726 230.9358719219805127 230.1837609206798616   0.4169651655771693
 261.1053496500332785 230.4634403885001997 229.3749581353615443   0.4169651655771693
 248.4290667436895239 202.0022750855122118 234.5282413025648053  -0.8340348344228307
 247.3027899678724508 201.2180387399349074 235.8264831565687008   0.4169651655771693
 249.7707722987736277 203.0170580194279357 235.3861769673650682   0.4169651655771693
 254.5574485959961343 228.5888320636503093 234.5698152775110834  -0.8340348344228307
 254.2853280327115173 227.4058635038155968 236.0192352222286759   0.4169651655771693
 254.7672081968614280 230.3500568204649202 235.2236605198478165   0.4169651655771693
 245.0388980594348305 188.2601866396368846 231.6785342926115660  -0.8340348344228307
 246.4448543030722416 189.3467791666415829 231.0360274070783337   0.4169651655771693
 244.4474137795174473 188.9178113342414781 233.3490521949979532   0.4169651655771693
 237.0566948697514288 222.9234331141543875 206.0538479166393862  -0.8340348344228307
 237.6122743531242978 223.7945968618921086 204.5326183788327656   0.4169651655771693
 237.2418880308757364 224.2745872999080890 207.3010671650274060   0.4169651655771693
 243.5497938659048635 216.6854471460803583 227.4172018606191247  -0.8340348344228307
 245.0218905242295119 217.5150369188717745 226.6499730502471121   0.4169651655771693
 242.1854115972137037 217.5925156903625397 226.5101333163369430   0.4169651655771693
$end
