$point_charges
 195.3523288202433430 243.3305856343699722 231.7465644334327335   0.0102340135089254
 194.0087335390253358 241.6279423877069581 227.8442799668853259   0.0620340135089254
 195.5790959563138749 243.0490164404157576 237.0453565129479009  -0.5894659853935182
 198.8577707986672458 247.0136618693825151 237.3798380386519751   0.0212340135089254
 199.8574359235116081 245.7966782391372187 236.0532502926392597   0.1123340135089254
 200.2070352582870172 249.5836894115154436 237.4781037976158929  -0.1231659864910745
 202.1780196159668948 249.3663709061144824 238.0336832809887351   0.1111340135089254
 198.9144625826848856 246.0139967445381799 240.0254546261417384   0.5972340140577036
 200.3865592410095609 244.3264713069465006 240.6433950719339843  -0.5679659881374090
 194.3942376703452589 237.9184099868195253 238.7139846892003846   0.0790340135089254
 196.4332521688462774 238.3927312464337686 242.8524849224879221   0.5972340140577036
 196.9340295943354103 236.5634763487979902 244.1941904775720258  -0.5679659881374090
 197.8713337567603688 239.0314586796991402 240.8474854943974604  -0.4157659864910745
 197.4480351027620012 240.5659163004432190 239.7930183116694157   0.2718340135089254
 200.0275112755645004 237.5385750339013662 240.1407279203109213  -0.0518659864910745
 199.4095708297722544 235.5902673898285443 239.8799457138297787   0.0921340135089254
 201.3087455943631309 238.4456435781835746 237.6878633984811330  -0.1102659864910745
 201.4920490293534813 240.4714299937471349 238.0185654719173466   0.0456340135089254
 203.1795744669451606 237.6198332576599652 237.4403092749374484   0.0456340135089254
 199.7232653680031763 237.9939990321763873 235.2879112084011504   0.3530340135089254
 197.9563714327868283 239.0371278581009042 235.4636557388558337  -0.0361659864910746
 201.1348907900423779 238.8765011367176097 232.9049665535264601  -0.4121659864910745
 202.9017847252587260 237.8333723107930658 232.7273322969378468   0.0999340135089254
 199.9651503131450968 238.5306812542100073 231.2457870079436006   0.0999340135089254
 201.5392921827015234 240.8909491954776689 233.0523651919722964   0.0999340135089254
 198.8558810725333425 235.2255502459817469 235.1083872256786338  -0.4121659864910745
 197.7069275831092136 234.7568981647692675 236.7524489621901314   0.0999340135089254
 197.7409426535197975 234.9647680395006043 233.3962953483459684   0.0999340135089254
 200.5037222613126740 233.9915590805311584 235.0498057155270638   0.0999340135089254
 201.9720394673694886 237.6084949008564374 242.2005294062850923   0.5972340140577036
 203.0907573386508672 235.6696358874532399 242.8279184827469358  -0.5679659881374090
 202.4180148349748851 239.8497100956870553 243.3230267298343047  -0.4157659864910745
 201.4145702578627160 241.3879471686989411 242.8052417691398800   0.2718340135089254
 204.2982923382265392 240.1331690157752270 245.2656651955053358   0.0212340135089254
 206.1218780574605537 239.5435744619918010 244.5116644680707546   0.1123340135089254
 204.5250594742970981 242.8732719099610475 246.2105282624659617  -0.1231659864910745
 202.7090326595987779 243.5856986624493776 246.8738221354723194   0.1111340135089254
 205.9158979088631206 243.0263397268087016 247.7223091696029846   0.1111340135089254
 205.5549602172841836 245.0351186071669701 243.7463253838326990  -0.3119659864910745
 205.5341732298110311 247.0986995454089478 245.1806275194789031   0.1932340135089254
 203.6482265481576397 238.5136737190047155 247.5087701164698841   0.5972340140577036
 205.2922882846691107 237.2437777570096397 248.5537886685283313  -0.5679659881374090
 201.2312668228723387 238.5098942667368817 248.3119037233864377  -0.4157659864910745
 199.9179071597970815 239.5227874745186753 247.3670406564258117   0.2718340135089254
 200.7645044677937897 234.3222611539673991 249.9484065553622142   0.5972340140577036
 200.2278222457601697 233.5418042606579012 247.5900283402285100  -0.4157659864910745
 199.7346037248067042 234.8098104965190735 246.2521022374122665   0.2718340135089254
 200.4054565023487562 230.9302027435787487 246.8832707661419707   0.0336340135089254
 199.1865831459695561 229.7566828144136335 248.0567906953070320   0.0822340135089254
 199.7270448202710368 230.4747787453037276 244.0940349924742046  -0.1825659864910745
 200.9440284505163064 231.6237322347278296 242.8940588974341732   0.0602340135089254
 199.9953859312878468 228.4848971262846545 243.6367212680652265   0.0602340135089254
 197.7598399148590196 230.9925637059981523 243.7708918235736316   0.0602340135089254
 203.0907573386508672 230.1043924230551660 247.2347598270512833   0.5972340140577036
 203.5858655857382361 228.0030169621347171 248.0945852179854765  -0.5679659881374090
 204.9011149749474235 231.7541233379684009 246.5563481449735907  -0.4157659864910745
 204.4003375494582908 233.4567665846314687 245.8533700231548584   0.2718340135089254
 207.5391726579014926 231.1834260455241970 246.7812255549102193  -0.0014659864910746
 207.9492432289624020 229.4467677284505724 245.7513248119231070   0.0875340135089254
 209.1945727512164915 233.3207063029891333 245.6984124801733278  -0.0152659864910746
 208.7731638233520542 233.6438494718896528 243.7085308611542547   0.0294340135089254
 208.8166275244322627 235.0403570848574661 246.7661077458388307   0.0294340135089254
 211.9044400272595888 232.6196179073043313 245.9799816741275960  -0.0011659864910746
 212.9286715918449103 230.7242225949813154 244.5248925510082128  -0.1906659864910745
 211.7324749490727394 229.7340061008065778 243.1718486391206346   0.1698340135089254
 215.4325587192905475 230.0741568049124160 244.7648877700162297  -0.2341659864910745
 216.2186847910018093 228.5548169932397257 243.6178240067260312   0.1655340135089255
 216.9424499002936403 231.3383835885057276 246.4599721121435764   0.3225340135089255
 219.5143671685604720 230.6788691677672037 246.7150851402229819  -0.5579659881374089
 220.0113651417817444 229.3239355297456684 245.6152645302807715   0.3991340135089254
 215.9408950493153747 233.2526761621679658 247.8999434261915711  -0.2341659864910745
 217.1352019659536153 234.2617899176818988 249.2397592551417447   0.1655340135089255
 213.4351181957357803 233.8951830477011978 247.6523893026478867  -0.1906659864910745
 212.6471023978906421 235.4239714900434859 248.7843352568667506   0.1698340135089254
 208.1419952946223771 230.8338267107487611 249.5232181752299433   0.5972340140577036
 209.5725179780007472 229.1406320947553179 250.2167476663790242  -0.5679659881374090
 207.0459541369480274 232.4363144723139808 251.1691696378753712  -0.4157659864910745
 205.8478677680419797 233.7874686580676823 250.5531189182170019   0.2718340135089254
 207.5429521101693264 232.2737980247967560 253.8336834867043300  -0.0252659864910746
 209.5574001689293857 232.4986754347333846 254.2021800828189612   0.0697340135089254
 206.4393520479593093 224.6468633482905808 251.4545182840974464  -0.4157659864910745
 206.0803040825142758 226.2134463133112863 250.4265072672443179   0.2718340135089254
 208.1136494026135572 222.7817036541103150 250.4151689104407900   0.0336340135089254
 209.0604021957080866 223.4695639668576321 247.7544345138796381  -0.1825659864910745
 210.0468392376149905 225.2761421508863546 247.8205749285668755   0.0602340135089254
 210.3491954190423843 222.0088056653365116 247.0835817363376132   0.0602340135089254
 207.4560247080089634 223.6112934269017313 246.4694207428131740   0.0602340135089254
 210.3926591201225657 222.5247008998970062 252.0724587298896922   0.5972340140577036
 211.3847653404312338 224.6449736221566504 253.0626752240644299  -0.4157659864910745
 210.7271406458266402 226.3627346778910799 252.5505594417717962   0.2718340135089254
 216.3755320601172702 227.8858539418316038 252.8151211005207455   0.3530340135089254
 217.7871574821564451 226.4364339971140114 252.4315066953347259  -0.0361659864910746
 214.6766682657220630 228.2165560152678176 250.4926476819315553  -0.4121659864910745
 213.2650428436828881 229.6678656861193404 250.8743723609836448   0.0999340135089254
 215.8218423028783313 228.7834738554441879 248.8769318374288506   0.0999340135089254
 213.7318051987614371 226.4345442709800812 250.0731284802010215   0.0999340135089254
 218.0252629750305049 230.2026581820190569 253.3631416793579473  -0.4121659864910745
 219.3405123642396924 229.7661314450832581 254.8881506694323747   0.0999340135089254
 219.0835096100264103 230.7091047859099538 251.6699470633644773   0.0999340135089254
 216.8271766061244307 231.7824692299772208 253.9225006149986231   0.0999340135089254
 248.8353578624825995 232.9125254580621274 235.5713701284893490   0.0142340135089254
 249.6158147557920971 234.2164364904677870 234.1805316939232997   0.1047340135089254
 248.2816681052436606 230.3784027124737401 234.2617899176818988  -0.2041659864910745
 247.8451413683078618 228.9119752325508557 235.6412899954444202   0.0796340135089254
 246.7131954140890516 230.5654855997319511 232.9408713500709473   0.0796340135089254
 250.6305976897077672 229.5922766407625052 232.7953624377590143   0.7129340135089254
 251.5074306158472793 227.4493272048958050 232.9881145034189894  -0.5931659848447400
 251.6812854201680052 231.3780678373180754 231.2760226260863240  -0.9191659848447400
 250.8970490745907008 233.1147261543917002 231.1701979625867388   0.4195340135089254
 246.3069042952959760 234.0369125077452702 236.2819071548437219   0.5972340140577036
 245.2637754693714591 235.5581420455518908 234.8683920066706435  -0.5679659881374090
 245.2826727307106544 233.4019645267477324 238.5174531712725760  -0.4157659864910745
 246.3390296395726295 232.3474973440196876 239.7060909095090258   0.2718340135089254
 242.7239835453812541 234.0047871634686166 239.2506669112340047  -0.0024659864910746
 241.4370800481809133 233.2451172576322715 237.8333723107930658   0.0977340135089254
 242.0021081622233801 232.9049665535264601 241.8471506192418227  -0.0343659864910746
 243.4345205717356539 233.2375583530966041 243.2890116594237209   0.0294340135089254
 240.1728532645875748 233.5569220697292898 242.5331212058552093   0.0294340135089254
 241.7980177397598503 230.1043924230551660 241.5410149855465682   0.0117340135089254
 239.6834141959019698 229.0537046925949280 240.4506430062740094  -0.1256659864910745
 238.1659641103632099 230.2933650364472806 239.8156950252764715   0.1329340135089254
 239.4679854166349658 226.4798976981941930 240.1558457293822828  -0.1704659864910745
 237.7823497051771901 225.6786538174115966 239.2865717077785189   0.1429340135089254
 241.3803882641632737 224.9189839115752514 240.9589793362988364  -0.1072659864910745
 241.2254307211817161 222.8780796869402758 240.7303224740943473   0.1296340135089254
 243.4987712602890146 225.9451052022944763 242.0550204939731593  -0.1704659864910745
 245.0200007980955815 224.7148934891117485 242.6956376533724610   0.1429340135089254
 243.7009719566185872 228.5226916489630719 242.3441485924630949  -0.1256659864910745
 242.2080883108207597 236.7996921155381467 239.2620052680375328   0.5972340140577036
 240.0197854477399744 237.5650311997762558 239.0919299159846405  -0.5679659881374090
 244.1601754071614420 238.3776134373624071 239.6418402209557187  -0.4157659864910745
 245.8760467367619143 237.5952668179190060 239.9366374978474183   0.2718340135089254
 243.9409671756265507 241.0893704395393809 239.7495546105892341  -0.0581659864910746
 243.2039739833972882 242.2364342028296063 237.2513366615453340   0.5972340140577036
 241.9302985691343519 244.1790726685006373 237.1851962468580966  -0.5679659881374090
 244.0222253993851764 241.1309444144856590 235.1178358563482313  -0.4157659864910745
 245.0332288810330398 239.5133388438490776 235.1896454494372327   0.2718340135089254
 243.5063301648246820 242.2213163937582179 232.6800891435898316  -0.0581659864910746
 244.2017493821076933 244.1601754071614420 232.6555227038488455   0.1359340135089254
 244.7800055790876183 240.7511094615674998 230.5220218986517428  -0.0074659864910746
 244.2433233570539446 238.7631175686823302 230.5938314917407710   0.0366340135089255
 244.2565514399914028 241.5372355332787346 228.6908772748820609   0.0366340135089255
 247.6089256015677053 240.8323676853260987 230.6599719064280084   0.1867340135089255
 249.1868469233919656 239.2601155419036293 229.3125971729421405  -0.5432659864910745
 240.7170943911569160 242.2817876300437182 232.1320685647526566   0.5972340140577036
 239.7967977639372493 244.0883658140724138 230.9925637059981523  -0.5679659881374090
 239.2922408861802828 240.3126929984977707 232.8974076489907659  -0.4157659864910745
 240.0160059954721140 238.9313031946013190 233.9972282589329224   0.2718340135089254
 236.6806393691011033 240.1350587419091574 232.1566350044936429  -0.0252659864910746
 236.6050503237442683 240.0783669578915175 230.0987232446534021   0.0697340135089254
 235.9209694632647581 238.3776134373624071 232.9181946364638915   0.0697340135089254
 235.0951591427411756 242.3044643436507740 233.0807110839811163   0.5972340140577036
 233.8989624999690315 243.5932575669850451 231.5632609984423562  -0.5679659881374090
 235.1027180472768698 242.8411465656843940 235.5675906762214885  -0.4157659864910745
 236.1137215289247332 241.7658923954831968 236.7770154019310907   0.2718340135089254
 233.5058994641134141 244.7856747574893554 236.5974914192085740  -0.0275659864910745
 231.5934966165851062 244.5041055635350872 235.8850646667202708   0.1122340135089255
 233.4246412403547882 244.7818953052214947 239.5265669267865090  -0.0050659864910746
 232.4892268040637868 246.5185536222951464 240.1218306589716991   0.0338340135089254
 232.3418281656179235 243.1586205561831764 240.1860813475250330   0.0338340135089254
 235.9360872723361467 244.6968576291950620 240.8890594693437386  -0.1415659864910745
 237.3250359807682656 242.6351664170869609 241.5769197820910824  -0.1638659864910745
 236.5578071703962262 240.7889039842459173 241.0837012611376169   0.2061340135089254
 234.2542310131462313 247.3197975030777696 235.5883776636946410   0.5972340140577036
 232.6309562641078592 248.9147263601072951 235.1291742131517594  -0.5679659881374090
 236.7222133440473814 247.7846701320224152 235.2123221630442887  -0.4157659864910745
 238.0582497207296944 246.4618618382775066 235.5411345103465990   0.2718340135089254
 237.5140085941603801 250.2167476663790242 234.2958049880924826  -0.0389659864910746
 241.2348793518513407 248.5915831912067756 232.3191514520108677  -0.6761659848447401
 236.4141879842182236 250.6910689259932675 231.7201082675578171   0.5972340140577036
 235.4012947764364299 252.7244142460925220 231.2306691988722123  -0.5679659881374090
 236.5710352533336844 248.8164606011434042 230.0042369379573181  -0.4157659864910745
 237.2588955660810282 247.1157070806142667 230.5276910770535068   0.2718340135089254
 235.6715256135871703 249.1150373303029374 227.4568861094314725  -0.0249659864910746
 236.6730804645654358 250.6816202953236697 226.5724942787563468   0.0842340135089254
 236.0910448153176772 246.7207543186247190 225.8562880740001831   0.2116340135089254
 235.0630337984645220 245.1560610797379168 226.7142237388004192   0.0351340135089254
 235.3691694321597764 247.0552358443287664 223.9552235832754033   0.0351340135089254
 238.6988668801289963 246.1122625035020708 225.7277866968935419  -0.6546659875886308
 238.9218545639317214 244.6174891315703666 224.7243421197813460   0.4274340135089254
 232.8766206615176402 249.5307770797656107 227.5135778934491121   0.5972340140577036
 231.8731760844054443 251.0879114141167453 226.1076216498117011  -0.5679659881374090
 231.5141281189604108 248.1645050849405743 229.0366971573896362  -0.4157659864910745
 232.4703295427245647 246.7736666503744982 229.9513246062075389   0.2718340135089254
 228.7664663202389227 248.3515879721987584 229.3957451228346965  -0.0237659864910746
 227.8348313362157281 248.0492317907713647 227.5834977604042101   0.0879340135089254
 227.7611320169927965 246.1991899056624337 231.0700424774889176   0.0341340135089254
 228.8042608429173404 246.1519467523144454 232.8444953172409599   0.0240340135089254
 225.7731401241076539 246.5431200620361325 231.4952308576211885   0.0240340135089254
 227.9860094269294251 243.6216034589938916 229.7358958269405081   0.0017340135089254
 229.9702218675467342 243.2663349458166649 229.3390533388170569   0.0439340135089254
 227.3378333629944559 242.1551759790709805 231.0227993241408755   0.0439340135089254
 226.3117120722752040 243.2871219332897905 226.7482388092110030  -0.2737659864910745
 223.1728769638320022 242.4480835298287766 227.7932573612694770  -0.0536659864910745
 221.8538481223549811 242.6635123090958075 226.2285641223826748   0.0683340135089254
 223.1539797024927800 240.4846580766845931 228.3866313673207367   0.0683340135089254
 222.6154077543252297 243.6575082555383521 229.3617300524241129   0.0683340135089254
 227.9463251781170773 250.9594100370100775 230.3443876420631563   0.5972340140577036
 226.1378572679544513 252.0403333856130387 229.3560608740223487  -0.5679659881374090
 229.4864519772628934 251.9817518754614687 231.9601034865658342  -0.4157659864910745
 231.0152404196052083 251.0879114141167453 232.6725302390541373   0.2718340135089254
 228.8779601621402718 254.4459547540947851 232.9144151841960577   0.0336340135089254
 226.9447703271388117 254.4591828370322434 233.6268419366843610   0.0822340135089254
 229.0744916800680805 256.3205630789447022 230.8035910926060111   0.5972340140577036
 230.9944534321320558 256.0219863497851151 229.1614190822284435  -0.4157659864910745
 232.2208856930469500 254.5725664050675226 229.3579506001562522   0.2718340135089254
 233.6079446753451655 255.2377500042078107 224.8755202104950430  -0.0297659864910745
 229.1292937379517900 257.6584891817609455 225.3592901007788840   0.5972340140577036
 228.2127765629999840 255.3719205597162158 224.7148934891117485  -0.4157659864910745
 228.9818950995059267 253.7732122504188297 225.4178716109304540   0.2718340135089254
 226.1170702804813257 255.1470431497795872 223.0009118856451796  -0.0875659864910746
 226.4572209845871370 256.1523774530257134 221.2359076765627083   0.0968340135089254
 225.4745633949480936 252.4390655998704470 222.3980892489242954   0.2984340135089255
 225.1911044748598951 251.3883778694102091 224.1479756489353782  -0.0297659864910745
 223.0349269560557635 252.3653662806474885 220.8163884748322013  -0.3192659864910745
 223.3183858761439352 253.4141642849737962 219.0665020748211185   0.0790340135089254
 222.5606056964415202 250.4094997320389993 220.3741925594946384   0.0790340135089254
 221.4966898830438509 253.2195224931798910 221.8859734666316346   0.0790340135089254
 227.7611320169927965 251.2296408741608179 221.0639425983758857  -0.3192659864910745
 229.4014143012364607 251.3052299195177065 222.3073823944960719   0.0790340135089254
 227.3340539107265954 249.2662154210166612 220.6104083262347949   0.0790340135089254
 228.1693128619198024 252.2614313432818605 219.3272842813022611   0.0790340135089254
 223.8248324800348318 256.3545781493552860 224.1498653750692817   0.5972340140577036
 222.4755680204150606 257.7699830236622946 222.8931974960116641  -0.5679659881374090
 223.3599598510902131 255.8726979852053216 226.6027298968990700  -0.4157659864910745
 224.5769434813354829 254.8031129934059420 227.6118436524130299   0.2718340135089254
 221.1773261664111651 256.8742528361835872 227.8650669543584784  -0.0024659864910746
 219.4898007288194859 256.1939514279719645 226.9013066260586303   0.0977340135089254
 221.0318172540992322 256.0862370383384223 230.6580821802940781  -0.0343659864910746
 220.6047391478330309 254.0887965147836818 230.9264232913108881   0.0294340135089254
 222.7306810484944393 256.5718966547561935 231.7163288152899835   0.0294340135089254
 218.9134342579734912 257.5280980785203473 231.8278226571913326   0.0117340135089254
 216.4473416532062715 256.8062226953624197 231.4404287997374792  -0.1256659864910745
 216.0523888912167238 255.1602712327170454 230.2650191444384607   0.1329340135089254
 228.0767162813576486 258.9642899403005352 218.5222609482518042   0.0185340135089254
 215.3966539227460604 259.5444358634143369 221.6724344134985339   0.0559340135089254
 215.7670402449946218 259.2420796819869430 223.6755441154550652  -0.0173659864910746
 213.3651983287807093 259.6842755973245326 221.3644090536693761  -0.0173659864910746
 216.4492313793402018 257.3240076560568444 220.1530946018258436   0.0135340135089254
 218.4334438199575108 257.0027542132902552 220.6009596955651705  -0.0425659864910745
 215.3683080307372405 255.6175849571259698 220.5612754467528227  -0.0425659864910745
 216.1903388989929894 257.9759631722596742 217.3676382804259112   0.8053340124113690
 214.0247127495192332 258.5050864897576268 216.5304896030988007  -0.8188659842959619
 218.1688821612085344 257.9721837199918672 216.0448299866810296  -0.8188659842959619
 200.5660832237320775 249.4589674866766362 214.2136853629113476   0.0796340135089254
 201.6980291779508878 249.8010079169163511 219.3745274346502763  -0.5679659881374090
 203.2457148816323980 253.0362190581895673 224.8509537707540837  -0.5679659881374090
 201.0139483174714044 249.1169270564368677 228.1749820403215663   0.5972340140577036
 202.3688819554929395 248.8145708750094738 230.0420314606357624  -0.5679659881374090
 200.8892263926325971 247.4199529881755907 226.2890353586681483  -0.4157659864910745
 199.7837366042886764 247.8205749285668755 224.7867030822007498   0.2718340135089254
 202.2630572919933546 245.0804720343810818 226.2871456325342179   0.0336340135089254
 201.7566106881024577 243.9957692335102600 227.9633327133223693   0.0822340135089254
 201.6829113688795261 243.4779842728158353 223.9325468696683474  -0.1825659864910745
 202.1969168773061171 244.5324514555439339 222.2393522536749042   0.0602340135089254
 202.7676141697503211 241.7280978728047793 224.0062461888912790   0.0602340135089254
 199.6722427623873273 243.0357883574782994 223.8815242640524717   0.0602340135089254
 205.0541827917950507 245.5453446633257274 226.2965942632038425   0.5972340140577036
 206.4431315002271697 244.2943459626698471 227.6779840671002672  -0.5679659881374090
 205.9574718838093986 247.3802687393632161 224.7810339037989859  -0.4157659864910745
 204.7782827762425465 248.4593023618323008 223.7379050778744690   0.2718340135089254
 208.6314343633079819 247.7846701320224152 224.5315900541213712  -0.0518659864910745
 209.5044878371795796 246.0121070184042495 223.9514441310075695   0.0921340135089254
 209.3098460453857013 249.8369127134608651 222.5813926839146458  -0.1102659864910745
 208.0985315935421686 251.3978265000798066 223.1596488808945440   0.0456340135089254
 211.2827201291994824 250.4189483627085968 222.7023351564856196   0.0456340135089254
 208.6843466950577611 249.0885811644280746 219.8337308851931579   0.3530340135089254
 206.6491116488245762 248.8089016966076831 219.6787733422116003  -0.0361659864910746
 209.5252748246527321 251.1427134720004548 217.9553431080754339  -0.4121659864910745
 211.5605098708859170 251.4223929398207927 218.1084109249230612   0.0999340135089254
 209.0566227434402528 250.5550086443509323 216.0372710821453621   0.0999340135089254
 208.5558453179511199 252.9077176810828994 218.3880903927433991   0.0999340135089254
 209.7558214129911247 246.4675310166792975 219.1723267383207035  -0.4121659864910745
 208.9451289015389036 245.0540158685061654 220.4327740696461815   0.0999340135089254
 209.2796104272429510 246.0026583877346518 217.2240190942479085   0.0999340135089254
 211.8042845421617407 246.4864282780184929 219.3915349698555681   0.0999340135089254
 209.7898364834017083 248.4876482538410939 227.0184696463617433   0.5972340140577036
 211.7116879615996139 247.4199529881755907 227.7686909215284907  -0.5679659881374090
 208.5993090190313015 250.2450935583878710 228.4036389025260287  -0.4157659864910745
 206.9420191995823723 250.9272846927334240 227.7479039340553653   0.2718340135089254
 209.5044878371795796 251.1464929242683155 230.8017013664721076  -0.0024659864910746
 211.3564194484224140 252.0176566720059829 230.5749342304015488   0.0977340135089254
 207.6638945827403000 253.1382642694213187 231.8807349889411386  -0.0343659864910746
 207.6506664998028418 254.7804362797988862 230.6391849189548827   0.0294340135089254
 205.7477122829441317 252.4050505294598632 232.0697076023332530   0.0294340135089254
 208.4292336669784092 254.0642300750426957 234.4356447220026783   0.0117340135089254
 208.0286117265870976 252.5996923212537147 236.5464688135926983  -0.1256659864910745
 207.1687863356529312 250.7402018054752397 236.3291503081917640   0.1329340135089254
 208.6975747779952193 253.4538485337861708 238.9067367548603597  -0.1704659864910745
 208.3801007874964369 252.2614313432818605 240.5564676697735944   0.1429340135089254
 209.5876357870721357 248.9676386918570743 232.6139487289025673   0.5972340140577036
 211.3583091745563442 248.7257537467151805 234.0954940178968401  -0.5679659881374090
 207.6317692384636196 247.3405844905508953 232.5874925630276777  -0.4157659864910745
 206.1974671028173889 247.5635721743535936 231.3478322191753522   0.2718340135089254
 207.5316137533657985 245.2410987557644034 234.3071433448960105   0.0336340135089254
 207.6884610224812594 245.9308487946456236 236.2422229060313741   0.0822340135089254
 205.0730800531342461 243.7085308611542547 234.0633686736201866  -0.1825659864910745
 204.8973355226795899 242.9904349302641876 232.1396274692883509   0.0602340135089254
 205.1146540280805242 242.1287198131960641 235.3842872412311381   0.0602340135089254
 203.4630333870333591 244.9198453129977603 234.4923365060202913   0.0602340135089254
 209.6896809983038604 243.4779842728158353 233.7893583842015858   0.5972340140577036
 211.0276071011201306 242.6994171056403217 235.5184577967395430  -0.5679659881374090
 209.9750296445259891 242.5331212058552093 231.4744438701480630  -0.5163659864910745
 208.7769432756199149 243.1907459004598299 230.1251794105282916   0.2935340135089254
 212.1368763417318848 241.0459067384591994 230.5465883383927289   0.0396340135089254
 212.0707359270446474 239.1202758079934602 231.2665739954167263   0.1104340135089255
 212.0707359270446474 240.7624478183710277 227.6704251625645730   0.0559340135089254
 210.3246289793014251 239.7873491332676517 227.1658682848076065  -0.0173659864910746
 212.1066407235891614 242.6011513466763771 226.7463490830770995  -0.0173659864910746
 214.3478559184197527 239.1807470442789337 226.7992614148268787   0.0135340135089254
 215.9900279287973200 240.4090690313277313 226.5573764696849583  -0.0425659864910745
 214.8146182734983018 237.7861291574450507 228.2505710856784015  -0.0425659864910745
 213.7884969827790767 237.7899086097128843 224.3388379884614229   0.8053340124113690
 212.9418996747823417 239.0598045717079601 222.5379289828344644  -0.8188659842959619
 214.2250237197148755 235.4636557388558337 224.2821462044437833  -0.8188659842959619
 214.6502120998471466 242.1778526926780363 231.4555466088088407   0.5365340135089255
 216.1808902683233648 240.9022875522811968 232.6574124299827756  -0.5819659881374090
 215.0262676004974988 244.6874089985254645 231.1399623444439888  -0.4157659864910745
 213.7620408169041603 245.6851843972358696 230.1554150286710419   0.2718340135089254
 217.4375581473810092 245.8117960482086072 231.7257774459595810  -0.0014659864910746
 218.8964267227681992 244.7554391393466322 230.7336712256509400   0.0875340135089254
 217.6756636402550692 248.6444955229565547 231.0757116558906815  -0.0152659864910746
 216.2564793136802268 249.7178599670238485 232.1169507556812951   0.0294340135089254
 219.5427130605692919 249.3210174789003707 231.6350705915313575   0.0294340135089254
 217.3676382804259112 249.0677941769548953 228.2997039651603737  -0.0011659864910746
 218.8737500091611434 247.8470310944417919 226.5592661958188886  -0.1906659864910745
 220.1379767927544819 246.4505234814739787 227.1450812973344808   0.1698340135089254
 218.5770630061355135 248.2797783791097303 224.0081359150252093  -0.2341659864910745
 219.6863322467472946 247.2442084577209345 222.6853276212803275   0.1655340135089255
 216.7931615357138468 249.9673038167014095 223.1653180592963079   0.3225340135089255
 216.4870259020186193 250.4170586365746667 220.5537165422171552  -0.5579659881374089
 217.8778643365846686 249.7858901078450162 219.5823973093816129   0.3991340135089254
 215.3191751512552683 251.2315306002947482 224.8906380195664315  -0.2341659864910745
 214.0606175460637204 252.6639430098070754 224.2481311340331994   0.1655340135089255
 215.6234210588165923 250.7893346849571584 227.4342093958244165  -0.1906659864910745
 214.5179312704726718 251.8097867972746730 228.7343409759622423   0.1698340135089254
 217.9912479046199211 245.5906980905398391 234.4847776014846239   0.5972340140577036
 220.1020719962099679 244.9595295618101349 235.2293296982495805  -0.5679659881374090
 216.0996320445647659 246.1576159307161825 236.0759270062463155  -0.4157659864910745
 214.4499011296515041 246.7812255549102193 235.3483824446866239   0.2718340135089254
 216.3736423339833398 246.0952549682968056 238.7706764732180245  -0.0024659864910746
 218.1291979123961866 247.0457872136591687 239.2809025293767549   0.0977340135089254
 214.1777805663668336 247.4048351791042024 240.1407279203109213  -0.0343659864910746
 212.3277386812579296 246.9985440603111268 239.3319251349926306   0.0294340135089254
 214.1343168652866520 247.0457872136591687 242.1684040620084387   0.0294340135089254
 214.6086381249008953 250.1770634175667032 239.8213642036782356   0.0117340135089254
 214.2174648151791814 251.3505833467317646 237.5347955816335057  -0.1256659864910745
 213.5768476557798795 250.2280860231825521 235.9304180939343827   0.1329340135089254
 214.6218662078383267 253.9017136275254977 237.2551161138131678  -0.1704659864910745
 214.3081716696074049 254.7993335411380816 235.4277509423113195   0.1429340135089254
 215.4212203624870196 255.3190082279664366 239.2790128032428246  -0.1072659864910745
 215.8142833983426370 254.1719444646762378 241.5750300559571520  -0.1704659864910745
 215.4079922795495883 251.6189244577486284 241.8358122624382948  -0.1256659864910745
 215.7179073655126764 250.7080764611985862 243.6575082555383521   0.1329340135089254
 216.6930060506160256 243.4250719410660561 239.7042011833751223   0.5972340140577036
 217.9780198216824899 243.0206705484069109 241.5939273172963742  -0.5679659881374090
 215.4495662544958396 241.5258971764752067 238.5382401587457016  -0.4157659864910745
 214.1721113879650695 241.7828999306884888 237.1436222719118187   0.2718340135089254
 215.8917621698334291 238.9955538831546529 239.4320806200904518  -0.0597659864910745
 215.7670402449946218 238.9313031946013190 241.4881026537967892   0.0868340135089254
 213.9415647996266772 237.0566948697514288 238.3851723418980743   0.1302340135089254
 213.4067723037269872 237.5839284611154781 236.4633208637001689   0.0186340135089254
 215.0017011607565127 234.3317097846369966 238.2887963090680869  -0.3204659864910745
 215.5950751668077725 233.7477844092553345 240.1766327168554353   0.0881340135089254
 213.5579503944406842 233.0259090260974068 237.6217229837938956   0.0881340135089254
 216.6041889223217324 234.1956495029946614 237.0094517164034136   0.0881340135089254
 211.5435023356806250 236.8998476006359679 240.0556902442844617  -0.0430659864910745
 210.5060426881578452 235.1801968187676351 239.5927073414737732   0.0235340135089254
 212.0971920929195370 236.7675667712614931 242.0380129587678406   0.0235340135089254
 209.6537762017593731 239.0635840239758206 239.7571135151249015  -0.0660659864910746
 208.9564672583424315 239.1089374511899323 237.8220339539895379   0.0185340135089254
 208.0512884401941534 238.7309922244056767 240.9986635851111842   0.0185340135089254
 210.5230502233631372 240.8626033034688490 240.2560012144801309   0.0185340135089254
 218.5827321845372774 238.2132072637112519 238.9539799082083749   0.5972340140577036
 219.8809740385411729 237.3817277647859053 240.6925279514159299  -0.5679659881374090
 219.5427130605692919 238.5269018019421737 236.5521379919944623  -0.4157659864910745
 218.3616342268685095 239.1108271773238358 235.1480714744909816   0.2718340135089254
 222.1165200549700271 237.7180990166238830 235.8586085008453812  -0.0875659864910746
 222.3565152739780172 235.7471146589440052 236.4085188058164596   0.0968340135089254
 222.4850166510846584 237.9448661526944419 232.9824453250172254   0.2984340135089255
 222.1977782787286260 239.9120710581064591 232.4476528291175087  -0.0297659864910745
 225.1325229647083519 237.1247250105725963 232.1358480170204904  -0.3192659864910745
 225.3025983167612442 237.2324394002061118 230.0873848878498742   0.0790340135089254
 226.5630456480867222 238.3530469976214208 232.9635480636780033   0.0790340135089254
 225.4575558597428018 235.1877557233033294 232.7330014753396107   0.0790340135089254
 220.6085186001008647 236.2951352377811802 231.5084589405586467  -0.3192659864910745
 220.8957569724568969 236.5804838840032820 229.4921211556646573   0.0790340135089254
 220.8881980679212026 234.3071433448960105 231.9752212956371957   0.0790340135089254
 218.6715493128315708 236.8242585552791328 231.9449856774944457   0.0790340135089254
 224.1234092091943921 239.2468874589661711 237.2834620058219875   0.5972340140577036
 225.9772305465711298 238.1999791807737937 238.2150969898451821  -0.5679659881374090
 223.5772783564911475 241.6468396490461534 237.8012469665164122  -0.4157659864910745
 222.0144748437382756 242.5293417535874026 237.1530709025814162   0.2718340135089254
 225.4159818847965236 243.1132671289690647 239.1524011522701137  -0.0252659864910746
 227.2414573301644685 243.0168910961390502 238.2018689069077239   0.0697340135089254
 224.8093797958078056 245.0785823082471515 239.2733436248410606   0.0697340135089254
 225.6843229958133605 242.0682485769106175 241.7696718477510306   0.5972340140577036
 227.7838087305998524 241.8717170589827820 242.7466602589883101  -0.5679659881374090
 223.5489324644823275 241.3860574425650376 242.9753171211927991  -0.4157659864910745
 221.8821940143638010 241.4692053924575668 242.0512410417052988   0.2718340135089254
 223.5583810951519521 240.4714299937471349 245.5340063065221995  -0.0237659864910746
 224.4427729258270778 241.8943937725898379 246.7302029492943168   0.0879340135089254
 220.8938672463229666 239.9158505103742927 246.5639070495092581   0.0341340135089254
 219.9867987020407850 238.6308367393078554 245.2335398512286823   0.0240340135089254
 221.1319727391970534 238.9690977172797364 248.3780441380736749   0.0240340135089254
 219.2441363314097318 242.2628903687044690 246.9135063842846941   0.0017340135089254
 219.1628781076511059 243.2228712447364835 245.0937001173185400   0.0439340135089254
 217.3600793758902439 241.6090451263677359 247.4294016188451885   0.0439340135089254
 220.3685233810928744 244.4625315885888359 249.3021202175611753  -0.2737659864910745
 219.3159459244987332 242.6257177864173632 252.0063183152024548  -0.0536659864910745
 220.2362425517183728 240.7832348058441534 251.9855313277293294   0.0683340135089254
 217.2731519737298540 242.3743842106058182 251.9137217346403010   0.0683340135089254
 224.9718962433250306 238.0185654719173466 245.7248686460482442   0.5972340140577036
 226.4175367357747892 237.6387305189991874 247.5068803903359537  -0.5679659881374090
 224.5901715642729411 236.2648996196384299 243.9182904620194947  -0.4157659864910745
 223.4809023236611600 236.5993811453425043 242.4027301026146649   0.2718340135089254
 225.7844784809111817 233.8347118114156975 244.1299397890186651  -0.0389659864910746
 225.3196058519665362 233.0107912170260451 245.9591946866544704   0.1006340135089254
 224.9907935046642528 231.9808904740389597 242.0039978883572567   0.3653340135089254
 225.8430599910627249 230.1535253025371116 242.4348554468913184   0.0042340135089254
 222.1505351253806110 231.5802685336476480 241.7545540386796689  -0.2438659864910745
 221.1036268471882335 233.0259090260974068 242.7768958771310869   0.0641340135089254
 221.5703892022667825 231.6634164835401774 239.7797902287319575   0.0641340135089254
 221.7026700316412573 229.7245574701369800 242.5066650399803466   0.0641340135089254
 225.8090449206521410 232.6441843470453174 239.5473539142596614  -0.6761659848447401
 227.6250717353504612 232.7348912014735410 239.5171182961169114   0.4101340135089254
 228.5945012420520733 234.1011631962986041 243.9825411505728555   0.5972340140577036
 229.9721115936806646 233.0164603954278093 245.5056604145133527  -0.5679659881374090
 229.5374745828787691 235.6110543773016968 242.1551759790709805  -0.4157659864910745
 228.3129320480978050 236.2819071548437219 240.8342574114600290   0.2718340135089254
 232.2397829543861721 235.9417564507379106 241.7677821216171271  -0.0014659864910746
 233.1128364282577967 234.0747070304237145 241.8301430840365307   0.0875340135089254
 232.7651268196162911 236.9300832187787180 239.0824812853150159  -0.0152659864910746
 231.4706644178802292 238.4683202917906037 238.6194983825043275   0.0294340135089254
 234.6869782978141965 237.6614072326062434 238.9936641570207227   0.0294340135089254
 232.5402494096796625 234.7814646045102538 237.1795270684563327  -0.0011659864910746
 234.4923365060202913 232.9654377898119334 237.1266147367065266  -0.1906659864910745
 236.1590749561388449 233.3301549336587310 238.2056483591755577   0.1698340135089254
 234.2353337518070092 230.6694205370976059 235.8056961690955754  -0.2341659864910745
 235.6620769829175457 229.2596848411923613 235.9153002848629942   0.1655340135089255
 231.8334918355930965 230.1913198252155290 234.3033638926281767   0.3225340135089255
 231.3761781111841453 227.9727813439919937 233.0788213578472129  -0.5579659881374089
 229.5507026658162273 227.7479039340553653 232.9011871012585995   0.3991340135089254
 229.8700663824489130 232.2756877509306863 234.3128125232977745  -0.2341659864910745
 228.1485258744466499 232.0375822580565995 233.2999193155159808   0.1655340135089255
 230.3160417500543364 234.4677700662793319 235.7490043850779355  -0.1906659864910745
 228.9081957802829952 235.8964030235237988 235.8151447997651729   0.1698340135089254
 233.5040097379794838 237.4403092749374484 243.9031726529481601   0.5972340140577036
 235.6507386261140178 236.8337071859487305 244.5683562520883942  -0.5679659881374090
 232.0583692455297251 239.0106716922260146 245.1617302581397077  -0.4157659864910745
 230.3179314761882667 239.5114491177151474 244.5570178952848663   0.2718340135089254
 229.5110184170038795 241.5391252594126380 248.7654379955275014   0.0186340135089254
 230.3897410692772680 243.3891671445215421 244.5664665259545176   0.0235340135089254
 228.5264711012309057 247.5692413527553843 245.5604624723970622   0.0185340135089254
 227.0260285508974376 245.1296049138630542 247.3235769553455764   0.0185340135089254
 229.8303821336365652 236.8110304723416746 248.8674832067592530   0.2718340135089254
 227.0373669077009655 236.7430003315205070 252.2444238080765416   0.0881340135089254
 228.2316738243392061 231.8448301923966244 250.2243065709147453  -0.0430659864910745
 226.3268298813465657 231.2835815306220183 250.7685476974840328   0.0235340135089254
 228.1352977915092187 233.1185056066595607 248.6085907264120406   0.0235340135089254
 229.7566828144136335 229.5015697863342817 249.5118798184264154  -0.0660659864910746
 228.8458348178635915 228.5415889103022675 247.9339584966021550   0.0185340135089254
 231.6615267574062740 230.0609287219749577 248.9657489657231976   0.0185340135089254
 233.1657487600075759 232.9805555988832951 247.4294016188451885   0.2718340135089254
 236.5011153863785864 230.0854951617159438 245.3960562987459339   0.0341340135089254
 236.3877318183433071 231.8920733457446665 244.4115089829729333   0.0240340135089254
 238.3587161760231847 229.2502362105227369 245.0861412127828189   0.0240340135089254
 234.4658803401454017 228.3072628696960411 244.3793836386962798   0.0017340135089254
 232.6536329777149151 228.9932334563094548 245.0766925821132214   0.0439340135089254
 234.5074543150916797 228.4452128774723067 242.3252513311238996   0.0439340135089254
 234.8589433760010191 225.0229188489409063 245.2996802659159195  -0.2737659864910745
 232.8879590183211681 223.8097146709634703 242.7693369725953658  -0.0536659864910745
 233.6892028991037646 224.3539557975327846 240.9514204317631421   0.0683340135089254
 232.7991418900268481 221.7555823633910633 242.8921691713002429   0.0683340135089254
 230.9887842537302918 224.5901715642729411 242.9431917769161456   0.0683340135089254
 235.3294851833474286 191.4198087355532120 239.8308128343478332   0.0641340135089254
 244.5872535134276432 202.8261956799018910 231.0983883694977375  -0.8627659859422964
 243.8275836075912712 204.2623875416820252 232.0999432204760031   0.4477340135089254
 244.4889877544636986 202.8205265015001271 229.1916547003711938   0.4477340135089254
 239.3111381475195050 204.4853752254847503 240.8928389216115722  -0.5894659853935182
 235.3313749094813321 206.8626507019576767 243.7519945622344361  -0.0875659864910746
 235.3313749094813321 207.0440644108141239 241.6997519807959594   0.0968340135089254
 232.9540994330084055 205.5398424082127951 244.5437898123474618   0.2984340135089255
 231.3081479703630044 206.5735226034677144 243.8597089518679248  -0.0297659864910745
 232.9692172420797672 202.8696593809820724 243.3910568706554723  -0.3192659864910745
 234.6132789785912648 201.8359791857271533 244.0732480050010253   0.0790340135089254
 231.2533459124792680 201.8718839822716405 243.9447466278944111   0.0790340135089254
 233.0504754658383929 203.0076093887583380 241.3369245630830652   0.0790340135089254
 235.3181468265439007 209.4648035883672318 244.9255144913995513   0.5972340140577036
 233.5569220697292898 211.1655571088963693 244.1507267764918444  -0.4157659864910745
 232.2926952861359781 210.7384790026301681 242.7863445078006847   0.2718340135089254
 233.5777090572024154 213.7053490328865207 245.1447227229343889  -0.0014659864910746
 234.4791084230828599 215.7349149007179682 243.2644452196827348  -0.0152659864910746
 233.5021200118455536 215.5478320134597573 241.4597567617879693   0.0294340135089254
 234.2315542995391754 217.6492074743801796 243.9825411505728555   0.0294340135089254
 237.2229907695365143 215.2171299400235435 242.9035075281037709  -0.0011659864910746
 240.7189841172908195 214.0266024756531367 240.3126929984977707  -0.2341659864910745
 241.4616464879218726 213.4426771002714746 238.4815483747280620   0.1655340135089255
 238.1773024671667378 214.4952545568656159 240.5942621924520121  -0.1906659864910745
 236.9092962313055923 214.2949435866699736 238.9842155263511250   0.1698340135089254
 231.0360274070783337 214.4555703080532681 246.1595056568501129   0.5972340140577036
 229.1992136049068879 213.0344962553444955 246.0517912672166242  -0.5679659881374090
 230.6543027280262444 222.1845501957911947 248.1550564542709768  -0.3192659864910745
 229.1670882606302075 222.6815481690124671 246.8209098037225403   0.0790340135089254
 232.2681288463949920 221.4211008376870159 247.1289351635517249   0.0790340135089254
 226.6669805854524039 218.5581657447963182 246.8700426832045125   0.5972340140577036
 226.1095113759456314 217.2674827953280901 245.0256699764973723  -0.5679659881374090
 225.4424380506714401 220.7162329897343801 247.4596372369879117  -0.4157659864910745
 226.4345442709800812 221.7215672929804794 248.7427612819204457   0.2718340135089254
 223.0292577776539995 221.6875522225698956 246.6394960948660931  -0.0875659864910746
 221.4645645387671973 220.4724583184585293 247.2045242089085599   0.0968340135089254
 222.5322598044327003 224.3180510009882705 247.6051461492998447   0.2984340135089255
 220.7162329897343801 224.9889037785303224 246.9021680274811660  -0.0297659864910745
 222.4812371988168246 224.2556900385688937 250.5077654910028902  -0.3192659864910745
 224.2972640135151448 223.5848372610268417 251.2126333389555527   0.0790340135089254
 222.1221892333717911 226.1510853508919095 251.2296408741608179   0.0790340135089254
 220.9883535530190239 222.9857940765737911 251.1427134720004548   0.0790340135089254
 224.5372592325231351 226.1189600066152292 246.5109947177594790  -0.3192659864910745
 224.4276551167557163 226.1019524714099371 244.4549726840531684   0.0790340135089254
 224.1933290761494899 228.0294731280096335 247.1988550305068228   0.0790340135089254
 226.4118675573730253 225.5029092869569135 247.1043687238107388   0.0790340135089254
 222.7004454303516892 221.7442440065875352 243.8086863462520759   0.5972340140577036
 220.6028494216991006 222.2242344446035425 242.9299636939786874  -0.5679659881374090
 224.6733195141654703 221.5325946795883650 242.2685595471062600  -0.3479659864910745
 226.2455716575879668 220.8787494372516049 243.1283849380403994   0.2746340135089254
 224.6336352653531225 221.4948001569099205 239.4849929518402579  -0.2637659864910745
 224.3785222372737707 223.4053132783043249 238.7687867470840941   0.1559340135089254
 227.2074422597538846 220.4856864013959875 238.5174531712725760  -0.0007659864910746
 228.4565512342758347 220.0680569257993840 240.1067128499003374   0.0326340135089254
 226.9220936135317557 218.7187924661796129 237.4894421544194208   0.0326340135089254
 228.5434786364361976 222.3829714398529337 236.7694564973954234   0.0389340135089254
 227.3208258277891641 222.8100495461191349 235.1669687358301769   0.0284340135089254
 228.8949676973455638 224.1215194830604618 237.8201442278556346   0.0284340135089254
 231.0794911081585153 221.3568501491336820 235.7943578122920473   0.0485340135089254
 232.0791562330028774 222.8799694130742059 234.8268180317243656   0.0686340135089254
 232.2152165146451860 220.7634761430823953 237.4081839306607949   0.0686340135089254
 230.7034356075081898 219.2460260575436351 234.0066768896025470  -0.5295659864910744
 229.3522814217544883 219.4822418242837916 232.6857583219915955   0.3455340135089254
 231.8996322502803339 217.0501642899271558 233.9934488066650888   0.8075340146064817
 233.8309323591478637 216.5380485076344950 235.4220817639095556  -0.8627659859422964
 234.6775296671445988 217.8986513240577943 236.4841078511732946   0.4477340135089254
 234.5376899332344031 214.7579264894806619 235.3427132662848599   0.4477340135089254
 231.1664185103189052 215.2303580229609749 232.5175726960726067  -0.8627659859422964
 229.6773143167889650 215.4344484454244779 231.3591705759788801   0.4477340135089254
 232.1604144567614765 213.5900757387173377 232.5723747539563160   0.4477340135089254
 222.4547810329419350 219.9112096566839232 238.4172976861747549   0.7340340118625910
 220.8863083417872992 220.8126090225643677 236.9754366459928297  -0.5894659853935182
 222.1751015651215703 217.5849567858268723 239.3432634917961585  -0.4157659864910745
 223.4525564316523401 216.9651266139006962 240.6150491799251646   0.2718340135089254
 220.0831747348707458 215.9201080618422490 238.5987113950311750  -0.0014659864910746
 219.9716808929693966 215.9163286095743886 236.5389099090570309   0.0875340135089254
 220.6236364091722262 213.2215791426026796 239.5360155574561336  -0.0152659864910746
 220.2740370743967905 213.1932332505938599 241.5674711514214578   0.0294340135089254
 219.2535849620793294 211.9479037283397704 238.6686312619862729   0.0294340135089254
 223.2616940921262954 212.1633325076068012 239.0503559410383624  -0.0011659864910746
 224.2254544204261435 212.0764051054464114 236.5559174442623227  -0.1906659864910745
 223.1067365491447648 212.7963907624704087 235.0384673587235358   0.1698340135089254
 226.6046196230330003 211.0011509352452141 236.0192352222286759  -0.2341659864910745
 227.2943696619142476 210.8972159978795593 234.1295090883074240   0.1655340135089255
 228.1428566960448859 209.8786536116960017 238.1735230148989041   0.3225340135089255
 230.3972999738129623 208.7089131347987472 237.7577832654362308  -0.5579659881374089
 230.5806034088033128 207.2972877127595722 238.8935086719229015   0.3991340135089254
 227.0260285508974376 210.0525084160167544 240.8096909717190429  -0.2341659864910745
 228.0067964144025776 209.3136254976535349 242.4083992810164020   0.1655340135089255
 224.6506428005584146 211.1995721793069532 241.1233855099499647  -0.1906659864910745
 223.8777448117846379 211.2997276644047742 242.9866554779963270   0.1698340135089254
 217.4583451348541348 216.8120587970530690 239.5397950097239672   0.5972340140577036
 215.5440525611919235 215.8161731244765673 238.6686312619862729  -0.5679659881374090
 217.3411821145510218 218.4731280687698586 241.3596012766901212  -0.4157659864910745
 218.8643013784915457 218.6110780765460973 242.5009958615785558   0.2718340135089254
 215.0508340402384583 219.7940466363808101 242.0833663859819524  -0.0237659864910746
 213.4464565525393082 218.5184814959839704 241.8754965112506424   0.0879340135089254
 215.1377614423988479 220.5310398286100993 244.8952788732567742   0.0341340135089254
 216.9651266139006962 221.3077172696517364 245.4055049294155315   0.0240340135089254
 213.7771586259755488 222.0314823789435676 245.2165323160234171   0.0240340135089254
 214.5689538760885475 218.3200602519222314 246.6905187004819958   0.0017340135089254
 216.0051457378687086 216.8611916765350145 246.4561926598757694   0.0439340135089254
 214.7182422406683141 219.0268178260087707 248.6199290832155686   0.0439340135089254
 211.4565749335202351 216.9046553776152228 246.3560371747779484  -0.2737659864910745
 212.2294729222940386 213.9963668575104133 244.7308726996056459  -0.0536659864910745
 213.3538599719771812 212.8096188454078669 245.9780919479936657   0.0683340135089254
 210.4909248790864837 213.0099298156035094 244.2414336309200679   0.0683340135089254
 213.2858298311560137 214.3932093456338645 243.0093321916033830   0.0683340135089254
 214.4347833205801426 222.0579385448184572 240.4317457449347871   0.5972340140577036
 212.2540393620349979 222.4056481534599628 239.6985320049733584  -0.5679659881374090
 216.3377375374388257 224.0383715331679325 239.9347477717135149  -0.4157659864910745
 218.0668369499767830 223.8210530277669982 240.7076457604872914   0.2718340135089254
 215.8501881948871512 226.1605339815615071 238.2396634295861415   0.0336340135089254
 214.2250237197148755 227.2471265085662324 238.9823258002171947   0.0822340135089254
 218.1726616134763682 227.8688464066263120 238.1621846580953761  -0.1825659864910745
 218.4674588903680947 228.6322957647304909 240.0367929829452664   0.0602340135089254
 219.8375103374609915 226.8068203193625730 237.5707003781780197   0.0602340135089254
 217.8514081707097522 229.4278704671113503 236.8526044472879527   0.0602340135089254
 215.1339819901309875 225.2440168066097011 235.6356208170426561   0.5972340140577036
 213.3595291503789452 226.2795867279985505 234.6378454183322511  -0.5679659881374090
 216.4870259020186193 223.3845262908311724 234.6208378831269591  -0.4157659864910745
 218.0781753067803109 222.7703652973067871 235.5014502615342512   0.2718340135089254
 216.0486094389488902 222.4887961033525189 232.0413617103244331  -0.0275659864910745
 216.5985197439199684 223.9760105707485288 230.7223328688474120   0.1122340135089255
 217.5962951426304004 220.0812850087368423 231.5160178450943410  -0.0050659864910746
 217.3260643054796601 218.7773739763311828 233.0920494407846442   0.0338340135089254
 216.7685950959728875 219.1685472860528699 229.8625074779132456   0.0338340135089254
 220.3817514640303058 220.2456911823879974 230.9717767185249998  -0.1415659864910745
 221.8462892178192868 222.3376180126388219 230.7809143789989551  -0.1638659864910745
 221.1848850709468594 224.2519105863010331 231.0662630252210840   0.2061340135089254
 224.2934845612473112 221.6535371521593117 230.1327383150639859  -0.3418659864910745
 225.7410147798309733 222.8969769482794979 229.9003020005916632   0.3411340135089254
 224.5126927927821758 219.0759507054907429 229.8284924075026617   0.1379340135089255
 226.5139127686047768 217.4961396575325523 229.0820505846037480  -0.2601659864910745
 228.2826964299550818 218.2973835383151756 228.5378094580344336   0.1571340135089254
 226.1189600066152292 214.8656408791141774 228.9478800290953430  -0.1134659864910745
 227.6023950217434055 213.6354291659314495 228.3374984878387913   0.1416340135089255
 223.7511331608119004 213.8300709577253280 229.5733793794232831  -0.1972659864910745
 223.4714536929915623 211.8307407080366571 229.4637752636558643   0.1446340135089255
 221.7310159236500770 215.4061025534156579 230.2914753103133503  -0.2387659864910746
 219.9263274657552849 214.6161970294365628 230.7280020472491759   0.1699340135089255
 222.0598282709523873 218.1254184601283530 230.4199766874200181   0.1242340135089254
 213.2555942130132635 221.8916426450333985 231.5424740109692305   0.5972340140577036
 212.3409667641953878 222.2865954070229462 229.4410985500488085  -0.5679659881374090
 211.6738934389211963 220.9222131383317865 233.6759748161663332  -0.4157659864910745
 212.4033277266147914 220.5801727080920448 235.4069639548381939   0.2718340135089254
 209.0150487684939746 220.4516713309854039 233.2753528757750215  -0.0518659864910745
 208.8808782129855697 219.1893342735259955 231.6539678528705797   0.0921340135089254
 207.4994884090891448 219.4822418242837916 235.6318413647748224  -0.1102659864910745
 207.6771226656777313 220.8825288895194387 237.1360633673761244   0.0456340135089254
 205.5209451468735998 219.5275952514979034 235.0460262632592300   0.0456340135089254
 207.7602706155702608 216.9632368877667659 237.0056722641355799   0.3530340135089254
 207.7848370553112469 215.4042128272817278 235.6809742442567678  -0.0361659864910746
 210.0676262250881161 216.9783546968381276 238.6780798926558706  -0.4121659864910745
 209.7539316868571943 218.2293533974940079 240.2843471064889508   0.0999340135089254
 210.4531303564080660 215.0772902061133478 239.3659402054032145   0.0999340135089254
 211.6549961775819741 217.6662150095854714 237.5877079133833117   0.0999340135089254
 205.5303937775431975 216.6911163244821223 238.8349271617713315  -0.4121659864910745
 203.8579861490228798 216.0769553309577099 237.8220339539895379   0.0999340135089254
 205.9895972280860523 215.3324032341927265 240.3013546416942426   0.0999340135089254
 205.1354410155536498 218.4825766994394564 239.7760107764641237   0.0999340135089254
 207.5920849896512718 222.8856385914759700 232.8633925785801820   0.5972340140577036
 206.2182540902905413 223.1445310718231823 231.0039020628016802  -0.5679659881374090
 207.8679850052037761 224.7696955469954578 234.5943817172520427  -0.4157659864910745
 209.2342570000288393 224.6052893733443026 235.9285283678004524   0.2718340135089254
 206.4620287615663653 227.1677580109415368 234.4072988299938586  -0.0875659864910746
 204.4797060470829864 226.6877675729255296 234.1276193621734937   0.0968340135089254
 206.5168308194501014 228.6757594658106992 236.9055167790377319   0.2984340135089255
 205.8081835192296319 227.4342093958244165 238.3908415202998383  -0.0297659864910745
 209.1397706933327820 229.5714896532893529 237.7199887427578133  -0.3192659864910745
 208.9848131503512514 230.6580821802940781 239.4623162382332019   0.0790340135089254
 210.3227392531674947 227.9330970951796459 238.0828161604706805   0.0790340135089254
 209.9788090967938229 230.7563479392579958 236.2611201673705963   0.0790340135089254
 204.7461574319658661 230.9604383617214719 236.7921332110024792  -0.3192659864910745
 204.6800170172786287 231.8920733457446665 238.6327264654417589   0.0790340135089254
 205.4018924004365564 232.3153719997430339 235.3842872412311381   0.0790340135089254
 202.8469826673750165 230.3349390113935585 236.3064735945847080   0.0790340135089254
 207.2594931900811547 228.6719800135428387 232.0602589716636553   0.5972340140577036
 205.6135417274357268 229.5507026658162273 230.6675308109636758  -0.5679659881374090
 209.6972399028395545 228.7173334407569505 231.4423185258714095  -0.4157659864910745
 210.9728050432363942 227.9444354519831740 232.6574124299827756   0.2718340135089254
 210.1054207477665604 231.9487651297623061 229.2162211401121799   0.0863340135089254
 209.6688940108307348 228.8477245439975218 226.7350107262735716   0.5972340140577036
 208.7259206700040392 230.2158862649565151 225.1003976204316716  -0.5679659881374090
 209.6707837369646651 226.3306093336144264 226.4798976981941930  -0.4157659864910745
 210.4795865222829556 225.2572448895471324 227.8518388714210202   0.2718340135089254
 208.5445069611475920 225.0777209068246156 224.2934845612473112   0.0336340135089254
 209.3911042691443270 225.8695161569376413 222.5889515884503401   0.0822340135089254
 209.1586679546720043 222.2488008843445019 224.4163167599521882  -0.1825659864910745
 208.3309679080144915 221.2831508299107503 222.7987111893156070   0.0602340135089254
 211.1995721793069532 221.9672316903902335 224.3917503202112021   0.0602340135089254
 208.3801007874964369 221.4343289206244473 226.1454161724901456   0.0602340135089254
 205.6721232375872967 225.5236962744300390 224.1177400307926282   0.5972340140577036
 204.6667889343411973 225.7372353275631397 222.0258132005418036  -0.5679659881374090
 204.2340416496732053 225.8770750614733087 226.3721833085606775  -0.4157659864910745
 205.0881978622056346 225.7088894355543198 228.0710471029558846   0.2718340135089254
 201.5751969792460105 226.4798976981941930 226.3173812506769682   0.0212340135089254
 200.6038777464104950 225.0304777534766005 225.2232298191365754   0.1123340135089254
 200.4432510250271737 226.2758072757306900 228.9818950995059267  -0.1231659864910745
 201.6488962984689422 227.2150011642895520 230.3595054511345178   0.1111340135089254
 198.5837605092486718 227.1658682848076065 229.0045718131129827   0.1111340135089254
 200.0804236073143064 222.9593379106989015 229.8001465154938420  -0.3119659864910745
 199.3264228798797252 223.2938194364029758 232.1906500749042266   0.1932340135089254
 201.2728407978186167 229.0877197630055119 225.2572448895471324   0.5972340140577036
 199.5418516591467560 229.5695999271554495 223.7870379573564144  -0.5679659881374090
 202.8280854060357943 230.8942979470342345 226.1000627452760338  -0.4157659864910745
 204.2548286371463578 230.3784027124737401 227.2792518528428859   0.2718340135089254
 202.7902908833573768 233.5323556299883037 225.2723626986185210  -0.0252659864910746
 201.0044996868018067 234.4035193777259980 225.8109346467860713   0.0697340135089254
 204.3341971347710534 234.5490282900379310 226.1813209690346327   0.0697340135089254
 203.1115443261239929 233.7515638615231683 222.4150967841295872   0.5972340140577036
 201.4410264237376056 234.7814646045102538 221.1584289050719430  -0.5679659881374090
 205.0995362190091625 232.5704850278223859 221.3795268627407378  -0.4157659864910745
 206.4053369775487254 231.8013664913164430 222.5606056964415202   0.2718340135089254
 205.5568499434180869 232.4759987211263286 218.6450931469566812  -0.0518659864910745
 205.8327499589705912 234.3940707470564004 217.9364458467362117   0.0921340135089254
 207.9756993948372916 230.9491000049179441 218.0403807841018935  -0.1102659864910745
 207.6903507486151896 228.9894540040416210 218.6186369810817916   0.0456340135089254
 208.1949076263721561 230.9566589094536381 215.9900279287973200   0.0456340135089254
 210.4701378916133581 231.8845144412089722 219.2233493439365794   0.3530340135089254
 210.5003735097560813 231.3780678373180754 221.2000028800182209  -0.0361659864910746
 212.7359195261849353 230.5295808031874371 218.0422705102357969  -0.4121659864910745
 214.4763572955263937 231.2457870079436006 218.8718602830272399   0.0999340135089254
 212.5923003400069058 228.5189121966952383 218.4372232722253444   0.0999340135089254
 212.7793832272651169 230.8300472584809275 216.0108149162704725   0.0999340135089254
 210.7951707866478077 234.7455598079657396 219.0967376929638685  -0.4121659864910745
 212.7831626795329505 235.2671242209280250 219.2063418087312873   0.0999340135089254
 209.9391248479814751 235.5713701284893490 217.4262197905774813   0.0999340135089254
 209.8767638855620714 235.5354653319448350 220.7559172385467279   0.0999340135089254
 203.3156347485874958 231.3667294805145475 217.1975629283730189   0.5972340140577036
 202.3537641464215780 232.5478083142153299 215.4476765283619361  -0.5679659881374090
 202.2857340056004103 229.2218903185139438 218.0687266761107134  -0.4157659864910745
 202.9565867831424623 228.3658443798476111 219.6371993672653492   0.2718340135089254
 200.3090804695187686 227.9935683314651193 216.6797779676785942  -0.0597659864910745
 200.8778880358290692 227.7308963988500733 214.7182422406683141   0.0868340135089254
 199.7837366042886764 225.3574003746449805 217.8457389923079883   0.1302340135089254
 199.8045235917618021 225.5614907971084566 219.8998712998803953   0.0186340135089254
 197.1778042656112608 224.2538003124349634 217.1673273102302689  -0.3204659864910745
 196.9283604159336461 224.2330133249618377 215.1226436333274596   0.0881340135089254
 197.0266261748975641 222.3413974649066557 217.9156588592630861   0.0881340135089254
 195.6830308936795566 225.3895257189216341 218.0158143443609074   0.0881340135089254
 201.8907812436108626 223.4525564316523401 217.1389814182214489  -0.0430659864910745
 203.7200361412466411 224.3104920964526030 217.5225958234074687   0.0235340135089254
 201.7169264392901099 221.8047152428730087 218.3654136791363431   0.0235340135089254
 201.9304654924232104 222.5228111737631027 214.3875401672321005  -0.0660659864910746
 202.0948716660743656 224.1101811262569339 213.0874085870942747   0.0185340135089254
 203.5537402414615558 221.2831508299107503 214.1191990562152905   0.0185340135089254
 200.2221530673584057 221.4551159080975729 213.9547928825641354   0.0185340135089254
 198.0338502042775936 229.6659759599854369 216.6325348143305523   0.5972340140577036
 196.8452124660411169 229.9777807720824285 214.6596607305167710  -0.5679659881374090
 197.3724460574051394 230.8149294494095389 218.8000506899382386  -0.4157659864910745
 198.4080159787939888 230.6108390269460628 220.3912000946999304   0.2718340135089254
 195.1614664807172983 232.3777329621624108 218.8983164489021295  -0.0249659864910746
 193.5419711839467868 231.2627945431488926 218.2879349076455778   0.0842340135089254
 194.6247842586836514 233.4151926096851906 221.5647200238650186   0.2116340135089254
 194.4112452055505507 231.8429404662627209 222.8780796869402758   0.0351340135089254
 196.1989261282400512 234.6019406217877370 222.1637632083180424   0.0351340135089254
 195.4940582802874154 234.6000508956538066 217.1635478579624352   0.5972340140577036
 197.7844063545999789 235.7244379453369494 217.0803999080698790  -0.4157659864910745
 199.2508338345228634 235.0044522883129521 218.0687266761107134   0.2718340135089254
 198.2284919960714720 237.9146305345516917 215.5232655737187712  -0.0518659864910745
 196.8678891796481729 239.3734991099389087 216.0372710821453621   0.0921340135089254
 200.9100133801057227 238.9955538831546529 215.8331806596818592  -0.1102659864910745
 200.9005647494361250 239.4831032257063275 217.8344006355044602   0.0456340135089254
 202.4104559304392177 237.6330613405974235 215.4646840635672281   0.0456340135089254
 201.3711065567825344 241.3992855255024690 214.2514798855897651   0.3530340135089254
 200.6756873394994964 241.0723629043340890 212.3409667641953878  -0.0361659864910746
 200.0029448358235411 243.6915233259489360 215.4004333750138940  -0.4121659864910745
 200.6983640531065523 244.0203356732512463 217.3109464964082715   0.0999340135089254
 200.3638825274025049 245.3582617760674896 214.2439209810540979   0.0999340135089254
 197.9771584202599540 243.3230267298343047 215.4609046112993674   0.0999340135089254
 204.1924676747269540 241.8452608931078924 213.7658202691720208  -0.4121659864910745
 204.9767040203042586 240.2389936792748391 212.7415887045866994   0.0999340135089254
 204.4343526198688746 243.5573527704405309 212.6452126717567118   0.0999340135089254
 205.1751252643659976 242.0569102201070896 215.5648395486650492   0.0999340135089254
 197.9941659554652458 237.2456674831435700 212.7661551443276587   0.5972340140577036
 199.2810694526656134 235.1953146278389966 211.9611318112772286  -0.5163659864910745
 200.1616818310729323 234.0860453872272426 213.2404764039419018   0.2935340135089254
 199.4209091865757825 234.4980056844220553 209.3363022112605907   0.0380340135089254
 200.1938071753495858 236.0740372801123854 208.2591583149254901   0.0879340135089254
 201.1216627071049197 232.1641939090293101 208.9224521879318479  -0.0303659864910745
 200.4659277386342295 230.5976109440086046 210.0865234864273383  -0.0122659864910746
 201.0498531140159184 231.6199527824599958 206.9363500211806084  -0.0122659864910746
 203.8334197092819205 232.8237083297678342 209.6386583926880114   0.7993340124113690
 204.4494704289402362 235.1197255824821617 209.7388138777858326  -0.8014659853935182
 205.3225239028118608 231.0284685025426396 210.1167591045700617  -0.8014659853935182
 196.2310514725167048 231.4952308576211885 211.2619331417263567   0.2718340135089254
 195.3013062146274674 217.6851122709246936 216.9254423650883484   0.0042340135089254
 192.8200958007888591 221.2548049379019304 216.7553670130354293   0.4101340135089254
 193.5363020055450228 216.1960080773947533 221.3965343979460298   0.5972340140577036
 195.4997274586891793 215.2171299400235435 222.1694323867198063  -0.5679659881374090
 194.9535966059859617 219.5729486787120151 225.0040215876016841   0.0977340135089254
 193.3832341886973956 227.0335874554331317 223.6868824722585931  -0.1704659864910745
 194.7495061835224588 228.5094635660256137 224.1290783875961560   0.1429340135089254
 193.1999307537070183 224.9359914467805432 225.2062222839312836  -0.1256659864910745
 194.4225835623540786 224.7470188333884020 226.8540634727106150   0.1329340135089254
 194.9819424979947815 216.3301786329031584 228.4376539729366124  -0.5679659881374090
 195.6320082880636810 208.6560008030489411 225.1117359772351995  -0.0275659864910745
 195.4789404712160537 207.0024904358678458 226.3306093336144264   0.1122340135089255
 195.3088651191631346 207.8075137689183026 222.3470666433084197  -0.0050659864910746
 195.1369000409763122 209.4251193395548840 221.0828398597151078   0.0338340135089254
 196.9340295943354103 206.6717883624316321 221.7877077076677168   0.0338340135089254
 194.3696712306042726 199.3018564401387391 221.1036268471882335  -0.1972659864910745
 195.9060185774822549 197.9299152669119119 221.0696117767776496   0.1446340135089255
 194.9724938673251571 201.8000743891826391 221.5174768705169765  -0.2387659864910746
 196.9396987727371742 202.3462052418858838 221.7914871599355773   0.1699340135089255
 198.3135296720979315 209.5366131814562600 225.5123579176265111   0.5972340140577036
 199.9424735995380676 207.9908172039086533 226.1132908282134652  -0.5679659881374090
 198.8880064168099960 211.9970366078217158 225.1344126908422554  -0.4157659864910745
 197.5330727787884607 213.2669325698167914 224.6922167755046925   0.2718340135089254
 201.4693723157464254 212.8719798078272707 225.3271647565022303   0.0336340135089254
 202.5880901870278042 211.7702694717511571 223.9930181059538208   0.0822340135089254
 201.7868463062452078 215.6933409257716903 224.6997756800403868  -0.1825659864910745
 200.6908051485708580 216.8215074277226667 226.0301428783209358   0.0602340135089254
 203.7767279252642809 216.2092361603321847 224.8377256878166255   0.0602340135089254
 201.1178832548370861 216.0504991650827935 222.7854831063781488   0.0602340135089254
 202.5049422371352750 212.4902551287751544 227.9425457258492436   0.5972340140577036
 204.5949793412521692 211.5113769914039714 228.2467916334105678  -0.5679659881374090
 201.0536325662837522 213.2064613335313181 229.9116403573951911  -0.4157659864910745
 199.3113050708083635 213.9283367166892458 229.6206225327713251   0.2718340135089254
 201.9285757662892801 212.9494585793180360 232.4684398165906343  -0.0875659864910746
 203.7559409377911284 213.8603065758680781 232.7443398321431386   0.0968340135089254
 200.1106592254570566 213.9547928825641354 234.4091885561277619   0.2984340135089255
 200.8193065256775260 213.5522812160389202 236.3008044161829441  -0.0297659864910745
 199.8536564712437476 216.8290663322583610 234.0614789474862563  -0.3192659864910745
 199.1450091710232782 217.2315779987835759 232.1698630874310743   0.0790340135089254
 198.5384070820345601 217.5755081551572479 235.4598762865879730   0.0790340135089254
 201.6942497256830539 217.7191273413352774 234.3071433448960105   0.0790340135089254
 197.6048823718774620 212.5091523901143765 234.1654138848519382  -0.3192659864910745
 197.9355844453136758 210.5022632358900116 234.4866673276185272   0.0790340135089254
 196.8338741092375890 212.7831626795329505 232.2756877509306863   0.0790340135089254
 202.3084107192074663 210.1980173283286874 232.9824453250172254   0.5972340140577036
 204.0809738328256049 209.4723624929029261 234.2976947142264128  -0.5679659881374090
 200.6435619952228428 208.5823014838260095 231.9393164990926817  -0.4157659864910745
 199.2772900003977798 209.2153597386896440 230.7676862960615237   0.2718340135089254
 200.7909606336687061 205.9196773611309811 232.4230863893765226   0.0336340135089254
 200.6208852816157870 205.5587396695520172 234.4432036265383458   0.0822340135089254
 198.7141516124892431 204.4324628937349443 231.0360274070783337  -0.1825659864910745
 198.8709988816047040 204.7612752410372546 229.0083512653808431   0.0602340135089254
 198.9333598440241078 202.4217942872427456 231.4234212645321871   0.0602340135089254
 196.8641097273803391 205.0598519701968147 231.6917623755489972   0.0602340135089254
 203.2797299520429818 204.9124533317509516 231.5103486666925770   0.5972340140577036
 204.5534053663059179 203.5386224323901941 232.8860692921872378  -0.5679659881374090
 204.0280615010757989 205.4529150060524321 229.2124416878443192  -0.4157659864910745
 202.9433587002050041 206.6207657568157563 228.1447464221788163   0.2718340135089254
 206.4506904047628372 204.5571848185737517 228.2127765629999840  -0.0014659864910746
 206.5338383546553934 202.5427367598136924 228.6247368601948235   0.0875340135089254
 206.6396630181549786 204.8992252488134933 225.3290544826361606  -0.0152659864910746
 207.4106712807948516 203.1663463840077024 224.5750537552015794   0.0294340135089254
 204.7442677058319626 205.1052053974109264 224.5712743029337190   0.0294340135089254
 208.2629377671933238 207.0346157801445261 224.2972640135151448  -0.0011659864910746
 207.0232774233409982 209.1605576808059345 223.3013783409386432  -0.1906659864910745
 205.0201677213844669 209.1246528842614205 223.2314584739835722   0.1698340135089254
 208.3517548954876171 211.2902790337351766 222.4415529500044768  -0.2341659864910745
 207.3936637455895598 212.9400099486484382 221.8217227780783007   0.1655340135089255
 211.2090208099765507 211.2109105361104811 222.4566707590758385   0.3225340135089255
 212.5847414354712383 213.1837846199242621 221.5722789284007128  -0.5579659881374089
 214.3459661922858493 212.9778044713268559 221.9691214165241638   0.3991340135089254
 212.4619092367663613 208.8109583460304987 223.4053132783043249  -0.2341659864910745
 214.4631292125889623 208.6389932678436493 223.4204310873756866   0.1655340135089255
 210.9274516160222825 206.8324150838149267 224.2934845612473112  -0.1906659864910745
 211.7948359114921432 205.1581177291607056 225.0059113137356143   0.1698340135089254
 208.7240309438701089 205.7212561170692421 229.5714896532893529   0.5972340140577036
 210.6194262561931247 204.4154553585296523 229.8776252869846073  -0.5679659881374090
 208.5634042224868142 208.0456192617923894 230.5087938157143114  -0.4157659864910745
 206.9684753654572619 209.0433946605027946 230.1950992774833629   0.2718340135089254
 210.5835214596486373 209.2266980954931719 231.9714418433693621  -0.0597659864910745
 212.3598640255346099 208.9904823287530154 230.8980773993020950   0.0868340135089254
 210.2433707555427991 212.1047509974552313 232.1717528135650044   0.1302340135089254
 208.3593138000233112 212.4581297844985009 232.9144151841960577   0.0186340135089254
 212.2124653870887466 213.2215791426026796 233.9953385327990189  -0.3204659864910745
 211.8061742682956710 212.6395434933549478 235.9266386416665221   0.0881340135089254
 214.1040812471439288 212.5620647218641826 233.5153480947830118   0.0881340135089254
 212.1860092212138570 215.2776011763090170 233.9027419522368651   0.0881340135089254
 210.4493509041402056 213.4577949093428361 229.5790485578250470  -0.0430659864910745
 209.7350344255179722 215.3777566614068382 229.8001465154938420   0.0235340135089254
 209.2304775477610057 212.5223804730518348 228.2146662891339141   0.0235340135089254
 213.1044161222995665 213.6259805352618519 228.4074183547938623  -0.0660659864910746
 214.3667531797589749 214.7163525145344108 229.6149533543695612   0.0185340135089254
 213.8792038372073002 211.7438133058762675 228.1069518995003988   0.0185340135089254
 212.9759147451929256 214.5878511374277697 226.5932812662294725   0.0185340135089254
 210.9595769602989629 207.8887719926769286 234.4621008878775679   0.5972340140577036
 213.1422106449780110 207.3256336047683921 235.1424022960892176  -0.5679659881374090
 208.8752090345838058 207.1272123607066531 235.8019167168277415  -0.4157659864910745
 207.1234329084388195 207.6544459520706756 235.2595653163923307   0.2718340135089254
 209.1454398717345461 205.7514917352119923 238.1413976706222506  -0.0518659864910745
 210.4795865222829556 206.7832822043329813 239.3243662304569363   0.0921340135089254
 206.6661191840298680 205.3905540436330285 239.6323915902861210  -0.1102659864910745
 205.3263033550796946 205.0220574475183704 238.1130517786134307   0.0456340135089254
 206.7492671339223974 203.7559409377911284 240.8833902909419746   0.0456340135089254
 205.8025143408278680 207.7262555451597037 241.1422827712891869   0.3530340135089254
 203.9316854682458114 207.3596486751789760 241.9227396645986845  -0.0361659864910746
 207.6582254043385360 208.2969528376039076 243.3022397423611791  -0.4121659864910745
 209.5290542769205657 208.6635597075846354 242.5217828490516815   0.0999340135089254
 207.0119390665374703 209.9523529309189333 244.3434788421517656   0.0999340135089254
 207.7508219849006630 206.6793472669673262 244.5740254304901850   0.0999340135089254
 205.3357519857493190 210.0184933456061707 239.4283011678226180  -0.4121659864910745
 203.8693245058264079 209.5630693473311496 238.0563599945957911   0.0999340135089254
 204.7310396228945044 211.6209811071713902 240.5734752049788865   0.0999340135089254
 207.0761897550907774 210.5022632358900116 238.4380846736478804   0.0999340135089254
 210.2074659589982852 203.1720155624094663 237.6103846269903675   0.5972340140577036
 211.8269612557687967 202.2668367442611882 239.0106716922260146  -0.5679659881374090
 209.3551994725998130 201.9040093265483208 235.5732598546232525  -0.4157659864910745
 208.0682959753994454 202.6617895062507359 234.3846221163868026   0.2718340135089254
 210.3208495270335644 199.4265783649775464 235.0157906451164800  -0.0024659864910746
 209.9788090967938229 198.2454995312767640 236.6674112861636719   0.0977340135089254
 209.1435501456006426 198.1340056893754148 232.6876480481254990  -0.0343659864910746
 209.0150487684939746 199.4587037092542268 231.1153959047030293   0.0294340135089254
 210.1432152704449781 196.4389213472480413 232.0772665068689473   0.0294340135089254
 206.5092719149144071 197.3422104392624160 233.2904706848463832   0.0117340135089254
 206.0614068211750805 195.4543740314750944 235.0233495496521742  -0.1256659864910745
 207.6525562259367721 194.5491952133267895 235.9682126166128002   0.1329340135089254
 203.6293292868184176 194.7079322085761807 235.5657009500875851  -0.1704659864910745
 203.2948477611143433 193.2244971934480044 236.9565393846536075   0.1429340135089254
 201.6243298587279561 195.8304295321254200 234.3562762243779827  -0.1072659864910745
 199.6968092021282867 195.2483938828776613 234.7890235090459479   0.1296340135089254
 202.0551874172620178 197.6918097740378519 232.5969411936972753  -0.1704659864910745
 200.4753763693038540 198.5837605092486718 231.6218425085939261   0.1429340135089254
 204.4891546777525840 198.4269132401332110 232.0678178761993495  -0.1256659864910745
 204.8406437386619502 199.8895612677882616 230.6618616325619385   0.1329340135089254
 213.0892983132282050 199.6684633101194668 234.4809981492167632   0.5972340140577036
 214.5519463408832557 197.9752686941260236 235.1046077734108000  -0.5679659881374090
 213.8867627417429677 201.6942497256830539 233.1392925941326863  -0.4157659864910745
 212.5752928048016139 202.9849326751512822 232.6007206459651359   0.2718340135089254
 216.5267101508309671 202.2592778397255207 232.5780439323580800  -0.0252659864910746
 217.3185054009439658 200.7418277541867337 231.4328698952017849   0.0697340135089254
 216.6098581007234963 204.0148334181383407 231.5046794882908131   0.0697340135089254
 218.1499848998693123 202.5767518302242763 234.9477605042953123   0.5972340140577036
 220.1814404938346635 201.4693723157464254 235.0705927030002163  -0.5679659881374090
 217.0766204558020454 203.7011388799074189 236.9395318494483157  -0.4157659864910745
 215.4004333750138940 204.5345081049666957 236.7335517008509093   0.2718340135089254
 218.4372232722253444 204.0299512272097292 239.2846819816445885  -0.0518659864910745
 220.3118315970752348 204.8009594898496024 238.8953983980568318   0.0921340135089254
 216.9443396264275706 205.9480232531398010 240.9003978261472664  -0.1102659864910745
 216.5796224825807463 207.5807466328477439 239.6928628265715944   0.0456340135089254
 215.1150847287917921 205.1467793723571777 241.4125136084399272   0.0456340135089254
 218.2520301111010638 206.9174527598413862 243.3192472775664441   0.3530340135089254
 220.1946685767721217 207.4522452557411029 242.8808308144967150  -0.0361659864910746
 216.8385149629279585 209.2644926181715893 244.2489925354557354  -0.4121659864910745
 214.9223326631318171 208.7467076574771646 244.7951233881589529   0.0999340135089254
 217.8155033741652649 210.0714056773559767 245.8722672844941073   0.0999340135089254
 216.7478081084997351 210.6817872186125283 242.7598883419257683   0.0999340135089254
 218.2350225758957718 205.0428444349915229 245.5264474019864784  -0.4121659864910745
 219.4784623720159580 203.4554744824976649 245.1447227229343889   0.0999340135089254
 218.9342212454466437 205.9631410622111627 247.2309803747834763   0.0999340135089254
 216.3226197283674642 204.3587635745120127 245.8722672844941073   0.0999340135089254
 218.7433589059205990 201.4996079338891756 240.5337909561665387   0.5972340140577036
 220.7899323089573117 200.8552113222220132 241.4295211436452190  -0.5679659881374090
 216.6986752290177895 199.9878270267521525 240.5942621924520121  -0.4157659864910745
 215.0867388367829722 200.6189955554818567 239.7930183116694157   0.2718340135089254
 216.6722190631429001 197.5481905878598224 241.7923485613580864  -0.0275659864910745
 217.3033875918726041 197.7522810103233254 243.7425459315648385   0.1122340135089255
 214.0209332972513728 196.3614425757572760 241.7942382874920167  -0.0050659864910746
 213.1422106449780110 196.4597083347211938 239.9347477717135149   0.0338340135089254
 214.0889634380725403 194.3999068487470228 242.4178479116860534   0.0338340135089254
 212.2804955279099143 197.7277145705823393 243.5913678408511148  -0.1415659864910745
 212.9230024134431464 199.4341372695132407 245.4130638339511989  -0.1638659864910745
 214.9242223892657474 199.8744434587169001 245.6152645302807715   0.2061340135089254
 210.7989502389156415 200.2580578639028929 246.6489447255356908  -0.3418659864910745
 210.7517070855676263 201.5185051952283709 248.0813571350480183   0.3411340135089254
 208.7259206700040392 199.0731995779342768 245.6077056257451043   0.1379340135089255
 205.4056718527043902 196.2329411986506349 242.8827205406306453  -0.1972659864910745
 207.9397945982928042 196.0401891329906600 242.3063540697847043  -0.2387659864910746
 208.5520658656832863 194.7797418016651820 240.7964628887816116   0.1699340135089255
 209.5781871564025113 197.4763809947708211 243.6915233259489360   0.1242340135089254
 218.4863561517072900 195.8644446025360038 240.4204073881312592   0.5972340140577036
 219.6674349854080724 194.2203828660245060 241.5542430684840264  -0.5679659881374090
 218.6847773957690290 196.1497932487581057 237.9032921777481638  -0.4157659864910745
 217.5585006199519559 197.3724460574051394 237.0207900732069414   0.2718340135089254
 220.5026939366012795 194.7306089221832364 236.4689900421019329  -0.0249659864910746
 220.3496261197536523 192.7237197679588715 236.9017373267698980   0.0842340135089254
 220.0359315815227305 195.1009952444317980 233.6325111150861249   0.2116340135089254
 218.2255739452261742 194.2770746500421458 233.1090569759899361   0.0351340135089254
 219.9660117145676325 197.1135535770579538 233.2054330088199237   0.0351340135089254
 221.9785700471937616 194.0087335390253358 232.1604144567614765  -0.6546659875886308
 221.9899084039972895 192.1927067243269886 232.4022994019033969   0.4274340135089254
 223.1124057275465288 195.6320082880636810 237.1738578900545687   0.5972340140577036
 224.9076455547717233 194.1599116297390325 237.3004695410272795  -0.5679659881374090
 223.3788571124294085 198.1094392496344286 237.6878633984811330  -0.4157659864910745
 221.8273919564800646 199.2168187641123063 237.6028257224546734   0.2718340135089254
 225.7542428627684315 199.2640619174603216 238.3454880930857265   0.0336340135089254
 227.1242943098613285 198.8936755952117600 236.8526044472879527   0.0822340135089254
 225.5633805232423868 202.1421148194223808 238.7404408550752742  -0.1825659864910745
 224.2122263374886853 202.5427367598136924 240.2427731315426727   0.0602340135089254
 227.4096429560834572 202.8885566423212946 239.2638949941714629   0.0602340135089254
 224.9322119945126828 203.0359552807671311 236.9943339073320518   0.0602340135089254
 226.7142237388004192 198.1151084280361927 240.7624478183710277   0.5972340140577036
 228.9894540040416210 198.1396748677771788 241.2254307211817161  -0.5679659881374090
 225.0002421353338503 197.1985912530843865 242.4235170900877905  -0.4157659864910745
 223.1407516195553487 197.3063056427179020 242.0058876144911871   0.2718340135089254
 225.7296764230274454 196.0534172159281182 244.7837850313554251  -0.0875659864910746
 226.8918579953890325 197.3516590699320137 245.8836056412976354   0.0968340135089254
 223.5734989042233138 195.1652459329851319 246.4089495065277276   0.2984340135089255
 222.0314823789435676 196.5277384755423615 246.3182426520995039  -0.0297659864910745
 222.6456433724679797 192.5914389385843969 245.4451891782278525  -0.3192659864910745
 222.0088056653365116 192.7766320997086775 243.4949918080211542   0.0790340135089254
 227.3283847323248313 193.7933047597583048 244.1601754071614420   0.5972340140577036
 226.7576874398806274 192.5064012625579372 242.0399026849017707  -0.4157659864910745
 225.0626030977532541 192.8748978586725684 241.2443279825209384   0.2718340135089254
 228.3318293094370274 190.5921086888956992 240.9003978261472664  -0.0249659864910746
 227.2735826744411220 189.6585839787386011 239.3999552758137983   0.0842340135089254
 230.7657965699275936 191.7108265601770780 239.7646724196605958   0.2116340135089254
 231.8977425241464304 192.5366368807006606 241.2745636006636885   0.0351340135089254
 231.8353815617270269 190.2066045575757761 238.8500449708427201   0.0351340135089254
 230.1648636593406394 193.6043321463661635 237.9618736878997338  -0.6546659875886308
 231.6955418278168578 194.2865232807117434 237.2683441967506260   0.4274340135089254
 219.0778404316246464 183.4281569152002394 237.3212565285004050   0.5972340140577036
 217.4753526700594267 184.8246645281680526 236.3669448308701815  -0.5679659881374090
 221.5722789284007128 183.8457863907968428 237.0548051436175253  -0.4157659864910745
 222.8516235210653862 182.6061260469444904 237.7407757302309390   0.2718340135089254
 222.4774577465489910 185.9925152789313768 235.6809742442567678  -0.0581659864910746
 221.9445549767831777 187.7064968823979457 236.6900879997707278   0.1359340135089254
 225.3687387314485084 185.9566104823868628 235.3710591582936799  -0.0074659864910746
 226.3003737154716761 185.9962947311992107 237.2078729604651526   0.0366340135089255
 225.9337668454909484 184.2577466879916557 234.3524967721101223   0.0366340135089255
 226.3816319392303021 188.1581414284051330 233.9008522261029618   0.1867340135089255
 226.3627346778910799 188.2960914361813717 231.3005890658273101  -0.5432659864910745
 227.4493272048958050 190.5335271787441292 230.6694205370976059   0.1634340135089254
 227.5948361172077380 190.9624950111442608 228.6606416567393107   0.1434340135089255
 228.1598642312501780 191.8355484850158854 232.6781994174559012  -0.2795659864910745
 229.0083512653808431 193.5400814578128564 232.8104802468303760   0.3338340135089254
 227.4852320014402924 190.3351059346824170 234.7096550114212525  -0.2207659864910745
 227.8650669543584784 190.9719436418138852 236.6315064896191579   0.1861340135089254
 221.4040933024817239 185.8942495199674591 233.0731521794454489   0.5972340140577036
 220.4441124264497096 187.7801962016208773 232.1075021250116705  -0.5679659881374090
 221.5193665966509068 183.6605932296725354 231.8731760844054443  -0.4157659864910745
 222.2847056808890159 182.1450328702677056 232.7462295582770689   0.2718340135089254
 220.6236364091722262 183.3639062266469055 229.3314944342813626  -0.0275659864910745
 221.5401535841240325 184.7755316486860804 228.1447464221788163   0.1122340135089255
 221.1735467141433315 180.7296279959606968 228.2335635504731094  -0.0050659864910746
 220.5064733888691132 179.2688696944395496 229.5223567738074074   0.0338340135089254
 220.2438014562540671 180.5085300382919020 226.4080881051051917   0.0338340135089254
 223.9514441310075695 180.2326300227393977 227.8008162658051443  -0.1415659864910745
 225.6994408048847222 179.2518621592342576 229.4222012887095861  -0.1638659864910745
 227.7743600999302549 180.0379882309455194 225.8317216342591970   0.1379340135089255
 229.5110184170038795 180.3044396158283991 223.9419955003379451  -0.2601659864910745
 228.6814286442124631 181.2927663838692332 221.6781035919002980  -0.1134659864910745
 230.0099061163590820 181.5289821506093897 220.1209692575491901   0.1416340135089255
 226.1945490519720910 181.9938547795540086 221.3341734355266260  -0.1972659864910745
 225.5596010709745532 182.7743116728634794 219.5370438821675280   0.1446340135089255
 224.4389934735592442 181.7311828469389625 223.2409071046531697  -0.2387659864910746
 222.4869063772185885 182.3056595916510001 222.9177639357526236   0.1699340135089255
 225.2610243418149931 180.7466355311659888 225.4802325733498576   0.1242340135089254
 217.8211725525670288 183.8023226897166346 229.1878752481033600   0.5972340140577036
 216.9197731866865845 184.9701734404799856 227.3907456947442351  -0.5679659881374090
 216.3623039771798120 182.8744671579613005 231.0568143945514594  -0.4157659864910745
 217.1427608704892828 182.0410979329020237 232.5856028368937474   0.2718340135089254
 213.6543264272706716 183.0766678542908733 230.9415411003822766  -0.0597659864910745
 212.8965462475682300 182.2867623303118047 229.1973238787729577   0.0868340135089254
 212.3787612868738053 181.8596842240456035 233.1619693077397421   0.1302340135089254
 213.1592181801833029 182.5966774162748929 234.9213043384204227   0.0186340135089254
 209.5441720859919274 182.4795143959717530 233.0259090260974068  -0.3204659864910745
 209.2833898795108117 184.5223083467406319 233.0901597146507408   0.0881340135089254
 212.8530825464880485 185.7959837610035681 230.9377616481144160   0.5972340140577036
 211.2997276644047742 186.5688817497773447 229.3881862182990025  -0.5679659881374090
 213.8999908246804259 187.3361105601493841 232.6668610606523733  -0.4157659864910745
 215.2039018570860853 186.6747064132769567 233.8932933215672675   0.2718340135089254
 213.1781154415224982 189.9477120772285636 232.8388261388391959  -0.0024659864910746
 211.1239831339500912 190.0403086577906906 232.9578788852762391   0.0977340135089254
 214.3043922173395711 191.3234327027232246 235.1405125699552873  -0.0343659864910746
 216.3282889067692281 190.9851717247513165 235.3294851833474286   0.0294340135089254
 213.9415647996266772 193.3511088444207152 235.1688584619641072   0.0294340135089254
 213.0892983132282050 190.2557374370577215 237.4478681794731427   0.0117340135089254
 210.5854111857825408 190.7357278750737287 237.9562045094979698  -0.1256659864910745
 209.4988186587778157 191.8979094474352889 236.6485140248244497   0.1329340135089254
 209.4515755054298005 189.7681880945060470 240.0859258624272118  -0.1704659864910745
 207.4635836125446308 190.1518024996920397 240.4619813630775373   0.1429340135089254
 213.3349627106379591 187.8444468901742112 241.2594457915923000  -0.1704659864910745
 214.4574600341871984 188.8157661230097268 239.1259449863952243  -0.1256659864910745
 216.4492313793402018 188.4472695268950687 238.7517792118788021   0.1329340135089254
 214.0303819279209972 191.2988662629822383 230.5087938157143114   0.5972340140577036
 212.7189119909796435 192.9561560824311943 229.5412540351466295  -0.5679659881374090
 216.1790005421894615 190.8302141817697860 229.7491239098779663  -0.4157659864910745
 217.1540992272928106 189.4752805437482507 230.6920972507046619   0.2718340135089254
 217.3090567702743680 191.8582251986229412 227.4398785742261804  -0.0518659864910745
 217.6246410346392201 193.8783424357847643 227.7195580420465454   0.0921340135089254
 219.9017610260143254 190.6053367718331574 226.9920134804868538  -0.1102659864910745
 221.1111857517239278 191.1665854336077637 228.5510375409718919   0.0456340135089254
 219.7260164955596424 188.5701017255999725 227.1148456791917308   0.0456340135089254
 221.2737021992411526 191.2365053005628347 224.5051338882464816   0.3530340135089254
 220.7993809396269093 193.1470184219572391 223.8947523469899299  -0.0361659864910746
 224.1139605785247943 191.0891066621169982 224.9851243262624888  -0.4121659864910745
 225.1703174873867694 191.2554025619020569 223.2314584739835722   0.0999340135089254
 224.6676503357637064 192.6235642828610504 226.2399024791862027   0.0999340135089254
 224.5863921120051073 189.2787490258204420 225.8543983478662528   0.0999340135089254
 220.7086740851986858 189.3618969757129714 222.3678536307815451  -0.4121659864910745
 221.8084946951408693 189.8551154966664098 220.6973357283951579   0.0999340135089254
 221.2113412368217490 187.4532735804524974 222.9612276368328318   0.0999340135089254
 218.7206821923135430 189.3978017722574585 221.8632967530245786   0.0999340135089254
 215.5232655737187712 191.5275231251867275 225.1740969396546032   0.5972340140577036
 214.8637511529802471 193.3737855580277710 223.9249879651326531  -0.5679659881374090
 214.5954100419634371 189.2069394327314138 224.7791441776650555  -0.4157659864910745
 215.0565032186402222 187.7688578448173493 225.9469949284284066   0.2718340135089254
 212.9570174838537034 188.6834852936352251 222.6720995383428693  -0.0249659864910746
 213.8792038372073002 189.3259921791684572 220.9467795780727726   0.0842340135089254
 212.3390770380614575 185.8583447234229719 222.3980892489242954   0.2116340135089254
 211.1485495736910773 185.5824447078704676 220.7407994294753662   0.0351340135089254
 214.0908531642064706 184.8000980884270665 222.1675426605859028   0.0351340135089254
 211.0483940885932562 184.9852912495513473 224.5807229336033434  -0.6546659875886308
 210.6704488618090004 183.2202870404689028 224.3936400463451324   0.4274340135089254
 210.5079324142917755 190.0781031804691081 222.9612276368328318   0.5972340140577036
 209.4855905758403843 191.0664299485099425 221.1206343823935255  -0.5679659881374090
 209.5063775633135100 190.2103840098436097 225.2950394122255768  -0.4157659864910745
 210.4436817257384416 189.4847291744178484 226.7898127841572811   0.2718340135089254
 207.1120945516352916 191.4141395571514481 225.7372353275631397   0.0212340135089254
 205.6777924159890606 190.4711662163247525 224.5996201949425387   0.1123340135089254
 206.3051814924509042 191.3064251675179326 228.5283608273648361  -0.1231659864910745
 207.7602706155702608 192.1001101437648616 229.7529033621457999   0.1111340135089254
 204.5345081049666957 192.3136491968979623 228.8269375565243961   0.1111340135089254
 205.7741684488190481 188.0920010137178956 229.6357403418426868  -0.3119659864910745
 205.1429999200893441 188.7250592685815033 231.9846699263067935   0.1932340135089254
 207.3029568911613361 194.1561321774711721 225.0191393966730725   0.5972340140577036
 205.5757472047573093 195.1954815511278822 223.8607372765793460  -0.5679659881374090
 209.3098460453857013 195.5299630768319296 225.8827442398750727  -0.4157659864910745
 210.6515516004697782 194.5832102837373733 226.8540634727106150   0.2718340135089254
 209.7407036039197361 198.1755796643216928 225.2270092714044092   0.0336340135089254
 208.1042007719439326 199.2999667140048356 225.8808545137411692   0.0822340135089254
 212.1954578518834548 199.0618612211307488 226.5063538640690826  -0.1825659864910745
 212.1708914121424685 198.6423420194002418 228.5170224705613080   0.0602340135089254
 213.8187326009217999 198.0924317144291367 225.6862127219472640   0.0602340135089254
 212.4297838924896809 201.0876476366943361 226.2493511098558005   0.0602340135089254
 209.9258967650440169 198.5100611900257402 222.3999789750581988   0.5972340140577036
 208.5728528531564119 200.1333359390641124 221.3719679582050435  -0.5679659881374090
 211.3753167097616362 196.9812727476834521 220.9978021836886483  -0.4157659864910745
 212.5148215685161405 195.7435021299650301 221.9143193586404545   0.2718340135089254
 211.5170461698057354 197.1116638509240236 218.2255739452261742  -0.0275659864910745
 212.1822297689459966 198.9843824496399835 217.6813328186568331   0.1122340135089255
 213.4332284696018768 195.1765842897886600 217.2296882726496726  -0.0050659864910746
 213.1951229767277900 193.3945725455009235 218.2406917542975358   0.0338340135089254
 212.9929222803982174 194.7967493368704738 215.2511450104341274   0.0338340135089254
 216.1657724592520033 195.9438131001606726 217.2996081396047436  -0.1415659864910745
 217.9761300955485595 194.8855664651647940 218.7565869888580303  -0.1638659864910745
 217.6454280221123458 193.3870136409652292 220.1077411746117319   0.2061340135089254
 220.3080521448073742 195.9022391252144213 218.1594335305389100  -0.3418659864910745
 221.9558933335867056 195.2502836090115915 218.8831986398307680   0.3411340135089254
 220.1171898052813294 197.6842508695021577 216.2697073966176581   0.1379340135089255
 221.9124296325065242 199.1450091710232782 214.9714655426137626  -0.2601659864910745
 223.8701859072489436 198.9503673792293996 215.4117717318174221   0.1571340135089254
 221.1111857517239278 200.8098578950079015 213.0571729689515513  -0.1134659864910745
 222.4680091158793664 201.9077887788161547 212.0348311305001333   0.1416340135089255
 218.5241506743857343 201.0252866742749323 212.4675784151681253  -0.1972659864910745
 217.9345561206022814 202.2895134578682440 211.0105995659148386   0.1446340135089255
 216.7119033119552477 199.5588591943520480 213.7582613646363267  -0.2387659864910746
 214.7598162156145923 199.6911400237265226 213.2726017482185555   0.1699340135089255
 217.4772423961933570 197.7957447114035068 215.7197970916465799   0.1242340135089254
 208.9451289015389036 196.7223802673362399 216.9405601741597101   0.5972340140577036
 208.3574240738893811 198.0376296565454272 215.1131950026578618  -0.5679659881374090
 207.3502000445093514 195.0594212694855467 217.9685711910128653  -0.4157659864910745
 207.8642055529359425 194.0049540867574751 219.4746829197481242   0.2718340135089254
 204.9143430578848817 194.6021075450765955 216.8460738674636528  -0.0518659864910745
 205.1845738950355952 194.1429040945337407 214.8561922484445797   0.0921340135089254
 203.4705922915690264 192.4175841342636172 218.1159698294587284  -0.1102659864910745
 204.7159218138231429 190.8188758249662581 217.7512526856119310   0.0456340135089254
 203.2665018691055236 192.6764766146108294 220.1493151495580100   0.0456340135089254
 200.8571010483559435 191.9016888997031228 216.9348909957579460   0.3530340135089254
 199.7572804384137600 193.6421266690446078 216.9859136013738219  -0.0361659864910746
 201.1065448980335582 190.9946203554209143 214.1891189231703615  -0.4121659864910745
 202.2063655079757147 189.2541825860794559 214.1380963175544858   0.0999340135089254
 199.2338262993175982 190.6469107467794087 213.4067723037269872   0.0999340135089254
 202.0589668695298516 192.4402608478706729 213.0722907780229130   0.0999340135089254
 199.2716208219960157 190.0988901679422606 218.5732835538676799  -0.4121659864910745
 198.9862721757739138 190.9322593930015374 220.4346637957801118   0.0999340135089254
 200.2580578639028929 188.3017606145831357 218.7698150717954886   0.0999340135089254
 203.3137450224535655 196.9302501420675765 217.0955177171412675   0.5972340140577036
 202.2195935909131729 197.7957447114035068 215.2435861058984331  -0.5679659881374090
 203.2041409066861467 198.0584166440185797 219.3764171607842064  -0.4157659864910745
 204.3171895995657614 197.4177994846192511 220.7899323089573117   0.2718340135089254
 201.6167709541922887 200.2164838889566416 219.8601870510680475  -0.0389659864910746
 199.6438968703785076 199.7667290690833846 219.4727931936141941   0.1006340135089254
 201.8378689118610834 201.0819784582925721 222.5511570657719226   0.3653340135089254
 203.7918457343356424 201.5903147883173991 222.9574481845649714   0.0042340135089254
 200.1314462129301820 203.3987826984800250 222.9498892800293039  -0.2438659864910745
 198.1774693904555963 202.8904463684551981 222.5454878873701585   0.0641340135089254
 200.2845140297778093 204.0375101317453966 224.9019763763699594   0.0641340135089254
 200.7229304928475384 204.9143430578848817 221.6856624964359921   0.0641340135089254
 201.1424496945780454 199.0996557438091664 224.2197852420243795  -0.6761659848447401
 201.2898483330239087 199.6722427623873273 225.9337668454909484   0.4101340135089254
 202.4614785360550934 202.3745511338947035 218.2331328497618417   0.5972340140577036
 200.9137928323735832 203.7200361412466411 217.1389814182214489  -0.5679659881374090
 204.9464684021615354 202.8583210241785445 218.2388020281636056  -0.4157659864910745
 206.0916424393178037 201.7320442483614714 219.2932692108916772   0.2718340135089254
 206.1747903892103329 204.7385985274301987 216.6174170052591906  -0.0024659864910746
 205.6362184410427825 206.6302143874853540 217.2334677249175062   0.0977340135089254
 209.0358357559671271 204.4532498812080700 216.9802444229720579  -0.0343659864910746
 209.5025981110456762 204.8897766181438956 218.9398904238484076   0.0294340135089254
 209.5706282518668439 202.4936038803317469 216.6514320756697745   0.0294340135089254
 210.6080878993895968 206.0992013438534979 215.2605936411037251   0.0117340135089254
 211.3488605438867198 208.5161610691387721 216.0675067002880855  -0.1256659864910745
 210.8027296911835020 209.1737857637433659 217.8892026933881965   0.1329340135089254
 212.8209572022113948 210.0525084160167544 214.4839162000620880  -0.1704659864910745
 213.4181106605305151 211.8553071477776166 215.1453203469345154   0.1429340135089254
 213.4880305274855863 209.2040213818861161 212.0499489395715218  -0.1072659864910745
 214.5727333283563811 210.3775413110512042 210.8216269525226973   0.1296340135089254
 212.7208017171135469 206.7946205611365092 211.2279180713157729  -0.1704659864910745
 213.1894537983260261 206.1558931278711376 209.3778761862068688   0.1429340135089254
 211.3129557473422324 205.2261478699818733 212.8455236419523543  -0.1256659864910745
 210.7441481810319320 203.3931135200782611 212.2238037438922745   0.1329340135089254
 205.4000026743026261 204.4797060470829864 213.8206223270557303   0.5972340140577036
 204.6327738639306135 206.3240787537901265 212.6149770536139617  -0.5679659881374090
 205.3489800686867504 202.1118792012796576 212.8511928203541182  -0.4157659864910745
 205.8421985896402158 200.6057674725444253 213.9151086337517876   0.2718340135089254
 204.6800170172786287 201.6904702734152203 210.2490399339445631  -0.0252659864910746
 205.9215670872648846 202.7940703356252106 209.0320563036992667   0.0697340135089254
 204.8822177136082013 199.6892502975926193 209.8011748402052364   0.0697340135089254
 201.9966059071104478 202.4728168928586214 209.7822775788660142   0.5972340140577036
 201.4334675192019114 203.5972039425417640 207.8245213041235947  -0.5679659881374090
 200.2561681377689894 201.8813326129412651 211.5435023356806250  -0.4157659864910745
 200.7285996712493024 200.9119031062396528 213.1176442052370247   0.2718340135089254
 197.6464563468237402 202.5295086768762611 211.1655571088963693  -0.0518659864910745
 197.0625309714420781 201.7830668539773473 209.3363022112605907   0.0921340135089254
 195.8531062457324757 201.4826003986838836 213.2140202380670124  -0.1102659864910745
 196.9661549386120906 201.7736182233077496 214.9223326631318171   0.0456340135089254
 194.0975506673196290 202.5502956643493867 213.3500805197093476   0.0456340135089254
 195.2427247044758972 198.6404522932663117 212.9230024134431464   0.3530340135089254
 197.6275590854845180 197.0001700090226745 213.0250476246748709  -0.4121659864910745
 198.5724221524451440 197.2722905723073181 214.8354052609714541   0.0999340135089254
 197.1078843986561898 195.0178472945392688 212.8133982976757008   0.0999340135089254
 198.9012344997474543 197.5425214094580585 211.5000386346004435   0.0999340135089254
 197.3592179744677080 205.3470903425528471 211.0483940885932562   0.5972340140577036
 195.9022391252144213 206.2995123140491402 209.5082672894474401  -0.5679659881374090
 198.7368283260962991 206.7757232997973139 212.6452126717567118  -0.4157659864910745
 199.9708194915468607 206.0084944894252744 213.8810935633412037   0.2718340135089254
 198.4609283105437948 209.4799213974386204 212.6111976013461279  -0.0389659864910746
 196.4767158699264856 209.9599118354546006 212.8927667953003963   0.1006340135089254
 200.0086140142253050 210.8197372263887938 214.5878511374277697   0.3653340135089254
 199.6231098829053551 212.8417441896845205 214.5292696272761997   0.0042340135089254
 199.2848489049334470 209.7709392220624862 217.1994526545069224  -0.2438659864910745
 199.6703530362533972 207.7489322587667595 217.2599238907923958   0.0641340135089254
 200.3903386932773945 210.7233611935588064 218.6526520514923755   0.0641340135089254
 197.2798494768430124 210.0959721170969360 217.5396033586127606   0.0641340135089254
 202.6334436142419159 210.4776967961490255 214.1456552220901801  -0.6761659848447401
 203.5801964073364722 211.3469708177528163 215.4268895408887836   0.4101340135089254
 199.2791797265316831 210.4550200825419695 210.0751851296238104   0.5972340140577036
 198.0792036314917054 212.1406557939997453 209.0131590423600713  -0.5679659881374090
 201.3446503909076180 209.4043323520817584 209.0207179468957388  -0.4157659864910745
 202.2271524954488404 207.9530226812302356 209.8899919684995296   0.2718340135089254
 202.3367566112162860 210.2811652782212166 206.6472219226906459   0.0212340135089254
 202.7676141697503211 212.2899441585795119 206.8059589179400371   0.1123340135089254
 204.7574957887693940 208.8714295823159720 205.8724342077829390  -0.1231659864910745
 206.2541588868350285 209.1435501456006426 207.2613829162150582   0.1111340135089254
 204.4003375494582908 206.8569815235559128 205.6362184410427825   0.1111340135089254
 206.0273917507644966 209.9731399183920588 202.8753285593838364  -0.3119659864910745
 207.9945966561765138 208.4103364056391871 202.8337545844375582   0.1932340135089254
 200.4300229420897423 209.8729844332942377 204.5930896151182657   0.5972340140577036
 200.0331804539662643 211.5208256220735692 203.0038299364904775  -0.5679659881374090
 199.1828036937017225 207.6582254043385360 204.5893101628504052  -0.4157659864910745
 199.4851598751291164 206.4053369775487254 205.9971561326217464   0.2718340135089254
 199.7988544133600381 202.5673031995546785 204.1187683555040226  -0.0361659864910746
 193.1545773264929065 206.7738335736633835 216.3415169897066863   0.3399340135089254
 198.6480111978020058 217.7852677560225148 204.9048944272152573  -0.1102659864910745
 198.4817152980169205 217.2844903305333819 206.8966657723682606   0.0456340135089254
 200.1314462129301820 216.6514320756697745 204.0356204056114932   0.0456340135089254
 199.3207537014779612 220.6141877785026287 204.6667889343411973   0.3530340135089254
 197.8940104703674246 221.7291261975161737 205.6494465239802407  -0.0361659864910746
 201.9229065878875162 221.1357521914648870 205.8289705067027576  -0.4121659864910745
 203.3496498189980797 220.0227034985852723 204.8463129170637142   0.0999340135089254
 202.3688819554929395 223.1388618934214184 205.6456670717123803   0.0999340135089254
 201.9021196004143905 220.6179672307704623 207.8226315779896643   0.0999340135089254
 212.7415887045866994 233.7553433137910019 199.6174407045035911   0.0881340135089254
 209.5082672894474401 234.6529632274036127 199.8347592099045523   0.0881340135089254
 210.3662029542476763 231.4045240031929650 199.9972756574217771   0.0881340135089254
 213.1497695495136783 227.9217587383761180 198.4817152980169205  -0.5679659881374090
 208.5577350440850502 225.4953503824212193 199.1903625982373899   0.0921340135089254
 204.7291498967605743 222.0673871754880816 200.0180626448949028  -0.4121659864910745
 204.0242820488079653 220.3156110493430684 200.8382037870167214   0.0999340135089254
 206.3713219071381416 222.7117837871552171 201.0819784582925721   0.0999340135089254
 211.4282290415114154 221.7518029111232295 198.8709988816047040  -0.5679659881374090
 216.2319128739392407 221.4097624808834880 196.2423898293202326   0.5972340140577036
 217.3109464964082715 219.6598760808724050 197.3289823563249578  -0.5679659881374090
 216.9159937344187507 223.8361708368383599 196.5560843675511812  -0.4157659864910745
 218.9852438510625194 224.6487530744245111 198.1094392496344286  -0.0024659864910746
 220.7502480601449639 223.8305016584365960 197.4329172936906397   0.0977340135089254
 219.2006726303295234 227.5551518683953902 197.9979454077330794  -0.0343659864910746
 217.4734629439254963 228.3960799979903345 198.7424975044980631   0.0294340135089254
 221.3171659003213342 228.5434786364361976 199.5664180988877153   0.0117340135089254
 223.7492434346779969 228.5812731591146151 198.6536803762037699  -0.1256659864910745
 225.6786538174115966 229.5242464999413377 200.1144386777248902  -0.1704659864910745
 227.6023950217434055 229.5355848567448656 199.3774454854956008   0.1429340135089254
 225.1929942009938254 230.4502123055627415 202.4917141541978168  -0.1072659864910745
 226.7255620956039470 231.1928746761937946 203.6520060004254735   0.1296340135089254
 222.7628063927710928 230.4369842226252833 203.4044518768817892  -0.1704659864910745
 222.3584050001119476 231.1701979625867388 205.2866191062673468   0.1429340135089254
 220.8390651884392571 229.4940108817985875 201.9361346708249744  -0.1256659864910745
 218.9058753534378238 229.4940108817985875 202.6466716971793742   0.1329340135089254
 218.4712383426359283 223.8739653595167774 200.7852914552669422   0.5972340140577036
 220.0926233655403702 222.7873728325120791 202.0457387865924202  -0.5679659881374090
 216.1563238285824055 224.3709633327380765 201.7018086302187482  -0.4157659864910745
 214.8524127961767192 225.1551996783154079 200.5490756885267857   0.2718340135089254
 215.4457868022280057 223.8191633016330679 204.2567183632802613  -0.0597659864910745
 216.7383594778301373 224.6676503357637064 205.6173211797035872   0.0868340135089254
 212.8020599408721727 224.6695400618976367 204.8104081205192000   0.1302340135089254
 211.5019283607343468 223.8437297413740542 203.4441361256941370   0.0186340135089254
 212.0801845577142450 223.7983763141599423 207.4787014216160194  -0.3204659864910745
 213.3803161378520708 224.6241866346835250 208.8468631425749859   0.0881340135089254
 210.1583330795163396 224.4068681292825906 207.9038898017482903   0.0881340135089254
 212.1878989473477605 221.7442440065875352 207.5845260851156046   0.0881340135089254
 212.5904106138730025 227.5419237854579320 204.4475807028063060  -0.0430659864910745
 213.6959004022169229 228.4376539729366124 205.9366848963362731   0.0235340135089254
 213.4143312082626547 227.9973477837329530 202.6145463529026938   0.0235340135089254
 209.8710947071603074 228.5151327444273779 204.5496259140380574  -0.0660659864910746
 209.0471741127706552 228.0615984722862871 206.3826602639416696   0.0185340135089254
 209.8616460764907097 230.5579266951962568 204.2793950768873171   0.0185340135089254
 208.7637151926824566 227.6212922830826276 203.0605217205081172   0.0185340135089254
 215.5780676316024805 221.0242583495635379 204.6932451002160869   0.5972340140577036
 216.5890711132503707 220.1833302199685937 206.6056479477443948  -0.5679659881374090
 214.5954100419634371 219.5030288117569441 202.9112333559283506  -0.4157659864910745
 213.9245572644213851 220.2249041949148449 201.2766202500864505   0.2718340135089254
 214.5519463408832557 216.8063896186513050 203.2438251554984945  -0.0597659864910745
 213.6297599875296855 216.2659279443498243 205.0050499123130785   0.0868340135089254
 213.3387421629058197 215.4287792670227139 201.0781990060247383   0.1302340135089254
 214.1683319356972359 216.0221532730739738 199.2886283572013077   0.0186340135089254
 213.8244017793235639 212.5885208877390722 201.4769312202821196  -0.3204659864910745
 212.9948120065321477 211.9932571555538822 203.2665018691055236   0.0881340135089254
 212.9683558406572313 211.5208256220735692 199.9368044211363037   0.0881340135089254
 215.8539676471549848 212.2351421006958026 201.5109462906927035   0.0881340135089254
 210.5287194017649012 216.1393162933771137 200.8344243347488876  -0.0430659864910745
 209.5252748246527321 215.2057915832200156 202.3726614077607734   0.0235340135089254
 210.3926591201225657 218.1821102441459658 201.0668606492212104   0.0235340135089254
 209.3457508419302153 215.3758669352729079 198.3116399459640014  -0.0660659864910746
 209.4818111235725237 213.3330729845040556 198.0792036314917054   0.0185340135089254
 207.3653178535807399 215.9390053231814444 198.2832940539552083   0.0185340135089254
 210.3473056929084808 216.3093916454300059 196.7715131468181853   0.0185340135089254
 217.2013423806408527 215.8161731244765673 203.3950032462121914   0.5972340140577036
 217.7436937810762367 214.1740011140989998 204.9502478544293690  -0.5679659881374090
 218.9266623409109494 216.7704848221067908 201.7755079494416799  -0.4157659864910745
 218.5014739607786785 218.1499848998693123 200.5263989749197297   0.2718340135089254
 221.4324391944905438 215.7216868177805100 201.7320442483614714  -0.0875659864910746
 221.3625193275354459 213.6713339624759368 201.5487408133711210   0.0968340135089254
 223.1105160014125984 216.7591464653032629 199.6854708453247587   0.2984340135089255
 222.1562043037823749 216.6004094700538986 197.8675543044925081  -0.0297659864910745
 223.6887721983924966 219.5483822389710559 200.2334914241619336  -0.3192659864910745
 224.6430838960227471 219.7090089603543505 202.0514079649941842   0.0790340135089254
 224.9038661025038629 220.3023829664056102 198.7519461351676608   0.0790340135089254
 221.9294371677118160 220.6179672307704623 200.2864037559117128   0.0790340135089254
 225.4953503824212193 215.0999669197204036 199.5342927546110617  -0.3192659864910745
 224.9567784342536689 213.1611079063172064 199.0920968392734990   0.0790340135089254
 226.7406799046753356 215.8199525767444010 198.0603063701524832   0.0790340135089254
 226.4780079720602627 215.1434306208006121 201.3446503909076180   0.0790340135089254
 222.6909967996820915 216.1298676627074891 204.2397108280749693   0.5972340140577036
 223.9287674174005137 214.4272244160444483 205.2223684177140397  -0.5679659881374090
 222.4056481534599628 218.3975390234129968 205.3640978777581389  -0.4157659864910745
 221.4116522070173913 219.7468034830327680 204.5004930345561119   0.2718340135089254
 223.5602708212858556 218.9323315193127134 207.7621603417041909  -0.0275659864910745
 225.5766086061798450 218.5128123175822064 207.6714534872759674   0.1122340135089255
 223.2824810795994479 221.7669207201945912 208.3328576341484216  -0.0050659864910746
 221.4192111115530856 222.4339940454687825 207.7508219849006630   0.0338340135089254
 223.4223208135096169 222.0352618312114012 210.3737618587833704   0.0338340135089254
 225.2818113292881185 223.3788571124294085 207.1272123607066531  -0.1415659864910745
 225.3517311962432166 224.1649831841406702 204.7008040047517543  -0.1638659864910745
 223.9325468696683474 223.8116043970974005 203.3024066656500376   0.2061340135089254
 227.5513724161275566 225.4499969552071075 204.2132546622000797  -0.3418659864910745
 227.9123101077064934 226.2644689189271621 202.5257292246084004   0.3411340135089254
 229.0121307176486769 225.6673154606080687 206.3354171105936544   0.1379340135089255
 231.3364938623718243 226.8465045681749208 206.8002897395382731  -0.2601659864910745
 232.3229309042787013 227.7838087305998524 205.3130752721422632   0.1571340135089254
 232.3380487133500630 226.7633566182823915 209.2512645352341311  -0.1134659864910745
 234.1181707315038961 227.6269614614843916 209.6386583926880114   0.1416340135089255
 230.9906739798642220 225.5482627141710253 211.1939030009051890  -0.1972659864910745
 231.7446747072988032 225.5104681914925808 213.0382757076123292   0.1446340135089255
 228.6833183703463666 224.3256099055239647 210.7365892764962378  -0.2387659864910746
 227.7082196852430175 223.3901954692329365 212.2256934700262048   0.1699340135089255
 227.6061744740112659 224.3596249759345486 208.2345918751845039   0.1242340135089254
 222.4434426761384071 217.2844903305333819 209.7803878527320839   0.5972340140577036
 223.7983763141599423 216.2678176704837547 211.3696475313598722  -0.5679659881374090
 220.0945130916742736 216.9216629128205148 209.7274755209823048  -0.4157659864910745
 219.0532739918836871 217.8570773491115161 208.4122261317731172   0.2718340135089254
 218.7679253456615582 215.4193306363531162 211.6323194639749183  -0.0275659864910745
 219.4142116834626241 216.0316019037435982 213.4918099797534200   0.1122340135089255
 215.9408950493153747 216.0712861525559460 211.5699585015555146  -0.0050659864910746
 215.2605936411037251 215.9824690242616528 209.6254303097505532   0.0338340135089254
 214.9355607460692753 214.6332045646418546 212.6263154104174896   0.0338340135089254
 215.2190196661574470 218.5959602674747356 212.6962352773725875  -0.1415659864910745
 216.4152163089296180 220.8296165577696595 212.3239592289900958  -0.1638659864910745
 218.0554985931732552 221.1017371210543032 211.1334317646197158   0.2061340135089254
 215.1736662389433353 222.7476885836997313 213.5768476557798795  -0.3418659864910745
 215.7160176393787461 224.5807229336033434 213.4785818968159886   0.3411340135089254
 213.0552832428176212 221.8670762052924124 214.7976107382930097   0.1379340135089255
 211.1636673827624390 223.0670523003324170 216.2149053387339486  -0.2601659864910745
 211.1768954656998972 225.0663825500210877 216.4341135702688133   0.1571340135089254
 209.2153597386896440 221.6176323556148246 217.2901595089351459  -0.1134659864910745
 207.7546014371684968 222.5228111737631027 218.3521855961988849   0.1416340135089255
 209.1662268592076984 218.9795746726607554 216.9500088048293345  -0.1972659864910745
 207.6733432134098977 217.9099896808613222 217.7795985776207509   0.1446340135089255
 211.0370557317897281 217.7644807685493892 215.4892505033081874  -0.2387659864910746
 210.9746947693703246 215.7727094233963859 215.2001224048182517   0.1699340135089255
 213.0647318734872187 219.2063418087312873 214.3270689309466271   0.1242340135089254
 219.3896452437216646 212.5715133525337801 211.4905900039308189   0.5972340140577036
 219.2668130450167876 211.2997276644047742 213.4332284696018768  -0.5679659881374090
 220.1852199461024971 211.5378331572788610 209.3117357715196314  -0.4157659864910745
 220.1190795314152597 212.6111976013461279 207.7205863667579398   0.2718340135089254
 221.3020480912499725 208.9678056151459596 209.1832343944129636  -0.0875659864910746
 220.4195459867087501 207.8283007563914283 210.6515516004697782   0.0968340135089254
 220.7578069646806314 207.5542904669728543 206.6944650760386879   0.2984340135089255
 221.6119631772130606 205.6853513205247281 206.8456431667523849  -0.0297659864910745
 217.9156588592630861 207.1593377049833066 206.3278582060579601  -0.3192659864910745
 217.5792876074251084 206.0614068211750805 204.6176560548592251   0.0790340135089254
 217.1729964886320328 206.1199883313266236 207.9379048721588741   0.0790340135089254
 216.9500088048293345 208.9734747935477236 206.1634520324068050   0.0790340135089254
 221.8500686700871204 208.8033994414948045 204.3341971347710534  -0.3192659864910745
 221.5514919409275603 207.5845260851156046 202.6995840289291533   0.0790340135089254
 220.8919775201890631 210.5854111857825408 204.0148334181383407   0.0790340135089254
 223.8720756333828739 209.1322117887971147 204.5496259140380574   0.0790340135089254
 224.1385270182657538 208.9073343788604862 209.7747186743303200   0.5972340140577036
 225.0399263841461981 207.0081596142696097 210.7762735253085856  -0.5679659881374090
 225.3252750303683002 211.1617776566285355 209.4496857792958701  -0.4157659864910745
 224.4767879962376617 212.6924558251047539 208.6881261473256215   0.2718340135089254
 227.9992375098668833 211.2940584860030103 209.9750296445259891  -0.0518659864910745
 228.9554389336310373 209.8295207322140561 208.8865473913873337   0.0921340135089254
 229.1614190822284435 213.8678654804037723 209.2890590579125756  -0.1102659864910745
 228.8420553655957578 213.9661312393676633 207.2557137378132942   0.0456340135089254
 228.2373430027409701 215.4646840635672281 210.2055762328643817   0.0456340135089254
 232.0186849967173773 213.9623517870998296 209.8276310060801260   0.3530340135089254
 232.3229309042787013 213.5503914899049899 211.8231818035009629  -0.0361659864910746
 233.4643254891671360 212.0291619520983693 208.2081357093096143  -0.4121659864910745
 233.1600795816058120 212.4392325231593055 206.2125849118887774   0.0999340135089254
 235.4768838217932651 212.1444352462675791 208.6333240894418854   0.0999340135089254
 232.7821343548215829 210.1318769136414500 208.6295446371740516   0.0999340135089254
 233.0674830010436850 216.6589909802054417 209.5744077041346775  -0.4121659864910745
 232.1131713034134344 217.8967615979238640 210.9161132592187546   0.0999340135089254
 235.0894899643394116 216.6495423495358441 209.9674707399902949   0.0999340135089254
 232.7443398321431386 217.3449615668188554 207.6601151304724395   0.0999340135089254
 228.3752930105172088 210.9520180557632686 212.7793832272651169   0.5972340140577036
 230.1591944809388755 209.6915707244377906 213.5768476557798795  -0.5679659881374090
 226.9825648498172560 212.1104201758569952 214.3232894786787935  -0.4157659864910745
 225.6578668299384441 213.2442558562097356 213.5258250501640038   0.2718340135089254
 226.9750059452815617 211.7891667330903792 217.0860690864716429  -0.0014659864910746
 228.6927670010159912 212.5904106138730025 217.8986513240577943   0.0875340135089254
 224.6355249914870529 213.1365414665762469 218.2028972316191183  -0.0152659864910746
 223.0897290139394728 213.0552832428176212 216.8385149629279585   0.0294340135089254
 224.0024667366234452 212.0386105827679939 219.8280617067913939   0.0294340135089254
 224.9227633638430850 215.8634162778246094 219.0740609793568126  -0.0011659864910746
 225.6559771038045406 217.7682602208172228 217.3468512929527857  -0.1906659864910745
 226.0981730191421035 217.2693725214620204 215.4420073499601721   0.1698340135089254
 225.7769195763754875 220.3288391322805266 218.0743958545124773  -0.2341659864910745
 226.2928148109359819 221.7650309940606609 216.7591464653032629   0.1655340135089255
 225.0985078942977681 221.0337069802331356 220.7748144998859232   0.3225340135089255
 225.0531544670836563 223.4676742407237287 221.5779481068024768  -0.5579659881374089
 224.0421509854357930 223.6283009621070232 223.0746112048681113   0.3991340135089254
 224.3879708679433685 218.9153239841074215 222.5568262441736866  -0.2341659864910745
 223.9004215253916938 219.2989383892934412 224.4711188178358977   0.1655340135089255
 224.3199407271222008 216.4360032964027436 221.6157426294808943  -0.1906659864910745
 223.7738098744189562 214.9506785551406370 222.8705207824046083   0.1698340135089254
 226.8597326511123790 208.9867028764851549 217.8192828264330987   0.5972340140577036
 228.4300950684009183 208.0531781663280569 219.2535849620793294  -0.5679659881374090
 225.0361469318783645 207.5996438941869661 216.7572567391693596  -0.4157659864910745
 223.8399502891061935 208.4500206544515349 215.5402731089240631   0.2718340135089254
 224.7281215720492067 204.9105636056170212 217.2826006043994516  -0.0252659864910746
 224.3747427850059103 204.6403327684662809 219.2932692108916772   0.0697340135089254
 223.1086262752786683 204.2132546622000797 216.2262436955374765   0.0697340135089254
 227.0543744429062573 203.3685470803372750 216.5380485076344950   0.5972340140577036
 227.9085306554386598 201.8114127459861670 218.0347116057001295  -0.5679659881374090
 228.1485258744466499 204.0299512272097292 214.2722668730629176  -0.4157659864910745
 227.4172018606191247 205.3829951390973342 213.1837846199242621   0.2718340135089254
 230.2914753103133503 202.5937593654295681 213.3859853162538348  -0.0597659864910745
 229.8398307643061898 200.5925393896069671 213.3973236730573629   0.0868340135089254
 230.9698869923910965 202.7638347174824872 210.5513961153719570   0.1302340135089254
 232.3399384394839934 201.2463846319437271 210.2584885646141608   0.0186340135089254
 228.6889875487481306 202.0759744047351434 208.8770987607177361  -0.3204659864910745
 227.4096429560834572 203.6690135356307654 208.7051336825308867   0.0881340135089254
 229.3333841604152930 201.5487408133711210 206.9930418051982482   0.0881340135089254
 227.6704251625645730 200.4697071909020901 209.6670042846968045   0.0881340135089254
 232.3210411781447712 205.1751252643659976 209.7066885335091523  -0.0430659864910745
 230.9887842537302918 206.7095828851100496 209.8862125162316691   0.0235340135089254
 233.9348672965135456 205.5417321343467254 210.9312310682901429   0.0235340135089254
 233.2980295893820775 205.0390649827236622 206.9760342699929562  -0.0660659864910746
 231.7182185414239136 205.0409547088575925 205.6513362501141442   0.0185340135089254
 234.4885570537524575 206.6717883624316321 206.5773020557355748   0.0185340135089254
 234.4224166390652201 203.3326422837927878 206.7095828851100496   0.0185340135089254
 232.4930062563316204 203.0321758284992973 215.1113052765239315   0.5972340140577036
 233.9027419522368651 201.2785099762203808 215.6820025689681622  -0.5679659881374090
 232.8501644956427238 205.4056718527043902 215.9711306674581247  -0.4157659864910745
 231.5916068904511761 206.7530465861902579 215.4798018726385896   0.2718340135089254
 234.9156351600186587 206.1029807961213316 217.5906259642286364  -0.0518659864910745
 236.6881982736367975 205.6683437853194361 216.6344245404644824   0.0921340135089254
 234.8910687202776995 208.9356802708692792 218.2614787417706614  -0.1102659864910745
 235.1272844870178559 209.8276310060801260 216.4189957611974516   0.0456340135089254
 233.1014980714542688 209.5347234553223297 219.0891787884281743   0.0456340135089254
 237.0755921310906509 209.7236960687144441 220.0056959633799803   0.3530340135089254
 236.9300832187787180 208.6654494337185657 221.7669207201945912  -0.0361659864910746
 239.6437299470896222 209.1889035728147276 218.7641458933937246  -0.4121659864910745
 239.7911285855354854 210.2490399339445631 217.0029211365791137   0.0999340135089254
 241.1574005803605486 209.7633803175267919 220.0378213076566340   0.0999340135089254
 239.8100258468747075 207.1744555140546952 218.3673034052702734   0.0999340135089254
 236.7978023894042432 212.4864756765073206 220.8655213543141467  -0.4121659864910745
 235.0271290019200079 212.7113530864439492 221.8916426450333985   0.0999340135089254
 238.3719442589606430 212.9853633758625231 222.0957330674969015   0.0999340135089254
 236.7978023894042432 213.7223565680918125 219.2176801655348154   0.0999340135089254
 234.6964269284837943 204.6497813991359055 220.0075856895139106   0.5972340140577036
 236.5804838840032820 203.7332642241840993 221.0110302666260797  -0.5679659881374090
 232.4287555677782865 204.5193902958953342 221.2151206890895826  -0.4157659864910745
 230.9906739798642220 205.4718122673916274 220.3741925594946384   0.2718340135089254
 231.8996322502803339 203.0265066500975333 223.4865715020629240  -0.0024659864910746
 233.1260645111952281 203.7030286060413492 224.9983524091999202   0.0977340135089254
 229.1387423686213878 203.4271285904888449 224.3293893577917983  -0.0343659864910746
 228.9006368757473278 205.4000026743026261 224.8641818536915151   0.0294340135089254
 227.9047512031708262 203.0850881602491033 222.7193426916909114   0.0294340135089254
 228.2411224550088037 201.7981846630487357 226.5346997560779023   0.0117340135089254
 226.0962832930081732 200.2372708764297672 226.2758072757306900  -0.1256659864910745
 225.0871695374942402 200.2013660798852532 224.5372592325231351   0.1329340135089254
 225.2459065327436046 198.7443872306319934 228.3091525958299714  -0.1704659864910745
 223.6188523314374256 197.5651981230651143 228.1088416256343021   0.1429340135089254
 226.5290305776761384 198.8143070975870644 230.6335157405531188  -0.1072659864910745
 225.8732956092054749 197.6955892263056857 232.1830911703685325   0.1296340135089254
 228.6568622044714770 200.3827797887417002 230.9188643867752206  -0.1704659864910745
 229.6225122589052286 200.4413612988932702 232.6895377742594291   0.1429340135089254
 229.5072389647360457 201.8699942561377370 228.8760704360063417  -0.1256659864910745
 231.1191753569708631 203.0529628159724229 229.1047272982108039   0.1329340135089254
 232.5213521483404403 200.2089249844209475 223.1105160014125984   0.5972340140577036
 233.7572330399249323 199.0902071131395687 224.7394599288527346  -0.5679659881374090
 231.8504993707983884 199.0902071131395687 220.9241028644657168  -0.4157659864910745
 230.8281575323469972 200.1144386777248902 219.6655452592741689   0.2718340135089254
 232.4967857085994542 196.4445905256498053 220.3250596800126662  -0.0237659864910746
 231.6501884006027461 195.2257171692706054 221.7574720895249936   0.0879340135089254
 231.5764890813798144 195.5431911597693878 217.6964506277282215   0.0341340135089254
 232.6007206459651359 196.5806508072921405 216.2432512307427686   0.0240340135089254
 232.1320685647526566 193.5684273498216764 217.5018088359343163   0.0240340135089254
 228.7759149509085204 195.6981487027509184 216.9802444229720579   0.0017340135089254
 228.2165560152678176 197.6577947036272681 216.8290663322583610   0.0439340135089254
 228.6152882295251989 194.9120226310396836 215.0829593845151118   0.0439340135089254
 226.4931257811316512 194.0408588833019893 218.9191034363752552  -0.2737659864910745
 225.9885689033746579 196.3595528496233726 221.3776371366068074  -0.0536659864910745
 224.3898605940772986 195.7983041878487396 222.5435981612362284   0.0683340135089254
 227.6571970796271416 196.4937234051317777 222.5700543271111179   0.0683340135089254
 225.5917264152512067 198.1963666517948184 220.5291501024761691   0.0683340135089254
 235.3653899798919159 196.0231815977853680 220.4100973560391257   0.5972340140577036
 236.2648996196384299 194.3753404090060367 221.7877077076677168  -0.5679659881374090
 236.7052058088420894 197.7787371761982150 218.8416246648844899  -0.4157659864910745
 235.9606537120771059 199.2867386310673774 217.9402252990040454   0.2718340135089254
 239.3753888360728120 197.3459898915302498 218.6337547901531533  -0.0875659864910746
 239.7608929673927621 195.4109103303948862 218.0403807841018935   0.0968340135089254
 240.7019765820855274 199.1223324574162222 216.8555224981332506   0.2984340135089255
 239.7873491332676517 199.0694201256664430 215.0111497914261104  -0.0297659864910745
 240.5602471220414551 201.8170819243879310 217.9288869422005175  -0.3192659864910745
 241.4748745708593310 201.8718839822716405 219.7732596489076844   0.0790340135089254
 241.5183382719395124 203.1172135045257568 216.6514320756697745   0.0790340135089254
 238.5873730382276472 202.3764408600286338 218.1254184601283530   0.0790340135089254
 243.4307411194678471 198.1718002120538323 216.4813567236168554  -0.3192659864910745
 240.5942621924520121 197.6200001809488238 221.1640980834737069   0.5972340140577036
 242.3422588663291646 196.2159336634453431 221.7801488031320494  -0.5679659881374090
 239.7760107764641237 199.4908290535308803 222.6872173474142310  -0.4157659864910745
 238.3700545328267128 200.6889154224369546 222.2034474571303900   0.2718340135089254
 241.0062224896468516 199.8517667451098441 225.0758311806907123   0.0336340135089254
 243.0187808222729805 200.0312907278323610 224.6789886925672343   0.0822340135089254
 240.1142717544360317 202.2498292090558961 226.4572209845871370  -0.1825659864910745
 238.1054928740777364 202.0910922138065051 226.8824093647194348   0.0602340135089254
 241.1706286632980068 202.4652579883229272 228.2108868368660537   0.0602340135089254
 240.4336354710687174 203.8938909455673940 225.2572448895471324   0.0602340135089254
 240.6150491799251646 197.6521255252255041 226.8313867591035591   0.5972340140577036
 242.4272965423556510 196.5844302595600012 227.8216032532782968  -0.5679659881374090
 238.2264353466486833 196.8792275364517008 227.2282292472270103  -0.4157659864910745
 236.7789051280650210 197.8278700556801872 226.4213161880426230   0.2718340135089254
 237.6443996974009513 194.9252507139771418 229.0234690744522048  -0.0024659864910746
 238.8387066140391920 195.1898123727261182 230.6807588939011340   0.0977340135089254
 234.8665022805367134 194.9290301662449754 229.8719561085828433  -0.0343659864910746
 233.5380248083900676 195.5356322552336935 228.4187567115973902   0.0294340135089254
 234.2239953950034813 193.1507978742250727 230.6883177984368281   0.0294340135089254
 234.7455598079657396 196.8508816444428808 231.9279781422891537   0.0117340135089254
 235.0195700973843404 199.3868941161651986 231.4215315383982570  -0.1256659864910745
 235.3219262788117343 200.0048345619574446 229.4807827988611561   0.1329340135089254
 234.9156351600186587 201.1367805161762814 233.3414932904622589  -0.1704659864910745
 235.1405125699552873 203.1398902181328128 232.9163049103299880   0.1429340135089254
 234.5301310286987356 200.3638825274025049 235.7924680861581170  -0.1072659864910745
 234.4469830788061796 201.7452723312989296 237.3193668023665017   0.1296340135089254
 234.2485618347444674 197.8373186863497849 236.3121427729864720  -0.1704659864910745
 233.9405364749153096 197.2099296098879146 238.2491120602557391   0.1429340135089254
 234.3562762243779827 196.0987706431422300 234.3865118425207061  -0.1256659864910745
 234.1313988144413543 194.0918814889178650 234.7965824135816153   0.1329340135089254
 238.4097387816390606 192.3042005662283645 228.2486813595444980   0.5972340140577036
 239.2374388282965735 190.8302141817697860 229.8454999427079537  -0.5679659881374090
 238.0676983513993189 191.6087813489453265 225.8222730035895992  -0.4157659864910745
 237.4270811920000170 192.8692286802708045 224.5410386847909956   0.2718340135089254
 238.6043805734329390 189.0765483294908693 224.9832346001285585  -0.0031659864910746
 237.6009359963207699 187.7556297618798910 226.2039976826416887   0.0849340135089254
 237.7974675142485786 188.5965578914748621 222.2336830752731402  -0.0036659864910746
 238.7272127721378160 190.0119627657818709 221.0601631461080521   0.0170340135089254
 234.9439810520274786 188.7382873515189615 221.8311714087479251  -0.0645659864910746
 233.9632131885223654 187.3285516556136900 222.9687865413684993   0.0351340135089254
 234.2410029302087731 190.6147854025027551 222.3092721206300020   0.0351340135089254
 234.3902912947885666 188.2280612953602040 219.0551637180175904   0.6950340118625910
 236.1061626243890389 187.8973592219239904 217.5225958234074687  -0.6086659875886308
 231.9109706070838618 188.1468030716016051 218.3918698450112327  -0.9407659859422963
 231.4253109906661175 187.8161009981653913 216.5758430303129125   0.4250340135089254
 230.5654855997319511 188.4189236348862487 219.7184575910239481   0.4250340135089254
 245.3374747885943640 203.6879107969699875 220.3004932402717069  -0.0536659864910745
 243.6405007203330870 203.2683915952394537 221.3889754934103355   0.0683340135089254
 244.8726021596497184 205.0031601861791751 218.7849328808668501   0.0683340135089254
 248.4498537311626494 217.8003855650938765 225.9129798580178227  -0.5679659881374090
 245.9705330434579983 213.6108627261904634 227.8367210623496585   0.0396340135089254
 245.6341617916200207 213.3160654492987638 225.8260524558574329   0.1104340135089255
 245.1598405320057774 211.2184694406461753 229.2729129241297927   0.0559340135089254
 246.3976111497241995 209.6896809983038604 228.6644211090071713  -0.0173659864910746
 245.4527480827635735 211.5794071322251123 231.2798020783541845  -0.0173659864910746
 242.4065095548825255 210.4644687132115941 228.8231581042565357   0.0135340135089254
 241.1517314019587846 212.0782948315803417 229.0763814062019840  -0.0425659864910745
 242.1929705017494248 209.7236960687144441 226.9126449828621582  -0.0425659864910745
 241.7299875989387096 208.4141158579070207 230.7298917733830794   0.8053340124113690
 243.4553075592087795 207.6072027987226603 232.1547452783597126  -0.8188659842959619
 239.4774340473045636 207.6449973214010778 230.8073705448738715  -0.8188659842959619
 244.1809623946345676 215.6555464030932726 228.6549724783375467   0.5365340135089255
 242.5935924421407096 216.4889156281525494 227.1753169154772042  -0.5819659881374090
 244.3850528170980706 216.5569457689736903 231.0133506934712779  -0.4157659864910745
 245.6851843972358696 215.8766443607620408 232.2341137759844082   0.2718340135089254
 242.6219383341495027 218.4145465586182887 231.9147500593517225  -0.0031659864910746
 240.7095354866212217 217.7550321378797646 231.5235767496300084   0.0849340135089254
 242.8713821838271174 218.9020959011699633 234.7739056999745595  -0.0036659864910746
 241.4654259401897332 220.3288391322805266 235.2538961379905668   0.0170340135089254
 242.4008403764807346 217.1314225136857547 235.7168790408012820   0.0170340135089254
 245.4810939747723666 219.7921569102468798 235.6412899954444202  -0.0645659864910746
 245.6568385052270765 219.6296404627296549 237.6878633984811330   0.0351340135089254
 246.9683084421684034 218.6923363003047233 234.7361111772961419   0.0351340135089254
 245.8042371436729398 222.5473776135040620 234.9080762554829913   0.6950340118625910
 243.9617541630996762 223.9438852264718752 234.6680810364749744  -0.6086659875886308
 248.2136379644224929 223.3542906726884492 234.5339104809665692  -0.9407659859422963
 248.5405605855908730 225.1703174873867694 234.0425816861470341   0.4250340135089254
 249.6668373614079460 222.1354173163092493 234.7493392602336003   0.4250340135089254
 242.9337431462465478 220.8126090225643677 230.4502123055627415   0.5972340140577036
 241.1139368792803670 222.1958885525947227 230.0212444731626099  -0.5679659881374090
 245.2713343739071266 221.3625193275354459 229.6281814373069926  -0.4157659864910745
 246.7415413060978446 220.1814404938346635 229.9267581664665526   0.2718340135089254
 245.7248686460482442 223.6585365802497734 228.2713580731515539  -0.0518659864910745
 245.2108631376216263 225.2572448895471324 229.4656649897897678   0.0921340135089254
 248.5065455151802892 223.9363263219361810 227.4984600843777506  -0.1102659864910745
 249.4835339264175686 223.9911283798199173 229.3107074468082370   0.0456340135089254
 249.1830674711241051 222.3300591081031276 226.4024189267034277   0.0456340135089254
 249.0318893804104350 226.3873011176320660 226.0433709612583940   0.3530340135089254
 247.8583694512453200 226.4269853664443870 224.3501763452649508  -0.0361659864910746
 248.4271770175555936 228.6984361794177552 227.6931018761716290  -0.4121659864910745
 249.6006969467207086 228.6606416567393107 229.3862964921650721   0.0999340135089254
 248.8107914227416132 230.4199766874200181 226.6310757889078899   0.0999340135089254
 246.4410748508043811 228.6549724783375467 228.2354532766070398   0.0999340135089254
 251.7379772041856448 226.4232059141765532 225.0021318614677806  -0.4121659864910745
 252.0044285890685247 224.8301667832809312 223.7246769949370108   0.0999340135089254
 252.0573409208183576 228.1825409448572338 223.9797900230163894   0.0999340135089254
 244.1469473242239838 223.6377495927766209 225.9110901318838924   0.5972340140577036
 242.9469712291840060 225.5236962744300390 225.2742524247524243  -0.5679659881374090
 244.0770274572688859 221.4759028955707252 224.5731640290676491  -0.4157659864910745
 245.0294494287651793 219.9376658225588128 225.1835455703242276   0.2718340135089254
 242.6654020352297378 221.2831508299107503 222.2601392411480298  -0.0518659864910745
 243.2814527548880534 222.7665858450389266 220.9694562916798286   0.0921340135089254
 243.1624000084509832 218.7206821923135430 220.9618973871441343  -0.1102659864910745
 242.8732719099610475 217.2107910113104503 222.3300591081031276   0.0456340135089254
 241.7715615738849607 218.4617897119663307 219.4595651106767358   0.0456340135089254
 245.8117960482086072 218.4410027244931782 219.7978260886486437   0.3530340135089254
 247.2385392793191437 218.9058753534378238 221.2018926061521512  -0.0361659864910746
 246.1935207272606965 215.7027895564412879 218.9512287806519355  -0.4121659864910745
 244.7894542097572158 215.1963429525503911 217.5301547279431362   0.0999340135089254
 246.0026583877346518 214.4442319512497402 220.5726138035563506   0.0999340135089254
 246.1935207272606965 220.1530946018258436 217.4961396575325523  -0.4121659864910745
 246.1236008603055987 222.1316378640413886 218.0592780454410888   0.0999340135089254
 248.0416728862356973 219.7902671841129763 216.6646601586072058   0.0999340135089254
 244.7346521518735065 219.7864877318451158 216.0882936877612380   0.0999340135089254
 239.9045121535707648 221.5987350942756024 222.8194981767887326   0.5972340140577036
 238.5420196110135352 222.8743002346724420 221.4381083728923077  -0.5679659881374090
 239.1448422477344197 220.3534055720214859 224.6657606096298029  -0.4157659864910745
 240.3278108075691322 219.2233493439365794 225.6692051867419720   0.2718340135089254
 236.4992256602446831 220.5688343512885169 225.4273202416000515  -0.0275659864910745
 235.3219262788117343 219.8677459556037418 223.8834139901864020   0.1122340135089255
 235.8850646667202708 219.0740609793568126 227.8575080498227841  -0.0050659864910746
 237.3250359807682656 219.4614548368106660 229.2691334718619591   0.0338340135089254
 234.1238399099056600 219.8242822545235333 228.6209574079269629   0.0338340135089254
 235.5033399876681815 216.2678176704837547 227.7063299591090872  -0.1415659864910745
 236.8431558166183281 214.5103723659369776 228.9894540040416210  -0.1638659864910745
 238.4343052213800467 214.9128840324622195 230.1969890036172930   0.2061340135089254
 235.9039619280594661 212.1217585326605231 228.5132430182934744  -0.3418659864910745
 236.7411106053866035 210.5003735097560813 229.1311834640857203   0.3411340135089254
 233.8214837284782662 212.2256934700262048 226.9636675884780339   0.1379340135089255
 232.2038781578416579 210.3643132281137460 225.9942380817764218  -0.2601659864910745
 232.4986754347333846 208.4235644885766453 226.4534415323193034   0.1571340135089254
 230.2442321569653351 211.0710708022003120 224.3539557975327846  -0.1134659864910745
 229.0234690744522048 209.6651145585629010 223.5829475348929114   0.1416340135089255
 229.9210889880647887 213.6203113568600880 223.6793235677228990  -0.1972659864910745
 228.4848971262846545 214.1097504255456928 222.3678536307815451   0.1446340135089255
 231.4952308576211885 215.5157066691831038 224.6846578709689982  -0.2387659864910746
 231.2325589250061424 217.4375581473810092 224.1441961966675177   0.1699340135089255
 233.5399145345239979 214.8505230700428157 226.3854113914981357   0.1242340135089254
 235.7263276714708797 223.3542906726884492 225.8619572524019470   0.5972340140577036
 233.8876241431655036 224.2084468852208516 224.7205626675135124  -0.5679659881374090
 237.1681887116528048 224.8339462355487919 227.3246052800569977  -0.4157659864910745
 238.6931977017272590 224.0610482467749883 228.1900998493929280   0.2718340135089254
 236.5918222408068101 227.5343648809222646 227.7554628385910325  -0.0389659864910746
 234.6850885716802662 227.6609765318949754 228.5170224705613080   0.1006340135089254
 238.4361949475139502 228.7532382373014645 229.5979458191642694   0.3653340135089254
 237.8239236801234682 230.6958767029724955 229.9173095357969551   0.0042340135089254
 238.6421750961113833 227.4568861094314725 232.1679733612971708  -0.2438659864910745
 239.2393285544304768 228.8420553655957578 233.5663707003988875   0.0641340135089254
 236.8299277336808967 226.6443038718453481 232.7065453094647211   0.0641340135089254
 240.0670286010879896 225.9885689033746579 232.1358480170204904   0.0641340135089254
 240.7964628887816116 228.7929224861138123 228.4168669854634869  -0.6761659848447401
 241.3444834676187595 227.1224045837274251 227.9274279167778819   0.4101340135089254
 236.6012708714764076 229.0858300368716086 225.3101572212969385   0.5972340140577036
 234.9269735168221866 230.6486335496244803 224.8925277457003350  -0.5679659881374090
 238.3322600101482952 228.4716690433471963 223.6150728791695649  -0.4157659864910745
 239.6626272084288444 227.1318532143970226 223.8890831685881659   0.2718340135089254
 238.4248565907104221 229.9305376187344133 221.3228350787230981  -0.0875659864910746
 238.3039141181394754 231.9544343081640701 221.6875522225698956   0.0968340135089254
 240.9136259090847247 229.8795150131185376 219.8091644454521716   0.2984340135089255
 240.6244978105947622 231.0227993241408755 218.1178595555926587  -0.0297659864910745
 243.0395678097461062 231.1324034399083213 221.3360631616605563  -0.3192659864910745
 243.3986157751911397 230.0798259833141799 223.0746112048681113   0.0790340135089254
 244.7686672222840904 231.1947644023277249 220.2173452903791775   0.0790340135089254
 242.5047753138464165 233.0618138226419210 221.8217227780783007   0.0790340135089254
 241.8169150010990725 227.3038182925838720 218.9304417931787831  -0.3192659864910745
 240.3410388905065904 226.3003737154716761 217.9137691331291558   0.0790340135089254
 243.4590870114766400 227.5154676195830424 217.7058992583978192   0.0790340135089254
 242.3611561276684136 226.2814764541324540 220.6047391478330309   0.0790340135089254
 236.1326187902639553 229.3995245751025304 219.7619212921041566   0.5972340140577036
 235.0479159893931603 231.1229548092387236 218.6413136946888474  -0.5679659881374090
 235.5524728671501268 226.9693367668797978 219.3367329119718586  -0.4157659864910745
 236.4122982580842932 225.6238517595278602 220.4006487253695280   0.2718340135089254
 233.3471624688640229 226.2644689189271621 217.8155033741652649  -0.0237659864910746
 233.6173933060147632 227.0449258122366598 215.9371155970475411   0.0879340135089254
 233.1014980714542688 223.3618495772241166 217.6662150095854714   0.0341340135089254
 232.8407158649731261 222.6475330986018832 219.5823973093816129   0.0240340135089254
 231.4045240031929650 222.8818591392081362 216.5985197439199684   0.0240340135089254
 235.3502721708205542 221.9237679893100521 216.5021437110899808   0.0017340135089254
 237.1020482969655405 222.5454878873701585 217.3581896497563136   0.0439340135089254
 235.1046077734108000 219.9357760964249093 216.9859136013738219   0.0439340135089254
 235.7905783600242137 222.0673871754880816 213.1119750268352608  -0.2737659864910745
 237.8919538209446359 224.7583571901919299 212.8474133680862844  -0.0536659864910745
 238.3171422010769068 225.0909489897620738 210.8594214752011148   0.0683340135089254
 237.0075619902694832 226.4383237232479149 213.6410983443332134   0.0683340135089254
 239.6456196732235524 224.3634044282023822 213.8527476713323838   0.0683340135089254
 230.9075260299716928 227.4436580264940411 218.8491835694201842   0.5972340140577036
 229.4089732057721279 228.4036389025260287 217.3525204713545496  -0.5679659881374090
 230.5768239565354790 227.5022395366455842 221.3606296014015156  -0.4157659864910745
 231.9204192377534864 226.7085545603986552 222.4717885681472270   0.2718340135089254
 226.6707600377202377 227.7951470874033803 222.0012467608008174   0.0863340135089254
 228.1447464221788163 231.4876719530855212 221.8462892178192868   0.5972340140577036
 226.2266743962487445 232.2416726805201024 220.7445788817432000  -0.5679659881374090
 230.1062821491890695 233.0013425863564476 222.3527358217101836  -0.4157659864910745
 231.6445192222009821 232.2492315850557697 223.2238995694478779   0.2718340135089254
 229.9721115936806646 235.7414454805422413 221.9615625119884696  -0.0875659864910746
 228.2486813595444980 236.3915112706111676 222.8894180437438037   0.0968340135089254
 232.1906500749042266 237.1341736412422209 223.2541351875906279   0.2984340135089255
 232.2700185725289222 236.4935564818429192 225.2118914623330475  -0.0297659864910745
 234.7795748783763235 236.6522934770922833 222.0560488186845537  -0.3192659864910745
 236.2478920844331381 237.5461339384370336 223.1917742251712244   0.0790340135089254
 235.1442920222231478 234.6359556921983208 222.0012467608008174   0.0790340135089254
 234.8627228282688795 237.4119633829286287 220.1436459711562458   0.0790340135089254
 231.7635719686380255 239.9952190079989883 223.2900399841351153  -0.3192659864910745
 233.2224405440252155 240.9079567306829607 224.4219859383539522   0.0790340135089254
 231.8127048481199709 240.7662272706388615 221.3776371366068074   0.0790340135089254
 229.9305376187344133 240.4071793051938278 224.1252989353283224   0.0790340135089254
 229.6829834951907289 236.4274160671556549 219.1685472860528699   0.5972340140577036
 228.1485258744466499 238.0620291729975550 218.5524965663945542  -0.5679659881374090
 230.9906739798642220 235.1575201051605792 217.4111019815061196  -0.4157659864910745
 232.0791562330028774 233.6797542684341670 217.9383355728701421   0.2718340135089254
 230.8772904118289427 235.8661674053810486 214.7484778588110644  -0.0597659864910745
 230.9528794571858045 237.9524250572301092 214.6445429214453825   0.0868340135089254
 233.1997638304181598 234.8627228282688795 213.2933887356917078   0.1302340135089254
 234.8702817328045470 235.2538961379905668 214.4404524989819066   0.0186340135089254
 233.0750419055793524 232.0016774615120853 212.8209572022113948  -0.3204659864910745
 232.5402494096796625 231.0190198718730419 214.5406079840797276   0.0881340135089254
 231.6860931971472332 231.5764890813798144 211.3583091745563442   0.0881340135089254
 234.9213043384204227 231.3062582442290741 212.2351421006958026   0.0881340135089254
 233.4964508334438163 236.3064735945847080 210.7706043469068216  -0.0430659864910745
 233.4378693232922464 238.3303702840143650 211.1542187520928412   0.0235340135089254
 231.9260884161552504 235.8510495963096871 209.5158261939831075   0.0235340135089254
 235.9833304256841617 235.7471146589440052 209.3929939952782305  -0.0660659864910746
 237.5801490088476174 236.1099420766568994 210.6439926959341108   0.0185340135089254
 236.0324633051661341 233.7874686580676823 208.7599357404146228   0.0185340135089254
 236.1363982425317889 236.9716571937249961 207.7432630803649956   0.0185340135089254
 228.3885210934546670 235.0913796904733418 213.5900757387173377   0.5972340140577036
 227.3623998027354152 236.4935564818429192 211.9649112635450623  -0.5679659881374090
 227.2395676040305381 232.9767761466154615 214.3289586570805574  -0.4157659864910745
 228.0880546381611766 231.9090808809499583 215.6838922951020926   0.2718340135089254
 224.8963071979681955 232.0640384239314891 213.2064613335313181  -0.0237659864910746
 225.1438613215118798 232.1490760999579486 211.1617776566285355   0.0879340135089254
 224.4125373076843546 229.2918101854690148 213.9340058950910097   0.0341340135089254
 226.0622682225975893 228.1976587539286223 213.3670880549146395   0.0240340135089254
 224.1971085284173238 229.1198451072821923 215.9767998458598889   0.0240340135089254
 222.0900638890951375 228.1504156005805802 212.6111976013461279   0.0017340135089254
 221.7952666122034111 229.1217348334160957 210.8159577741209334   0.0439340135089254
 222.5190317214952421 226.1869901474363967 212.1633325076068012   0.0439340135089254
 219.1572089292493420 228.1560847789823442 214.4158860592409203  -0.2737659864910745
 216.9915827797755858 229.3352738865491965 212.0253824998305357  -0.0536659864910745
 217.3733074588276753 231.3289349578361300 211.6663345343855020   0.0683340135089254
 217.2277985465157423 228.2845861560889853 210.2679371952837854   0.0683340135089254
 215.0470545879706244 229.1463012731570818 212.6716688376316014   0.0683340135089254
 222.6399741940662158 233.7969172887372801 213.8319606838592582   0.5972340140577036
 221.1263035607952895 234.3335995107709269 212.1387660678658150  -0.5679659881374090
 222.4075378795938929 234.7644570693049618 216.1657724592520033  -0.3662059863813188
 223.6623160325176070 234.1219501837717297 217.5547211676841223   0.3114040134540477
 218.4863561517072900 236.1628544084066785 216.0826245093594739   0.2245840137833145
 220.9467795780727726 239.3867271928763401 216.0807347832255437   0.8098440138930701
 219.5823973093816129 239.9687628421240987 214.3365175616162247  -0.6015459862715633
 223.2881502580012118 240.3183621768995347 216.1279779365735856  -0.4157659864910745
 224.5996201949425387 239.4623162382332019 217.2334677249175062   0.2718340135089254
 223.9760105707485288 242.6446150477565585 214.7220216929361748  -0.0518659864910745
 222.7722550234406906 244.1545062287596512 215.4382278976923117   0.0921340135089254
 226.7784744273537531 243.2153123402008160 215.2832703547107809  -0.1102659864910745
 226.9391011487370478 243.4326308456017235 217.3279540316135635   0.0456340135089254
 227.9198690122421877 241.5844786866267498 214.7522573110788980   0.0456340135089254
 227.8953025725012016 245.5925878166737158 214.0077052143139414   0.3530340135089254
 226.4534415323193034 247.0552358443287664 213.8716449326716059  -0.0361659864910746
 230.0779362571802496 246.6073707505894396 215.6158621542809250  -0.4121659864910745
 230.8319369846148308 248.3270215324577723 214.7654853940163562   0.0999340135089254
 229.4051937535042943 247.0609050227305572 217.5036985620682466   0.0999340135089254
 231.5764890813798144 245.1995247808180984 215.7538121620571636   0.0999340135089254
 229.0159101699165105 245.0615747730418865 211.3866550665651641  -0.4121659864910745
 229.8662869301810794 246.7812255549102193 210.6383235175323468   0.0999340135089254
 230.4539917578305751 243.5913678408511148 211.5057078130022075   0.0999340135089254
 227.5570415945293205 244.4682007669905730 210.0695159512220464   0.0999340135089254
 223.3769673862955052 242.5482390149265979 211.8401893387062549   0.5972340140577036
 222.6834378951463972 244.4776493976602244 210.7365892764962378  -0.5679659881374090
 223.4204310873756866 240.3278108075691322 210.6137570777913607  -0.4157659864910745
 224.0912838649177386 238.7952429129589837 211.5453920618145285   0.2718340135089254
 222.4037584273260593 240.0349032568113361 208.0286117265870976  -0.0249659864910746
 223.1993331297068918 241.5636916991536241 206.9098938553057188   0.0842340135089254
 223.3146064238761014 237.5593620213744918 206.8154075486096348   0.2116340135089254
 223.3335036852153235 237.8182545017217042 204.7707238717068522   0.0351340135089254
 225.2402373543418406 237.1455119980457488 207.4220096375983795   0.0351340135089254
 221.7196775668465491 235.4806632740611255 207.3520897706432817  -0.6546659875886308
 221.6799933180342282 235.1612995574284130 209.1737857637433659   0.4274340135089254
 219.4916904549534162 240.2805676542210902 207.8301904825253586   0.5972340140577036
 218.5449376618588600 241.5334560810108741 206.1086499745230955  -0.5679659881374090
 218.0498294147714912 239.2166518408234210 209.6103125006791917  -0.4157659864910745
 218.9568979590536995 238.4135182339068943 211.0956372419412713   0.2718340135089254
 215.3324032341927265 239.6947525527054979 209.9315659434457809  -0.0581659864910746
 214.3686429058928784 239.2204312930912815 208.1854589957025585   0.1359340135089254
 214.2741565991968211 237.8938435470785660 211.9535729067415344  -0.0074659864910746
 215.6933409257716903 237.4308606442678508 213.3595291503789452   0.0366340135089255
 212.7151325387117830 238.8330374356374280 212.9211126873092161   0.0366340135089255
 213.2404764039419018 235.4863324524628894 210.8405242138619195   0.1867340135089255
 212.9400099486484382 235.0876002382055081 208.2572685887915598  -0.5432659864910745
 210.9293413421562128 233.5909371401398736 208.0380603572566952   0.1634340135089254
 209.7936159356695421 233.5040097379794838 206.3562040980667801   0.1434340135089255
 210.1507741749806453 232.7764651764198190 210.2962830872926051  -0.2795659864910745
 208.3838802397642975 232.0186849967173773 210.5627344721754850   0.3338340135089254
 211.5586201447519867 233.9972282589329224 212.0934126406517032  -0.2207659864910745
 211.0502838147271863 234.1880905984589940 214.0398305585905949   0.1861340135089254
 214.7333600497397027 242.4688705173019023 210.5041529620239419   0.5972340140577036
 212.9872531019964535 243.5233377000299470 209.3797659123407991  -0.5679659881374090
 216.1978978035286568 243.7312075747613106 212.1312071633301209  -0.4157659864910745
 217.6019643210321643 242.7901239600685452 213.0382757076123292   0.2718340135089254
 215.7103484609769821 246.4070597803937972 212.7321400739170748  -0.0389659864910746
 213.7374743771632010 246.5563481449735907 213.3103962708969998   0.1006340135089254
 217.2712622475959237 247.3878276438989372 214.9846936255512208   0.3653340135089254
 216.4303341180009795 249.1603907575170491 215.6177518804148283   0.0042340135089254
 217.2996081396047436 245.5321165803882692 217.2013423806408527  -0.2438659864910745
 218.4032082018147608 246.3069042952959760 218.7452486320545025   0.0641340135089254
 215.3834258398086022 245.1541713536039866 217.8400698139062241   0.0641340135089254
 218.1707718873424379 243.7652226451718943 216.6552115279376081   0.0641340135089254
 219.8223925283896298 247.8489208205757223 214.4026579763034620  -0.6761659848447401
 219.9319966441570488 249.3739298106501498 213.4162209343965850   0.4101340135089254
 216.0316019037435982 248.0737982305123508 210.3888796678547321   0.5972340140577036
 214.4045477024373924 249.6668373614079460 209.8710947071603074  -0.5679659881374090
 217.9780198216824899 247.5201084732734119 208.8222967028340266  -0.4157659864910745
 219.2139007132669816 246.1784029181893082 209.3041768669839371   0.2718340135089254
 218.4050979279486909 248.9714181441249347 206.5565150682624492  -0.0875659864910746
 218.3332883348596896 250.9612997631440078 206.9741445438590258   0.0968340135089254
 221.0809501335811777 248.4347359220913147 205.5152759684718358   0.2984340135089255
 221.4003138502138634 246.3976111497241995 205.4888198025969194  -0.0297659864910745
 221.5174768705169765 249.4495188560069848 202.8337545844375582  -0.3192659864910745
 221.0790604074472474 251.4620771886331676 202.7543860868128897   0.0790340135089254
 223.4827920497950904 249.1603907575170491 202.2895134578682440   0.0790340135089254
 220.3307288584144301 248.4422948266269821 201.4844901248177871   0.0790340135089254
 223.0727214787341810 249.6781757182114738 207.2216986674027104  -0.3192659864910745
 222.8610721517350106 249.0413380110800326 209.1662268592076984   0.0790340135089254
 224.9586681603875992 249.1622804836509795 206.5754123296016445   0.0790340135089254
 222.8743002346724420 251.7304182996499776 207.1706760617868347   0.0790340135089254
 216.4038779521260899 248.4857585277071635 204.6100971503235577   0.5972340140577036
 215.5138169430491735 250.2658805458609966 203.4139005075513867  -0.5679659881374090
 215.6517669508254122 246.0839166114932777 204.2151443883340100  -0.4157659864910745
 216.4019882259921598 244.6363863929095619 205.2091403347765813   0.2718340135089254
 213.8055045179843686 245.5132193190490202 202.2970723624039382  -0.0597659864910745
 214.2477004333219315 246.3617063531796855 200.4734866431699237   0.0868340135089254
 213.3425216151736534 242.7069760101759891 201.9569216582981000   0.1302340135089254
 215.0980771935865001 241.7942382874920167 201.3843346397199658   0.0186340135089254
 212.4127763572843891 241.5391252594126380 204.4570293334759304  -0.3204659864910745
 210.6572207788715421 242.4499732559627070 205.0296163520540646   0.0881340135089254
 212.0858537361160090 239.5227874745186753 204.1943574008608843   0.0881340135089254
 213.8376298622610223 241.8169150010990725 205.9177876349970508   0.0881340135089254
 211.5907454890286402 242.2175369414903573 199.6816913930569251  -0.0430659864910745
 211.1031961464769655 240.2163169656677831 199.6986989282622169   0.0235340135089254
 211.3583091745563442 246.7831152810441496 202.9509176047406983   0.5972340140577036
 210.5929700903182351 246.7094159618211911 205.3848848652312645  -0.4157659864910745
 211.6304297378409880 245.8004576914050792 206.7058034328422158   0.2718340135089254
 208.2969528376039076 247.9245098659325574 206.1653417585407353  -0.0518659864910745
 206.7530465861902579 247.1723988646319063 205.0296163520540646   0.0921340135089254
 207.6638945827403000 247.5276673778090794 208.9734747935477236  -0.1102659864910745
 207.3747664842503375 245.4905426054419642 209.0547330173063224   0.0456340135089254
 209.2229186432253114 248.0492317907713647 210.2150248635339794   0.0456340135089254
 205.2374862267854012 248.8882701942323787 209.8389693628836539   0.3530340135089254
 205.4283485663114460 250.8894901700549797 209.3929939952782305  -0.0361659864910746
 202.8696593809820724 247.8300235592364733 208.5369480566118977  -0.4121659864910745
 202.6769073153220974 245.8288035834138723 208.9829234242173211   0.0999340135089254
 205.0163882691166064 248.8807112896967112 212.7340298000510051  -0.4121659864910745
 206.6415527442888819 249.8463613441304628 213.5503914899049899   0.0999340135089254
 203.2891785827125794 249.8520305225322536 213.2933887356917078   0.0999340135089254
 204.9615862112328969 246.9380728240256802 213.4143312082626547   0.0999340135089254
 208.5766323054242455 250.7024072827967954 205.7231458432031724   0.5972340140577036
 210.8367447615940590 251.7776614529980194 206.1880184721477911  -0.4157659864910745
 212.3352975857936236 250.7609887929483653 206.7946205611365092   0.2718340135089254
 215.2001224048182517 254.3590273519344221 205.4264588401775156   0.0186340135089254
 214.4234449637766145 255.0752335566905590 209.2512645352341311  -0.0430659864910745
 213.2801606527542496 256.4131596595068023 210.3227392531674947   0.0235340135089254
 213.8924319201447316 253.1533820784926536 209.7671597697946525   0.0235340135089254
 217.2221293681139783 255.4966424845550231 209.8559768980889457  -0.0660659864910746
 217.7550321378797646 257.4184939627529285 209.3419713896623548   0.0185340135089254
 217.5396033586127606 255.2131835644668246 211.8704249568490049   0.0185340135089254
 218.3654136791363431 254.1587163817387796 208.7863919062895124   0.0185340135089254
 226.3003737154716761 227.3435025413962198 232.6460740731792477  -0.8340659864910746
 225.3517311962432166 227.3435025413962198 231.0700424774889176   0.4169340135089254
 225.0153599444052120 227.8008162658051443 233.8630577034245175   0.4169340135089254
 242.7296527237830449 204.8463129170637142 236.1004934459872750  -0.8340659864910746
 242.6729609397654052 206.1048705222552619 234.6926474762159605   0.4169340135089254
 241.0062224896468516 204.6762375650107951 236.8620530779575502   0.4169340135089254
 233.8838446908976697 196.7809617774878098 242.2798979039097879  -0.8340659864910746
 234.3619454027797468 197.6086618241452959 243.9107315574838273   0.4169340135089254
 232.0942740420742391 197.2099296098879146 241.8547095237774901   0.4169340135089254
 207.6846815702134256 238.4437538520496443 208.8676501300481384  -0.8340659864910746
 207.4352377205358109 239.6645169345627745 210.2887241827569109   0.4169340135089254
 206.4525801308967675 237.0207900732069414 209.0358357559671271   0.4169340135089254
 209.1435501456006426 235.2916906606689843 233.4888919289081222  -0.8340659864910746
 209.2663823443055197 237.0793715833584846 233.7629022183266962   0.4169340135089254
 210.7743837991746821 234.8287077578582957 232.8369364127052924   0.4169340135089254
 208.0871932367386407 239.9309683194456544 221.7026700316412573  -0.8340659864910746
 207.9360151460249438 238.8254785311017338 220.1776610415668297   0.4169340135089254
 209.8635358026246400 239.8818354399637088 222.3432871910405859   0.4169340135089254
 217.3166156748100355 232.3115925474751735 206.7039137067082857  -0.8340659864910746
 215.8275114812800952 233.2961398632481472 207.1612274311172369   0.4169340135089254
 218.6129678026800277 233.6060549492112353 206.6415527442888819   0.4169340135089254
 205.5303937775431975 213.0930777654960387 216.9537882570971683  -0.8340659864910746
 206.5999787693426308 213.7790483521094521 215.5572806441293549   0.4169340135089254
 206.2465999822993611 213.6316497136636158 218.6186369810817916   0.4169340135089254
 229.9758910459484982 223.3694084817598109 229.6187328066373948  -0.8340659864910746
 230.7922527358024832 224.6260763608174551 230.6713102632315363   0.4169340135089254
 231.0209095980069722 223.3769673862955052 228.1182902563039267   0.4169340135089254
 234.2183262166017172 211.1825646441016611 234.6945372023498639  -0.8340659864910746
 233.0769316317132825 210.1148693784361582 235.6734153397210737   0.4169340135089254
 235.5373550580787651 209.9920371797312811 234.2391132040748428   0.4169340135089254
 237.1285044628404570 220.0472699383262584 237.9297483436230534  -0.8340659864910746
 238.4834381008619921 219.4085425050608600 239.0805915591811124   0.4169340135089254
 237.8636079289358160 221.3039378173838760 236.7278825224491453   0.4169340135089254
 247.4539680585861746 235.2236605198478165 226.6632011331845435  -0.8340659864910746
 245.6379412438878275 234.7342214511622117 226.8351662113713929   0.4169340135089254
 248.2155276905564232 234.3109227971638710 225.1929942009938254   0.4169340135089254
 235.3257057310795681 205.7855068056225762 229.3673992308258768  -0.8340659864910746
 234.5301310286987356 204.8368642863940896 230.7941424619364133   0.4169340135089254
 236.9168551358412597 206.6075376738782981 229.9664424152789004   0.4169340135089254
 243.1605102823171067 231.8202637526556652 231.6445192222009821  -0.8340659864910746
 243.1983048049954974 230.4275355919556855 232.9219740887317520   0.4169340135089254
 243.6631774339401429 233.4454282278279406 232.4684398165906343   0.4169340135089254
 230.3103725716525724 192.7917499087800392 225.5633805232423868  -0.8340659864910746
 231.5708199029780505 193.9236958629988761 224.7281215720492067   0.4169340135089254
 230.2328938001618072 193.1885923969034902 227.4096429560834572   0.4169340135089254
$end
