$point_charges
 775.0787327323371353 806.7278660232502436 792.1127241035033186  -0.4121584802197980
 776.0141471686281635 804.9496337312303945 791.6705281881657825   0.0999415197802020
 775.5643923487549065 808.1224839100841267 790.6746425155892004   0.0999415197802020
 775.7854903064237281 807.3647037303816849 793.9344200966034028   0.0999415197802020
 773.1323148143982973 807.0642372750882214 798.6473970746029509  -0.5679584818661324
 776.1936711513507340 811.3784820388304685 799.0499087411282195   0.0212415197802020
 777.5561636939078561 809.9328415463807367 798.5170059713624601   0.1123415197802020
 777.3369554623730183 813.9881938297757715 798.4924395316214202  -0.1231584802197980
 777.9492267297635271 814.0637828751325528 796.5214551739415426   0.1111415197802020
 780.0165871202733655 814.6382596198446711 800.5333437562564495  -0.3119584802197979
 781.5982878943654327 812.9034910289049497 799.5809217847601025   0.1932415197802020
 775.5832896100941018 810.9457347541625303 801.8599315022691649   0.5972415203289801
 776.7586992653931471 809.3526956232668814 803.0731356802466009  -0.5679584818661324
 772.5635072480879164 803.4359630979594950 804.9307364698911992   0.5972415203289801
 772.6882291729267774 801.8674904068047787 806.6409386210898806  -0.5679584818661324
 774.4702409172144869 803.8290261338150587 803.3206898037902315  -0.4157584802197979
 774.2926066606259004 805.1877392241044277 801.9789842487061814   0.2718415197802020
 776.8701931072944424 802.4476363299186340 803.4983240603788181  -0.0518584802197980
 776.4733506191710182 800.4294088188907678 803.5758028318695834   0.0921415197802020
 778.5123651176720636 803.0051055394254333 801.1588431065843092  -0.1102584802197980
 778.7107863617338294 805.0497892163282158 800.9925472067993042   0.0456415197802020
 780.3945323470575944 802.2170897415802146 801.4649787402796172   0.0456415197802020
 777.4711260178814771 801.9563075350991255 798.6511765268708114   0.3530415197802020
 775.5171491954069181 802.5553507195521761 798.4017326771931967  -0.0361584802197980
 779.0169219954290301 802.9748699212826563 796.4345277717811795  -0.4121584802197980
 778.3139438736102977 802.1963027541071427 794.6638543842969442   0.0999415197802020
 778.8638541785813762 805.0252227765871760 796.3740565354957329   0.0999415197802020
 780.9992447099123821 802.4476363299186340 796.6594051817178618   0.0999415197802020
 777.5675020507114377 799.0688060024674149 798.5283443281659344  -0.4121584802197980
 776.8305088584821753 798.4206299385323920 796.7198764180033082   0.0999415197802020
 779.5195891470521201 798.4319682953359738 798.7097580370223813   0.0999415197802020
 776.4393355487604881 798.2429956819438055 800.0344560569012201   0.0999415197802020
 778.2837082554676282 803.0636870495770033 805.9587474867443275   0.5972415203289801
 779.1416439202677838 801.3308081847711586 807.2513201623464054  -0.5679584818661324
 778.3536281224226726 805.4693084180586959 806.7278660232502436  -0.4157584802197979
 777.7432465811661477 806.8393598651516464 805.5316693804781265   0.2718415197802020
 779.4931329811772037 806.2289783238950142 809.1297079394641831   0.0212415197802020
 781.4792351479284161 805.6639502098526011 809.1164798565267249   0.1123415197802020
 779.3627418779366056 809.1127004042588644 809.4188360379541724  -0.1231584802197980
 777.3993164247924489 809.7344203023189708 809.3205702789902278   0.1111415197802020
 780.1526474019157008 809.6361545433550262 811.2518703878577310   0.1111415197802020
 781.1844378710366897 810.6414888466012061 806.9451845286512048  -0.3119584802197979
 780.9501118304305172 813.0244335014758428 807.7445386832998977   0.1932415197802020
 778.2440240066552535 804.8967213994805617 811.3898203956340502   0.5972415203289801
 779.5668323004001085 803.7628857191278750 812.9261677425120057  -0.5679584818661324
 775.7155704394685764 804.9250672914893547 811.6052491749010274  -0.4157584802197979
 774.6724416135441134 805.8378050141733271 810.2767717027543280   0.2718415197802020
 774.4400052990717100 803.6476124249586117 813.7179629926249775  -0.0518584802197980
 775.4075450796393917 804.2447658832777857 815.4376137744933640   0.0921415197802020
 774.7442512066330341 800.7601108923270084 813.6007999723218376   0.5972415203289801
 774.9445621768287839 799.5544656188851860 815.5755637822695759  -0.5679584818661324
 774.8689731314718953 799.6395032949116726 811.3387977900180938  -0.4157584802197979
 774.6686621612762528 800.6977499299075778 809.7533175636581662   0.2718415197802020
 775.4056553535055153 796.9466435540738671 811.0440005131263674   0.0336415197802020
 774.0185963712073532 795.8770585622744875 812.1324827662650498   0.0822415197802020
 775.1259758856851235 796.2172092663802184 808.2547647394586013  -0.1825584802197980
 775.4226628887108340 794.1895331246827546 808.0412256863255008   0.0602415197802020
 773.2362497517638716 796.6971997043962525 807.5895811403183672   0.0602415197802020
 776.5205937725190067 797.2130949389568005 807.1114804284363171   0.0602415197802020
 778.0304849535221530 796.2701215981300512 812.0927985174526750   0.5972415203289801
 778.2912671600032420 794.3652776551374645 813.4042684543940558  -0.5679584818661324
 779.9315494442468791 797.8839477164987720 811.6827279463917927  -0.4157584802197979
 779.6499802502926109 799.3825005406983368 810.5186566478963291   0.2718415197802020
 782.4127598580855679 797.5683634521339735 812.8505786971551169  -0.0024584802197980
 783.0269208516099532 795.6332838909986099 812.5028690885136649   0.0977415197802020
 784.3119346226764175 799.3465957441538226 811.5598957476869156  -0.0343584802197980
 784.4309873691134339 798.8590464016021748 809.5624552241321214   0.0294415197802020
 783.6032873224559481 801.2760061268874491 811.6808382202579162   0.0294415197802020
 786.9518820317643900 799.2521094374578460 812.6823930712361281   0.0117415197802020
 788.2614622425717867 796.9353051972703929 812.8524684232889935  -0.1256584802197980
 787.4299827436464400 795.2458900335447833 812.1305930401311732   0.1329415197802020
 790.6273993622412120 796.8219216292351135 814.0637828751325528  -0.1704584802197980
 791.5760418814696986 795.0531379678847546 814.2622041191943187   0.1429415197802020
 791.7007638063084521 799.0347909320568848 815.0766760829143465  -0.1072584802197980
 793.4657680153909505 798.9554224344321356 816.0461055896160122   0.1296415197802020
 790.4403164749830279 801.3629335290478122 814.8404603161741900  -0.1704584802197980
 791.2585678909709162 803.0410103359699474 815.6076891265462294   0.1429415197802020
 788.0630409985100209 801.4687581925474779 813.6574917563395309  -0.1256584802197980
 787.0841628611388647 803.2299829493620081 813.5403287360363910   0.1329415197802020
 782.3560680740678746 797.9104038823736884 815.7418596820546882   0.5972415203289801
 783.5579338952418363 796.4534250331203749 817.0967933200761965  -0.5679584818661324
 780.8329488101273773 799.6697389130543421 816.7434145330329001  -0.4157584802197979
 779.9485569794521978 800.8810533648979014 815.5491076163946594   0.2718415197802020
 780.4115398822629132 799.9040649536606220 819.5005249624240126  -0.0875584802197980
 782.2426845060325951 800.1799649692131531 820.4038140544383872   0.0968415197802020
 778.7296836230730248 802.1963027541071427 820.1694880138321074   0.2984415197802021
 776.9117670822408011 802.0129993191167116 819.2265146730054655  -0.0297584802197980
 778.2421342805212696 802.4117315333741198 823.0229744760531806  -0.3192584802197979
 780.0317049293447004 802.4703130435256898 824.0434265883706951   0.0790415197802020
 779.9315494442468791 804.7039693338206405 819.3569057762459561  -0.3192584802197979
 778.6408664947786779 806.2611036681716677 819.7386304552980456   0.0790415197802020
 781.6908844749276402 805.0044357891141040 820.3905859715009291   0.0790415197802020
 780.3605172766470643 804.6888515247491983 817.3519063481555483   0.0790415197802020
 779.2984911893832985 797.4644285147682918 820.6116839291697507   0.5972415203289801
 780.1224117837729239 796.6253901113072243 822.6166833572601587  -0.5679584818661324
 777.5051410882920072 796.2531140629247324 819.3021037183622468  -0.4157584802197979
 776.8758622856962870 797.0581373959752700 817.6807186954578049   0.2718415197802020
 776.4676814407692811 793.7813522797557487 820.0693325287342862  -0.0875584802197980
 775.8761971608519516 793.9060742045946097 822.0384271602802874   0.0968415197802020
 774.1244210347069116 793.0840433363388610 818.4762933978387447   0.2984415197802021
 774.5855142113836430 793.2276625225168100 816.4769631481499665  -0.0297584802197980
 774.5571683193748500 789.0097937916046308 818.3647995559373419   0.0790415197802020
 778.4745705949936729 791.6969843540405916 819.9521695084311463   0.5972415203289801
 778.6219692334394826 790.1568575548947757 821.6850483732369909  -0.5679584818661324
 780.0657199997553379 791.6743076404335356 817.9925235075548500  -0.4157584802197979
 779.8313939591490579 792.9612111376339837 816.5941261684531066   0.2718415197802020
 782.1463084732026345 789.8715089086727542 817.7676460976182753   0.0336415197802020
 781.3771899366967185 787.9685546918140441 817.9471700803407383   0.0822415197802020
 783.3009311410285005 790.1266219367521060 815.1239192362624422  -0.1825584802197980
 784.5311428542112552 788.5165752706511385 814.7762096276208829   0.0602415197802020
 781.8137166736325173 790.1247322106181220 813.6971760051517982   0.0602415197802020
 784.3894133941671828 791.8708391583614250 814.9803000500843859   0.0602415197802020
 784.1324106399538470 790.1889828991714292 819.8803599153422255   0.5972415203289801
 785.1755394658784175 788.3181540265894800 820.7666414721512814  -0.5679584818661324
 784.5764962814253669 792.5001179609571452 820.8082154470975325  -0.4157584802197979
 783.8054880187854671 794.0118988680941681 819.9162647118866321   0.2718415197802020
 786.1298511635086411 792.9064090797502745 823.0702176294012763  -0.0518584802197980
 787.8324944101717088 791.7574555903261456 822.9190395386876062   0.0921415197802020
 786.7704683229079430 795.7372188283642916 823.3442279188198235  -0.1102584802197980
 785.0073538399594288 796.7973551894940737 823.4292655948463098   0.0456415197802020
 787.7323389250738876 796.0093393916489623 825.1489163767145890   0.0456415197802020
 788.4201992378211777 796.8842825916544365 821.2466319101672080   0.3530415197802020
 787.5792711082262337 796.5686983272896383 819.4060386557279285  -0.0361584802197980
 788.6866506227041113 799.7320998754737725 821.6718202902995327  -0.4121584802197980
 789.8488321950656983 800.5579101959973821 820.1883852751713028   0.0999415197802020
 786.8271601069255289 800.6146019800149681 821.6075696017462257   0.0999415197802020
 789.5540349181739719 800.1043759238562645 823.5048546402030911   0.0999415197802020
 791.0450288378378155 795.7050934840876381 821.2579702669707897  -0.4121584802197980
 792.2412254806099328 796.6669640862534754 819.8879188198778390   0.0999415197802020
 791.8651699799595804 795.8827277406762246 823.1382477702224438   0.0999415197802020
 790.9089685561954802 793.7189913173363183 820.7364058540085043   0.0999415197802020
 784.8221606788351211 791.9804432741288439 825.4777287240169529   0.5972415203289801
 785.9843422511967083 790.6576349803839891 826.9951788095557129  -0.5679584818661324
 782.4033112274158628 792.6210604335281456 825.8140999758549304  -0.4157584802197979
 781.5775009068923608 793.7341091264077605 824.4894019559760917   0.2718415197802020
 780.9104275816181426 791.8935158719684808 828.0326384570784389  -0.0518584802197980
 780.8499563453326960 787.5830505604940941 826.2222808207819363  -0.4157584802197979
 781.1031796472780638 788.4768910218388712 824.5498731922616457   0.2718415197802020
 781.0275906019212825 783.8810770641423556 823.4897368311317564  -0.0074584802197980
 779.3079398200528961 784.4366565475151710 822.4976306108231421   0.0366415197802020
 782.6206297328168240 784.7881456084244836 822.5599915732424652   0.0366415197802020
 783.7336784256964387 779.8540706727561139 823.1552553054277627  -0.5432584802197979
 785.2605771419047966 784.9468826036738748 827.8814603663647689  -0.4157584802197979
 785.3739607099400759 786.6211799583281495 826.9630534652790593   0.2718415197802020
 787.5754916559583730 783.9037537777494116 828.9812809763069255  -0.0518584802197980
 789.8507219211995748 785.5856100369392999 828.3217665555684283  -0.1102584802197980
 789.5181301216294578 787.4847848015301495 829.0512008432619697   0.0456415197802020
 791.5099014667824073 784.8240504049689976 829.2798577054665125   0.0456415197802020
 790.4289781181794461 785.7500162105904282 825.4739492717490922   0.3530415197802020
 788.8397184395516578 786.6060621492568147 824.4818430514404781  -0.0361584802197980
 792.7514515367686364 787.4148649345751054 825.0884451404291423  -0.4121584802197980
 793.2219933441150729 787.4469902788517589 823.0872251646065950   0.0999415197802020
 792.3054761691632398 789.3234883298355525 825.7177239430249698   0.0999415197802020
 794.3463803937982691 786.6740922900779824 826.1599198583625059   0.0999415197802020
 791.0034548628915644 783.1762092161897468 824.2834218073787123  -0.4121584802197980
 791.6119466780142126 783.4218736135995009 822.3332244371720138   0.0999415197802020
 792.4679926166804915 782.2030002572202205 825.3548965253120759   0.0999415197802020
 789.2894732594249150 782.0310351790334784 824.2475170108341981   0.0999415197802020
 790.9429836266060104 769.0202707469855691 823.3839121676321981  -0.5579584818661324
 792.6531857778047991 769.5701810519566474 823.1287991395528463   0.3991415197802020
 791.7404480551208267 773.9297792429130064 823.4122580596409910   0.1655415197802020
 823.1665936622312369 791.3209288533903466 818.7824290315339454  -0.0425584802197980
 825.1659239119199076 800.8640458296925828 812.7749896517982280  -0.0024584802197980
 826.2789726047995225 801.9978815100453768 811.4616299887229711   0.0977415197802020
 825.2925355628926453 798.1144943048371914 811.8717005597839608  -0.0343584802197980
 824.1435820734685164 796.9353051972703929 813.1132506297701898   0.0294415197802020
 824.4705046946368964 797.9992210106680354 809.9838641519965855   0.0294415197802020
 827.9513802333198132 797.0619168482430231 811.7696553485521557   0.0117415197802020
 828.8244337071915183 798.6133820041924207 808.0998071964770708   0.1329415197802020
 822.4409388268054486 801.8334753363942485 812.6143629304149604   0.5972415203289801
 821.7833141322009355 803.1430555472016452 810.8040052941184578  -0.5679584818661324
 820.8478996959099072 801.3062417450302262 814.5116479688719334  -0.4157584802197979
 821.4960757598448227 800.2196492180255277 815.9497295567859442   0.2718415197802020
 818.1248043369293248 801.9071746556171533 814.4398383757829052  -0.0024584802197980
 817.3254501822806319 800.9830985761297067 812.7806588302000727   0.0977415197802020
 816.8114446738540676 800.8149129502107179 816.7887679602470118  -0.0343584802197980
 817.7355207533415142 801.5443472379042592 818.4819625762404818   0.0294415197802020
 814.8593575775133853 801.4782068232170754 816.8284522090593865   0.0294415197802020
 816.7490837114346372 797.9481984050520790 816.8775850885413589   0.0117415197802020
 815.1806110202800282 796.5989339454323078 815.2070671861549446  -0.1256584802197980
 814.0392164353916204 797.6080477009463482 813.8653616310707870   0.1329415197802020
 815.1012425226553862 793.9438687272730005 815.2618692440386541  -0.1704584802197980
 813.9371712241598152 792.9253063410894698 813.9296123196242016   0.1429415197802020
 816.5355446583015365 792.6210604335281456 817.0571090712638219  -0.1072584802197980
 816.4750734220160900 790.5801562088932236 817.1459261995581689   0.1296415197802020
 818.0378769347689620 793.9665454408800563 818.7767598531322083  -0.1704584802197980
 819.0375420596132972 792.9536522330982627 820.2242900717158168   0.1429415197802020
 818.1928344777504925 796.6140517545037500 818.6614865589629448  -0.1256584802197980
 819.3682441330495378 797.6156066054819619 819.9880743049756603   0.1329415197802020
 817.5182022479406606 804.7417638564990311 814.1488205511590392   0.5972415203289801
 815.3695836336721963 805.4220652647107075 813.5762335325809052  -0.5679584818661324
 819.3909208466565936 806.4085023066175847 814.4549561848542399  -0.4157584802197979
 821.1162408069267173 805.7036344586649757 814.8631370297812458   0.2718415197802020
 819.1471461753807161 809.1504949269373624 814.1393719204894416  -0.0581584802197980
 817.2933248380039783 809.7098538625780384 814.7818788060226201   0.1359415197802020
 819.2832064570230515 810.0348867576124344 811.3671436820269943   0.5972415203289801
 818.1607091334738390 811.9624074142121845 810.6887319999491945  -0.5679584818661324
 820.5323154315450014 808.6251510617072166 809.6777285183013849  -0.4157584802197979
 821.3562360259346270 806.9886482297314401 810.2578744414151327   0.2718415197802020
 820.6230222859732251 809.2582093165707972 806.9603023377225396  -0.0581584802197980
 821.1464764250693869 811.2348628526524121 806.7278660232502436   0.1359415197802020
 822.6355806185993540 807.6424934720682000 805.6318248655759476  -0.0074584802197980
 822.1007881226996104 805.6563913053168800 805.7848926824236017   0.0366415197802020
 822.6525881538046727 808.1300428146198478 803.6306048897532929   0.0366415197802020
 825.3019841935622428 807.9146140353527631 806.6125927290810877   0.1867415197802020
 827.2143870410905507 806.1533892785382329 806.1892940750827469  -0.5432584802197979
 818.0567741961081573 808.9104997079293454 805.6431632223794218   0.5972415203289801
 817.4331645719141742 810.3126764992988422 803.8932768223683658  -0.5679584818661324
 816.5260960276319389 807.0963626193648749 806.5067680655815293  -0.4157584802197979
 817.1534851040937825 806.0003214616905788 807.9391804750938031   0.2718415197802020
 814.0751212319361346 806.4992091610458082 805.3653734806930142  -0.0252584802197980
 814.3510212474885582 805.9001659765927576 803.4113966582184552   0.0697415197802020
 813.1926191273948317 804.9496337312303945 806.3990536759479870   0.0697415197802020
 812.2817711308448433 808.7649907956174125 805.3823810158983328   0.5972415203289801
 811.7545375394808208 809.8912675714344854 803.4208452888880528  -0.5679584818661324
 811.4162765615088593 809.5530065934625238 807.6122578539254229  -0.4157584802197979
 811.9756354971495351 808.6572764059838701 809.2015175325532113   0.2718415197802020
 809.5775730332035636 811.6165875317045016 807.8295763593263841  -0.0275584802197980
 807.9675263671025960 811.1687224379652284 806.6258208120185459   0.1122415197802020
 808.5986948958323002 811.7507580872129604 810.5375539092355244  -0.0050584802197980
 807.3382475645068758 813.3721431101174023 810.7000703567527761   0.0338415197802020
 807.4554105848099084 810.0707915541569485 810.8833737917430997   0.0338415197802020
 810.5470025399051220 811.9170539869980727 812.5822375861383068  -0.1415584802197980
 811.4332840967141779 809.9290620941128760 813.8993767014814245  -0.1638584802197980
 810.9060505053501555 808.0053208897809866 813.6253664120628774   0.2061415197802020
 813.0319924060115638 810.7000703567527761 815.7739850263313417  -0.3418584802197979
 813.8332362867941335 809.4849764526413561 817.0174248224514472   0.3411415197802020
 810.5772381580478991 814.1885047999714138 806.9414050763833443   0.5972415203289801
 809.0862442383839480 815.7229624207153854 806.0343365321012163  -0.5679584818661324
 813.0565588457524965 814.6703849641213246 807.0755756318918029  -0.4157584802197979
 814.2111815135784698 813.3532458487782069 807.8352455377281212   0.2718415197802020
 818.2533057140359392 814.1544897295607763 807.7880023843801330   0.4101415197802020
 813.8407951913298546 817.0325426315228894 803.1014815722553939   0.5972415203289801
 814.5815678358269775 815.0388815602359558 801.7408787558320410  -0.4157584802197979
 815.4281651438236589 813.5724540803130446 802.6479473001142763   0.2718415197802020
 814.2319685010515418 814.8990418263257600 798.9724299696374543  -0.0389584802197980
 815.0502199170394301 816.5903467161852460 798.1352812923103707   0.1006415197802020
 815.5944610436087712 812.6181423826828210 797.8083586711419907   0.3653415197802020
 815.1957288293513630 812.6011348474775022 795.7863517078462640   0.0042415197802020
 818.4592858626334259 812.7371951291198374 798.1409504707121078  -0.2438584802197979
 819.3096626228979679 811.0307724301889092 797.3548243990008730   0.0641415197802020
 819.1962790548626884 814.3736979610956142 797.1337264413320512   0.0641415197802020
 818.9676221926582531 812.8902629459674915 800.1289423635973042   0.0641415197802020
 814.7365253788085083 810.3221251299684397 798.8193621527898001  -0.6761584785734636
 815.2637589701725306 810.2106312880671443 800.5692485528008563   0.4101415197802020
 811.4389532751159151 814.8763651127187040 798.1976422547296937   0.5972415203289801
 810.7416443316990274 816.1859453235261007 796.4024024275045260  -0.5679584818661324
 809.8024504431401385 813.5819027109826423 799.6262752119742144  -0.4157584802197979
 810.5129874694944845 812.4121622340854414 800.9717602193261249   0.2718415197802020
 807.0566783705526075 813.6215869597950169 799.2086457363776107  -0.0237584802197980
 806.6655050608309205 812.9904184310653127 797.2867942581797053   0.0879415197802020
 805.6771782927900593 811.7866628837574743 800.9849883022635831   0.0341415197802020
 806.2270885977611378 812.1778361934791616 802.9276267679346681   0.0240415197802020
 803.6476124249586117 812.1135855049258543 800.8338102115499132   0.0240415197802020
 806.1855146228148865 808.9917579316879712 800.3935040223462538   0.0017415197802020
 808.1716167895660989 808.5930257174305630 800.7525519877912873   0.0439415197802020
 805.0800248344708853 807.8654811558708982 801.7144225899572319   0.0439415197802020
 805.4863159532640146 807.8994962262814284 797.2093154866889400  -0.2737584802197979
 802.1698465882322262 808.6686147627873443 796.8767236871188229  -0.0536584802197980
 801.4857657277526892 807.9561880102991218 795.0682557769561968   0.0683415197802020
 801.1002615964327392 807.7936715627818701 798.3998429510593201   0.0683415197802020
 801.9128438340188904 810.7132984396902343 796.9315257450025323   0.0683415197802020
 805.9322913208694111 816.2747624518204476 799.4732073951265603   0.5972415203289801
 804.4318487705359698 817.0665577019334196 797.8801682642310188  -0.5679584818661324
 806.7203071187146300 817.7109543136005818 801.4026177778601868  -0.4157584802197979
 807.9202832137546078 816.9475049554964030 802.6933007273283880   0.2718415197802020
 805.9511885822086064 820.3452325442868173 801.7276506728945828  -0.0518584802197980
 803.8913870962344893 820.4019243283044033 801.7711143739748181   0.0921415197802020
 810.2503155368795191 820.3149969261440402 799.3617135532252648   0.2718415197802020
 813.0508896673507594 820.2772024034656496 795.5142311445615934  -0.0297584802197980
 808.3530304984225461 822.4598360881446439 793.9514276318087216   0.5972415203289801
 807.7407592310320372 820.0693325287342862 793.3996276007036592  -0.4157584802197979
 808.4531859835203672 818.6690454634986659 794.5070071151815370   0.2718415197802020
 806.0570132457082723 819.3606852285138167 791.2869137829797090  -0.0875584802197980
 806.8185728776784671 820.1430318479571910 789.5408068352365137   0.0968415197802020
 805.9228426901998135 816.4618453390786318 790.9921165060879826   0.2984415197802021
 805.5524563679511983 815.6133583049479665 792.8327097605272623  -0.0297584802197980
 803.8403644906186403 815.5963507697427552 789.1666410607200378  -0.3192584802197979
 803.9442994279842146 813.5535568189738492 788.9077485803728256   0.0790415197802020
 801.9846534271079186 816.0290980544106935 789.9452082278956589   0.0790415197802020
 804.0539035437517410 816.5336549321676600 787.3430553414860772   0.0790415197802020
 808.4475168051186301 815.4432829528951011 789.9962308335115078  -0.3192584802197979
 808.3643688552260203 813.3872609191887369 789.8979650745475632   0.0790415197802020
 808.8330209364385802 816.2048425848652961 788.1197327825277142   0.0790415197802020
 809.9763052474608644 815.9610679135895258 791.2736857000422508   0.0790415197802020
 803.4227350150220368 820.5077489918040690 791.6157261302819657   0.5972415203289801
 802.4892103048648851 821.7889833106026726 789.9168623358867586  -0.5679584818661324
 802.2567739903925892 820.1978339058409003 793.8285954331038444  -0.4157584802197979
 803.1147096551928521 819.1320283663093814 795.1797496188574923   0.2718415197802020
 799.7869019333574820 821.3089928725866386 794.4049619039497317  -0.0024584802197980
 798.3903943203897224 820.5360948838128621 793.1067200499459168   0.0977415197802020
 799.0555779195299566 820.5663305019556389 797.1129394538589794  -0.0343584802197980
 798.4074018555950411 818.6161331317488331 797.1431750720016490   0.0294415197802020
 800.7393239048538291 820.6551476302498786 798.2977977398275150   0.0294415197802020
 797.0638065743770070 822.2633045702168623 798.2770107523544430   0.0117415197802020
 794.5996036957436370 822.3559011507790698 797.2792353536439842  -0.1256584802197980
 794.0799290089153358 821.1464764250693869 795.7258804715607101   0.1329415197802020
 796.1680763868983535 822.5165278721623374 786.3906333699897301   0.0559415197802020
 795.8770585622744875 822.4012545779931815 788.4296478684907755  -0.0173584802197980
 794.3312625847268270 822.2803121054221809 785.4835648257076022  -0.0173584802197980
 797.8669401812935607 820.3074380216084266 785.5610435971983675   0.0135415197802020
 799.2369916283864038 819.9124852596188790 787.0425888861926135  -0.0425584802197980
 796.6858613475927782 818.6274714885524149 785.3720709838061994  -0.0425584802197980
 799.2351019022525271 820.7798695550887396 783.0533770174848696   0.8053415186826456
 797.8763888119631582 821.1294688898641756 781.1315255392869642  -0.8188584780246854
 801.5840314867166338 820.7798695550887396 783.0099133164046346  -0.8188584780246854
 783.8546208982674393 811.8471341200429210 782.0574913449082875  -0.5679584818661324
 783.6013975963219641 815.7550877649920389 787.4243135652447029  -0.5679584818661324
 780.5608282468427067 812.1079163265241173 790.7483418348122126   0.5972415203289801
 781.3545132230896625 812.1268135878633128 792.9309755194912069  -0.5679584818661324
 781.0086933405819798 810.2257490971384791 789.1269568119077707  -0.4157584802197979
 780.3208330278346897 810.3788169139861332 787.3525039721556747   0.2718415197802020
 782.4770105466388750 807.9637469148347355 789.7656842451730885  -0.0875584802197980
 781.6606488567848633 807.0944728932309982 791.4456507782291003   0.0968415197802020
 782.4807899989067356 805.9814242003513835 787.6302937138420825   0.2984415197802021
 783.6221845837951434 806.6844023221701158 786.0656004749553340  -0.0297584802197980
 783.5938386917863503 803.4756473467717623 788.5657081501331107  -0.3192584802197979
 783.6391921190004621 802.1055958996789191 787.0312505293890319   0.0790415197802020
 785.5345874313234510 803.7402090055208192 789.2044355833985360   0.0790415197802020
 782.4770105466388750 802.7197568932033044 790.1209527583502615   0.0790415197802020
 779.8408425898186557 805.4050577295053888 786.6003929708549702  -0.3192584802197979
 780.0298152032108238 804.0576829960194941 785.0583764455752776   0.0790415197802020
 778.6578740299839966 804.5943652180532217 788.0743793553136024   0.0790415197802020
 778.9583404852774601 807.1058112500344724 785.8577306002239706   0.0790415197802020
 785.2133339885568082 808.6402688707785514 790.3987425000367766   0.5972415203289801
 786.1355203419103783 807.7917818366478861 792.3451604179756145  -0.5679584818661324
 786.4340970710699653 810.2729922504865749 788.8964102235693513  -0.4157584802197979
 785.5478155142609092 810.9343963973589486 787.3449450676199536   0.2718415197802020
 789.0929417414971332 810.9665217416356021 789.2894732594249150  -0.0518584802197980
 790.2494541354569832 809.2525401381690601 789.2441198322108033   0.0921415197802020
 789.9792232983061891 812.7749896517982280 787.1880977985045464  -0.1102584802197980
 788.6753122659005295 814.3699185088278610 787.1125087531476578   0.0456415197802020
 791.8330446356829269 813.5119828440275979 787.7058827591989711   0.0456415197802020
 790.1814239946358154 811.5976902703653063 784.5368120326129923   0.3530415197802020
 788.4126403332854566 810.6717244647438756 784.0417037855256235  -0.0361584802197980
 790.6878705985266586 813.7141835403571169 782.6244091850846846  -0.4121584802197980
 790.8976301993918987 812.9167191118424080 780.7441316818330303   0.0999415197802020
 789.1061698244345914 815.0294329295663581 782.6300783634864217   0.0999415197802020
 792.4207494633325033 814.7081794867997152 783.1289660628416511   0.0999415197802020
 792.3338220611721402 809.6833976967031219 784.3421702408190871  -0.4121584802197980
 792.4717720689483521 808.9445147783398755 782.4278776671569028   0.0999415197802020
 794.1139440793258658 810.5658998012443173 784.8750730105849540   0.0999415197802020
 791.9898919047984414 808.0922482919414570 785.6101764766802323   0.0999415197802020
 789.5256890261650715 812.1551594798721057 791.8878466935666364   0.5972415203289801
 791.1281767877303180 811.3180108025450221 793.3240385553468779  -0.5679584818661324
 788.0384745587690885 814.0675623274004135 792.5832659108496476  -0.4157584802197979
 786.6835409207475799 814.6571568811838663 791.3776206374079327   0.2718415197802020
 788.3030362175180378 815.2580897917707934 795.0814838598935477  -0.0597584802197980
 790.3004767410728320 815.6851678980369947 795.3573838754460788   0.0868415197802020
 786.8290498330595129 817.7752050021538890 795.2118749631341458   0.1302415197802020
 787.0803834088710043 818.5273160034545936 797.1167189061267326   0.0186415197802020
 788.0006800360906976 819.6894975758161807 793.3561638996235315  -0.3204584802197979
 790.0415842607256196 819.7650866211729620 793.6320639151759552   0.0881415197802020
 787.6095067263690105 819.1320283663093814 791.4116357078185703   0.0881415197802020
 783.9642250140348581 817.4350542980480507 794.7470023341895539  -0.0430584802197980
 783.6524202019378129 816.8133343999879443 792.8081433207863299   0.0235415197802020
 783.2442393570109144 815.9799651749287211 796.0093393916489623   0.0235415197802020
 787.6057272741011501 813.4590705122777651 797.2546689139030518   0.5972415203289801
 788.6809814443022666 813.6990657312857822 799.2974628646719578  -0.5679584818661324
 785.8917456706345008 811.6430436975794180 796.8483777951099226  -0.4157584802197979
 785.1528627522713616 811.4446224535177597 795.0966016689649899   0.2718415197802020
 785.3021511168511552 809.7041846841761938 798.7267655722277002   0.0336415197802020
 784.8977497241920098 810.6263710375297639 800.5257848517207284   0.0822415197802020
 782.9286550926460086 808.2736620007979041 797.9047347039719513  -0.1825584802197980
 782.3277221820590815 807.0396708353472889 799.4391923247160301   0.0602415197802020
 781.4357714468481811 809.6096983774802172 797.4587593363665547   0.0602415197802020
 783.3198284023676958 807.1265982375076518 796.2398859799872741   0.0602415197802020
 787.5547046684851937 807.9183934876206238 799.1651820352973756   0.5972415203289801
 788.4107506071515801 807.6802879947465906 801.3062417450302262  -0.5679584818661324
 788.5921643160080272 806.8355804128837859 797.1337264413320512  -0.5163584802197979
 787.7890307090914737 807.2002975567305565 795.4273037424012305   0.2935415197802020
 790.9694397924809268 805.3880501943000700 797.0638065743770070   0.0396415197802020
 790.7653493700174239 803.5890309148070416 798.0407949856142865   0.1104415197802020
 791.5533651678626426 804.8211323541236731 794.2764605268431176   0.0559415197802020
 790.0189075471185638 803.6986350305744606 793.4789960983284087  -0.0173584802197980
 791.6024980473446150 806.6107030029471037 793.2673467713291846  -0.0173584802197980
 794.0610317475761404 803.4510809070308299 793.7983598149610676   0.0135415197802020
 795.4650982650796212 804.0236679256089639 795.1967571540628111  -0.0425584802197980
 793.7756831013540116 801.4158458607976450 794.0005605112905865  -0.0425584802197980
 795.0758146814918106 804.0671316266891992 791.1565226797391109   0.8053415186826456
 793.5678132266226482 804.0406754608142827 789.3310472343712736  -0.8188584780246854
 797.3907291955453870 804.5017686374910140 790.9958959583558433  -0.8188584780246854
 793.1029405976780563 806.8185728776784671 798.4130710339967782   0.5365415197802020
 794.2840194313788387 805.8453639187090483 800.1667368862756949  -0.5819584818661324
 793.5092317164710782 809.2166353416245461 797.7327696257851019  -0.4157584802197979
 792.5379124836355358 809.9120545589075574 796.2304373493176766   0.2718415197802020
 795.5822612853827611 810.7076292612883898 798.7834573562452862  -0.0014584802197980
 797.3245887808580959 809.6928463273727196 798.4262991169342367   0.0875415197802020
 795.7466674590338894 813.3022232431622505 797.4946641329110689  -0.0152584802197980
 793.9967810590228334 814.3207856293458886 797.8839477164987720   0.0294415197802020
 797.2773456275101078 814.3491315213546817 798.3960634987914596   0.0294415197802020
 796.2190989925142023 813.3834814669208765 794.6581852058952071  -0.0011584802197980
 796.9617613631452018 811.2008477822418822 793.2994721156058381  -0.1906584802197980
 797.1828593208140236 809.4245052163559095 794.2235481950933921   0.1698415197802020
 797.3302579592598331 811.2594292923934521 790.6765322417231844  -0.2341584802197979
 797.7837922314009507 809.5586757718642610 789.7014335566197814   0.1655415197802020
 797.0297915039663695 813.7463088846337704 789.2819143548893013   0.3225415197802020
 797.4663182409021685 813.9522890332312574 786.7610196922383452  -0.5579584818661324
 797.5815915350714317 815.6927268025727158 786.2602422667492393   0.3991415197802020
 796.2247681709159395 816.0253186021428329 790.8220411540351172  -0.2341584802197979
 795.9431989769616712 817.8129995248322797 789.9414287756277985   0.1655415197802020
 795.8279256827925153 815.7191829684476322 793.4279734927124523  -0.1906584802197980
 795.2080955108662854 817.2933248380039783 794.5145660197172581   0.1698415197802020
 795.3857297674548719 811.0364416085907538 801.6520616275378015   0.5972415203289801
 797.2697867229743867 810.7416443316990274 802.9899877303539911  -0.5679584818661324
 793.1350659419547098 811.6676101373204580 802.6139322297037461  -0.4157584802197979
 791.6384028438890217 811.8187882280341279 801.4234047653333661   0.2718415197802020
 792.7325542754294411 812.0606731731760215 805.3219097796128864  -0.0518584802197980
 794.4068516300837158 812.9847492526635757 806.0910283161188023   0.0921415197802020
 790.4195294875098486 813.7859931334461452 805.7074139109328364  -0.1102584802197980
 788.9701095427922561 813.3097821476979716 804.3203549286345670   0.0456415197802020
 789.6296239635307532 813.3967095498583347 807.5725736051130483   0.0456415197802020
 791.0072343151594249 816.6413693218012024 805.5996995212992940   0.3530415197802020
 792.1996515056636815 817.1175803075492685 807.2116359135341383  -0.0361584802197980
 792.3451604179756145 817.5635556751547723 803.2035267834870916  -0.4121584802197980
 792.6021631721889503 819.6063496259235708 803.2753363765761198   0.0999415197802020
 794.2027612076202128 816.6905022012830672 803.0561281450412822   0.0999415197802020
 791.2340014512298762 817.0778960587370012 801.5424575117703827   0.0999415197802020
 788.5354725319903338 818.1248043369293248 805.8415844664411876  -0.4121584802197980
 788.9360944723817260 820.1430318479571910 805.8963865243248971   0.0999415197802020
 787.3184889017450372 817.7071748613327213 804.2315378003403275   0.0999415197802020
 787.5754916559583730 817.5843426626278443 807.5801325096487694   0.0999415197802020
 792.5133460438946034 809.5700141286678425 806.8072345208749929   0.5972415203289801
 793.0424693613926097 809.5964702945427590 809.0711264293126131  -0.5679584818661324
 791.8991850503702179 807.4365133234707130 805.5921406167635729  -0.4157584802197979
 791.3776206374079327 807.5404482608363947 803.7458781839225563   0.2718415197802020
 792.1902028749940839 804.9023905778822988 806.7127482141789089  -0.0875584802197980
 791.3039213181850279 804.8910522210788246 808.5722387299573837   0.0968415197802020
 790.8088130710976590 802.8218021044350022 805.2160851161132206   0.2984415197802021
 791.2642370693726533 802.9710904690147958 803.2129754141566894  -0.0297584802197980
 791.5609240723982564 800.1742957908114160 806.1420509217346512  -0.3192584802197979
 790.4063014045723904 798.7532217381026166 805.2085262115776070   0.0790415197802020
 793.5413570607477318 799.8001300162949403 805.7319803506737688   0.0790415197802020
 791.2585678909709162 800.0306766046333596 808.1791756941018200   0.0790415197802020
 787.9364293475373905 803.0353411575681029 805.5732433554243776  -0.3192584802197979
 786.9707792931035853 801.6161568309932873 804.4375179489377069   0.0790415197802020
 787.4469902788517589 802.7499925113460815 807.5555660699077296   0.0790415197802020
 787.2806943790666466 804.9023905778822988 805.0082152413819645   0.0790415197802020
 794.9869975531975711 804.3222446547685510 807.1473852249808311   0.5972415203289801
 795.7825722555784034 803.9972117597340475 809.3130113744545067  -0.5679584818661324
 796.5214551739415426 804.3146857502328299 805.1423857968903159  -0.4157584802197979
 795.7523366374356265 804.6000343964549588 803.4000583014149811   0.2718415197802020
 799.2105354625114874 803.6003692716106233 805.2954536137379700  -0.0875584802197980
 799.3484854702878066 801.7541068387694992 806.1987427057523447   0.0968415197802020
 800.3764964871409349 803.5134418694502603 802.6139322297037461   0.2984415197802021
 800.2215389441594044 805.3993885511036517 801.8013499921175949  -0.0297584802197980
 803.1789603437461592 802.7613308681495558 802.6139322297037461  -0.3192584802197979
 803.9008357269040869 802.7594411420156791 800.6807423947022591   0.0790415197802020
 804.2938987627596506 804.1030364232336058 803.7024144828423211   0.0790415197802020
 803.4019480275488575 800.8810533648979014 803.4208452888880528   0.0790415197802020
 799.0480190149943431 801.6596205320735226 800.8168026763445944  -0.3192584802197979
 799.7018642573311030 802.0073301407149746 798.8911717458788285   0.0790415197802020
 799.5015532871353532 799.7283204232059121 801.3308081847711586   0.0790415197802020
 797.0108942426271742 801.9260719169563486 800.8451485683533875   0.0790415197802020
 800.7053088344431916 805.4617495135230821 806.9376256241154837   0.5972415203289801
 802.2643328949283104 804.7001898815527798 808.4834216016631442  -0.5679584818661324
 800.1705163385435555 807.9221729398884843 806.7581016413930207  -0.4157584802197979
 798.8855025674770912 808.4909805061987578 805.4485214305856239   0.2718415197802020
 801.3308081847711586 809.8137887999437201 808.4116120085741161  -0.0252584802197980
 803.3679329571383273 809.8270168828810710 808.1073661010127919   0.0697415197802020
 800.5711382789348403 811.6657204111864740 807.9316215705580820   0.0697415197802020
 800.8205821286124550 809.3167908267223674 811.2216347697149539   0.5972415203289801
 802.5704685286235110 809.4434024776951048 812.7504232120572956  -0.5679584818661324
 798.4811011748179460 808.6553866798499937 811.9151642608640887  -0.4157584802197979
 797.1223880845285770 808.4531859835203672 810.5772381580478991   0.2718415197802020
 797.8178073018115882 808.0639023999325566 814.5286555040771447   0.0336415197802020
 798.3828354158540014 809.6437134478907474 815.7248521468493693   0.0822415197802020
 794.9454235782512124 807.7445386832998977 814.7346356526746317  -0.1825584802197980
 794.4333077959586322 807.3382475645068758 816.6886124751491906   0.0602415197802020
 794.0062296896924310 809.4811970003734955 814.1431513727573021   0.0602415197802020
 794.3066961449858945 806.1968529796183607 813.5346595576346539   0.0602415197802020
 799.2086457363776107 805.7111933632005895 815.4980850107788106   0.5972415203289801
 800.2158697657576673 805.7565467904147012 817.5937912932974419  -0.5679584818661324
 799.3371471134842249 803.6910761260388468 813.9844143775079109  -0.4157584802197979
 798.5359032327016555 803.7742240759313492 812.2383074297646080   0.2718415197802020
 800.5465718391938004 801.3156903756998238 814.7780993537547594  -0.0389584802197980
 799.6810772698579237 800.7090882867110520 816.5449932889711342   0.1006415197802020
 800.1553985294721133 799.1538436784939014 812.8656965062264517   0.3653415197802020
 800.8905019955674992 797.4285237182237777 813.7160732664911009   0.0042415197802020
 797.3604935774026101 798.7229861199598395 812.2515355127020663  -0.2438584802197979
 796.6858613475927782 797.0864832879840630 813.2908848863587763   0.0641415197802020
 796.2039811834428675 800.3405916905964210 812.7636512949947538   0.0641415197802020
 797.0997113709215212 798.4281888430681131 810.2314182755402162   0.0641415197802020
 801.4215150391993821 799.4580895860552254 810.5375539092355244  -0.6761584785734636
 803.2073062357549523 799.6206060335724773 810.8342409122611273   0.4101415197802020
 803.3376973389955504 801.7314301251624434 815.3091123973866423   0.5972415203289801
 804.2334275264742040 801.0719157044239462 817.3462371697538112  -0.5679584818661324
 804.6869617986153216 802.9786493735505169 813.5894616155183634  -0.4157584802197979
 803.8498131212882380 803.3584843264687297 811.9000464517927538   0.2718415197802020
 807.3817112655870037 803.4435220024951088 813.8842588924100898  -0.0014584802197980
 808.2585441917264620 801.6728486150108733 814.4757431723274192   0.0875415197802020
 808.5457825640824673 803.9631966893235175 811.2632087446613126  -0.0152584802197980
 807.3798215394531271 805.2878947092022489 810.1974032051296861   0.0294415197802020
 810.4203908889323843 804.7738892007756846 811.4861964284640108   0.0294415197802020
 808.8613668284473731 801.4857657277526892 809.8345757874167921  -0.0011584802197980
 810.9419553018946697 799.9588670115443315 810.4978696604231498  -0.1906584802197980
 812.3271245580589551 800.7053088344431916 811.7658758962842950   0.1698415197802020
 811.1498251766260331 797.4549798840986941 809.6399339956228867  -0.2341584802197979
 812.6521574530933510 796.2720113242640352 810.2427566323437980   0.1655415197802020
 809.1391565701337809 796.3948435229689122 807.9165037614867471   0.3225415197802020
 809.2185250677585301 793.9363098227372794 807.1814002953913613  -0.5579584818661324
 807.5858016880505065 793.3391563644182128 806.6258208120185459   0.3991415197802020
 807.0056557649366514 798.1522888275155820 807.1530544033825681  -0.2341584802197979
 805.5430077372816007 797.5154511203841407 805.9228426901998135   0.1655415197802020
 806.9810893251957190 800.6221608845506892 808.1470503498251665  -0.1906584802197980
 805.4730878703265564 801.8467034193317067 807.6519421027377977   0.1698415197802020
 807.9694160932365800 805.3256892318807469 816.0102007930714982   0.5972415203289801
 809.8685908578274296 804.9779796232391876 817.3084426470753132  -0.5679584818661324
 806.3820461407426683 807.2456509839446683 816.4864117788195643  -0.4157584802197979
 804.8645960552039081 807.5158818210954623 815.3431274677972799   0.2718415197802020
 806.6919612267057296 808.8613668284473731 818.7446345088555548  -0.0875584802197980
 808.6251510617072166 809.5719038548017192 818.7767598531322083   0.0968415197802020
 804.9099494824180199 811.1687224379652284 818.7181783429806383   0.2984415197802021
 802.9918774564879752 810.5470025399051220 818.2854310583125927  -0.0297584802197980
 804.8589268768021711 812.6068040258792393 821.2390730056315944  -0.3192584802197979
 804.0576829960194941 811.4257251921784569 822.7243977468937008   0.0790415197802020
 805.7584365165486852 813.0886841900291500 816.7264069978275812  -0.3192584802197979
 804.4375179489377069 814.6666055118534640 816.6583768570064137   0.0790415197802020
 807.6462729243359531 813.7878828595800217 817.1648234608973642   0.0790415197802020
 805.7848926824236017 812.1967334548183569 814.8820342911204411   0.0790415197802020
 806.3574797010017359 807.3080119463640989 821.1578147818729685   0.5972415203289801
 807.8862681433439702 807.5650147005774347 822.8850244682769687  -0.5679584818661324
 804.4753124716160976 805.6261556871742104 821.2636394453725268  -0.4157584802197979
 803.2734466504422434 805.4806467748622775 819.7745352518425597   0.2718415197802020
 804.0916980664301316 803.9386302495824775 823.4368244993820309  -0.0597584802197980
 804.0179987472072268 805.0875837390066064 825.1489163767145890   0.0868415197802020
 801.5405677856363987 802.5251151014093993 823.2176162678470858   0.1302415197802020
 801.4196253130655055 801.6785177934127179 821.3430079429972761   0.0186415197802020
 801.3043520188962422 800.3935040223462538 825.1848211732591029  -0.3204584802197979
 799.4694279428586997 799.4769868473944208 825.0544300700186122   0.0881415197802020
 802.7462130590782209 798.9554224344321356 824.8767958134299182   0.0881415197802020
 801.5500164163059962 801.1550636543164486 827.0877753901178130   0.0881415197802020
 799.3276984828146273 804.4091720569289140 823.5483183412833264  -0.0430584802197980
 799.1670717614313597 804.9382953744268130 825.5344205080345389   0.0235415197802020
 799.7113128880007007 806.1307125649311769 822.4862922540195603   0.0235415197802020
 796.7746784758870177 803.3849404923435388 822.6280217140636329  -0.0660584802197980
 796.1567380300947718 801.8089088966532087 823.7996519170948175   0.0185415197802020
 795.3630530538478159 804.8797138642752430 822.7414052820989123   0.0185415197802020
 796.9315257450025323 802.7632205942834322 820.6683757131873369   0.0185415197802020
 806.3593694271356123 802.1641774098304891 823.7788649296217457   0.5972415203289801
 807.2758866020874454 801.9109541078850137 825.8802403905421142  -0.5679584818661324
 807.4289544189350995 801.0530184430847508 821.7757552276652144  -0.4157584802197979
 806.6144824552149641 801.2646677700839749 820.0523249935289674   0.2718415197802020
 809.7060744103101778 799.4769868473944208 822.0592141477533593  -0.0518584802197980
 809.3942695982131326 798.1938628024619406 823.6446943741132870   0.0921415197802020
 810.1596086824512954 797.8537120983561024 819.6951667542179178  -0.1102584802197980
 810.6093635023245526 799.0858135376727337 818.1059070755901295   0.0456415197802020
 811.8074498712305463 796.6707435385213360 820.0636633503325491   0.0456415197802020
 807.9354010228259425 796.1340613164877160 818.9373865745154760   0.3530415197802020
 806.4916502565100871 797.2508894616351913 818.0208693995636431  -0.0361584802197980
 808.8197928535011220 794.1649666849418222 817.0306529053889054  -0.4121584802197980
 807.2021872828645406 793.0727049795352793 816.4089330073287990   0.0999415197802020
 809.6323750910872731 795.1249475609737830 815.3979295256809893   0.0999415197802020
 810.2370874539420609 792.9347549717590674 817.8829193917874312   0.0999415197802020
 806.6900715005718530 794.7110975376450400 821.1237997114623309  -0.4121584802197980
 805.1820700457026905 793.5356878823459946 820.3754681624295942   0.0999415197802020
 808.0884688396735965 793.5545851436851900 822.1026778488335944   0.0999415197802020
 805.8529228232447694 796.0414647359256158 822.4541669097429068   0.0999415197802020
 812.0739012561134797 801.0019958374689020 822.7924278877148686   0.5972415203289801
 813.7463088846337704 799.9928820819549690 824.0528752190402929  -0.5679584818661324
 812.1891745502826358 803.4340733718255110 822.1196853840389133  -0.4157584802197979
 810.8002258418505973 804.1162645061710640 820.9915188820878562   0.2718415197802020
 809.7041846841761938 798.8911717458788285 828.7280576743614502   0.1047415197802020
 805.3615940284251535 798.5642491247104484 830.0319687067671097  -0.5679584818661324
 801.3497054461103540 793.4789960983284087 830.2473974860341943   0.0341415197802020
 803.1109302029249915 793.8531618728447768 829.2401734566541378   0.0240415197802020
 800.7015293821754385 791.6081672257463521 829.6861488242595343   0.0240415197802020
 799.3711621838948626 795.4310831946689836 829.4291460700463061   0.0017415197802020
 800.0609122227761365 797.3113606979206378 829.9223645909996908   0.0439415197802020
 799.2010868318418896 795.3573838754460788 827.3787932147416790   0.0439415197802020
 796.2379962538533977 795.0417996110812804 830.7840797080678144  -0.2737584802197979
 795.2836845562231740 792.0333556058785693 829.4631611404568361  -0.0536584802197980
 793.3637228041591452 791.6024980473446150 830.0735426817133609   0.0683415197802020
 795.3347071618390230 792.1448494477799722 827.4090288328844559   0.0683415197802020
 796.5422421614147219 790.5366925078129885 830.1018885737222613   0.0683415197802020
 797.9425292266503419 779.7898199842028068 827.4203671896879301   0.1429415197802020
 819.0469906902828950 766.2215863426482053 816.5752289071139111   0.0284415197802020
 817.1289186643528500 768.1207611072390549 818.5065290159814143   0.0284415197802020
 820.0731119810021467 770.4772495962388826 815.5358795334572012   0.0686415197802020
 822.0573244216194826 767.4612466865005578 813.4911958565544186   0.4477415197802020
 815.3393480155294194 773.2797134528441069 819.9276030686902139  -0.5894584791222417
 812.3346834625946761 774.1943409016619558 822.8340018626611198  -0.4157584802197979
 810.5035388388248869 775.3886478183001965 821.1332483421319287  -0.0875584802197980
 811.2367525787863961 775.3584122001575269 819.2076174116661627   0.0968415197802020
 807.9580777364329984 773.9789121223949786 821.1011229978552752   0.2984415197802021
 806.8582571264908417 774.7045669578207669 819.5156427714953473  -0.0297584802197980
 808.3492510461546854 771.1481023737809615 820.7042805097318508  -0.3192584802197979
 806.5521214927956410 770.2958358873824357 820.1846058229035497   0.0790415197802020
 809.7136333148458989 770.8665331798266932 819.2076174116661627   0.0790415197802020
 809.0541188941072945 770.2448132817665866 822.4163723870645162   0.0790415197802020
 806.3820461407426683 774.2737093992867051 823.4935162833996169  -0.3192584802197979
 804.5849165873835166 773.2910518096476885 823.2743080518647792   0.0790415197802020
 805.9965420094227184 776.2654807444396549 823.8657923317821086   0.0790415197802020
 810.2616538936829933 778.1646555090305043 821.9004771525039681   0.5972415203289801
 811.3387977900180938 778.9488918546078626 823.8053210954966622  -0.5679584818661324
 808.8859332681883055 779.6669877854979296 820.4264907680454432  -0.4157584802197979
 807.8938270478796914 778.9092076057954879 818.9902989062653090   0.2718415197802020
 808.4569654357882278 782.3296119081929580 821.0274236786323703  -0.0014584802197980
 809.0767956077143502 782.6603139816291986 822.9568340613659969   0.0875415197802020
 810.0273278530768208 784.0511524161952211 819.2567502911481350  -0.0152584802197980
 809.7211922193815126 783.4653373146796286 817.3046631948075599   0.0294415197802020
 809.3980490504809931 786.0032395125359035 819.4249359170671238   0.0294415197802020
 812.8297917096819376 784.0303654287221493 819.8633523801369066  -0.0011584802197980
 813.6102486029914352 784.2571325647927080 822.4012545779931815  -0.1906584802197980
 812.2704327740412615 784.6199599825054947 823.8941382237909017   0.1698415197802020
 816.1387021701781123 783.8527311721335628 823.0607689987316786  -0.2341584802197979
 817.9452803542068619 783.3802996386532498 821.1767120432121638   0.3225415197802020
 817.2158460665132130 783.3651818295818076 818.6161331317488331  -0.2341584802197979
 818.6350303930880284 782.9532215323870486 817.2196255187810735   0.1655415197802020
 814.6533774289160057 783.6675380110092551 817.9528392587424754  -0.1906584802197980
 814.0845698626057321 783.4993523850902662 816.0026418885357771   0.1698415197802020
 805.6677296621204618 783.0080235902707579 821.1748223170782873   0.5972415203289801
 804.0104398426715057 781.4452200775178862 820.7137291404014486  -0.5679584818661324
 805.2463207342559976 785.3701812576723227 821.9382716751824661  -0.4157584802197979
 806.7751091765983393 786.4170895358646466 822.3691292337164204   0.2718415197802020
 802.8085740214975440 786.4756710460162165 822.5184175982962141   0.0336415197802020
 801.7843424569122763 785.1868778226818917 823.7618573944164269   0.0822415197802020
 803.3868302184775228 788.9058588542389489 824.0131909702279183  -0.1825584802197980
 801.6463924491360644 789.7637945190392120 824.7086101875109295   0.0602415197802020
 804.5452323385712493 788.4466554036960941 825.6591424328733999   0.0602415197802020
 804.4053926046610534 790.2437849570551385 822.8377813149289803   0.0602415197802020
 801.1626225588521697 786.8687340818717803 820.1373626695554539   0.5972415203289801
 801.2230937951376163 785.3890785190115181 818.3477920207320231  -0.5679584818661324
 799.6924156266613979 788.9209766633102838 820.1071270514127842  -0.4157584802197979
 799.8662704309822313 790.0699301527344127 821.6170182324158232   0.2718415197802020
 797.5910401657410295 789.5426965613703902 818.3723584604730630  -0.0875584802197980
 796.0357955575238787 788.2633519687056632 818.8013262928731407   0.0968415197802020
 796.7690092974852806 792.3035864430293634 818.9411660267833366   0.2984415197802021
 794.9529824827869335 792.6418474210012176 818.0284283040993642  -0.0297584802197980
 796.4723222944596775 792.8421583911968599 821.7852038583348120  -0.3192584802197979
 795.8921763713458224 794.7961352136715263 822.0611038738873433   0.0790415197802020
 795.0380201588134199 791.6043877734784915 822.5845580129835051   0.0790415197802020
 798.2392162296760524 792.6229501596620222 822.8169943274558010   0.0790415197802020
 798.6568457052725485 794.2745708007092410 817.9358317235372641  -0.3192584802197979
 797.9784340231948561 796.1718558391661066 818.3780276388748002   0.0790415197802020
 800.5068875903815331 794.0175680464959052 818.8069954712748779   0.0790415197802020
 798.8420388663968561 794.1271721622633240 815.8949274989022348   0.0790415197802020
 798.0766997821588007 789.2875835332910384 815.5188719982518824   0.5972415203289801
 796.2852394072013861 789.5200198477633344 814.0770109580700111  -0.5679584818661324
 800.3935040223462538 788.7565704896591555 814.6684952379873406  -0.3479584802197979
 801.6898561502161921 788.3502793708661335 816.0083110669375142   0.2746415197802020
 801.1172691316380579 788.3087053959197749 812.0172094720958937  -0.2637584802197979
 801.0114444681384996 790.0699301527344127 810.9627422893677416   0.1559415197802020
 803.8441439428863936 787.3128197233433001 811.8811491904535585  -0.0007584802197980
 804.0009912120019082 785.5421463358590648 812.9299471947798661   0.0326415197802020
 804.2390967048759411 786.9121977829520153 809.9007162021040832   0.0326415197802020
 805.8113488482984108 789.1912075004610778 812.9148293857084239   0.0389415197802020
 805.4730878703265564 791.0544774685074133 812.0965779697205357   0.0284415197802020
 805.5921406167635729 789.3197088775676919 814.9595130626112066   0.0284415197802020
 808.5344442072789931 788.3767355367409426 812.3120067489876202   0.0485415197802020
 809.8364655135507761 789.7675739713070724 813.1038019991005922   0.0686415197802020
 808.9010510772597477 786.5588189959087189 813.2134061148680110   0.0686415197802020
 808.9048305295275008 788.2425649812325912 809.5548963195965078  -0.5295584802197979
 808.3832661165653230 789.7826917803784073 808.5495620163503278   0.3455415197802020
 809.3205702789902278 786.2016607565976694 808.1905140509052943   0.8075415208777582
 810.2937792379596468 784.1248517354181259 809.1051414997232507  -0.8627584796710198
 810.9022710530822950 784.0965058434093328 810.9003813269484184   0.4477415197802020
 810.6207018591280268 782.6338578157542822 807.9731955455043331   0.4477415197802020
 808.6629455843856072 786.2526833622135183 805.8302461096377134  -0.8627584796710198
 807.6727290902108695 787.7720231738861549 805.1934084025061648   0.4477415197802020
 808.7536524388138307 784.6879901233266624 804.7606611178382264   0.4477415197802020
 799.3598238270912809 786.4322073449359812 810.6792833692795968   0.7340415181338675
 798.2203189683367497 786.9972354589785017 808.7479832604120936  -0.5894584791222417
 798.9062895549501632 784.2533531125248475 811.8584724768465025  -0.4157584802197979
 799.8057991946966774 783.9207613129547303 813.5063136656257535   0.2718415197802020
 797.1488442504034934 782.3503988956661373 810.8625868042699204  -0.0014584802197980
 797.6042682486784877 782.0367043574352156 808.8764846375187079   0.0875415197802020
 797.5192305726520013 779.8389528636847790 812.2931094876483175  -0.0152584802197980
 797.5608045475982524 780.2055597336655336 814.3226753554797653   0.0294415197802020
 795.8676099316047824 778.6616534822518572 811.9416204267390051   0.0294415197802020
 799.8435937173751755 778.2988260645389630 811.5617854738207921  -0.0011584802197980
 799.5072224655371978 776.1483177241366223 810.0046511394697649  -0.1906584802197980
 797.6552908542943366 775.6588786554509904 809.3659237062043396   0.1698415197802020
 801.5519061424399803 774.5968525681872246 809.3035627437849092  -0.2341584802197979
 801.2873444836910309 772.9584600100774641 808.1583887066286407   0.1655415197802020
 804.1918535515279529 775.2847128809345147 810.1974032051296861   0.3225415197802020
 806.2233091454932771 773.8806463634310340 809.4793072742396190  -0.5579584818661324
 807.8465838945317030 774.5722861284462922 810.0008716872019044   0.3991415197802020
 804.4450768534734280 777.6015171211219678 811.8811491904535585  -0.2341584802197979
 806.2535447636360542 778.1249712602182372 812.5954656690757651   0.1655415197802020
 802.2529945381247286 778.9829069250185001 812.5085382669154020  -0.1906584802197980
 802.4174007117758569 780.5589385207087227 813.7557575153033682   0.1698415197802020
 794.3407112153964247 783.1799886684574999 810.9192785882876137   0.5972415203289801
 792.7684590719739552 781.9327694200695338 809.7419792068546919  -0.5679584818661324
 793.6830865207919115 785.2397901544317246 812.2401971558985920  -0.4157584802197979
 795.0852633121614081 786.2545730883473947 813.0489999412168827   0.2718415197802020
 791.1735302149444298 786.4416559756055790 812.1778361934791616  -0.0237584802197980
 789.7543458883696142 785.0338100058343452 811.7054046599988486   0.0879415197802020
 790.4667726408579443 787.5187998719407871 814.7875479844243571   0.0341415197802020
 791.8406035402186480 788.9455431030513236 815.3374582893955427   0.0240415197802020
 788.6564150045613342 788.4768910218388712 814.6439287982464081   0.0240415197802020
 790.3023664672067085 785.5591538710643835 816.9172693373536260   0.0017415197802020
 791.9917816309323181 784.3818544896314617 816.9286076941572077   0.0439415197802020
 790.2778000274657760 786.6079518753906913 818.6917221771057219   0.0439415197802020
 787.5206895980746635 783.5447058123043781 816.9607330384338613  -0.2737584802197979
 788.1991012801523561 781.2316810243847855 814.5343246824789893  -0.0536584802197980
 787.2561279393257141 779.4647870891684106 815.0105356682271628   0.0683415197802020
 787.4980128844676078 781.8911954451232827 812.7145184155127816   0.0683415197802020
 790.2286671479838039 780.9160967600198797 814.4209411144437099   0.0683415197802020
 790.9694397924809268 788.4938985570440825 810.1369319688442396   0.5972415203289801
 789.1005006460328543 788.5222444490528756 808.7498729865459702  -0.5679584818661324
 792.8478275695987045 790.1719753639662179 809.8855983930326409  -0.4157584802197979
 794.3747262858070622 790.0434739868594962 811.0383313347246303   0.2718415197802020
 791.0790439082483457 793.0802638840710003 807.9146140353527631   0.0778415197802020
 793.0046748387141117 790.8484973199100336 805.2576590910595792   0.5972415203289801
 791.4607685873004351 791.5080117406485309 803.6495021510925957  -0.5679584818661324
 794.5580297207973859 788.8737335099622954 804.9288467437572152  -0.4157584802197979
 795.8657202054709059 788.5109060922494014 806.2856701079127077   0.2718415197802020
 794.8679448067604472 787.5811608343601101 802.5043281139362200  -0.0275584802197980
 795.7126523886232519 788.8926307713014907 801.1569533804504326   0.1122415197802020
 796.5611394227539172 785.2416798805656012 802.8936116975240305  -0.0050584802197980
 796.0490236404612296 784.3383907885512264 804.6775131679457240   0.0338415197802020
 796.0811489847378831 783.8980845993476745 801.4045075039940633   0.0338415197802020
 799.3938388975019184 785.4552189336987018 802.7802281294887511  -0.1415584802197980
 800.7657800707287455 787.3940779471019261 801.8372547886621091  -0.1638584802197980
 800.0004409864905826 789.1685307868540218 801.1796300940574885   0.2061415197802020
 803.2658877459065223 786.6703128378101217 801.6010390219219526  -0.3418584802197979
 804.6132624793924170 787.7569053648148200 800.7733389752643593   0.3411415197802020
 803.6343843420211535 784.2231174943820705 802.4079520811062592   0.1379415197802020
 805.7282008984059083 782.5922838408080311 802.3701575584278685  -0.2601584802197979
 807.4384030496046971 783.1629811332522886 801.4782068232170754   0.1571415197802020
 805.5316693804781265 780.1734343893888801 803.4529706331647064  -0.1134584802197980
 807.1058112500344724 778.9073178796616113 803.4302939195576506   0.1416415197802020
 803.2488802107012034 779.4024261267489802 804.5679090521783052  -0.1972584802197980
 803.1241582858624497 777.5712815029792983 805.4050577295053888   0.1446415197802020
 801.1153794055041815 780.9916858053767685 804.5320042556337911  -0.2387584802197980
 799.3900594452340579 780.3586275505130804 805.3502556716216793   0.1699415197802020
 801.2325424258073214 783.4728962192153497 803.3641535048704668   0.1242415197802020
 792.3357117873060169 786.7175559911581101 801.3837205165209915   0.5972415203289801
 792.0201275229412185 786.7326738002295523 799.0801443592709966  -0.5679584818661324
 790.5121260680720561 785.9919011557323218 802.9786493735505169  -0.4157584802197979
 790.8409384153743125 786.1903223997940877 804.8494782461325734   0.2718415197802020
 787.9855622270192554 785.2851435816458364 802.1396109700894492   0.0336415197802020
 788.1726451142775470 783.8791873380083717 800.6467273242917290   0.0822415197802020
 786.5682676265783165 784.0549318684630817 804.3505905467773441  -0.1825584802197980
 784.7182257414694395 783.4105352567959193 803.7137528396459028   0.0602415197802020
 787.6321834399760665 782.4354365716926238 805.0516789424620924   0.0602415197802020
 786.3131545984989647 785.4079757803507134 805.8850481675214229   0.0602415197802020
 786.5474806391052447 787.5339176810121217 800.9944369329331809   0.5972415203289801
 785.7311189492512329 787.3751806857627307 798.8193621527898001  -0.5679584818661324
 786.2375655531421834 789.6163958805932950 802.3947239981688009  -0.4157584802197979
 787.1899875246384231 789.7486767099677698 804.0520138176177570   0.2718415197802020
 784.8656243799153562 791.8538316231561062 801.4574198357438961  -0.0875584802197980
 783.0514872913508858 791.1962069285514856 800.7431033571216896   0.0968415197802020
 784.2042202330428752 793.7246604957381627 803.5965898193427627   0.2984415197802021
 783.0892818140292765 792.7023186572867715 804.9968768845783829  -0.0297584802197980
 786.5059066641589934 794.8225913795463352 804.9553029096321317  -0.3192584802197979
 785.8917456706345008 796.1718558391661066 806.3820461407426683   0.0790415197802020
 787.5112409674050660 793.3051412940075753 805.9058351549944947   0.0790415197802020
 787.7417875557434853 795.7769030771766663 803.6173768068158347   0.0790415197802020
 782.5771660317366962 795.9148530849528781 802.6290500387750810  -0.3192584802197979
 781.9422180507391316 797.0694757527787442 804.2145302651350087   0.0790415197802020
 783.6467510235360758 797.0997113709215212 801.3270287325032980   0.0790415197802020
 780.9179864861538637 795.1646318097861576 801.6652897104752597   0.0790415197802020
 786.2300066486064623 793.0519179920622074 799.1973073795740292   0.5972415203289801
 785.0016846615575841 793.5961591186314411 797.2943531627154264  -0.5679584818661324
 788.7414526805878208 793.1804193691688216 799.2483299851899854  -0.4157584802197979
 789.6579698555396536 792.6872008482153293 800.8659355558265668   0.2718415197802020
 789.6466314987360719 796.0717003540682853 796.7217661441372922   0.0863415197802020
 789.9962308335115078 792.6172809812602851 794.7451126080555699   0.5972415203289801
 789.4954534080224020 793.6585200810508717 792.7212159186259668  -0.5679584818661324
 790.1417397458234408 790.0963863186093291 794.9076290555728218  -0.4157584802197979
 790.5763767566253631 789.2970321639606361 796.5989339454323078   0.2718415197802020
 789.6938746520840603 788.4579937604995684 792.7306645492955644   0.0336415197802020
 790.9505425311417315 789.0513677665508819 791.2075452853550673   0.0822415197802020
 790.3382712637512227 785.7311189492512329 793.4752166460605480  -0.1825584802197980
 790.0132383687168267 784.4706716179258085 791.8802877890310226   0.0602415197802020
 792.3205939782346821 785.6026175721446188 794.0289064032994869   0.0602415197802020
 789.1534129777825796 785.1245168602625687 795.0493585156168941   0.0602415197802020
 786.9669998408357248 788.6658636352309319 791.7309994244512292   0.5972415203289801
 786.5663779004444400 788.4976780093119432 789.4406513501386925  -0.5679584818661324
 785.0716045285127359 789.0645958494883401 793.3693919825609897  -0.4157584802197979
 785.4816750995736182 789.1345157164433843 795.2458900335447833   0.2718415197802020
 782.4637824637014167 789.5502554659061113 792.4982282348232686  -0.0389584802197980
 781.9894612040871198 788.1008355211885189 791.1187281570607203   0.1006415197802020
 780.4096501561290365 789.3726212093175247 794.5542502685295252   0.3653415197802020
 778.6106308766360083 789.7675739713070724 793.6282844629082021   0.0042415197802020
 780.1488679496478403 786.7459018831669030 795.7107626624893752  -0.2438584802197979
 778.7901548593584714 786.8044833933184730 797.2584483661709124   0.0641415197802020
 779.4553384584988130 785.4438805768952275 794.2802399791109781   0.0641415197802020
 781.9535564075426058 786.0731593794909478 796.4194099627098447   0.0641415197802020
 780.6326378399317348 791.1546329536052345 796.5138962694059288  -0.6761584785734636
 782.3277221820590815 791.8500521708882457 796.5649188750217777   0.4101415197802020
 782.2124488878898181 792.0768193069588045 791.1225076093285810   0.5972415203289801
 780.8801919634753655 792.1731953397887651 789.2119944879341498  -0.5679584818661324
 783.5333674555007964 794.0515831169065427 791.9974508093341625  -0.4157584802197979
 784.5972832688984389 793.8172570763002629 793.5810413095601064   0.2718415197802020
 783.6448612974021992 796.5290140784772637 790.7766877268210055  -0.0252584802197980
 781.7494659850792102 797.3321476853938171 790.6670836110535867   0.0697415197802020
 784.8429476663083004 797.7856819575349347 791.8840672412988833   0.0697415197802020
 784.7276743721390370 796.3494900957548005 788.1102841518581166   0.5972415203289801
 783.4351016965369591 797.0619168482430231 786.3074854200972276  -0.5679584818661324
 786.9575512101661270 795.1759701665896318 787.8438327669751831  -0.4157584802197979
 787.9118629077963508 794.6846413717701235 789.4349821717368480   0.2718415197802020
 788.1461889484026306 794.7148769899129004 785.3796298883419205  -0.0518584802197980
 788.5487006149277920 796.5233449000755264 784.4706716179258085   0.0921415197802020
 790.6633041587857262 793.3089207462754357 785.7292292231173564  -0.1102584802197980
 790.2853589320014971 791.5306884542555866 786.7005484559527912   0.0456415197802020
 791.4154151600863234 792.8629453786700392 783.8602900766691763   0.0456415197802020
 792.6872008482153293 794.7810174046000841 787.2107745121116024   0.3530415197802020
 791.9502076559860668 795.3743914106513976 789.0343602313455632  -0.0361584802197980
 794.9208571385102800 793.0235721000533071 787.6643087842527201  -0.4121584802197980
 796.4175202365759682 794.0704803782457381 788.6016129466776249   0.0999415197802020
 794.3029166927180341 791.4550994088986980 788.8416081656856418   0.0999415197802020
 795.6106071773915541 792.3073658952972238 785.8596203263578470   0.0999415197802020
 793.6679687117204692 797.1110497277249954 785.8369436127507913  -0.4121584802197980
 795.0984913950988666 798.0804792344266612 786.9575512101661270   0.0999415197802020
 794.4276386175567877 796.5762572318252518 784.0114681673828465   0.0999415197802020
 792.1165035557711791 798.4092915817289178 785.5081312654485346   0.0999415197802020
 786.4208689881325070 793.2465597838560053 783.5881695133845058   0.5972415203289801
 785.9389888239825965 794.0855981873170729 781.4792351479284161  -0.5679584818661324
 785.4079757803507134 791.0790439082483457 784.4158695600420992  -0.4157584802197979
 785.8501716956882495 790.4724418192596814 786.1789840429906134   0.2718415197802020
 783.8243852801246623 789.5067917648258762 782.7661386451287570  -0.0597584802197980
 784.9053086287276235 789.1061698244345914 781.0597159461979361   0.0868415197802020
 783.1610914071183047 786.9669998408357248 784.0568215945969582   0.1302415197802020
 782.4959078079780703 787.3902984948340654 785.9654449898575129   0.0186415197802020
 781.0143625189838243 785.5345874313234510 782.7113365872450474  -0.3204584802197979
 780.7535803125026281 783.6807660939467133 783.5692722520453106   0.0881415197802020
 779.2436891314995890 786.5758265311140376 782.8776324870301598   0.0881415197802020
 781.4452200775178862 785.3097100213867688 780.7063371591546396   0.0881415197802020
 785.5119107177163953 785.2397901544317246 784.3062654442745729  -0.0430584802197980
 787.0350299816568924 786.3074854200972276 785.1830983704140313   0.0235415197802020
 785.0432586365039427 783.6845455462145738 785.5742716801358257   0.0235415197802020
 786.5550395436408583 784.1040647479450539 781.8439522917751868  -0.0660584802197980
 787.0709347782014065 785.5950586676088976 780.5192542718964556   0.0185415197802020
 788.2387855289647307 782.9985749596011603 782.2729201241753720   0.0185415197802020
 785.1642011090748358 782.8587352256909644 780.9727885440375732   0.0185415197802020
 781.4962426831337350 790.9751089708826640 781.8930851712571592   0.5972415203289801
 780.9047584032164055 790.8900712948562849 779.6462007980248578  -0.5679584818661324
 780.1980008291298125 792.3376015134398934 783.5862797872506292  -0.4157584802197979
 780.8442871669308515 792.4528748076091568 785.3909682451453947   0.2718415197802020
 778.0115876921829577 793.8682796819161117 782.8530660472891200  -0.0275584802197980
 776.6793307677683978 792.6550755039386758 781.8552906485787685   0.1122415197802020
 776.6604335064292023 794.9303057691798776 785.1849880965480151  -0.0050584802197980
 776.1653252593418336 793.3712817086948663 786.4397662494717023   0.0338415197802020
 777.9567856342992482 796.1661866607643695 786.2073299349994065   0.0338415197802020
 777.7715924731749406 800.7034191083093149 783.7393476040982833   0.1699415197802020
 778.7221247185373036 795.9772140473723088 781.0011344360463661   0.5972415203289801
 780.8915303202789473 797.2187641173585376 781.3507337708218020  -0.4157584802197979
 781.9837920256853827 796.7633401190835435 782.8662941302265782   0.2718415197802020
 781.8534009224447845 799.1595128568956385 779.6310829889534156  -0.0518584802197980
 780.4058707038611761 800.6089328016132310 779.4024261267489802   0.0921415197802020
 784.1796537933019428 800.3727170348730745 780.8990892248145609  -0.1102584802197980
 783.5976181440541035 800.9434143273173320 782.7907050848697967   0.0456415197802020
 785.6517504516265910 798.9497532560303985 781.1315255392869642   0.0456415197802020
 785.3588429008687412 802.7046390841319698 779.6178549060159574   0.3530415197802020
 783.9018640516154277 804.1313823152425063 779.3136089984546332  -0.0361584802197980
 787.3392758892182166 803.7931213372705445 781.4130947332411251  -0.4121584802197980
 788.1745348404114236 805.5071029407370866 780.6628734580744044   0.0999415197802020
 786.4888991289536748 804.2258686219384829 783.2366804524751933   0.0999415197802020
 788.8359389872839047 802.4060623549723827 781.6965536533293774   0.0999415197802020
 786.6589744810065402 802.1282726132859749 777.0988499694989853  -0.4121584802197980
 787.9912314054211001 803.6135973545480816 776.6207492576169352   0.0999415197802020
 787.7228902944042900 800.3708273087391978 777.2538075124805159   0.0999415197802020
 785.2738052248422548 801.9638664396347393 775.5927382407636994   0.0999415197802020
 782.3938625967462652 798.0483538901500076 777.0081431150707618   0.5972415203289801
 783.9056435038832881 796.0395750097916318 776.8890903686337452  -0.5163584802197979
 784.7144462892015788 795.4443112776064418 778.5331521051452429   0.2935415197802020
 784.7654688948174276 794.8755037112961683 774.5344916057677940   0.0380415197802020
 785.7311189492512329 796.3079161208084418 773.4157737344864422   0.0879415197802020
 786.6438566719352053 792.7325542754294411 775.0976299936763306  -0.0303584802197980
 785.7084422356441771 791.2925829613814462 776.2409143046987224  -0.0122584802197980
 787.1975464291741442 791.8613905276918273 773.3118387971207605  -0.0122584802197980
 789.0362499574795472 793.5810413095601064 776.4601225362335600   0.7993415186826456
 790.2626822183944414 791.9199720378432899 777.6034068472559518  -0.8014584791222417
 789.7354486270304189 795.8260359566585313 776.1993403297524711  -0.8014584791222417
 781.3790796628305949 791.7139918892459103 775.9309992187356611   0.2718415197802020
 777.1404239444452364 775.2147930139794705 784.8675141060492329   0.0822415197802020
 777.1593212057844319 778.6238589595733591 782.6811009691023779  -0.1825584802197980
 779.1586514554731026 778.9961350079558507 783.0118030425385110   0.0602415197802020
 776.4903581543763371 778.2610315418605724 787.4337621959143007   0.5972415203289801
 778.1741041397001020 777.5278178018990630 788.8567259747569767  -0.5679584818661324
 774.8614142269361741 781.3582926753574156 790.5537000430183072  -0.0597584802197980
 776.7605889915270236 782.1028447721223992 790.8447178676421732   0.0868415197802020
 773.2778237267102303 785.2133339885568082 792.9290857933573302  -0.3204584802197979
 772.8072819193637940 784.0965058434093328 794.5958242434758839   0.0881415197802020
 775.2072341094437494 785.8993045751702218 793.1312864896868492   0.0881415197802020
 775.9215505880660633 786.4114203574629094 787.6718676887883336  -0.0660584802197980
 777.2802636783554323 784.8958599980580258 787.3619526028252725   0.0185415197802020
 775.8686382563162305 787.6057272741011501 785.9937908818663058   0.0185415197802020
 776.5319321293225882 787.5641532991548988 789.2667965458178591   0.0185415197802020
 775.5549437180853087 779.6802158684353878 794.7205461683146375  -0.5679584818661324
 777.5731712291131748 771.4145537586637875 792.8591659264021787  -0.0275584802197980
 777.1139677785703200 770.0501714899726814 794.3350420369946876   0.1122415197802020
 777.6695472619431355 769.9632440878123184 790.3552787989565414  -0.0050584802197980
 777.6695472619431355 771.2992804644946316 788.7886958339358090   0.0338415197802020
 779.4477795539630919 768.9220049880217319 790.2815794797336367   0.0338415197802020
 778.8392877388404437 759.6736852886111148 789.5918294408523626   0.1446415197802020
 777.7262390459608288 763.5967567426315675 789.7637945190392120  -0.2387584802197980
 779.6310829889534156 764.3016245905842839 789.9376493233599379   0.1699415197802020
 780.1507576757818243 772.5200435470077886 793.5904899402297040   0.5972415203289801
 781.6625385829187398 771.1575510044505590 794.7129872637789164  -0.5679584818661324
 780.6534248274048068 774.9445621768287839 793.0613666227318050  -0.4157584802197979
 779.3891980438115220 775.9593451107444540 792.0390247842804138   0.2718415197802020
 783.0552667436187463 776.1445382718687616 793.7964700888271909  -0.0389584802197980
 784.5594887462200482 774.9105471064181463 793.1653015600974867   0.1006415197802020
 783.5088010157598639 778.6748815651893154 792.4377569985377146   0.3653415197802020
 783.2234523695377351 778.3970918235029077 790.4157500352419879   0.0042415197802020
 781.8855262667214381 780.8877508680110867 793.3070310201415593  -0.2438584802197979
 782.1897721742827623 782.4921283557102099 792.0541425933517486   0.0641415197802020
 779.9107624567738072 780.3529583721113432 793.2238830702489493   0.0641415197802020
 782.3787447876749304 781.4376611729821651 795.2307722244733411   0.0641415197802020
 786.0164675954733618 779.4175439358203149 792.8402686650629834  -0.6761584785734636
 786.2507936360795343 781.0956207427424502 792.1864234227262233   0.4101415197802020
 783.3443948421087356 776.3013855409841689 796.6669640862534754   0.5972415203289801
 785.1849880965480151 775.3432943910860847 797.7119826383119225  -0.5679584818661324
 781.4168741855089858 777.2405794295430577 798.0143388197393701  -0.4157584802197979
 779.9088727306398232 777.9719034433705831 797.1016010970553977   0.2718415197802020
 781.4886837785980139 777.3350657362391418 800.7960156888714151  -0.0875584802197980
 783.2404599047430539 778.2742596247980306 801.3402568154407562   0.0968415197802020
 779.3079398200528961 778.9073178796616113 801.9204027385546115   0.2984415197802021
 779.6669877854979296 779.1170774805268514 803.9386302495824775  -0.0297584802197980
 779.2323507746960072 781.5623830978209186 800.7563314400591478  -0.3192584802197979
 777.9019835764155389 782.7396824792539479 801.7994602659836110   0.0790415197802020
 781.0956207427424502 782.4335468455586399 800.8678252819604432   0.0790415197802020
 778.6408664947786779 781.4849043263301533 798.7834573562452862   0.0790415197802020
 776.6887793984379954 777.7054520584876495 801.6142671048594108  -0.3192584802197979
 776.2617012921717942 777.4276623168012419 799.6187163074384933   0.0790415197802020
 776.5999622701437559 775.9007636005928840 802.5988144206323039   0.0790415197802020
 781.6001776204994168 774.6800005180797270 801.9411897260277908   0.5972415203289801
 782.9324345449138692 774.2926066606259004 803.7987905156722817  -0.5679584818661324
 780.3624070027809408 772.8053921932299173 800.7752287013983431  -0.4157584802197979
 779.3041603677850356 773.2192422165586603 799.2426608067881409   0.2718415197802020
 780.5192542718964556 770.1805625932132796 801.6085979264575662   0.0336415197802020
 779.9296597181130025 770.0936351910529167 803.5833617364053045   0.0822415197802020
 778.6843301958589130 768.5648467487105748 800.0495738659725550  -0.1825584802197980
 778.6805507435910526 766.6392158182448089 800.7865670582018175   0.0602415197802020
 776.7794862528662189 769.3415241897522120 800.1837444214810137   0.0602415197802020
 779.2663658451066448 768.5194933214964630 798.0766997821588007   0.0602415197802020
 783.2442393570109144 769.1676693854314861 801.4914349061544263   0.5972415203289801
 784.1683154364983610 768.1736734389888878 803.3830507662096622  -0.5679584818661324
 784.5840551859610880 769.4945920065998661 799.3617135532252648  -0.4157584802197979
 783.7998188403837299 770.4111091815516989 797.8707196335613138   0.2718415197802020
 787.2145539643794628 768.6385460679334796 799.1973073795740292  -0.0014584802197980
 787.2410101302542719 766.7166945897355742 799.9361902979372755   0.0875415197802020
 788.1310711393311884 768.4665809897466302 796.4326380456473028  -0.0152584802197980
 789.3499444957104690 766.8300781577708537 796.3362620128173422   0.0294415197802020
 786.5229141993642047 768.0735179538910665 795.2099852370002693   0.0294415197802020
 789.6636390339413907 770.6397660437561343 795.3384866141068835  -0.0011584802197980
 788.5883848637401667 772.1213113327503803 793.3996276007036592  -0.1906584802197980
 786.7496813354347637 771.6432106208683302 792.7174364663581062   0.1698415197802020
 789.8582808257352960 774.2321354243404540 792.3905138451897262  -0.2341584802197979
 789.0022348870689097 775.3999861751037782 790.9902267799541062   0.1655415197802020
 792.4566542598770172 774.8897601189449670 793.4090762313732570   0.3225415197802020
 793.7454474832112347 776.9514513310530683 792.5870453631175080  -0.5579584818661324
 794.8433783670195146 777.5693917768453143 793.8928461216571515   0.3991415197802020
 793.5999385708993017 773.1153072791929786 795.3460455186426046  -0.2341584802197979
 795.4424215514725652 773.4554579832988168 796.0792592586040065   0.1655415197802020
 792.1599672568513069 771.0555057932187540 796.2002017311750071  -0.1906584802197980
 792.9593214114999998 769.8158454493665089 797.5778120828035713   0.1698415197802020
 788.9946759825331886 770.1484372489366260 800.9056198046389414   0.5972415203289801
 790.7710185484192684 769.0410577344587484 801.9090643817510298  -0.5679584818661324
 788.5090163661155248 772.5899634139628328 801.3383670893068798  -0.4157584802197979
 787.1181779315493949 773.4497888048969724 800.3349225121946838   0.2718415197802020
 790.0151280948507032 774.1074134995015930 803.1033712983892704  -0.0237584802197980
 792.0031199877358996 773.8711977327614365 802.6196014081054832   0.0879415197802020
 789.3593931263800665 776.9249951651781519 802.8709349839169745   0.0341415197802020
 787.3184889017450372 777.1687698364540295 803.0145541700950309   0.0240415197802020
 790.2154390650463456 777.9416678252278060 804.4450768534734280   0.0240415197802020
 790.2853589320014971 778.1268609863521136 800.3935040223462538   0.0017415197802020
 789.2441198322108033 777.3029403919624883 798.8212518789237842   0.0439415197802020
 789.8110376723872002 780.1261912360407844 800.4558649847656842   0.0439415197802020
 793.6320639151759552 777.8755274105406225 799.6432827471795330  -0.2737584802197979
 795.0814838598935477 778.5917336152967055 802.6517267523821367  -0.0536584802197980
 797.1072702754571348 778.7731473241531525 802.3588192016242870   0.0683415197802020
 794.3104755972537552 780.3453994675756222 803.4057274798167181   0.0683415197802020
 794.7318845251181118 777.0629451729544712 803.9896528551983264   0.0683415197802020
 789.7543458883696142 773.1984552290854810 805.8434741925751716   0.5972415203289801
 791.6724179142996592 772.8658634295153639 807.1171496068380542  -0.5679584818661324
 787.4488800049856354 772.6504346502483868 806.7392043800538253  -0.4157584802197979
 785.9200915626434012 772.9716880930149223 805.6242659610402265   0.2718415197802020
 787.0747142304692670 771.5921880152524813 809.2808860301778532  -0.0518584802197980
 788.1065046995902559 772.7581490398818216 810.6301504897976244   0.0921415197802020
 784.2609120170604611 771.6091955504576927 810.0159894962732390  -0.1102584802197980
 783.2064448343324164 770.4734701439710220 808.6553866798499937   0.0456415197802020
 784.1002852956771935 770.6888989232381067 811.8565827507125185   0.0456415197802020
 783.0174722209403557 774.2378046027421911 810.2030723835314232   0.3530415197802020
 782.7982639894054105 775.0447176619266051 808.3322435109493668  -0.0361584802197980
 780.3907528947897339 773.9524559565200622 811.3747025865626080  -0.4121584802197980
 779.4515590062309524 775.7836005802897441 811.4219457399107037   0.0999415197802020
 779.2663658451066448 772.6561038286501238 810.2351977278080769   0.0999415197802020
 780.5494898900391251 773.2192422165586603 813.2927746124926530   0.0999415197802020
 784.5179147712737969 776.1237512843955823 811.7980012405609486  -0.4121584802197980
 783.4483297794744173 777.8698582321387778 812.0134300198280333   0.0999415197802020
 784.9015291764597629 775.3300663081486265 813.6612712086073916   0.0999415197802020
 786.2961470632936460 776.5829547349384371 810.8663662565377809   0.0999415197802020
 788.1953218278846030 768.9295638925573456 809.5303298798554679   0.5972415203289801
 789.4519897069421667 768.3853227659881118 811.4087176569732455  -0.5679584818661324
 787.9061937293946136 767.3081788696529038 807.6122578539254229  -0.4157584802197979
 786.7988142149167359 767.8127357474099776 806.1288228387971930   0.2718415197802020
 789.1949869527289382 764.8496451694213781 807.5517866176399765  -0.0024584802197980
 788.7055478840433066 763.7913985344254729 809.2506504120351836   0.0977415197802020
 788.3710663583392055 763.3303053577487415 805.2123056638454675  -0.0343584802197980
 788.9417636507834631 764.3980006234142445 803.5455672137269139   0.0294415197802020
 789.4255335410672503 761.5596319702645062 805.2028570331758699   0.0294415197802020
 785.5874997630731766 762.6707909370102444 804.9061700301501595   0.0117415197802020
 783.8867462425440928 762.6877984722154558 806.9640817899904001  -0.1256584802197980
 784.5160250451399205 763.1904656238385456 808.8122339489654009   0.1329415197802020
 781.3242776049468856 762.0793066570928075 806.5880262893400477  -0.1704584802197980
 780.0468227384161426 762.1246600843069193 808.1470503498251665   0.1429415197802020
 780.4455549526735507 761.4405792238274896 804.1597282072512993  -0.1072584802197980
 778.4991370347346054 760.9927141300881091 803.8800487394309076   0.1296415197802020
 782.1330803902651763 761.4027847011489916 802.1055958996789191  -0.1704584802197980
 781.4735659695266791 760.9265737154009255 800.2593334668377950   0.1429415197802020
 784.6936593017285068 762.0131662424056239 802.4835411264631480  -0.1256584802197980
 785.9578860853217918 762.0018278856020421 800.9150684353085390   0.1329415197802020
 792.0843782114945256 765.1406629940452441 807.5801325096487694   0.5972415203289801
 793.3807303393644639 763.6761252402563168 808.8330209364385802  -0.5679584818661324
 793.1010508715440723 767.0700733767788706 806.3140159999215006  -0.4157584802197979
 791.9502076559860668 768.1698939867210273 805.2482104603899816   0.2718415197802020
 795.7769030771766663 767.7352569759191050 806.3914947714122659  -0.0252584802197980
 796.9012901268597554 766.1308794882199818 805.7508776120129641   0.0697415197802020
 796.0981565199432018 769.3150680238772955 805.1121501787476464   0.0697415197802020
 796.6801921691909336 768.5119344169607419 809.0238832759646247   0.5972415203289801
 798.6322792655316161 767.5840788852054349 809.8572525010238479  -0.5679584818661324
 795.2288824983394647 770.0501714899726814 810.4109422582627867  -0.4157584802197979
 793.6585200810508717 770.7966133128715415 809.6002497468106196   0.2718415197802020
 795.8165873259889336 770.7096859107111785 813.0471102150828987  -0.0518584802197980
 797.7346593519189785 771.4655763642797437 813.1056917252344687   0.0921415197802020
 793.9457584534068770 772.7808257534888776 813.8974869753475481  -0.1102584802197980
 793.7359988525416369 774.1017443210998558 812.3271245580589551   0.0456415197802020
 792.0957165682979998 771.9380078977600567 814.2338582271855256   0.0456415197802020
 794.7281050728503586 774.3474087185096099 816.2312987507402125   0.3530415197802020
 796.5970442192984312 775.1505423254261635 815.9081555818396930  -0.0361584802197980
 792.8440481173308438 776.5187040463851300 816.5525521935068554  -0.4121584802197980
 793.4506502063195083 777.7602541163713590 818.0813406358491970   0.0999415197802020
 792.7495618106347599 777.6128554779255494 814.8158938764332576   0.0999415197802020
 790.9694397924809268 775.7779314018880070 816.9815200259069330   0.0999415197802020
 794.7470023341895539 772.8979887737920175 818.7351858781858497  -0.4121584802197980
 795.0380201588134199 774.2151278891351351 820.2904304864031078   0.0999415197802020
 792.9631008637678604 771.9039928273494191 818.9865194539974483   0.0999415197802020
 796.3135852992102865 771.5695113016454256 818.7729804008643478   0.0999415197802020
 795.7504469113017498 768.3683152307827929 814.7592020924155641   0.5972415203289801
 797.5154511203841407 767.8958836973024800 816.1897247757939612  -0.5679584818661324
 793.7700139229522745 766.8187398009673795 814.5891267403626986  -0.4157584802197979
 792.3149247998328376 767.3062891435190271 813.4326143464028487   0.2718415197802020
 793.5375776084799787 764.5208328221191217 816.1273638133745308  -0.0275584802197980
 793.8342646115055816 765.0083821646707693 818.1059070755901295   0.1122415197802020
 790.8522767721777869 763.4814834484624116 815.8571329762238441  -0.0050584802197980
 790.5234644248755303 762.9674779400358474 813.8880383446778430   0.0338415197802020
 790.6973192291962562 761.7750607495314834 816.9985275611122519   0.0338415197802020
 788.8057033691411278 765.2578260143483840 816.6886124751491906  -0.1415584802197980
 789.1212876335059261 767.2873918821798318 818.2041728345540741  -0.1638584802197980
 790.9089685561954802 767.8807658882311453 818.9827400017295879   0.2061415197802020
 786.8422779159969712 768.4741398942823513 818.6161331317488331  -0.3418584802197979
 786.6551950287386795 769.9878105275532508 819.7650866211729620   0.3411415197802020
 784.9242058900668189 767.2930610605815689 817.3197810038788947   0.1379415197802020
 781.9667844904800640 764.0994238942546576 814.3529109736225421  -0.1972584802197980
 780.8140515487881820 762.8616532765362892 813.2115163887341344   0.1446415197802020
 784.5708271030236298 763.6156540039708704 814.6118034539697546  -0.2387584802197980
 785.4193141371541878 762.0131662424056239 813.6763890176787262   0.1699415197802020
 786.1166230805711828 765.2049136825985512 816.0914590168301239   0.1242415197802020
 795.5520256672399840 762.5479587383053674 815.4905261062430895   0.5972415203289801
 796.4250791411115818 761.1949148264177356 817.1648234608973642  -0.5679584818661324
 796.4061818797723865 762.4629210622788809 813.1189198081719269  -0.4157584802197979
 795.5331284059007887 763.5495135892835793 811.8017806928288093   0.2718415197802020
 798.6965299540849231 761.1060976981233885 812.3838163420765410  -0.0249584802197980
 798.5699183031121854 759.1785770415237460 813.0962430945648711   0.0842415197802020
 798.8987306504145496 761.0059422130255673 809.5019839878466748   0.2116415197802020
 797.2395511048316096 760.0705277767345391 808.7196373684033007   0.0351415197802020
 798.9913272309766495 762.9183450605538752 808.7479832604120936   0.0351415197802020
 801.0983718702988626 759.6869133715485732 808.7744394262870100  -0.6546584813173543
 800.8829430910318855 757.9086810795286166 809.1410462962676573   0.4274415197802020
 801.0719157044239462 762.3079635192973503 813.5252109269650561   0.5972415203289801
 802.6214911342393599 760.9398017983383838 814.5607808483539057  -0.5679584818661324
 801.3345876370390191 764.8156300990108481 813.5422184621702676  -0.4157584802197979
 800.0420149614368339 765.8927739953459489 812.6238115610845582   0.2718415197802020
 803.4510809070308299 766.1384383927557029 814.7497534617459665   0.0336415197802020
 805.2047467593097463 765.3504225949104842 814.0127602695167039   0.0822415197802020
 803.3906096707453833 768.9409022493609271 814.0108705433827200  -0.1825584802197980
 805.0800248344708853 769.8782064117858320 814.7289664742728945   0.0602415197802020
 803.3622637787364829 769.1279851366191114 811.9567382358103398   0.0602415197802020
 801.7333198512964274 769.8649783288483738 814.8026657934957994   0.0602415197802020
 803.5947000932088862 765.7510445353018763 817.6296960898419561   0.5972415203289801
 805.6450529485134058 765.9626938623009930 818.6936119032395984  -0.5679584818661324
 801.5537958685738569 764.9762568203941158 818.9128201347745435  -0.4157584802197979
 799.8587115264465102 764.9894849033315740 818.0265385779653802   0.2718415197802020
 801.7748938262426786 763.9973786830229598 821.5036346643805438  -0.0518584802197980
 802.7310952500067787 765.4108938311960381 822.6601470583403938   0.0921415197802020
 799.1821895705026943 763.4361300212482999 822.6695956890099915  -0.1102584802197980
 798.2429956819438055 761.9753717197272332 821.5641059006659904   0.0456415197802020
 797.3623833035365941 765.6754554899449877 822.9889594056426504   0.3530415197802020
 796.6253901113072243 766.2537116869248588 821.1578147818729685  -0.0361584802197980
 798.5812566599157672 767.9714727426592615 824.2531861892359352  -0.4121584802197980
 797.1715209640105494 769.4379002225821726 824.5612115490651198   0.0999415197802020
 800.0571327705082761 768.7462604575670220 823.0456511896602363   0.0999415197802020
 803.3811610400756782 761.5841984100054387 821.6774894687012699   0.5972415203289801
 803.5758028318695834 760.1083222994130371 819.6422544224680850  -0.4157584802197979
 802.6857418227926669 760.7319319236070202 818.0662228267777549   0.2718415197802020
 805.4806467748622775 758.1448968462687731 819.2170660423358677   0.0336415197802020
 804.7606611178382264 757.0016125352464888 817.6712700647882072   0.0822415197802020
 807.8919373217457073 759.3996749991925677 818.2268495481611301  -0.1825584802197980
 809.2525401381690601 757.9615934112784494 817.6542625295829959   0.0602415197802020
 807.4289544189350995 760.5656360238219079 816.5922364423192300   0.0602415197802020
 808.7215270945371772 760.5826435590272267 819.6951667542179178   0.0602415197802020
 796.5592496966200405 750.3970196971917048 814.7044000345318547   0.5972415203289801
 795.4235242901333698 751.5818779831603479 813.0603382980203570  -0.5679584818661324
 799.0234525752533031 750.7258320444939614 815.1692726634765540  -0.4157584802197979
 799.8171375515002589 749.7034902060425702 816.5714494548460507   0.2718415197802020
 800.6410581458898845 752.4530417308979617 813.7179629926249775  -0.0014584802197980
 800.0004409864905826 754.3881212920333253 814.0316575308558993   0.0875415197802020
 803.3868302184775228 752.2395026777648609 814.6533774289160057  -0.0152584802197980
 803.5417877614590534 753.1786965663237498 816.4788528742839505   0.0294415197802020
 803.8252466815471980 750.2647388678172302 814.9651822410130510   0.0294415197802020
 805.3729323852287353 753.2958595866268897 812.8656965062264517  -0.0011584802197980
 805.4258447169785681 755.8923432946346272 812.3403526409964133  -0.1906584802197980
 804.0614624482873545 757.1112166510139076 813.2115163887341344   0.1698415197802020
 807.2191948180697519 756.9071262285504046 810.6641655602082619  -0.2341584802197979
 807.2532098884803894 758.9121256566408125 810.2673230720847304   0.1655415197802020
 808.9615223135451943 755.2989692885834210 809.4528511083647026   0.3225415197802020
 810.6736141908778597 756.2759576998207005 807.8106790979871888  -0.5579584818661324
 811.6902868509275137 755.0079514639595552 807.0188838478741096   0.3991415197802020
 808.9029408033936244 752.6779191408346439 809.9498490815860554  -0.2341584802197979
 810.2314182755402162 751.4401485231161680 809.0238832759646247   0.1655415197802020
 807.1322674159093888 751.6914820989277667 811.6789484941239322  -0.1906584802197980
 807.1322674159093888 749.7034902060425702 812.0965779697205357   0.1698415197802020
 800.4445266279621026 751.9447054008731345 810.8682559826717648   0.5972415203289801
 799.7320998754737725 753.6397897430005885 809.4396230254272444  -0.5679584818661324
 800.9188478875762921 749.5901066380072907 810.0745710064248090  -0.4157584802197979
 801.4196253130655055 748.2880853317355078 811.3860409433661895   0.2718415197802020
 800.7298752741842313 748.7718552220194025 807.4346235973368366  -0.0275584802197980
 801.8807184897422369 750.0209641965413526 806.2648831204395284   0.1122415197802020
 801.7748938262426786 746.0733263027798599 807.1719516647217637  -0.0050584802197980
 800.9717602193261249 744.8827988384094799 808.6534969537160096   0.0338415197802020
 801.1286074884416397 745.3098769446756812 805.3691529329608746   0.0338415197802020
 804.6038138487228192 745.8314413576379663 807.2116359135341383  -0.1415584802197980
 806.0796899593153281 745.7898673826916077 809.2941141131153114  -0.1638584802197980
 805.4012782772375282 745.9051406768608711 811.2008477822418822   0.2061415197802020
 808.5930257174305630 745.6386892919779376 808.6327099662429377  -0.3418584802197979
 808.8764846375187079 745.4950701057999886 806.0570132457082723   0.1379415197802020
 811.0062059904479768 745.2588543390598321 804.5036583636249980  -0.2601584802197979
 810.6622758340742779 745.0963378915425804 801.8769390374743762  -0.1134584802197980
 808.2094113122444896 745.1757063891672224 800.8545971990229850  -0.1972584802197980
 807.9618571887008588 745.0661022733998036 798.8288107834593979   0.1446415197802020
 806.0853591377170652 745.4402680479162793 802.4362979731150523  -0.2387584802197980
 804.2164199912688853 745.5196365455409212 801.6237157355290084   0.1699415197802020
 806.3593694271356123 745.6084536738352680 805.0856940128727299   0.1242415197802020
 798.0143388197393701 748.9305922172687937 806.4273995679567800   0.5972415203289801
 797.6496216758925994 749.7318360980513631 804.2787809536883157  -0.5679584818661324
 796.0981565199432018 748.2578497135928383 807.9335112966920660  -0.4157584802197979
 796.4779914728614146 747.5643202224437037 809.6777285183013849   0.2718415197802020
 793.4525399324534921 748.4052483520386479 807.1341571420433729   0.0336415197802020
 793.2352214270525311 747.3016482898286307 805.4069474556392653   0.0822415197802020
 791.7687939471296198 747.2260592444718494 809.1769510928121715  -0.1825584802197980
 791.9691049173252621 748.2578497135928383 810.9476244802964068   0.0602415197802020
 792.6305090641977433 751.1245642587513696 806.5181064223850035   0.5972415203289801
 791.6157261302819657 751.5932163399638221 804.4734227454822211  -0.5679584818661324
 793.1256173112851121 752.9368116211818562 808.2075215861106131  -0.4157584802197979
 793.9665454408800563 752.4587109092998061 809.8685908578274296   0.2718415197802020
 792.5322433052337988 755.6051049222786217 807.7596564923712326  -0.0024584802197980
 790.5801562088932236 755.7657316436619969 807.1322674159093888   0.0977415197802020
 792.8402686650629834 757.0866502112728679 810.2351977278080769  -0.0343584802197980
 794.7829071307340681 756.8693317058719067 810.8871532440109602   0.0294415197802020
 792.5398022097695199 759.0784215564259248 809.8232374306133178   0.0294415197802020
 791.0601466469091503 756.4025693507934381 812.3894855204783856   0.0117415197802020
 788.6016129466776249 755.4690446406362864 811.9378409744711445  -0.1256584802197980
 787.9288704430016694 755.1629090069410858 810.0405559360141715   0.1329415197802020
 786.9651101147018482 754.9607083106114595 813.9692965684364687  -0.1704584802197980
 790.1965418037071504 756.3458775667757447 816.9248282418893471  -0.1704584802197980
 791.8443829924865086 756.8258680047917787 814.8952623740578993  -0.1256584802197980
 793.7208810434703023 757.5326255788783718 815.2713178747082517   0.1329415197802020
 794.1328413406651686 756.7389406026314159 805.6242659610402265   0.5972415203289801
 793.1293967635529727 758.1203304065278406 804.0387857346802988  -0.5679584818661324
 796.5516907920843194 756.0189549456073647 805.4447419783177635  -0.4157584802197979
 797.2716764491083706 754.8907884436564151 806.8185728776784671   0.2718415197802020
 798.2392162296760524 756.7767351253098065 803.3849404923435388  -0.0518584802197980
 798.4074018555950411 758.8327571590161707 803.4095069320845786   0.0921415197802020
 800.8583766512908457 755.6069946484126057 803.9178432621094058  -0.1102584802197980
 801.3515951722443380 756.0794261818929187 805.8472536448429247   0.0456415197802020
 800.7336547264520920 753.5547520669741021 803.8422542167525169   0.0456415197802020
 803.0617973234430193 756.4970556574895223 802.2473253597229915   0.3530415197802020
 802.6989699057301251 758.4056790527499695 801.5632444992434545  -0.0361584802197980
 805.5071029407370866 756.4951659313555383 803.7893418850026841  -0.4121584802197980
 807.1228187852397913 756.9354721205591978 802.5969246944984274   0.0999415197802020
 805.3899399204340540 757.9067913533947401 805.2860049830683722   0.0999415197802020
 805.8056796698966736 754.6413445939788004 804.6416083714012099   0.0999415197802020
 803.4567500854325670 754.7207130916034424 800.0098896171601803  -0.4121584802197980
 804.9893179800427692 755.4029042259491027 798.8250313311916448   0.0999415197802020
 803.9272918927790033 752.8290972315483140 800.6807423947022591   0.0999415197802020
 801.7427684819660250 754.6318959633092028 798.8949511981466889   0.0999415197802020
 797.1507339765373701 755.9906090535985718 800.8092437718088732   0.5972415203289801
 796.8049140940297948 757.5798687322263602 799.1500642262260408  -0.5679584818661324
 796.4590942115222193 753.5830979589828952 800.4955492335779515  -0.4157584802197979
 796.7614503929495595 752.3604451503358615 801.9449691782955439   0.2718415197802020
 795.3365968879730069 752.5966609170760180 798.1579580059174264  -0.0518584802197980
 796.5441318875485983 753.1087766993687056 796.5668086011556543   0.0921415197802020
 795.1740804404557552 749.6940415753729725 798.3204744534345708  -0.1102584802197980
 794.8717242590283076 749.1309031874644360 800.2801204543109743   0.0456415197802020
 793.5186803471406758 749.0704319511789896 797.2603380923047889   0.0456415197802020
 797.4644285147682918 748.2729675226641731 797.2149846650906772   0.3530415197802020
 797.4077367307507059 748.4506017792527596 795.1627420836521736  -0.0361584802197980
 800.0476841398386783 749.2046025066873408 798.1088251264354542  -0.4121584802197980
 801.5311191549668010 747.9649421628349885 797.4001778262149848   0.0999415197802020
 800.3859451178105327 751.0829902838051185 797.3567141251347495   0.0999415197802020
 800.1270526374633202 749.2461764816335919 800.1648471601417109   0.0999415197802020
 797.2584483661709124 745.4705036660589488 797.8839477164987720  -0.4121584802197980
 798.7834573562452862 744.4217056617326412 796.9825483506183811   0.0999415197802020
 797.3831702910096659 745.2323981731849157 799.9286313934015544   0.0999415197802020
 795.4575393605439000 744.7278412954279492 797.2187641173585376   0.0999415197802020
 792.7344440015634250 753.7531733110358680 797.5948196180088900   0.5972415203289801
 792.2072104101994026 754.3370986864174764 795.4065167549280512  -0.5679584818661324
 791.1338459661320552 754.1556849775610292 799.5091121916710743  -0.4157584802197979
 791.6251747609516708 753.5774287805811581 801.2703369484857120   0.2718415197802020
 788.6885403488379878 755.3991247736812423 799.1595128568956385   0.0336415197802020
 787.6132861786367637 754.3484370432210580 797.7478874348564367   0.0822415197802020
 787.2258923211829371 755.3216460021904770 801.6596205320735226  -0.1825584802197980
 785.3607326270027252 756.1550152272497001 801.3988383255923262   0.0602415197802020
 787.0085738157819759 753.3695589058497945 802.2832301562675057   0.0602415197802020
 788.2368958028308541 756.3855618155881195 803.1071507506571310   0.0602415197802020
 788.9890068041314515 758.1222201326617173 798.1730758149887613   0.5972415203289801
 787.6397423445116801 758.8800003123641589 796.4288585933794424  -0.5679584818661324
 790.8144822494993961 759.5489633637722537 799.1916382011722921  -0.4157584802197979
 791.8122576482098551 758.8422057896857683 800.6712937640326614   0.2718415197802020
 791.4040768032828492 762.1076525491017080 798.2959080136936383  -0.0249584802197980
 789.6541904032717930 763.1885758977046691 798.3299230841042758   0.0842415197802020
 793.2919132110701171 763.4285711167125787 800.0722505795796110   0.2116415197802020
 793.2238830702489493 765.4524678061422894 799.6980848050632426   0.0351415197802020
 792.7382234538312855 763.1148765784816570 802.0300068543220303   0.0351415197802020
 795.8203667782567942 762.6216580575282720 799.7415485061433703  -0.6546584813173543
 795.9356400724259502 760.8037415166960483 799.9834334512853712   0.4274415197802020
 792.3338220611721402 762.0963141922981262 795.5425770365703864   0.5972415203289801
 791.2528987125691791 763.4229019383108417 793.9684351670139330  -0.5679584818661324
 794.1441796974686428 760.4598113603223497 794.8622756283587101  -0.4157584802197979
 795.0247920758759617 759.4544770570762772 796.2342168015855370   0.2718415197802020
 795.0342407065455593 760.1914702493055397 792.2431152067439167  -0.0275584802197980
 795.7674544465069612 762.0074970640038867 791.6024980473446150   0.1122415197802020
 797.2225435696263983 758.2998543892503038 792.1089446512354580  -0.0050584802197980
 796.8105832724315319 756.6841385447477064 793.3240385553468779   0.0338415197802020
 797.3359271376616777 757.5798687322263602 790.1795342685018315   0.0338415197802020
 799.7944608378932032 759.3240859538356790 792.7268850970277039  -0.1415584802197980
 801.1966376292628072 758.6872482467042377 794.7602304171270122  -0.1638584802197980
 800.5730280050687168 757.4041242017716501 796.2190989925142023   0.2061415197802020
 803.5569055705303880 759.7908483089142549 794.6014934218776209  -0.3418584802197979
 804.9836488016409247 759.4015647253264443 795.8184770521229175   0.3411415197802020
 803.7874521588688074 761.2402682536318473 792.4509850814751728   0.1379415197802020
 805.7905618608253387 762.6386655927335909 791.4191946123541839  -0.2601584802197979
 807.5763530573809089 762.6689012108762604 792.3527193225113356   0.1571415197802020
 805.4352933476481657 763.9444663512731270 789.1269568119077707  -0.1134584802197980
 806.9565228854547865 764.9970438078672951 788.3143745743216195   0.1416415197802020
 803.0769151325144615 763.8632081275145011 787.8929656464571554  -0.1972584802197980
 802.8218021044350022 764.8628732523588365 786.1600867816513108   0.1446415197802020
 801.0662465260222091 762.4345751702700880 788.9020794019710884  -0.2387584802197980
 799.3012423169397109 762.3344196851722667 787.9326498952695301   0.1699415197802020
 801.3799410642531308 761.0380675573022208 791.2453398080334580   0.1242415197802020
 792.9234166149554858 759.4336900696030978 790.4025219523045298   0.5972415203289801
 792.8194816775898041 760.4220168376439590 788.2973670391163007  -0.5679584818661324
 791.2113247376228204 757.7367160013417672 791.1565226797391109  -0.4157584802197979
 791.4210843384881678 756.9165748592200024 792.8799529138753580   0.2718415197802020
 789.0853828369614121 756.9694871909698353 789.5729321795131673   0.0336415197802020
 789.8204863030567980 756.3250905793026729 787.7587950909486967   0.0822415197802020
 787.7172211160024454 754.7509487097462194 790.8390486892404361  -0.1825584802197980
 786.1544176032495737 754.1292288116861128 789.6485212248699486   0.0602415197802020
 789.0286910529438261 753.1843657447254869 791.1036103479893856   0.0602415197802020
 786.9821176499070595 755.3235357283243535 792.6777522175457316   0.0602415197802020
 787.2882532836023677 759.1880256721933436 789.0419191358812843   0.5972415203289801
 786.6797614684797195 759.6963620022181707 786.8536162728004454  -0.5679584818661324
 786.4983477596232723 760.5731949283576290 790.9977856844897197  -0.4157584802197979
 787.0973909440763229 760.1158812039486509 792.7646796197060946   0.2718415197802020
 784.8486168447100376 762.7652772437062210 790.6878705985266586   0.0336415197802020
 783.1875475729932211 762.1681237853871544 789.6277342373968766   0.0822415197802020
 783.9925709060436511 763.6194334562386235 793.3164796508111568  -0.1825584802197980
 783.0495975652170092 765.4486883538744287 793.2030960827758774   0.0602415197802020
 782.6829906952362546 762.2323744739404615 794.0988262702545311   0.0602415197802020
 785.6196251073499374 763.7422656549435005 794.5750372560027046   0.0602415197802020
 786.1147333544373064 764.8779910614301712 789.1307362641755238   0.5972415203289801
 784.9393236991382611 765.8946637214798253 787.3940779471019261  -0.5679584818661324
 788.5430314365260550 765.3901068437228588 789.5899397147184859  -0.4157584802197979
 789.3896287445227361 764.5170533698512610 791.0771541821144690   0.2718415197802020
 790.1115041276806638 767.0965295426537870 788.0724896291796184  -0.0024584802197980
 789.3707314831835408 769.0146015685838320 788.2104396369559376   0.0977415197802020
 792.7684590719739552 767.0511761154396753 789.2403403799430502  -0.0343584802197980
 792.6664138607422573 767.8505302700883682 791.1395151445338996   0.0294415197802020
 793.3826200654983405 765.0990890190989930 789.4444308024064456   0.0294415197802020
 794.7696790477966099 768.4363453716039607 787.7531259125469595   0.0117415197802020
 795.3498249709103577 770.9591297603887932 788.3502793708661335  -0.1256584802197980
 794.3766160119409387 771.8869852921441004 789.8488321950656983   0.1329415197802020
 797.2225435696263983 772.2479229837231179 786.9840073760410435  -0.1704584802197980
 797.6741881156335319 774.1395388437782465 787.4866745276641335   0.1429415197802020
 798.4735422702822248 771.0422777102812958 784.9676695911470541  -0.1072584802197980
 799.8681601571161080 772.0306044783221568 783.8999743254815510   0.1296415197802020
 797.8858374426327559 768.5213830476304471 784.3591777760244058  -0.1704584802197980
 798.8099135221202026 767.6029761465446302 782.8228304291464503   0.1429415197802020
 796.0660311756665483 767.2061336584212058 785.7764723764653446  -0.1256584802197980
 795.6427325216682077 765.2861719063571771 785.3267175565920876   0.1329415197802020
 790.1398500196895642 766.3746541594958594 785.2492387851013224   0.5972415203289801
 789.6768671168788489 767.9639138381236477 783.6032873224559481  -0.5679584818661324
 790.5518103168843232 763.9501355296748641 784.6520853267822557  -0.4157584802197979
 790.9599911618113291 762.7199238164921093 786.0693799272231946   0.2718415197802020
 790.5631486736879049 763.0128313672499593 782.0442632619708293  -0.0518584802197980
 791.9596562866556645 764.1013136203886416 780.9897960792427846   0.0921415197802020
 791.3587233760687374 760.2141469629125954 782.0442632619708293  -0.1102584802197980
 793.2408906054542682 760.0516305153953438 782.8700735824944387   0.0456415197802020
 790.0548123436630778 759.1634592324524112 783.2442393570109144   0.0456415197802020
 791.3643925544704745 758.9801557974619802 779.4043158528828567   0.3530415197802020
 789.5181301216294578 759.1936948505950809 778.5218137483416613  -0.0361584802197980
 793.3731714348287428 760.1347784652878462 777.6733267142109960  -0.4121584802197980
 793.3882892439001850 759.1502311495149529 775.8667485301823540   0.0999415197802020
 792.9517625069643862 762.1208806320391662 777.3275068317034207   0.0999415197802020
 795.2326619506073251 759.9779311961724390 778.5482699142165778   0.0999415197802020
 791.8821775151648992 756.1493460488479630 779.6386418934891367  -0.4121584802197980
 791.8424932663525246 755.2725131227085046 777.7772616515766777   0.0999415197802020
 793.7284399480060234 755.8413206890187782 780.5003570105572602   0.0999415197802020
 790.4346472965811833 755.2781823011102417 780.8178310010559351   0.0999415197802020
 787.9969005838228371 763.3964457724359252 780.7384625034312932   0.5972415203289801
 787.9175320861980878 764.1617848566740880 778.5407110096808567  -0.5679584818661324
 785.9030840274380823 762.9315731434913334 782.0726091539797297  -0.4157584802197979
 786.1015052714998482 762.2966251624937687 783.8754078857406186   0.2718415197802020
 783.3500640205104728 763.3718793326949928 781.0672748507335498  -0.0597584802197980
 783.1780989423236233 762.3608758510470758 779.2852631064458403   0.0868415197802020
 781.3223878788130090 762.3495374942436016 782.9097578313068133   0.1302415197802020
 781.6871050226597798 763.1432224704905574 784.7749175254871327   0.0186415197802020
 778.4273274416455772 765.2105828610003958 782.4089804058177074   0.0881415197802020
 781.4225433639108302 759.4374695218709583 783.1705400377879022  -0.0430584802197980
 783.2517982615465281 758.8894489430337567 783.9188715868207463   0.0235415197802020
 780.0109179418716284 758.8573235987571032 784.5538195678183111   0.0235415197802020
 782.9532215323870486 766.1705637370323564 780.4172090606646503   0.5972415203289801
 782.0083584654264227 766.7355918510747695 778.3611870269583937  -0.5679584818661324
 783.7639140438392157 767.9223398631773964 782.0537118926405344  -0.4157584802197979
 784.5462606632825900 767.3384144877956806 783.7091119859555062   0.2718415197802020
 783.6373023928664781 770.6586633050953296 781.5283680274103886  -0.0875584802197980
 781.6795461181240587 771.1462126476469774 781.1220769086172591   0.0968415197802020
 784.4725613440596852 772.2309154485177993 783.8451722675978416   0.2984415197802021
 786.3641772041148137 771.6621078822075255 784.4196490123098524  -0.0297584802197980
 784.4971277838006176 775.0749532800692747 783.2763647012875679  -0.3192584802197979
 784.9487723298078586 776.1275307366634429 784.9903463047541099   0.0790415197802020
 785.9427682762504569 775.5152594692729341 781.8760776360518405   0.0790415197802020
 782.6584242554953221 775.6815553690580464 782.5733865794688356   0.0790415197802020
 782.6640934338970593 771.8473010433318331 786.0788285578927922  -0.3192584802197979
 783.3500640205104728 772.8904298692562964 787.7191108421364293   0.0790415197802020
 780.7819262045115284 772.5238229992756491 785.5893894892071606   0.0790415197802020
 782.5450406874600427 769.8611988765805134 786.5852751617836354   0.0790415197802020
 785.1698702874766804 771.3370749871730222 779.1624309077409631   0.5972415203289801
 784.1928818762392934 772.6239784843734703 777.4862438269528119  -0.5679584818661324
 787.4810053492622889 770.3468584929982845 778.9073178796616113  -0.4157584802197979
 788.1915423756167423 769.3245166545468931 780.3699659073166619   0.2718415197802020
 789.0759342062918143 770.7437009811218160 776.6736615893666608   0.0212415197802020
 789.4085260058620389 772.7675976705514193 776.4525636316978389   0.1123415197802020
 791.6308439393534079 769.4567974839213679 777.1744390148557666  -0.1231584802197980
 792.4831104257518263 770.2958358873824357 778.8581850001796391   0.1111415197802020
 791.3549439238008768 767.4423494251613623 777.5126999928277283   0.1111415197802020
 793.7322194002737765 769.8895447685894138 774.4966970830894034  -0.3119584802197979
 795.8865071929440853 769.3623111772253913 775.7174601656025604   0.1932415197802020
 787.8135971488324062 769.8177351755003854 774.2113484368672747   0.5972415203289801
 787.7096622114668318 771.1953455271289496 772.3291812074817439  -0.5679584818661324
 786.7024381820867753 767.5443946363930602 774.2189073414029958  -0.4157584802197979
 786.8441676421308478 766.4748096445936806 775.8100567461646606   0.2718415197802020
 789.9886719289757867 763.8877745672555408 771.7452558321000281   0.0999415197802020
 789.2025458572645520 761.9867100765307074 774.3870929673219845   0.0999415197802020
 785.7197805924477587 777.4352212213369631 773.1323148143982973  -0.1102584802197980
 785.1415243954677800 777.0912910649632642 775.0825121846049958   0.0456415197802020
 787.3978573993697865 776.2938266364485553 772.7713771228192798   0.0456415197802020
 786.4265381665342441 780.2471337086117849 772.9225552135329499   0.3530415197802020
 787.0558169691300717 780.6590940058066512 771.0044831876029051  -0.0361584802197980
 784.2117791375785963 781.9875714779532433 773.6047463478786103  -0.4121584802197980
 784.8750730105849540 783.9377688481599416 773.6954532023068339   0.0999415197802020
 783.4407708749386962 781.4716762433926951 775.4453396023178899   0.0999415197802020
 788.5770465069366925 780.8121618226541980 774.7669279202400900  -0.4121584802197980
 789.1912075004610778 782.7680283712627409 774.5514991409731129   0.0999415197802020
 787.9515471566087254 780.5287029025660531 776.7095663859111747   0.0999415197802020
 790.1814239946358154 779.5762809310697061 774.3965415979915823   0.0999415197802020
 798.1957525285958173 793.2106549873115985 767.5651816238662395  -0.3204584802197979
 796.9579819108774487 794.8509372715552356 767.4310110683578881   0.0881415197802020
 797.0713654789126208 791.6629692836300614 768.3248515297025579   0.0881415197802020
 799.7188717925363143 793.6471817242473974 768.8879899176110943   0.0881415197802020
 801.1758506417896279 787.7361183773416407 768.8898796437450783  -0.5679584818661324
 796.8068038201636712 785.0697148023787518 768.9805864981733018   0.0921415197802020
 793.0443590875264864 781.4849043263301533 769.5701810519566474  -0.4121584802197980
 792.1448494477799722 779.8087172455420021 770.3506379452661450   0.0999415197802020
 794.5259043765207324 782.0650502494440086 770.8797612627641515   0.0999415197802020
 791.6535206529604639 782.9947955073332997 769.4114440567072561   0.0999415197802020
 799.6451724733134097 781.4017563764376509 769.8215146277682460  -0.5679584818661324
 805.1990775809080092 781.1617611574296339 768.5157138692286026   0.5972415203289801
 805.9398502254051322 779.6367521673551527 770.1068632739903749  -0.5679584818661324
 805.7716645994861435 783.6240743099290199 768.6158693543264236  -0.4157584802197979
 807.1984078305966801 784.7862558822906069 770.6794502925685089  -0.0024584802197980
 809.0314421805002385 783.8546208982674393 770.8268489310143186   0.0977415197802020
 807.6519421027377977 787.5887197388958312 770.0558406683744185  -0.0343584802197980
 805.8415844664411876 788.5127958183832779 769.7364769517417596   0.0294415197802020
 809.0635675247768920 789.0967211937649937 772.0457222873934917   0.0117415197802020
 811.6883971247935298 789.4916739557545413 771.8246243297247774  -0.1256584802197980
 812.9696314435921334 791.0053445890254408 773.5990771694767658  -0.1704584802197980
 814.9746308716826488 791.3473850192651557 773.4025456515489840   0.1429415197802020
 811.6335950669098205 792.1013857466997369 775.6173046805047394  -0.1072584802197980
 812.6049142997453628 793.2578981406595869 776.9968047582671801   0.1296415197802020
 809.0257730020985014 791.6724179142996592 775.8667485301823540  -0.1704584802197980
 808.0053208897809866 792.4944487825554079 777.4352212213369631   0.1429415197802020
 807.7388695048981606 790.1965418037071504 774.0752881552249394  -0.1256584802197980
 805.7225317200041710 789.9282006926903403 774.2661504947509840   0.1329415197802020
 805.8472536448429247 784.3969722987027964 773.2173524904246763   0.5972415203289801
 806.9603023377225396 783.3084900455642216 774.9370032722930628  -0.5679584818661324
 803.4189555627541763 785.0867223375840705 773.3987661992811235  -0.4157584802197979
 802.6063733251680250 785.9408785501164730 771.8832058398763473   0.2718415197802020
 801.8920568465458185 784.7957045129602047 775.7117909872007159  -0.0597584802197980
 802.7103082625337069 785.9635552637235289 777.2027849068646670   0.0868415197802020
 799.1576231307617619 785.7178908663137747 775.2318005491847892   0.1302415197802020
 798.4697628180143644 784.7843661561567305 773.5272675763878450   0.0186415197802020
 797.3586038512687335 785.0035743876915681 777.4068753293281700  -0.3204584802197979
 795.4858852525526929 785.7991490900724006 777.1026294217668458   0.0881415197802020
 797.1507339765373701 782.9607804369226621 777.5504945155061190   0.0881415197802020
 798.0899278650962589 785.7141114140459142 779.1907767997497561   0.0881415197802020
 799.1047107990119290 788.6053923989454854 774.7763765509097951  -0.0430584802197980
 799.2842347817344996 789.6012780715219602 776.5659471997331184   0.0235415197802020
 800.6996396560414544 789.1685307868540218 773.6047463478786103   0.0235415197802020
 796.6990894305302364 789.4897842296205573 773.4271120912899164  -0.0660584802197980
 795.0436893372151571 789.1874280481932171 774.6119703772585595   0.0185415197802020
 796.8578264257795201 791.5004528361128098 773.0132620679611734   0.0185415197802020
 796.4628736637900799 788.4655526650352895 771.6583284299396651   0.0185415197802020
 801.9581972612330021 782.0518221665065504 776.6604335064292023   0.5972415203289801
 802.6649548353195950 781.5793906330262374 778.8222802036351249  -0.5679584818661324
 801.3818307903870075 780.2131186382011473 775.0201512221855654  -0.4157584802197979
 800.8753841864961643 780.7138960636903607 773.2381394778978557   0.2718415197802020
 801.3950588733244657 777.5164794450955888 775.7080115349329628  -0.0597584802197980
 800.1308320897311809 777.2575869647483765 777.3142787487659625   0.0868415197802020
 800.3935040223462538 775.8856457915215494 773.4932525059772074   0.1302415197802020
 801.4101766823959079 776.4279971919569065 771.7811606286445421   0.0186415197802020
 800.8451485683533875 773.0397182338360898 773.9486765042522017  -0.3204584802197979
 800.0968170193205434 771.9210003625547380 772.3953216221689274   0.0881415197802020
 802.8614863532473768 772.6372065673109286 774.0639497984214650   0.0881415197802020
 799.9437492024729966 772.4595723107222346 775.7099012610668393   0.0881415197802020
 797.5381278339911967 776.3826437647427948 773.0907408394519387  -0.0430584802197980
 796.4761017467274306 775.6210841327724925 774.6856696964815716   0.0235415197802020
 797.1941976776176051 778.4103199064402585 773.0321593293004762   0.0235415197802020
 796.4874401035310124 775.2601464411935823 770.6303174130865367  -0.0660584802197980
 796.5101168171380682 773.2041244074872181 770.6926783755059672   0.0185415197802020
 794.5353530071903299 775.8686382563162305 770.3846530156767825   0.0185415197802020
 797.6118271532141013 775.9083225051286051 769.0297193776551667   0.0185415197802020
 804.0274473778768246 776.6661026848310470 776.5924033656080348   0.5972415203289801
 804.2107508128671482 775.2809334286667616 778.4500041552526332  -0.5679584818661324
 806.0513440673064277 777.5221486234973259 775.3432943910860847  -0.4157584802197979
 805.7716645994861435 778.6994480049302478 773.8541901975561176   0.2718415197802020
 808.6629455843856072 776.9268848913121359 776.0424930606369566  -0.0252584802197980
 808.9747503964826525 774.8973190234806881 775.8837560653875653   0.0697415197802020
 809.9290620941128760 777.8944246718798178 774.7385820282312969   0.0697415197802020
 809.3356880880615627 777.7678130209070801 778.7277938969390407   0.5972415203289801
 810.3183456777006866 776.2654807444396549 780.2074494597994103  -0.5679584818661324
 808.6950709286622608 780.1054042485677125 779.4213233880881755  -0.4157584802197979
 807.8409147161298583 781.2467988334561204 778.1381993431556954   0.2718415197802020
 809.0522291679734178 781.0540467677960916 782.0045790131585620  -0.0275584802197980
 811.0080957165818534 780.7422419556991539 782.5733865794688356   0.1122415197802020
 808.5816873606269815 783.9132024084190092 782.0385940835690922  -0.0050584802197980
 806.8525879480891046 784.3516188714886846 781.0049138883142267   0.0338415197802020
 808.3057873450745577 784.5009072360684783 783.9944606321776351   0.0338415197802020
 810.7265265226275852 785.4363216723595065 780.9727885440375732  -0.1415584802197980
 811.3973793001696640 785.5723819540018417 778.5123651176720636  -0.1638584802197980
 810.4449573286734243 784.6445264222465346 776.9797972230619688   0.2061415197802020
 813.5289903792328094 787.0312505293890319 778.2326856498516720  -0.3418584802197979
 814.2678732975960558 787.4772258969944284 776.5300424031887118   0.3411415197802020
 814.3982644008366539 787.8910759203232788 780.5192542718964556   0.1379415197802020
 816.4864117788195643 789.3688417570496643 781.2052248585098690  -0.2601584802197979
 817.7695358237521517 790.0302459039220380 779.8011583410063883   0.1571415197802020
 816.8794748146752353 789.9300904188242168 783.7676934961070762  -0.1134584802197980
 818.4819625762404818 791.0223521242307597 784.3213832533460151   0.1416415197802020
 815.1598240328068489 789.0645958494883401 785.6026175721446188  -0.1972584802197980
 815.4602904881004199 789.5275787522990555 787.5301382287442613   0.1446415197802020
 813.0716766548239387 787.5641532991548988 784.9336545207365239  -0.2387584802197980
 811.8074498712305463 786.8914107954788360 786.3490593950434789   0.1699415197802020
 812.6313704656202793 786.9159772352198760 782.3126043729877466   0.1242415197802020
 807.3949393485244619 779.6348624412212761 783.9113126822850252   0.5972415203289801
 808.2944489882709759 778.8789719876528184 785.9182018365094172  -0.5679584818661324
 805.0195535981854389 779.1057391237233771 783.2574674399483726  -0.4157584802197979
 804.3505905467773441 779.7614740921940137 781.5812803591602214   0.2718415197802020
 803.2677774720405062 777.8074972697194548 784.9582209604774564  -0.0275584802197980
 803.3622637787364829 778.7315733492069014 786.7988142149167359   0.1122415197802020
 800.5409026607920632 778.1533171522270301 784.0190270719185676  -0.0050584802197980
 800.4577547108995609 777.6978931539520359 782.0102481915602991   0.0338415197802020
 799.3598238270912809 776.7870451574019400 784.9846771263523728   0.0338415197802020
 799.3447060180199460 780.7138960636903607 784.4272079168455735  -0.1415584802197980
 800.3783862132748116 782.9758982459941044 783.8338339107942599  -0.1638584802197980
 802.2265383722498122 783.2442393570109144 783.0061338641367739   0.2061415197802020
 798.6625148836743932 784.8939702719241493 784.2439044818552498  -0.3418584802197979
 798.9535327082982589 786.6910998252831937 783.6184051315272828   0.3411415197802020
 796.4326380456473028 783.9869017276419140 785.2208928930925293   0.1379415197802020
 794.1611872326739615 785.1660908352088198 785.9182018365094172  -0.2601584802197979
 793.9381995488712634 787.1540827280939089 785.6744271652336469   0.1571415197802020
 792.1807542443244862 783.6977736291519247 786.9065286045502782  -0.1134584802197980
 790.4403164749830279 784.5764962814253669 787.4262032913785796   0.1416415197802020
 792.4774412473500892 781.0691645768675338 787.1918772507724071  -0.1972584802197980
 790.9675500663470502 779.9655645146575167 787.9534368827426019   0.1446415197802020
 794.7356639773859724 779.8654090295596954 786.4435457017395630  -0.2387584802197980
 794.9151879601085429 777.8660787798710247 786.6306285889977471   0.1699415197802020
 796.8219216292351135 781.3186084265451485 785.4060860542168369   0.1242415197802020
 803.9877631290644499 775.0220409483195492 785.4457703030291042   0.5972415203289801
 803.3773815878079251 774.0431628109482857 787.4639978140570776  -0.5679584818661324
 805.3786015636304724 773.7408066295209457 783.7506859609017575  -0.4157584802197979
 805.7187522677363106 774.5609477716427106 782.0480427142386897   0.2718415197802020
 806.5634598495991153 771.2671551202179780 784.3383907885512264  -0.0875584802197980
 805.3464762193538189 770.2939461612485590 785.6838757959032447   0.0968415197802020
 806.7826680811339531 769.4927022804658820 782.0348146313012315   0.2984415197802021
 807.5725736051130483 767.7125802623120490 782.7094468611111710  -0.0297584802197980
 804.1786254685904947 768.8823207392093572 780.9331042952251984  -0.3192584802197979
 804.3713775342504159 767.5179384705182511 779.4024261267489802   0.0790415197802020
 803.0069952655593098 768.0584001448197318 782.4070906796837234   0.0790415197802020
 803.2828952811118409 770.5887434381402855 780.2055597336655336   0.0790415197802020
 808.5174366720736742 770.4356756212926314 779.9202110874434049  -0.3192584802197979
 808.6572764059838701 769.0013734856463738 778.4481144291187565   0.0790415197802020
 807.7520975878356188 772.1515469508931573 779.0962904930536720   0.0790415197802020
 810.4071628059949261 770.8098413958089997 780.6439761967352091   0.0790415197802020
 809.1315976655980597 771.4977017085563974 785.6630888084300653   0.5972415203289801
 809.7797737295330825 769.8347427107057043 787.1597519064957535  -0.5679584818661324
 810.5640100751104408 773.5404956593251958 785.2227826192264060  -0.4157584802197979
 809.9630771645234062 774.8198402519899229 783.9302099436243281   0.2718415197802020
 812.9601828129225357 774.0601703461536046 786.5323628300338025  -0.0518584802197980
 814.2130712397123463 772.4539031323204976 786.2300066486064623   0.0921415197802020
 814.2168506919802069 776.4034307522159741 785.3361661872616852  -0.1102584802197980
 814.5588911222199218 775.9498964800748564 783.3557331989122098   0.0456415197802020
 812.9186088379762846 777.9945801569776389 785.3815196144757970   0.0456415197802020
 816.7320761762294259 777.2292410727394761 786.5625984481765794   0.3530415197802020
 817.7241823965380400 775.5776204316923647 787.2939224620041048  -0.0361584802197980
 818.4177118876871748 778.4840192256632707 784.5746065552913829  -0.4121584802197980
 820.1978339058409003 779.0622754226431420 785.4363216723595065   0.0999415197802020
 818.8240030064801967 777.1517623012487108 783.0590461958866068   0.0999415197802020
 817.4747385468604253 780.1450884973799796 783.7998188403837299   0.0999415197802020
 816.3692487585165317 779.1643206338748397 788.6904300749719717  -0.4121584802197980
 818.2022831084200901 779.7558049137922766 789.4179746365316365   0.0999415197802020
 815.3733630859399494 780.8272796317256402 787.9874519531532394   0.0999415197802020
 815.3072226712527659 778.3555178485565491 790.2532335877248436   0.0999415197802020
 812.5822375861383068 774.3115039219650959 789.3990773751924412   0.5972415203289801
 814.0694520535342900 773.2683750960406327 790.8447178676421732  -0.5679584818661324
 810.5281052785659267 775.5284875522103923 790.2267774218499272  -0.4157584802197979
 809.4396230254272444 776.4355560964926276 788.9360944723817260   0.2718415197802020
 809.7759942772652221 775.6173046805047394 792.9026296274824138  -0.0014584802197980
 811.1819505209026868 776.6490951496257281 794.0024502374245705   0.0875415197802020
 807.1776208431235008 776.9193259867764148 793.1388453942225703  -0.0152584802197980
 806.0154392707619137 776.4279971919569065 791.5080117406485309   0.0294415197802020
 806.2251988716272611 776.1124129275921081 794.7810174046000841   0.0294415197802020
 807.1492749511147077 779.7728124489974879 793.4487604801856316  -0.0011584802197980
 808.5590106470199255 781.3375056878843438 791.8009192914062733  -0.1906584802197980
 809.6701696137656638 780.5116953673607345 790.3344918114833620   0.1698415197802020
 808.5306647550111324 783.9869017276419140 792.0465836888160276  -0.2341584802197979
 809.6021394729444960 785.1585319306730987 790.8050336188297985   0.1655415197802020
 806.9130591843745512 785.1642011090748358 794.0988262702545311   0.3225415197802020
 806.8563674003569652 787.6945444023953896 794.4786612231727440  -0.5579584818661324
 805.3710426590948586 788.2482341596343285 795.3781708629192581   0.3991415197802020
 805.4239549908445842 783.4086455306620427 795.7844619817122800  -0.2341584802197979
 804.2466556094116622 784.1380798183555841 797.2395511048316096   0.1655415197802020
 805.6242659610402265 780.7932645613150027 795.3932886719905930  -0.1906584802197980
 804.5830268612496399 779.5573836697305108 796.6027133977001683   0.1698415197802020
 809.5473374150607868 772.9509011055418503 794.0194577726298892   0.5972415203289801
 810.6925114522170550 772.3537476472226763 795.9507578814973923  -0.5679584818661324
 808.1243736362181107 771.2955010122267709 792.7495618106347599  -0.4157584802197979
 807.2815557804891825 771.8699777569388891 791.1376254183999156   0.2718415197802020
 807.7634359446390930 768.6971275780850496 793.5999385708993017  -0.0252584802197980
 806.8828235662317742 768.7009070303529102 795.4632085389456372   0.0697415197802020
 806.5143269701171431 767.7409261543209494 792.2790200032883234   0.0697415197802020
 810.2484258107455351 767.2344795504299989 793.7567858400148162   0.5972415203289801
 810.7076292612883898 765.9797013975063117 795.6559606046056659  -0.5679584818661324
 811.9019361779266305 767.4196727115543066 791.8481624447543691  -0.4157584802197979
 811.4578505364551104 768.5251624998982002 790.3420507160190832   0.2718415197802020
 814.3188959032119046 766.0420623599257423 791.8651699799595804  -0.0597584802197980
 813.8710308094726316 764.1334389646652951 792.4831104257518263   0.0868415197802020
 815.4565110358325593 765.7888390579802669 789.1779794175236196   0.1302415197802020
 813.9050458798831617 765.7056911080877646 787.8192663272342506   0.0186415197802020
 817.1629337347633802 768.0111569914716361 788.4220889639550544  -0.3204584802197979
 817.6826084215917889 767.8505302700883682 786.4340970710699653   0.0881415197802020
 816.1651583360530288 769.7761612005541343 788.6885403488379878   0.0881415197802020
 818.8844742427656431 768.0300542528108314 789.5578143704417250   0.0881415197802020
 817.0193145485854312 763.3378642622843553 788.8850718667657696  -0.0430584802197980
 818.0700022790456155 763.4229019383108417 787.1125087531476578   0.0235415197802020
 818.3855865434105212 763.1866861715706852 790.4214192136438326   0.0235415197802020
 815.4054884302167104 760.9284634415348020 788.7981444646054067  -0.0660584802197980
 813.9957527343113853 761.0777518061145955 787.3033710926737025   0.0185415197802020
 816.6243617865958835 759.3127475970320973 788.4069711548837195   0.0185415197802020
 814.4644048155238376 760.6090997249021431 790.5990534702324189   0.0185415197802020
 816.1783864189904870 767.0587350199753964 793.8588310512465140   0.5972415203289801
 817.5370995092798559 765.5507335651062340 795.0002256361350293  -0.5679584818661324
 816.1330329917763752 769.5304968031443801 794.4106310823515764  -0.4157584802197979
 815.0105356682271628 770.6851194709702461 793.3637228041591452   0.2718415197802020
 817.5238714263423977 770.6718913880327879 796.5233449000755264  -0.0518584802197980
 819.5080838669597337 770.1748934148115425 796.3249236560137607   0.0921415197802020
 817.3178912777449108 773.5745107297358334 796.3570490002904143  -0.1102584802197980
 818.1663783118755761 774.1924511755280793 794.5825961605384256   0.0456415197802020
 815.3261199325919612 774.0979648688319952 796.3116955730763025   0.0456415197802020
 818.5688899784008449 775.0277101267212863 798.5566902201747272   0.3530415197802020
 817.6429241727794143 774.5250429750981964 800.3254738815250861  -0.0361584802197980
 821.3978100008809856 774.4721306433484709 798.8023546175845888  -0.4121584802197980
 822.1971641555296785 775.6418711202456718 800.2990177156501697   0.0999415197802020
 821.6907175516387281 772.4992565595346093 799.3088012214754320   0.0999415197802020
 822.3577908769129462 774.8840909405432300 797.0279017778324930   0.0999415197802020
 818.2627543447055367 777.8679685060049014 798.1409504707121078  -0.4121584802197980
 819.0016372630687832 778.8959795228580297 799.7661149458844101   0.0999415197802020
 819.2567502911481350 778.4613425120562147 796.4383072240490400   0.0999415197802020
 816.2634240950168660 778.3252822304138795 797.9463086789182026   0.0999415197802020
 816.5979056207209671 769.6401009189117990 799.0801443592709966   0.5972415203289801
 818.1304735153310619 768.8955488221468154 800.6637348594969403  -0.5679584818661324
 814.1053568500788041 769.4416796748500332 799.4429717769838907  -0.4157584802197979
 812.9242780163780217 770.1541064273383631 798.1088251264354542   0.2718415197802020
 813.0187643230741056 768.2643802934171113 801.7030842331536504  -0.0024584802197980
 813.7652061459729659 769.2413687046543907 803.3565946003347458   0.0977415197802020
 810.1255936120406579 768.6026412713889654 801.7106431376893714  -0.0343584802197980
 809.7022949580423173 770.6114201517473414 801.8145780750550531   0.0294415197802020
 809.3810415152756744 767.9223398631773964 799.9172930365980802   0.0294415197802020
 808.6931812025283843 767.3100685957868877 803.8498131212882380   0.0117415197802020
 806.7297557493842276 765.5923075400524853 803.2999028163171598  -0.1256584802197980
 806.2459858591003330 765.2086931348664118 801.3874999687888520   0.1329415197802020
 805.3691529329608746 764.4036698018159818 805.2519899126577347  -0.1704584802197980
 803.8932768223683658 763.0940895910085850 804.8286912586593941   0.1429415197802020
 805.9511885822086064 764.9460212022513389 807.7861126582461490  -0.1072584802197980
 804.9269570176233388 764.0427321102370716 809.2714373995082556   0.1296415197802020
 807.8749297865404960 766.6883486977267811 808.3549202245564226  -0.1704584802197980
 808.2982284405388366 767.1135370778591059 810.2805511550221886   0.1429415197802020
 809.2449812336333390 767.8675378052936871 806.3971639498140030  -0.1256584802197980
 810.6962909044849154 769.1865666467706814 806.8620365787587024   0.1329415197802020
 813.8030006686514639 765.4732547936154687 801.9619767135008628   0.5972415203289801
 814.5796781096931011 764.6984670787077082 804.0179987472072268  -0.5679584818661324
 813.7878828595800217 764.0011581352907130 799.8851676923214267  -0.4157584802197979
 813.1189198081719269 764.7532691365914175 798.2543340387473872   0.2718415197802020
 814.6514877027821293 761.3498723693992661 799.9135135843302197  -0.0237584802197980
 813.4817472258848211 760.2972949128050978 801.2457705087446723   0.0879415197802020
 814.4870815291308936 760.0213948972525667 797.3151401501884984   0.0341415197802020
 815.8023309183401346 760.9341326199365391 796.0206777484524365   0.0240415197802020
 815.1579343066729722 758.0882050622511871 797.5778120828035713   0.0240415197802020
 811.9472896051407422 759.8437606406639802 795.9318606201581970   0.0017415197802020
 811.3935998479018034 761.6994717041747021 795.2836845562231740   0.0439415197802020
 812.2855505831127038 758.7212633171147679 794.2367762780307430   0.0439415197802020
 809.2941141131153114 758.4037893266159855 797.5400175601251807  -0.2737584802197979
 808.1281530884858638 761.0701929015788744 799.3276984828146273  -0.0536584802197980
 806.2837803817787237 760.6185483555717407 800.1176040067937227   0.0683415197802020
 809.4188360379541724 761.4972710078450756 800.8734944603621803   0.0683415197802020
 807.9542982841651378 762.7085854596886351 798.0937073173641194   0.0683415197802020
 817.3991495015035367 761.1533408514714843 800.8224718547463315   0.5972415203289801
 817.9358317235372641 759.7946277611820080 802.6347192171768181  -0.5679584818661324
 819.1452564492468396 762.4931566804216579 799.5620245234209071  -0.4157584802197979
 818.5726694306687053 763.6364409914439422 798.1296121139085260   0.2718415197802020
 821.8683518082273146 762.3060737931633663 800.1138245545258620  -0.0875584802197980
 822.3370038894397669 760.3010743650729585 800.1648471601417109   0.0968415197802020
 823.4689498436586845 763.5041601620694676 797.9859929277305772   0.2984415197802021
 822.7111696639562426 762.8540943720005681 796.1831941959696882  -0.0297584802197980
 823.4349347732480469 766.3954411469690387 797.9803237493288401  -0.3192584802197979
 824.4534971594315777 767.1040884471895082 796.3362620128173422   0.0790415197802020
 821.4922963075769622 767.0303891279664960 797.8707196335613138   0.0790415197802020
 824.3042087948517840 767.1456624221357594 799.6905259005275214   0.0790415197802020
 822.5146381460283534 763.3416437145522157 802.7367644284086233   0.5972415203289801
 824.2777526289769752 762.4100087305290480 803.9197329882432822  -0.5679584818661324
 821.0274236786323703 765.1331040895096305 803.7194220180476399  -0.4157584802197979
 819.6554825054055432 765.8984431737476860 802.6214911342393599   0.2718415197802020
 821.2523010885690526 766.0099370156490888 806.3234646305910984   0.0212415197802020
 823.2024984587757509 766.5466192376827088 806.6503872517594783   0.1123415197802020
 819.6365852440663479 768.3891022182558649 806.6976304051075741  -0.1231584802197980
 820.4094832328401244 769.9367879219374020 805.5713536292905012   0.1111415197802020
 817.6939467783952631 768.0413926096144130 806.0985872206545234   0.1111415197802020
 819.6857181235483202 769.2205817171812114 810.0292175792106973  -0.3119584802197979
 818.7238475213823755 771.5732907539131787 809.8270168828810710   0.1932415197802020
 820.6003455723661691 763.9463560774070034 808.2623236439943224   0.5972415203289801
 822.1820463464582364 763.2906211089363669 809.8440244180863896  -0.5679584818661324
 818.2551954401699230 763.0052724627142382 808.2188599429140873  -0.4157584802197979
 817.0571090712638219 763.5854183858280933 806.8374701390176624   0.2718415197802020
 817.2328536017185317 761.4424689499613663 810.2692127982187144  -0.0024584802197980
 817.8564632259125148 762.2134772126012661 812.0776807083813403   0.0977415197802020
 814.3321239861493628 761.5218374475861156 810.2106312880671443  -0.0343584802197980
 813.6574917563395309 761.6881333473711203 808.2679928223960595   0.0294415197802020
 813.6026896984558216 759.7398257032982985 810.9476244802964068   0.0294415197802020
 813.2436417330107879 763.6477793482475239 811.7828834314896139   0.0117415197802020
 813.8143390254549381 766.1800123677019542 811.2065169606436192  -0.1256584802197980
 814.9292774444685368 766.6297671875752112 809.5624552241321214   0.1329415197802020
 812.8845937675657544 768.1396583685783576 812.7315259507181003  -0.1704584802197980
 813.2946643386266368 770.0898557387850560 812.2666533217735084   0.1429415197802020
 811.3369080638842173 767.5651816238662395 814.8026657934957994  -0.1072584802197980
 810.5526717183068591 769.0750728048692784 815.9062658557058165   0.1296415197802020
 810.7794388543774180 765.0423972350814069 815.4017089779488498  -0.1704584802197980
 809.6361545433550262 764.6134294026812216 817.0325426315228894   0.1429415197802020
 811.7280813736059044 763.0808615080711268 813.8899280708118270  -0.1256584802197980
 811.3066724457414403 761.1401127685340260 814.3548006997564188   0.1329415197802020
 818.1588194073399624 758.7118146864451702 810.2011826573975467   0.5972415203289801
 818.5178673727849961 757.5798687322263602 812.1986231809523409  -0.5679584818661324
 818.5405440863920518 757.6308913378422090 807.9505188318972773  -0.4157584802197979
 818.2211803697592854 758.6607920808293213 806.3612591532695963   0.2718415197802020
 819.3191112535675654 754.9890542026203599 807.6972955299519095  -0.0031584802197980
 818.0454358393046831 753.8136445473213146 808.8160134012332613   0.0849415197802020
 819.1169105572380465 754.1840308695698223 804.9175083869537410  -0.0036584802197980
 817.1402570211563243 754.2747377239980458 804.3335830115720252   0.0170415197802020
 820.2072825365106054 755.4879419019754818 803.7496576361904168   0.0170415197802020
 818.0529947438402966 750.9922834293768950 800.4672033415691584  -0.6086584813173542
 828.9831707024408020 783.1573119548504440 807.4969845597562670   0.5972415203289801
 828.1290144899083995 784.2042202330428752 805.6072584258350151  -0.5679584818661324
 825.2547410402142546 780.4228782390664947 807.8730400604065121   0.0396415197802020
 825.5552074955077182 779.7784816273993326 805.9379604992711482   0.1104415197802020
 824.5234170263867292 778.1230815340842532 809.4849764526413561   0.0559415197802020
 823.9546094600763483 778.7920445854924553 811.3501361468216756  -0.0173584802197980
 822.3766881382521415 776.5867341872062977 808.2774414530656573   0.0135415197802020
 821.2107271136226940 777.8226150787907894 807.1171496068380542  -0.0425584802197980
 823.1968292803740138 775.1656601344974982 807.0264427524098307  -0.0425584802197980
 820.6797140699909184 775.3017204161398336 810.2351977278080769   0.8053415186826456
 818.3855865434105212 775.0579457448639560 809.7022949580423173  -0.8188584780246854
 821.5848928881391697 774.5609477716427106 812.2893300353805644  -0.8188584780246854
 823.1344683179545834 782.3919728706123886 807.7728845753086908   0.5365415197802020
 822.1026778488335944 782.8927502961014946 805.7489878858790877  -0.5819584818661324
 822.5165278721623374 783.5673825259114339 809.9233929157111389  -0.4157584802197979
 823.4538320345872423 783.1327455151095115 811.5315498556781226   0.2718415197802020
 820.5682202280895156 785.5326977051894671 809.9838641519965855  -0.0031584802197980
 818.8863639688996271 784.7786969777548858 809.0824647861161948   0.0849415197802020
 819.7669763473069460 786.1789840429906134 812.6880622496378652  -0.0036584802197980
 818.3005488673840349 787.6284039877082059 812.6162526565488370   0.0170415197802020
 818.8920331473013642 784.4876791531310201 813.4590705122777651   0.0170415197802020
 821.8475648207542426 787.0350299816568924 814.5210965995415311  -0.0645584802197980
 820.9726216207486608 787.1937669769062835 816.3692487585165317   0.0351415197802020
 823.3328895620163492 785.6101764766802323 814.6363698937106870   0.0351415197802020
 822.9889594056426504 789.6107267021915579 813.9144945105527594   0.6950415181338675
 821.7304018004511027 791.3077007704528884 813.0017567878687870  -0.6086584813173542
 825.4229266661332434 789.9659952153687310 814.2527554885247211  -0.9407584796710198
 826.1051178004787964 791.6818665449692567 813.7992212163836034   0.4250415197802020
 821.2919853373813197 787.8230457795021113 808.3851558426991996   0.5972415203289801
 819.6479236008698221 788.7905855600697930 807.0717961796239424  -0.5679584818661324
 823.7221731456040523 788.5052369138476643 808.2509852871908482  -0.4157584802197979
 824.9882896553313211 787.6473012490474012 809.3886004198113955   0.2718415197802020
 824.6368005944220086 790.4800007237952950 806.5559009450633942  -0.0024584802197980
 823.7977621909609411 792.2790200032883234 807.1209290591059146   0.0977415197802020
 827.5186329486518749 790.7105473121337144 806.8072345208749929  -0.0343584802197980
 827.9551596855876737 791.8424932663525246 808.4758626971274231   0.0294415197802020
 828.3368843646397632 788.8472773440873789 807.1152598807041775   0.0294415197802020
 828.7753008277095459 791.8859569674327597 804.5149967204284722   0.0117415197802020
 828.4521576588090266 794.4729920447708995 804.0104398426715057  -0.1256584802197980
 827.3296603352597066 795.6200558080611517 805.2708871739969301   0.1329415197802020
 829.5311912812780038 795.5558051195078447 801.8391445147959856  -0.1704584802197980
 829.2685193486629309 797.5475764646607942 801.4630890141456332   0.1429415197802020
 830.9088016329065681 794.0421344862369452 800.1459498988025156  -0.1072584802197980
 831.7232735966267032 794.8736139851622916 798.4678730918804878   0.1296415197802020
 831.2035989097982945 791.4437610520952238 800.6240506106846732  -0.1704584802197980
 830.1377933702667755 790.3647274296261391 802.8066842953636675  -0.1256584802197980
 830.3456632449980316 788.3653971799374684 803.1638425346748246   0.1329415197802020
 823.8128800000322758 789.9754438460383285 803.8176877770115845   0.5972415203289801
 822.5940066436531027 791.6006083212106310 802.6725137398552087  -0.5679584818661324
 824.2966498903161705 787.6926546762615129 802.8236918305689861  -0.4157584802197979
 825.2415129572767964 786.4038614529271883 803.8857179178327522   0.2718415197802020
 823.4046991551052699 786.9821176499070595 800.3046868940519067  -0.0518584802197980
 824.0906697417186835 788.3767355367409426 798.9554224344321356   0.0921415197802020
 824.3892464708782706 784.3591777760244058 799.5204505484746560  -0.1102584802197980
 823.9432711032728741 783.0023544118689134 801.0057752897367624   0.0456415197802020
 823.3574560017572816 783.7884804835801482 797.8272559324811860   0.0456415197802020
 827.2313945762958693 784.1985510546411381 798.9232970901554821   0.3530415197802020
 828.3293254601041494 784.5254736758095180 800.6316095152202867  -0.0361584802197980
 827.8002021426061431 781.5453755626157072 797.9274114175790071  -0.4121584802197980
 827.3050938955187742 780.1469782235139637 799.3560443748234204   0.0999415197802020
 826.7136096156014446 781.1749892403670922 796.2153195402463417   0.0999415197802020
 828.0836610626942878 786.0807182840266689 796.8937312223240343  -0.4121584802197980
 830.0546454203741656 785.7348984015190935 796.4099613320402471   0.0999415197802020
 826.9214794903328082 785.8785175876971499 795.2062057847324087   0.0999415197802020
 827.9362624242484783 788.0044594883585583 797.6099374270802249   0.0999415197802020
 820.5304257054111249 787.0822731350048808 800.1157142806598460   0.5972415203289801
 819.5817831861826384 788.1820937449471448 798.3053566443632361  -0.5679584818661324
 819.1528153537824531 786.0523723920178757 801.9619767135008628  -0.4157584802197979
 820.0485455412612142 785.1698702874766804 803.4113966582184552   0.2718415197802020
 816.3938151982574641 786.1865429475262272 801.9487486305634046  -0.0275584802197980
 815.7059548855101740 785.1830983704140313 800.2820101804448508   0.1122415197802020
 815.2599795179046701 784.9412134252721377 804.3146857502328299  -0.0050584802197980
 816.1613788837851683 785.7046627833763165 805.9946522832888417   0.0338415197802020
 813.2946643386266368 785.5232490745198695 804.3940542478574718   0.0338415197802020
 815.2410822565654748 782.1066242243902599 804.4772021977500815  -0.1415584802197980
 816.4864117788195643 780.6704323626101255 806.1911838012166235  -0.1638584802197980
 817.7619769192164307 781.3696310321609974 807.6198167584611440   0.2061415197802020
 815.8854788682326372 778.1533171522270301 805.8812687152535623  -0.3418584802197979
 816.6791638444795930 776.7511403608574260 806.9584126115886630   0.3411415197802020
 814.1809458954356927 777.8282842571925266 803.9386302495824775   0.1379415197802020
 812.9545136345207986 775.7023423565311182 802.9370753986042656  -0.2601584802197979
 813.3022232431622505 773.8749771850292969 803.7118631135119188   0.1571415197802020
 811.2877751844022450 776.0065882640924424 800.8886122694336225  -0.1134584802197980
 810.3448018435754957 774.4041005025273034 800.1157142806598460   0.1416415197802020
 810.8625868042699204 778.4103199064402585 799.8360348128394545  -0.1972584802197980
 809.6096983774802172 778.6049616982341637 798.2675621216848454   0.1446415197802020
 812.0663423515777586 780.5570487945748462 800.8413691160855268  -0.2387584802197980
 811.7413094565433626 782.3711858831392092 800.0287868784994830   0.1699415197802020
 813.7784342289104241 780.3189433017008131 802.9710904690147958   0.1242415197802020
 815.4508418574307149 788.9417636507834631 801.7106431376893714   0.5972415203289801
 813.9692965684364687 789.4860047773528042 800.0004409864905826  -0.5679584818661324
 816.3938151982574641 790.7199959428033121 803.2451007584334503  -0.4157584802197979
 817.6467036250472747 790.1946520775732737 804.5981446703209748   0.2718415197802020
 815.6417041969568669 793.4071865052393803 803.0693562279787404  -0.0389584802197980
 813.5970205200539770 793.5054522642032176 803.2658877459065223   0.1006415197802020
 816.8246727567915258 795.0739249553579339 805.1537241536938975   0.3653415197802020
 815.8684713330273183 796.8975106745918948 805.0649070253995506   0.0042415197802020
 816.5279857537659229 794.0855981873170729 807.8465838945317030  -0.2438584802197979
 816.6886124751491906 795.6691886875431241 809.1504949269373624   0.0641415197802020
 814.7044000345318547 793.1577426555617656 808.0733510306021543   0.0641415197802020
 818.0322077563672248 792.7779077026435528 808.3227948802797690   0.0641415197802020
 819.4211564647993707 795.5142311445615934 804.7644405701060869  -0.6761584785734636
 820.3112174738761798 793.9230817397998212 804.6302700145976283   0.4101415197802020
 816.2728727256864636 794.5788167082705652 800.4974389597119355   0.5972415203289801
 814.7327459265406476 795.9394195246938106 799.4051772543053926  -0.5679584818661324
 818.4951906591779401 793.9703248931479170 799.4561998599212415  -0.4157584802197979
 819.6970564803517945 792.8761734616074974 800.4690930677030351   0.2718415197802020
 819.3361187887728843 794.9151879601085429 797.0071147903593137  -0.0252584802197980
 819.3153318012997050 796.9749894460826600 797.0146736948950348   0.0697415197802020
 821.2674188976403873 794.2764605268431176 796.6820818953249176   0.0697415197802020
 817.6920570522613865 793.9646557147461798 794.8339297363499170   0.5972415203289801
 817.0495501667281008 795.4386420992047047 793.1501837510260445  -0.5679584818661324
 816.9607330384338613 791.5401370849251844 794.8792831635640287  -0.4157584802197979
 817.5352097831458719 790.4308678443134302 796.3362620128173422   0.2718415197802020
 815.2769870531099888 790.4629931885900837 792.9612111376339837  -0.0237584802197980
 816.0272083282767095 790.9769986970166479 791.1225076093285810   0.0879415197802020
 815.1447062237355140 787.5622635730209148 793.1690810123652399   0.0341415197802020
 814.3850363178991957 787.0784936827371276 795.0229023497420850   0.0240415197802020
 813.8218979299906592 786.8668443557379036 791.7517864119243010   0.0240415197802020
 817.6448138989132907 786.1222922589729201 792.8308200343933856   0.0017415197802020
 819.0507701425507554 786.8309395591933896 794.1422899713347662   0.0439415197802020
 817.2782070289326435 784.1569770796948868 793.3353769121503521   0.0439415197802020
 819.0488804164168790 786.0996155453658641 789.7071027350215185  -0.2737584802197979
 821.0652182013107610 788.8661746054265743 789.8733986348066308  -0.0536584802197980
 822.1461415499137221 789.0230218745420890 788.1254019609294513   0.0683415197802020
 819.9351619732259350 790.5688178520896420 790.1152835799485244   0.0683415197802020
 822.3672395075825440 788.6790917181683901 791.4588788611665585   0.0683415197802020
 812.6124732042810839 791.6024980473446150 793.1086097760797934   0.5972415203289801
 811.5523368431511945 792.2223282192707374 791.1338459661320552  -0.5679584818661324
 811.6071389010349039 792.0050097138697763 795.3989578503923301  -0.4157584802197979
 812.6181423826828210 791.4815555747736144 796.9390846495381460   0.2718415197802020
 807.6670599118091324 792.1070549251015815 794.9246365907781405   0.0863415197802020
 809.0182140975627803 795.8335948611942524 794.5750372560027046   0.5972415203289801
 807.4535208586760319 796.2776805026657723 792.8969604490806767  -0.5679584818661324
 810.7227470703598320 797.5419072862590572 795.3328174357051464  -0.4157584802197979
 811.9850841278192402 797.0373504085020906 796.6915305259945153   0.2718415197802020
 810.6188121329941502 800.1780752430791691 794.4862201277083577  -0.0875584802197980
 808.6894017502605236 800.8319204854159292 794.8055838443411239   0.0968415197802020
 812.3819266159426645 801.8807184897422369 796.0717003540682853   0.2984415197802021
 811.9397307006051285 801.5575753208417173 798.0596922469534819  -0.0297584802197980
 815.2070671861549446 801.3629335290478122 795.6918654011501799  -0.3192584802197979
 816.2955494392935196 802.4759822219274269 797.0430195869038277   0.0790415197802020
 815.6133583049479665 799.3768313622965997 796.0131188439168228   0.0790415197802020
 815.8004411922061506 801.8826082158762208 793.7889111842914698   0.0790415197802020
 811.9094950824623516 804.6812926202135845 795.5161208706954700  -0.3192584802197979
 813.0055362401366474 805.8453639187090483 796.8124729985654083   0.0790415197802020
 812.4480670306298481 805.1480549752920530 793.5829310356940904   0.0790415197802020
 809.9158340111754178 805.1140399048815228 795.7769030771766663   0.0790415197802020
 811.0836847619387420 800.4237396404889233 791.6440720222908661   0.5972415203289801
 809.7287511239172337 801.8353650625281251 790.3874041432331951  -0.5679584818661324
 812.8921526721013682 799.0215628491194266 790.5537000430183072  -0.4157584802197979
 813.9163842366867433 797.8178073018115882 791.6440720222908661   0.2718415197802020
 813.4779677736169604 799.2672272465291807 787.8400533147073226  -0.0875584802197980
 813.5724540803130446 801.2835650314231702 787.4318724697803167   0.0968415197802020
 816.1141357304371799 798.1976422547296937 787.2183334166472160   0.2984415197802021
 817.4180467628428394 798.8023546175845888 788.6942095272397248  -0.0297584802197980
 816.1821658712582401 795.3139201743659510 787.0690450520675299  -0.3192584802197979
 818.1380324198667831 794.6827516456362469 786.9764484715053224   0.0790415197802020
 815.3072226712527659 794.5070071151815370 788.7414526805878208   0.0790415197802020
 815.1692726634765540 794.6562954797613305 785.4004168758149923   0.0790415197802020
 817.0949035939422125 799.2445505329221249 784.7012182062641206  -0.3192584802197979
 819.0035269892027672 798.5510210417729901 784.3572880498905293   0.0790415197802020
 815.8760302375630394 798.6587354314065325 783.1459735980469698   0.0790415197802020
 817.1478159256920453 801.3024622927623656 784.7768072516210094   0.0790415197802020
 811.3803717649643451 798.1995319808636777 786.1638662339191712   0.5972415203289801
 810.8191231031897926 799.2653375203951967 784.1683154364983610  -0.5679584818661324
 810.1596086824512954 796.1340613164877160 786.9481025794965295  -0.4157584802197979
 810.6358196681994690 795.3403763402407601 788.6337382909542784   0.2718415197802020
 808.2396469303872666 794.9000701510371007 785.4060860542168369  -0.0237584802197980
 809.0333319066342225 794.7035386331093189 783.5144701941616011   0.0879415197802020
 807.7974510150497305 792.2582330158152514 786.5134655686946072   0.0341415197802020
 809.6229264604176754 791.3473850192651557 786.7855861319792776   0.0240415197802020
 806.9111694582406746 792.4434261769395590 788.3653971799374684   0.0240415197802020
 806.2308680500289982 790.5121260680720561 784.8278298572368583   0.0017415197802020
 805.5278899282102659 791.5609240723982564 783.2064448343324164   0.0439415197802020
 807.4648592154795061 789.0305807790777026 784.1097339263467910   0.0439415197802020
 803.5890309148070416 789.0456985881491448 786.4284278926682281  -0.2737584802197979
 801.6879664240823155 791.8481624447543691 786.9367642226929477  -0.0536584802197980
 802.4287390685794385 792.9177474365537487 788.5316930797225807   0.0683415197802020
 801.7163123160911086 793.0254618261872910 785.2492387851013224   0.0683415197802020
 799.7509971368129679 791.2906932352475697 787.3128197233433001   0.0683415197802020
 805.8491433709769087 796.5403524352808452 785.1245168602625687   0.5972415203289801
 804.8400296154629757 796.7123175134675871 783.0269208516099532  -0.5679584818661324
 804.9590823618999923 797.8196970279454649 787.1257368360851160  -0.3661984801100423
 805.8037899437627970 797.4795463238396267 788.8831821406318931   0.3114115197253242
 801.1701814633878908 798.9062895549501632 785.7821415548670818   0.2245915200545911
 803.4416322763612321 802.2624431687943264 785.9144223842415565   0.8098515201643467
 802.5893657899627063 802.4835411264631480 783.8017085665176064  -0.6015384800002868
 805.6526118530491269 803.3565946003347458 786.4322073449359812  -0.4157584802197979
 806.6352694426881434 802.7688897726852769 787.9685546918140441   0.2718415197802020
 806.6296002642864064 805.4957645839336123 784.9034189025937469  -0.0518584802197980
 805.2312029251846627 807.0037660388027747 785.0224716490307634   0.0921415197802020
 809.1561641053390995 806.3177954521893612 786.1052847237676013  -0.1102584802197980
 808.7442038081442331 806.7864475334018136 788.0705999030457420   0.0456415197802020
 810.4468470548073007 804.7096385122223776 786.1241819851069039   0.0456415197802020
 810.5243258262980662 808.5911359912965791 784.8939702719241493   0.3530415197802020
 809.1410462962676573 809.9819744258627089 784.2628017431944452  -0.0361584802197980
 812.2383074297646080 809.8289066090150550 786.8725135341396407  -0.4121584802197980
 813.1302581649755086 811.5050936898032061 786.0750491056249317   0.0999415197802020
 811.1309279152868378 810.3958244491914519 788.5090163661155248   0.0999415197802020
 813.6933965528840451 808.5042085891362160 787.4810053492622889   0.0999415197802020
 812.2628738695056480 807.8541427990673167 782.6924393259058521  -0.4121584802197980
 813.2852157079570392 809.5171017969180097 782.0329249051673551   0.0999415197802020
 813.6159177813932798 806.4236201156889194 783.2952619626267632   0.0999415197802020
 811.1781710686348262 807.1303776897755124 781.1069590995459245   0.0999415197802020
 806.8431393174195070 804.9345159221589524 782.0196968222298969   0.5972415203289801
 806.4217303895550429 806.6258208120185459 780.4776802969502043  -0.5679584818661324
 807.2853352327570429 802.5666890763556504 781.2222323937150804  -0.4157584802197979
 807.7218619696928419 801.2401013303429351 782.5318126045225844   0.2718415197802020
 807.0226633001419700 801.8259164318585274 778.5426007358148406  -0.0249584802197980
 808.0487845908612219 803.2280932232281316 777.4446698520065606   0.0842415197802020
 808.3889352949670601 799.3333676612163644 777.9775726217723202   0.2116415197802020
 808.8179031273671380 799.2710066987970413 775.9631245630123146   0.0351415197802020
 810.1690573131208932 799.2653375203951967 779.0169219954290301   0.0351415197802020
 806.9149489105084279 797.1979771298853583 778.5690569016896497  -0.6546584813173543
 806.4727529951708918 797.2697867229743867 780.3548480982453273   0.4274415197802020
 804.2712220491525946 801.8296958841263880 777.5410458848365212   0.5972415203289801
 803.7931213372705445 802.7462130590782209 775.4528985068535035  -0.5679584818661324
 802.4287390685794385 800.9377451489155950 779.0225911738307672  -0.4157584802197979
 802.9181781372650703 800.4294088188907678 780.8046029181185843   0.2718415197802020
 799.7150923402684539 801.2608883178161144 778.5312623790112589  -0.0581584802197980
 799.2785656033326549 800.4672033415691584 776.6906691245719794   0.1359415197802020
 798.1352812923103707 799.8303656344377172 780.4984672844232763  -0.0074584802197980
 799.1028210728780524 799.7320998754737725 782.3031557423180415   0.0366415197802020
 796.3608284525582747 800.8375896638177737 780.8046029181185843   0.0366415197802020
 797.4568696102325707 797.2244332957602749 779.6367521673551527   0.1867415197802020
 795.9866626780419063 796.7406634054764875 777.5183691712294655  -0.5432584802197979
 795.5180105968294540 794.2556735393700457 777.5448253371043819   0.1634415197802020
 794.3369317631286716 793.2881337588023639 776.1842225206810289   0.1434415197802020
 796.6329490158429454 793.1690810123652399 779.5498247651947897  -0.2795584802197980
 796.5233449000755264 791.3095904965867650 779.9863515021305886   0.3338415197802020
 797.8669401812935607 795.0191228974742246 780.9009789509485449  -0.2207584802197979
 798.8552669493343144 794.8055838443411239 782.6697626122987964   0.1861415197802020
 798.9006203765484261 804.0387857346802988 778.4707911427258125   0.5972415203289801
 797.4984435851788220 804.7890070098470195 776.7681478960627447  -0.5679584818661324
 799.8265861821698567 805.6280454133080871 780.2017802813976732  -0.4157584802197979
 800.9566424102547902 804.9345159221589524 781.5888392636958350   0.2718415197802020
 799.1141594296815268 808.3209051541458924 780.2150083643351314  -0.0389584802197980
 797.0562476698412859 808.4116120085741161 780.2168980904690080   0.1006415197802020
 800.0268971523654990 809.7741045511313455 782.5639379487992380   0.3653415197802020
 798.9894375048427731 811.5504471170173179 782.6357475418882662   0.0042415197802020
 799.6395032949116726 808.3775969381634786 785.0508175410395565  -0.2438584802197979
 800.3916142962122698 809.5284401537215914 786.5814957095157747   0.0641415197802020
 797.6363935929551413 808.0204386988524288 785.3664018054044623   0.0641415197802020
 800.6353889674881474 806.5899160154740317 785.0564867194414010   0.0641415197802020
 802.6120425035697621 810.3655888310486750 782.4562235591656956  -0.6761584785734636
 802.9351856724702816 811.6468231498472787 783.7015530814197851   0.4101415197802020
 800.0155587955620248 809.6456031740247313 777.8037178174515942   0.5972415203289801
 798.5453518633712530 811.0232135256532956 776.6245287098846883  -0.5679584818661324
 802.3493705709546892 809.1504949269373624 776.9438924265174548  -0.4157584802197979
 803.5228905001198580 808.1300428146198478 778.0739486546022808   0.2718415197802020
 803.3490356957990247 810.3164559515667026 774.6233087340621410  -0.0875584802197980
 802.7821178556227351 812.2912197615144408 774.6970080532850458   0.0968415197802020
 806.2629933943056517 810.3674785571825515 774.5817347591158899   0.2984415197802021
 806.9168386366424117 810.9797498245730603 776.4374458226265043  -0.0297584802197980
 807.4724181200152272 807.8087893718532048 774.0015888360020346  -0.3192584802197979
 809.5208812491858703 807.9561880102991218 774.1678847357871469   0.0790415197802020
 806.8015653424731484 806.4444071031620987 775.3735300092288618   0.0790415197802020
 806.9886482297314401 807.1738413908556402 772.1043037975450616   0.0790415197802020
 807.2437612578107918 812.2817711308448433 772.6409860195786817  -0.3192584802197979
 809.2960038392492954 812.4102725079514574 772.7657079444175427   0.0790415197802020
 806.7221968448485065 811.7129635645345697 770.7304728981843578   0.0790415197802020
 806.4481865554299593 814.1431513727573021 773.0302696031664922   0.0790415197802020
 802.1679568620982422 809.2279736984281276 772.2044592826428829   0.5972415203289801
 801.7163123160911086 810.6603861079404014 770.4224475383551731  -0.5679584818661324
 801.5178910720293427 806.7788886288660924 772.0835168100719896  -0.4157584802197979
 801.9260719169563486 805.6129276042367522 773.5575031945305145   0.2718415197802020
 800.1950827782844879 805.7678851472182830 769.8404118891074414  -0.0875584802197980
 801.1758506417896279 806.5332242314563384 768.1982398787298202   0.0968415197802020
 800.3935040223462538 802.8709349839169745 769.6060858485011615   0.2984415197802021
 802.3210246789458963 802.3153555005441592 770.0747379297136139  -0.0297584802197980
 798.5774772076479066 801.4007280517263102 771.2992804644946316  -0.3192584802197979
 799.0329012059229009 799.3919491713679344 771.2614859418162409   0.0790415197802020
 798.7853470823792701 802.0829191860718632 773.2097935858890628   0.0790415197802020
 796.6178312067716105 801.6615102582073991 770.7153550891130231   0.0790415197802020
 799.8813882400535662 802.0337863065898910 766.8792110372528259  -0.3192584802197979
 797.4795463238396267 806.7599913675268971 769.6646673586527315   0.5972415203289801
 796.1378407687555764 807.0472297398830100 771.7943887115820003  -0.4157584802197979
 796.8294805337707272 806.3650386055373495 773.4535682571648328   0.2718415197802020
 793.6925351514615092 808.3398024154850879 771.8038373422515981  -0.0518584802197980
 792.5284638529659381 807.4478516802742948 770.3600865759357427   0.0921415197802020
 792.3621679531809333 807.9977619852453731 774.3663059798488052  -0.1102584802197980
 792.1127241035033186 805.9852036526192441 774.7536998373027392   0.0456415197802020
 793.5734824050243853 808.7857777830904842 775.8365129120395770   0.0456415197802020
 789.7675739713070724 809.3319086357937021 774.4400052990717100   0.3530415197802020
 790.0075691903149820 811.3010032673397032 773.8957641725024763  -0.0361584802197980
 787.8400533147073226 808.1187044578162661 772.6485449241144027  -0.4121584802197980
 787.6246245354403454 806.1193742081275954 773.0964100178537833   0.0999415197802020
 788.6772019920345135 809.3942695982131326 777.1026294217668458  -0.4121584802197980
 787.7663539954844178 811.2046272345097426 777.4503390304082977   0.0999415197802020
 787.3052608188076864 807.8843784172100936 777.3369554623730183   0.0999415197802020
 790.1700856378322339 809.1486052008033784 778.4934678563328683   0.0999415197802020
 793.9741043454157775 811.1422662720903120 771.0951900420311286   0.5972415203289801
 795.9394195246938106 812.4537362090316927 771.9965894079116268  -0.4157584802197979
 797.0997113709215212 811.6033594487671508 773.2740442744423698   0.2718415197802020
 798.8911717458788285 816.0328775066785540 772.5540586174183186   0.0341415197802020
 798.5170059713624601 816.1651583360530288 774.5703964023123081   0.0240415197802020
 800.4312985450246444 814.7100692129335919 772.2762688757319111   0.0240415197802020
 800.7223163696485103 818.9449454790511971 777.1460931228469737   0.0683415197802020
 794.8584961760908494 818.6520379282933473 776.0292649776994984   0.4477415197802020
 796.1038256983449389 817.1686029131652246 778.8109418468316507  -0.8340584802197980
 797.1053805493232584 815.8117795490097324 779.5309275038555943   0.4169415197802020
 796.8200319031011294 818.6312509408202753 779.7595843660600297   0.4169415197802020
 787.1559724542278929 800.7279855480502473 799.1217183342172477  -0.8340584802197980
 786.4964580334893958 801.2797855791553098 797.5192305726520013   0.4169415197802020
 786.9575512101661270 802.1963027541071427 800.1818546953470297   0.4169415197802020
 803.1487247256033823 793.1539632032939052 779.3325062597938285  -0.8340584802197980
 803.5644644750661091 793.8947358477910282 777.7016726062197891   0.4169415197802020
 803.5587952966643721 794.5523605423956487 780.4644522140127461   0.4169415197802020
 792.6021631721889503 799.3220293044128902 774.1981203539298164  -0.8340584802197980
 791.3133699488546255 798.1277223877746496 774.8689731314718953   0.4169415197802020
 794.0118988680941681 798.8628258538700354 775.3036101422738176   0.4169415197802020
 789.7052130088876420 802.3342527618833545 786.7647991445062058  -0.8340584802197980
 790.8314897847047150 801.8353650625281251 785.4193141371541878   0.4169415197802020
 790.9203069129989545 803.3244692560580922 787.8306046840377249   0.4169415197802020
 819.7367407291641691 775.8497409949770352 816.6621563092742742  -0.8340584802197980
 818.2287392742950065 774.8217299781237995 816.6678254876760113   0.4169415197802020
 820.4945209088666108 775.3508532956218058 815.0199842988967605   0.4169415197802020
 791.3908487203453910 798.2127600638011359 780.1734343893888801  -0.8340584802197980
 790.4308678443134302 797.2981326149831796 778.8487363695100413   0.4169415197802020
 793.0953816931423352 797.6779675679013923 779.7274590217833762   0.4169415197802020
 800.4615341631674213 789.3971876490584572 781.5397063842138628  -0.8340584802197980
 801.9770945225721975 789.0343602313455632 782.5110256170494051   0.4169415197802020
 801.1134896793701975 790.7502315609460890 780.4247679652003714   0.4169415197802020
 811.1252587368849933 775.7099012610668393 810.1142552552371837  -0.8340584802197980
 812.4839718271743623 776.2106786865559453 811.2915546366701056   0.4169415197802020
 811.9151642608640887 776.1010745707885266 808.5098777675380606   0.4169415197802020
 809.2544298643029367 787.2731354745310328 799.7207615186702983  -0.8340584802197980
 810.9759703723051998 787.9383190736712672 799.7906813856253425   0.4169415197802020
 809.0182140975627803 787.0728245043352832 797.9141833346415488   0.4169415197802020
 815.2505308872350724 777.2160129898021252 812.6975108803074628  -0.8340584802197980
 816.3900357459896037 777.6223041085951471 814.0751212319361346   0.4169415197802020
 816.4429480777394365 776.2976060887163084 811.5617854738207921   0.4169415197802020
 804.5301145294998071 782.0707194278457457 827.2257253978941323  -0.8340584802197980
 803.1336069165320475 780.9387734736269357 827.5980014462766242   0.4169415197802020
$end
