$point_charges
 420.9327168786909950 469.4230894751103116 445.8487559544427052  -0.4121584802197980
 421.8681313149820232 467.6448571830904627 445.4065600391051693   0.0999415197802020
 421.4183764951087662 470.8177073619441947 444.4106743665286406   0.0999415197802020
 421.6394744527775878 470.0599271822418065 447.6704519475427895   0.0999415197802020
 418.9862989607521033 469.7594607269483430 452.3834289255423911  -0.5679584818661324
 422.0476552977045401 474.0737054906905366 452.7859405920676599   0.0212415197802020
 423.4101478402617695 472.6280649982408046 452.2530378223018467   0.1123415197802020
 423.1909396087269318 476.6834172816357858 452.2284713825608606  -0.1231584802197980
 423.8032108761173868 476.7590063269926208 450.2574870248809828   0.1111415197802020
 425.8705712666272252 477.3334830717046853 454.2693756071958362  -0.3119584802197979
 427.4522720407193461 475.5987144807649640 453.3169536356994892   0.1932415197802020
 421.4372737564479615 473.6409582060225446 455.5959633532085516   0.5972415203289801
 422.6126834117470068 472.0479190751269493 456.8091675311859876  -0.5679584818661324
 418.4174913944418298 466.1311865498195093 458.6667683208305859   0.5972415203289801
 418.5422133192806371 464.5627138586649003 460.3769704720293210  -0.5679584818661324
 420.3242250635683466 466.5242495856751267 457.0567216547296720  -0.4157584802197979
 420.1465908069797601 467.8829626759644956 455.7150160996455682   0.2718415197802020
 422.7241772536483560 465.1428597817787019 457.2343559113182585  -0.0518584802197980
 422.3273347655248779 463.1246322707507821 457.3118346828090238   0.0921415197802020
 424.3663492640259233 465.7003289912854476 454.8948749575237496  -0.1102584802197980
 424.5647705080876355 467.7450126681882837 454.7285790577386910   0.0456415197802020
 426.2485164934115077 464.9123131934402826 455.2010105912190039   0.0456415197802020
 423.3251101642353367 464.6515309869591936 452.3872083778102518   0.3530415197802020
 421.3711333417607241 465.2505741714121904 452.1377645281326371  -0.0361584802197980
 424.8709061417828898 465.6700933731427242 450.1705596227206199  -0.4121584802197980
 424.1679280199642113 464.8915262059671569 448.3998862352363844   0.0999415197802020
 424.7178383249352895 467.7204462284472976 450.1100883864351196   0.0999415197802020
 426.8532288562662955 465.1428597817787019 450.3954370326572483   0.0999415197802020
 423.4214861970652973 461.7640294543274830 452.2643761791053748  -0.4121584802197980
 422.6844930048360350 461.1158533903925138 450.4559082689427486   0.0999415197802020
 425.3735732934059798 461.1271917471960417 452.4457898879618217   0.0999415197802020
 422.2933196951142941 460.9382191338039273 453.7704879078406068   0.0999415197802020
 424.1376924018214342 465.7589105014370176 459.6947793376837142   0.5972415203289801
 424.9956280666216971 464.0260316366312266 460.9873520132858458  -0.5679584818661324
 424.2076122687765321 468.1645318699187638 460.4638978741896840  -0.4157584802197979
 423.5972307275199535 469.5345833170117145 459.2677012314175130   0.2718415197802020
 425.3471171275310634 468.9242017757551360 462.8657397904035698   0.0212415197802020
 427.3332192942822759 468.3591736617126692 462.8525117074661653   0.1123415197802020
 425.2167260242904653 471.8079238561189324 463.1548678888935591  -0.1231584802197980
 423.2533005711463086 472.4296437541790388 463.0566021299296146   0.1111415197802020
 426.0066315482695605 472.3313779952151479 464.9879022387971712   0.1111415197802020
 427.0384220173906031 473.3367122984612741 460.6812163795906452  -0.3119584802197979
 426.8040959767843233 475.7196569533359646 461.4805705342393381   0.1932415197802020
 424.0980081530091133 467.5919448513406298 465.1258522465733831   0.5972415203289801
 425.4208164467539682 466.4581091709878893 466.6621995934513922  -0.5679584818661324
 421.5695545858224900 467.6202907433494764 465.3412810258404141  -0.4157584802197979
 420.5264257598979193 468.5330284660334488 464.0128035536937684   0.2718415197802020
 420.2939894454256234 466.3428358768186797 467.4539948435644179  -0.0518584802197980
 421.2615292259933051 466.9399893351378000 469.1736456254327507   0.0921415197802020
 420.5982353529869476 463.4553343441870227 467.3368318232612778   0.5972415203289801
 420.7985463231825899 462.2496890707452542 469.3115956332089624  -0.5679584818661324
 420.7229572778257549 462.3347267467717406 465.0748296409575342  -0.4157584802197979
 420.5226463076301125 463.3929733817676460 463.4893494145976066   0.2718415197802020
 421.2596394998593750 459.6418670059339351 464.7800323640658078   0.0336415197802020
 419.8725805175612130 458.5722820141345018 465.8685146172044364   0.0822415197802020
 420.9799600320390369 458.9124327182403400 461.9907965903980417  -0.1825584802197980
 421.2766470350646937 456.8847565765428226 461.7772575372649412   0.0602415197802020
 419.0902338981177850 459.3924231562563204 461.3256129912577539   0.0602415197802020
 422.3745779188729200 459.9083183908168150 460.8475122793757036   0.0602415197802020
 423.8844690998760127 458.9653450499901192 465.8288303683921154   0.5972415203289801
 424.1452513063571553 457.0605011069975326 467.1403003053334423  -0.5679584818661324
 425.7855335906007925 460.5791711683588936 465.4187597973311794  -0.4157584802197979
 425.5039643966465243 462.0777239925584048 464.2546884988357156   0.2718415197802020
 428.2667440044393739 460.2635869039940415 466.5866105480945573  -0.0024584802197980
 428.8809049979638129 458.3285073428586779 466.2389009394530517   0.0977415197802020
 430.1829263042355422 462.0304808392104164 465.3072659554298303  -0.0343584802197980
 430.2944201461368914 461.5542698534622429 463.3060459796072292   0.0294415197802020
 429.4931762653542681 463.9674501264796566 465.4376570586704284   0.0294415197802020
 432.8209839871895845 461.8925308314341508 466.4354324573808335   0.0117415197802020
 434.1041080321221183 459.5568293299075024 466.5828310958266966  -0.1256584802197980
 433.2556209979915068 457.8900908797889488 465.8269406422581853   0.1329415197802020
 436.4511478904523485 459.3980923346581112 467.8206017135451189  -0.1704584802197980
 437.3733342438059185 457.6141908642364176 468.0039051485354962   0.1429415197802020
 437.5358506913231165 461.5807260193371593 468.8845175269427614  -0.1072584802197980
 439.2857370913342263 461.4616732729000891 469.8747340211174991   0.1296415197802020
 436.3037492520064852 463.9258761515334053 468.6747579260775213  -0.1704584802197980
 437.1295595725300409 465.5774967925805706 469.4854504375297422   0.1429415197802020
 433.9434813107388507 464.0808336945149361 467.4615537481000852  -0.1256584802197980
 432.9835004347068362 465.8533968081331017 467.3708468936718617   0.1329415197802020
 428.2100522204217341 460.6056273342337563 469.4778915329940747   0.5972415203289801
 429.4119180415956958 459.1486484849804965 470.8328251710155832  -0.5679584818661324
 426.6869329564812370 462.3649623649144638 470.4794463839723405  -0.4157584802197979
 425.8025411258060575 463.5762768167579696 469.2851394673340998   0.2718415197802020
 426.2655240286167729 462.5992884055206899 473.2365568133633991  -0.0875584802197980
 428.0966686523864548 462.8751884210732212 474.1398459053777740   0.0968415197802020
 424.5836677694268844 464.8915262059671569 473.9055198647715476   0.2984415197802021
 422.7657512285946071 464.7082227709768333 472.9625465239448520  -0.0297584802197980
 424.0961184268751829 465.1069549852341878 476.7590063269926208  -0.3192584802197979
 422.9981875430669568 463.4969083191332740 477.4223001999989785   0.0790415197802020
 425.8856890756986138 465.1655364953857577 477.7794584393101355   0.0790415197802020
 425.7855335906007925 467.3991927856806547 473.0929376271853965  -0.3192584802197979
 424.4948506411325913 468.9563271200317895 473.4746623062374860   0.0790415197802020
 427.5448686212814999 467.6996592409741720 474.1266178224403158   0.0790415197802020
 426.2145014230009241 467.3840749766093199 471.0879381990949350   0.0790415197802020
 425.1524753357371580 460.1596519666283598 474.3477157801091374   0.5972415203289801
 425.9763959301268373 459.3206135631673459 476.3527152081995452  -0.5679584818661324
 423.3591252346459206 458.9483375147848542 473.0381355693016872  -0.4157584802197979
 422.7298464320501467 459.7533608478352842 471.4167505463972453   0.2718415197802020
 422.3216655871231408 456.4765757316158167 473.8053643796737266  -0.0875584802197980
 421.7301813072057576 456.6012976564546242 475.7744590112196741   0.0968415197802020
 419.9784051810607713 455.7792667881988753 472.2123252487780776   0.2984415197802021
 420.4394983577375564 455.9228859743769316 470.2129949990894069  -0.0297584802197980
 420.4111524657287633 451.7050172434646987 472.1008314068767285   0.0790415197802020
 424.3285547413474790 454.3922078059007132 473.6882013593705865   0.5972415203289801
 424.4759533797933423 452.8520810067548973 475.4210802241763775  -0.5679584818661324
 425.9197041461091976 454.3695310922936575 471.7285553584942367  -0.4157584802197979
 425.6853781055029713 455.6564345894939982 470.3301580193925469   0.2718415197802020
 428.0002926195564940 452.5667323605327684 471.5036779485576082   0.0336415197802020
 427.2311740830505245 450.6637781436740584 471.6832019312801787   0.0822415197802020
 429.1549152873823600 452.8218453886121204 468.8599510872018288  -0.1825584802197980
 430.3851270005651148 451.2117987225112065 468.5122414785602695   0.0602415197802020
 427.6677008199863770 452.8199556624782438 467.4332078560912386   0.0602415197802020
 430.2433975405210425 454.5660626102214393 468.7163319010237724   0.0602415197802020
 429.9863947863077067 452.8842063510315508 473.6163917662816120   0.5972415203289801
 431.0295236122322772 451.0133774784494943 474.5026733230906680  -0.5679584818661324
 430.4304804277792266 455.1953414128172132 474.5442472980369193  -0.4157584802197979
 429.6594721651393804 456.7071223199542360 473.6522965628260725   0.2718415197802020
 431.9838353098625008 455.6016325316102887 476.8062494803406628  -0.0518584802197980
 433.6864785565255685 454.4526790421861598 476.6550713896269927   0.0921415197802020
 432.6641367180741236 458.4211039234208317 477.0953775788305985  -0.1102584802197980
 430.9274784010005257 459.5265937117647255 477.1690768980535570   0.0456415197802020
 433.6165586895704707 458.6497607856252671 478.9095146673950154   0.0456415197802020
 434.3743388692728587 459.5473806992378509 475.0355760928564275   0.3530415197802020
 433.4030196364373700 459.6021827571216141 473.2308876349616620  -0.0361584802197980
 435.1094423353682445 462.2459096184774472 475.7706795589518134  -0.4121584802197980
 436.2640650031941106 463.0887274742063217 474.2891342699575674   0.0999415197802020
 433.4067990887051768 463.3835247510979945 476.0031158734241095   0.0999415197802020
 436.1695786964980801 462.2440198923435171 477.5394632203021186   0.0999415197802020
 436.7837396900224656 457.9996949955563676 474.7426685420986851  -0.4121584802197980
 438.1235555189726392 459.0125882033381612 473.5615897083979027   0.0999415197802020
 437.5944322014746864 457.6689929221201271 476.6059385101450205   0.0999415197802020
 436.3415437746848758 456.1987859899294090 473.8450486284860476   0.0999415197802020
 430.6761448251889808 454.6756667259889118 479.2137605749563394   0.5972415203289801
 431.8383263975505679 453.3528584322440033 480.7312106604950996  -0.5679584818661324
 428.2572953737697762 455.3162838853882137 479.5501318267943172  -0.4157584802197979
 427.4314850532462205 456.4293325782678284 478.2254338069155321   0.2718415197802020
 426.7644117279720023 454.5887393238284951 481.7686703080178794  -0.0518584802197980
 426.7039404916865020 450.2782740123541084 479.9583126717213231  -0.4157584802197979
 426.9571637936319772 451.1721144736988855 478.2859050432010324   0.2718415197802020
 426.8815747482750886 446.5763005160024238 477.2257686820711966  -0.0074584802197980
 425.1619239664067558 447.1318799993752391 476.2336624617625288   0.0366415197802020
 428.4746138791707373 447.4833690602846052 476.2960234241819056   0.0366415197802020
 431.1145612882587100 447.6421060555339964 481.6174922173041556  -0.4157584802197979
 431.2279448562939894 449.3164034101882175 480.6990853162184461   0.2718415197802020
 435.7047060675534345 448.2808334887993680 482.0577984065078150  -0.1102584802197980
 435.3721142679833175 450.1800082533902175 482.7872326942014101   0.0456415197802020
 437.3638856131363209 447.5192738568291194 483.0158895564058992   0.0456415197802020
 436.2829622645333595 448.4452396624504962 479.2099811226884790   0.3530415197802020
 434.6937025859055712 449.3012856011168289 478.2178749023798646  -0.0361584802197980
 438.6054356831225498 450.1100883864351196 478.8244769913685827  -0.4121584802197980
 439.0759774904689324 450.1422137307118268 476.8232570155459817   0.0999415197802020
 438.1594603155171532 452.0187117816956205 479.4537557939643566   0.0999415197802020
 440.2003645401520752 449.3693157419379967 479.8959517093018925   0.0999415197802020
 436.8574390092454241 445.8714326680497611 478.0194536583180988  -0.4121584802197980
 437.4659308243680723 446.1170970654595152 476.0692562881114005   0.0999415197802020
 438.3219767630343512 444.8982237090803421 479.0909283762514624   0.0999415197802020
 435.1434574057788284 444.7262586308934927 477.9835488617735848   0.0999415197802020
 436.7969677729599238 431.7154941988456907 477.1199440185715846  -0.5579584818661324
 438.5071699241586588 432.2654045038167690 476.8648309904922328   0.3991415197802020
 437.5944322014746864 436.6250026947730744 477.1482899105804314   0.1655415197802020
 469.3191545377446835 453.5418310456361178 474.4988938708228075   0.0135415197802020
 468.4158654457303089 454.9629050983449171 475.6894213351931875  -0.0425584802197980
 469.0205778085850966 454.0161523052503611 472.5184608824733321  -0.0425584802197980
 468.1380757040439011 450.9925904909763686 475.0412452712582183   0.8053415186826456
 466.3126002586759565 450.9207808978873405 476.5341289170559924  -0.8188584780246854
 470.5172409066507311 459.0503827260166055 472.4069670405719830  -0.5819584818661324
 471.0199080582737673 463.5592692815527044 466.5110215027376684  -0.0024584802197980
 472.1329567511534359 464.6931049619054447 465.1976618396624112   0.0977415197802020
 471.1465197092465050 460.8097177566972593 465.6077324107233475  -0.0343584802197980
 469.9975662198223761 459.6305286491304072 466.8492824807095765   0.0294415197802020
 470.3244888409907561 460.6944444625280497 463.7198960029359723   0.0294415197802020
 473.8053643796737266 459.7571403001031449 465.5056871994915961   0.0117415197802020
 475.3681678924265983 460.1936670370389436 463.4005322863033132  -0.1256584802197980
 474.6784178535453244 461.3086054560524887 461.8358390474165112   0.1329415197802020
 468.2949229731593620 464.5286987882543166 466.3503947813544008   0.5972415203289801
 467.6372982785547416 465.8382789990617132 464.5400371450578445  -0.5679584818661324
 466.7018838422637132 464.0014651968902405 468.2476798198113201  -0.4157584802197979
 467.3500599061987360 462.9148726698855420 469.6857614077253845   0.2718415197802020
 463.9787884832831845 464.6023981074772213 468.1758702267222919  -0.0024584802197980
 463.1794343286345452 463.6783220279897210 466.5166906811394592   0.0977415197802020
 462.6654288202079273 463.5101364020707322 470.5247998111864522  -0.0343584802197980
 463.5895048996954278 464.2395706897643271 472.2179944271798686   0.0294415197802020
 460.7133417238672987 464.1734302750770899 470.5644840599987732   0.0294415197802020
 462.6030678577885506 460.6434218569122008 470.6136169394807454   0.0117415197802020
 461.0345951666338879 459.2941573972924295 468.9430990370943313  -0.1256584802197980
 459.8932005817454801 460.3032711528063625 467.6013934820102274   0.1329415197802020
 460.9552266690091923 456.6390921791330685 468.9979010949780406  -0.1704584802197980
 459.7911553705137285 455.6205297929495377 467.6656441705635881   0.1429415197802020
 462.3895288046554499 455.3162838853882137 470.7931409222032622  -0.1072584802197980
 462.3290575683699498 453.2753796607532379 470.8819580504975554   0.1296415197802020
 463.8918610811228215 456.6617688927401243 472.5127917040715950  -0.1704584802197980
 464.8915262059671569 455.6488756849583308 473.9603219226552571   0.1429415197802020
 464.0468186241043522 459.3092752063638180 472.3975184099023852  -0.1256584802197980
 465.2222282794033975 460.3108300573420836 473.7241061559151007   0.1329415197802020
 463.3721863942944666 467.4369873083590991 467.8848524020984259   0.5972415203289801
 461.2235677800260023 468.1172887165707756 467.3122653835202917  -0.5679584818661324
 465.2449049930104533 469.1037257584776527 468.1909880357936803  -0.4157584802197979
 466.9702249532805769 468.3988579105250439 468.5991688807206862   0.2718415197802020
 465.0011303217346296 471.8457183787973767 467.8754037714288282  -0.0581584802197980
 463.1473089843578380 472.4050773144380527 468.5179106569620602   0.1359415197802020
 465.1371906033769112 472.7301102094725023 465.1031755329663810   0.5972415203289801
 464.0146932798276987 474.6576308660721987 464.4247638508886347  -0.5679584818661324
 466.3862995778988611 471.3203745135672845 463.4137603692407714  -0.4157584802197979
 467.2102201722885403 469.6838716815914543 463.9939062923545731   0.2718415197802020
 466.4770064323270846 471.9534327684309190 460.6963341886619798  -0.0581584802197980
 467.0004605714233003 473.9300863045125339 460.4638978741896840   0.1359415197802020
 468.4895647649532137 470.3377169239282143 459.3678567165153343  -0.0074584802197980
 467.9547722690535238 468.3516147571770018 459.5209245333629884   0.0366415197802020
 468.5065723001585324 470.8252662664799158 457.3666367406927333   0.0366415197802020
 471.1559683399161025 470.6098374872128849 460.3486245800204742   0.1867415197802020
 473.0683711874444104 468.8486127303983009 459.9253259260221336  -0.5432584802197979
 463.9107583424620707 471.6057231597893597 459.3791950733188622   0.5972415203289801
 463.2871487182680339 473.0078999511589638 457.6293086733078062  -0.5679584818661324
 462.3800801739858523 469.7915860712249965 460.2427999165209160  -0.4157584802197979
 463.0074692504476958 468.6955449135506468 461.6752123260331896   0.2718415197802020
 459.9291053782899404 469.1944326129058762 459.1014053316324546  -0.0252584802197980
 460.2050053938424715 468.5953894284528257 457.1474285091578955   0.0697415197802020
 459.0466032737487451 467.6448571830904627 460.1350855268873737   0.0697415197802020
 458.1357552771987030 471.4602142474774267 459.1184128668377732   0.5972415203289801
 457.6085216858346805 472.5864910232944997 457.1568771398274932  -0.5679584818661324
 457.2702607078627727 472.2482300453225918 461.3482897048648096  -0.4157584802197979
 457.8296196435034485 471.3524998578439381 462.9375493834925980   0.2718415197802020
 455.4315571795573696 474.3118109835646232 461.5656082102657708  -0.0275584802197980
 453.8215105134564557 473.8639458898252965 460.3618526629579324   0.1122415197802020
 454.4526790421861598 474.4459815390730283 464.2735857601749110  -0.0050584802197980
 453.1922317108606818 476.0673665619774702 464.4361022076921628   0.0338415197802020
 453.3093947311638217 472.7660150060170165 464.6194056426825401   0.0338415197802020
 456.4009866862589817 474.6122774388580870 466.3182694370776936  -0.1415584802197980
 457.2872682430680377 472.6242855459729442 467.6354085524208112  -0.1638584802197980
 456.7600346517040152 470.7005443416411084 467.3613982630022641   0.2061415197802020
 458.8859765523654236 473.3952938086127904 469.5100168772707283  -0.3418584802197979
 459.6872204331480468 472.1801999045014241 470.7534566733908876   0.3411415197802020
 457.7294641584056274 476.7968008496710653 467.3576188107344035   0.1242415197802020
 456.4312223044017049 476.8837282518314281 460.6774369273227845   0.5972415203289801
 454.9402283847378614 478.4181858725755071 459.7703683830406031  -0.5679584818661324
 458.9105429921064098 477.3656084159813389 460.8116074828311896  -0.4157584802197979
 460.0651656599322759 476.0484693006382212 461.5712773886675079   0.2718415197802020
 460.4355519821808372 477.7341050120960238 455.4769106067714814  -0.4157584802197979
 461.2821492901775723 476.2676775321731125 456.3839791510537167   0.2718415197802020
 460.0859526474054552 477.5942652781858279 452.7084618205768410  -0.0389584802197980
 460.9042040633933434 479.2855701680453676 451.8713131432497572   0.1006415197802020
 461.4484451899626309 475.3133658345428890 451.5443905220813772   0.3653415197802020
 461.0497129757052764 475.2963582993375701 449.5223835587856506   0.0042415197802020
 464.3132700089872856 475.4324185809799055 451.8769823216514945  -0.2438584802197979
 465.1636467692518276 473.7259958820490310 451.0908562499402596   0.0641415197802020
 465.0502632012165481 477.0689214129557358 450.8697582922714916   0.0641415197802020
 464.8216063390121127 475.5854863978275595 453.8649742145366910   0.0641415197802020
 460.5905095251624217 473.0173485818285615 452.5553940037292406  -0.6761584785734636
 461.1177431165264440 472.9058547399272124 454.3052804037402965   0.4101415197802020
 457.2929374214698285 477.5715885645787721 451.9336741056691341   0.5972415203289801
 456.5956284780528869 478.8811687753862223 450.1384342784439664  -0.5679584818661324
 455.6564345894939982 476.2771261628427102 453.3623070629136009  -0.4157584802197979
 456.3669716158483978 475.1073856859454557 454.7077920702655653   0.2718415197802020
 452.9106625169064136 476.3168104116550849 452.9446775873169974  -0.0237584802197980
 452.5194892071847265 475.6856418829253807 451.0228261091190921   0.0879415197802020
 451.5349418914117796 474.4799966094836122 454.7247996054708305   0.0341415197802020
 452.0886316486507183 474.8749493714731599 456.6674380711418614   0.0240415197802020
 449.5053760235803319 474.8069192306519922 454.5792906931588975   0.0240415197802020
 452.0394987691687461 471.6832019312801787 454.1408742300891684   0.0017415197802020
 454.0256009359199586 471.2844697170227705 454.4961427432663413   0.0439415197802020
 450.9377884330926593 470.5588148815969822 455.4655722499679535   0.0439415197802020
 451.3365206473500138 470.5833813213379685 450.9604651466997151  -0.2737584802197979
 448.0143821039164882 471.3411615010404102 450.6373219777991958  -0.0536584802197980
 447.3246320650352140 470.6117272133468151 448.8364129721722371   0.0683415197802020
 446.9542457427866526 470.4756669317044798 452.1698898724092906   0.0683415197802020
 447.7517101713014152 473.3839554518092625 450.6770062266115165   0.0683415197802020
 451.7862754672232708 478.9699859036805157 453.2092392460660007   0.5972415203289801
 450.2858329168898295 479.7617811537934876 451.6162001151704054  -0.5679584818661324
 452.5742912650684359 480.4061777654606499 455.1386496287995733  -0.4157584802197979
 453.7742673601084673 479.6427284073564710 456.4293325782678284   0.2718415197802020
 451.8051727285625200 483.0404559961468853 455.4636825238340232  -0.0518584802197980
 449.7453712425883488 483.0971477801645251 455.5071462249142583   0.0921415197802020
 456.1042996832333786 483.0102203780041621 453.0977454041646516   0.2718415197802020
 458.9048738137046727 482.9724258553257177 449.2502629955009801  -0.0297584802197980
 454.2070146447764056 485.1550595400047657 447.6874594827481082   0.5972415203289801
 453.5947433773859506 482.7645559805943541 447.1356594516430996  -0.4157584802197979
 454.3071701298742269 481.3642689153587341 448.2430389661209235   0.2718415197802020
 451.9109973920620782 482.0559086803738847 445.0229456339191495  -0.0875584802197980
 452.6725570240323805 482.8382552998173126 443.2768386861759003   0.0968415197802020
 451.7768268365536732 479.1570687909386998 444.7281483570274230   0.2984415197802021
 451.4064405143051117 478.3085817568080881 446.5687416114667027  -0.0297584802197980
 449.6943486369724463 478.2915742216027695 442.9026729116594782  -0.3192584802197979
 449.7982835743381280 476.2487802708339172 442.6437804313122659   0.0790415197802020
 447.8386375734617783 478.7243215062707615 443.6812400788350457   0.0790415197802020
 449.9078876901055470 479.2288783840277280 441.0790871924254637   0.0790415197802020
 454.3015009514724898 478.1385064047551690 443.7322626844508946  -0.3192584802197979
 454.2183530015799337 476.0824843710488048 443.6339969254870036   0.0790415197802020
 454.6870050827924397 478.9000660367254177 441.8557646334671009   0.0790415197802020
 455.8302893938147778 478.6562913654495938 445.0097175509816912   0.0790415197802020
 449.2767191613758965 483.2029724436640833 445.3517579812214061   0.5972415203289801
 448.3431944512187448 484.4842067624626869 443.6528941868261990  -0.5679584818661324
 448.1107581367464489 482.8930573577010221 447.5646272840432311  -0.4157584802197979
 448.9686938015467119 481.8272518181694493 448.9157814697969327   0.2718415197802020
 445.6408860797113954 484.0042163244467602 448.1409937548891722  -0.0024584802197980
 444.2443784667435822 483.2313183356729300 446.8427519008853035   0.0977415197802020
 444.9095620658838700 483.2615539538156532 450.8489713047983660  -0.0343584802197980
 444.2613860019488472 481.3113565836089549 450.8792069229410894   0.0294415197802020
 446.5933080512076888 483.3503710821099466 452.0338295907669554   0.0294415197802020
 442.9177907207308667 484.9585280220769839 452.0130426032938297   0.0117415197802020
 440.4535878420975505 485.0511246026390840 451.0152672045834246  -0.1256584802197980
 439.9339131552691955 483.8416998769295085 449.4619123225001505   0.1329415197802020
 442.0220605332521593 485.2117513240223517 440.1266652209291703   0.0559415197802020
 441.7310427086282935 485.0964780298531958 442.1656797194302159  -0.0173584802197980
 440.1852467310807403 484.9755355572821952 439.2195966766469889  -0.0173584802197980
 443.7209243276473665 483.0026614734684410 439.2970754481377542   0.0135415197802020
 445.0909757747403172 482.6077087114788933 440.7786207371320002  -0.0425584802197980
 442.5398454939465840 481.3226949404124828 439.1081028347456398  -0.0425584802197980
 445.0890860486063869 483.4750930069487539 436.7894088684242564   0.8053415186826456
 443.7303729583170179 483.8246923417241899 434.8675573902263509  -0.8188584780246854
 447.4380156330704935 483.4750930069487539 436.7459451673440749  -0.8188584780246854
 429.7086050446212989 474.5423575719029889 435.7935231958477279  -0.5679584818661324
 429.4553817426758774 478.4503112168521607 441.1603454161840897  -0.5679584818661324
 426.4148123931965663 474.8031397783841317 444.4843736857515991   0.5972415203289801
 427.2084973694434685 474.8220370397233270 446.6670073704306473  -0.5679584818661324
 426.8626774869358932 472.9209725489985471 442.8629886628471573  -0.4157584802197979
 426.1748171741885494 473.0740403658462012 441.0885358230950615   0.2718415197802020
 428.3309946929927347 470.6589703666948571 443.5017160961125288  -0.0875584802197980
 427.5146330031387229 469.7896963450910663 445.1816826291685407   0.0968415197802020
 428.3347741452605414 468.6766476522114515 441.3663255647815227   0.2984415197802021
 429.4761687301490031 469.3796257740301301 439.8016323258947207  -0.0297584802197980
 429.4478228381401564 466.1708707986318839 442.3017400010725511  -0.3192584802197979
 429.4931762653542681 464.8008193515389334 440.7672823803284723   0.0790415197802020
 431.3885715776773107 466.4354324573808335 442.9404674343379227   0.0790415197802020
 428.3309946929927347 465.4149803450633724 443.8569846092897019   0.0790415197802020
 425.6948267361725690 468.1002811813654568 440.3364248217944104  -0.3192584802197979
 425.8837993495646834 466.7529064478796157 438.7944082965146642   0.0790415197802020
 424.5118581763378563 467.2895886699132360 441.8104112062529892   0.0790415197802020
 424.8123246316313198 469.8010347018945942 439.5937624511633573   0.0790415197802020
 431.0673181349106679 471.3354923226386194 444.1347743509761634   0.5972415203289801
 431.9895044882642378 470.4870052885080077 446.0811922689150548  -0.5679584818661324
 432.2880812174238249 472.9682157023465891 442.6324420745087379  -0.4157584802197979
 431.4017996606147690 473.6296198492190165 441.0809769185593940   0.2718415197802020
 434.9469258878509929 473.6617451934957239 443.0255051103643554  -0.0518584802197980
 436.1034382818108429 471.9477635900291282 442.9801516831502435   0.0921415197802020
 435.8332074446601025 475.4702131036583499 440.9241296494439332  -0.1102584802197980
 434.5292964122544431 477.0651419606878753 440.8485406040870980   0.0456415197802020
 437.6870287820368402 476.2072062958876124 441.4419146101383579   0.0456415197802020
 436.0354081409896752 474.2929137222254279 438.2728438835524327   0.3530415197802020
 434.2666244796393700 473.3669479166039973 437.7777356364650637  -0.0361584802197980
 436.5418547448805720 476.4094069922171850 436.3604410360241248  -0.4121584802197980
 436.7516143457458120 475.6119425637024222 434.4801635327724707   0.0999415197802020
 434.9601539707884511 477.7246563814263724 436.3661102144258619   0.0999415197802020
 438.2747336096863630 477.4034029386597832 436.8649979137810913   0.0999415197802020
 438.1878062075259463 472.3786211485631899 438.0782020917585275  -0.4121584802197980
 438.3257562153022118 471.6397382301999436 436.1639095180962893   0.0999415197802020
 439.9679282256797793 473.2611232531043854 438.6111048615243405   0.0999415197802020
 437.8438760511523011 470.7874717438014715 439.3462083276196727   0.0999415197802020
 435.3796731725189849 474.8503829317321736 445.6238785445060767   0.5972415203289801
 436.9821609340842314 474.0132342544050363 447.0600704062862646  -0.5679584818661324
 433.8924587051229479 476.7627857792604814 446.3192977617890878  -0.4157584802197979
 432.5375250671014396 477.3523803330439343 445.1136524883473730   0.2718415197802020
 434.1570203638719512 477.9533132436308614 448.8175157108329881  -0.0597584802197980
 436.1544608874266917 478.3803913498970626 449.0934157263855192   0.0868415197802020
 432.6830339794133726 480.4704284540139570 448.9479068140735862   0.1302415197802020
 432.9343675552248638 481.2225394553146079 450.8527507570661730   0.0186415197802020
 433.8546641824445573 482.3847210276761950 447.0921957505629182  -0.3204584802197979
 435.8955684070794793 482.4603100730330300 447.3680957661153956   0.0881415197802020
 433.4634908727228166 481.8272518181694493 445.1476675587579568   0.0881415197802020
 429.8182091603887177 480.1302777499081725 448.4830341851289407  -0.0430584802197980
 429.5064043482917263 479.5085578518480659 446.5441751717257164   0.0235415197802020
 429.0982235033647204 478.6751886267887891 449.7453712425883488   0.0235415197802020
 433.4597114204550096 476.1542939641378332 450.9907007648424385   0.5972415203289801
 434.5349655906561802 476.3942891831458502 453.0334947156113443  -0.5679584818661324
 431.7457298169884141 474.3382671494394860 450.5844096460493629  -0.4157584802197979
 431.0068468986252213 474.1398459053777740 448.8326335199043766   0.2718415197802020
 431.1561352632049610 472.3994081360363156 452.4627974231670867   0.0336415197802020
 430.7517338705458158 473.3215944893898856 454.2618167026601151   0.0822415197802020
 428.7826392389998683 470.9688854526579185 451.6407665549113380  -0.1825584802197980
 428.1817063284129412 469.7348942872073569 453.1752241756554168   0.0602415197802020
 427.2897555932020945 472.3049218293402314 451.1947911873059415   0.0602415197802020
 429.1738125487216092 469.8218216893677199 449.9759178309267145   0.0602415197802020
 433.4086888148391071 470.6136169394807454 452.9012138862368158   0.5972415203289801
 434.2647347535054398 470.3755114466066586 455.0422735959696127  -0.5679584818661324
 434.4461484623618868 469.5308038647438539 450.8697582922714916  -0.5163584802197979
 433.6430148554453332 469.8955210085906245 449.1633355933406170   0.2935415197802020
 436.8234239388348402 468.0832736461601918 450.7998384253163938   0.0396415197802020
 436.6193335163713373 466.2842543666671634 451.7768268365536732   0.1104415197802020
 437.4149082187521698 467.5106866275820039 448.0162718300504185   0.0559415197802020
 435.8521047059992979 466.4448810880504311 447.1961306879285462  -0.0173584802197980
 437.5452993219927142 469.3002572764054345 447.0147169790721529  -0.0173584802197980
 439.8696624667158884 466.0423694215252161 447.5721861885788986   0.0135415197802020
 441.2548317228801736 466.5185804072733896 449.0234958594304212  -0.0425584802197980
 439.4898275137977293 464.0165830059616288 447.7271437315604292  -0.0425584802197980
 440.9789317073276425 466.6659790457192529 444.9719230283032469   0.8053415186826456
 439.5389603932796478 466.6414126059782666 443.0916455250515926  -0.8188584780246854
 443.2976256736490259 467.1138441394585795 444.9020031613481489  -0.8188584780246854
 438.9569247440319160 469.5137963295385352 452.1491028849361650   0.5365415197802020
 440.1380035777326984 468.5405873705691162 453.9027687372150816  -0.5819584818661324
 439.3632158628249916 471.9118587934846141 451.4688014767245423  -0.4157584802197979
 438.3918966299894492 472.6072780107676253 449.9664692002571170   0.2718415197802020
 441.4362454317366208 473.4028527131485115 452.5194892071847265  -0.0014584802197980
 443.1785729272120093 472.3880697792327877 452.1623309678736232   0.0875415197802020
 441.6006516053877491 475.9955569688884420 451.2288062577165251  -0.0152584802197980
 439.8488754792427628 477.0141193550720264 451.6162001151704054   0.0294415197802020
 443.1294400477300371 477.0462446993486800 452.1302056235969696   0.0294415197802020
 442.0730831388680621 476.0730357403792073 448.3904376045667869  -0.0011584802197980
 442.8176352356330455 473.8885123295662290 447.0373936926792087  -0.1906584802197980
 443.0368434671678833 472.1140594898141867 447.9633594983005856   0.1698415197802020
 443.1899112840155374 473.9414246613160618 444.4163435449304316  -0.2341584802197979
 443.6491147345583922 472.2406711407869244 443.4450243120948892   0.1655415197802020
 442.8894448287220200 476.4283042535564340 443.0160564796947577   0.3225415197802020
 443.3316407440596097 476.6342844021538134 440.4951618170438016  -0.5579584818661324
 443.4374654075592218 478.3766118976292022 439.9962741176886259   0.3991415197802020
 442.0806420434037295 478.7092036971993729 444.5505141004388365  -0.2341584802197979
 441.7990728494494611 480.4949948937549431 443.6680119958975875   0.1655415197802020
 441.6819098291463748 478.4068475157719791 447.1583361652501556  -0.1906584802197980
 441.0564104788184079 479.9809893853283788 448.2392595138531168   0.1698415197802020
 441.2397139138087853 473.7316650604507681 455.3880934784771880   0.5972415203289801
 443.1237708693283000 473.4368677835590953 456.7260195812934315  -0.5679584818661324
 438.9890500883085696 474.3628335891804723 456.3499640806431328  -0.4157584802197979
 437.4923869902429350 474.5140116798941960 455.1594366162727527   0.2718415197802020
 438.5865384217833544 474.7558966250360896 459.0579416305522730  -0.0518584802197980
 440.2608357764375755 475.6799727045235899 459.8270601670582427   0.0921415197802020
 436.2735136338637620 476.4812165853062132 459.4434457618722229  -0.1102584802197980
 434.8240936891461157 476.0050055995580396 458.0563867795740074   0.0456415197802020
 435.4836081098846666 476.0919330017184563 461.3086054560524887   0.0456415197802020
 436.8612184615132309 479.3365927736612166 459.3357313722386807   0.3530415197802020
 438.0536356520175412 479.8128037594093901 460.9476677644735249  -0.0361584802197980
 438.1991445643294742 480.2587791270147866 456.9395586344265320  -0.4121584802197980
 438.4561473185427563 482.3015730777836926 457.0113682275155602   0.0999415197802020
 440.0567453539740725 479.3857256531431889 456.7921599959806687   0.0999415197802020
 437.0879855975837896 479.7731195105970154 455.2784893627097692   0.0999415197802020
 434.3894566783442472 480.8200277887893929 459.5776163173806280  -0.4121584802197980
 434.7900786187355320 482.8382552998173126 459.6324183752643375   0.0999415197802020
 433.1724730480989506 480.4023983131927893 457.9675696512797140   0.0999415197802020
 433.4294758023122327 480.2795661144879123 461.3161643605881561   0.0999415197802020
 438.3673301902484629 472.2652375805279105 460.5432663718143796   0.5972415203289801
 438.8964535077464157 472.2916937464027732 462.8071582802520535  -0.5679584818661324
 437.7531691967240776 470.1317367753307810 459.3281724677030133  -0.4157584802197979
 437.2316047837617924 470.2356717126964629 457.4819100348619429   0.2718415197802020
 438.0441870213479436 467.5976140297424206 460.4487800651182955  -0.0875584802197980
 437.1579054645388876 467.5862756729388925 462.3082705808968241   0.0968415197802020
 436.6722458481211165 465.5094666517594029 458.9483375147848542   0.2984415197802021
 437.1352287509318316 465.6644241947409871 456.9471175389622531  -0.0297584802197980
 437.4262465755556976 462.8581808858679024 459.8705238681384241  -0.3192584802197979
 436.2772930861315688 461.4371068331591028 458.9332197057134656   0.0790415197802020
 439.4066795639051730 462.4821253852176037 459.4642327493453486   0.0790415197802020
 437.1163314895926363 462.7126719735559694 461.9057589143716090   0.0790415197802020
 433.7998621245607941 465.7211159787586269 459.2903779450245690  -0.3192584802197979
 432.8361017962609729 464.3302775441925508 458.1149682897255773   0.0790415197802020
 433.2915257945360208 465.4055317143937748 461.2613623027044466   0.0790415197802020
 433.1497963344918948 467.5976140297424206 458.7518059968570187   0.0790415197802020
 440.8409816995513769 467.0174681066285653 460.8834170759202178   0.5972415203289801
 441.6365564019322631 466.6924352115941156 463.0490432253939471  -0.5679584818661324
 442.3754393202954559 467.0099092020928978 458.8784176478297563  -0.4157584802197979
 441.6063207837894862 467.2952578483150267 457.1360901523543676   0.2718415197802020
 445.0645196088654008 466.2955927234706376 459.0314854646773566  -0.0875584802197980
 445.2024696166416663 464.4493302906296210 459.9347745566917314   0.0968415197802020
 446.2455984425661832 466.0858331226053975 456.3726407942501886   0.2984415197802021
 446.0849717211828616 467.9056393895715516 455.4239982750217022  -0.0297584802197980
 449.0461725730374771 465.3299426690368860 456.4576784702766213  -0.3192584802197979
 449.7982835743381280 465.1995515657963416 454.5433858966143834   0.0790415197802020
 450.1497726352474943 466.7396783649421575 457.4743511303262756   0.0790415197802020
 449.2540424477688406 463.5158055804725230 457.4025415372372473   0.0790415197802020
 444.9020031613481489 464.0732747899792686 454.7701530326849423  -0.3192584802197979
 445.7958436226929260 463.9598912219439892 452.9182214214421347   0.0790415197802020
 445.0210559077852192 462.2459096184774472 455.7074571951099008   0.0790415197802020
 442.9291290775343946 464.5816111200040956 454.4885838387306740   0.0790415197802020
 446.5592929807971049 468.1569729653830964 460.6736574750549240   0.5972415203289801
 448.1183170412821162 467.3954133334128480 462.2194534526025308  -0.5679584818661324
 446.0245004848974152 470.6173963917485522 460.4941334923324072  -0.4157584802197979
 444.7394867138309509 471.1862039580588796 459.1845532815250106   0.2718415197802020
 447.1847923311250183 472.5090122518037344 462.1476438595135026  -0.0252584802197980
 449.2219171034921333 472.5222403347411926 461.8433979519521786   0.0697415197802020
 446.4251224252886998 474.3609438630465419 461.6676534214975222   0.0697415197802020
 446.6745662749663145 472.0120142785824353 464.9576666206543943   0.5972415203289801
 448.4244526749773707 472.1386259295551730 466.4864550629967360  -0.5679584818661324
 444.3350853211718056 471.3506101317100079 465.6511961118035289  -0.4157584802197979
 442.9763722308824367 471.1484094353804353 464.3132700089872856   0.2718415197802020
 443.6717914481654479 470.7591258517926784 468.2646873550165851   0.0336415197802020
 444.2368195622079147 472.3389368997508153 469.4608839977887561   0.0822415197802020
 440.7994077246051258 470.4397621351599658 468.4706675036140184  -0.1825584802197980
 440.2872919423124919 470.0334710163668901 470.4246443260885773   0.0602415197802020
 439.8602138360462906 472.1764204522336173 467.8791832236966888   0.0602415197802020
 440.1606802913397542 468.8920764314784823 467.2706914085740406   0.0602415197802020
 445.0626298827314704 468.4064168150607111 469.2341168617181971   0.5972415203289801
 446.0698539121115270 468.4517702422748230 471.3298231442368823  -0.5679584818661324
 445.1911312598381384 466.3862995778988611 467.7204462284472976  -0.4157584802197979
 444.3898873790555152 466.4694475277914174 465.9743392807040484   0.2718415197802020
 446.4005559855477137 464.0109138275598917 468.5141312046941998  -0.0389584802197980
 445.5350614162117834 463.4043117385711738 470.2810251399105747   0.1006415197802020
 445.9432422611387893 461.8566260348896368 466.6206256185051411   0.3653415197802020
 446.6594484658949262 460.1161882655481784 467.4558845696982944   0.0042415197802020
 443.1407784045335650 461.4937986171767426 465.9875673636415066  -0.2438584802197979
 442.4245721997774281 459.8459574283974380 466.9853427623519117   0.0641415197802020
 442.0088324503147550 463.1114041878133777 466.5582646560857105   0.0641415197802020
 442.8799961980524224 461.2670314811062376 463.9598912219439892   0.0641415197802020
 447.2282560322052534 462.2100048219329332 464.3302775441925508  -0.6761584785734636
 447.2943964468924908 460.6131862387694774 463.4421062612495645   0.4101415197802020
 449.1916814853494101 464.4266535770225650 469.0451442483260827   0.5972415203289801
 450.0874116728280637 463.7671391562840141 471.0822690206931979  -0.5679584818661324
 450.5409459449691813 465.6738728254105849 467.3254934664577499  -0.4157584802197979
 449.7037972676420977 466.0537077783287440 465.6360783027321406   0.2718415197802020
 453.2356954119409171 466.1387454543551767 467.6202907433494764  -0.0014584802197980
 454.1125283380803753 464.3680720668709951 468.2117750232668059   0.0875415197802020
 454.3865386274989225 466.7491269956117553 465.0162481308059643  -0.0152584802197980
 453.2073495199320704 468.1059503597672476 464.0071343752920313   0.0294415197802020
 456.2441394171435208 467.5843859468049624 465.2638022543496486   0.0294415197802020
 454.7739324849528027 464.3869693282101904 463.4269884521782296  -0.0011584802197980
 457.1587668659614235 463.2058904945094080 463.4912391407315369  -0.1906584802197980
 458.6573196901609882 464.0411494457026151 464.5589344063970398   0.1698415197802020
 457.5707271631562362 460.8985348849915527 462.2515787968791843  -0.2341584802197979
 459.3470697290422086 460.0217019588520942 462.3970877091911173   0.1655415197802020
 455.4277777272895627 459.6456464582017957 460.8172766612329804   0.3225415197802020
 455.6261989713512748 457.3042757782733563 459.7722581091744795  -0.5579584818661324
 454.0898516244733194 456.3688613419823281 460.1917773109050133   0.3991415197802020
 452.9371186827813300 461.0232568098303600 460.7681437817510082  -0.2341584802197979
 451.3497487302874720 460.2522485471905136 459.8062731795850634   0.1655415197802020
 452.7405871648535482 463.3230535148125479 462.0720548141566676  -0.1906584802197980
 450.9699137773693129 464.2376809636303970 462.1004007061654605   0.1698415197802020
 453.8234002395903860 468.0209126837407612 469.7462326440108847   0.5972415203289801
 455.7225750041812354 467.6732030750992556 471.0444744980147534  -0.5679584818661324
 452.2360302870965280 469.9408744358047363 470.2224436297590047  -0.4157584802197979
 450.7185802015577678 470.2111052729554766 469.0791593187366666   0.2718415197802020
 452.5459453730596430 471.5565902803074410 472.4806663597949415  -0.0875584802197980
 454.4791352080610763 472.2671273066618408 472.5127917040715950   0.0968415197802020
 450.7639336287718796 473.8639458898252965 472.4542101939200251   0.2984415197802021
 448.8458616028418348 473.2422259917651899 472.0214629092520329  -0.0297584802197980
 450.7129110231560307 475.3020274777393611 474.9751048565709809  -0.3192584802197979
 449.9116671423734075 474.1209486440385787 476.4604295978330875   0.0790415197802020
 451.6124206629025449 475.7839076418892716 470.4624388487670216  -0.3192584802197979
 450.2915020952915666 477.3618289637135321 470.3944087079458539   0.0790415197802020
 453.5002570706898665 476.4831063114401435 470.9008553118367507   0.0790415197802020
 451.6388768287774614 474.8919569066784249 468.6180661420598815   0.0790415197802020
 452.2114638473555956 470.0032353982241669 474.8938466328123552   0.5972415203289801
 453.7402522896978836 470.2602381524374490 476.6210563192164091  -0.5679584818661324
 450.3292966179700109 468.3213791390342247 474.9996712963119672  -0.4157584802197979
 449.1274307967961031 468.1758702267222919 473.5105671027820002   0.2718415197802020
 449.9456822127839913 466.6338537014425455 477.1728563503213638  -0.0597584802197980
 449.8719828935610865 467.7828071908666744 478.8849482276540291   0.0868415197802020
 447.3945519319903120 465.2203385532694672 476.9536481187865262   0.1302415197802020
 447.2736094594193652 464.3737412452727322 475.0790397939366628   0.0186415197802020
 447.1583361652501556 463.0887274742063217 478.9208530241985433  -0.3204584802197979
 445.3234120892126130 462.1722102992544889 478.7904619209579989   0.0881415197802020
 448.6001972054320806 461.6506458862922035 478.6128276643693587   0.0881415197802020
 447.4040005626599096 463.8502871061765704 480.8238072410572534   0.0881415197802020
 445.1816826291685407 467.1043955087889820 477.2843501922227668  -0.0430584802197980
 445.0210559077852192 467.6335188262869346 479.2704523589739793   0.0235415197802020
 445.5652970343545066 468.8259360167912451 476.2223241049590007   0.0235415197802020
 442.6286626222409311 466.0801639442036604 476.3640535650030733  -0.0660584802197980
 442.0107221764486315 464.5041323485133303 477.5356837680342580   0.0185415197802020
 441.2170372002017293 467.5749373161353646 476.4774371330383526   0.0185415197802020
 442.7855098913563920 465.4584440461435540 474.4044075641267770   0.0185415197802020
 452.2133535734894720 464.8594008616905034 477.5148967805611323   0.5972415203289801
 453.1298707484413051 464.6061775597450819 479.6162722414815546  -0.5679584818661324
 453.2829385652889053 463.7482418949448188 475.5117870786046012  -0.4157584802197979
 452.4684666015688775 463.9598912219439892 473.7883568444684077   0.2718415197802020
 455.5600585566640374 462.1722102992544889 475.7952459986927995  -0.0518584802197980
 455.2482537445670460 460.8890862543219549 477.3807262250527274   0.0921415197802020
 456.0135928288051551 460.5489355502161167 473.4311986051573045  -0.1102584802197980
 456.4633476486784123 461.7810369895328017 471.8419389265295162   0.0456415197802020
 457.6614340175844597 459.3659669903814576 473.7996952012719356   0.0456415197802020
 453.7893851691798021 458.8292847683477839 472.6734184254548627   0.3530415197802020
 452.3456344028640005 459.9461129134952593 471.7569012505030835  -0.0361584802197980
 454.6737769998549815 456.8601901368018365 470.7666847563283458  -0.4121584802197980
 453.0561714292184003 455.7679284313953472 470.1449648582682392   0.0999415197802020
 455.4863592374410790 457.8201710128338509 469.1339613766203761   0.0999415197802020
 456.0910716002959204 455.6299784236191355 471.6189512427268180   0.0999415197802020
 452.5440556469257126 457.4063209895051079 474.8598315624017713  -0.4121584802197980
 451.0360541920565502 456.2309113342060626 474.1115000133689809   0.0999415197802020
 453.9424529860274563 456.2498085955453116 475.8387096997729811   0.0999415197802020
 451.7069069695985752 458.7366881877856301 476.1901987606823472   0.0999415197802020
 457.9278854024673394 463.6972192893289163 476.5284597386542553   0.5972415203289801
 459.6002930309876840 462.6881055338149833 477.7889070699797333  -0.5679584818661324
 458.0431586966365492 466.1292968236855790 475.8557172349782998  -0.4157584802197979
 456.6542099882044570 466.8114879580311859 474.7275507330272966   0.2718415197802020
 459.9990252452450385 467.8829626759644956 476.7325501611177582  -0.0252584802197980
 461.8490671303539694 467.0382550941016909 476.4264145274225037   0.0697415197802020
 459.8724135942723545 469.6082826362346192 475.6176117421042130   0.0697415197802020
 455.9417832357161269 468.6634195692739932 479.3328133213933560   0.2718415197802020
 455.5581688305301073 461.5863951977388965 482.4640895253008906   0.1047415197802020
 451.2155781747790669 461.2594725765705165 483.7680005577065500  -0.5679584818661324
 447.7214745531586921 456.1817784547241441 486.8482541559982358  -0.0237584802197980
 447.2036895924642673 456.1742195501884229 483.9834293369735809   0.0341415197802020
 448.9649143492788512 456.5483853247048450 482.9762053075935782   0.0240415197802020
 446.5555135285292443 454.3033906776064201 483.4221806751989747   0.0240415197802020
 445.2251463302487221 458.1263066465291053 483.1651779209856926   0.0017415197802020
 445.9148963691299425 460.0065841497807596 483.6583964419391312   0.0439415197802020
 445.0550709781958030 458.0526073273061468 481.1148250656811194   0.0439415197802020
 442.0919804002072574 457.7370230629412947 484.5201115590072011  -0.2737584802197979
 441.1376687025770337 454.7285790577386910 483.1991929913962765  -0.0536584802197980
 439.2177069505130586 454.2977214992046293 483.8095745326528550   0.0683415197802020
 441.1886913081929364 454.8400728996400401 481.1450606838238426   0.0683415197802020
 442.3962263077685814 453.2319159596730565 483.8379204246616481   0.0683415197802020
 443.7965133730042553 442.4850434360628748 481.1563990406273705   0.1429415197802020
 464.9009748366367547 428.9168097945083271 470.3112607580532979   0.0284415197802020
 462.9829028107067097 430.8159845590991765 472.2425608669208547   0.0284415197802020
 465.9270961273560064 433.1724730480989506 469.2719113843966416   0.0686415197802020
 467.9113085679733424 430.1564701383606258 467.2272277074938590   0.4477415197802020
 461.1933321618832791 435.9749369047041749 473.6636349196296004  -0.5894584791222417
 458.1886676089484822 436.8895643535220776 476.5700337136005064  -0.4157584802197979
 456.3575229851788003 438.0838712701603182 474.8692801930713689  -0.0875584802197980
 457.0907367251402558 438.0536356520175412 472.9436492626056030   0.0968415197802020
 453.8120618827868581 436.6741355742550468 474.8371548487947154   0.2984415197802021
 452.7122412728447014 437.3997904096807812 473.2516746224347877  -0.0297584802197980
 454.2032351925085988 433.8433258256410294 474.4403123606712376  -0.3192584802197979
 452.4061056391494471 432.9910593392425036 473.9206376738429362   0.0790415197802020
 455.5676174611997049 433.5617566316867612 472.9436492626056030   0.0790415197802020
 454.9081030404612078 432.9400367336266548 476.1524042380039029   0.0790415197802020
 452.2360302870965280 436.9689328511467732 477.2295481343390036  -0.3192584802197979
 450.4389007337374299 435.9862752615077028 477.0103399028041658   0.0790415197802020
 451.8505261557766317 438.9607041962997765 477.6018241827214953   0.0790415197802020
 456.1156380400369067 440.8598789608906261 475.6365090034434085   0.5972415203289801
 457.1927819363720072 441.6441153064679305 477.5413529464360487  -0.5679584818661324
 454.7399174145422188 442.3622112373579977 474.1625226189848298  -0.4157584802197979
 453.7478111942335509 441.6044310576556095 472.7263307572046955   0.2718415197802020
 454.3109495821420875 445.0248353600530798 474.7634555295718107  -0.0014584802197980
 454.9307797540682636 445.3555374334892666 476.6928659123053836   0.0875415197802020
 455.8813119994306267 446.7463758680552890 472.9927821420875752  -0.0152584802197980
 455.5751763657354260 446.1605607665397505 471.0406950457469466   0.0294415197802020
 455.2520331968348528 448.6984629643959715 473.1609677680065642   0.0294415197802020
 458.6837758560358509 446.7255888805821636 473.5993842310762933  -0.0011584802197980
 459.4642327493453486 446.9523560166527223 476.1372864289325680  -0.1906584802197980
 458.1244169203951749 447.3151834343656165 477.6301700747303421   0.1698415197802020
 461.9926863165319720 446.5479546239935771 476.7968008496710653  -0.2341584802197979
 462.5539349783065782 446.5536238023953678 478.7469982198778174   0.1655415197802020
 463.7992645005606677 446.0755230905132641 474.9127438941515505   0.3225415197802020
 463.0698302128670727 446.0604052814418755 472.3521649826882735  -0.2341584802197979
 464.4890145394419418 445.6484449842470628 470.9556573697204602   0.1655415197802020
 460.5073615752698654 446.3627614628693231 471.6888711096819158  -0.1906584802197980
 459.9385540089595918 446.1945758369503343 469.7386737394751636   0.1698415197802020
 451.5217138084743214 445.7032470421307722 474.9108541680176739   0.5972415203289801
 449.8644239890253654 444.1404435293779004 474.4497609913408890  -0.5679584818661324
 451.1003048806098573 448.0654047095323370 475.6743035261218528  -0.4157584802197979
 452.6290933229521454 449.1123129877247145 476.1051610846558608   0.2718415197802020
 448.6625581678514573 449.1708944978762845 476.2544494492356543   0.0336415197802020
 447.6383266032661360 447.8821012745419597 477.4978892453558673   0.0822415197802020
 449.2408143648313823 451.6010823060990170 477.7492228211673587  -0.1825584802197980
 447.5003765954898702 452.4590179708992800 478.4446420384503697   0.0602415197802020
 450.3992164849251090 451.1418788555561623 479.3951742838127866   0.0602415197802020
 450.2593767510149131 452.9390084089152604 476.5738131658683670   0.0602415197802020
 447.0166067052060294 449.5639575337319019 473.8733945204948941   0.5972415203289801
 447.0770779414915297 448.0843019708715862 472.0838238716714635  -0.5679584818661324
 445.5463997730153113 451.6162001151704054 473.8431589023521709  -0.4157584802197979
 445.7202545773360910 452.7651536045944806 475.3530500833552100   0.2718415197802020
 443.4450243120948892 452.2379200132304583 472.1083903114124496  -0.0875584802197980
 441.8897797038776847 450.9585754205657850 472.5373581438125811   0.0968415197802020
 442.6267728961070008 455.0006996210233616 472.6790876038566535   0.2984415197802021
 440.7842899155337373 455.3162838853882137 471.8154827606546535  -0.0297584802197980
 442.4226824736434978 455.5751763657354260 475.5250151615420594  -0.3192584802197979
 441.7688372313067379 457.5064764746029292 475.7971357248267298   0.0790415197802020
 441.0809769185593940 454.2863831424011012 476.4037378138154479   0.0790415197802020
 444.2424887406096518 455.4504544408966187 476.4774371330383526   0.0790415197802020
 444.4692558766802108 456.9792428832389067 471.6019437075215528  -0.3192584802197979
 443.7927339207363948 458.8746381955618957 472.0573677057965471   0.0790415197802020
 446.3476436537979345 456.7373579380969594 472.4126362189737738   0.0790415197802020
 444.5845291708494204 456.8261750663912526 469.5572600306187703   0.0790415197802020
 443.9306839285126604 451.9828069851511063 469.2549038491913228   0.5972415203289801
 442.1392235535552994 452.2152432996234024 467.8130428090094514  -0.5679584818661324
 446.2474881687001135 451.4517939415192234 468.4045270889267810  -0.3479584802197979
 447.5438402965701055 451.0455028227261478 469.7443429178769546   0.2746415197802020
 446.9712532779919176 451.0039288477798967 465.7532413230352805  -0.2637584802197979
 446.8654286144923593 452.7651536045944806 464.6987741403071819   0.1559415197802020
 449.6678924710975835 449.9419027605161307 465.6152913152590149  -0.0007584802197980
 449.7661582300614745 448.1504423855588236 466.6319639753086690   0.0326415197802020
 450.0344993410782845 449.5526191769283740 463.6254096962399418   0.0326415197802020
 451.7239145048038941 451.7050172434646987 466.6659790457192529   0.0389415197802020
 451.4423453108496258 453.6117509125912156 465.9327653057577971   0.0284415197802020
 451.5897439492954890 451.7598193013484081 468.7220010794255632   0.0284415197802020
 454.3733105445614643 450.7790514378432681 465.9138680444185481   0.0485415197802020
 455.7792667881988753 452.0527268521062044 466.7245605558707692   0.0686415197802020
 454.6737769998549815 448.8987739345916138 466.7075530206655040   0.0686415197802020
 454.6265338465069396 450.7714925333076007 463.1378603536882403  -0.5295584802197979
 453.9915858655093748 452.3531933073996679 462.2666966059505728   0.3455415197802020
 455.0082585255590289 448.8137362585651811 461.6355280772208687   0.8075415208777582
 455.7244647303151658 446.5951977773416191 462.4500000409408965  -0.8627584796710198
 456.1213072184386438 446.3552025583336020 464.2887035692462995   0.4477415197802020
 455.9814674845284479 445.1552264632936242 461.2386855890973908   0.4477415197802020
 454.6246441203730093 449.0707390127784632 459.2185683519355945  -0.8627584796710198
 454.0955208028750565 450.7393671890308935 458.4645676245010133   0.4477415197802020
 454.8173961860329841 447.5816348192484962 458.0544970534400771   0.4477415197802020
 445.2138079734451942 449.1274307967961031 464.4153152202190372   0.7340415181338675
 444.0743031146906631 449.6924589108385698 462.4840151113514803  -0.5894584791222417
 444.7602737013040766 446.9485765643848618 465.5945043277858893  -0.4157584802197979
 445.6597833410505907 446.6159847648147446 467.2423455165651939   0.2718415197802020
 443.0028283967572995 445.0456223475262054 464.5986186552093608  -0.0014584802197980
 443.4582523950323474 444.7319278092952837 462.6125164884581481   0.0875415197802020
 443.3656558144701936 442.5379557678127076 466.0404796953912858  -0.0152584802197980
 443.3921119803451101 442.9140112684630063 468.0681558370888032   0.0294415197802020
 441.7140351734230284 441.3606563863797320 465.6833214560801824   0.0294415197802020
 445.6937984114611746 440.9902700641311706 465.3356118474386768  -0.0011584802197980
 445.3612066118910575 438.8227541885235109 463.8011542266945980  -0.1906584802197980
 443.5111647267821266 438.3276459414361421 463.1586473411613659   0.1698415197802020
 447.4077800149277703 437.2618404019045693 463.1284117230186427  -0.2341584802197979
 447.1469978084466275 435.6121094869912807 462.0002452210676395   0.1655415197802020
 450.0458376978818126 437.9591493453215109 464.0222521843634198   0.3225415197802020
 452.0772932918471905 436.5475239232823091 463.3211637886786176  -0.5579584818661324
 453.7043474931533694 437.2580609496367089 463.8030439528285283   0.3991415197802020
 450.2933918214254969 440.2948508468481593 465.6814317299462523  -0.2341584802197979
 452.0980802793203161 440.8239741643461119 466.3976379347023890   0.1655415197802020
 448.0975300538089907 441.6819098291463748 466.2880338189349702  -0.1906584802197980
 448.2581567751923121 443.2673900555063027 467.5239147105194621   0.1698415197802020
 440.1946953617503381 445.8752121203176216 464.6553104392270004   0.5972415203289801
 438.6224432183278686 444.6279928719296018 463.4780110577940787  -0.5679584818661324
 439.5370706671457175 447.9350136062917926 465.9762290068379788  -0.4157584802197979
 440.9392474585153217 448.9497965402075165 466.7850317921562694   0.2718415197802020
 437.0275143612982895 449.1368794274657006 465.9138680444185481  -0.0237584802197980
 435.6083300347234739 447.7290334576943595 465.4414365109382352   0.0879415197802020
 436.3226465133456805 450.2140233238008013 468.5235798353637973   0.0341415197802020
 437.6945876865725077 451.6407665549113380 469.0716004142009991   0.0240415197802020
 434.5103991509151939 451.1721144736988855 468.3799606491857947   0.0240415197802020
 436.1601300658284825 448.2543773229244516 470.6551909144269967   0.0017415197802020
 437.8495452295540382 447.0770779414915297 470.6627498189626641   0.0439415197802020
 436.1412328044892335 449.3031753272507593 472.4296437541790388   0.0439415197802020
 433.3784531966963839 446.2399292641643924 470.7062135200428455  -0.2737584802197979
 434.0474162481044787 443.9325736546465905 468.2703565334183759  -0.0536584802197980
 433.1006634550099761 442.1675694455641460 468.7427880668986888   0.0683415197802020
 433.3425484001518697 444.5996469799207552 466.4543297187200288   0.0683415197802020
 436.0732026636680658 443.6132099380138780 468.1513037869813593   0.0683415197802020
 436.8234239388348402 451.1891220089041505 463.8729638197836262   0.5972415203289801
 434.9544847923867140 451.2174679009129972 462.4859048374854107  -0.5679584818661324
 438.7018117159525642 452.8671988158262322 463.6216302439720813  -0.4157584802197979
 440.2287104321609219 452.7386974387196178 464.7743631856640707   0.2718415197802020
 436.9330280546022590 455.7754873359310683 461.6506458862922035   0.0778415197802020
 438.8586589850680251 453.5437207717700481 458.9936909419989659   0.5972415203289801
 437.3147527336543485 454.2032351925085988 457.3855340020319823  -0.5679584818661324
 440.4120138671512992 451.5689569618223635 458.6648785946966556  -0.4157584802197979
 441.7197043518247657 451.2061295441094693 460.0217019588520942   0.2718415197802020
 440.7219289531143605 450.2763842862202320 456.2403599648756602  -0.0275584802197980
 441.5666365349771652 451.5878542231615588 454.8929852313898193   0.1122415197802020
 442.3546523328223303 447.8972190836133482 456.6731072495436524  -0.0050584802197980
 441.7745064097084750 447.0033786222686248 458.4381114586260969   0.0338415197802020
 441.8973386084134058 446.5706313376006328 455.1651057946744898   0.0338415197802020
 445.1854620814363475 448.0540663527288091 456.6466510836687359  -0.1415584802197980
 446.5933080512076888 449.9929253661320334 455.7698181575292775  -0.1638584802197980
 445.8563148589784263 451.7806062888215337 455.1178626413264479   0.2061415197802020
 449.0764081911802003 449.2294760080278545 455.5468304737265793  -0.3418584802197979
 450.4124445678625672 450.2915020952915666 454.6567694646496628   0.3411415197802020
 449.4089999907503713 446.7596039509927472 456.2800442136880350   0.1379415197802020
 451.4782501073941398 445.0985346792759846 456.1931168115276720  -0.2601584802197979
 453.1903419847268054 445.6560038887827303 455.2973866240489645   0.1571415197802020
 451.2533726974575114 442.6683468710532521 457.2362456374521888  -0.1134584802197980
 452.8161762102103831 441.3852228261207183 457.1927819363720072   0.1416415197802020
 448.9630246231449211 441.9162358697526012 458.3492943303318035  -0.1972584802197980
 448.8175157108329881 440.0737528891793912 459.1562073895161639   0.1446415197802020
 446.8503108054209709 443.5357311665231127 458.3511840564657338  -0.2387584802197980
 445.1212113928830404 442.9121215423290760 459.1656560201857616   0.1699415197802020
 446.9939299915989736 446.0320593894330825 457.2230175545147306   0.1242415197802020
 438.1896959336598766 449.4127794430181781 455.1197523674603780   0.5972415203289801
 437.8741116692950245 449.4278972520895666 452.8161762102103831  -0.5679584818661324
 436.3661102144258619 448.6871246075924436 456.7146812244899035  -0.4157584802197979
 436.6949225617281722 448.8855458516541556 458.5855100970719600   0.2718415197802020
 433.8395463733731690 447.9803670335059043 455.8756428210288895   0.0336415197802020
 434.0266292606313530 446.5744107898684935 454.3827591752311157   0.0822415197802020
 432.4241414990661602 446.7501553203231497 458.0866223977167306  -0.1825584802197980
 430.5722098878232990 446.1057587086559873 457.4497846905852893   0.0602415197802020
 433.4861675863298724 445.1306600235526381 458.7896005195354630   0.0602415197802020
 432.1671387448528782 448.1031992322107815 459.6210800184608094   0.0602415197802020
 432.4014647854591044 450.2291411328721899 454.7304687838726213   0.5972415203289801
 431.5851030956050926 450.0704041376227987 452.5553940037292406  -0.5679584818661324
 432.0915496994959894 452.3116193324534166 456.1307558491082413  -0.4157584802197979
 433.0439716709923365 452.4439001618278914 457.7880456685571974   0.2718415197802020
 430.7196085262691623 454.5490550750161741 455.1934516866832828  -0.0875584802197980
 428.9054714377047992 453.8914303804115537 454.4791352080610763   0.0968415197802020
 430.0449762964592767 456.4085455907946491 457.3382908486839402   0.2984415197802021
 429.0131858273382877 455.3521886819326741 458.7782621627319351  -0.0297584802197980
 432.3353243707718670 457.6104114119686108 458.6214148936164742  -0.3192584802197979
 431.7060455681760932 458.9294402534456052 460.0689451122001363   0.0790415197802020
 433.4408141591157606 456.1420942059117694 459.5322628901665163   0.0790415197802020
 433.4748292295263445 458.6233046197504045 457.2419148158539259   0.0790415197802020
 428.2950898964482207 458.5155902301168622 456.4047661385268423  -0.3192584802197979
 427.6847083551916421 459.6796615286123794 457.9959155432885071   0.0790415197802020
 429.2626296770159024 459.7080074206211725 455.0328249653000152   0.0790415197802020
 426.6245719940618064 457.6897799095933065 455.5241537601195235   0.0790415197802020
 432.0839907949603220 455.7471414439222217 452.9333392305134694   0.5972415203289801
 430.8556688079114975 456.2913825704915629 451.0303850136548131  -0.5679584818661324
 434.5954368269416803 455.8756428210288895 452.9843618361293721  -0.4157584802197979
 435.5119540018934597 455.3824243000754509 454.6019674067659533   0.2718415197802020
 435.5006156450899316 458.7669238059284072 450.4577979950766789   0.0863415197802020
 435.8502149798653675 455.3125044331203531 448.4811444589950103   0.5972415203289801
 435.3494375543762615 456.3537435329109396 446.4572477695653536  -0.5679584818661324
 435.9957238921773005 452.7916097704693970 448.6436609065122620  -0.4157584802197979
 436.4303609029792229 451.9922556158207041 450.3349657963717481   0.2718415197802020
 435.5478587984379737 451.1532172123596902 446.4666964002349511   0.0336415197802020
 436.8045266774955912 451.7465912184109498 444.9435771362944539   0.0822415197802020
 436.1884759578372756 448.4263424011113008 447.2131382231338649  -0.1825584802197980
 435.8464355275975071 447.1621156175179624 445.6276579967739372   0.0602415197802020
 438.1745781245885417 448.2921718456028959 447.7517101713014152   0.0602415197802020
 435.0149560286721604 447.8291889427921805 448.8005081756277229   0.0602415197802020
 432.8209839871895845 451.3610870870909999 445.4670312753906157   0.5972415203289801
 432.4203620467982997 451.1929014611720112 443.1766832010780792  -0.5679584818661324
 430.9255886748665955 451.7598193013484081 447.1054238335003764  -0.4157584802197979
 431.3356592459274779 451.8297391683035061 448.9819218844841701   0.2718415197802020
 428.3177666100552765 452.2454789177661794 446.2342600857626553  -0.0389584802197980
 427.8434453504410332 450.7960589730485331 444.8547600080001607   0.1006415197802020
 426.2674137547507032 452.0678446611775390 448.2940615717368263   0.3653415197802020
 424.4683944752576749 452.4835844106402124 447.3794341229189235   0.0042415197802020
 425.9952931914660326 449.4297869782234969 449.4241177998217060  -0.2438584802197979
 424.6157931137035380 449.4751404054376087 450.9547959682979243   0.0641415197802020
 425.3225506877900773 448.1391040287552955 447.9728081289701832   0.0641415197802020
 427.7924227448251306 448.7570444745475415 450.1516623613814246   0.0641415197802020
 426.5074089737587202 453.8158413350547186 450.2801637384880387  -0.6761584785734636
 428.1703679716094133 454.5887393238284951 450.2744945600863016   0.4101415197802020
 428.0664330342437314 454.7720427588188724 444.8585394602679675   0.5972415203289801
 426.7341761098292791 454.8684187916488332 442.9480263388735899  -0.5679584818661324
 429.3873516018547097 456.7468065687665570 445.7334826602735492  -0.4157584802197979
 430.4512674152523523 456.5124805281603308 447.3170731604995468   0.2718415197802020
 429.4988454437560589 459.2242375303373316 444.5127195777603922  -0.0252584802197980
 427.6053398575669465 460.0292608633878153 444.4050051881269035   0.0697415197802020
 430.6988215387960366 460.4790156832610725 445.6219888183721464   0.0697415197802020
 430.5816585184929504 459.0447135476148148 441.8463160027975031   0.5972415203289801
 429.2890858428907651 459.7571403001031449 440.0435172710366143  -0.5679584818661324
 432.8115353565199868 457.8711936184496998 441.5798646179146234  -0.4157584802197979
 433.7658470541502105 457.3798648236301915 443.1710140226762882   0.2718415197802020
 434.0001730947564903 457.4101004417729147 439.1156617392813070  -0.0518584802197980
 434.4026847612817054 459.2185683519355945 438.2067034688651953   0.0921415197802020
 436.5191780312735160 456.0022544720016272 439.4860480615298686  -0.1102584802197980
 436.1261149954178986 454.2107940970442663 440.4290214023565642   0.0456415197802020
 437.3015246507168903 455.5751763657354260 437.6246678196174098   0.0456415197802020
 438.5298466377657148 457.4422257860496221 441.0261748606756846   0.3530415197802020
 437.7475000183222869 458.0658354102436050 442.8157455094991154  -0.0361584802197980
 440.7351570360518188 455.6621037678957890 441.5798646179146234  -0.4121584802197980
 442.1864667069033413 456.6806661540793196 442.6173242654374032   0.0999415197802020
 440.0643042585097936 454.0785132676697915 442.7099208459995033   0.0999415197802020
 441.5061652986916650 454.9629050983449171 439.8016323258947207   0.0999415197802020
 439.5654165591545642 459.7552505739692146 439.6599028658505945  -0.4121584802197980
 440.9846008857294334 460.7095622715994380 440.8088563552747234   0.0999415197802020
 440.3572118092675361 459.2034505428642060 437.8533246818218989   0.0999415197802020
 438.0347383906783459 461.0704999631784019 439.2970754481377542   0.0999415197802020
 432.2748531344863667 455.9417832357161269 437.3242013643239461   0.5972415203289801
 431.7929729703364560 456.7808216391771408 435.2152669988678566  -0.5679584818661324
 431.2619599267045731 453.7742673601084673 438.1519014109814858  -0.4157584802197979
 431.7041558420421628 453.1676652711197494 439.9150158939300002   0.2718415197802020
 429.6783694264785757 452.2020152166859441 436.5021704960681974  -0.0597584802197980
 430.7592927750815369 451.8013932762946593 434.7957477971373228   0.0868415197802020
 429.0169652796061483 449.6622232926957928 437.7947431716703289   0.1302415197802020
 428.3517816804658603 450.0855219466941872 439.7014768407968995   0.0186415197802020
 426.8702363914715606 448.2298108831835192 436.4454787120505575  -0.3204584802197979
 426.6132336372582785 446.3759895458067276 437.3053041029847507   0.0881415197802020
 425.0995630039873790 449.2691602568401754 436.6136643379695465   0.0881415197802020
 427.3029836761395527 448.0049334732468906 434.4423690100940264   0.0881415197802020
 431.3677845902041851 447.9350136062917926 438.0441870213479436  -0.0430584802197980
 432.8909038541446824 448.9989294196894351 438.9229096736213322   0.0235415197802020
 430.8972427828577488 446.3778792719406580 439.3103035310752124   0.0235415197802020
 432.4128031422626323 446.8011779259390522 435.5799841427146272  -0.0660584802197980
 432.9305881029570570 448.2921718456028959 434.2590655751037027   0.0185415197802020
 434.0965491275864509 445.6937984114611746 436.0108417012486891   0.0185415197802020
 431.0219647076965561 445.5558484036849090 434.7088203949769598   0.0185415197802020
 427.3502268294875947 453.6703324227427856 435.6291170221965996   0.5972415203289801
 426.7587425495702115 453.5852947467162992 433.3822326489642443  -0.5679584818661324
 426.0519849754836722 455.0328249653000152 437.3223116381900159  -0.4157584802197979
 426.6982713132847649 455.1480982594692248 439.1270000960848351   0.2718415197802020
 423.8655718385368174 456.5635031337762333 436.5890978982285602  -0.0275584802197980
 422.5144176527831159 457.6255292210399455 438.9210199474874018  -0.0050584802197980
 422.0193094056957470 456.0665051605549343 440.1757981004111427   0.0338415197802020
 423.8107697806530542 458.8614101126244375 439.9433617859387931   0.0338415197802020
 423.6255766195288003 463.3986425601693830 437.4753794550376698   0.1699415197802020
 424.5761088648911633 458.6724374992323230 434.7371662869857528   0.5972415203289801
 426.7455144666328070 459.9139875692186057 435.0867656217611886  -0.4157584802197979
 427.8377761720392424 459.4585635709435578 436.6023259811660184   0.2718415197802020
 427.7073850687986979 461.8547363087557065 433.3671148398928560  -0.0518584802197980
 426.2598548502150358 463.3041562534732989 433.1384579776883667   0.0921415197802020
 430.0336379396557488 463.0679404867331424 434.6351210757540013  -0.1102584802197980
 429.4516022904080168 463.6386377791774000 436.5267369358091835   0.0456415197802020
 431.5057345979803970 461.6449767078904664 434.8675573902263509   0.0456415197802020
 431.2128270472226009 465.3998625359919841 433.3538867569553978   0.3530415197802020
 429.7558481979693410 466.8266057671025205 433.0496408493940736  -0.0361584802197980
 433.1932600355720762 466.4883447891306127 435.1491265841805655  -0.4121584802197980
 434.0285189867652834 468.2023263925972084 434.3989053090138448   0.0999415197802020
 432.3428832753075344 466.9210920737986047 436.9727123034145800   0.0999415197802020
 434.6899231336377108 465.1012858068324506 435.4325855042687641   0.0999415197802020
 432.5129586273604535 464.8234960651459892 430.8348818204383719  -0.4121584802197980
 433.8452155517749061 466.3088208064080958 430.3567811085563218   0.0999415197802020
 433.5768744407580960 463.0660507605992658 430.9898393634199026   0.0999415197802020
 431.1277893711961681 464.6590898914948611 429.3287700917031398   0.0999415197802020
 428.2478467431001786 460.7435773420100219 430.7441749660101484   0.5972415203289801
 429.7596276502372015 458.7347984616517534 430.6251222195731318  -0.5163584802197979
 430.5684304355554922 458.1395347294665635 432.2691839560846296   0.2935415197802020
 430.6194530411713410 457.5707271631562362 428.2705234567072344   0.0380415197802020
 431.5851030956050926 459.0031395726685637 427.1518055854258289   0.0879415197802020
 432.4978408182890650 455.4277777272895627 428.8336618446157708  -0.0303584802197980
 431.5624263819980368 453.9878064132415680 429.9769461556381090  -0.0122584802197980
 433.0515305755280039 454.5566139795518416 427.0478706480602009  -0.0122584802197980
 434.8902341038333531 456.2762647614201743 430.1961543871730004   0.7993415186826456
 436.1166663647482472 454.6151954897034115 431.3394386981953385  -0.8014584791222417
 435.5894327733842250 458.5212594085186529 429.9353721806918578  -0.8014584791222417
 427.2330638091844546 454.4092153411059784 429.6670310696750476   0.2718415197802020
 422.9944080907990961 437.9100164658395385 438.6035459569886194   0.0822415197802020
 425.0126356018270160 441.6913584598159726 436.7478348934779514   0.0602415197802020
 422.3443423007301966 440.9562549937205867 441.1697940468536872   0.5972415203289801
 424.0280882860540154 440.2230412537591311 442.5927578256964171  -0.5679584818661324
 422.6145731378809370 444.7980682239825209 444.5807497185815599   0.0868415197802020
 419.1318078730640363 447.9085574404168761 446.6651176442967170  -0.3204584802197979
 421.0612182557976628 448.5945280270302898 446.8673183406262896   0.0881415197802020
 421.7755347344198694 449.1066438093229774 441.4078995397277740  -0.0660584802197980
 423.1342478247092920 447.5910834499180939 441.0979844537647127   0.0185415197802020
 421.7226224026700902 450.3009507259611644 439.7298227328056925   0.0185415197802020
 422.3859162756764479 450.2593767510149131 443.0028283967572995   0.0185415197802020
 421.4089278644391684 442.3754393202954559 448.4565780192540242  -0.5679584818661324
 423.4271553754670883 434.1097772105239091 446.5951977773416191  -0.0275584802197980
 422.9679519249241797 432.7453949418327494 448.0710738879341280   0.1122415197802020
 423.5235314082970489 432.6584675396723865 444.0913106498959281  -0.0050584802197980
 423.5235314082970489 433.9945039163546995 442.5247276848752494   0.0338415197802020
 425.3017637003169517 431.6172284398817461 444.0176113306730233   0.0338415197802020
 424.6932718851943032 422.3689087404711829 443.3278612917917491   0.1446415197802020
 423.5802231923146886 426.2919801944916893 443.4998263699785985  -0.2387584802197980
 425.4850671353073290 426.9968480424442981 443.6736811742993783   0.1699415197802020
 426.0047418221356301 435.2152669988678566 447.3265217911691443   0.5972415203289801
 427.5165227292726532 433.8527744563106272 448.4490191147183568  -0.5679584818661324
 426.5074089737587202 437.6397856286887982 446.7973984736711917  -0.4157584802197979
 425.2431821901653817 438.6545685626045221 445.7750566352198005   0.2718415197802020
 428.9092508899726060 438.8397617237287759 447.5325019397665776  -0.0389584802197980
 430.4134728925739079 437.6057705582782145 446.9013334110368734   0.1006415197802020
 429.3627851621137236 441.3701050170493297 446.1737888494771550   0.3653415197802020
 429.0774365158915948 441.0923152753629219 444.1517818861814283   0.0042415197802020
 427.7395104130753515 443.5829743198711548 447.0430628710809458  -0.2438584802197979
 428.0437563206366756 445.1873518075702778 445.7901744442911352   0.0641415197802020
 425.7647466031276669 443.0481818239714112 446.9599149211883897   0.0641415197802020
 428.2327289340287901 444.1328846248422330 448.9668040754127815   0.0641415197802020
 431.8704517418272215 442.1127673876803830 446.5763005160024238  -0.6761584785734636
 432.1047777824334476 443.7908441946024645 445.9224552736656637   0.4101415197802020
 429.1983789884625953 438.9966089928442368 450.4029959371929158   0.5972415203289801
 431.0389722429018748 438.0385178429462065 451.4480144892513629  -0.5679584818661324
 427.2708583318628991 439.9358028814031256 451.7503706706788105  -0.4157584802197979
 425.7628568769937366 440.6671268952306510 450.8376329479948381   0.2718415197802020
 427.3426679249518736 440.0302891880992097 454.5320475398108555  -0.0875584802197980
 429.0944440510969136 440.9694830766580449 455.0762886663801966   0.0968415197802020
 425.1619239664067558 441.6025413315216792 455.6564345894939982   0.2984415197802021
 425.5209719318517893 441.8123009323869193 457.6746621005219179  -0.0297584802197980
 425.0863349210499208 444.2576065496810404 454.4923632909985345  -0.3192584802197979
 423.7559677227693448 445.4349059311139621 455.5354921169230513   0.0790415197802020
 426.9496048890962561 445.1287702974187078 454.6038571328998836   0.0790415197802020
 424.4948506411325913 444.1801277781902751 452.5194892071847265   0.0790415197802020
 422.5427635447919088 440.4006755103477714 455.3502989557987974  -0.3192584802197979
 422.1156854385257076 440.1228857686613099 453.3547481583779335   0.0790415197802020
 422.4539464164976156 438.5959870524529522 456.3348462715717443   0.0790415197802020
 427.4541617668532764 437.3752239699398488 455.6772215769671237   0.5972415203289801
 428.7864186912677290 436.9878301124859685 457.5348223666117221  -0.5679584818661324
 426.2163911491348542 435.5006156450899316 454.5112605523377298  -0.4157584802197979
 425.1581445141389490 435.9144656684186746 452.9786926577275813   0.2718415197802020
 426.3732384182503151 432.8757860450733477 455.3446297773970066   0.0336415197802020
 425.7836438644668622 432.7888586429129310 457.3193935873446912   0.0822415197802020
 424.5383143422127727 431.2600702005706430 453.7856057169119953  -0.1825584802197980
 424.5345348899449122 429.3344392701048769 454.5225989091412577   0.0602415197802020
 422.6334703992201323 432.0367476416122799 453.9197762724204003   0.0602415197802020
 425.1203499914605045 431.2147167733565312 451.8127316330981872   0.0602415197802020
 429.0982235033647204 431.8628928372915540 455.2274667570938667   0.5972415203289801
 430.0222995828522207 430.8688968908489557 457.1190826171490489  -0.5679584818661324
 430.4380393323148940 432.1898154584599340 453.0977454041646516  -0.4157584802197979
 429.6538029867375894 433.1063326334117132 451.6067514845007541   0.2718415197802020
 433.0685381107332689 431.3337695197936013 452.9333392305134694  -0.0014584802197980
 433.0949942766081853 429.4119180415956958 453.6722221488767159   0.0875415197802020
 433.9888347379529624 431.1655838938746125 450.1686698965866896  -0.0152584802197980
 435.2077080943321355 429.5290810618987821 450.0741835898906591   0.0294415197802020
 432.3806777979859788 430.7744105841528718 448.9441273618057258   0.0294415197802020
 435.5232923586969876 433.3406586740179396 449.0764081911802003  -0.0011584802197980
 434.4518176407636239 434.8184245107443786 447.1356594516430996  -0.1906584802197980
 432.6112243863243444 434.3459929772640656 446.4572477695653536   0.1698415197802020
 435.7292725072944208 436.9197999716648008 446.1152073393256387  -0.2341584802197979
 434.8788957470298252 438.0838712701603182 444.7092510956882277   0.1655415197802020
 438.3333151198378793 437.5698657617337003 447.1262108209735020   0.3225415197802020
 439.6391158783774690 439.6126597125026063 446.2833929652446275  -0.5579584818661324
 440.7257084053822210 440.2513871457679777 447.5854142715163568   0.3991415197802020
 439.4709302524584801 435.8029718265173255 449.0745184650462702  -0.2341584802197979
 441.3153029591656202 436.1393430783553032 449.8020630266059887   0.1655415197802020
 438.0215103077408876 433.7545086973466824 449.9400130343822542  -0.1906584802197980
 438.8170850101217201 432.5186278057621906 451.3232925644126093   0.1698415197802020
 434.8486601288871020 432.8436607007966403 454.6416516555783279   0.5972415203289801
 436.6250026947730744 431.7362811863188164 455.6450962326904702  -0.5679584818661324
 434.3630005124693308 435.2851868658229008 455.0743989402462663  -0.4157584802197979
 432.9721620779033083 436.1450122567570940 454.0709543631340704   0.2718415197802020
 435.8691122412045628 436.8026369513616609 456.8394031493287108  -0.0237584802197980
 437.8571041340897593 436.5664211846215044 456.3556332590448699   0.0879415197802020
 435.2039286420643287 439.6183288909043434 456.6031873825885543   0.0341415197802020
 433.1630244174293530 439.8545446576444999 456.7619243778379455   0.0240415197802020
 436.0656437591323984 440.6406707293557346 458.1716600737432170   0.0240415197802020
 436.1015485556769125 440.8220844382121816 454.1163077903481821   0.0017415197802020
 435.0546402774845350 439.9906049392868351 452.5535042775953102   0.0439415197802020
 435.6158889392591414 442.8195249617669758 454.1805584789015431   0.0439415197802020
 439.4406946343157569 440.5877583976059554 453.3358508970387382  -0.2737584802197979
 440.9090118403725446 441.2926262455585644 456.3348462715717443  -0.0536584802197980
 442.9272393514004645 441.5080550248255953 456.0192620072068922   0.0683415197802020
 440.1209960425273796 443.0273948364982856 457.1153031648812419   0.0683415197802020
 440.5972070282755532 439.7468302680110112 457.6614340175844597   0.0683415197802020
 435.6083300347234739 435.8936786809455489 459.5795060435145583   0.5972415203289801
 437.5264020606535189 435.5610868813754319 460.8531814577774409  -0.5679584818661324
 433.3028641513395487 435.3456581021084010 460.4752362309932119  -0.4157584802197979
 431.7740757089972607 435.6669115448749902 459.3602978119796668   0.2718415197802020
 432.9286983768231267 434.2874114671124956 463.0169178811172936  -0.0518584802197980
 433.9604888459441157 435.4533724917418895 464.3661823407370648   0.0921415197802020
 430.1148961634143745 434.3044190023178145 463.7520213472126795  -0.1102584802197980
 429.0604289806863298 433.1686935958311438 462.3914185307893802   0.0456415197802020
 429.9542694420310532 433.3841223750981210 465.5926146016519589   0.0456415197802020
 428.8714563672942154 436.9330280546022590 463.9391042344708636   0.3530415197802020
 428.6522481357593239 437.7399411137866194 462.0682753618888070  -0.0361584802197980
 426.2447370411436473 436.6476794083801304 465.1107344375020484  -0.4121584802197980
 425.3055431525848121 438.4788240321498121 465.1579775908500905   0.0999415197802020
 425.1203499914605045 435.3513272805101381 463.9712295787475171   0.0999415197802020
 426.4034740363930385 435.9144656684186746 467.0288064634320932   0.0999415197802020
 430.3718989176276566 438.8189747362556505 465.5340330915003890  -0.4121584802197980
 429.3023139258282234 440.5650816839988997 465.7494618707674198   0.0999415197802020
 430.7555133228136764 438.0252897600087483 467.3973030595467781   0.0999415197802020
 432.1501312096475594 439.2781781867985052 464.6023981074772213   0.0999415197802020
 434.0493059742384090 431.6247873444174672 463.2663617307949083   0.5972415203289801
 435.3059738532960801 431.0805462178481261 465.1447495079126322  -0.5679584818661324
 433.7601778757484733 430.0034023215130254 461.3482897048648096  -0.4157584802197979
 432.6527983612705956 430.5079591992699919 459.8648546897366333   0.2718415197802020
 435.0489710990827443 427.5448686212814999 461.2878184685793631  -0.0024584802197980
 434.5595320303971663 426.4866219862855945 462.9866822629745702   0.0977415197802020
 434.2250505046931189 426.0255288096088096 458.9483375147848542  -0.0343584802197980
 434.7957477971373228 427.0932240752743126 457.2815990646663006   0.0294415197802020
 435.2795176874211636 424.2548554221245742 458.9388888841152564   0.0294415197802020
 431.4414839094270899 425.3660143888702587 458.6422018810895998   0.0117415197802020
 429.7407303888979525 425.3830219240755774 460.7001136409298405  -0.1256584802197980
 430.3700091914937263 425.8856890756986138 462.5482657999048411   0.1329415197802020
 427.1782617513007453 424.7745301089529292 460.3240581402794881  -0.1704584802197980
 425.9008068847700021 424.8198835361670409 461.8830822007645532   0.1429415197802020
 426.2995390990273568 424.1358026756875578 457.8957600581906859  -0.1072584802197980
 424.3531211810884651 423.6879375819481772 457.6160805903703480   0.1296415197802020
 427.9870645366190358 424.0980081530091133 455.8416277506183057  -0.1704584802197980
 427.3275501158805388 423.6217971672609398 453.9953653177772354   0.1429415197802020
 430.5476434480823665 424.7083896942656918 456.2195729774025347  -0.1256584802197980
 431.8118702316756515 424.6970513374621639 454.6511002862479257   0.1329415197802020
 437.9383623578483853 427.8358864459053659 461.3161643605881561   0.5972415203289801
 439.2347144857183236 426.3713486921163849 462.5690527873779667  -0.5679584818661324
 438.9550350178979857 429.7652968286389386 460.0500478508609410  -0.4157584802197979
 437.8041918023399265 430.8651174385810952 458.9842423113293145   0.2718415197802020
 441.6308872235304723 430.4304804277792266 460.1275266223517063  -0.0252584802197980
 442.7533845470796848 428.8261029400801036 459.4887991890863349   0.0697415197802020
 441.9521406662971152 432.0102914757374172 458.8481820296870329   0.0697415197802020
 442.5341763155448470 431.2071578688208638 462.7599151269040114   0.5972415203289801
 444.4862634118854758 430.2793023370655028 463.5932843519632882  -0.5679584818661324
 441.0828666446933244 432.7453949418327494 464.1469741092022271  -0.4157584802197979
 439.5125042274047850 433.4918367647316633 463.3362815977500061   0.2718415197802020
 441.6705714723428469 433.4049093625713003 466.7831420660223391  -0.0518584802197980
 443.5886434982728919 434.1607998161397582 466.8417235761739091   0.0921415197802020
 439.7997425997607904 435.4779389314828758 467.6335188262869346  -0.1102584802197980
 439.5880932727616200 436.7950780468259935 466.0612666828644114   0.0456415197802020
 437.9497007146518595 434.6332313496200711 467.9698900781249123   0.0456415197802020
 440.5820892192041646 437.0464116226375385 469.9635511494117922   0.3530415197802020
 442.4510283656522909 437.8514349556879685 469.6385182543773426  -0.0361584802197980
 438.6961425375507732 439.2158172243791283 470.2848045921784351  -0.4121584802197980
 439.3027446265394913 440.4592570204992876 471.8117033083867928   0.0999415197802020
 438.5959870524529522 440.3061892036516872 468.5481462751047836   0.0999415197802020
 436.8234239388348402 438.4731548537480749 470.7175518768463734   0.0999415197802020
 440.6066556589451507 435.5988814040538225 472.4693280029914134  -0.4121584802197980
 440.8976734835690167 436.9179102455308705 474.0226828850746877   0.0999415197802020
 438.8246439146574412 434.6029957314773477 472.7225513049368351   0.0999415197802020
 442.1732386239658831 434.2722936580411071 472.5052327995358739   0.0999415197802020
 441.6044310576556095 431.0635386826428611 468.4952339433550045   0.5972415203289801
 443.3694352667380541 430.5911071491625481 469.9257566267334016  -0.5679584818661324
 439.6239980693061342 429.5139632528273937 468.3251585913020854  -0.4157584802197979
 438.1689089461867510 430.0015125953790950 467.1686461973422891   0.2718415197802020
 439.3915617548337845 427.2160562739791896 469.8633956643139710  -0.0275584802197980
 439.6882487578594412 427.7036056165308375 471.8419389265295162   0.1122415197802020
 436.7062609185317003 426.1767069003224795 469.5931648271632308  -0.0050584802197980
 436.3774485712293900 425.6627013918959155 467.6240701956172834   0.0338415197802020
 436.5513033755501696 424.4702842013916050 470.7345594120516923   0.0338415197802020
 434.6596875154949876 427.9530494662084522 470.4246443260885773  -0.1415584802197980
 434.9752717798598394 429.9826153340398997 471.9402046854934608  -0.1638584802197980
 436.7629527025493399 430.5759893400911596 472.7187718526689744   0.2061415197802020
 432.6962620623508309 431.1693633461424193 472.3521649826882735  -0.3418584802197979
 432.5091791750925929 432.6830339794133726 473.5011184721124024   0.3411415197802020
 430.7781900364207322 429.9882845124416368 471.0558128548182815   0.1379415197802020
 427.8207686368339774 426.7946473461147255 468.0889428245619289  -0.1972584802197980
 426.6680356951419879 425.5568767283963034 466.9475482396735211   0.1446415197802020
 430.4248112493774358 426.3108774558308847 468.3478353049091412  -0.2387584802197980
 431.2732982835081011 424.7083896942656918 467.4124208686181130   0.1699415197802020
 431.9706072269250425 427.9001371344586730 469.8274908677695107   0.1242415197802020
 441.4060098135938437 425.2431821901653817 469.2265579571825297   0.5972415203289801
 442.2790632874654951 423.8901382782777499 470.9008553118367507  -0.5679584818661324
 442.2601660261262461 425.1581445141389490 466.8549516591113673  -0.4157584802197979
 441.3871125522546484 426.2447370411436473 465.5378125437682496   0.2718415197802020
 444.5505141004388365 423.8013211499834565 466.1198481930159814  -0.0249584802197980
 444.4239024494660988 421.8738004933838140 466.8322749455043113   0.0842415197802020
 444.7527147967684091 423.7011656648856354 463.2380158387860615   0.2116415197802020
 443.0954249773194533 422.7676409547285374 462.4537794932087571   0.0351415197802020
 444.8453113773305093 425.6154582385478734 462.4840151113514803   0.0351415197802020
 446.9561354689205830 422.3859162756764479 462.5104712772263968  -0.6546584813173543
 446.7407066896535519 420.6076839836565452 462.8770781472070977   0.4274415197802020
 446.9258998507778059 425.0031869711573646 467.2612427779044429   0.5972415203289801
 448.4754752805932732 423.6350252501983981 468.2968126992932923  -0.5679584818661324
 447.1885717833928788 427.5108535508709161 467.2782503131097079  -0.4157584802197979
 445.8959991077907472 428.5879974472060168 466.3598434120239984   0.2718415197802020
 449.3050650533846896 428.8336618446157708 468.4857853126854067   0.0336415197802020
 451.0587309056636060 428.0456460467706060 467.7487921204560907   0.0822415197802020
 449.2445938170991893 431.6361257012209951 467.7469023943221604  -0.1825584802197980
 450.9340089808247987 432.5734298636459000 468.4649983252122813   0.0602415197802020
 449.2162479250903962 431.8232085884791794 465.6927700867497802   0.0602415197802020
 447.5873039976502869 432.5602017807084956 468.5386976444351859   0.0602415197802020
 449.4486842395626923 428.4462679871618906 471.3657279407813963   0.5972415203289801
 451.4990370948672655 428.6579173141611146 472.4296437541790388  -0.5679584818661324
 447.4077800149277703 427.6714802722541839 472.6488519857139303  -0.4157584802197979
 445.7126956728003699 427.6847083551916421 471.7625704289048206   0.2718415197802020
 447.6288779725965382 426.6926021348829741 475.2396665153199305  -0.0518584802197980
 448.5850793963606921 428.1061172830561061 476.3961789092797805   0.0921415197802020
 445.0361737168565540 426.1313534731083678 476.4056275399493781  -0.1102584802197980
 444.0969798282977188 424.6705951715872475 475.3001377516054308   0.0456415197802020
 443.2163674498904000 428.3706789418050556 476.7249912565820371   0.3530415197802020
 442.4793742576611376 428.9489351387849806 474.8938466328123552  -0.0361584802197980
 444.4352408062696269 430.6666961945193831 477.9892180401753756  -0.4121584802197980
 443.0255051103643554 432.1331236744422944 478.2972434000045603   0.0999415197802020
 445.9111169168621358 431.4414839094270899 476.7816830405996767   0.0999415197802020
 449.2351451864295915 424.2794218618655604 475.4135213196407102   0.5972415203289801
 449.4297869782234969 422.8035457512730514 473.3782862734075254  -0.4157584802197979
 448.5397259691465803 423.4271553754670883 471.8022546777171952   0.2718415197802020
 451.3346309212161372 420.8401202981288949 472.9530978932752545   0.0336415197802020
 450.6146452641921398 419.6968359871065031 471.4073019157276476   0.0822415197802020
 453.7459214680996207 422.0948984510525819 471.9628813991005166  -0.1825584802197980
 455.1065242845229198 420.6568168631385176 471.3902943805223826   0.0602415197802020
 453.2829385652889053 423.2608594756819760 470.3282682932586167   0.0602415197802020
 454.5755112408910369 423.2778670108872947 473.4311986051573045   0.0602415197802020
 442.4132338429739003 413.0922431490517191 468.4404318854712950   0.5972415203289801
 441.2775084364872296 414.2771014350203622 466.7963701489597973  -0.5679584818661324
 444.8774367216072165 413.4210554963540294 468.9053045144158868  -0.4157584802197979
 446.4950422922437979 415.1482651827580833 467.4539948435644179  -0.0014584802197980
 445.8544251328444959 417.0833447438934469 467.7676893817953397   0.0875415197802020
 449.2408143648313823 414.9347261296249827 468.3894092798553924  -0.0152584802197980
 449.3957719078129131 415.8739200181838179 470.2148847252233372   0.0294415197802020
 449.6792308279011116 412.9599623196772445 468.7012140919524378   0.0294415197802020
 451.2269165315825950 415.9910830384869578 466.6017283571658920  -0.0011584802197980
 451.2798288633323740 418.5875667464947488 466.0763844919358000  -0.1906584802197980
 449.9154465946412681 419.8064401028739219 466.9475482396735211   0.1698415197802020
 453.0731789644236653 419.6023496804104726 464.4001974111476486  -0.2341584802197979
 453.1071940348342491 421.6073491085008806 464.0033549230241706   0.1655415197802020
 454.8155064598990540 417.9941927404434892 463.1888829593041430   0.3225415197802020
 456.5275983372317194 418.9711811516807686 461.5467109489265755  -0.5579584818661324
 457.5442709972813735 417.7031749158195695 460.7549156988135500   0.3991415197802020
 454.7569249497474841 415.3731425926947119 463.6858809325254421  -0.2341584802197979
 456.0854024218941296 414.1353719749762898 462.7599151269040114   0.1655415197802020
 452.9862515622633024 414.3867055507877810 465.4149803450633724  -0.1906584802197980
 452.9862515622633024 412.3987136579026382 465.8326098206599761   0.1698415197802020
 446.2985107743159623 414.6399288527332563 464.6042878336111516   0.5972415203289801
 445.5860840218276859 416.3350131948606028 463.1756548763666848  -0.5679584818661324
 446.7728320339302054 412.2853300898673587 463.8106028573641957  -0.4157584802197979
 447.2736094594193652 410.9833087835956296 465.1220727943055763   0.2718415197802020
 446.5838594205380910 411.4670786738794704 461.1706554482762231  -0.0275584802197980
 447.7347026360961502 412.7161876484014206 460.0009149713789686   0.1122415197802020
 447.6288779725965382 408.7685497546399279 460.9079835156611502  -0.0050584802197980
 446.8257443656799846 407.5780222902695479 462.3895288046554499   0.0338415197802020
 446.9825916347954455 408.0051003965357491 459.1051847839003150   0.0338415197802020
 450.4577979950766789 408.5266648094979806 460.9476677644735249  -0.1415584802197980
 451.9336741056691341 408.4850908345517295 463.0301459640547518  -0.1638584802197980
 454.4470098637844228 408.3339127438380057 462.3687418171823244  -0.3418584802197979
 454.7304687838726213 408.1902935576600031 459.7930450966476588   0.1379415197802020
 456.5162599804281915 407.7915613434026484 455.6129708884138166  -0.1134584802197980
 454.0633954585984030 407.8709298410273440 454.5906290499624254  -0.1972584802197980
 453.8158413350547186 407.7613257252598715 452.5648426343988383   0.1446415197802020
 451.9393432840709249 408.1354914997762936 456.1723298240544926  -0.2387584802197980
 450.0704041376227987 408.2148599974009892 455.3597475864683951   0.1699415197802020
 452.2133535734894720 408.3036771256952823 458.8217258638121165   0.1242415197802020
 443.8683229660932298 411.6258156691288616 460.1634314188962205   0.5972415203289801
 443.5036058222464592 412.4270595499114849 458.0148128046277561  -0.5679584818661324
 441.9521406662971152 410.9530731654529064 461.6695431476314525  -0.4157584802197979
 442.3319756192152743 410.2595436743037716 463.4137603692407714   0.2718415197802020
 439.3065240788073518 411.1004718038987158 460.8701889929827596   0.0336415197802020
 439.0892055734063906 409.9968717416887524 459.1429793065787057   0.0822415197802020
 437.6227780934835332 409.9212826963318637 462.9129829437516119  -0.1825584802197980
 437.8230890636791755 410.9530731654529064 464.6836563312358472   0.0602415197802020
 438.4844932105516030 413.8197877106114377 460.2541382733244439   0.5972415203289801
 437.4697102766358791 414.2884397918238900 458.2094545964216076  -0.5679584818661324
 438.9796014576389718 415.6320350730419243 461.9435534370499996  -0.4157584802197979
 439.8205295872339160 415.1539343611598204 463.6046227087668161   0.2718415197802020
 438.3862274515877121 418.3003283741386898 461.4956883433106730  -0.0024584802197980
 436.4341403552470296 418.4609550955220112 460.8682992668488292   0.0977415197802020
 438.6942528114168431 419.7818736631329895 463.9712295787475171  -0.0343584802197980
 440.6368912770879278 419.5645551577320283 464.6231850949503469   0.0294415197802020
 438.3937863561233794 421.7736450082859929 463.5592692815527044   0.0294415197802020
 436.9141307932630637 419.0977928026534524 466.1255173714177722   0.0117415197802020
 434.4555970930314846 418.1642680924963544 465.6738728254105849  -0.1256584802197980
 433.7828545893555291 417.8581324588011537 463.7765877869536119   0.1329415197802020
 432.8190942610557079 417.6559317624715811 467.7053284193759091  -0.1704584802197980
 436.0505259500610100 419.0411010186358665 470.6608600928287338  -0.1704584802197980
 437.6983671388403681 419.5210914566518469 468.6312942249973397  -0.1256584802197980
 439.5748651898241618 420.2278490307383860 469.0073497256476384   0.1329415197802020
 439.9868254870189747 419.4341640544914838 459.3602978119796668   0.5972415203289801
 438.9833809099068324 420.8155538583879086 457.7748175856197392  -0.5679584818661324
 442.4056749384381791 418.7141783974674865 459.1807738292571500  -0.4157584802197979
 443.1256605954621765 417.5860118955164832 460.5546047286179075   0.2718415197802020
 444.0932003760298584 419.4719585771698745 457.1209723432829790  -0.0518584802197980
 444.2613860019488472 421.5279806108761850 457.1455387830239653   0.0921415197802020
 446.7123607976447054 418.3041078264065503 457.6538751130487923  -0.1102584802197980
 447.2055793185981976 418.7765393598868633 459.5832854957823651   0.0456415197802020
 446.5895285989398281 416.2518652449680467 457.5763963415580270   0.0456415197802020
 448.9138917436630024 419.1979482877513274 455.9833572106623782   0.3530415197802020
 448.5472848736822477 421.1065716830117746 455.2973866240489645  -0.0361584802197980
 451.3591973609570696 419.2055071922869948 457.5272634620760546  -0.4121584802197980
 452.9749132054597743 419.6495928337584610 456.3329565454378140   0.0999415197802020
 451.2382548883861229 420.6209120665940034 459.0201471078738287   0.0999415197802020
 451.6634432685183938 417.3554653071780639 458.3814196746084570   0.0999415197802020
 449.3145136840542871 417.4197159957314246 453.7515906465014115  -0.4121584802197980
 450.8508610309322963 418.0981276778091172 452.5667323605327684   0.0999415197802020
 449.7812760391328630 415.5281001356762424 454.4243331501773668   0.0999415197802020
 447.6043115328555521 417.3290091413032011 452.6328727752200058   0.0999415197802020
 443.0047181228912298 418.6858325054586398 454.5452756227483137   0.5972415203289801
 442.6588982403836543 420.2750921840864281 452.8860960771654812  -0.5679584818661324
 442.3130783578760790 416.2783214108429632 454.2315810845173919  -0.4157584802197979
 442.6154345393034729 415.0556686021959295 455.6810010292349843   0.2718415197802020
 441.1905810343268129 415.2918843689360859 451.8939898568568131  -0.0518584802197980
 442.3981160339025117 415.8040001512287199 450.3028404520950945   0.0921415197802020
 441.0280645868096149 412.3892650272330406 452.0565063043740112  -0.1102584802197980
 440.7257084053822210 411.8261266393245039 454.0161523052503611   0.0456415197802020
 439.3726644934945892 411.7656554030390039 450.9963699432442293   0.0456415197802020
 443.3184126611221516 410.9681909745242410 450.9510165160301176   0.3530415197802020
 443.2617208771045119 411.1458252311128276 448.8987739345916138  -0.0361584802197980
 445.9016682861925380 411.8998259585474088 451.8448569773748408  -0.4121584802197980
 447.3851033013207143 410.6601656146951101 451.1362096771543713   0.0999415197802020
 446.2399292641643924 413.7782137356651328 451.0927459760741899   0.0999415197802020
 445.9810367838171799 411.9413999334937137 453.9008790110811513   0.0999415197802020
 443.1124325125247719 408.1657271179190168 451.6199795674382124  -0.4121584802197980
 444.6374415025991995 407.1169291135927628 450.7185802015577678   0.0999415197802020
 443.2371544373635256 407.9276216250449838 453.6646632443409948   0.0999415197802020
 441.3115235068978134 407.4230647472879634 450.9547959682979243   0.0999415197802020
 438.5884281479172847 416.4483967628958823 451.3308514689482767   0.5972415203289801
 438.0611945565532623 417.0323221382775444 449.1425486058674377  -0.5679584818661324
 436.9878301124859685 416.8509084294210974 453.2451440426105147  -0.4157584802197979
 437.4791589073054768 416.2726522324412261 455.0063687994250987   0.2718415197802020
 434.5425244951918475 418.0943482255413102 452.8955447078350787   0.0336415197802020
 433.4672703249906770 417.0436604950810723 451.4839192857958769   0.0822415197802020
 433.0798764675367968 418.0168694540505449 455.3956523830129091  -0.1825584802197980
 431.2147167733565312 418.8502386791097681 455.1348701765317666   0.0602415197802020
 432.8625579621358893 416.0647823577098625 456.0192620072068922   0.0602415197802020
 434.0908799491847138 419.0807852674481875 456.8431826015965714   0.0602415197802020
 434.8429909504853648 420.8174435845218389 451.9091076659281480   0.5972415203289801
 433.4937264908655935 421.5752237642242271 450.1648904443188828  -0.5679584818661324
 436.6684663958532558 422.2441868156323756 452.9276700521117323  -0.4157584802197979
 437.6662417945637146 421.5374292415458364 454.4073256149720481   0.2718415197802020
 437.2580609496367089 424.8028760009617223 452.0319398646330787  -0.0249584802197980
 435.5081745496256527 425.8837993495646834 452.0659549350436626   0.0842415197802020
 439.1477870835579607 426.1219048424387702 453.8082824305190511   0.2116415197802020
 439.0740877643350559 428.1476912580023574 453.4378961082704897   0.0351415197802020
 438.5959870524529522 425.8044308519399878 455.7660387052614707   0.0351415197802020
 441.6762406507445840 425.3225506877900773 453.4756906309488804  -0.6546584813173543
 441.7952933971816543 423.5027444208239233 453.7137961238229672   0.4274415197802020
 438.1878062075259463 424.7915376441581942 449.2786088875097732   0.5972415203289801
 437.1068828589229849 426.1181253901709096 447.7044670179533732  -0.5679584818661324
 439.9981638438225026 423.1550348121824177 448.5983074792981503  -0.4157584802197979
 440.8787762222298214 422.1497005089362914 449.9702486525249774   0.2718415197802020
 440.8882248528994190 422.8866937011656076 445.9791470576833033  -0.0275584802197980
 441.6214385928608747 424.7027205158639010 445.3385298982840015   0.1122415197802020
 443.0784174421141883 420.9988572933782322 445.8449765021748984  -0.0050584802197980
 442.6645674187853916 419.3793619966077207 447.0544012278844739   0.0338415197802020
 443.1993599146851350 420.2864305408899560 443.9136763933073415   0.0338415197802020
 445.6465552581131325 422.0268683102314144 446.4742553047706722  -0.1415584802197980
 447.0525115017505436 421.3711333417607241 448.4981519942003292  -0.1638584802197980
 446.4345710559582976 420.0691120354889948 449.9400130343822542   0.2061415197802020
 449.4108897168843016 422.4822923085064624 448.3507533557544659  -0.3418584802197979
 450.8414124002626449 422.0797806419811936 449.5601780814640414   0.3411415197802020
 449.6376568529548067 423.9487197884293198 446.2115833721555993   0.1379415197802020
 451.6426562810452681 425.3490068536649937 445.1816826291685407  -0.2601584802197979
 453.4322269298686990 425.3679041150041890 446.1095381609238479   0.1571415197802020
 451.2836083156002346 426.6661459690081114 442.8970037332577411  -0.1134584802197980
 452.8086173056747159 427.7149439733343654 442.0825317695376596   0.1416415197802020
 448.9214506481986698 426.6018952804547506 441.6705714723428469  -0.1972584802197980
 448.6663376201193180 427.6053398575669465 439.9376926075370559   0.1446415197802020
 446.9088923155725409 425.1751520493442140 442.6777955017228498  -0.2387584802197980
 445.1419983803561660 425.0787760165142534 441.7083659950212376   0.1699415197802020
 447.2263663060713231 423.7597471750372054 445.0097175509816912   0.1242415197802020
 438.7774007613093992 422.1289135214631658 444.1385538032439701   0.5972415203289801
 438.6734658239437175 423.1172402895039733 442.0333988900556874  -0.5679584818661324
 437.0653088839767338 420.4319394532018890 444.8925545306785513  -0.4157584802197979
 437.2750684848419739 419.6117983110800704 446.6159847648147446   0.2718415197802020
 434.9393669833153254 419.6647106428298496 443.3089640304525538   0.0336415197802020
 435.6744704494107113 419.0203140311626872 441.4948269418881371   0.0822415197802020
 433.5712052623563587 417.4461721616062874 444.5750805401797689  -0.1825584802197980
 432.0084017496034870 416.8244522635462346 443.3845530758093889   0.0602415197802020
 434.8826751992976858 415.8795891965856087 444.8396421989287721   0.0602415197802020
 432.8361017962609729 418.0187591801844216 446.4137840684851719   0.0602415197802020
 433.1422374299562274 421.8832491240534117 442.7779509868206709   0.5972415203289801
 432.5337456148335792 422.3915854540782387 440.5896481237398858  -0.5679584818661324
 432.3523319059771320 423.2684183802176971 444.7338175354291601  -0.4157584802197979
 432.9513750904301826 422.8111046558087188 446.5007114706455350   0.2718415197802020
 430.7026009910638973 425.4605006955663428 444.4239024494660988   0.0336415197802020
 429.0415317193470808 424.8633472372472225 443.3637660883362633   0.0822415197802020
 429.8465550523975645 426.3146569080987451 447.0525115017505436  -0.1825584802197980
 428.9035817115708689 428.1439118057344969 446.9391279337152641   0.0602415197802020
 428.5369748415901143 424.9275979258005296 447.8348581211939715   0.0602415197802020
 431.4736092537037435 426.4374891068036223 448.3110691069420913   0.0602415197802020
 431.9687175007911124 427.5732145132902930 442.8667681151149642   0.5972415203289801
 430.7933078454921207 428.5898871733399471 441.1301097980413662  -0.5679584818661324
 434.3970155828799146 428.0853302955829268 443.3259715656578726  -0.4157584802197979
 435.2436128908766496 427.2122768217113292 444.8131860330538557   0.2718415197802020
 435.9654882740345773 429.7917529945138550 441.8085214801190588  -0.0024584802197980
 435.2247156295374541 431.7098250204438999 441.9464714878953244   0.0977415197802020
 438.6243329444617987 429.7539584718354107 442.9688133263467156  -0.0343584802197980
 438.5260671854978541 430.5552023526180339 444.8660983648036886   0.0294415197802020
 439.2441631163879213 427.8037611016286585 443.1710140226762882   0.0294415197802020
 440.6142145634808719 431.1466866325353635 441.4702605021472046   0.0117415197802020
 441.1716837729876175 433.6751401997220406 442.0541858775288667  -0.1256584802197980
 440.1928056356164077 434.6048854576112780 443.5451797971927103   0.1329415197802020
 443.0481818239714112 434.9677128753241722 440.6935830611055675  -0.1704584802197980
 443.4941571915768614 436.8612184615132309 441.2019193911303407   0.1429415197802020
 444.3142983336986800 433.7601778757484733 438.6885836330151060  -0.1072584802197980
 445.7108059466664933 434.7503943699232110 437.6246678196174098   0.1296415197802020
 443.7398215889866157 431.2336140346957802 438.0876507224281250  -0.1704584802197980
 444.6733462991437135 430.3133174074760867 436.5588622800858370   0.1429415197802020
 441.9219050481543383 429.9145851932187322 439.5049453228690639  -0.1256584802197980
 441.5118344770934557 427.9889542627529662 439.0627494075315280   0.1329415197802020
 435.9938341660433702 429.0698776113559273 438.9852706360407089   0.5972415203289801
 435.5308512632327086 430.6591372899837157 437.3393191733953346  -0.5679584818661324
 436.4057944632382366 426.6453589815349321 438.3881171777216423  -0.4157584802197979
 436.8139753081651888 425.4151472683522309 439.8054117781625812   0.2718415197802020
 436.4171328200417646 425.7080548191100272 435.7802951129102697  -0.0518584802197980
 437.8136404330095779 426.7965370722486558 434.7258279301822247   0.0921415197802020
 437.2127075224225969 422.9093704147726634 435.7802951129102697  -0.1102584802197980
 439.0948747518081816 422.7468539672554118 436.6061054334338790   0.0456415197802020
 435.9087964900169375 421.8586826843124254 436.9802712079503011   0.0456415197802020
 437.2183767008243879 421.6753792493220481 433.1403477038222971   0.3530415197802020
 435.3721142679833175 421.8889183024551488 432.2578455992811017  -0.0361584802197980
 439.2271555811826562 422.8300019171479678 431.4093585651504364  -0.4121584802197980
 439.2422733902540447 421.8454546013749672 429.6027803811217406   0.0999415197802020
 438.8057466533181922 424.8161040838991805 431.0635386826428611   0.0999415197802020
 441.0866460969611848 422.6731546480325069 432.2843017651559645   0.0999415197802020
 437.7361616615187589 418.8445695007080310 433.3746737444285232  -0.4121584802197980
 437.6964774127064380 417.9677365745685725 431.5132935025161181   0.0999415197802020
 439.5824240943598292 418.5365441408788463 434.2363888614966468   0.0999415197802020
 436.2886314429350967 417.9734057529703097 434.5538628519953755   0.0999415197802020
 433.8508847301766968 426.0916692242960468 434.4744943543706799   0.5972415203289801
 433.7715162325520012 426.8570083085341561 432.2767428606202970  -0.5679584818661324
 431.7570681737919420 425.6267965953514013 435.8086410049191163  -0.4157584802197979
 431.9554894178536542 424.9918486143538367 437.6114397366800053   0.2718415197802020
 429.2040481668643324 426.0671027845550607 434.8033067016729902  -0.0597584802197980
 429.0320830886774830 425.0560993029071974 433.0212949573852805   0.0868415197802020
 427.1763720251668150 425.0447609461036695 436.6457896822462000   0.1302415197802020
 427.5410891690136393 425.8384459223505717 438.5109493764265195   0.0186415197802020
 424.2813115879994906 427.9058063128604101 436.1450122567570940   0.0881415197802020
 427.2765275102646362 422.1326929737310264 436.9065718887273426  -0.0430584802197980
 429.1057824079004415 421.5846723948938246 437.6549034377601867   0.0235415197802020
 425.8649020882254881 421.5525470506171711 438.2898514187576977   0.0235415197802020
 428.8072056787408544 428.8657871888924246 434.1532409116040907   0.5972415203289801
 427.8623426117802285 429.4308153029348911 432.0972188778977802  -0.5679584818661324
 429.6178981901930754 430.6175633150374109 435.7897437435799209  -0.4157584802197979
 430.4002448096365034 430.0336379396557488 437.4451438368948930   0.2718415197802020
 429.4912865392203378 433.3538867569553978 435.2643998783497751  -0.0875584802197980
 427.5335302644779720 433.8414360995070991 434.8581087595566995   0.0968415197802020
 430.3265454904135449 434.9261389003778672 437.5812041185372282   0.2984415197802021
 432.2181613504687271 434.3573313340675937 438.1556808632492927  -0.0297584802197980
 430.3511119301545310 437.7701767319293426 437.0123965522269546  -0.3192584802197979
 430.8027564761617183 438.8227541885235109 438.7263781556934966   0.0790415197802020
 431.7967524226043166 438.2104829211330020 435.6121094869912807   0.0790415197802020
 428.5124084018491280 438.3767788209181143 436.3094184304082223   0.0790415197802020
 428.5180775802509189 434.5425244951918475 439.8148604088321789  -0.3192584802197979
 429.2040481668643324 435.5856533211164180 441.4551426930758161   0.0790415197802020
 426.6359103508653343 435.2190464511356633 439.3254213401465471   0.0790415197802020
 428.3990248338139024 432.5564223284406350 440.3213070127230757   0.0790415197802020
 431.0238544338304865 434.0322984390331438 432.8984627586804035   0.5972415203289801
 430.0468660225932070 435.3192019362334846 431.2222756778922523  -0.5679584818661324
 433.3349894956162023 433.0420819448584061 432.6433497306009980  -0.4157584802197979
 434.0455265219706020 432.0197401064070149 434.1059977582560487   0.2718415197802020
 434.9299183526457277 433.4389244329818842 430.4096934403061009   0.0212415197802020
 435.2625101522158450 435.4628211224115409 430.1885954826372793   0.1123415197802020
 437.4848280857072676 432.1520209357814897 430.9104708657952070  -0.1231584802197980
 438.3370945721057397 432.9910593392425036 432.5942168511190793   0.1111415197802020
 437.2089280701547365 430.1375728770214305 431.2487318437671149   0.1111415197802020
 439.5862035466276899 432.5847682204494280 428.2327289340287901  -0.3119584802197979
 441.7404913392978911 432.0575346290854056 429.4534920165419471   0.1932415197802020
 433.6675812951863195 432.5129586273604535 427.9473802878067150   0.5972415203289801
 433.5636463578206377 433.8905689789890178 426.0652130584211304  -0.5679584818661324
 432.5564223284406350 430.2396180882531819 427.9549391923423823  -0.4157584802197979
 432.6981517884847073 429.1700330964537486 429.5460885971041009   0.2718415197802020
 435.8426560753297001 426.5829980191155551 425.4812876830394683   0.0999415197802020
 435.0565300036184654 424.6819335283907754 428.1231248182613713   0.0999415197802020
 431.5737647388015647 440.1304446731970310 426.8683466653376840  -0.1102584802197980
 430.9955085418216934 439.7865145168233322 428.8185440355443825   0.0456415197802020
 433.2518415457236462 438.9890500883085696 426.5074089737587202   0.0456415197802020
 432.2805223128881038 442.9423571604718528 426.6585870644723903   0.3530415197802020
 432.9098011154839314 443.3543174576666655 424.7405150385423453  -0.0361584802197980
 430.0657632839324023 444.6827949298133113 427.3407781988179970  -0.4121584802197980
 430.7290571569387598 446.6329923000200634 427.4314850532462205   0.0999415197802020
 429.2947550212925559 444.1668996952528169 429.1813714532572765   0.0999415197802020
 434.4310306532904983 443.5073852745142660 428.5029597711795304  -0.4121584802197980
 435.0451916468149375 445.4632518231228089 428.2875309919124996   0.0999415197802020
 433.8055313029625851 443.2239263544261211 430.4455982368506151   0.0999415197802020
 436.0354081409896752 442.2715043829297740 428.1325734489309688   0.0999415197802020
 442.9253496252665342 454.3581927354901294 422.0608833806419982   0.0881415197802020
 445.5728559388902277 456.3424051761074117 422.6240217685505347   0.0881415197802020
 447.0298347881434876 450.4313418292017625 422.6259114946844651  -0.5679584818661324
 442.6607879665175846 447.7649382542388735 422.7166183491126885   0.0921415197802020
 438.8983432338803461 444.1801277781902751 423.3062129028960877  -0.4121584802197980
 437.9988335941338319 442.5039406974021237 424.0866697962055854   0.0999415197802020
 440.3798885228745920 444.7602737013040766 424.6157931137035380   0.0999415197802020
 437.5075047993143236 445.6900189591933140 423.1474759076466965   0.0999415197802020
 445.4991566196672694 444.0969798282977188 423.5575464787076328  -0.5679584818661324
 451.7938343717589919 442.3319756192152743 423.8428951249297615  -0.5679584818661324
 453.0523919769505396 447.4814793341506749 424.4154821435078957  -0.0024584802197980
 454.8854263268541518 446.5498443501275072 424.5628807819537588   0.0977415197802020
 453.5059262490916573 450.2839431907558992 423.7918725193138589  -0.0343584802197980
 451.6955686127950473 451.2080192702433997 423.4725088026812000   0.0294415197802020
 454.9175516711308054 451.7919446456250618 425.7817541383329321   0.0117415197802020
 457.5423812711474431 452.1868974076146093 425.5606561806641639  -0.1256584802197980
 458.8236155899460468 453.7005680408855090 427.3351090204162062  -0.1704584802197980
 460.8286150180365083 454.0426084711252775 427.1385775024884243   0.1429415197802020
 457.4875792132637338 454.7966091985598587 429.3533365314441259  -0.1072584802197980
 458.4588984460992223 455.9531215925196548 430.7328366092066205   0.1296415197802020
 454.8797571484523611 454.3676413661597271 429.6027803811217406  -0.1704584802197980
 453.8593050361349000 455.1896722344154761 431.1712530722763496   0.1429415197802020
 453.5928536512520203 452.8917652555672183 427.8113200061643796  -0.1256584802197980
 451.5765158663580308 452.6234241445504083 428.0021823456904244   0.1329415197802020
 451.7012377911968381 447.0921957505629182 426.9533843413641167   0.5972415203289801
 452.8142864840764530 446.0037134974242359 428.6730351232324495  -0.5679584818661324
 449.2729397091080359 447.7819457894441386 427.1347980502205637  -0.4157584802197979
 448.4603574715218847 448.6361020019765409 425.6192376908157339   0.2718415197802020
 447.7460409928996782 447.4909279648202727 429.4478228381401564  -0.0597584802197980
 448.5642924088875664 448.6587787155835969 430.9388167578040537   0.0868415197802020
 445.0116072771156216 448.4131143181738426 428.9678324001241760   0.1302415197802020
 444.3237469643682778 447.4795896080167448 427.2632994273272317   0.0186415197802020
 443.2125879976225932 447.6987978395516361 431.1429071802675567  -0.3204584802197979
 441.3398693989066063 448.4943725419324686 430.8386612727062325   0.0881415197802020
 443.0047181228912298 445.6560038887827303 431.2865263664455594   0.0881415197802020
 443.9439120114501186 448.4093348659060358 432.9268086506891965   0.0881415197802020
 444.9586949453657887 451.3006158508055535 428.5124084018491280  -0.0430584802197980
 445.1382189280883054 452.2965015233820283 430.3019790506725588   0.0235415197802020
 446.5536238023953678 451.8637542387140899 427.3407781988179970   0.0235415197802020
 442.5530735768840425 452.1850076814806791 427.1631439422293568  -0.0660584802197980
 440.8976734835690167 451.8826515000532853 428.3480022281979997   0.0185415197802020
 442.7118105721334335 454.1956762879728777 426.7492939189006138   0.0185415197802020
 442.3168578101438860 451.1607761168953576 425.3943602808791055   0.0185415197802020
 447.8121814075869155 444.7470456183666183 430.3964653573686427   0.5972415203289801
 448.5189389816734547 444.2746140848863054 432.5583120545745653  -0.5679584818661324
 447.2358149367409209 442.9083420900612690 428.7561830731250056  -0.4157584802197979
 446.7293683328500240 443.4091195155503750 426.9741713288372424   0.2718415197802020
 447.2490430196783791 440.2117028969556031 429.4440433858723494  -0.0597584802197980
 445.9848162360850406 439.9528104166083908 431.0503105997054029   0.0868415197802020
 446.2474881687001135 438.5808692433815636 427.2292843569166478   0.1302415197802020
 447.2641608287497137 439.1232206438169745 425.5171924795839825   0.0186415197802020
 446.6991327147073008 435.7349416856961579 427.6847083551916421  -0.3204584802197979
 445.9508011656744567 434.6162238144148059 426.1313534731083678   0.0881415197802020
 448.7154704996012365 435.3324300191709428 427.7999816493608517   0.0881415197802020
 445.7977333488268563 435.1547957625823563 429.4459331120062260   0.0881415197802020
 443.3921119803451101 439.0778672166028627 426.8267726903913790  -0.0430584802197980
 442.3300858930813442 438.3163075846326141 428.4217015474209581   0.0235415197802020
 443.0481818239714112 441.1055433583003801 426.7681911802398628   0.0235415197802020
 442.3414242498848721 437.9553698930536502 424.3663492640259233  -0.0660584802197980
 442.3641009634919279 435.8993478593473399 424.4287102264453539   0.0185415197802020
 440.3893371535442433 438.5638617081762986 424.1206848666161692   0.0185415197802020
 443.4658112995680147 438.6035459569886194 422.7657512285946071   0.0185415197802020
 449.8814315242306842 439.3613261366910613 430.3284352165474752   0.5972415203289801
 450.0647349592210079 437.9761568805267759 432.1860360061920736  -0.5679584818661324
 451.9053282136603411 440.2173720753573940 429.0793262420255251  -0.4157584802197979
 451.6256487458400031 441.3946714567903158 427.5902220484955580   0.2718415197802020
 454.5169297307395206 439.6221083431722038 429.7785249115763968  -0.0252584802197980
 454.8287345428365122 437.5925424753407563 429.6197879163270058   0.0697415197802020
 455.7830462404667357 440.5896481237398858 428.4746138791707373   0.0697415197802020
 455.1896722344154761 440.4630364727671481 432.4638257478784811   0.5972415203289801
 456.1723298240544926 438.9607041962997765 433.9434813107388507  -0.5679584818661324
 454.5490550750161741 442.8006277004277268 433.1573552390276159  -0.4157584802197979
 453.6948988624837719 443.9420222853161883 431.8742311940950819   0.2718415197802020
 454.9062133143272775 443.7492702196562132 435.7406108640979487  -0.0275584802197980
 456.8620798629357668 443.4374654075592218 436.3094184304082223   0.1122415197802020
 454.4262228763112971 446.6065361341451470 435.7746259345085326  -0.0050584802197980
 452.7009029160411735 447.0430628710809458 434.7314971085840157   0.0338415197802020
 454.1333153255535010 447.1923512356607394 437.7286027569830915   0.0338415197802020
 456.5710620383119008 448.1409937548891722 434.7277176563161551  -0.1415584802197980
 457.2230175545147306 448.3280766421474099 432.2672942299506993  -0.1638584802197980
 456.2516983216791882 447.4436848114722306 430.7196085262691623   0.2061415197802020
 459.3621875381135972 449.7793863129989327 432.0046222973356264  -0.3418584802197979
 460.0916218258071923 450.2574870248809828 430.3057585029404193   0.3411415197802020
 460.2484690949226531 450.5900788244511537 434.3025292761838842   0.1379415197802020
 462.3460651035752684 452.0470576737044136 435.0055073980025628  -0.2601584802197979
 463.6254096962399418 452.7311385341838967 433.6089997850347496   0.1571415197802020
 462.7504664962344137 452.5629529082649080 437.5755349401354911  -0.1134584802197980
 464.3586234362013973 453.6400968046000624 438.1443425064457647   0.1416415197802020
 461.0345951666338879 451.6710021730541149 439.4010103855033822  -0.1972584802197980
 461.3445102525970029 452.0999700054542464 441.3342002205048692   0.1446415197802020
 458.9388888841152564 450.1894568840598152 438.7131500727560921  -0.2387584802197980
 457.6765518266558483 449.4978171190446645 440.1209960425273796   0.1699415197802020
 458.4872443381080691 449.5885239734728880 436.0845410204715937   0.1242415197802020
 453.2489234948783215 442.3300858930813442 437.6473445332244656   0.5972415203289801
 454.1484331346248356 441.5741954395128327 439.6542336874488574  -0.5679584818661324
 450.8735377445393523 441.8009625755833914 436.9934992908877593  -0.4157584802197979
 450.2045746931312036 442.4566975440540817 435.3173122100996079   0.2718415197802020
 449.1217616183943121 440.5027207215795227 438.6942528114168431  -0.0275584802197980
 449.2162479250903962 441.4267968010669694 440.5348460658561763   0.1122415197802020
 446.3986662594137834 440.8523200563549050 437.7512794705901473  -0.0050584802197980
 446.3192977617890878 440.4063446887495084 435.7387211379640184   0.0338415197802020
 445.2138079734451942 439.4822686092620082 438.7055911682203710   0.0338415197802020
 445.2062490689094731 443.4110092416843054 438.1689089461867510  -0.1415584802197980
 446.2399292641643924 445.6749011501219793 437.5774246662694214  -0.1638584802197980
 448.0843019708715862 445.9432422611387893 436.7383862628083538   0.2061415197802020
 444.5316168390995875 447.5929731760520240 438.0120616770712901  -0.3418584802197979
 444.8150757591877860 449.3901027294111221 437.3846726006094464   0.3411415197802020
 442.3130783578760790 446.6877943579037727 439.0098370757816952   0.1379415197802020
 440.0548556278401422 447.8707629177384318 439.7411610896092204  -0.2601584802197979
 439.8394268485731113 449.8625342628914351 439.5238425842083129   0.1571415197802020
 438.0668637349549994 446.3986662594137834 440.7105905963108325  -0.1134584802197980
 436.3320951440152783 447.2811683639550326 441.2416036399427154   0.1416415197802020
 438.3503226550431979 443.7624983025936714 440.9581447198545170  -0.1972584802197980
 436.8366520217722448 442.6588982403836543 441.7083659950212376   0.1446415197802020
 440.6009864805434136 442.5606324814197635 440.1946953617503381  -0.2387584802197980
 440.7729515587302631 440.5575227794632322 440.3553220831336596   0.1699415197802020
 442.6910235846603080 444.0157216045390931 439.1629048926293491   0.1242415197802020
 449.8417472754183096 437.7172644001795636 439.1818021539685444   0.5972415203289801
 449.2313657341617848 436.7383862628083538 441.2000296649964643  -0.5679584818661324
 451.2325857099843858 436.4360300813809600 437.4867178118411979  -0.4157584802197979
 451.5727364140901703 437.2561712235027785 435.7840745651781302   0.2718415197802020
 452.4174439959529750 433.9623785720780460 438.0744226394906668  -0.0875584802197980
 451.2004603657076786 432.9891696131085733 439.4199076468426312   0.0968415197802020
 452.6385419536217968 432.1879257323260037 435.7689567561067416   0.2984415197802021
 453.4284474776008383 430.4096934403061009 436.4454787120505575  -0.0297584802197980
 450.0326096149443544 431.5756544649354950 434.6691361461645851  -0.3192584802197979
 450.2272514067382596 430.2131619223782654 433.1365682515544366   0.0790415197802020
 448.8647588641810302 430.7479544182780090 436.1431225306231637   0.0790415197802020
 449.1349897013317703 433.2801874377324929 433.9434813107388507   0.0790415197802020
 454.3714208184275878 433.1327887992866296 433.6543532122488613  -0.3192584802197979
 454.5112605523377298 431.6984866636403721 432.1841462800581432   0.0790415197802020
 453.6041920080555482 434.8467704027531716 432.8304326178592357   0.0790415197802020
 456.2611469523488397 433.5069545738029980 434.3781183215407191   0.0790415197802020
 454.9855818119519731 434.1929251604164117 439.3991206593695056   0.5972415203289801
 455.6337578758869423 432.5299661625657185 440.8957837574351401  -0.5679584818661324
 456.4179942214643005 436.2357191111853175 438.9588144701658461  -0.4157584802197979
 455.8170613108773196 437.5150637038499908 437.6662417945637146   0.2718415197802020
 458.8141669592764491 436.7553937980136725 440.2683946809732429  -0.0518584802197980
 460.0670553860662060 435.1491265841805655 439.9660384995458490   0.0921415197802020
 460.0708348383340666 439.0986542040759883 439.0721980382011256  -0.1102584802197980
 460.4128752685737815 438.6451199319349244 437.0917650498516502   0.0456415197802020
 458.7725929843301443 440.6898036088377070 439.1175514654152373   0.0456415197802020
 462.5860603225832317 439.9244645245995977 440.2986302991160198   0.3530415197802020
 463.5781665428918997 438.2728438835524327 441.0299543129435452  -0.0361584802197980
 464.2716960340409806 441.1792426775232850 438.3106384062308233  -0.4121584802197980
 466.0518180521948137 441.7574988745032100 439.1723535232989468   0.0999415197802020
 464.6779871528340564 439.8469857531088325 436.7950780468259935   0.0999415197802020
 463.3287226932142850 442.8403119492401015 437.5358506913231165   0.0999415197802020
 462.2232329048703914 441.8595440857349614 442.4264619259113585  -0.4121584802197980
 464.0562672547740037 442.4510283656522909 443.1540064874710232   0.0999415197802020
 461.2273472322938629 443.5225030835856545 441.7234838040926261   0.0999415197802020
 461.1612068176066256 441.0507413004166708 443.9892654386642304   0.0999415197802020
 458.4362217324921666 437.0067273738251639 443.1351092261318279   0.5972415203289801
 459.9234361998882033 435.9635985479006470 444.5807497185815599  -0.5679584818661324
 456.3820894249197864 438.2237110040704603 443.9628092727893139  -0.4157584802197979
 455.2936071717811577 439.1307795483526419 442.6721263233211125   0.2718415197802020
 455.6299784236191355 438.3125281323647536 446.6386614784218005  -0.0014584802197980
 457.0359346672565463 439.3443186014857963 447.7384820883639570   0.0875415197802020
 453.0467227985487488 439.6391158783774690 446.9051128633046802  -0.0152584802197980
 451.8580850603122990 439.1421179051561698 445.2950661972037665   0.0294415197802020
 452.1131980883916510 438.8492103543984273 448.5661821350214967   0.0294415197802020
 453.0259358110756232 442.5039406974021237 447.1942409617946696  -0.0011584802197980
 454.2769345117315037 444.0535161272175374 445.4122292175069064  -0.1906584802197980
 455.3332914205934787 443.2088085453547327 443.9174558455752022   0.1698415197802020
 454.1295358732856403 446.7085813453768984 445.5293922378100463  -0.2341584802197979
 455.0498325005052802 447.8650937393366947 444.1612305168510259   0.1655415197802020
 452.5837398957380873 447.9142266188186671 447.6175396157930103   0.3225415197802020
 452.3626419380692657 450.4577979950766789 447.8121814075869155  -0.5579584818661324
 451.6180898413042820 450.9850315864407014 449.3938821816789828   0.3991415197802020
 451.3308514689482767 446.1756785756110851 449.5091554758481923  -0.2341584802197979
 450.2102438715329946 446.9258998507778059 451.0039288477798967   0.1655415197802020
 451.6124206629025449 443.5527387017283777 449.2105787466886054  -0.1906584802197980
 450.6864548572811143 442.3281961669474139 450.5239384097639163   0.1698415197802020
 455.4013215614146463 435.6461245574018646 447.7554896235692759   0.5972415203289801
 456.5464955985709147 435.0489710990827443 449.6867897324367789  -0.5679584818661324
 453.9783577825719702 433.9907244640868389 446.4855936615742001  -0.4157584802197979
 453.1355399268430422 434.5652012087989034 444.8736572693393560   0.2718415197802020
 453.6174200909930064 431.3923510299451175 447.3359704218387421  -0.0252584802197980
 452.7386974387196178 431.3961304822129782 449.1992403898850776   0.0697415197802020
 452.3664213903371261 430.4380393323148940 446.0150518542277638   0.0697415197802020
 456.1024099570994484 429.9297030022900669 447.4928176909542030   0.5972415203289801
 456.5616134076423032 428.6749248493663798 449.3919924555450524  -0.5679584818661324
 457.7559203242805438 430.1148961634143745 445.5841942956937558  -0.4157584802197979
 457.3118346828090238 431.2203859517583220 444.0780825669585235   0.2718415197802020
 460.1728800495658180 428.7372858117857566 445.6012018308990208  -0.0597584802197980
 459.7250149558264913 426.8286624165253094 446.2191422766912668   0.0868415197802020
 461.3067157299185584 428.4935111405099327 442.9121215423290760   0.1302415197802020
 459.7552505739692146 428.4519371655636815 441.5515187259057767   0.0186415197802020
 463.0509329515278774 430.6931523603942995 442.1751283500998134  -0.3204584802197979
 463.5687179122223021 430.5400845435466454 440.1871364572146706   0.0881415197802020
 462.0833931709601955 432.4751641046820090 442.4529180917862212   0.0881415197802020
 464.7705837333962102 430.6742550990550505 443.3127434827204144   0.0881415197802020
 462.8203863631894581 426.0141904528052816 442.6003167302320843  -0.0430584802197980
 463.8956405333906821 426.1030075810995749 440.8428714256853072   0.0235415197802020
 464.1620919182735618 425.8101000303417786 444.1517818861814283   0.0235415197802020
 461.1517581869370278 423.6444738808679956 442.4548078179201515  -0.0660584802197980
 459.7798170137102007 423.8428951249297615 440.9279091017117936   0.0185415197802020
 462.3385061990395473 422.0041915966243584 442.0730831388680621   0.0185415197802020
 460.1577622404944297 423.3345587949049345 444.2292606576721936   0.0185415197802020
 462.0323705653443467 429.7539584718354107 447.5948629021859544   0.5972415203289801
 463.3910836556337156 428.2459570169662483 448.7362574870744158  -0.5679584818661324
 461.9870171381302349 432.2257202550043943 448.1466629332909629  -0.4157584802197979
 460.8645198145809688 433.3803429228303142 447.0997546550985856   0.2718415197802020
 463.3778555726962574 433.3671148398928560 450.2593767510149131  -0.0518584802197980
 465.3620680133135396 432.8701168666715567 450.0609555069532009   0.0921415197802020
 463.1718754240988241 436.2697341815959013 450.0930808512298545  -0.1102584802197980
 464.0203624582294895 436.8876746273881473 448.3186280114778124   0.0456415197802020
 461.1801040789458209 436.7931883206920632 450.0477274240157427   0.0456415197802020
 464.4228741247547046 437.7229335785813544 452.2927220711141676   0.3530415197802020
 463.4969083191332740 437.2202664269582644 454.0615057324644728  -0.0361584802197980
 467.2517941472347914 437.1673540952084852 452.5383864685239755  -0.4121584802197980
 468.0511483018834844 438.3370945721057397 454.0350495665895564   0.0999415197802020
 467.5447016979925877 435.1944800113946772 453.0448330724148724   0.0999415197802020
 468.2117750232668059 437.5793143924032979 450.7639336287718796   0.0999415197802020
 464.1167384910594501 440.5631919578649693 451.8769823216514945  -0.4121584802197980
 464.8556214094226966 441.5912029747181513 453.5021467968237968   0.0999415197802020
 465.1107344375020484 441.1565659639162290 450.1743390749884804   0.0999415197802020
 462.1174082413707794 441.0205056822738938 451.6823405298576428   0.0999415197802020
 462.4518897670748268 432.3353243707718670 452.8161762102103831   0.5972415203289801
 463.9844576616849753 431.5907722740068834 454.3997667104363807  -0.5679584818661324
 459.9593409964327175 432.1369031267101012 453.1790036279232773  -0.4157584802197979
 458.7782621627319351 432.8493298791984311 451.8448569773748408   0.2718415197802020
 458.8727484694279654 430.9596037452771792 455.4391160840930907  -0.0024584802197980
 459.6191902923268793 431.9365921565144589 457.0926264512741861   0.0977415197802020
 455.9757983061267108 431.2770777357759616 455.4447852624948279  -0.0343584802197980
 455.5354921169230513 433.2764079854646323 455.5978530793424819   0.0294415197802020
 455.2425845661652552 430.6345708502427296 453.6325379000643413   0.0294415197802020
 454.5301578136769251 429.9372619068257880 457.5461607234152501   0.0117415197802020
 452.4949227674437403 428.3215460623230832 456.9471175389622531  -0.1256584802197980
 451.9809172590171762 428.0305282376992174 455.0252660607642941   0.1329415197802020
 451.1154226896812459 427.1007829798099800 458.8670792910262282  -0.1704584802197980
 449.5866342473389578 425.8649020882254881 458.4078758404833735   0.1429415197802020
 451.7447014922770197 427.5146330031387229 461.4144301195520470  -0.1072584802197980
 450.7015726663525028 426.5905569236512226 462.8751884210732212   0.1296415197802020
 453.7383625635639533 429.1586947396502207 462.0304808392104164  -0.1704584802197980
 454.1975660141068080 429.4893968130864613 463.9674501264796566   0.1429415197802020
 455.1292009981299758 430.3681194653598499 460.1086293610125109  -0.1256584802197980
 456.6334230007312777 431.6134489876139393 460.6094067865016170   0.1329415197802020
 459.6569848150053236 428.1684782454754830 455.6980085644403030   0.5972415203289801
 460.4336622560469608 427.3936905305677761 457.7540305981466135  -0.5679584818661324
 459.6418670059339351 426.6963815871508346 453.6211995432608134  -0.4157584802197979
 458.9729039545257866 427.4484925884514857 451.9903658896867737   0.2718415197802020
 460.5054718491359353 424.0450958212593341 453.6495454352696599  -0.0237584802197980
 459.3357313722386807 422.9925183646651660 454.9818023596841124   0.0879415197802020
 460.3353964970830160 422.7147286229787582 451.0530617272618689   0.0341415197802020
 461.6487561601583269 423.6255766195288003 449.7548198732579466   0.0240415197802020
 461.0005800962233040 420.7815387879773249 451.3138439337429579   0.0240415197802020
 457.7899353946911275 422.5427635447919088 449.6754513756332510   0.0017415197802020
 457.2438045419878563 424.3984746083025768 449.0159369548947539   0.0439415197802020
 458.1187477419933841 421.4089278644391684 447.9879259380415717   0.0439415197802020
 455.1292009981299758 421.1273586704849002 451.2968363985376928  -0.2737584802197979
 453.9802475087058469 423.8032108761173868 453.0845173212271933  -0.0536584802197980
 452.1339850758647764 423.3610149607797971 453.8763125713402188   0.0683415197802020
 455.2728201843079784 424.2246198039818509 454.6284235726408697   0.0683415197802020
 453.8120618827868581 425.4416034342270937 451.8505261557766317   0.0683415197802020
 463.2531336478574501 423.8485643033314986 454.5585037056857719   0.5972415203289801
 463.7898158698910701 422.4898512130421296 456.3707510681162585  -0.5679584818661324
 464.9992405956006993 425.1883801322816722 453.2980563743602939  -0.4157584802197979
 464.4266535770225650 426.3316644433040103 451.8656439648479664   0.2718415197802020
 467.7223359545812280 425.0012972450234881 453.8498564054653024  -0.0875584802197980
 468.1909880357936803 422.9962978169330264 453.9008790110811513   0.0968415197802020
 469.3229339900124905 426.1993836139295355 451.7220247786699637   0.2984415197802021
 468.5651538103101023 425.5493178238606360 449.9192260469090749  -0.0297584802197980
 469.2889189196019066 429.0906645988290530 451.7163556002682266  -0.3192584802197979
 470.3074813057854911 429.7993118990495224 450.0722938637567290   0.0790415197802020
 467.3462804539308756 429.7256125798266178 451.6067514845007541   0.0790415197802020
 470.1581929412056974 429.8408858739957737 453.4265577514669618   0.0790415197802020
 468.3686222923822668 426.0368671664123375 456.4727962793480099   0.5972415203289801
 470.1317367753307810 425.1052321823891161 457.6557648391827226  -0.5679584818661324
 466.8814078249862300 427.8283275413696448 457.4554538689870264  -0.4157584802197979
 465.5094666517594029 428.5936666256077539 456.3575229851788003   0.2718415197802020
 467.1062852349228585 428.7051604675091031 460.0594964815305387   0.0212415197802020
 469.0564826051296106 429.2418426895427767 460.3864191026989187   0.1123415197802020
 465.4905693904202076 431.0843256701159865 460.4336622560469608  -0.1231584802197980
 466.2634673791939841 432.6320113737974701 459.3073854802298877   0.1111415197802020
 463.5479309247491765 430.7366160614744809 459.8346190715939101   0.1111415197802020
 465.5397022699021798 431.9158051690413332 463.7652494301500840  -0.3119584802197979
 464.5778316677362351 434.2685142057733003 463.5630487338205112   0.1932415197802020
 466.4543297187200288 426.6415795292671253 461.9983554949337628   0.5972415203289801
 468.0360304928121497 425.9858445607964348 463.5800562690258300  -0.5679584818661324
 464.1091795865237827 425.7004959145743061 461.9548917938535277  -0.4157584802197979
 462.9110932176176816 426.2806418376881614 460.5735019899571028   0.2718415197802020
 463.0868377480723914 424.1376924018214342 464.0052446491581009  -0.0024584802197980
 463.7104473722663745 424.9087006644613343 465.8137125593207271   0.0977415197802020
 460.1861081325032762 424.2170608994461298 463.9466631390065310  -0.0343584802197980
 459.5114759026933906 424.3833567992312421 462.0040246733354999   0.0294415197802020
 459.4566738448096274 422.4350491551584203 464.6836563312358472   0.0294415197802020
 459.0976258793645939 426.3430028001075382 465.5189152824290543   0.0117415197802020
 459.6683231718088515 428.8752358195620221 464.9425488115830594  -0.1256584802197980
 460.7832615908223965 429.3249906394352793 463.2984870750715618   0.1329415197802020
 458.7385779139195604 430.8348818204383719 466.4675578016574870  -0.1704584802197980
 459.1486484849804965 432.7850791906451240 466.0026851727128952   0.1429415197802020
 457.1908922102380771 430.2604050757263075 468.5386976444351859  -0.1072584802197980
 456.4066558646607725 431.7702962567294002 469.6422977066452030   0.1296415197802020
 456.6334230007312777 427.7376206869414211 469.1377408288882365  -0.1704584802197980
 455.4901386897089396 427.3086528545413434 470.7685744824622759   0.1429415197802020
 457.5820655199597641 425.7760849599311948 467.6259599217512135  -0.1256584802197980
 457.1606565920953537 423.8353362203940403 468.0908325506958592   0.1329415197802020
 464.0128035536937684 421.4070381383052381 463.9372145083369334   0.5972415203289801
 464.3718515191388556 420.2750921840864281 465.9346550318917274  -0.5679584818661324
 464.3945282327459115 420.3261147897022769 461.6865506828367177  -0.4157584802197979
 464.0751645161131990 421.3560155326893893 460.0972910042089830   0.2718415197802020
 465.1730953999214251 417.6842776544803742 461.4333273808912960  -0.0031584802197980
 463.8994199856585426 416.5088679991813825 462.5520452521726480   0.0849415197802020
 464.9708947035918525 416.8792543214299439 458.6535402378931277  -0.0036584802197980
 462.9942411675102376 416.9699611758581676 458.0696148625114656   0.0170415197802020
 466.0612666828644114 418.1831653538356036 457.4856894871298035   0.0170415197802020
 463.9069788901942100 413.6875068812369093 454.2032351925085988  -0.6086584813173542
 474.8371548487947154 445.8525354067105658 461.2330164106956537   0.5972415203289801
 473.9829986362623131 446.8994436849029431 459.3432902767744019  -0.5679584818661324
 473.4784417585053464 444.1876866827259423 462.5539349783065782  -0.5163584802197979
 471.1087251865681143 443.1181016909265090 461.6090719113459522   0.0396415197802020
 471.4091916418615779 442.4737050792593469 459.6739923502105886   0.1104415197802020
 470.3774011727405889 440.8183049859443211 463.2210083035807965   0.0559415197802020
 469.8085936064302617 441.4872680373524696 465.0861679977610621  -0.0173584802197980
 468.2306722846060012 439.2819576390663657 462.0134733040050977   0.0135415197802020
 467.0647112599766073 440.5178385306508576 460.8531814577774409  -0.0425584802197980
 469.0508134267278735 437.8608835863575663 460.7624746033492172  -0.0425584802197980
 466.5336982163447244 437.9969438679999015 463.9712295787475171   0.8053415186826456
 464.2395706897643271 437.7531691967240776 463.4383268089817577  -0.8188584780246854
 467.4388770344930294 437.2561712235027785 466.0253618863199510  -0.8188584780246854
 468.9884524643084431 445.0871963224724565 461.5089164262481312   0.5365415197802020
 467.9566619951874541 445.5879737479615626 459.4850197368184742  -0.5819584818661324
 468.3705120185161971 446.2626059777714482 463.6594247666505256  -0.4157584802197979
 469.3078161809411556 445.8279689669695795 465.2675817066175093   0.2718415197802020
 466.4222043744433753 448.2279211570495889 463.7198960029359723  -0.0031584802197980
 464.7403481152534868 447.4739204296150077 462.8184966370555814   0.0849415197802020
 465.6209604936607520 448.8742074948506277 466.4240941005773056  -0.0036584802197980
 464.1545330137378944 450.3236274395682202 466.3522845074882772   0.0170415197802020
 464.7460172936552239 447.1829026049911417 467.1951023632172055   0.0170415197802020
 467.7015489671081023 449.7302534335169605 468.2571284504809176  -0.0645584802197980
 466.8266057671025205 449.8889904287663517 470.1052806094559184   0.0351415197802020
 469.1868737083701551 448.3053999285403541 468.3724017446501274   0.0351415197802020
 468.8429435519965101 452.3059501540516258 467.6505263614921998   0.6950415181338675
 467.5843859468049624 454.0029242223129028 466.7377886388082274  -0.6086584813173542
 471.2769108124871031 452.6612186672288526 467.9887873394641076  -0.9407584796710198
 472.4088567667059131 451.2760494110645672 468.6407428556669374   0.4250415197802020
 471.9591019468326561 454.3770899968293249 467.5352530673229900   0.4250415197802020
 467.1459694837352333 450.5182692313621255 462.1211876936386398   0.5972415203289801
 465.5019077472237355 451.4858090119298072 460.8078280305633290  -0.5679584818661324
 469.5761572919579656 451.2004603657076786 461.9870171381302349  -0.4157584802197979
 470.8422738016851808 450.3425247009074691 463.1246322707507821   0.2718415197802020
 470.4907847407758684 453.1752241756554168 460.2919327960028346  -0.0024584802197980
 469.6517463373148008 454.9742434551484452 460.8569609100453014   0.0977415197802020
 473.3726170950057346 453.4057707639937823 460.5432663718143796  -0.0343584802197980
 473.8091438319415870 454.5377167182126462 462.2118945480668635   0.0294415197802020
 474.1908685109936765 451.5425007959474471 460.8512917316435643   0.0294415197802020
 474.6292849740634056 454.5811804192928277 458.2510285713679126   0.0117415197802020
 474.3061418051628324 457.1682154966310211 457.7464716936109461  -0.1256584802197980
 473.1836444816136200 458.3152792599212197 459.0069190249363704   0.1329415197802020
 475.3851754276318635 458.2510285713679126 455.5751763657354260  -0.1704584802197980
 475.1225034950168442 460.2427999165209160 455.1991208650850736   0.1429415197802020
 476.7627857792604814 456.7373579380969594 453.8819817497419560  -0.1072584802197980
 477.5772577429805629 457.5688374370223059 452.2039049428198745   0.1296415197802020
 477.0575830561522079 454.1389845039552381 454.3600824616240597  -0.1704584802197980
 478.1007118820767247 452.9711337531919139 453.0523919769505396   0.1429415197802020
 475.9917775166205814 453.0599508814862071 456.5427161463031079  -0.1256584802197980
 476.1996473913519450 451.0606206317975364 456.8998743856142111   0.1329415197802020
 469.6668641463861891 452.6706672978984503 457.5537196279509710   0.5972415203289801
 468.4479907900069624 454.2958317730706990 456.4085455907946491  -0.5679584818661324
 470.1506340366700302 450.3878781281215811 456.5597236815083729  -0.4157584802197979
 471.0954971036306561 449.0990849047872563 457.6217497687721388   0.2718415197802020
 469.2586833014591834 449.6773411017671813 454.0407187449913472  -0.0518584802197980
 469.9446538880725969 451.0719589886010643 452.6914542853715758   0.0921415197802020
 470.2432306172321840 447.0544012278844739 453.2564823994140426  -0.1102584802197980
 469.7991449757606639 445.6975778637290350 454.7418071406761492   0.0456415197802020
 469.2114401481111413 446.4818142093063397 451.5651775095545029   0.0456415197802020
 473.0853787226497291 446.8956642326350827 452.6574392149609921   0.3530415197802020
 474.1833096064579554 447.2244765799373930 454.3638619138918667  -0.0361584802197980
 473.6560760150939330 444.2424887406096518 451.6615535423844635  -0.4121584802197980
 473.1628574941404945 442.8459811276418386 453.0920762257628606   0.0999415197802020
 472.5694834880892347 443.8721024183610904 449.9513513911857821   0.0999415197802020
 473.9338657567803407 448.7778314620206671 450.6259836209956677  -0.4121584802197980
 475.9048501144602185 448.4320115795130918 450.1384342784439664   0.0999415197802020
 472.7697944582848770 448.5737410395571642 448.9384581834039886   0.0999415197802020
 473.7883568444684077 450.7015726663525028 451.3403000996178743   0.0999415197802020
 466.3844098517649846 449.7774965868650026 453.8517461315992327   0.5972415203289801
 465.4357673325364980 450.8773171968071591 452.0413884953026765  -0.5679584818661324
 465.0067995001363667 448.7475958438779439 455.6980085644403030  -0.4157584802197979
 465.9025296876150203 447.8650937393366947 457.1474285091578955   0.2718415197802020
 462.2477993446113238 448.8817663993863488 455.6847804815028448  -0.0275584802197980
 461.5599390318640337 447.8783218222741529 454.0180420313842912   0.1122415197802020
 461.1347506517317091 447.5948629021859544 458.0412689705026189  -0.0050584802197980
 462.0172527562729581 448.3753197954954520 459.7231252296925610   0.0338415197802020
 459.1656560201857616 448.1409937548891722 458.1149682897255773   0.0338415197802020
 461.1555376392048346 444.7546045229023395 458.2207929532251357  -0.1415584802197980
 462.3781904478519220 443.3599866360684565 459.9839074361737036  -0.1638584802197980
 463.6121816133024836 444.0913106498959281 461.4333273808912960   0.2061415197802020
 461.8074931554076644 440.8315330688817794 459.7117868728890331  -0.3418584802197979
 462.5955089532528295 439.4539227172532151 460.8286150180365083   0.3411415197802020
 460.1294163484856366 440.4498083898296899 457.7634792288162111   0.1379415197802020
 458.9294402534456052 438.2898514187576977 456.8034983527841968  -0.2601584802197979
 459.2828190404889016 436.4851629608629322 457.6293086733078062   0.1571415197802020
 457.2891579692019680 438.5317363638996449 454.7247996054708305  -0.1134584802197980
 456.3745305203840653 436.9103513409952033 453.9670194257684424   0.1416415197802020
 456.8677490413375575 440.9014529358368772 453.6041920080555482  -0.1972584802197980
 455.6507654110922609 441.0469618481488102 452.0035939726242320   0.1446415197802020
 458.0563867795740074 443.0708585375784672 454.5717317886232301  -0.2387584802197980
 457.7691484072180021 444.8453113773305093 453.6873399579480508   0.1699415197802020
 459.7287944080942981 442.9140112684630063 456.7335784858291526   0.1242415197802020
 461.3048260037846282 451.6369871026435310 455.4466749886287582   0.5972415203289801
 459.8232807147903823 452.1812282292128185 453.7364728374300230  -0.5679584818661324
 462.2477993446113238 453.4152193946634338 456.9811326093728370  -0.4157584802197979
 463.5006877714011344 452.8898755294332880 458.3341765212604150   0.2718415197802020
 461.4956883433106730 456.1024099570994484 456.8053880789181269  -0.0389584802197980
 459.4510046664078903 456.2006757160633394 457.0019195968459627   0.1006415197802020
 462.7372384132969555 457.7426922413430856 458.8878662784993539   0.3653415197802020
 461.7810369895328017 459.5681676867110304 458.8406231251513118   0.0042415197802020
 462.5766116919136342 456.7392476642308898 461.5939541022745639  -0.2438584802197979
 462.9205418482873330 458.2850436417784964 462.9110932176176816   0.0641415197802020
 460.7322389852064940 455.8964298085020152 461.9530020677196511   0.0641415197802020
 464.0505980763722127 455.3862037523432579 461.9832376858623743   0.0641415197802020
 465.3148248599655513 458.2037854180198705 458.4267731018225688  -0.6761584785734636
 466.2256728565155934 456.6220846439277496 458.2888230940463032   0.4101415197802020
 462.1268568720403770 457.2740401601306331 454.2334708106513220   0.5972415203289801
 460.5867300728945610 458.6346429765539324 453.1412091052448330  -0.5679584818661324
 464.3491748055317998 456.6655483450079849 453.1922317108606818  -0.4157584802197979
 465.5510406267057078 455.5713969134675655 454.2051249186424755   0.2718415197802020
 465.1901029351267440 457.6104114119686108 450.7431466412987539  -0.0252584802197980
 465.1693159476536183 459.6702128979427818 450.7507055458344214   0.0697415197802020
 467.1214030439942470 456.9716839787031856 450.4181137462643043   0.0697415197802020
 463.5460411986152462 456.6598791666061941 448.5699615872893037   0.5972415203289801
 462.9035343130820141 458.1338655510647727 446.8862156019654849  -0.5679584818661324
 462.8147171847877210 454.2353605367852524 448.6153150145034154  -0.4157584802197979
 463.3891939294997853 453.1260912961734444 450.0722938637567290   0.2718415197802020
 461.1309711994639021 453.1582166404500980 446.6972429885733705  -0.0237584802197980
 461.8811924746306229 453.6722221488767159 444.8585394602679675   0.0879415197802020
 460.9779033826162483 450.2555972987470526 446.8862156019654849   0.0341415197802020
 460.1879978586371529 449.7642685039275443 448.7249191302708879   0.0240415197802020
 459.6588745411392539 449.5866342473389578 445.4481340140514204   0.0240415197802020
 463.4534446180530924 448.7683828313510694 446.5611827069310353   0.0017415197802020
 464.7819220901997381 449.2937266965811615 448.0257204607200162   0.0439415197802020
 462.9980206197780983 446.7803909384658729 446.8559799838227617   0.0439415197802020
 465.0842782716271320 448.9781424322163094 443.5584078801301685  -0.2737584802197979
 467.1025057826550517 451.7012377911968381 444.0894209237620514  -0.0536584802197980
 468.3591736617126692 451.9393432840709249 442.4755948053932770   0.0683415197802020
 465.9667803761683810 453.4019913117259755 444.3086291552968892   0.0683415197802020
 468.2325620107399315 451.4045507881711815 445.7882847181572587   0.0683415197802020
 458.4664573506349434 454.2977214992046293 446.8446416270192338   0.5972415203289801
 457.4063209895051079 454.9175516711308054 444.8698778170714954  -0.5679584818661324
 457.4611230473888174 454.7002331657298442 449.1349897013317703  -0.4157584802197979
 458.4721265290366805 454.1767790266336824 450.6751165004775864   0.2718415197802020
 453.5210440581629921 454.8022783769615958 448.6606684417175272   0.0863415197802020
 454.8721982439166936 458.5288183130543204 448.3110691069420913   0.5972415203289801
 453.3075050050298916 458.9729039545257866 446.6329923000200634  -0.5679584818661324
 456.5767312167136916 460.2371307381191251 449.0688492866445331  -0.4157584802197979
 457.8390682741730462 459.7325738603621586 450.4275623769339019   0.2718415197802020
 456.4727962793480099 462.8732986949392909 448.2222519786477981  -0.0875584802197980
 454.5433858966143834 463.5271439372760509 448.5416156952805106   0.0968415197802020
 458.2359107622965241 464.5759419416023048 449.8077322050077258   0.2984415197802021
 457.7937148469589345 464.2527987727017853 451.7957240978929222  -0.0297584802197980
 461.0610513325088043 464.0581569809078801 449.4278972520895666  -0.3192584802197979
 462.1495335856474329 465.1712056737874948 450.7809411639771985   0.0790415197802020
 461.4673424513018799 462.0720548141566676 449.7472609687222792   0.0790415197802020
 461.6563150646939943 464.5778316677362351 447.5249430352308565   0.0790415197802020
 457.7615895026822810 467.3765160720735988 449.2521527216349104  -0.3192584802197979
 458.8614101126244375 468.5424770967030465 450.5485048495048488   0.0790415197802020
 458.2982717247159010 467.8432784271521747 447.3189628866334769   0.0790415197802020
 455.7698181575292775 467.8130428090094514 449.5167143803838598   0.0790415197802020
 456.9376689082926017 463.1189630923490450 445.3801038732302528   0.5972415203289801
 455.5827352702710934 464.5305885143881931 444.1234359941726353  -0.5679584818661324
 458.7461368184552815 461.7167863009794946 444.2897318939576939  -0.4157584802197979
 459.7703683830406031 460.5130307536716564 445.3801038732302528   0.2718415197802020
 459.3319519199708739 461.9624506983892488 441.5760851656467628  -0.0875584802197980
 459.4264382266669042 463.9787884832831845 441.1679043207197571   0.0968415197802020
 461.9643404245231789 460.8871965281880246 440.9524755414527799   0.2984415197802021
 463.2720309091966454 461.4900191649089359 442.4264619259113585  -0.0297584802197980
 462.0304808392104164 458.0015847216902979 440.8031871768729863  -0.3192584802197979
 463.9882371139528359 457.3685264668266636 440.7105905963108325   0.0790415197802020
 461.1555376392048346 457.1965613886398142 442.4755948053932770   0.0790415197802020
 461.0194773575625530 457.3439600270856773 439.1326692744865722   0.0790415197802020
 462.9469980141621955 461.9322150802464718 438.4353603310696307  -0.3192584802197979
 464.8556214094226966 461.2367958629634605 438.0914301746959857   0.0790415197802020
 461.7262349316490923 461.3463999787308793 436.8801157228524799   0.0790415197802020
 463.0018000720459050 463.9901268400867124 438.5090596502925891   0.0790415197802020
 457.2343559113182585 460.8947554327237457 439.8998980848586116   0.5972415203289801
 456.6731072495436524 461.9605609722553185 437.9043472874378014  -0.5679584818661324
 456.0135928288051551 458.8292847683477839 440.6841344304359160  -0.4157584802197979
 456.4898038145532750 458.0355997921008818 442.3697701418937188   0.2718415197802020
 454.0936310767411263 457.5952936028972223 439.1421179051561698  -0.0237584802197980
 454.8873160529880822 457.3987620849693868 437.2505020451010414   0.0879415197802020
 453.6627735182071183 454.9440078370057218 440.2230412537591311   0.0341415197802020
 455.4920284158428699 454.0558365540627357 440.5386255181239832   0.0240415197802020
 452.7141309989786317 455.0970756538533222 442.0466269729931456   0.0240415197802020
 452.1831179553467488 453.2073495199320704 438.4523678662749495   0.0017415197802020
 451.5311624391439190 454.2712653333297129 436.8196444865669796   0.0439415197802020
 453.4586830957436154 451.7465912184109498 437.7626178273936754   0.0439415197802020
 449.4997068451785948 451.7031275173307684 439.9263542507335281  -0.2737584802197979
 447.5627375579093008 454.4866941125967437 440.4082344148834386  -0.0536584802197980
 448.2505978706566447 455.5524996521283702 442.0296194377878805   0.0683415197802020
 447.6269882464626079 455.6772215769671237 438.7301576079613571   0.0683415197802020
 445.6200990922382698 453.9103276417508027 440.7238186792482907   0.0683415197802020
 451.7031275173307684 459.2355758871408595 438.8605487112019552   0.5972415203289801
 450.6940137618168354 459.4075409653277089 436.7629527025493399  -0.5679584818661324
 450.8130665082538520 460.5149204798055328 440.8617686870245562  -0.3661984801100423
 451.6577740901166567 460.1747697756997483 442.6192139915712797   0.3114115197253242
 447.0241656097417505 461.6015130068102850 439.5181734058065222   0.2245915200545911
 449.2956164227150918 464.9576666206543943 439.6504542351809969   0.8098515201643467
 448.4433499363166197 465.1787645783232159 437.5377404174570468  -0.6015384800002868
 451.5065959994029329 466.0518180521948137 440.1682391958754216  -0.4157584802197979
 452.4892535890420031 465.4641132245452911 441.7045865427534308   0.2718415197802020
 452.4835844106402124 468.1909880357936803 438.6394507535331336  -0.0518584802197980
 451.0851870715385225 469.6989894906628427 438.7585034999702038   0.0921415197802020
 455.0082585255590289 469.0130189040494292 439.8432063008409720  -0.1102584802197980
 454.5981879544980928 469.4476559148512978 441.8179701107887102   0.0456415197802020
 456.3102798318307582 467.4143105947520433 439.8337576701713742   0.0456415197802020
 456.3556332590448699 471.3165950612994241 438.6659069194080500   0.3530415197802020
 454.9591256460770567 472.7093232219993769 438.0725329133567904  -0.0361584802197980
 458.0733943147792724 472.5260197870090532 440.6576782645610533  -0.4121584802197980
 458.9464477886509238 474.2267733075381368 439.8904494541890139   0.0999415197802020
 456.9754634309710462 473.0475841999712847 442.3168578101438860   0.0999415197802020
 459.5454909731039745 471.1994320409963378 441.2283755570052572   0.0999415197802020
 458.0828429454489238 470.6344039269538710 436.4398095336488204  -0.4121584802197980
 459.0919567009628568 472.3162601861437595 435.8086410049191163   0.0999415197802020
 459.4472252141400299 469.2001017913076133 437.0048376476912335   0.0999415197802020
 456.9905812400424346 469.9389847096708598 434.8467704027531716   0.0999415197802020
 452.6971234637733129 467.6297393740190741 435.7557286731693373   0.5972415203289801
 452.2757145359089026 469.3210442638786138 434.2137121478895910  -0.5679584818661324
 453.1393193791109026 465.2619125282157185 434.9582642446545208  -0.4157584802197979
 453.5758461160467016 463.9353247822030031 436.2678444554619710   0.2718415197802020
 452.8766474464958297 464.5211398837185955 432.2786325867542272  -0.0249584802197980
 453.9027687372150816 465.9233166750881996 431.1807017029459473   0.0842415197802020
 454.2448091674548501 462.0304808392104164 431.7136044727117606   0.2116415197802020
 454.6699975475871210 461.9662301506570556 429.6972666878177710   0.0351415197802020
 456.0268209117425597 461.9643404245231789 432.7491743941006100   0.0351415197802020
 452.7727125091302017 459.8932005817454801 432.3069784787630203  -0.6546584813173543
 452.3286268676586818 459.9650101748344546 434.0908799491847138   0.4274415197802020
 450.1252061955065082 464.5249193359864560 431.2770777357759616   0.5972415203289801
 449.6471054836244581 465.4414365109382352 429.1889303577929439  -0.5679584818661324
 448.2827232149332982 463.6329686007756092 432.7586230247702076  -0.4157584802197979
 448.7721622836188763 463.1246322707507821 434.5406347690579710   0.2718415197802020
 445.5690764866223673 463.9561117696761287 432.2672942299506993  -0.0581584802197980
 445.1325497496865683 463.1624267934292266 430.4267009755113662   0.1359415197802020
 443.9873757125303000 462.5218096340299246 434.2288299569609257  -0.0074584802197980
 444.9530257669640516 462.4122055182625058 436.0335184148557448   0.0366415197802020
 442.2148125989121344 463.5290336634099275 434.5406347690579710   0.0366415197802020
 443.3014051259168865 459.9196567476203429 433.3557764830893279   0.1867415197802020
 441.8463160027975031 459.4510046664078903 431.2260551301600591  -0.5432584802197979
 441.3568769341119252 456.9679045264353788 431.2468421176331847   0.1634415197802020
 440.1739083742772124 456.0117031026712248 429.8786803966742180   0.1434415197802020
 442.4472489133844841 455.8718633687610291 433.2575107241254370  -0.2795584802197980
 442.3092989056082185 454.0142625791164308 433.6959271871951661   0.3338415197802020
 443.6850195311029061 457.7124566232003622 434.6200032666826666  -0.2207584802197979
 444.6468901332687971 457.4932483916654709 436.4020150109703761   0.1861415197802020
 444.7546045229023395 466.7340091865404204 432.2068229936651990   0.5972415203289801
 443.3524277315327354 467.4842304617071412 430.5041797470021314  -0.5679584818661324
 445.6805703285237164 468.3232688651681551 433.9378121323370599  -0.4157584802197979
 446.8106265566086500 467.6297393740190741 435.3248711146352754   0.2718415197802020
 444.9681435760354402 471.0161286060059605 433.9510402152745181  -0.0389584802197980
 442.9102318161951456 471.1068354604341840 433.9529299414084482   0.1006415197802020
 445.8808812987193587 472.4731074552592204 436.2980800736046944   0.3653415197802020
 444.8358627466609117 474.2456705688773860 436.3698896666937226   0.0042415197802020
 445.5010463458011995 471.0784895684253373 438.7887391181129270  -0.2438584802197979
 446.2512676209679203 472.2350019623851336 440.3137481081873546   0.0641415197802020
 443.4998263699785985 470.7156621507124970 439.1043233824777791   0.0641415197802020
 446.5044909229133954 469.2964778241376277 438.7925185703807877   0.0641415197802020
 448.4641369237897454 473.0702609135783407 436.1865862317033453  -0.6761584785734636
 448.7835006404224042 474.3571644107787351 437.4281363016896280   0.4101415197802020
 445.8695429419158308 472.3408266258847456 431.5397496683909808   0.5972415203289801
 444.3993360097251127 473.7184369775133636 430.3605605608241287  -0.5679584818661324
 448.2033547173086026 471.8457183787973767 430.6799242774568413  -0.4157584802197979
 449.3768746464737178 470.8252662664799158 431.8099805055417212   0.2718415197802020
 449.2030198421529380 473.0116794034267706 428.3593405850015277  -0.0875584802197980
 448.6361020019765409 474.9864432133745090 428.4330399042244862   0.0968415197802020
 452.1169775406595114 473.0627020090426733 428.3177666100552765   0.2984415197802021
 452.7708227829962714 473.6749732764331283 430.1734776735659445  -0.0297584802197980
 453.3282919925030171 470.5040128237132729 427.7376206869414211  -0.3192584802197979
 455.3748653955397298 470.6514114621591360 427.9020268605926031   0.0790415197802020
 452.6574392149609921 469.1396305550221668 429.1076721340343718   0.0790415197802020
 452.8426323760852459 469.8709545688496921 425.8384459223505717   0.0790415197802020
 453.0977454041646516 474.9769945827049112 426.3770178705181221  -0.3192584802197979
 455.1499879856031014 475.1054959598115254 426.5017397953569294   0.0790415197802020
 452.5742912650684359 474.4081870163945840 424.4665047491237445   0.0790415197802020
 452.3002809756498887 476.8383748246173164 426.7663014541059326   0.0790415197802020
 448.0219410084521556 471.9231971502881419 425.9404911335823231   0.5972415203289801
 447.5702964624449683 473.3556095598004694 424.1584793892946136  -0.5679584818661324
 447.3718752183832561 469.4741120807262143 425.8195486610113764  -0.4157584802197979
 447.7800560633102620 468.3081510560968204 427.2935350454699549   0.2718415197802020
 446.0490669246383477 468.4631085990783509 423.5764437400468281  -0.0875584802197980
 447.0298347881434876 469.2284476833164600 421.9342717296692606   0.0968415197802020
 446.2474881687001135 465.5661584357770425 423.3421176994406017   0.2984415197802021
 448.1750088252997560 465.0105789524042272 423.8107697806530542  -0.0297584802197980
 444.4314613540017662 464.0959515035863244 425.0353123154340718  -0.3192584802197979
 444.8868853522768142 462.0871726232280562 424.9975177927556275   0.0790415197802020
 444.6393312287331299 464.7781426379318775 426.9458254368284493   0.0790415197802020
 442.4718153531254165 464.3567337100674672 424.4513869400524097   0.0790415197802020
 443.3335304701935401 469.4552148193870189 423.4006992095921717   0.5972415203289801
 441.9918249151094361 469.7424531917430243 425.5304205625214407  -0.4157584802197979
 442.6834646801246406 469.0602620573974713 427.1896001081042732   0.2718415197802020
 439.5465192978153689 471.0350258673451558 425.5398691931910383  -0.0518584802197980
 438.3824479993198515 470.1430751321343091 424.0961184268751829   0.0921415197802020
 438.2161520995347930 470.6929854371054410 428.1023378307882456  -0.1102584802197980
 437.9667082498571783 468.6804271044792584 428.4897316882421259   0.0456415197802020
 439.4274665513782986 471.4810012349506061 429.5725447629789637   0.0456415197802020
 435.6215581176608785 472.0271320876538239 428.1760371500111504   0.3530415197802020
 435.8615533366688954 473.9962267191997713 427.6317960234418630  -0.0361584802197980
 433.6940374610612360 470.8139279096763879 426.3845767750538432  -0.4121584802197980
 433.4786086817942051 468.8145976599877170 426.8324418687931698   0.0999415197802020
 434.5311861383883195 472.0894930500732006 430.8386612727062325  -0.4121584802197980
 433.6203381418382775 473.8998506863697569 431.1863708813477381   0.0999415197802020
 433.1592449651614924 470.5796018690701615 431.0729873133124587   0.0999415197802020
 436.0240697841861473 471.8438286526634465 432.2294997072722550   0.0999415197802020
 439.8280884917696371 473.8374897239503801 424.8312218929705688   0.5972415203289801
 441.7934036710477240 475.1489596608917070 425.7326212588510133  -0.4157584802197979
 442.9536955172753809 474.2985829006271650 427.0100761253817564   0.2718415197802020
 444.7451558922326880 478.7281009585385683 426.2900904683577590   0.0341415197802020
 444.3709901177163198 478.8603817879130430 428.3064282532517486   0.0240415197802020
 446.2852826913785041 477.4052926647937135 426.0123007266713512   0.0240415197802020
 446.5763005160024238 481.6401689309112115 430.8821249737864139   0.0683415197802020
 440.7124803224447628 481.3472613801534152 429.7652968286389386   0.4477415197802020
 441.9578098446988523 479.8638263650252389 432.5469736977710374  -0.8340584802197980
 442.9593646956771180 478.5070030008698003 433.2669593547950347   0.4169415197802020
 442.6740160494549892 481.3264743926802896 433.4956162169994701   0.4169415197802020
 433.0704278368671992 462.4575589454766176 452.8653090896923019  -0.8340584802197980
 432.5205175318961210 464.1847686318806178 452.8766474464958297   0.4169415197802020
 434.7541738221910715 462.5161404556281338 453.5248235104308526   0.4169415197802020
 448.9819218844841701 455.8680839164932221 433.0496408493940736  -0.8340584802197980
 449.4127794430181781 456.6201949177938732 431.4301455526235620   0.4169415197802020
 449.3806540987415245 457.2589223510592446 434.1967046126842721   0.4169415197802020
 438.4561473185427563 462.0172527562729581 427.9341522048692568  -0.8340584802197980
 437.1673540952084852 460.8229458396347175 428.6050049824112818   0.4169415197802020
 439.8658830144480278 461.5580493057301034 429.0396419932132041   0.4169415197802020
 435.5591971552415015 465.0294762137434225 440.5008309954455924  -0.8340584802197980
 436.6854739310585747 464.5305885143881931 439.1553459880936280   0.4169415197802020
 436.7742910593528678 466.0196927079181602 441.5666365349771652   0.4169415197802020
 465.5907248755180288 438.5449644468371033 470.3981881602137146  -0.8340584802197980
 464.0827234206488662 437.5169534299839211 470.4038573386154517   0.4169415197802020
 466.3485050552204705 438.0460767474818737 468.7560161498361471   0.4169415197802020
 437.2448328666992507 460.9079835156611502 433.9094662403282668  -0.8340584802197980
 436.2848519906672899 459.9933560668433014 432.5847682204494280   0.4169415197802020
 438.9493658394962486 460.3731910197614605 433.4634908727228166   0.4169415197802020
 446.2663854300393088 452.0735138395793300 435.1699135716537448  -0.8340584802197980
 447.7838355155780688 451.7182453264021033 436.1431225306231637   0.4169415197802020
 446.9013334110368734 453.4511241912078943 434.0795415923811859   0.4169415197802020
 456.9792428832389067 438.4051247129269074 463.8502871061765704  -0.8340584802197980
 458.3379559735282756 438.9059021384160133 465.0275864876094921   0.4169415197802020
 457.7691484072180021 438.7962980226485945 462.2459096184774472   0.4169415197802020
 455.9058784391716129 449.0083780503590328 453.1865625324589447  -0.8340584802197980
 457.3571881100231355 450.1441034568457035 453.1695549972536259   0.4169415197802020
 455.7981640495381243 448.4981519942003292 451.4385658585817652   0.4169415197802020
 461.1045150335889857 439.9112364416621395 466.4335427312469032  -0.8340584802197980
 462.2440198923435171 440.3175275604552151 467.8111530828755211   0.4169415197802020
 462.2969322240932962 438.9928295405764300 465.2978173247602325   0.4169415197802020
 450.3840986758537204 444.7659428797058673 480.9617572488335190  -0.8340584802197980
 448.9875910628859072 443.6339969254870036 481.3340332972160107   0.4169415197802020
 450.1214267432386475 446.0622950075758059 482.2713374596409155   0.4169415197802020
$end
