$point_charges
 321.5444605912366850 353.1935938821497933 338.5784519624028683  -0.4121273900581494
 322.4798750275277132 351.4153615901299442 338.1362560470652785   0.0999726099418505
 322.2512181653232241 353.8304315892812882 340.4001479555029525   0.0999726099418505
 319.5980426732977933 353.5299651339878247 345.1131249335025543  -0.5679273917044839
 322.6593990102502300 357.8442098977300181 345.5156366000277692   0.0212726099418505
 324.0218915528074594 356.3985694052802863 344.9827338302619559   0.1123726099418505
 326.4823149791729152 361.1039874787441670 346.9990716151559455  -0.3119273900581495
 328.0640157532650361 359.3692188878044457 346.0466496436596521   0.1932726099418505
 322.0490174689936515 357.4114626130620261 348.3256593611686609   0.5972726104906286
 323.2244271242926968 355.8184234821664310 349.5388635391460969  -0.5679273917044839
 316.4856637307295079 346.8100990017638311 348.4106970371951473   0.0790726099418505
 319.0292351069875197 349.9016909568589910 351.3964643287906952   0.5972726104906286
 319.1539570318263271 348.3332182657043820 353.1066664799894302  -0.5679273917044839
 320.9359687761140366 350.2947539927146084 349.7864176626897812  -0.4157273900581494
 320.7583345195254501 351.6534670830039773 348.4447121076057311   0.2718726099418505
 323.3359209661940459 348.9133641888181837 349.9640519192784216  -0.0518273900581495
 322.9390784780705679 346.8951366777902638 350.0415306907691869   0.0921726099418505
 324.9780929765716132 349.4708333983249292 347.6245709654839126  -0.1102273900581495
 325.1765142206333254 351.5155170752277654 347.4582750656988002   0.0456726099418505
 326.8602602059571979 348.6828176004797643 347.9307065991791132   0.0456726099418505
 323.9368538767809730 348.4220353939986752 345.1169043857703611   0.3530726099418505
 321.9828770543064141 349.0210785784516721 344.8674605360928000  -0.0361273900581495
 325.4826498543285797 349.4405977801822059 342.9002556306807828  -0.4121273900581494
 324.7796717325099013 348.6620306130066386 341.1295822431965475   0.0999726099418505
 325.3295820374809795 351.4909506354867793 342.8397843943952826   0.0999726099418505
 327.4649725688119854 348.9133641888181837 343.1251330406174115   0.0999726099418505
 324.0332299096109873 345.5345338613669645 344.9940721870654840  -0.4121273900581494
 323.2962367173816713 344.8863577974319953 343.1856042769028579   0.0999726099418505
 325.9853170059516161 344.8976961542355234 345.1754858959219310   0.0999726099418505
 322.9050634076599841 344.7087235408434088 346.5001839158007698   0.0999726099418505
 324.7494361143671242 349.5294149084764993 352.4244753456438772   0.5972726104906286
 325.6073717791673871 347.7965360436707083 353.7170480212460087  -0.5679273917044839
 324.8193559813222222 351.9350362769582456 353.1935938821497933  -0.4157273900581494
 324.2089744400656437 353.3050877240511961 351.9973972393776762   0.2718726099418505
 325.9588608400767533 352.6947061827946175 355.5954357983637328   0.0212726099418505
 327.9449630068279658 352.1296780687521508 355.5822077154262745   0.1123726099418505
 325.8284697368361552 355.5784282631584141 355.8845638968536684  -0.1231273900581494
 323.8650442836919985 356.2001481612185205 355.7862981378897775   0.1111726099418505
 326.6183752608152504 356.1018824022546296 357.7175982467572807   0.1111726099418505
 327.6501657299362394 357.1072167055007558 353.4109123875507544  -0.3119273900581495
 327.4158396893300132 359.4901613603754463 354.2102665421994474   0.1932726099418505
 324.7097518655548032 351.3624492583801114 357.8555482545335462   0.5972726104906286
 326.0325601592996582 350.2286135780273710 359.3918956014115015  -0.5679273917044839
 322.1812982983681799 351.3907951503889581 358.0709770338005770  -0.4157273900581494
 321.1381694724436094 352.3035328730729305 356.7424995616539313   0.2718726099418505
 320.9057331579713134 350.1133402838581614 360.1836908515245272  -0.0518273900581495
 321.8732729385389953 350.7104937421772817 361.9033416333928600   0.0921726099418505
 321.2099790655326376 347.2258387512265044 360.0665278312213873   0.5972726104906286
 321.4102900357282799 346.0201934777847357 362.0412916411691255  -0.5679273917044839
 321.3347009903714449 346.1052311538112222 357.8045256489176973  -0.4157273900581494
 321.1343900201758024 347.1634777888071275 356.2190454225577158   0.2718726099418505
 321.8713832124050649 343.4123714129734168 357.5097283720259707   0.0336726099418505
 320.4843242301068492 342.3427864211739835 358.5982106251645995   0.0822726099418505
 321.5917037445847269 342.6829371252798217 354.7204925983582048  -0.1825273900581494
 321.8883907476103836 340.6552609835823043 354.5069535452251041   0.0602726099418505
 319.7019776106634750 343.1629275632958021 354.0553089992179168   0.0602726099418505
 322.9863216314186100 343.6788227978562965 353.5772082873358131   0.0602726099418505
 324.4962128124217027 342.7358494570296009 358.5585263763522786   0.5972726104906286
 324.7569950189028453 340.8310055140370141 359.8699963132936054  -0.5679273917044839
 326.3972773031464825 344.3496755753983753 358.1484558052913423  -0.4157273900581494
 326.1157081091922142 345.8482283995978865 356.9843845067958249   0.2718726099418505
 328.8784877169850639 344.0340913110335232 359.3163065560546665  -0.0024273900581495
 329.4926487105095029 342.0990117498981596 358.9685969474131609   0.0977726099418505
 330.8003391951829693 345.7934263417141769 358.0369619633899932  -0.0343273900581495
 330.8456926223970810 345.3890249490550317 356.0187344523620735   0.0294726099418505
 330.1823987493907233 347.7455134380548595 358.2637290994605521   0.0294726099418505
 333.4535146872084001 345.5118571477599087 359.0895394199841078   0.0117726099418505
 334.7139620185338781 343.1667070155636625 358.9270229724669096  -0.1256273900581494
 333.8446879969301408 341.6133521334803884 357.9783804532384232   0.1329726099418505
 337.0836785904711639 342.8435638466631432 360.0873148186945666  -0.1704273900581494
 338.0039752176908038 341.0502137455718520 360.0173949517394686   0.1429726099418505
 338.2099553662882370 344.8750194406284675 361.3798874942966982  -0.1072273900581494
 339.9787390276384883 344.6217961386830460 362.3077430260520052   0.1296726099418505
 337.0024203667125382 347.2390668341639626 361.4724840748587981  -0.1704273900581494
 337.8716943883163290 348.7829730855776392 362.4343546770247429   0.1429726099418505
 334.6175859857039174 347.5546510985288147 360.3405381206399881  -0.1256273900581494
 333.6783920971450285 349.3366628428165242 360.4671497716127258   0.1329726099418505
 328.8217959329674243 344.3761317412732381 362.2075875409541840   0.5972726104906286
 330.0236617541413321 342.9191528920199782 363.5625211789757462  -0.5679273917044839
 327.2986766690269270 346.1354667719539455 363.2091423919324497  -0.4157273900581494
 326.4142848383517475 347.3467812237974511 362.0148354752942091   0.2718726099418505
 326.8772677411624629 346.3697928125601716 365.9662528213235623  -0.0875273900581495
 328.7084123649321448 346.6456928281127028 366.8695419133379369   0.0968726099418505
 325.1954114819725744 348.6620306130066386 366.6352158727316571   0.2984726099418505
 323.3774949411402970 348.4787271780163150 365.6922425319049613  -0.0297273900581495
 324.7078621394208731 348.8774593922736695 369.4887023349527839  -0.3192273900581494
 326.4974327882443037 348.9360409024252394 370.5091544472702448   0.0790726099418505
 326.3972773031464825 351.1696971927201365 365.8226336351455596  -0.3192273900581494
 325.1065943536782276 352.7268315270712711 366.2043583141976489   0.0790726099418505
 328.1566123338271362 351.4701636480136537 366.8563138304004787   0.0790726099418505
 326.8262451355466140 351.1545793836488016 363.8176342070550980   0.0790726099418505
 325.7642190482828482 343.9301563736678415 367.0774117880692467   0.5972726104906286
 326.5881396426725272 343.0911179702068276 369.0824112161597083  -0.5679273917044839
 323.9708689471915569 342.7188419218243359 365.7678315772618501  -0.4157273900581494
 323.3415901445957830 343.5238652548747659 364.1464465543574082   0.2718726099418505
 322.9334092996688308 340.2470801386552983 366.5350603876338358  -0.0875273900581495
 322.3419250197514476 340.3718020634941057 368.5041550191797833   0.0968726099418505
 320.5901488936064613 339.5497711952383568 364.9420212567382407   0.2984726099418505
 321.0512420702832464 339.6933903814164133 362.9426910070495699  -0.0297273900581495
 321.0228961782743996 335.4755216505041805 364.8305274148368916   0.0790726099418505
 324.9402984538931689 338.1627122129401949 366.4178973673307496   0.5972726104906286
 325.0876970923390323 336.6225854137943790 368.1507762321365406  -0.5679273917044839
 326.5314478586548876 338.1400354993331390 364.4582513664543997  -0.4157273900581494
 326.2971218180486612 339.4269389965334798 363.0598540273526563   0.2718726099418505
 328.6120363321021842 336.3372367675722502 364.2333739565177713   0.0336726099418505
 327.8429177955962145 334.4342825507135400 364.4128979392402879   0.0822726099418505
 329.7666589999280502 336.5923497956516020 361.5896470951619382  -0.1825273900581494
 330.9968707131108048 334.9823031295506882 361.2419374865204326   0.0602726099418505
 328.2794445325320132 336.5904600695177255 360.1629038640514016   0.0602726099418505
 330.8551412530666788 338.3365670172609208 361.4460279089839355   0.0602726099418505
 330.5981384988533967 336.6547107580710325 366.3460877742417214   0.5972726104906286
 331.6412673247779672 334.7838818854889760 367.2323693310507774  -0.5679273917044839
 331.0422241403249166 338.9658458198566949 367.2739433059970822  -0.4157273900581494
 330.2712158776850167 340.4776267269937177 366.3819925707862354   0.2718726099418505
 332.5955790224081907 339.3721369386497705 369.5359454883008260  -0.0518273900581495
 334.2982222690712048 338.2231834492256416 369.3847673975871022   0.0921726099418505
 333.3609181066463000 342.1727110691210644 369.7910585163801778  -0.1102273900581495
 331.6677234906528300 343.3386720937505120 369.9195598934867919   0.0456726099418505
 334.3813702189637609 342.3597939563793022 371.5730702606678873   0.0456726099418505
 335.0503332703718557 343.2233987995813024 367.6651166157187694   0.3530726099418505
 333.9335051252244342 343.6145721093029894 365.9908192610645484  -0.0361273900581495
 336.2805449835546105 345.6932708566163557 368.5343906373225602  -0.4121273900581494
 337.3898142241663648 346.4964044635329093 366.9980432904445511   0.0999726099418505
 334.8160072297656295 347.0425353162361271 369.0635139548205130   0.0999726099418505
 337.5107566967373651 345.3493407002427107 370.1519962079591416   0.0999726099418505
 337.1517087312923316 341.3771363667402319 366.9678076723018278  -0.4121273900581494
 338.5746725101350076 342.3276686121025950 365.8358617180830178   0.0999726099418505
 337.9964163131551363 340.6420329006448461 368.6912379064380211   0.0999726099418505
 336.3655826595810969 339.8237814846569578 365.8642076100918107   0.0999726099418505
 331.2878885377346708 338.4461711330283935 371.9434565829165026   0.5972726104906286
 332.4500701100962579 337.1233628392834849 373.4609066684552625  -0.5679273917044839
 328.8690390863154661 339.0867882924276953 372.2798278347544801  -0.4157273900581494
 328.0432287657918567 340.1998369853073101 370.9551298148756414   0.2718726099418505
 327.3156842042321920 334.0487784193935901 372.6880086796814323  -0.4157273900581494
 327.5689075061776673 334.9426188807383672 371.0156010511611416   0.2718726099418505
 327.4933184608207785 330.3468049230419053 369.9554646900313061  -0.0074273900581495
 325.7736676789524457 330.9023844064147207 368.9633584697226918   0.0366726099418505
 329.0863575917164273 331.2538734673240869 369.0257194321420685   0.0366726099418505
 331.8396885688396794 333.0869078172276992 373.4287813241786090   0.2718726099418505
 336.3164497800991245 332.0513378958388496 374.7874944144679779  -0.1102273900581495
 335.9838579805289537 333.9505126604296992 375.5169287021615731   0.0456726099418505
 337.9756293256819570 331.2897782638686009 375.7455855643660621   0.0456726099418505
 336.8947059770789958 332.2157440694899779 371.9396771306486419   0.3530726099418505
 335.3054462984512612 333.0717900081563106 370.9475709103399739  -0.0361273900581495
 339.2171793956682397 333.8805927934746011 371.5541729993286920  -0.4121273900581494
 339.6877212030146225 333.9127181377513086 369.5529530235060910   0.0999726099418505
 338.7712040280628432 335.7892161887351022 372.1834518019244658   0.0999726099418505
 340.8121082526977651 333.1398201489774782 372.6256477172620556   0.0999726099418505
 337.4691827217910604 329.6419370750892428 370.7491496662782619  -0.4121273900581494
 338.0776745369137086 329.8876014724989969 368.7989522960715098   0.0999726099418505
 338.9337204755800411 328.6687281161198238 371.8206243842115717   0.0999726099418505
 335.7552011183245184 328.4967630379329744 370.7132448697337478   0.0999726099418505
 337.4087114855056138 315.4859986058851724 369.8496400265317477  -0.5579273917044839
 339.1189136367043488 316.0359089108562507 369.5945269984523423   0.3991726099418505
 338.2061759140203764 320.3955071018125561 369.8779859185405406   0.1655726099418506
 369.9308982502903198 337.3123354526755995 367.2285898787829704   0.0135726099418505
 369.0276091582759988 338.7334095053843988 368.4191173431533506  -0.0425273900581495
 369.6323215211307866 337.7866567122898426 365.2481568904334951  -0.0425273900581495
 368.7498194165895374 334.7630948980158503 367.7709412792183815   0.8053726088442941
 366.9243439712216464 334.6912853049268222 369.2638249250161553  -0.8188273878630369
 369.6909030312823565 332.8223461584787496 366.8015117725167692  -0.8188273878630369
 371.1289846191964211 342.8208871330560873 365.1366630485321459  -0.5819273917044839
 371.6316517708194573 347.3297736885921861 359.2407175106978316  -0.0024273900581495
 372.7447004636990722 348.4636093689449265 357.9273578476225744   0.0977726099418505
 371.7582634217921949 344.5802221637367410 358.3374284186834567  -0.0343273900581495
 370.6093099323680660 343.4010330561698889 359.5789784886697394   0.0294726099418505
 370.9362325535364460 344.4649488695675312 356.4495920108961352   0.0294726099418505
 374.4171080922194166 343.5276447071426264 358.2353832074517054   0.0117726099418505
 375.9799116049722884 343.9641714440784254 356.1302282942634226  -0.1256273900581494
 375.2901615660910143 345.0791098630919704 354.5655350553766204   0.1329726099418505
 368.9066666857050521 348.2992031952937982 359.0800907893145101   0.5972726104906286
 368.2490419911004315 349.6087834061011949 357.2697331530179538  -0.5679273917044839
 367.3136275548094032 347.7719696039297220 360.9773758277714294  -0.4157273900581494
 367.9618036187444262 346.6853770769250237 362.4154574156855476   0.2718726099418505
 364.5905321958288745 348.3729025145167030 360.9055662346824549  -0.0024273900581495
 363.7911780411801815 347.4488264350292027 359.2463866890995687   0.0977726099418505
 363.2771725327536173 347.2806408091102137 363.2544958191465615  -0.0343273900581495
 364.2012486122411178 348.0100750968038088 364.9476904351400315   0.0294726099418505
 361.3250854364129886 347.9439346821165714 363.2941800679589361   0.0294726099418505
 363.2148115703342405 344.4139262639516824 363.3433129474408547   0.0117726099418505
 361.6463388791795779 343.0646618043319112 361.6727950450544943  -0.1256273900581494
 360.5049442942911164 344.0737755598458442 360.3310894899703903   0.1329726099418505
 361.5669703815548822 340.4095965861725502 361.7275971029382038  -0.1704273900581494
 360.4028990830594187 339.3910341999890194 360.3953401785236976   0.1429726099418505
 363.0012725172011400 339.0867882924276953 363.5228369301633715  -0.1072273900581494
 362.9408012809156397 337.0458840677927196 363.6116540584576647   0.1296726099418505
 364.5036047936685116 340.4322732997796060 365.2424877120317043  -0.1704273900581494
 365.5032699185128469 339.4193800919978123 366.6900179306154201   0.1429726099418505
 364.6585623366500422 343.0797796134032997 365.1272144178625484  -0.1256273900581494
 365.8339719919490875 344.0813344643815653 366.4538021638752636   0.1329726099418505
 363.9839301068401566 351.2074917153985808 360.6145484100585889   0.5972726104906286
 361.8353114925716923 351.8877931236102572 360.0419613914804549  -0.5679273917044839
 365.8566487055561433 352.8742301655171344 360.9206840437538434  -0.4157273900581494
 367.5819686658262132 352.1693623175645254 361.3288648886807954   0.2718726099418505
 365.6128740342802657 355.6162227858368584 360.6050997793889913  -0.0581273900581495
 363.7590526969035280 356.1755817214775344 361.2476066649221697   0.1359726099418505
 365.7489343159226011 356.5006146165119841 357.8328715409264902   0.5972726104906286
 364.6264369923733887 358.4281352731116802 357.1544598588487442  -0.5679273917044839
 366.9980432904445511 355.0908789206067663 356.1434563772008809  -0.4157273900581494
 367.8219638848342303 353.4543760886309358 356.7236023003147360   0.2718726099418505
 367.0887501448727747 355.7239371754704007 353.4260301966221429  -0.0581273900581495
 367.6122042839689902 357.7005907115520155 353.1935938821497933   0.1359726099418505
 369.1013084774989036 354.1082213309676960 352.0975527244754972  -0.0074273900581495
 368.5665159815992137 352.1221191642164835 352.2506205413230976   0.0366726099418505
 369.1183160127042223 354.5957706735193975 350.0963327486528962   0.0366726099418505
 371.7677120524617925 354.3803418942523665 353.0783205879806373   0.1867726099418505
 373.6801148999901004 352.6191171374377826 352.6550219339822429  -0.5432273900581495
 364.5225020550077069 355.3762275668288413 352.1088910812790253   0.5972726104906286
 363.8988924308137239 356.7784043581984455 350.3590046812679154  -0.5679273917044839
 362.9918238865314886 353.5620904782644782 352.9724959244810253  -0.4157273900581494
 363.6192129629933858 352.4660493205901285 354.4049083339933527   0.2718726099418505
 360.5408490908356304 352.9649370199453579 351.8311013395926175  -0.0252273900581495
 360.8167491063881615 352.3658938354923073 349.8771245171180049   0.0697726099418505
 359.6583469862944351 351.4153615901299442 352.8647815348475366   0.0697726099418505
 358.7474989897443930 355.2307186545169085 351.8481088747978825   0.5972726104906286
 358.2202653983803705 356.3569954303339814 349.8865731477876025  -0.5679273917044839
 357.8820044204084626 356.0187344523620735 354.0779857128249726  -0.4157273900581494
 358.4413633560491385 355.1230042648834198 355.6672453914527609   0.2718726099418505
 356.0433008921030596 358.0823153906041049 354.2953042182259338  -0.0275273900581495
 354.4332542260021456 357.6344502968647781 353.0915486709180955   0.1122726099418506
 355.0644227547318498 358.2164859461125100 357.0032817681350741  -0.0050273900581495
 353.8039754234063718 359.8378709690169519 357.1657982156522721   0.0338726099418505
 353.9211384437095117 356.5365194130564982 357.3491016506426494   0.0338726099418505
 357.0127303988046716 358.3827818458975685 359.0479654450378565  -0.1415273900581494
 357.8990119556137276 356.3947899530124257 360.3651045603809742  -0.1638273900581494
 357.3717783642497051 354.4710487486805901 360.0910942709623734   0.2061726099418505
 359.4977202649111135 357.1657982156522721 362.2397128852308377  -0.3418273900581494
 360.2989641456937368 355.9507043115409058 363.4831526813510506   0.3411726099418505
 357.0429660169473950 360.6542326588709098 353.4071329352828940   0.5972726104906286
 355.5519720972835513 362.1886902796149887 352.5000643910007123  -0.5679273917044839
 359.5222867046520998 361.1361128230208206 353.5413034907913525  -0.4157273900581494
 360.6769093724779658 359.8189737076777027 354.3009733966276709   0.2718726099418505
 361.0472956947265272 361.5046094191355055 348.2066066147316443  -0.4157273900581494
 361.8938930027232622 360.0381819392125942 349.1136751590138260   0.2718726099418505
 360.6976963599510914 361.3647696852253096 345.4381578285370039  -0.0389273900581495
 361.5159477759390334 363.0560745750848493 344.6010091512098666   0.1006726099418505
 362.0601889025083208 359.0838702415823707 344.2740865300414865   0.3653726099418505
 361.6614566882509664 359.0668627063770518 342.2520795667457600   0.0042726099418505
 364.9250137215329756 359.2029229880193871 344.6066783296116574  -0.2438273900581494
 365.7753904817975175 357.4965002890885125 343.8205522579004227   0.0641726099418505
 365.6620069137622381 360.8394258199952175 343.5994543002316009   0.0641726099418505
 365.4333500515577490 359.3559908048670412 346.5946702224968002   0.0641726099418505
 361.2022532377080579 356.7878529888680431 345.2850900116894037  -0.6761273884118151
 361.7294868290721339 356.6763591469666939 347.0349764117004597   0.4101726099418505
 357.9046811340155184 361.3420929716182536 344.6633701136292971   0.5972726104906286
 357.2073721905985770 362.6516731824257041 342.8681302864040757  -0.5679273917044839
 356.2681783020396882 360.0476305698821920 346.0920030708737641  -0.4157273900581494
 356.9787153283940878 358.8778900929849374 347.4374880782256746   0.2718726099418505
 353.5224062294521035 360.0873148186945666 345.6743735952771604  -0.0237273900581495
 353.1312329197304165 359.4561462899648624 343.7525221170792550   0.0879726099418505
 352.1391266994217485 358.2410523858534961 347.4374880782256746   0.0341726099418505
 352.6833678259910896 358.6189976126377250 349.3857957222984966   0.0240726099418505
 350.1095608315903544 358.5660852808879458 347.2787510829762836   0.0240726099418505
 352.6550219339822429 355.4555960644535369 346.8195476324334288   0.0017726099418505
 354.6392343745995789 355.0568638501961824 347.1823750501463228   0.0439726099418505
 351.5457526933704887 354.3085323011633383 348.1177894864373512   0.0439726099418505
 351.9747205257706202 354.4049083339933527 343.6164618354369197  -0.2737273900581494
 348.6317949948639152 355.0682022069997105 343.3122159278755955  -0.0536273900581495
 347.9628319434557668 354.3690035374488386 341.4905199347755114   0.0683726099418505
 347.5943353473411357 354.1214494139051542 344.8164379304768975   0.0683726099418505
 348.3029826475616051 357.0996578009650347 343.4123714129734168   0.0683726099418505
 352.3980191797689608 362.7404903107199972 345.9389352540261099   0.5972726104906286
 350.8975766294355195 363.5322855608329693 344.3458961231305148  -0.5679273917044839
 353.1860349776141258 364.1766821725001315 347.8683456367597365  -0.4157273900581494
 354.3860110726541036 363.4132328143959527 349.1590285862279377   0.2718726099418505
 352.4169164411082099 366.8109604031863670 348.1933785317941861  -0.0518273900581495
 350.3571149551340390 366.8676521872040066 348.2368422328743677   0.0921726099418505
 356.7160433957790149 366.7807247850436438 345.8274414121247608   0.2718726099418505
 359.5166175262503090 366.7429302623651993 341.9799590034610894  -0.0297273900581495
 354.8187583573220958 368.9255639470442474 340.4171554907082174   0.5972726104906286
 354.2064870899315869 366.5350603876338358 339.8653554596032089  -0.4157273900581494
 354.9189138424199168 365.1347733223982156 340.9727349740810867   0.2718726099418505
 352.5227411046077681 365.8264130874133664 337.7526416418792587  -0.0875273900581495
 353.2843007365780167 366.6087597068567943 336.0065346941360095   0.0968726099418505
 352.3885705490993632 362.9275731979781815 337.4578443649875323   0.2984726099418505
 352.0181842268508016 362.0790861638475699 339.2984376194268656  -0.0297273900581495
 350.3060923495181363 362.0620786286422512 335.6323689196196413  -0.3192273900581494
 350.4100272868838180 360.0192846778733989 335.3734764392724289   0.0790726099418505
 348.4503812860074682 362.4948259133102432 336.4109360867951550   0.0790726099418505
 350.5196314026512370 362.9993827910672097 333.8087832003856268   0.0790726099418505
 354.9132446640181797 361.9090108117946508 336.4619586924110575  -0.3192273900581494
 354.8300967141256237 359.8529887780882866 336.3636929334471666   0.0790726099418505
 355.2987487953380760 362.6705704437648994 334.5854606414272638   0.0790726099418505
 356.4420331063604677 362.4267957724890755 337.7394135589418005   0.0790726099418505
 349.8884628739215328 366.9734768507035650 338.0814539891815690   0.5972726104906286
 348.9549381637644347 368.2547111695022223 336.3825901947863619  -0.5679273917044839
 348.7225018492921389 366.6635617647405037 340.2943232920033404  -0.4157273900581494
 349.5804375140924018 365.5977562252089310 341.6454774777570420   0.2718726099418505
 346.2526297922570854 367.7747207314861882 340.8706897628493351  -0.0024273900581495
 344.8561221792892721 367.0018227427124117 339.5724479088454127   0.0977726099418505
 345.5213057784295602 367.0320583608551349 343.5786673127584754  -0.0343273900581495
 344.8731297144945371 365.0818609906484366 343.6089029309012523   0.0294726099418505
 347.2050517637533787 367.1208754891494283 344.7635255987271183   0.0294726099418505
 343.5295344332765567 368.7290324291164119 344.7427386112539927   0.0117726099418505
 341.0653315546432405 368.8216290096785656 343.7449632125435339  -0.1256273900581494
 340.5456568678148855 367.6122042839689902 342.1916083304603134   0.1329726099418505
 342.6338042457978495 368.9822557310618871 332.8563612288892798   0.0559726099418505
 342.3427864211739835 368.8669824368926775 334.8953757273903251  -0.0173273900581495
 340.7969904436264305 368.7460399643217306 331.9492926846070982  -0.0173273900581495
 344.3326680401930566 366.7731658805079226 332.0267714560978635   0.0135726099418505
 345.7027194872859535 366.3782131185183750 333.5083167450921631  -0.0425273900581495
 343.1515892064922742 365.0931993474519645 331.8377988427057491  -0.0425273900581495
 345.7008297611520768 367.2455974139882356 329.5191048763843656   0.8053726088442941
 344.3421166708626542 367.5951967487636714 327.5972533981864602  -0.8188273878630369
 348.0497593456161834 367.2455974139882356 329.4756411753041842  -0.8188273878630369
 330.3203487571669889 358.3128619789424706 328.5232192038078908  -0.5679273917044839
 330.0671254552215138 362.2208156238916422 333.8900414241442526  -0.5679273917044839
 327.0265561057422563 358.5736441854236132 337.2140696937117086   0.5972726104906286
 327.8202410819891585 358.5925414467628085 339.3967033783907566  -0.5679273917044839
 327.4744211994815832 356.6914769560380288 335.5926846708072667  -0.4157273900581494
 326.7865608867342394 356.8445447728856829 333.8182318310552244   0.2718726099418505
 328.9427384055383710 354.4294747737343388 336.2314121040726381  -0.0875273900581495
 328.1263767156844130 353.5602007521305479 337.9113786371286499   0.0968726099418505
 328.9465178578062316 352.4471520592509332 334.0960215727416322   0.2984726099418505
 330.0879124426946931 353.1501301810696118 332.5313283338548300  -0.0297273900581495
 330.0595665506858463 349.9413752056713657 335.0314360090326604  -0.3192273900581494
 330.1049199778999581 348.5713237585784151 333.4969783882886352   0.0790726099418505
 332.0003152902230007 350.2059368644203152 335.6701634422980320   0.0790726099418505
 328.9427384055383710 349.1854847521028541 336.5866806172498648   0.0790726099418505
 326.3065704487182590 351.8707855884049385 333.0661208297545735  -0.3192273900581494
 326.4955430621103734 350.5234108549190974 331.5241043044748273   0.0790726099418505
 325.1236018888835462 351.0600930769527175 334.5401072142131521   0.0790726099418505
 325.4240683441770098 353.5715391089340759 332.3234584591235202   0.0790726099418505
 331.6790618474563578 355.1059967296781011 336.8644703589362726   0.5972726104906286
 332.6012482008099280 354.2575096955474894 338.8108882768751641  -0.5679273917044839
 332.8998249299695149 356.7387201093860709 335.3621380824689010  -0.4157273900581494
 332.0135433731604052 357.4001242562584982 333.8106729265195570   0.2718726099418505
 335.5586696003966828 357.4322496005352054 335.7552011183245184  -0.0518273900581495
 336.7151819943564790 355.7182679970686098 335.7098476911104066   0.0921726099418505
 336.4449511572057388 359.2407175106978316 333.6538256574040961  -0.1102273900581495
 335.1410401248000792 360.8356463677273570 333.5782366120472075   0.0456726099418505
 338.2987724945825302 359.9777107029270939 334.1716106180985208   0.0456726099418505
 336.6471518535353115 358.0634181292649096 331.0025398915125419   0.3530726099418505
 334.8783681921850601 357.1374523236434790 330.5074316444251732  -0.0361273900581495
 337.1535984574262083 360.1799113992566665 329.0901370439842343  -0.4121273900581494
 337.3633580582915020 359.3824469707419039 327.2098595407325800   0.0999726099418505
 335.5718976833341411 361.4951607884658541 329.0958062223860250   0.0999726099418505
 338.8864773222319993 361.1739073456992649 329.5946939217412008   0.0999726099418505
 338.7995499200716362 356.1491255556026716 330.8078980997186904  -0.4121273900581494
 338.9374999278479018 355.4102426372394251 328.8936055260564524   0.0999726099418505
 340.5796719382254693 357.0316276601438670 331.3408008694844500   0.0999726099418505
 338.4556197636979911 354.5579761508409530 332.0759043355798359   0.0999726099418505
 335.9914168850646748 358.6208873387716553 338.3535745524662397   0.5972726104906286
 337.5939046466298677 357.7837386614445180 339.7897664142463739  -0.5679273917044839
 334.5042024176686381 360.5332901862999631 339.0489937697492509  -0.4157273900581494
 333.1492687796470759 361.1228847400834160 337.8433484963074824   0.2718726099418505
 334.7687640764175875 361.7238176506703431 341.5472117187931510  -0.0597273900581495
 336.7662045999723817 362.1508957569365444 341.8231117343456285   0.0868726099418505
 333.2947776919590626 364.2409328610534387 341.6776028220336955   0.1302726099418505
 333.5461112677705539 364.9930438623540896 343.5824467650263359   0.0186726099418505
 334.4664078949901936 366.1552254347156767 339.8218917585230275  -0.3204273900581494
 336.5073121196251692 366.2308144800725117 340.0977917740755586   0.0881726099418505
 334.0752345852685065 365.5977562252089310 337.8773635667180661   0.0881726099418505
 329.7099672159104104 362.4456930338282708 342.4750672505484583   0.0235726099418505
 334.0714551330006459 359.9247983711773148 343.7203967728026014   0.5972726104906286
 335.1467093032018701 360.1647935901853319 345.7631907235714538  -0.5679273917044839
 332.3574735295341041 358.1087715564789677 343.3141056540095259  -0.4157273900581494
 331.6185906111709112 357.9103503124172555 341.5623295278645395   0.2718726099418505
 331.7678789757506512 356.1699125430757973 345.1924934311272498   0.0336726099418505
 331.3634775830915058 357.0920988964293672 346.9915127106202780   0.0822726099418505
 329.3943829515455583 354.7393898596974001 344.3704625628715009  -0.1825273900581494
 328.7934500409586312 353.5053986942468386 345.9049201836155261   0.0602726099418505
 327.9014993057477844 356.0754262363797131 343.9244871952661044   0.0602726099418505
 329.7855562612672455 353.5923260964072014 342.7056138388868776   0.0602726099418505
 334.0204325273847970 354.3841213465202271 345.6309098941969790   0.5972726104906286
 334.8764784660511298 354.1460158536461403 347.7719696039297220  -0.5679273917044839
 335.0578921749075768 353.3013082717833356 343.5994543002316009  -0.5163273900581494
 334.2547585679910234 353.6660254156301062 341.8930316013007263   0.2935726099418505
 337.4351676513804765 351.8537780531996735 343.5295344332765567   0.0396726099418505
 337.2310772289170272 350.0547587737066451 344.5065228445138362   0.1104726099418506
 338.0361005619674573 351.3038677482285414 340.7327397550730695   0.0559726099418505
 336.5507758207053509 350.1057813793224940 339.9503931356296954  -0.0173273900581495
 337.9756293256819570 353.0915486709180955 339.7217362734252062  -0.0173273900581495
 340.6080178302342622 350.0736560350458404 340.1828294501019913   0.0135726099418505
 342.0139740738716732 350.7407293603200586 341.5358733619896231  -0.0425273900581495
 340.4436116565831339 348.0289723581430578 340.4095965861725502  -0.0425273900581495
 341.5377630881235534 350.7086040160433514 337.5031977922016440   0.8053726088442941
 339.9711801231028209 350.7275012773826004 335.7230757740478648  -0.8188273878630369
 343.8451186976414088 351.1526896575148713 337.2480847641222922  -0.8188273878630369
 339.5686684565776060 353.2843007365780167 344.8787988928963279   0.5365726099418505
 340.7497472902783884 352.3110917776085979 346.6324647451752445  -0.5819273917044839
 339.9749595753706815 355.6823632005240958 344.1984974846846515  -0.4157273900581494
 339.0036403425351392 356.3777824178071070 342.6961652082172799   0.2718726099418505
 342.0479891442822571 357.1733571201879932 345.2491852151448895  -0.0014273900581495
 343.7903166397576456 356.1585741862722692 344.8920269758337324   0.0875726099418505
 342.2105055917995087 359.7698408281957842 343.9603919918105647  -0.0152273900581495
 340.4587294656545224 360.7846237621115080 344.3496755753983753   0.0294726099418505
 343.7392940341417968 360.8167491063881615 344.8636810838249395   0.0294726099418505
 342.6829371252798217 359.8567682303561472 341.1220233386608801  -0.0011273900581495
 343.4218200436430144 357.6760242718110294 339.7614205222375808  -0.1906273900581494
 343.6315796445083083 355.8940125275232662 340.6798274233232904   0.1698726099418505
 343.7922063658915759 357.7383852342304061 337.1384806483548734  -0.2341273900581494
 344.2362920073630958 356.0357419875673922 336.1596025109836636   0.1655726099418506
 343.4974090889998495 360.2252648264707785 335.7457524876549206   0.3225726099418506
 343.9377152782035089 360.4369141534700023 333.2267475511378949  -0.5579273917044839
 344.0605474769083860 362.1773519228114608 332.7316393040505261   0.3991726099418505
 342.6961652082172799 362.5061642701137711 337.2896587390685435  -0.2341273900581494
 342.4164857403969420 364.2938451928032716 336.4128258129290853   0.1655726099418506
 342.2974329939598718 362.1962491841506561 339.8974808038799163  -0.1906273900581494
 341.6738233697658887 363.7647218753053188 340.9859630570185449   0.1698726099418505
 341.8514576263544752 357.5021694674902496 348.1177894864373512   0.5972726104906286
 343.7355145818739363 357.2073721905985770 349.4557155892535945  -0.5679273917044839
 339.6007938008542595 358.1333379962199538 349.0796600886032421  -0.4157273900581494
 338.1041307027886250 358.2845160869336776 347.8891326242328621   0.2718726099418505
 339.1982821343290444 358.5264010320755712 351.7876376385123822  -0.0518273900581495
 340.8725794889832654 359.4504771115630716 352.5567561750183520   0.0921726099418505
 336.8852573464093983 360.2517209923456949 352.1731417698323324  -0.1102273900581495
 335.4358374016918058 359.7755100065975213 350.7860827875341167   0.0456726099418505
 336.0953518224303566 359.8624374087579380 354.0383014640125980   0.0456726099418505
 337.4729621740589208 363.1070971807006982 352.0654273801988437   0.3530726099418505
 338.6653793645632311 363.5833081664488718 353.6773637724336341  -0.0361273900581495
 338.8108882768751641 364.0292835340542683 349.6692546423866950  -0.4121273900581494
 339.0678910310884463 366.0720774848231743 349.7410642354756695   0.0999726099418505
 340.6684890665197625 363.1562300601826706 349.5218560039408319   0.0999726099418505
 337.6997293101294797 363.5436239176364971 348.0081853706698785   0.0999726099418505
 335.0012003908899372 364.5905321958288745 352.3073123253407373  -0.4121273900581494
 333.7842167606446405 364.1729027202322710 350.6972656592398235   0.0999726099418505
 334.0412195148579227 364.0500705215273940 354.0458603685483190   0.0999726099418505
 338.9790739027941531 356.0357419875673922 353.2729623797744889   0.5972726104906286
 339.5081972202921057 356.0621981534422549 355.5368542882121628  -0.5679273917044839
 338.3649129092697676 353.9022411823702627 352.0578684756631226  -0.4157273900581494
 337.8433484963074824 354.0061761197359444 350.2116060428221060   0.2718726099418505
 338.6559307338936336 351.3681184367819021 353.1784760730784586  -0.0875273900581495
 337.7696491770845776 351.3567800799783742 355.0379665888569334   0.0968726099418505
 337.2386361334526947 349.2724121542632172 351.7441739374322008   0.2984726099418505
 337.7016190362634099 349.3366628428165242 349.7372847832078627  -0.0297273900581495
 337.9321656246017756 346.6683695417197587 352.8175383814994948  -0.3192273900581494
 336.6849463762137558 345.2321776799395708 352.0408609404578576   0.0790726099418505
 339.8634657334693324 346.1827099253019875 352.2921945162694026   0.0790726099418505
 337.7507519157453286 346.6608106371840376 354.8697809629379446   0.0790726099418505
 334.3700318621602330 349.5653197050210133 352.1051116290111647  -0.3192273900581494
 333.3609181066463000 348.1442456523122139 351.0071807452029383   0.0790726099418505
 333.8787030673407247 349.3347731166826476 354.0931035218963074   0.0790726099418505
 333.7558708686358477 351.4285896730673487 351.4928403616207095   0.0790726099418505
 341.4527254120970671 350.7879725136680470 353.6131130838803271   0.5972726104906286
 342.2483001144779530 350.4629396186335971 355.7787392333541100  -0.5679273917044839
 342.9871830328411459 350.7804136091323796 351.6081136557898656  -0.4157273900581494
 342.2180644963351762 351.0657622553545084 349.8657861603144768   0.2718726099418505
 345.6762633214110907 350.0660971305101730 351.7611814726375197  -0.0875273900581495
 345.8142133291873563 348.2198346976691025 352.6644705646518943   0.0968726099418505
 346.8649010596475406 349.8903526000554631 349.1023368022102981   0.2984726099418505
 346.6645900894518981 351.7139383192894776 348.1688120920532000  -0.0297273900581495
 349.6843724514580299 349.1968231089063820 349.1817052998349937  -0.3192273900581494
 350.4289245482230135 349.0966676238085609 347.2636332739049487   0.0790726099418505
 350.7634060739271146 350.6197868877490580 350.2059368644203152   0.0790726099418505
 349.9338163011356445 347.3713476635384374 350.1020019270546333   0.0790726099418505
 345.5704386579114787 347.8683456367597365 347.4866209577076470  -0.3192273900581494
 346.4056976091046858 347.8381100186170133 345.6044537283220625   0.0790726099418505
 345.8028749723838284 346.0220832039186660 348.3672333361149659   0.0790726099418505
 343.5597700514192799 348.2632983987492842 347.2844202613780744   0.0790726099418505
 347.1710366933427949 351.9274773724225781 353.4033534830150870   0.5972726104906286
 348.7300607538278062 351.1659177404523295 354.9491494605626402  -0.5679273917044839
 346.6362441974430513 354.3879007987880339 353.2238295002925703  -0.4157273900581494
 345.3512304263766409 354.9567083650983613 351.9142492894851199   0.2718726099418505
 347.7965360436707083 356.2795166588432161 354.8773398674736657  -0.0252273900581495
 349.8336608160378233 356.2927447417806743 354.5730939599123415   0.0697726099418505
 347.0368661378343900 358.1314482700860237 354.3973494294576317   0.0697726099418505
 347.2863099875120047 355.7825186856219170 357.6873626286145572   0.5972726104906286
 349.0361963875230607 355.9091303365946545 359.2161510709568453  -0.5679273917044839
 344.9468290337174956 355.1211145387494894 358.3808921197636383  -0.4157273900581494
 343.5881159434280730 354.9189138424199168 357.0429660169473950   0.2718726099418505
 344.2835351607111379 354.5296302588321601 360.9943833629767480   0.0336726099418505
 344.8485632747535510 356.1094413067902970 362.1905800057489190   0.0822726099418505
 341.4111514371508158 354.2102665421994474 361.2003635115741813  -0.1825273900581494
 340.8990356548581282 353.8039754234063718 363.1543403340487403   0.0602726099418505
 340.4719575485919270 355.9469248592730990 360.6088792316567981   0.0602726099418505
 340.7724240038854442 352.6625808385179640 360.0003874165341499   0.0602726099418505
 345.6743735952771604 352.1769212221001928 361.9638128696783602   0.5972726104906286
 346.6815976246571633 352.2222746493143046 364.0595191521969916  -0.5679273917044839
 345.8028749723838284 350.1568039849383428 360.4501422364074069  -0.4157273900581494
 345.0016310916012051 350.2399519348308989 358.7040352886642116   0.2718726099418505
 347.0122996980934037 347.7814182345993734 361.2438272126543627  -0.0389273900581495
 346.1468051287574734 347.1748161456106555 363.0107211478707376   0.1006726099418505
 346.5795524134254117 345.6894914043485489 359.2709531288405548   0.3653726099418505
 347.3222147840564650 343.9244871952661044 360.0249538562751360   0.0042726099418505
 343.7808680090880481 345.3020975468946687 358.6492332307804484  -0.2438273900581494
 343.1742659200993300 343.4992988151337798 359.4240209456882089   0.0641726099418505
 342.6054583537890564 346.7817531097549843 359.4580360160987927   0.0641726099418505
 343.4652837447231960 345.3153256298321269 356.6121084584133868   0.0641726099418505
 347.8381100186170133 346.1562537594270711 356.9730461499922970  -0.6761273884118151
 347.3902449248776327 347.8248819356795548 356.3853413223428281   0.4101726099418505
 349.8034251978951001 348.1971579840620468 361.7748402562862458   0.5972726104906286
 350.6991553853737536 347.5376435633234958 363.8119650286533072  -0.5679273917044839
 351.1526896575148713 349.4443772324500666 360.0551894744178592  -0.4157273900581494
 350.3155409801877340 349.8242121853682257 358.3657743106923035   0.2718726099418505
 353.8474391244865534 349.9092498613946584 360.3499867513095858  -0.0014273900581495
 354.7242720506260116 348.1385764739104768 360.9414710312269688   0.0875726099418505
 354.9226932946877775 350.6046690786777233 357.7383852342304061  -0.0152273900581495
 353.6187822622821178 351.8254321611908267 356.7084844912433476   0.0294726099418505
 356.6971461344398196 351.5948855728524610 357.9386962044261023   0.0294726099418505
 355.5311851098104257 348.2689675771510213 356.2266043270934369  -0.0011273900581495
 357.9821599055062837 347.2693024523066858 356.4930557119763166  -0.1906273900581494
 359.3522113525991807 348.2557394942135630 357.6004352264541944   0.1698726099418505
 358.6208873387716553 344.9354906769139677 355.4291398985786743  -0.2341273900581494
 360.4425833318717395 344.1777104972115259 355.7163782709346796   0.1655726099418506
 356.6253365413507914 343.4633940185892657 354.0042863936020143   0.3225726099418506
 357.0732016350901719 341.0974568989198940 353.1463507288018049  -0.5579273917044839
 355.5066186700694396 340.1374760228878796 353.1274534674625559   0.3991726099418505
 354.0496398208161260 344.6671495658971040 353.6981507599068134  -0.2341273900581494
 352.5737637102236708 343.7128378682668803 352.7173828964016735   0.1655726099418506
 353.6320103452195224 347.0387558639683201 354.8149789050542351  -0.1906273900581494
 351.8103143521194382 347.8664559106258062 354.6694699927423021   0.1698726099418505
 354.4351439521360760 351.7914170907802429 362.4759286519709942   0.5972726104906286
 356.3343187167269256 351.4437074821387373 363.7741705059749165  -0.5679273917044839
 352.8477739996422180 353.7113788428442180 362.9521396377191676  -0.4157273900581494
 351.3303239141034578 353.9816096799949583 361.8088553266968295   0.2718726099418505
 353.1576890856053329 355.3270946873469227 365.2103623677550508  -0.0875273900581495
 355.0908789206067663 356.0376317137013225 365.2424877120317043   0.0968726099418505
 351.3756773413175696 357.6344502968647781 365.1839062018801880   0.2984726099418505
 349.4576053153875248 357.0127303988046716 364.7511589172121960  -0.0297273900581495
 351.3246547357017207 359.0725318847788426 367.7048008645310904  -0.3192273900581494
 350.5234108549190974 357.8914530510780602 369.1901256057931968   0.0790726099418505
 352.2241643754482349 359.5544120489287533 363.1921348567271847  -0.3192273900581494
 350.9032458078372566 361.1323333707530136 363.1241047159060170   0.0790726099418505
 354.1120007832355565 360.2536107184796250 363.6305513197969139   0.0790726099418505
 352.2506205413230976 358.6624613137179066 361.3477621500200446   0.0790726099418505
 352.8232075599012319 353.7737398052636486 367.6235426407725181   0.5972726104906286
 354.3519960022435199 354.0307425594769307 369.3507523271765184  -0.5679273917044839
 350.9410403305157011 352.0918835460737064 367.7293673042720765  -0.4157273900581494
 349.7391745093417930 351.9463746337617734 366.2402631107421631   0.2718726099418505
 350.5574259253296813 350.4043581084820272 369.9025523582815269  -0.0597273900581495
 350.4837266061067228 351.5533115979061561 371.6146442356141923   0.0868726099418505
 348.0062956445360020 348.9908429603089489 369.6833441267466354   0.1302726099418505
 347.8853531719650015 348.1442456523122139 367.8087358018967721   0.0186726099418505
 347.7700798777958456 346.8592318812458035 371.6505490321587063  -0.3204273900581494
 345.9351558017583030 345.9427147062939704 371.5201579289181081   0.0881726099418505
 349.2119409179777169 345.4211502933316852 371.3425236723295216   0.0881726099418505
 348.0157442752055996 347.6207915132160521 373.5535032490173627   0.0881726099418505
 345.7934263417141769 350.8748999158284637 370.0140462001828761  -0.0430273900581495
 345.6327996203309093 351.4040232333264163 372.0001483669341422   0.0235726099418505
 346.1770407469001967 352.5964404238307266 368.9520201129191639   0.0235726099418505
 343.2404063347865674 349.8506683512431422 369.0937495729632362  -0.0660273900581495
 342.6224658889943214 348.2746367555528121 370.2653797759944209   0.0185726099418505
 341.8287809127474192 351.3454417231748463 369.2071331409985157   0.0185726099418505
 343.3972536039020283 349.2289484531830356 367.1341035720868865   0.0185726099418505
 352.8250972860351620 348.6299052687299851 370.2445927885212954   0.5972726104906286
 353.7416144609869950 348.3766819667845634 372.3459682494417175  -0.5679273917044839
 353.8946822778345953 347.5187463019843005 368.2414830865647641  -0.4157273900581494
 353.0802103141145677 347.7303956289834709 366.5180528524285709   0.2718726099418505
 356.1718022692097274 345.9427147062939704 368.5249420066529090  -0.0518273900581495
 355.8599974571126823 344.6595906613614366 370.1104222330128903   0.0921726099418505
 356.6253365413507914 344.3194399572555984 366.1608946131174675  -0.1102273900581495
 357.0750913612240486 345.5515413965722834 364.5716349344896791   0.0456726099418505
 358.2731777301301497 343.1364713974209393 366.5293912092320987   0.0456726099418505
 354.4011288817254921 342.5997891753872656 365.4031144334150256   0.3530726099418505
 352.9573781154096368 343.7166173205347410 364.4865972584631928  -0.0361273900581495
 355.2855207124006178 340.6306945438413182 363.4963807642885087  -0.4121273900581494
 353.6679151417640365 339.5384328384348289 362.8746608662284023   0.0999726099418505
 356.0981029499867691 341.5906754198733326 361.8636573845805390   0.0999726099418505
 356.7028153128415567 339.4004828306586170 364.3486472506869809   0.0999726099418505
 353.1557993594714026 341.1768253965445896 367.5895275703619343  -0.4121273900581494
 351.6477979046022402 340.0014157412455443 366.8411960213290902   0.0999726099418505
 354.5541966985731462 340.0203130025847933 368.5684057077331441   0.0999726099418505
 352.3186506821442654 342.5071925948251655 368.9198947686424565   0.0999726099418505
 358.5396291150130294 347.4677236963684517 369.2581557466143645   0.5972726104906286
 360.2120367435333739 346.4586099408544650 370.5186030779398426  -0.5679273917044839
 358.6549024091822392 349.8998012307250607 368.5854132429384091  -0.4157273900581494
 357.2659537007500931 350.5819923650706674 367.4572467409874058   0.2718726099418505
 360.6107689577907284 351.6534670830039773 369.4622461690778675  -0.0252273900581495
 362.4608108428996593 350.8087595011411726 369.1561105353826130   0.0697726099418505
 351.8273218873247569 345.0299769836099980 376.4976965656667132  -0.5679273917044839
 347.8154333050099573 339.9447239572279045 376.7131253449337440   0.0341726099418505
 349.5766580618245412 340.3188897317443265 375.7059013155536875   0.0240726099418505
 347.1672572410749344 338.0738950846459018 376.1518766831590840   0.0240726099418505
 345.8368900427943584 341.8968110535685870 375.8948739289458019   0.0017726099418505
 346.5266400816756325 343.7770885568202411 376.3880924498992405   0.0439726099418505
 345.6668146907414930 341.8231117343456285 373.8445210736412823   0.0439726099418505
 342.7037241127529473 341.5075274699807764 377.2498075669673640  -0.2737273900581494
 341.7494124151227236 338.4990834647781727 375.9288889993563857  -0.0536273900581495
 339.8294506630587486 338.0682259062441108 376.5392705406129643   0.0683726099418505
 341.8004350207385727 338.6105773066795218 373.8747566917840055   0.0683726099418505
 343.0079700203142715 337.0024203667125382 376.5676164326217573   0.0683726099418505
 344.4082570855498916 326.2555478431023565 373.8860950485875336   0.1429726099418505
 365.5127185491824446 312.6873142015478088 363.0409567660134608   0.0284726099418505
 363.5946465232523997 314.5864889661386583 364.9722568748809640   0.0284726099418505
 366.5388398399016963 316.9429774551384323 362.0016073923567509   0.0686726099418505
 368.5230522805190323 313.9269745454001075 359.9569237154539683   0.4477726099418505
 361.8050758744289691 319.7454413117436566 366.3933309275897635  -0.5894273889605932
 358.8004113214941722 320.6600687605615591 369.2997297215606695  -0.4157273900581494
 356.9692666977244902 321.8543756771998000 367.5989762010315320  -0.0875273900581495
 357.7024804376859458 321.8241400590570229 365.6733452705657660   0.0968726099418505
 354.4238055953325481 320.4446399812945283 367.5668508567548785   0.2984726099418505
 353.3239849853903914 321.1702948167202629 365.9813706303949506  -0.0297273900581495
 354.8149789050542351 317.6138302326805111 367.1700083686314005  -0.3192273900581494
 353.0178493516951370 316.7615637462819853 366.6503336818030455   0.0790726099418505
 356.1793611737453948 317.3322610387262429 365.6733452705657660   0.0790726099418505
 355.5198467530068978 316.7105411406661363 368.8821002459640658   0.0790726099418505
 352.8477739996422180 320.7394372581862547 369.9592441422991665  -0.3192273900581494
 351.0506444462831199 319.7567796685471845 369.7400359107642751   0.0790726099418505
 352.4622698683222680 322.7312086033392582 370.3315201906816583   0.0790726099418505
 356.7273817525825430 324.6303833679301076 368.3662050114035715   0.5972726104906286
 357.8045256489176973 325.4146197135074122 370.2710489543961582  -0.5679273917044839
 355.3516611270879088 326.1327156443974792 366.8922186269449929  -0.4157273900581494
 354.3595549067792410 325.3749354646950913 365.4560267651648048   0.2718726099418505
 354.9226932946877775 328.7953397670925615 367.4931515375319200  -0.0014273900581495
 355.5425234666139536 329.1260418405287483 369.4225619202655465   0.0875726099418505
 356.4930557119763166 330.5168802750947707 365.7224781500477384  -0.0152273900581495
 356.1869200782810623 329.9310651735792322 363.7703910537070559   0.0294726099418505
 355.8637769093805428 332.4689673714354532 365.8906637759667271   0.0294726099418505
 359.2955195685815409 330.4960932876216451 366.3290802390364563  -0.0011273900581495
 360.0759764618910385 330.7228604236922040 368.8669824368926775  -0.1906273900581494
 358.7361606329408651 331.0856878414050982 370.3598660826904514   0.1698726099418505
 362.6044300290776620 330.3184590310330586 369.5264968576311745  -0.2341273900581494
 363.1656786908522681 330.3241282094348495 371.4766942278379267   0.1655726099418506
 364.4110082131063578 329.8460274975527456 367.6424399021117135   0.3225726099418506
 366.8147398554542274 329.2602123960371534 368.3038440489841408  -0.5579273917044839
 367.9580241664765655 330.6151460340587153 367.6972419599954230   0.3991726099418505
 363.6815739254127627 329.8309096884813573 365.0818609906484366  -0.2341273900581494
 365.1007582519876319 329.4189493912865446 363.6853533776806232   0.1655726099418506
 361.1191052878155554 330.1332658699088048 364.4185671176420789  -0.1906273900581494
 360.5502977215052281 329.9650802439898158 362.4683697474353267   0.1698726099418505
 352.1334575210200114 329.4737514491702539 367.6405501759777831   0.5972726104906286
 350.4761677015710554 327.9109479364173820 367.1794569993009982  -0.5679273917044839
 351.7120485931555473 331.8359091165718187 368.4039995340819621  -0.4157273900581494
 353.2408370354978353 332.8828173947641962 368.8348570926160238   0.2718726099418505
 349.2743018803971475 332.9413989049157662 368.9841454571958174   0.0336726099418505
 348.2500703158118260 331.6526056815814414 370.2275852533159766   0.0822726099418505
 349.8525580773770186 335.3715867131384986 370.4789188291275216  -0.1825273900581494
 348.1121203080355604 336.2295223779387617 371.1743380464105328   0.0602726099418505
 351.0109601974707989 334.9123832625956438 372.1248702917728959   0.0602726099418505
 350.8711204635606030 336.7095128159547419 369.3035091738284763   0.0602726099418505
 347.6283504177517193 333.3344619407713836 366.6030905284550036   0.5972726104906286
 347.6888216540372196 331.8548063779110677 364.8135198796315727  -0.5679273917044839
 346.1581434855610012 335.3867045222098871 366.5728549103122802  -0.4157273900581494
 346.3319982898817273 336.5356580116339623 368.0827460913153729   0.2718726099418505
 344.0567680246405792 336.0084244202699398 364.8380863193725590  -0.0875273900581495
 342.5015234164233747 334.7290798276052665 365.2670541517726904   0.0968726099418505
 343.2290679779830395 338.7674245757949827 365.3936658027454281   0.2984726099418505
 341.3903644496776901 339.0641115788206395 364.5168328766059699  -0.0297273900581495
 342.9966316635107434 339.3400115943731169 368.2395933604308338  -0.3192273900581494
 342.2407412099422319 341.2372966328300360 368.5060447453137137   0.0790726099418505
 341.7210665231138771 337.9869676824854851 369.1183160127042223   0.0790726099418505
 344.8221071088786883 339.2927684410250748 369.1863461535253900   0.0790726099418505
 345.0621023278866515 340.7591959209479860 364.3240808109459948  -0.3192273900581494
 344.3836906458089591 342.6489220548692378 364.7927328921584471   0.0790726099418505
 346.9442695572722362 340.5154212496721622 365.1234349655946877   0.0790726099418505
 345.1679269913862636 340.6193561870377903 362.2756176817753517   0.0790726099418505
 344.5424276410583504 335.7533113921905880 361.9845998571514857   0.5972726104906286
 342.7509672661009894 335.9857477066628841 360.5427388169695607  -0.5679273917044839
 346.8592318812458035 335.2222983485587051 361.1342230968869439  -0.3479273900581494
 348.1555840091157418 334.8160072297656295 362.4740389258370639   0.2746726099418506
 347.5829969905376076 334.7744332548193782 358.4829373309953897  -0.2637273900581494
 347.4771723270380492 336.5356580116339623 357.4284701482673450   0.1559726099418505
 350.2966437188485387 333.7483119641001266 358.3336489664156500  -0.0007273900581495
 350.4194759175534157 331.9625207675445564 359.3597702571348479   0.0326726099418505
 350.6726992194988911 333.3722564634498279 356.3437673473965231   0.0326726099418505
 352.3205404082781955 335.5567798742627525 359.3786675184740971   0.0389726099418505
 352.0786554631363019 337.4200498423091416 358.5301804843434318   0.0284726099418505
 352.0824349154041089 335.7249655001817413 361.4157922908411585   0.0284726099418505
 355.0096206968481403 334.6024681766325290 358.8287572135029650   0.0485726099418505
 356.3626646087357722 335.9385045533148420 359.6337805465534490   0.0686726099418505
 355.2836309862667413 332.7788824573985143 359.7490538407226585   0.0686726099418505
 355.4423679815161325 334.4267236461778726 356.0829851409154342  -0.5295273900581494
 355.1248939910173501 336.0424394906805237 355.0946583728745730   0.3455726099418505
 355.4933905871319814 332.3650324340697715 354.6789186234118999   0.8075726110394068
 355.7730700549523193 330.0992507994982209 355.6162227858368584  -0.8627273895093713
 356.1434563772008809 329.9046090077043157 357.4624852186779288   0.4477726099418505
 355.7938570424254449 328.5855801662272678 354.4710487486805901   0.4477726099418505
 355.1740268704992686 332.5558947735958161 352.2543999935909581  -0.8627273895093713
 354.9642672696340286 334.2793250077320095 351.4455972082726676   0.4477726099418505
 354.8943474026789307 330.9912015347090140 351.2188300722021087   0.4477726099418505
 345.8255516859908305 332.8979352038355846 357.1450112281791464   0.7340726082955160
 344.6860468272363530 333.4629633178780514 355.2137111193116433  -0.5894273889605932
 345.3720174138497665 330.7190809714243434 358.3242003357459985  -0.4157273900581494
 346.2715270535962807 330.3864891718542263 359.9720415245253568   0.2718726099418505
 343.6145721093029894 328.8161267545656870 357.3283146631695237  -0.0014273900581495
 344.0699961075780374 328.5024322163347652 355.3422124964182576   0.0875726099418505
 343.9868481576854811 326.3046807225843287 358.7569476204139905  -0.0152273900581495
 344.0208632280960650 326.6693978664311531 360.7865134882453846   0.0294726099418505
 342.3408966950400532 325.1217121627496159 358.3960099288350267   0.0294726099418505
 346.3187702069443228 324.7815614586437777 358.0218441543186046  -0.0011273900581495
 346.0088551209812078 322.7142010681339393 356.3513262519322443  -0.1906273900581494
 344.1720413188097351 322.2795640573320708 355.6313405949082469   0.1698726099418505
 348.0592079762857812 321.1778537212559840 355.6370097733099840  -0.2341273900581494
 347.8116538527420966 319.6037118516995841 354.4011288817254921   0.1655726099418506
 350.6745889456327675 321.7825660841107716 356.6499029810917775   0.3225726099418506
 352.7060445395981456 320.3766098404733608 355.9412556808713080  -0.5579273917044839
 354.3312090147703943 321.0569112486849835 356.4684892722353305   0.3991726099418505
 350.8994663555693961 324.0162223744056686 358.4470325344508756  -0.2341273900581494
 352.6890370043928268 324.4810950033503142 359.2463866890995687   0.1655726099418506
 348.7036045879529436 325.3976121783021472 359.0706421586449125  -0.1906273900581494
 348.8434443218630856 326.9150622638409072 360.3915607262558906   0.1698726099418505
 340.8064390742960280 329.6457165273571033 357.3850064471871634   0.5972726104906286
 339.2341869308735049 328.3984972789690835 356.2077070657542416  -0.5679273917044839
 340.1488143796914074 331.7055180133312743 358.7059250147980880  -0.4157273900581494
 341.5509911710610117 332.7203009472469983 359.5147278001164324   0.2718726099418505
 337.6392580738439795 332.9073838345051823 358.6435640523787113  -0.0237273900581495
 336.2200737472691102 331.4995378647338410 358.1711325188983983   0.0879726099418505
 336.9343902258913705 333.9864174569742132 361.2532758433239605   0.0341726099418505
 338.2893238639128790 335.4358374016918058 361.7823991608219131   0.0240726099418505
 335.1089147805234257 334.9161627148634508 361.1172155616816253   0.0240726099418505
 336.8191169317221609 332.0362200867674612 363.3981150053245642   0.0017726099418505
 338.5255396306530354 330.8815974189415952 363.3924458269228271   0.0439726099418505
 336.8115580271864934 333.0982461740312271 365.1650089405409390   0.0439726099418505
 334.0676756807328391 329.9820877791950810 363.5077191210920367  -0.2737273900581494
 334.6856161265250851 327.7200855968913372 361.0151703504498737  -0.0536273900581495
 333.7577605947697241 325.9418533048714345 361.4800429793945192   0.0683726099418505
 333.9316153990905039 328.4136150880404184 359.2312688800282338   0.0683726099418505
 336.7095128159547419 327.4120602370621526 360.8394258199952175   0.0683726099418505
 337.4351676513804765 334.9596264159436322 356.6026598277437356   0.5972726104906286
 335.5662285049324040 334.9879723079524790 355.2156008454455736  -0.5679273917044839
 339.3135554284982003 336.6377032228657137 356.3513262519322443  -0.4157273900581494
 340.8404541447066119 336.5092018457590995 357.5040591936241799   0.2718726099418505
 337.5447717671479490 339.5459917429705500 354.3803418942523665   0.0778726099418505
 339.4704026976136614 337.3142251788095296 351.7233869499590752   0.5972726104906286
 337.9264964462000385 337.9737395995480805 350.1152300099920915  -0.5679273917044839
 341.0237575796969355 335.3394613688618450 351.3945746026567649  -0.4157273900581494
 342.3314480643704556 334.9766339511489511 352.7513979668122574   0.2718726099418505
 341.3336726656600505 334.0468886932597135 348.9700559728358233  -0.0275273900581495
 342.1783802475228552 335.3583586302010404 347.6226812393499822   0.1122726099418506
 343.0306467339213273 331.7149666440008720 349.3763470916288989  -0.0050273900581495
 342.5355384868339586 330.8135672781204275 351.1621382881844690   0.0338726099418505
 342.5695535572445422 330.3638124582471705 347.8891326242328621   0.0338726099418505
 345.8520078518657469 331.9889769334194728 349.2497354406561612  -0.1415273900581494
 347.1332421706643506 333.9599612910992968 348.2557394942135630  -0.1638273900581494
 346.2753065058641413 335.6777223468337531 347.5603202769305518   0.2061726099418505
 349.6333498458421810 333.3098955010303975 347.9439346821165714  -0.3418273900581494
 350.8748999158284637 334.3870393973654980 346.9556079140757641   0.3411726099418505
 350.1001122009207032 330.8721487882719975 348.7206121231582086   0.1379726099418505
 352.2392821845195698 329.3055658232512651 348.5864415676498035  -0.2601273900581494
 353.8852336471649977 329.9197268167757041 347.6037839780107332   0.1571726099418505
 352.1674725914305953 326.9056136331713096 349.7259464264043348  -0.1134273900581494
 353.7680706268618578 325.6772916461224851 349.6503573810474460   0.1416726099418505
 349.9602724670105610 326.0779135865137699 350.9542684134531593  -0.1972273900581494
 349.9224779443321167 324.2524381411458251 351.8140938043872987   0.1446726099418505
 347.7719696039297220 327.5915842197847231 350.9788348531940917  -0.2387273900581495
 346.0938927970076942 326.9075033593051861 351.8556677793335500   0.1699726099418505
 347.7625209732601244 330.0633460029537068 349.7883073888237115   0.1242726099418505
 338.8014396462055666 333.1832838500576598 347.8494483754205411   0.5972726104906286
 338.4858553818407145 333.1984016591290483 345.5458722181704926  -0.5679273917044839
 336.9778539269715521 332.4576290146319252 349.4443772324500666  -0.4157273900581494
 337.3066662742738622 332.6560502586936373 351.3152061050320693   0.2718726099418505
 334.4512900859188589 331.7508714405453860 348.6053388289889988   0.0336726099418505
 334.6383729731770430 330.3449151969079750 347.1124551831912249   0.0822726099418505
 333.0339954854779200 330.5206597273626314 350.8163184056768937  -0.1825273900581494
 331.1839536003689891 329.8781528418293993 350.1794806985453986   0.0602726099418505
 334.0998010250094926 328.9011644305921197 351.5174068013616421   0.0602726099418505
 332.7807721835324447 331.8755933653841934 352.3488863002870422   0.0602726099418505
 333.0132084980047944 333.9996455399116714 347.4601647918327306   0.5972726104906286
 332.1968468081507826 333.8409085446622804 345.2850900116894037  -0.5679273917044839
 332.7032934120416794 336.0821237394928983 348.8604518570684045  -0.4157273900581494
 333.6557153835379728 336.2144045688673731 350.5177416765173067   0.2718726099418505
 331.3313522388148522 338.3195594820556558 347.9231476946434458  -0.0875273900581495
 329.5172151502504355 337.6619347874510352 347.2088312160212392   0.0968726099418505
 330.6586097351388970 340.1828294501019913 350.0660971305101730   0.2984726099418505
 329.5380021377235610 339.1472595287131419 351.4531561128083348  -0.0297273900581495
 332.9432886310496963 341.2713117032406199 351.4569355650761955  -0.3192273900581494
 332.3215687329895899 342.6413631503335706 352.8610020825796762   0.0790726099418505
 333.9335051252244342 339.7557513438357901 352.4225856195099471   0.0790726099418505
 334.2075154146429813 342.2010569611299112 350.1284580929295497   0.0790726099418505
 329.0164377247613295 342.3635734086471092 349.1042265283442282  -0.3192273900581494
 328.3871589221655556 343.5219755287408356 350.6878170285702258   0.0790726099418505
 330.0784638120250416 343.5446522423478916 347.7908668652689712   0.0790726099418505
 327.3572581791784433 341.6039035028107908 348.1442456523122139   0.0790726099418505
 332.6957345075060120 339.5176458509617033 345.6630352384736325   0.5972726104906286
 331.4674125204571875 340.0618869775310446 343.7600810216149224  -0.5679273917044839
 335.2071805394873166 339.6461472280683712 345.7140578440894814  -0.5163273900581494
 336.1236977144391496 339.1529287071149326 347.3316634147261164   0.2935726099418505
 336.1123593576356215 342.5374282129678887 343.1874940030367882   0.0879726099418505
 336.4619586924110575 339.0830088401598348 341.2108404669551733   0.5365726099418505
 335.9611812669218978 340.1242479399504213 339.1869437775255165  -0.5819273917044839
 336.6074676047229905 336.5621141775088787 341.3733569144723715  -0.4157273900581494
 337.0421046155248591 335.7627600228601858 343.0646618043319112   0.2718726099418505
 336.1596025109836636 334.9237216193991719 339.1963924081951141   0.0336726099418505
 337.4162703900412812 335.5170956254504316 337.6732731442545633   0.0822726099418505
 336.8077785749186328 332.1987365342847129 339.9409445049600977  -0.1825273900581494
 336.4846354060181135 330.9345097506913744 338.3516848263323094   0.0602726099418505
 338.7919910155359688 332.0759043355798359 340.4927445360651063   0.0602726099418505
 335.6285894673517807 331.5959138975638555 341.5226452790521649   0.0602726099418505
 333.4327276997352745 335.1315914941304816 338.1967272833507788   0.5972726104906286
 333.0321057593439897 334.9634058682114928 335.9063792090381885  -0.5679273917044839
 331.5373323874122855 335.5303237083878898 339.8351198414604857  -0.4157273900581494
 331.9474029584731679 335.6002435753429878 341.7116178924442793   0.2718726099418505
 328.9295103226009664 336.0159833248056609 338.9639560937228182  -0.0389273900581495
 328.4551890629867231 334.5665633800880149 337.5844560159602700   0.1006726099418505
 326.8791574672963932 335.8440182466188115 341.0218678535630589   0.3653726099418505
 325.0782484616694345 336.2200737472691102 340.0902328695398375   0.0042726099418505
 326.6221547130831111 333.2210783727361041 342.1934980565941901  -0.2438273900581494
 325.2728902534633397 333.2872187874233415 343.7487426648113945   0.0641726099418505
 325.9267354958000998 331.9114981619286539 340.7743137300193745   0.0641726099418505
 328.4306226232457370 332.5540050474618859 342.8964761784129224   0.0641726099418505
 327.0813581636259658 337.6430375261118399 342.9663960453680202  -0.6761273884118151
 328.7896705886907705 338.3138903036538651 343.0571028997962438   0.4101726099418505
 328.6781767467894214 338.5425471658583541 337.5882354682281306   0.5972726104906286
 327.3459198223749152 338.6389231986883147 335.6777223468337531  -0.5679273917044839
 329.9990953144003460 340.5173109758060387 338.4631786682336585  -0.4157273900581494
 331.0630111277980422 340.2829849351998125 340.0467691684596561   0.2718726099418505
 330.1105891563017488 342.9947419373768133 337.2424155857205551  -0.0252273900581495
 328.2189732962465666 343.8035447226951038 337.1403703744888037   0.0697726099418505
 331.3162344297434637 344.2438509118987633 338.3516848263323094   0.0697726099418505
 331.1934022310385867 342.8152179546542965 334.5760120107576663   0.5972726104906286
 329.9008295554364551 343.5276447071426264 332.7732132789967772  -0.5679273917044839
 333.4232790690656767 341.6416980254891815 334.3095606258747327  -0.4157273900581494
 334.3775907666959004 341.1503692306696732 335.9007100306364514   0.2718726099418505
 334.6119168073021266 341.1806048488123964 331.8453577472414165  -0.0518273900581495
 335.0144284738273954 342.9890727589750760 330.9363994768253045   0.0921726099418505
 337.1233628392834849 339.7614205222375808 332.2119646172221711  -0.1102273900581495
 336.7284100772939374 337.9794087779498176 333.1700557671202552   0.0456726099418505
 337.8905916496555243 339.3192246068999913 330.3468049230419053   0.0456726099418505
 339.1529287071149326 341.1976123840177151 333.7256352504930706   0.3530726099418505
 338.4121560626178097 341.7815377593993772 335.5473312435931550  -0.0361273900581495
 341.3828055451419690 339.4250492703996033 334.1716106180985208  -0.4121273900581494
 342.8662405602701990 340.4436116565831339 335.1637168384071352   0.0999726099418505
 340.7610856470819163 337.8357895917718150 335.3224538336565264   0.0999726099418505
 342.0933425714963688 338.7390786837861359 332.3650324340697715   0.0999726099418505
 340.1374760228878796 343.5370933378122242 332.3688118863376320  -0.4121273900581494
 341.6076829550785976 344.4592796911657941 333.4780811269493862   0.0999726099418505
 340.8480130492422793 343.0268672816534669 330.5168802750947707   0.0999726099418505
 338.5973492237420636 344.8617913576910092 332.1080296798564894   0.0999726099418505
 332.8865968470320567 339.7122876427556086 330.0538973722841092   0.5972726104906286
 332.4047166828821462 340.5513260462166226 327.9449630068279658  -0.5679273917044839
 331.8737036392502630 337.5447717671479490 330.8815974189415952  -0.4157273900581494
 332.3158995545878528 336.9381696781592311 332.6447119018901094   0.2718726099418505
 330.2901131390242657 335.9725196237254259 329.2318665040283603  -0.0597273900581495
 331.3710364876272269 335.5718976833341411 327.5254438050974320   0.0868726099418505
 329.6324884444196451 333.4346174258692048 330.5282186318982986   0.1302726099418505
 328.9729740236811480 333.8579160798675454 332.4368420271587997   0.0186726099418505
 327.4800903778833203 332.0003152902230007 329.1884028029481788  -0.3204273900581494
 327.2230876236700382 330.1502734051140698 330.0520076461501789   0.0881726099418505
 325.7113067165330690 333.0434441161475176 329.3584781550010443   0.0881726099418505
 327.9090582102834519 331.7716584280185117 327.1834033748577172   0.0881726099418505
 331.9833077550176820 331.7074077394652046 330.7719933031741762  -0.0430273900581495
 333.5083167450921631 332.7751030051307076 331.6431570509118439   0.0235726099418505
 331.5203248522069666 330.1540528573819304 332.0456687174371125   0.0235726099418505
 333.0169879502726011 330.5679028807106733 328.3077904245408600  -0.0660273900581495
 333.5291037325652888 332.0570070742406405 326.9793129523942143   0.0185726099418505
 334.7045133878642804 329.4643028185006563 328.7329788046731309   0.0185726099418505
 331.6261495157065787 329.3187939061887233 327.4441855813388600   0.0185726099418505
 327.9619705420332847 337.4408368297822673 328.3588130301567088   0.5972726104906286
 327.3704862621159015 337.3557991537557809 326.1119286569243538  -0.5679273917044839
 326.6637286880293622 338.8033293723394967 330.0520076461501789  -0.4157273900581494
 327.3100150258304549 338.9186026665087065 331.8566961040449444   0.2718726099418505
 324.4773155510824537 340.3340075408157151 329.3187939061887233  -0.0275273900581495
 323.1261613653288059 341.3960336280794272 331.6507159554475648  -0.0050273900581495
 322.6310531182414369 339.8370095675944160 332.9054941083712520   0.0338726099418505
 324.4225134931987442 342.6319145196639192 332.6730577938989562   0.0338726099418505
 324.2373203320744902 347.1691469672088646 330.2050754629977793   0.1699726099418505
 325.1878525774368533 342.4429419062718047 327.4668622949459157   0.5972726104906286
 327.3572581791784433 343.6844919762580873 327.8164616297213517  -0.4157273900581494
 328.4495198845849323 343.2290679779830395 329.3320219891261815   0.2718726099418505
 328.3191287813443879 345.6252407157951882 326.0968108478529653  -0.0518273900581495
 326.8715985627607258 347.0746606605127806 325.8681539856485299   0.0921726099418505
 330.6453816522014387 346.8384448937726242 327.3648170837141644  -0.1102273900581495
 330.0633460029537068 347.4091421862168817 329.2564329437693464   0.0456726099418505
 332.1174783105260870 345.4154811149299481 327.5972533981864602   0.0456726099418505
 331.8245707597682908 349.1703669430314656 326.0835827649155607   0.3530726099418505
 330.3675919105150310 350.5971101741420023 325.7793368573542365  -0.0361273900581495
 333.8050037481177662 350.2588491961700942 327.8788225921407284  -0.4121273900581494
 334.6402626993109733 351.9728307996366899 327.1286013169740079   0.0999726099418505
 332.9546269878532244 350.6915964808380864 329.7024083113747429   0.0999726099418505
 335.3016668461834007 348.8717902138719324 328.1622815122289270   0.0999726099418505
 333.1247023399061435 348.5940004721854709 323.5645778283985350  -0.4121273900581494
 334.4569592643205960 350.0793252134475775 323.0864771165164312   0.0999726099418505
 334.1886181533037860 346.8365551676387475 323.7195353713800655   0.0999726099418505
 331.7395330837418581 348.4295942985343426 322.0584660996632490   0.0999726099418505
 328.8595904556458686 344.5140817490495036 323.4738709739703115   0.5972726104906286
 330.3713713627828377 342.5053028686912352 323.3548182275332412  -0.5163273900581494
 331.1801741481011284 341.9100391365060452 324.9988799640447389   0.2935726099418505
 331.2311967537170310 341.3412315701957179 321.0002194646673975   0.0380726099418505
 332.1968468081507826 342.7736439797080452 319.8815015933859918   0.0879726099418505
 333.1095845308347550 339.1982821343290444 321.5633578525758803  -0.0303273900581495
 332.1741700945437268 337.7583108202810497 322.7066421635982721  -0.0122273900581495
 333.6632742880736938 338.3271183865913233 319.7775666560203101  -0.0122273900581495
 335.5019778163790430 340.0467691684596561 322.9258503951331097   0.7993726088442942
 336.7284100772939374 338.3856998967428932 324.0691347061555015  -0.8014273889605932
 336.2011764859299149 342.2917638155581347 322.6650681886520208  -0.8014273889605932
 327.8448075217301446 338.1797197481454600 322.3967270776351571   0.2718726099418505
 323.6061518033447861 321.6805208728790202 331.3332419649487826   0.0822726099418505
 323.6250490646839816 325.0895868184729624 329.1468288280018739  -0.1825273900581494
 325.6243793143726523 325.4618628668554543 329.4775309014381145   0.0602726099418505
 322.9560860132758868 324.7267594007600684 333.8994900548138503   0.5972726104906286
 324.6398319985997054 323.9935456607986127 335.3224538336565264  -0.5679273917044839
 323.2263168504266269 328.5685726310220026 337.3104457265417228   0.0868726099418505
 319.7435515856097263 331.6790618474563578 339.3948136522568262  -0.3204273900581494
 321.6729619683433528 332.3650324340697715 339.5970143485863988   0.0881726099418505
 322.3872784469655594 332.8771482163624591 334.1375955476879371  -0.0660273900581495
 323.7459915372549283 331.3615878569575754 333.8276804617248222   0.0185726099418505
 322.3343661152157802 334.0714551330006459 332.4595187407658555   0.0185726099418505
 322.9976599882221379 334.0298811580543948 335.7325244047174624   0.0185726099418505
 322.0206715769848584 326.1459437273349375 341.1862740272141872  -0.5679273917044839
 324.0388990880127244 317.8802816175633908 339.3248937853017284  -0.0275273900581495
 323.5796956374698697 316.5158993488722311 340.8007698958942372   0.1122726099418506
 324.1352751208427389 316.4289719467118681 336.8210066578560910  -0.0050273900581495
 324.1352751208427389 317.7650083233941812 335.2544236928353587   0.0338726099418505
 325.9135074128626416 315.3877328469212278 336.7473073386331864   0.0338726099418505
 325.3050155977399934 306.1394131475106644 336.0575572997519122   0.1446726099418505
 324.1919669048603785 310.0624846015311711 336.2295223779387617  -0.2387273900581495
 326.0968108478529653 310.7673524494837798 336.4033771822594875   0.1699726099418505
 326.6164855346813203 318.9857714059073383 340.0562177991292536   0.5972726104906286
 328.1282664418183432 317.6232788633501087 341.1787151226785197  -0.5679273917044839
 327.1191526863044101 321.4102900357282799 339.5270944816313010  -0.4157273900581494
 325.8549259027110717 322.4250729696440037 338.5047526431799098   0.2718726099418505
 329.5209946025182960 322.6102661307682576 340.2621979477266869  -0.0389273900581495
 331.0252166051195979 321.3762749653176960 339.6310294189969827   0.1006726099418505
 329.9745288746594136 325.1406094240888112 338.9034848574373179   0.3653726099418505
 329.6891802284372847 324.8628196824024036 336.8814778941415913   0.0042726099418505
 328.3512541256210414 327.3534787269106363 339.7727588790411089  -0.2438273900581494
 328.6555000331823656 328.9578562146097595 338.5198704522512983   0.0641726099418505
 326.3764903156733568 326.8186862310108929 339.6896109291485527   0.0641726099418505
 328.8444726465744800 327.9033890318817147 341.6965000833729447   0.0641726099418505
 332.4821954543729114 325.8832717947198646 339.3059965239625331  -0.6761273884118151
 332.7165214949791376 327.5613486016419462 338.6521512816257729   0.4101726099418505
 329.8101227010082316 322.7671133998837185 343.1326919451530789   0.5972726104906286
 331.6507159554475648 321.8090222499856880 344.1777104972115259  -0.5679273917044839
 327.8826020444085891 323.7063072884426073 344.4800666786389197  -0.4157273900581494
 326.3746005895394267 324.4376313022701327 343.5673289559549473   0.2718726099418505
 327.9544116374975636 323.8007935951386915 347.2617435477710184  -0.0875273900581495
 329.7061877636426036 324.7399874836975266 347.8059846743403059   0.0968726099418505
 325.7736676789524457 325.3730457385611609 348.3861305974541612   0.2984726099418505
 326.1327156443974792 325.5828053394264010 350.4043581084820272  -0.0297273900581495
 325.6980786335956108 328.0281109567205221 347.2220592989586438  -0.3192273900581494
 324.3677114353150347 329.2054103381534439 348.2651881248832143   0.0790726099418505
 327.5613486016419462 328.8992747044581895 347.3335531408599929   0.0790726099418505
 325.1065943536782276 327.9506321852297566 345.2491852151448895   0.0790726099418505
 323.1545072573375988 324.1711799173872529 348.0799949637589069  -0.3192273900581494
 322.7274291510713975 323.8933901757007916 346.0844441663380429   0.0790726099418505
 323.0656901290433056 322.3664914594924337 349.0645422795319074   0.0790726099418505
 328.0659054793989127 321.1457283769793305 348.4069175849272868   0.5972726104906286
 329.3981624038134189 320.7583345195254501 350.2645183745718852  -0.5679273917044839
 326.8281348616804905 319.2711200521294133 347.2409565602978928  -0.4157273900581494
 325.7698882266845853 319.6849700754581563 345.7083886656877443   0.2718726099418505
 326.9849821307959514 316.6462904521128292 348.0743257853571697   0.0336726099418505
 326.3953875770125521 316.5593630499524125 350.0490895953048541   0.0822726099418505
 325.1500580547584627 315.0305746076101245 346.5153017248721046  -0.1825273900581494
 325.1462786024906022 313.1049436771443586 347.2522949171014208   0.0602726099418505
 323.2452141117658223 315.8072520486517616 346.6494722803805097   0.0602726099418505
 325.7320937040061944 314.9852211803960127 344.5424276410583504   0.0602726099418505
 329.7099672159104104 315.6333972443310358 347.9571627650540296   0.5972726104906286
 330.6340432953979107 314.6394012978884374 349.8487786251092118  -0.5679273917044839
 331.0497830448605840 315.9603198654994157 345.8274414121247608  -0.4157273900581494
 330.2655466992832796 316.8768370404511949 344.3364474924609171   0.2718726099418505
 333.6802818232789589 315.1042739268330830 345.6630352384736325  -0.0014273900581495
 333.7067379891538753 313.1824224486351775 346.4019181568368252   0.0875726099418505
 334.6062476289003895 314.9360883009140942 342.9021453568146595  -0.0152273900581495
 335.8477976988866722 313.3147032780096523 342.8152179546542965   0.0294726099418505
 333.0037598673351429 314.5165690991835604 341.6794925481676258   0.0294726099418505
 336.1123593576356215 317.1225014378609492 341.7947658423368354  -0.0011273900581495
 335.0200976522291325 318.5757008348464021 339.8426787459961531  -0.1906273900581494
 333.1832838500576598 318.0824823138929635 339.1756054207219886   0.1698726099418505
 336.2824347096885408 320.6695173912311569 338.7919910155359688  -0.2341273900581494
 335.4244990448882777 321.8109119761195647 337.3728066889610996   0.1655726099418506
 338.8921465006337901 321.3441496210410425 339.7746486051749854   0.3225726099418506
 340.1922780807715890 323.3585976798011017 338.8600211563571365  -0.5579273917044839
 341.4583945904988578 323.9122874370400406 340.0392102639239886   0.3991726099418505
 340.0448794423257257 319.6093810301013214 341.7418535105870564  -0.2341273900581494
 341.8987007797025173 319.9570906387428270 342.4410521801378744   0.1655726099418506
 338.6105773066795218 317.5646973531985387 342.6432528764674471  -0.1906273900581494
 339.4269389965334798 316.3496034490871724 344.0303118587656628   0.1698726099418505
 335.4604038414327919 316.6141651078361220 347.3713476635384374   0.5972726104906286
 337.2367464073187643 315.5067855933582981 348.3747922406506333  -0.5679273917044839
 334.9747442250150207 319.0556912728623825 347.8040949482064294  -0.4157273900581494
 333.5839057904489983 319.9155166637965757 346.8006503710942335   0.2718726099418505
 336.4808559537502528 320.5731413584011426 349.5690991572888739  -0.0237273900581495
 338.4688478466354493 320.3369255916609861 349.0853292670050329   0.0879726099418505
 335.8024442716725604 323.3850538456759645 349.3385525689504545   0.0341726099418505
 333.7596503209036544 323.6118209817465234 349.4651642199231920   0.0240726099418505
 336.6358134967317836 324.4092854102612860 350.9202533430425754   0.0240726099418505
 336.7340792556957282 324.5944785713855936 346.8686805119154010   0.0017726099418505
 335.7363038569852694 323.7422120849871215 345.2850900116894037   0.0439726099418505
 336.2200737472691102 326.5862499165385969 346.9121442129955826   0.0439726099418505
 340.0940123218076981 324.4017265057256186 346.1827099253019875  -0.2737273900581494
 341.4697329473023857 325.2237573739813675 349.2006025611741890  -0.0536273900581495
 343.4860707321963216 325.5223341031409007 348.9341511762913091   0.0683726099418505
 340.5910102950289972 326.9377389774479631 349.9262573965999771   0.0683726099418505
 341.1862740272141872 323.6892997532372886 350.5441978423922231   0.0683726099418505
 336.2200737472691102 319.6641830879850307 352.3092020514746676   0.5972726104906286
 338.1381457731992088 319.3315912884149136 353.5828774657376039  -0.5679273917044839
 333.9146078638851850 319.1161625091478827 353.2049322389533212  -0.4157273900581494
 332.3858194215428970 319.4374159519144719 352.0899938199398300   0.2718726099418505
 333.5404420893688166 318.0579158741519774 355.7466138890774028  -0.0518273900581495
 334.5722325584898056 319.2238768987813712 357.0958783486972279   0.0921726099418505
 330.7266398759600645 318.0749234093572962 356.4817173551727887  -0.1102273900581495
 329.6721726932320197 316.9391980028706255 355.1211145387494894   0.0456726099418505
 330.5660131545767431 317.1546267821376027 358.3223106096121221   0.0456726099418505
 329.4832000798398516 320.7035324616417407 356.6688002424310267   0.3530726099418505
 329.2639918483050138 321.5104455208261011 354.7979713698489701  -0.0361273900581495
 326.8564807536893372 320.4181838154196119 357.8404304454621577  -0.4121273900581494
 325.9172868651304484 322.2493284391892938 357.8876735988101997   0.0999726099418505
 325.7320937040061944 319.1218316875496735 356.7009255867076802   0.0999726099418505
 327.0152177489387284 319.6849700754581563 359.7585024713922563   0.0999726099418505
 330.9836426301733466 322.5894791432951320 358.2637290994605521  -0.4121273900581494
 329.9140576383739133 324.3355860910383812 358.4791578787275829   0.0999726099418505
 331.3672570353593664 321.7957941670482298 360.1269990675068876   0.0999726099418505
 332.7618749221932493 323.0486825938379867 357.3320941154373844   0.0999726099418505
 334.6610496867840990 315.3952917514569489 355.9960577387550175   0.5972726104906286
 335.9177175658417163 314.8510506248876078 357.8744455158727415  -0.5679273917044839
 334.3719215882941633 313.7739067285525071 354.0779857128249726  -0.4157273900581494
 333.2645420738162855 314.2784636063094736 352.5945506976967965   0.2718726099418505
 335.6607148116284342 311.3153730283209816 354.0175144765394725  -0.0024273900581495
 335.1712757429428562 310.2571263933250763 355.7163782709346796   0.0977726099418505
 334.8367942172387552 309.7960332166482912 351.6780335227449634  -0.0343273900581495
 335.4074915096830127 310.8637284823137941 350.0112950726264098   0.0294726099418505
 335.8912613999668536 308.0253598291640559 351.6685848920753659   0.0294726099418505
 332.0532276219727799 309.1365187959097404 351.3718978890497091   0.0117726099418505
 330.3524741014436424 309.1535263311150591 353.4298096488899497  -0.1256273900581494
 330.9817529040394163 309.6561934827380953 355.2779618078649505   0.1329726099418505
 327.7900054638464353 308.5450345159924109 353.0537541482396512  -0.1704273900581494
 326.5125505973156384 308.5903879432065226 354.6127782087246625   0.1429726099418505
 326.9112828115730467 307.9063070827270393 350.6254560661508490  -0.1072273900581494
 324.9648648936341550 307.4584419889876588 350.3457765983305109   0.1296726099418505
 328.5988082491647260 307.8685125600485950 348.5713237585784151  -0.1704273900581494
 327.9392938284262287 307.3923015743004214 346.7250613257373983   0.1429726099418505
 331.1593871606280028 308.4788941013051735 348.9492689853626976  -0.1256273900581494
 332.4236139442213415 308.4675557445016456 347.3807962942080350   0.1329726099418505
 338.5501060703940215 311.6063908529448474 354.0458603685483190   0.5972726104906286
 339.8464581982640136 310.1418530991558665 355.2987487953380760  -0.5679273917044839
 339.5667787304436757 313.5358012356784203 352.7797438588210502  -0.4157273900581494
 338.4159355148856164 314.6356218456205770 351.7139383192894776   0.2718726099418505
 342.2426309360761623 314.2009848348187083 352.8572226303118155  -0.0252273900581495
 343.3670179857593051 312.5984970732534618 352.2147157447785835   0.0697726099418505
 342.5638843788427514 315.7807958827768989 351.5759883115132121   0.0697726099418505
 343.1459200280905371 314.9776622758603453 355.4896111348641207   0.5972726104906286
 345.0980071244311657 314.0498067441049845 356.3229803599233975  -0.5679273917044839
 341.6946103572390143 316.5158993488722311 356.8766701171623364  -0.4157273900581494
 340.1242479399504213 317.2623411717711449 356.0659776057101154   0.2718726099418505
 342.2823151848884832 317.1754137696107820 359.5128380739825021  -0.0518273900581495
 344.2003872108185819 317.9313042231792397 359.5714195841340183   0.0921726099418505
 340.4133760384404107 319.2503330646562877 360.3594353819791834  -0.1102273900581495
 340.2092856159769077 320.5712516322672660 358.7871832385567139   0.0456726099418505
 338.5595547010636191 318.4094049350613434 360.6920271815493542   0.0456726099418505
 341.1919432056159243 320.8169160296770202 362.6932471573719552   0.3530726099418505
 343.0627720781979808 321.6181599104596435 362.3738834407392426  -0.0361273900581495
 339.3078862500964632 322.9882113575525403 363.0126108740046679  -0.4121273900581494
 339.9125986129512509 324.2316511536726995 364.5413993163469560   0.0999726099418505
 339.2171793956682397 324.0842525152268364 361.2778422830649466   0.0999726099418505
 337.4313881991126695 322.2493284391892938 363.4359095280030085   0.0999726099418505
 341.2070610146873128 319.3674960849594276 365.1971342848175925  -0.4121273900581494
 341.4961891131772485 320.6846352003025454 366.7523788930347970   0.0999726099418505
 339.4212698181317427 318.3772795907846899 365.4446884083612769   0.0999726099418505
 342.7698645274401847 318.0371288866788517 365.2349288074960369   0.0999726099418505
 342.2161747702012458 314.8340430896823426 361.2249299513151137   0.5972726104906286
 343.9811789792836904 314.3616115562020296 362.6554526346935109  -0.5679273917044839
 340.2357417818517705 313.2844676598668752 361.0548545992622483  -0.4157273900581494
 338.7806526587324409 313.7720170024185768 359.8983422053023983   0.2718726099418505
 340.0033054673794744 310.9865606810186713 362.5930916722741341  -0.0275273900581495
 340.2999924704051312 311.4741100235703190 364.5716349344896791   0.1122726099418506
 337.3180046310773903 309.9472113073619613 362.3228608351233938  -0.0050273900581495
 336.9891922837750800 309.4332057989353970 360.3537662035774463   0.0338726099418505
 337.1630470880958595 308.2407886084310867 363.4642554200118016   0.0338726099418505
 335.2714312280406775 311.7235538732479337 363.1543403340487403  -0.1415273900581494
 335.5870154924055296 313.7531197410793815 364.6699006934535701  -0.1638273900581494
 337.3746964150950299 314.3464937471306413 365.4484678606291376   0.2061726099418505
 333.3080057748964671 314.9398677531819010 365.0818609906484366  -0.3418273900581494
 333.1209228876382828 316.4535383864528544 366.2308144800725117   0.3411726099418505
 331.3899337489664222 313.7587889194811185 363.7855088627784444   0.1379726099418505
 328.7991192193603683 314.2538971665684875 363.5474033699043576  -0.2601273900581494
 328.4325123493796673 310.5651517531542072 360.8186388325220918  -0.1972273900581494
 327.2797794076876780 309.3273811354357852 359.6772442476336304   0.1446726099418505
 331.0365549619231258 310.0813818628703664 361.0775313128693043  -0.2387273900581495
 331.8850419960537911 308.4788941013051735 360.1421168765782759   0.1699726099418505
 332.5823509394707325 311.6706415414981545 362.5571868757296199   0.1242726099418505
 342.0177535261395337 309.0136865972048632 361.9562539651426392   0.5972726104906286
 342.8908070000111314 307.6606426853172314 363.6305513197969139  -0.5679273917044839
 342.8719097386719361 308.9286489211784305 359.5846476670714766  -0.4157273900581494
 341.9988562648003383 310.0152414481831290 358.2675085517283589   0.2718726099418505
 345.1622578129844728 307.5718255570229382 358.8495442009761444  -0.0249273900581495
 345.0356461620117890 305.6443049004232957 359.5619709534644208   0.0842726099418505
 345.3701276877158364 307.4660008935233798 355.9696015728801548   0.2116726099418505
 343.6958303330616153 306.5683809799107960 355.1796960489010596   0.0351726099418505
 345.5137468738938391 309.3746242887838271 355.2118213931777131   0.0351726099418505
 347.5433127417252866 306.0921699941626226 355.2666234510614224  -0.6546273911557058
 347.2674127261727555 304.3158274282766499 355.6011049767654698   0.4274726099418505
 347.5376435633234958 308.7736913781968463 359.9909387858645521   0.5972726104906286
 349.0872189931389632 307.4055296572378796 361.0265087072534016  -0.5679273917044839
 347.8003154959385687 311.2813579579103978 360.0079463210698710  -0.4157273900581494
 346.5077428203364372 312.3585018542454985 359.0895394199841078   0.2718726099418505
 349.9168087659303795 312.6041662516552526 361.2154813206455162   0.0336726099418505
 351.6704746182092960 311.8161504538100875 360.4784881284162536   0.0822726099418505
 349.8563375296448793 315.4066301082604768 360.4765984022823233  -0.1825273900581494
 351.5457526933704887 316.3439342706853817 361.1946943331723905   0.0602726099418505
 349.8279916376360862 315.5937129955186611 358.4224660947099431   0.0602726099418505
 348.1990477101959232 316.3307061877479771 361.2683936523953490   0.0602726099418505
 350.0604279521083822 312.2167723942013723 364.0954239487415057   0.5972726104906286
 352.1107808074129554 312.4284217212005964 365.1593397621392019  -0.5679273917044839
 348.0195237274734066 311.4419846792936654 365.3785479936740395  -0.4157273900581494
 346.3244393853460599 311.4552127622311237 364.4922664368649836   0.2718726099418505
 348.2406216851422282 310.4631065419224557 367.9693625232800934  -0.0518273900581495
 349.1968231089063820 311.8766216900955878 369.1258749172398897   0.0921726099418505
 345.6479174294022440 309.9018578801478495 369.1353235479094875  -0.1102273900581495
 344.7087235408434088 308.4410995786267292 368.0298337595655400   0.0456726099418505
 343.8281111624360901 312.1411833488445373 369.4546872645422000   0.3530726099418505
 343.0911179702068276 312.7194395458244623 367.6235426407725181  -0.0361273900581495
 345.0469845188153169 314.4372006015588648 370.7189140481354849  -0.4121273900581494
 343.6372488229100454 315.9036280814817759 371.0269394079646695   0.0999726099418505
 346.5228606294078257 315.2119883164665717 369.5113790485598397   0.0999726099418505
 349.8468888989752815 308.0499262689050420 368.1432173276008195   0.5972726104906286
 350.0415306907691869 306.5740501583125331 366.1079822813676346  -0.4157273900581494
 349.1514696816922703 307.1976597825065698 364.5319506856773045   0.2718726099418505
 351.9463746337617734 304.6106247051683766 365.6827939012353637   0.0336726099418505
 351.2263889767377761 303.4673403941459848 364.1369979236878107   0.0822726099418505
 354.3576651806453107 305.8654028580920636 364.6925774070606260  -0.1825273900581494
 355.7182679970686098 304.4273212701779991 364.1199903884824918   0.0602726099418505
 353.8946822778345953 307.0313638827214575 363.0579643012187797   0.0602726099418505
 355.1872549534367269 307.0483714179267764 366.1608946131174675   0.0602726099418505
 343.0249775555195365 296.8627475560912008 361.1701278934314044   0.5972726104906286
 341.8892521490328659 298.0476058420598439 359.5260661569199066  -0.5679273917044839
 345.4891804341528528 297.1915599033935111 361.6350005223760500  -0.4157273900581494
 347.1067860047894878 298.9187695897975650 360.1836908515245272  -0.0014273900581495
 346.4661688453901861 300.8538491509329286 360.4973853897554490   0.0875726099418505
 349.8525580773770186 298.7052305366644645 361.1191052878155554  -0.0152273900581495
 350.0075156203586030 299.6444244252232994 362.9445807331835002   0.0294726099418505
 350.2909745404468016 296.7304667267167260 361.4309100999125470   0.0294726099418505
 351.8386602441282850 299.7615874455264393 359.3314243651260551  -0.0011273900581495
 351.8915725758780641 302.3580711535342306 358.8060804998959629  -0.1906273900581494
 350.5271903071869581 303.5769445099134036 359.6772442476336304   0.1698726099418505
 353.6849226769693552 303.3728540874499543 357.1298934191078116  -0.2341273900581494
 353.7189377473799391 305.3778535155403621 356.7330509309843337   0.1655726099418506
 355.4272501724447440 301.7646971474829707 355.9185789672642523   0.3225726099418506
 357.1393420497774093 302.7416855587202502 354.2764069568866848  -0.5579273917044839
 358.1560147098270098 301.4736793228590510 353.4846117067737129   0.3991726099418505
 355.3686686622931740 299.1436469997341936 356.4155769404855513  -0.2341273900581494
 356.6971461344398196 297.9058763820157713 355.4896111348641207   0.1655726099418506
 353.5979952748089924 298.1572099578272627 358.1446763530234819  -0.1906273900581494
 353.5979952748089924 296.1692180649421199 358.5623058286200853   0.1698726099418505
 346.9102544868616523 298.4104332597727378 357.3339838415712608   0.5972726104906286
 346.1978277343733222 300.1055176019000845 355.9053508843267941  -0.5679273917044839
 347.3845757464758956 296.0558344969068404 356.5402988653243587  -0.4157273900581494
 347.8853531719650015 294.7538131906351113 357.8517688022656855   0.2718726099418505
 347.1956031330837810 295.2375830809189522 353.9003514562363862  -0.0275273900581495
 348.3464463486417866 296.4866920554409023 352.7306109793391317   0.1122726099418506
 348.2406216851422282 292.5390541616794096 353.6376795236213133  -0.0050273900581495
 347.4374880782256746 291.3485266973090296 355.1192248126155593   0.0338726099418505
 347.5943353473411357 291.7756048035752308 351.8348807918604243   0.0338726099418505
 351.0695417076223152 292.2971692165374623 353.6773637724336341  -0.1415273900581494
 352.5454178182148241 292.2555952415912110 355.7598419720148611  -0.1638273900581494
 355.3422124964182576 291.9607979646994846 352.5227411046077681   0.1379726099418505
 357.1280036929738814 291.5620657504421301 348.3426668963739798  -0.1134273900581494
 354.6751391711440929 291.6414342480668257 347.3203250579225883  -0.1972273900581494
 354.4275850476004085 291.5318301322993532 345.2945386423590012   0.1446726099418505
 352.5510869966166149 291.9059959068157753 348.9020258320146556  -0.2387273900581495
 350.6821478501684886 291.9853644044404709 348.0894435944285044   0.1699726099418505
 352.8250972860351620 292.0741815327347640 351.5514218717722258   0.1242726099418505
 344.4800666786389197 295.3963200761683434 352.8931274268563297   0.5972726104906286
 344.1153495347921491 296.1975639569509666 350.7445088125878654  -0.5679273917044839
 342.5638843788427514 294.7235775724923879 354.3992391555915618  -0.4157273900581494
 342.9437193317609643 294.0300480813432533 356.1434563772008809   0.2718726099418505
 339.9182677913530417 294.8709762109381975 353.5998850009428688   0.0336726099418505
 339.7009492859520808 293.7673761487282341 351.8726753145388688   0.0822726099418505
 338.2345218060291694 293.6917871033713452 355.6426789517117748  -0.1825273900581494
 338.4348327762248656 294.7235775724923879 357.4133523391959565   0.0602726099418505
 339.0962369230972930 297.5902921176509192 352.9838342812845532   0.5972726104906286
 338.0814539891815690 298.0589441988633718 350.9391506043817708  -0.5679273917044839
 339.5913451701846618 299.4025394800814058 354.6732494450101628  -0.4157273900581494
 340.4322732997796060 298.9244387681993021 356.3343187167269256   0.2718726099418505
 338.9979711641333484 302.0708327811781714 354.2253843512708359  -0.0024273900581495
 337.0458840677927196 302.2314595025614929 353.5979952748089924   0.0977726099418505
 339.3059965239625331 303.5523780701724712 356.7009255867076802  -0.0343273900581495
 341.2486349896335641 303.3350595647715100 357.3528811029105098   0.0294726099418505
 339.0055300686690695 305.5441494153254745 356.2889652895128137   0.0294726099418505
 337.5258745058087000 302.8682972096929342 358.8552133793778814   0.0117726099418505
 335.0673408055771746 301.9347724995358361 358.4035688333706941  -0.1256273900581494
 334.3945983019012191 301.6286368658406354 356.5062837949137748   0.1329726099418505
 333.4308379736013442 301.4264361695110628 360.4350244273360722  -0.1704273900581494
 336.6622696626067000 302.8116054256753482 363.3905561007888967  -0.1704273900581494
 338.3101108513860583 303.2915958636913284 361.3609902329574490  -0.1256273900581494
 340.1866089023698519 303.9983534377778677 361.7370457336078013   0.1329726099418505
 340.5985691995646646 303.2046684615309656 352.0899938199398300   0.5972726104906286
 339.5951246224524687 304.5860582654273903 350.5045135935799021  -0.5679273917044839
 343.0174186509838691 302.4846828045069682 351.9104698372173131  -0.4157273900581494
 343.7374043080078664 301.3565163025559648 353.2843007365780167   0.2718726099418505
 344.7049440885755484 303.2424629842093562 349.8506683512431422  -0.0518273900581495
 344.8731297144945371 305.2984850179156665 349.8752347909840746   0.0921726099418505
 347.3241045101903953 302.0689430550442949 350.3760122164732343  -0.1102273900581495
 347.8211024834116944 302.5319259578549564 352.3054225992068069   0.0456726099418505
 347.1993825853515880 300.0167004736057914 350.2909745404468016   0.0456726099418505
 349.5237457300747622 302.9684526947908091 348.7054943140868201   0.3530726099418505
 349.1571388600940074 304.8789658161851866 348.0270826320091277  -0.0361273900581495
 351.9690513473688294 302.9646732425229484 350.2475108393665663  -0.4121273900581494
 353.5809877396036735 303.4200972407979427 349.0550936488622560   0.0999726099418505
 351.8481088747978825 304.3725192122942898 351.7479533897000615   0.0999726099418505
 352.2751869810640837 301.1108519051462107 351.0903286950954409   0.0999726099418505
 349.9168087659303795 301.1958895811726434 346.4642791192562558  -0.4121273900581494
 351.4474869344065977 301.8856396200539176 345.2775311071536826   0.0999726099418505
 350.3930197516784993 299.3042737211174613 347.1294627183965438   0.0999726099418505
 348.2047168885977142 301.1089621790122804 345.3512304263766409   0.0999726099418505
 343.6164618354369197 302.4563369124981215 347.2749716307084766   0.5972726104906286
 343.2706419529293445 304.0455965911259098 345.6157920851255904  -0.5679273917044839
 342.9248220704217153 300.0488258178824449 346.9612770924775548  -0.4157273900581494
 343.2271782518491092 298.8261730092354112 348.4106970371951473   0.2718726099418505
 341.8023247468725028 299.0623887759755677 344.6236858648169224  -0.0518273900581495
 343.0098597464482017 299.5745045582682016 343.0325364600552576   0.0921726099418505
 341.6398082993553048 296.1597694342725221 344.7862023123341743  -0.1102273900581495
 341.3374521179278573 295.5966310463639857 346.7458483132105240   0.0456726099418505
 339.9844082060402791 295.5361598100784854 343.7260659512043386   0.0456726099418505
 343.9301563736678415 294.7386953815637228 343.6807125239902268   0.3530726099418505
 343.8734645896502019 294.9163296381523093 341.6284699425517769  -0.0361273900581495
 346.5134119987381743 295.6703303655868905 344.5745529853350039  -0.4121273900581494
 347.9968470138663506 294.4306700217345918 343.8659056851145344   0.0999726099418505
 346.8516729767100824 297.5487181427046145 343.8224419840343530   0.0999726099418505
 346.5927804963628699 295.7119043405331955 346.6305750190413142   0.0999726099418505
 343.7241762250704082 291.9362315249584985 344.3496755753983753  -0.4121273900581494
 345.2491852151448895 290.8874335206322445 343.4482762095179308   0.0999726099418505
 343.8488981499092156 291.6981260320844653 346.3943592523011577   0.0999726099418505
 341.9232672194434497 291.1935691543274452 343.6844919762580873   0.0999726099418505
 339.2001718604629747 300.2189011699353640 344.0605474769083860   0.5972726104906286
 338.6729382690988986 300.8028265453170261 341.8722446138276009  -0.5679273917044839
 337.5995738250316585 300.6214128364605789 345.9748400505706240  -0.4157273900581494
 338.0909026198511668 300.0431566394807078 347.7360648073852617   0.2718726099418505
 335.1542682077375374 301.8648526325807919 345.6252407157951882   0.0336726099418505
 334.0790140375363670 300.8141649021205540 344.2136152937560400   0.0822726099418505
 333.6916201800824867 301.7873738610900267 348.1253483909730186  -0.1825273900581494
 331.8264604859022212 302.6207430861492498 347.8645661844918758   0.0602726099418505
 333.4743016746815794 299.8352867647493442 348.7489580151670553   0.0602726099418505
 334.7026236617303501 302.8512896744876692 349.5728786095566807   0.0602726099418505
 335.4547346630310011 304.5879479915613206 344.6388036738883110   0.5972726104906286
 334.1054702034112298 305.3457281712637086 342.8945864522789921  -0.5679273917044839
 337.2802101083989458 306.0146912226718571 345.6573660600718417  -0.4157273900581494
 338.2779855071093509 305.3079336485853180 347.1370216229322110   0.2718726099418505
 337.8698046621823988 308.5733804080012038 344.7616358725931880  -0.0249273900581495
 336.1199182621712890 309.6543037566041651 344.7956509430037718   0.0842726099418505
 339.7576410699697204 309.8961887017461124 346.5360887123452303   0.2116726099418505
 339.7028390120860109 311.9181956650418391 346.1468051287574734   0.0351726099418505
 339.1945026820611839 309.5995016987204556 348.4938449870876497   0.0351726099418505
 342.2823151848884832 309.0741578334903635 346.2280633525160993  -0.6546273911557058
 342.3900295745220256 307.2562412926580861 346.4567202147205347   0.4274726099418505
 338.7995499200716362 308.5620420511976759 342.0083048954699361   0.5972726104906286
 337.7186265714686751 309.8886297972103913 340.4341630259135363  -0.5679273917044839
 340.6099075563681925 306.9255392192218994 341.3280034872582597  -0.4157273900581494
 341.4905199347755114 305.9202049159757731 342.6999446604850867   0.2718726099418505
 341.4999685654451090 306.6571981082050893 338.7088430656434127  -0.0275273900581495
 342.2331823054065647 308.4732249229033827 338.0682259062441108   0.1122726099418506
 343.6882714285259479 304.7655822481499071 338.5746725101350076  -0.0050273900581495
 343.2800905835989420 303.1536458559150629 339.7935458665142344   0.0338726099418505
 343.7997652704272971 304.0437068649919795 336.6452621274014348   0.0338726099418505
 346.2564092445248922 305.7992624434048262 339.1869437775255165  -0.1415273900581494
 347.6585860358944964 305.1869911760143176 341.2297377282943688  -0.1638273900581494
 347.0368661378343900 303.9227643924210326 342.7037241127529473   0.2061726099418505
 350.0131847987603401 306.3019295950278626 341.0672212807771706  -0.3418273900581494
 351.4266999469334723 305.9655583431898849 342.3106610768973300   0.3411726099418505
 350.2380622086969687 307.7362317306741202 338.9053745835712483   0.1379726099418505
 352.2355027322517628 309.1421879743115312 337.8698046621823988  -0.2601273900581494
 354.0175144765394725 309.1951003060613104 338.8089985507412338   0.1571726099418505
 351.8670061361370778 310.4498784589849975 335.5813463140037386  -0.1134273900581494
 353.3768973171401706 311.5213531769183611 334.7725435286854481   0.1416726099418505
 349.5086279210033736 310.3591716045568276 334.3511346008210377  -0.1972273900581494
 349.2383970838526333 311.3720648123385676 332.6277043666848444   0.1446726099418505
 347.5092976713147030 308.9154208382409723 335.3602483563349707  -0.2387273900581495
 345.7386242838304675 308.8190448054109580 334.4002674803029562   0.1699726099418505
 347.8343305663491526 307.5170234991392287 337.6997293101294797   0.1242726099418505
 339.3891444738550891 305.8994179285026475 336.8682498112041331   0.5972726104906286
 339.2852095364894074 306.8877446965434549 334.7630948980158503  -0.5679273917044839
 337.6770525965224238 304.2024438602413707 337.6222505386387143  -0.4157273900581494
 337.8868121973876638 303.3823027181195521 339.3456807727749077   0.2718726099418505
 335.5511106958610154 303.4352150498693313 336.0386600384127169   0.0336726099418505
 336.2862141619564013 302.7908184382021689 334.2245229498483000   0.0822726099418505
 334.1829489749020489 301.2166765686457691 337.3047765481399320  -0.1825273900581494
 332.6201454621491233 300.5949566705857163 336.1142490837695519   0.0602726099418505
 335.4944189118433758 299.6500936036250904 337.5693382068888814   0.0602726099418505
 333.4478455088066630 301.7892635872239031 339.1434800764453351   0.0602726099418505
 333.7539811425019174 305.6537535310928932 335.5076469947808340   0.5972726104906286
 333.1454893273792691 306.1620898611177204 333.3193441316999950  -0.5679273917044839
 332.9640756185228220 307.0389227872571786 337.4635135433893233  -0.4157273900581494
 333.5631188029758726 306.5816090628482005 339.2304074786056979   0.2718726099418505
 331.3143447036095872 309.2310051026058244 337.1535984574262083   0.0336726099418505
 329.6532754318927707 308.6338516442867041 336.0934620962964262   0.0822726099418505
 330.4582987649432544 310.0851613151382268 339.7822075097107065  -0.1825273900581494
 329.5153254241165589 311.9144162127739784 339.6688239416754270   0.0602726099418505
 329.1487185541358042 308.6981023328400111 340.5645541291540808   0.0602726099418505
 332.0853529662494334 310.2079935138431039 341.0407651149022542   0.0602726099418505
 332.5804612133368024 311.3437189203297745 335.5964641230751272   0.5972726104906286
 331.4050515580378107 312.3603915803794286 333.8598058060014757  -0.5679273917044839
 335.0087592954256046 311.8558347026224085 336.0556675736179819  -0.4157273900581494
 335.8553566034223396 310.9827812287508107 337.5428820410140187   0.2718726099418505
 336.5772319865802673 313.5622574015533367 334.5382174880792218  -0.0024273900581495
 335.8364593420831443 315.4803294274833816 334.6761674958554873   0.0977726099418505
 339.2360766570074350 313.5206834266070317 335.7003990604408089  -0.0343273900581495
 339.1434800764453351 314.3370451164610435 337.5920149204959374   0.0294726099418505
 339.8483479243979439 311.5704860564003335 335.9196072919756467   0.0294726099418505
 341.2354069066961596 314.8888451475660521 334.1905078794377161   0.0117726099418505
 341.8287809127474192 317.4116295363509385 334.7706538025515178  -0.1256273900581494
 340.8744692151171957 318.3527131510437038 336.2729860790189431   0.1329726099418505
 343.7203967728026014 318.6758563199442233 333.4081612599942882  -0.1704273900581494
 344.2060563892203190 320.5580235493298077 333.9278359468226432   0.1429726099418505
 344.9676160211906213 317.4513137851632593 331.4012721057699501  -0.1072273900581494
 346.3830208954976299 318.4207432918648715 330.3468049230419053   0.1296726099418505
 344.3591242060679730 314.9323088486462335 330.8022289213168996  -0.1704273900581494
 345.2869797378232801 313.9931149600873447 329.2809993835102790   0.1429726099418505
 342.5260898561643608 313.6378464469101718 332.2251927001596293  -0.1256273900581494
 342.0990117498981596 311.7141052425783361 331.7943351416255676   0.1329726099418505
 336.6055778785890602 312.8403820183954090 331.7149666440008720   0.5972726104906286
 336.1425949757783450 314.4296416970231973 330.0690151813554439  -0.5679273917044839
 337.0175381757839267 310.4158633885744138 331.1178131856817517  -0.4157273900581494
 337.4257190207108787 309.1856516753917126 332.5351077861226906   0.2718726099418505
 337.0288765325874546 309.4785592261495089 328.5099911208704326  -0.0518273900581495
 338.4253841455552142 310.5670414792881376 327.4555239381423879   0.0921726099418505
 337.8244512349682871 306.6798748218121451 328.5099911208704326  -0.1102273900581495
 339.7066184643538179 306.5173583742948935 329.3358014413939883   0.0456726099418505
 336.5205402025626275 305.6291870913519071 329.7099672159104104   0.0456726099418505
 337.8301204133700242 305.4458836563615299 325.8700437117824602   0.3530726099418505
 335.9838579805289537 305.6594227094946306 324.9875416072412110  -0.0361273900581495
 339.8388992937283463 306.6005063241874495 324.1390545731105457  -0.4121273900581494
 339.8540171027996810 305.6159590084144489 322.3324763890818500   0.0999726099418505
 339.4174903658638822 308.5866084909386620 323.7932346906029704   0.0999726099418505
 341.6983898095068211 306.4436590550719886 325.0139977731161274   0.0999726099418505
 338.3479053740644489 302.6150739077475127 326.1043697523886863  -0.4121273900581494
 338.3082211252521279 301.7382409816080543 324.2429895104762274   0.0999726099418505
 340.1941678069055192 302.3070485479183278 326.9660848694567560   0.0999726099418505
 336.9003751554807866 301.7439101600097914 327.2835588599555385   0.0999726099418505
 334.4626284427223868 309.8621736313355285 327.2041903623308428   0.5972726104906286
 334.3832599450976912 310.6275127155736376 325.0064388685804063  -0.5679273917044839
 332.3688118863376320 309.3973010023908830 328.5383370128792257  -0.4157273900581494
 332.5672331303993441 308.7623530213933184 330.3411357446401145   0.2718726099418505
 329.8157918794100224 309.8376071915945424 327.5330027096331532  -0.0597273900581495
 329.6438268012231730 308.8266037099466791 325.7509909653453899   0.0868726099418505
 327.7881157377125050 308.8152653531431512 329.3754856902063630   0.1302726099418505
 328.1528328815593294 309.6089503293900534 331.2406453843866287   0.0186726099418505
 327.8882712228103262 305.9031973807705080 329.6362678966875056  -0.0430273900581495
 329.7175261204461315 305.3551768019333064 330.3845994457202960   0.0235726099418505
 326.4766458007711781 305.3230514576566528 331.0195474267178608   0.0235726099418505
 329.4189493912865446 312.6362915959319061 326.8829369195642537   0.5972726104906286
 328.4740863243259186 313.2013197099743729 324.8269148858578895  -0.5679273917044839
 330.2296419027387654 314.3880677220768924 328.5194397515400304  -0.4157273900581494
 331.0119885221821397 313.8041423466952303 330.1748398448550559   0.2718726099418505
 330.1030302517660277 317.1243911639948793 327.9940958863099382  -0.0875273900581495
 328.1452739770236083 317.6119405065465808 327.5878047675168626   0.0968726099418505
 330.9382892029592348 318.6966433074173490 330.3109001264973913   0.2984726099418505
 332.8299050630144170 318.1278357411070752 330.8853768712094557  -0.0297273900581495
 330.9628556427002209 321.5406811389688243 329.7420925601870639  -0.3192273900581494
 331.4145001887074083 322.5932585955629926 331.4560741636536596   0.0790726099418505
 332.4084961351499529 321.9809873281724838 328.3418054949514439   0.0790726099418505
 329.1241521143948179 322.1472832279575961 329.0391144383683852   0.0790726099418505
 329.1298212927966089 318.3130289022313291 332.5445564167922882  -0.3192273900581494
 329.8157918794100224 319.3561577281558997 334.1848387010359254   0.0790726099418505
 327.2476540634110243 318.9895508581751451 332.0551173481067102   0.0790726099418505
 329.0107685463595387 316.3269267354801167 333.0510030206831850   0.0790726099418505
 331.6355981463761764 317.8028028460726255 325.6281587666405127   0.5972726104906286
 330.6586097351388970 319.0897063432729663 323.9519716858523616  -0.5679273917044839
 333.9467332081618924 316.8125863518978879 325.3730457385611609  -0.4157273900581494
 334.6572702345162383 315.7902445134464966 326.8356937662162116   0.2718726099418505
 335.5416620651914177 317.2094288400213657 323.1393894482662104   0.0212726099418505
 335.8742538647615349 319.2333255294510227 322.9182914905974423   0.1123726099418505
 338.0965717982529576 315.9225253428209712 323.6401668737553699  -0.1231273900581494
 338.9488382846514297 316.7615637462819853 325.3239128590791887   0.1111726099418505
 337.8206717827004265 313.9080772840609120 323.9784278517272780   0.1111726099418505
 340.1979472591733798 316.3552726274889096 320.9624249419889530  -0.3119273900581495
 342.3522350518435811 315.8280390361248873 322.1831880245020564   0.1932726099418505
 334.2793250077320095 316.2834630343999351 320.6770762957668243   0.5972726104906286
 334.1753900703663278 317.6610733860284993 318.7949090663812935  -0.5679273917044839
 333.1681660409863249 314.0101224952926636 320.6846352003025454  -0.4157273900581494
 333.3098955010303975 312.9405375034932303 322.2757846050642102   0.2718726099418505
 335.6626045377623646 308.5450345159924109 318.7986885186491003  -0.4121273900581494
 336.4543997878753901 310.3535024261550369 318.2109836909995778   0.0999726099418505
 335.6682737161641017 308.4524379354302571 320.8528208262215342   0.0999726099418505
 332.1855084513472547 323.9009490802365127 319.5980426732977933  -0.1102273900581495
 331.6072522543673833 323.5570189238628139 321.5482400435045454   0.0456726099418505
 333.8635852582693362 322.7595544953480511 319.2371049817188294   0.0456726099418505
 332.8922660254337938 326.7128615675113346 319.3882830724325532   0.3530726099418505
 333.5215448280295676 327.1248218647061473 317.4702110465024548  -0.0361273900581495
 330.6775069964780923 328.4532993368527930 320.0704742067781063  -0.4121273900581494
 331.3408008694844500 330.4034967070595451 320.1611810612063297   0.0999726099418505
 329.9064987338382459 327.9374041022922984 321.9110674612174396   0.0999726099418505
 335.0427743658361883 327.2778896815537477 321.2326557791396933  -0.4121273900581494
 335.6569353593606274 329.2337562301622906 321.0172269998726625   0.0999726099418505
 334.4172750155082751 326.9944307614656028 323.1752942448107244   0.0999726099418505
 336.6471518535353115 326.0420087899692557 320.8622694568911319   0.0999726099418505
 343.5370933378122242 338.1286971425296111 314.7905793886021612   0.0881726099418505
 346.1845996514359179 340.1129095831468934 315.3537177765106440   0.0881726099418505
 347.6415785006891775 334.2018462362412442 315.3556075026445743  -0.5679273917044839
 343.2725316790632209 331.5354426612783552 315.4463143570727978   0.0921726099418505
 339.5100869464260360 327.9506321852297566 316.0359089108562507  -0.4121273900581494
 338.6105773066795218 326.2744451044416054 316.8163658041656947   0.0999726099418505
 340.9916322354202820 328.5307781083435583 317.3454891216636472   0.0999726099418505
 338.1192485118600135 329.4605233662327957 315.8771719156068595   0.0999726099418505
 346.1109003322129594 327.8674842353372006 316.2872424866677957  -0.5679273917044839
 352.4055780843046819 326.1024800262547560 316.5725911328898707  -0.5679273917044839
 353.6641356894962298 331.2519837411901566 317.1451781514680049  -0.0024273900581495
 355.4971700393998418 330.3203487571669889 317.2925767899138683   0.0977726099418505
 354.1176699616372935 334.0544475977953809 316.5215685272740219  -0.0343273900581495
 352.3073123253407373 334.9785236772828812 316.2022048106413093   0.0294726099418505
 355.5292953836764953 335.5624490526645433 318.5114501462930950   0.0117726099418505
 358.1541249836930794 335.9574018146540910 318.2903521886242732  -0.1256273900581494
 359.4353593024917368 337.4710724479249905 320.0648050283763691  -0.1704273900581494
 361.4403587305821446 337.8131128781647590 319.8682735104485336   0.1429726099418505
 358.0993229258093701 338.5671136055993402 322.0830325394042353  -0.1072273900581494
 359.0706421586449125 339.7236259995591365 323.4625326171667834   0.1296726099418505
 355.4915008609980510 338.1381457731992088 322.3324763890818500  -0.1704273900581494
 354.4710487486805901 338.9601766414549576 323.9009490802365127   0.1429726099418505
 354.2045973637977103 336.6622696626067000 320.5410160141244891  -0.1256273900581494
 352.1882595789037207 336.3939285515898900 320.7318783536505336   0.1329726099418505
 352.3129815037425281 330.8627001576023999 319.6830803493242797   0.5972726104906286
 353.4260301966221429 329.7742179044637174 321.4027311311926124  -0.5679273917044839
 349.8846834216537260 331.5524501964836202 319.8644940581806732  -0.4157273900581494
 349.0721011840675747 332.4066064090160226 318.3489336987758433   0.2718726099418505
 348.3577847054453144 331.2614323718597544 322.1775188461003193  -0.0597273900581495
 349.1760361214332566 332.4292831226230786 323.6685127657641630   0.0868726099418505
 345.6233509896612579 332.1836187252133243 321.6975284080843389   0.1302726099418505
 344.9354906769139677 331.2500940150562263 319.9929954352873410   0.0186726099418505
 343.8243317101682295 331.4693022465911178 323.8726031882276660  -0.3204273900581494
 341.9516131114522965 332.2648769489719503 323.5683572806663418   0.0881726099418505
 343.6164618354369197 329.4265082958222118 324.0162223744056686   0.0881726099418505
 344.5556557239957549 332.1798392729455175 325.6565046586493595   0.0881726099418505
 345.5704386579114787 335.0711202578450350 321.2421044098092911  -0.0430273900581495
 345.7499626406339955 336.0670059304215098 323.0316750586327217   0.0235726099418505
 347.1653675149410041 335.6342586457535715 320.0704742067781063   0.0235726099418505
 343.1648172894297324 335.9555120885201607 319.8928399501895197  -0.0660273900581495
 341.5094171961147067 335.6531559070927668 321.0776982361581628   0.0185726099418505
 343.3235542846791234 337.9661806950123594 319.4789899268607767   0.0185726099418505
 342.9286015226895759 334.9312805239348391 318.1240562888392147   0.0185726099418505
 348.4239251201325518 328.5175500254061001 323.1261613653288059   0.5972726104906286
 349.1306826942191446 328.0451184919257871 325.2880080625346745  -0.5679273917044839
 347.8475586492866108 326.6788464971007507 321.4858790810851150  -0.4157273900581494
 347.3411120453957140 327.1796239225898567 319.7038673367974053   0.2718726099418505
 347.8607867322240690 323.9822073039950848 322.1737393938324588  -0.0597273900581495
 346.5965599486307306 323.7233148236478723 323.7800066076655122   0.0868726099418505
 346.8592318812458035 322.3513736504210453 319.9589803648767571   0.1302726099418505
 347.8759045412954039 322.8937250508564562 318.2468884875440918   0.0186726099418505
 347.3108764272529371 319.5054460927356395 320.4144043631518051  -0.3204273900581494
 346.5625448782201467 318.3867282214542876 318.8610494810685309   0.0881726099418505
 349.3272142121469265 319.1029344262104245 320.5296776573209610   0.0881726099418505
 346.4094770613725463 318.9253001696218380 322.1756291199663890   0.0881726099418505
 344.0038556928907463 322.8483716236423444 319.5564686983515422  -0.0430273900581495
 342.9418296056270341 322.0868119916720958 321.1513975553810676   0.0235726099418505
 343.6599255365171012 324.8760477653398619 319.4978871881999722   0.0235726099418505
 342.9531679624305620 321.7258743000931319 317.0960452719860864  -0.0660273900581495
 342.9758446760376178 319.6698522663868214 317.1584062344054631   0.0185726099418505
 341.0010808660898796 322.3343661152157802 316.8503808745762785   0.0185726099418505
 344.0775550121137048 322.3740503640281011 315.4954472365547702   0.0185726099418505
 350.4931752367763742 323.1318305437305430 323.0581312245076382   0.5972726104906286
 350.6764786717666978 321.7466612875662576 324.9157320141521828  -0.5679273917044839
 352.5170719262060310 323.9878764823968756 321.8090222499856880  -0.4157273900581494
 352.2373924583856394 325.1651758638297975 320.3199180564557209   0.2718726099418505
 355.1286734432851569 323.3926127502116856 322.5082209195365062  -0.0252273900581495
 355.4404782553822022 321.3630468823802378 322.3494839242871687   0.0697726099418505
 356.3947899530124257 324.3601525307793675 321.2043098871308466   0.0697726099418505
 355.8014159469611660 324.2335408798066298 325.1935217558386443   0.5972726104906286
 356.7840735366001826 322.7312086033392582 326.6731773186989599  -0.5679273917044839
 355.1607987875618643 326.5711321074672085 325.8870512469877252  -0.4157273900581494
 354.3066425750294618 327.7125266923556700 324.6039272020551912   0.2718726099418505
 355.5179570268729675 327.5197746266956949 328.4703068720580580  -0.0275273900581495
 357.4738235754814567 327.2079698145987035 329.0391144383683852   0.1122726099418506
 355.0417460411247940 330.3789302673185589 328.5081013947365023  -0.0050273900581495
 353.3145363547207938 330.8154570042543578 327.4668622949459157   0.0338726099418505
 354.7507282165009281 330.9609659165662908 330.4639679433449916   0.0338726099418505
 357.1865852031253977 331.9114981619286539 327.4611931165441250  -0.1415273900581494
 357.8272023625247531 332.1193680366600173 324.9988799640447389  -0.1638273900581494
 356.8407653206178222 331.2557631934580173 323.4511942603632555   0.2061726099418505
 359.9739312506592871 333.5612290768419423 324.7380977575635963  -0.3418273900581494
 360.6863580031475634 334.0620065023310483 323.0392339631683892   0.3411726099418505
 360.8753306165397317 334.3511346008210377 327.0378944625457842   0.1379726099418505
 362.9785958035940840 335.7967750932707696 327.7427623104983932  -0.2601273900581494
 364.2560506701248271 336.4865251321520436 326.3462546975305799   0.1571726099418505
 363.3886663746549664 336.2994422448938058 330.3146795787651981  -0.1134273900581494
 365.0006027668898107 337.3709169628271694 330.8891563234772625   0.1416726099418505
 361.6709053189205640 335.4093812358169431 332.1382652979992126  -0.1972273900581494
 361.9770409526158185 335.8383490682170208 334.0714551330006459   0.1446726099418505
 359.5695298580001419 333.9391743036261713 331.4485152591179921  -0.2387273900581495
 358.2958544437372057 333.2607626215484787 332.8525817766214728   0.1699726099418505
 359.1141058597250939 333.3458002975749115 328.8199062068334939   0.1242726099418505
 353.8606672074240116 326.1005903001208257 330.3770405411846287   0.5972726104906286
 354.7601768471705256 325.3446998465523142 332.3839296954089668  -0.5679273917044839
 351.4852814570849885 325.5714669826228731 329.7231952988478686  -0.4157273900581494
 350.8163184056768937 326.2272019510935634 328.0470082180597174   0.2718726099418505
 349.7335053309400022 324.2732251286190044 331.4239488193770060  -0.0275273900581495
 349.8279916376360862 325.1973012081064510 333.2645420738162855   0.1122726099418506
 347.0122996980934037 324.6001477497873307 330.4601884910771848  -0.0050273900581495
 346.9480490095400966 324.1447237515123364 328.4514096107188627   0.0338726099418505
 345.8312208643926213 323.2244271242926968 331.4126104625734781   0.0338726099418505
 345.7858674371785095 327.1456088521792729 330.8570309792006089  -0.1415273900581494
 346.8044298233620403 329.4246185696883353 330.2957823174260028  -0.1638273900581494
 348.6620306130066386 329.7194158465800081 329.4983178889112400   0.2061726099418505
 345.0696612324223726 331.3219036081452546 330.7228604236922040  -0.3418273900581494
 345.3550098786444479 333.1360406967096714 330.1521631312480001   0.3411726099418505
 342.8473432989309500 330.3845994457202960 331.6866207519920253   0.1379726099418505
 340.5721130336898019 331.5411118396800923 332.4160550396856740  -0.2601273900581494
 340.3453458976192429 333.5347729109670259 332.2403105092309642   0.1571726099418505
 338.5973492237420636 330.0387795632127207 333.3665872850480371  -0.1134273900581494
 336.8606909066684120 330.9004946802807905 333.9240564945548364   0.1416726099418505
 338.8997054051694575 327.4045013325264853 333.5801263381811376  -0.1972273900581494
 337.4011525809698926 326.2801142828433426 334.3322373394817887   0.1446726099418505
 341.1635973136071314 326.2290916772274937 332.8110078016752217  -0.2387273900581495
 341.3639082838027737 324.2316511536726995 332.9735242491924197   0.1699726099418505
 343.2479652393222885 327.7181958707574071 331.8132324029647630   0.1242726099418505
 350.4534909879639996 321.4877688072190451 331.9114981619286539   0.5972726104906286
 349.8431094467074211 320.5088906698478353 333.9297256729565735  -0.5679273917044839
 351.8443294225300221 320.2065344884204417 330.2164138198013072  -0.4157273900581494
 352.1844801266358602 321.0266756305422603 328.5137705731382933   0.2718726099418505
 353.0291877084986649 317.7328829791175277 330.8041186474508298  -0.0875273900581495
 351.8122040782533685 316.7596740201481087 332.1496036548027405   0.0968726099418505
 353.2502856661674329 315.9584301393654854 328.5005424902008350   0.2984726099418505
 354.0401911901465283 314.1783081212116523 329.1751747200107207  -0.0297273900581495
 350.6481327797579048 315.3480485981089069 327.3931629757229573  -0.3192273900581494
 350.8427745715517563 313.9836663294177471 325.8624848072467391   0.0790726099418505
 349.4765025767267201 314.5241280037192278 328.8671493601815360   0.0790726099418505
 349.7524025922791976 317.0544712970397815 326.6675081402972228   0.0790726099418505
 354.9869439832410845 316.9014034801921810 326.3878286724768849  -0.3192273900581494
 355.1286734432851569 315.4689910706798538 324.9157320141521828   0.0790726099418505
 354.2216048990029754 318.6172748097926533 325.5639080780872057   0.0790726099418505
 356.8766701171623364 317.2755692547086031 327.1134835079026194   0.0790726099418505
 355.5973255244976631 317.9634295674558932 332.1288166673296150   0.5972726104906286
 356.2455015884326322 316.3004705696052002 333.6254797653952494  -0.5679273917044839
 357.0297379340099367 320.0062235182247992 331.6885104781259556  -0.4157273900581494
 356.4288050234230096 321.2855681108894725 330.3959378025238240   0.2718726099418505
 359.4259106718220854 320.5258982050531542 332.9980906889334058  -0.0518273900581495
 360.6787990986118959 318.9196309912200472 332.6957345075060120   0.0921726099418505
 360.6825785508797566 322.8691586111154701 331.8018940461612349  -0.1102273900581495
 361.0246189811194714 322.4156243389744061 329.8214610578117595   0.0456726099418505
 359.3843366968758342 324.4603080158771885 331.8472474733753466   0.0456726099418505
 363.1978040351289219 323.6949689316390794 333.0283263070761290   0.3530726099418505
 364.1899102554375897 322.0433482905919144 333.7596503209036544  -0.0361273900581495
 364.8834397465866708 324.9497470845627667 331.0403344141909862  -0.4121273900581494
 366.6635617647405037 325.5280032815426917 331.9020495312590561   0.0999726099418505
 365.2897308653797464 323.6174901601483141 329.5247740547861564   0.0999726099418505
 363.9404664057599750 326.6108163562795832 330.2655466992832796   0.0999726099418505
 362.8349766174160277 325.6300484927744431 335.1561579338714677  -0.4121273900581494
 364.6680109673196398 326.2215327726917726 335.8837024954311325   0.0999726099418505
 361.8390909448395529 327.2930074906251362 334.4531798120527890   0.0999726099418505
 361.7729505301523155 324.8212457074561524 336.7189614466243396   0.0999726099418505
 359.0479654450378565 320.7772317808646456 335.8648052340919372   0.5972726104906286
 360.5351799124338933 319.7341029549401287 337.3104457265417228  -0.5679273917044839
 356.9938331374654763 321.9942154111099420 336.6925052807494232  -0.4157273900581494
 355.9053508843267941 322.9012839553921773 335.4018223312812220   0.2718726099418505
 356.2417221361647718 322.0830325394042353 339.3683574863819635  -0.0014273900581495
 357.6476783798021826 323.1148230085252778 340.4681780963241202   0.0875726099418505
 353.6943713076389530 323.4719812478363812 339.6650444894075666  -0.0152273900581495
 352.4074678104385585 322.8370332668388165 338.1853889265472509   0.0294726099418505
 352.8723404393832041 322.8540408020441352 341.4527254120970671   0.0294726099418505
 353.6924815815050226 326.3594827804680382 339.6744931200771643  -0.0011273900581495
 355.1626885136957407 327.7465417627662537 337.9189375416643174  -0.1906273900581494
 356.3815618700749675 326.7865608867342394 336.6358134967317836   0.1698726099418505
 354.9907234355089450 330.3940480763898937 337.7356341066739937  -0.2341273900581494
 356.0470803443709201 331.4163899148412849 336.3599134811793061   0.1655726099418506
 353.1860349776141258 331.7886659632237767 339.4590643408101333   0.3225726099418506
 352.9158041404633857 334.3322373394817887 339.3059965239625331  -0.5579273917044839
 351.6534670830039773 334.9463983330062277 340.4549500133866619   0.3991726099418505
 351.7290561283608659 330.2372008072744328 341.3771363667402319  -0.2341273900581494
 350.4232553698212762 331.1140337334138911 342.6394734241996403   0.1655726099418506
 352.0540890233953158 327.5972533981864602 341.3922541758116204  -0.1906273900581494
 350.9599375918548964 326.4993225143782341 342.6886063036815588   0.1698726099418505
 356.0130652739603364 319.4166289644413463 340.4851856315293852   0.5972726104906286
 357.1582393111166046 318.8194755061222260 342.4164857403969420  -0.5679273917044839
 354.5901014951176065 317.7612288711263206 339.2152896695343096  -0.4157273900581494
 353.7472836393887322 318.3357056158383851 337.6033532772994653   0.2718726099418505
 354.2291638035386427 315.1628554369845993 340.0656664297989051  -0.0252273900581495
 353.3466616989974474 315.1685246153863900 341.9289363978452405   0.0697726099418505
 352.9781651028828161 314.2085437393543758 338.7466375883218571   0.0697726099418505
 356.7141536696450848 313.7002074093295486 340.2225136989143659   0.5972726104906286
 357.1733571201879932 312.4454292564058613 342.1216884635052156  -0.5679273917044839
 358.3676640368261802 313.8854005704538562 338.3138903036538651  -0.4157273900581494
 357.9235783953547137 314.9908903587978035 336.8077785749186328   0.2718726099418505
 360.7846237621115080 312.5077902188252920 338.3308978388591837  -0.0597273900581495
 360.3367586683721274 310.5991668235647911 338.9488382846514297   0.0868726099418505
 361.9127902640624576 312.2715744520851355 335.6380380980213785   0.1302726099418505
 360.3613251081131137 312.2677949998172748 334.2793250077320095   0.0186726099418505
 363.6891328299484301 314.4542081367641298 334.9180524409973809  -0.3204273900581494
 364.2031383383750479 314.3068094983183203 332.9281708219783080   0.0881726099418505
 362.7461594891217344 316.2494479639893514 335.2071805394873166   0.0881726099418505
 365.4087836118168166 314.4012958050143506 336.0537778474840516   0.0881726099418505
 363.3829971962532293 309.7714667769073051 335.3054462984512612  -0.0430273900581495
 364.4695897232579278 309.8602839052015982 333.5555598984401515   0.0235726099418505
 364.7095849422659447 309.5239126533636207 336.8625806328023423   0.0235726099418505
 361.6690155927866338 307.4376550015145333 335.1202531373269537  -0.0660273900581495
 360.3159716808990020 307.6795399466564806 333.5839057904489983   0.0185726099418505
 362.8236382606124998 305.7765857297977705 334.7347490060070036   0.0185726099418505
 360.6523429327369795 307.1296296416854023 336.8833676202754679   0.0185726099418505
 362.6441142778899830 313.5244628788748924 340.3245589101461175   0.5972726104906286
 364.0028273681794056 312.0164614240057300 341.4659534950345253  -0.5679273917044839
 362.5987608506758712 315.9962246620438761 340.8763589412510722  -0.4157273900581494
 361.4762635271266588 317.1508473298697957 339.8294506630587486   0.2718726099418505
 363.9895992852419474 317.1376192469323375 342.9890727589750760  -0.0518273900581495
 365.9738117258592295 316.6406212737110384 342.7906515149133104   0.0921726099418505
 363.7836191366445141 320.0402385886353830 342.8227768591899639  -0.1102273900581495
 364.6321061707751794 320.6581790344276290 341.0483240194379216   0.0456726099418505
 361.7918477914915108 320.5636927277315449 342.7774234319758522   0.0456726099418505
 365.0346178373003946 321.4934379856208359 345.0224180790743308   0.3530726099418505
 364.1086520316789640 320.9907708339977461 346.7912017404246358  -0.0361273900581495
 367.8635378597804814 320.9378585022479669 345.2680824764840848  -0.4121273900581494
 368.6628920144291745 322.1075989791452214 346.7647455745497193   0.0999726099418505
 368.1564454105382777 318.9649844184341590 345.7745290803749816   0.0999726099418505
 368.8235187358124959 321.3498187994427796 343.4936296367320427   0.0999726099418505
 364.7284822036051400 324.3336963649044510 344.6066783296116574  -0.4121273900581494
 365.4673651219683329 325.3617073817576330 346.2318428047839061   0.0999726099418505
 365.7224781500477384 324.9270703709557107 342.9040350829485896   0.0999726099418505
 362.7291519539164693 324.7910100893134291 344.4120365378177522   0.0999726099418505
 363.0636334796205167 316.1058287778113487 345.5458722181704926   0.5972726104906286
 364.5962013742306652 315.3612766810463651 347.1294627183965438  -0.5679273917044839
 360.5710847089784075 315.9074075337495829 345.9086996358833866  -0.4157273900581494
 359.3900058752776250 316.6198342862379128 344.5745529853350039   0.2718726099418505
 359.4844921819736553 314.7301081523166609 348.1688120920532000  -0.0024273900581495
 360.2309340048725693 315.7070965635539404 349.8223224592342954   0.0977726099418505
 356.5856522925384704 315.0475821428154433 348.1707018181871303  -0.0343273900581495
 356.1453461033348110 317.0469123925041140 348.3445566225079099   0.0294726099418505
 355.8581077309788057 314.4277519708892670 346.3471160989531158   0.0294726099418505
 355.1267837171512804 313.6813101479903533 350.2456211132326898   0.0117726099418505
 353.0386363391682627 312.1468525272463281 349.6182320367707925  -0.1256273900581494
 352.4906157603311146 311.9389826525149647 347.6926011063050803   0.1329726099418505
 351.6440184523343796 310.9015230049921850 351.5136273490938351  -0.1704273900581494
 350.0698765827779798 309.7374517064967212 351.0279677326760639   0.1429726099418505
 352.3148712298764584 311.2095483648213696 354.0647576298875144  -0.1072273900581494
 351.2585143210144296 310.2703544762624808 355.5066186700694396   0.1296726099418505
 354.3652240851809781 312.7704621514403112 354.7129336938224837  -0.1704273900581494
 354.8546631538666098 313.0236854533857863 356.6536824333596381   0.1429726099418505
 355.7674008765505821 314.0063430430248029 352.8137589292316341  -0.1256273900581494
 357.3075276756963981 315.1949807812613064 353.3372130683278496   0.1329726099418505
 360.2687285275509599 311.9389826525149647 348.4277045724004125   0.5972726104906286
 361.0454059685925969 311.1641949376072579 350.4837266061067228  -0.5679273917044839
 360.2536107184796250 310.4668859941903163 346.3508955512209763  -0.4157273900581494
 359.5846476670714766 311.2189969954909672 344.7200618976469369   0.2718726099418505
 361.1172155616816253 307.8156002282988158 346.3792414432297694  -0.0237273900581495
 359.9474750847843707 306.7630227717046475 347.7114983676442756   0.0879726099418505
 360.9433607573608455 306.4909022084199770 343.7808680090880481   0.0341726099418505
 362.2472717897665588 307.4074193833718099 342.4788467028163187   0.0240726099418505
 361.6142135349029243 304.5577123734185435 344.0378707633013300   0.0240726099418505
 358.3884510242993595 306.3151576779653208 342.4221549187986791   0.0017726099418505
 357.8366509931943509 308.1670892892081282 341.7607507719262517   0.0439726099418505
 358.7040352886642116 305.1737630930769130 340.7346294812069999   0.0439726099418505
 355.7428344368095960 304.9073117081939795 344.0737755598458442  -0.2737273900581494
 354.5730939599123415 307.6077303535674524 345.8142133291873563  -0.0536273900581495
 352.7362801577408688 307.1636447120959860 346.6286852929073841   0.0683726099418505
 355.8675563616484034 308.0782721609138350 347.3411120453957140   0.0683726099418505
 354.3746727158505757 309.2215564719362268 344.5499865455940178   0.0683726099418505
 363.8648773604031400 307.6190687103709803 347.2881997136458812   0.5972726104906286
 364.4015595824367601 306.2603556200816113 349.1004470760763677  -0.5679273917044839
 365.6109843081463892 308.9588845393211539 346.0277523823204568  -0.4157273900581494
 365.0383972895682013 310.1021688503434918 344.5953399728081295   0.2718726099418505
 368.3340796671268642 308.7718016520629696 346.5795524134254117  -0.0875273900581495
 368.8027317483393702 306.7668022239725082 346.6305750190413142   0.0968726099418505
 369.9346777025581804 309.9698880209690172 344.4517207866301269   0.2984726099418505
 369.1768975228557923 309.3198222309001177 342.6489220548692378  -0.0297273900581495
 369.9006626321475966 312.8611690058685347 344.4460516082283359  -0.3192273900581494
 370.9192250183311810 313.5698163060890041 342.8019898717168383   0.0790726099418505
 367.9580241664765655 313.4961169868660993 344.3364474924609171   0.0790726099418505
 370.7699366537513876 313.6113902810352554 346.1562537594270711   0.0790726099418505
 368.9803660049279568 309.8073715734518192 349.2024922873081191   0.5972726104906286
 370.7434804878764711 308.8757365894285977 350.3854608471428319  -0.5679273917044839
 367.4931515375319200 311.5988319484091263 350.1851498769471896  -0.4157273900581494
 366.1212103643050929 312.3641710326472356 349.0872189931389632   0.2718726099418505
 367.7180289474685486 312.4756648745485847 352.7891924894906480   0.0212726099418505
 369.6682263176753006 313.0123470965822585 353.1161151106590280   0.1123726099418505
 366.1023131029658975 314.8548300771554683 353.1633582640070700  -0.1231273900581494
 366.8752110917396740 316.4025157808369516 352.0370814881899969   0.1111726099418505
 364.1596746372948665 314.5071204685139626 352.5643150795540194   0.1111726099418505
 366.1514459824478160 315.6863095760808147 356.4949454381102469  -0.3119273900581495
 365.1895753802819251 318.0390186128127820 356.2927447417806743   0.1932726099418505
 367.0660734312657188 310.4120839363066068 354.7280515028938721   0.5972726104906286
 368.6477742053578397 309.7563489678359165 356.3097522769859393  -0.5679273917044839
 364.7209232990694726 309.4710003216137879 354.6845878018136907  -0.4157273900581494
 363.5228369301633715 310.0511462447276430 353.3031979979172659   0.2718726099418505
 363.6985814606180814 307.9081968088609159 356.7349406571182641  -0.0024273900581495
 364.3221910848120645 308.6792050715008158 358.5434085672808900   0.0977726099418505
 360.7978518450489125 307.9875653064856116 356.6763591469666939  -0.0343273900581495
 360.1232196152390269 308.1538612062707239 354.7337206812956631   0.0294726099418505
 360.0684175573553174 306.2055535621979018 357.4133523391959565   0.0294726099418505
 359.7093695919102839 310.1135072071470199 358.2486112903891636   0.0117726099418505
 360.2800668843544878 312.6457402266015038 357.6722448195431689  -0.1256273900581494
 361.3950053033680328 313.0954950464747608 356.0281830830316711   0.1329726099418505
 359.3503216264652504 314.6053862274778536 359.1972538096176500  -0.1704273900581494
 359.7603921975261864 316.5555835976846057 358.7323811806730044   0.1429726099418505
 357.8026359227837670 314.0309094827657892 361.2683936523953490  -0.1072273900581494
 357.0183995772064088 315.5408006637688819 362.3719937146053123   0.1296726099418505
 357.2451667132769677 311.5081250939809028 361.8674368368483458  -0.1704273900581494
 356.1018824022546296 311.0791572615808251 363.4982704904223854   0.1429726099418505
 358.1938092325054541 309.5465893669706765 360.3556559297113766  -0.1256273900581494
 357.7724003046409900 307.6058406274335221 360.8205285586559685   0.1329726099418505
 364.6245472662394583 305.1775425453447198 356.6669105162970964   0.5972726104906286
 364.9835952316844918 304.0455965911259098 358.6643510398518367  -0.5679273917044839
 365.0062719452915478 304.0966191967417586 354.4162466907968806  -0.4157273900581494
 364.6869082286588889 305.1265199397288710 352.8269870121690923   0.2718726099418505
 365.7848391124671151 301.4547820615198557 354.1630233888514053  -0.0031273900581495
 364.5111636982041789 300.2793724062208643 355.2817412601328110   0.0849726099418505
 365.5826384161375425 300.6497587284694256 351.3832362458532370  -0.0036273900581495
 363.6059848800559276 300.7404655828976491 350.7993108704715749   0.0170726099418505
 366.6730103954101014 301.9536697608750851 350.2153854950899128   0.0170726099418505
 364.5187226027399000 297.4580112882763908 346.9329312004687081  -0.6086273911557057
 375.4488985613404053 329.6230398137500473 353.9627124186557630   0.5972726104906286
 374.5947423488080031 330.6699480919424248 352.0729862847345111  -0.5679273917044839
 374.0901854710510366 327.9581910897654241 355.2836309862667413  -0.5163273900581494
 371.7204688991137506 326.8886060979659908 354.3387679193061154   0.0396726099418505
 372.0209353544072678 326.2442094862988284 352.4036883581707517   0.1104726099418506
 370.9891448852862252 324.5888093929838029 355.9507043115409058   0.0559726099418505
 370.4203373189759516 325.2577724443919513 357.8158640057212252  -0.0173273900581495
 368.8424159971516912 323.0524620461058474 354.7431693119652606   0.0135726099418505
 367.6764549725222973 324.2883429376903391 353.5828774657376039  -0.0425273900581495
 369.6625571392735098 321.6313879933970478 353.4921706113093803  -0.0425273900581495
 367.1454419288904144 321.7674482750393833 356.7009255867076802   0.8053726088442941
 364.8513144023100173 321.5236736037635593 356.1680228169418670  -0.8188273878630369
 368.0506207470387194 321.0266756305422603 358.7550578942800604  -0.8188273878630369
 369.6001961768541330 328.8577007295119382 354.2386124342082941   0.5365726099418505
 368.5684057077331441 329.3584781550010443 352.2147157447785835  -0.5819273917044839
 368.9822557310618871 330.0331103848109299 356.3891207746106349  -0.4157273900581494
 369.9195598934867919 329.5984733740090612 357.9972777145776185   0.2718726099418505
 367.0339480869890652 331.9984255640890704 356.4495920108961352  -0.0031273900581495
 365.3520918277991768 331.2444248366544892 355.5481926450156907   0.0849726099418505
 366.2327042062064420 332.6447119018901094 359.1537901085374686  -0.0036273900581495
 364.7662767262835845 334.0941318466077019 359.0819805154484404   0.0170726099418505
 365.3577610062009139 330.9534070120306234 359.9247983711773148   0.0170726099418505
 368.3132926796537386 333.5007578405564420 360.9868244584410808  -0.0645273900581495
 367.4383494796482105 333.6594948358058332 362.8349766174160277   0.0351726099418505
 369.7986174209158452 332.0759043355798359 361.1020977526102367   0.0351726099418505
 369.4546872645422000 336.0764545610911076 360.3802223694523627   0.6950726082955160
 368.1961296593506524 337.7734286293523844 359.4674846467683903  -0.6086273911557057
 371.8886545250327394 336.4317230742683343 360.7184833474242169  -0.9407273895093712
 373.0206004792516033 335.0465538181040489 361.3704388636271004   0.4250726099418505
 372.5708456593783461 338.1475944038688064 360.2649490752831531   0.4250726099418505
 367.7577131962809232 334.2887736384016071 354.8508837015987493   0.5972726104906286
 366.1136514597694254 335.2563134189692890 353.5375240385234921  -0.5679273917044839
 370.1879010045036556 334.9709647727471601 354.7167131460903442  -0.4157273900581494
 371.4540175142308708 334.1130291079469509 355.8543282787109452   0.2718726099418505
 371.1025284533215047 336.9457285826948983 353.0216288039629975  -0.0024273900581495
 370.2634900498604907 338.7447478621879267 353.5866569180054643   0.0977726099418505
 373.9843608075514245 337.1762751710332641 353.2729623797744889  -0.0343273900581495
 374.4208875444872233 338.3082211252521279 354.9415905560269728   0.0294726099418505
 374.8026122235393128 335.3130052029869286 353.5809877396036735   0.0294726099418505
 375.2410286866090419 338.3516848263323094 350.9807245793280219   0.0117726099418505
 374.9178855177085224 340.9387199036705028 350.4761677015710554  -0.1256273900581494
 373.7953881941593099 342.0857836669607014 351.7366150328965334   0.1329726099418505
 375.9969191401775535 342.0215329784073943 348.3048723736955352  -0.1704273900581494
 375.7342472075625342 344.0133043235603976 347.9288168730452367   0.1429726099418505
 377.3745294918061714 340.5078623451364411 346.6116777577021189  -0.1072273900581494
 378.1890014555261992 341.3393418440617876 344.9336009507800374   0.1296726099418505
 377.6693267686978978 337.9094889109947198 347.0897784695841690  -0.1704273900581494
 376.6035212291662713 336.8304552885256888 349.2724121542632172  -0.1256273900581494
 376.8113911038976349 334.8311250388370181 349.6295703935743203   0.1329726099418505
 370.2786078589318793 336.4411717049379318 350.2834156359110805   0.5972726104906286
 369.0597345025526524 338.0663361801101807 349.1382415987548121  -0.5679273917044839
 370.7623777492157201 334.1583825351610626 349.2894196894685358  -0.4157273900581494
 371.7072408161763461 332.8695893118267380 350.3514457767322480   0.2718726099418505
 369.8704270140048734 333.4478455088066630 346.7704147529514564  -0.0518273900581495
 370.5563976006182869 334.8424633956405460 345.4211502933316852   0.0921726099418505
 370.8530846036439436 330.8249056349239554 345.9861784073741520  -0.1102273900581495
 370.4089989621724237 329.4680822707685168 347.4715031486362584   0.0456726099418505
 369.8212941345229010 330.2523186163458214 344.2948735175146660   0.0456726099418505
 373.6971224351954190 330.6642789135406341 345.3852454967872247   0.3530726099418505
 374.7950533190036454 330.9949809869768745 347.0916681957180993  -0.0361273900581495
 374.2659300015056928 328.0111034215152032 344.3912495503446266  -0.4121273900581494
 376.2690397034622239 327.8429177955962145 343.9528330872748975   0.0999726099418505
 373.7708217544183238 326.6145958085473900 345.8236619598569538   0.0999726099418505
 373.1774477483670642 327.6388273731327115 342.6810473991458914   0.0999726099418505
 374.5437197431921004 332.5445564167922882 343.3519001766879165  -0.4121273900581494
 376.5147041008719782 332.1987365342847129 342.8643508341362687   0.0999726099418505
 373.3777587185627065 332.3404659943287852 341.6662644652301676   0.0999726099418505
 374.3982108308801676 334.4682976211241239 344.0662166553101767   0.0999726099418505
 366.9961535643106209 333.5480009939044841 346.5814421395593420   0.5972726104906286
 366.0475110450821880 334.6478216038466408 344.7710845032627857  -0.5679273917044839
 365.6185432126820567 332.5181002509174254 348.4277045724004125  -0.4157273900581494
 366.5142734001607102 331.6355981463761764 349.8771245171180049   0.2718726099418505
 362.8595430571570138 332.6522708064258305 348.4144764894629543  -0.0275273900581495
 362.1716827444096700 331.6488262293136346 346.7477380393444543   0.1122726099418506
 361.7332662813399409 331.3710364876272269 350.7709649784627818  -0.0050273900581495
 362.6082094813454688 332.1590522854723382 352.4566006899205309   0.0338726099418505
 359.7585024713922563 331.9171673403304446 350.8427745715517563   0.0338726099418505
 361.7653916256165944 328.5288883822096279 350.9561581395870358  -0.1415273900581494
 363.0126108740046679 327.1342704953757450 352.7022650873302850  -0.1638273900581494
 364.2484917655891596 327.8674842353372006 354.1422364013782798   0.2061726099418505
 362.4664800213013964 324.6001477497873307 352.4188061672420864  -0.3418273900581494
 363.2544958191465615 323.2282065765605036 353.5413034907913525   0.3411726099418505
 360.7921826666471754 324.2127538923335041 350.4704985231693183   0.1379726099418505
 359.6186627374820604 322.0490174689936515 349.4916203857981087  -0.2601273900581494
 360.0022771426680802 320.2405495588310253 350.2947539927146084   0.1571726099418505
 357.9575934657652976 322.2890126880016684 347.4318188998239375  -0.1134273900581494
 357.0524146476169926 320.6619584866954895 346.6683695417197587   0.1416726099418505
 357.4776030277493172 324.6681778906084983 346.3508955512209763  -0.1972273900581494
 356.2133762441559787 324.8174662551882919 344.7862023123341743   0.1446726099418505
 358.6265565171733924 326.8451423968858093 347.3524504021992419  -0.2387273900581495
 358.2523907426570240 328.6384924979770468 346.5512065214166188   0.1699726099418505
 360.3443175729078485 326.6826259493685577 349.4746128505927898   0.1242726099418505
 361.9165697163303182 335.4074915096830127 348.1763709965889211   0.5972726104906286
 360.4350244273360722 335.9517326362523002 346.4661688453901861  -0.5679273917044839
 362.8595430571570138 337.1857238017029155 349.7108286173329463  -0.4157273900581494
 364.1124314839468244 336.6603799364727697 351.0638725292205781   0.2718726099418505
 362.1074320558563629 339.8729143641389300 349.5350840868782901  -0.0389273900581495
 360.0627483789535803 339.9711801231028209 349.7316156048060719   0.1006726099418505
 363.3565410303783129 341.5434322665252906 351.6005547512541982   0.3653726099418505
 362.3455375487304495 343.3386720937505120 351.5967752989863375   0.0042726099418505
 363.3622102087800500 340.5532157723505529 354.3160912056990594  -0.2438273900581494
 363.7741705059749165 342.1027912021659664 355.6048844290333305   0.0641726099418505
 361.5631909292870218 339.6820520246128852 354.7923021914471793   0.0641726099418505
 364.8834397465866708 339.2360766570074350 354.6203371132603836   0.0641726099418505
 365.9133404895737831 342.0763350362911038 351.0714314337562456  -0.6761273884118151
 366.8487549258647576 340.5097520712703713 350.9410403305157011   0.4101726099418505
 362.7386005845860671 341.0445445671701148 346.9631668186114315   0.5972726104906286
 361.1984737854402510 342.4051473835934141 345.8709051132049422  -0.5679273917044839
 364.9609185180774361 340.4360527520474666 345.9219277188208448  -0.4157273900581494
 366.1627843392513441 339.3419013205070471 346.9348209266026384   0.2718726099418505
 365.8018466476724340 341.3809158190080926 343.4728426492589171  -0.0252273900581495
 365.7772802079314477 343.4407173049822635 343.4822912799285146   0.0697726099418505
 367.7331467565399369 340.7459678380105277 343.1496994803583439   0.0697726099418505
 364.1577849111609362 340.4303835736456757 341.2996575952494666   0.5972726104906286
 363.5152780256277041 341.9043699581042544 339.6159116099256480  -0.5679273917044839
 363.4264608973334109 338.0058649438247341 341.3450110224635784  -0.4157273900581494
 364.0009376420454753 336.8965957032129261 342.8019898717168383   0.2718726099418505
 361.7427149120095385 336.9287210474895797 339.4269389965334798  -0.0237273900581495
 362.4929361871763129 337.4427265559161976 337.5882354682281306   0.0879726099418505
 361.6350005223760500 334.0242119796526577 339.5724479088454127   0.0341726099418505
 360.8658819858700802 333.5007578405564420 341.4054822587490250   0.0240726099418505
 360.3254203115685995 333.3571386543784393 338.1286971425296111   0.0240726099418505
 364.1313287452860197 332.5729023088011349 339.2379663831413653   0.0017726099418505
 365.4125630640846234 333.0302160332100594 340.7667548254836534   0.0439726099418505
 363.6853533776806232 330.5697926068446036 339.4231595442656730   0.0439726099418505
 365.8604281578239503 332.9338400003800988 336.3032216971616663  -0.2737273900581494
 367.8106255280307024 335.6644942638962949 337.0156484496499964  -0.0536273900581495
 369.1636694399183341 335.9498429101183699 335.4887497334415848   0.0683726099418505
 366.6446645034013083 337.3482402492201135 337.1932827062385829   0.0683726099418505
 368.8348570926160238 335.3451305472635821 338.7768732064645803   0.0683726099418505
 359.0782010631805797 338.0682259062441108 339.5743376349793431   0.5972726104906286
 358.0180647020507979 338.6880560781702871 337.5995738250316585  -0.5679273917044839
 358.0728667599345074 338.4707375727693259 341.8646857092919334  -0.4157273900581494
 359.0838702415823707 337.9472834336731641 343.4048125084377494   0.2718726099418505
 354.1327877707086821 338.5727827840010773 341.3903644496776901   0.0863726099418505
 355.4839419564623836 342.2993227200938021 341.0407651149022542   0.5972726104906286
 353.9192487175755816 342.7434083615653220 339.3626883079801727  -0.5679273917044839
 357.1884749292593279 344.0076351451586068 341.7985452946046960  -0.4157273900581494
 358.4508119867187362 343.5030782674016403 343.1572583848940650   0.2718726099418505
 357.0845399918936998 346.6438031019787724 340.9519479866079610  -0.0875273900581495
 355.1551296091600733 347.2976483443155326 341.2713117032406199   0.0968726099418505
 358.8457647487082839 348.3464463486417866 342.5393179391018190   0.2984726099418505
 358.4035688333706941 348.0251929058751973 344.5273098319869618  -0.0297273900581495
 361.6727950450544943 347.8286613879473618 342.1613727123175365  -0.3192273900581494
 362.7574978459252624 348.9398203546931001 343.5144166242051682   0.0790726099418505
 362.0753067115797094 345.8406694950622190 342.4845158812181095   0.0790726099418505
 362.2661690511057541 348.3464463486417866 340.2584184954588263   0.0790726099418505
 358.3752229413619012 351.1470204791130805 341.9799590034610894  -0.3192273900581494
 359.4693743729023206 352.3110917776085979 343.2819803097328723   0.0790726099418505
 358.9175743417973121 351.6118931080577260 340.0486588945935864   0.0790726099418505
 356.3815618700749675 351.5778780376471422 342.2369617576744251   0.0790726099418505
 357.5494126208382917 346.8894674993885267 338.1097998811903621   0.5972726104906286
 356.1944789828167834 348.3010929214276748 336.8531320021327447  -0.5679273917044839
 359.3578805310009178 345.4872907080189763 337.0194279019178032  -0.4157273900581494
 360.3821120955862394 344.2835351607111379 338.1097998811903621   0.2718726099418505
 359.9436956325165101 345.7329551054287304 334.3057811736069259  -0.0875273900581495
 360.0381819392125942 347.7492928903226662 333.8976003286799200   0.0968726099418505
 362.5741944109349388 344.6501420306918388 333.6821715494128892   0.2984726099418505
 363.8818848956084050 345.2529646674126963 335.1580476600053980  -0.0297273900581495
 362.6365553733543155 341.7645302241941122 333.5328831848330957  -0.3192273900581494
 364.5924219219628048 341.1276925170626172 333.4421763304048721   0.0790726099418505
 361.7578327210809270 340.9613966172775586 335.2052908133534401   0.0790726099418505
 361.6255518917064522 341.1069055295894916 331.8642550085806655   0.0790726099418505
 363.5606314528418158 345.6951605827502860 331.1669460651637239  -0.3192273900581494
 365.4673651219683329 344.9940721870654840 330.8230159087900253   0.0790726099418505
 362.3379786441947823 345.1112352073686239 329.6117014569465195   0.0790726099418505
 363.6192129629933858 347.7530723425905267 331.2425351105205591   0.0790726099418505
 357.8460996238639485 344.6652598397632274 332.6295940928187746   0.5972726104906286
 357.2848509620893423 345.7310653792948002 330.6340432953979107  -0.5679273917044839
 356.6253365413507914 342.5997891753872656 333.4138304383960792  -0.4157273900581494
 357.1015475270989650 341.8061041991403635 335.0994661498538281   0.2718726099418505
 354.7053747892868163 341.3657980099367040 331.8718139131163329  -0.0237273900581495
 355.4990597655337721 341.1692664920088685 329.9801980530611507   0.0879726099418505
 354.2631788739492265 338.7164019701791338 332.9602961662549615   0.0341726099418505
 356.0886543193171714 337.8263409611022172 333.2909982396912019   0.0240726099418505
 353.3013082717833356 338.8770286915624015 334.7763229809533086   0.0240726099418505
 352.7967513940263691 336.9702950224358846 331.1896227787707799   0.0017726099418505
 352.1542445084931370 338.0247622051639294 329.5455610422592820   0.0439726099418505
 354.0836548912267099 335.5114264470486408 330.5131008228269640   0.0439726099418505
 350.1095608315903544 335.4490654846292640 332.6428221757561791  -0.2737273900581494
 348.1555840091157418 338.2194039969578346 333.1360406967096714  -0.0536273900581495
 348.7546271935687924 339.2133999434003792 334.8386839433726855   0.0683726099418505
 348.3029826475616051 339.4798513282833126 331.5165453999391598   0.0683726099418505
 346.1997174605072525 337.6316991693083120 333.3212338578339254   0.0683726099418505
 352.3148712298764584 343.0060802941803412 331.5902447191620647   0.5972726104906286
 351.3057574743624717 343.1780453723671906 329.4926487105095029  -0.5679273917044839
 351.4248102207995419 344.2854248868450145 333.5914646949846657  -0.3661673899483938
 352.2695178026623466 343.9452741827392300 335.3489099995314428   0.3114426098869728
 347.6359093222874404 345.3720174138497665 332.2478694137666853   0.2246226102162396
 349.9073601352607818 348.7281710276938760 332.3801502431411599   0.8098826103259952
 349.0550936488622560 348.9492689853626976 330.2674364254172097  -0.6015073898386383
 352.1183397119486229 349.8223224592342954 332.8979352038355846  -0.4157273900581494
 353.1009973015876931 349.2346176315847727 334.4342825507135400   0.2718726099418505
 353.0953281231859023 351.9614924428331620 331.3691467614932965  -0.0518273900581495
 351.6969307840842124 353.4694938977023244 331.4881995079303131   0.0921726099418505
 355.6181125119707887 352.7816335849549806 332.5785714872028720  -0.1102273900581495
 355.2099316670437828 353.1841452514801957 334.5608942016862777   0.0456726099418505
 356.9295824489121156 351.1923739063271923 332.5426666906583578   0.0456726099418505
 356.9447002579835041 355.1154453603477524 331.4371769023144642   0.3530726099418505
 355.5349645620782325 356.5100632471816355 330.8778179666737346  -0.0361273900581495
 358.6681304921196974 356.2965241940485348 333.4421763304048721  -0.4121273900581494
 359.5203969785181695 358.0199544281846745 332.7070728643095398   0.0999726099418505
 357.5758687867132081 356.7727351797966547 335.1202531373269537   0.0999726099418505
 360.1515655072478737 354.9699364480358195 333.9750791001706853   0.0999726099418505
 358.6624613137179066 354.4880562838858551 329.1884028029481788  -0.4121273900581494
 359.6602367124283654 356.1869200782810623 328.5855801662272678   0.0999726099418505
 360.0362922130786639 353.0480849698378603 329.7175261204461315   0.0999726099418505
 357.5645304299096802 353.8172035063438300 327.5896944936507928   0.0999726099418505
 353.3088671763190030 351.4002437810585558 328.4854246811294465   0.5972726104906286
 352.8874582484545926 353.0915486709180955 326.9434081558497003  -0.5679273917044839
 353.7510630916565926 349.0324169352552000 327.6879602526146837  -0.4157273900581494
 354.1875898285923916 347.7058291892424848 328.9975404634221341   0.2718726099418505
 353.4883911590415197 348.2916442907580770 325.0083285947143366  -0.0249273900581495
 354.5145124497607716 349.6938210821276813 323.9103977109061103   0.0842726099418505
 354.8489939754648190 345.7934263417141769 324.4527491113415213   0.2116726099418505
 355.2987487953380760 345.7348448315626607 322.4401907787153385   0.0351726099418505
 356.6177776368151240 345.7140578440894814 325.5091060202034962   0.0351726099418505
 353.3598897819349056 343.6599255365171012 325.0177772253839342  -0.6546273911557058
 352.9006863313920508 343.7203967728026014 326.8016786958056277   0.4274726099418505
 350.7369499080521981 348.2954237430259377 324.0067737437360709   0.5972726104906286
 350.2588491961700942 349.2119409179777169 321.9186263657531070  -0.5679273917044839
 348.8944669274789881 347.4034730078150909 325.4883190327303707  -0.4157273900581494
 349.3839059961645663 346.8951366777902638 327.2703307770180802   0.2718726099418505
 346.1808201991680572 347.7266161767156103 324.9969902379108086  -0.0581273900581495
 345.7442934622322584 346.9329312004687081 323.1563969834715291   0.1359726099418505
 344.5953399728081295 346.2998729456050738 326.9623054171888956  -0.0074273900581495
 345.5553208488401438 346.2053866389090433 328.7707733273515752   0.0366726099418505
 342.8189974069221569 347.3033175227172697 327.2589924202145523   0.0366726099418505
 343.9188180168643136 343.6901611546598246 326.1081492046564931   0.1867726099418505
 342.4882953334859165 343.1969426337063860 323.9651997687898198  -0.5432273900581495
 341.9799590034610894 340.7176219460017349 324.0275607312091965   0.1634726099418506
 340.8102185265638348 339.7444129870322622 322.6612887363841601   0.1434726099418505
 343.0344261861891880 339.6499266803362317 326.0722444081120328  -0.2795273900581494
 342.8775789170737271 337.8017745213612311 326.5465656677262223   0.3338726099418505
 344.2665276255058192 341.5037480177129696 327.4196191415978737  -0.2207273900581494
 345.1887139788593892 341.3128856781869249 329.2261973256265695   0.1861726099418506
 345.3663482354479757 350.5045135935799021 324.9365190016253621   0.5972726104906286
 343.9641714440784254 351.2547348687466229 323.2338757549622943  -0.5679273917044839
 346.2923140410694063 352.0937732722076368 326.6675081402972228  -0.4157273900581494
 347.4223702691543399 351.4002437810585558 328.0545671225953847   0.2718726099418505
 345.5798872885810764 354.7866330130454420 326.6807362232346810  -0.0389273900581495
 343.5219755287408356 354.8773398674736657 326.6826259493685577   0.1006726099418505
 346.4888455589972419 356.2360529577630347 329.0334452599665944   0.3653726099418505
 345.4362681024030736 358.0048366191133397 329.1165932098591507   0.0042726099418505
 346.1109003322129594 354.8300967141256237 331.5184351260730363  -0.2438273900581494
 346.8592318812458035 355.9733810251479618 333.0528927468171153   0.0641726099418505
 344.1115700825242885 354.4616001180109924 331.8359091165718187   0.0641726099418505
 347.1105654570572946 353.0461952437039838 331.5146556738052295   0.0641726099418505
 349.0664320056657839 356.8502139512874200 328.9219514180652453  -0.6761273884118151
 349.4122518881734130 357.9897188100419511 330.2920028651581421   0.4101726099418505
 346.4812866544615208 356.1113310329242273 324.2694456763511438   0.5972726104906286
 345.0110797222708027 357.4889413845528453 323.0902565687842917  -0.5679273917044839
 348.8150984298542927 355.6162227858368584 323.4096202854169506  -0.4157273900581494
 349.9886183590193540 354.5957706735193975 324.5396765135018841   0.2718726099418505
 349.8147635546986280 356.7821838104662523 321.0890365929616907  -0.0875273900581495
 349.2478457145222311 358.7569476204139905 321.1627359121845955   0.0968726099418505
 352.7287212532052014 356.8313166899482247 321.0493523441493161   0.2984726099418505
 353.3825664955419613 357.4454776834726100 322.9050634076599841  -0.0297273900581495
 353.9381459789147769 354.2745172307527544 320.4692064210355146  -0.3192273900581494
 355.9866091080854200 354.4200261430646874 320.6355023208205730   0.0790726099418505
 353.2672932013727518 352.9101349620616484 321.8392578681284114   0.0790726099418505
 353.4543760886309358 353.6395692497552435 318.5700316564446649   0.0790726099418505
 353.7113788428442180 358.7474989897443930 319.1086036046122153  -0.3192273900581494
 355.7617316981487914 358.8741106407170768 319.2333255294510227   0.0790726099418505
 353.1879247037480561 358.1786914234340655 317.1980904832178378   0.0790726099418505
 352.9139144143294554 360.6069895055228678 319.4997769143339023   0.0790726099418505
 348.6336847209978456 355.6937015573276237 318.6701871415424862   0.5972726104906286
 348.1820401749906582 357.1261139668399511 316.8881753972547228  -0.5679273917044839
 347.9836189309289461 353.2446164877656958 318.5492446689714856  -0.4157273900581494
 348.3917997758558983 352.0786554631363019 320.0232310534300642   0.2718726099418505
 346.6608106371840376 352.2336130061178326 316.3061397480069910  -0.0875273900581495
 347.6415785006891775 352.9989520903559417 314.6639677376294235   0.0968726099418505
 346.8592318812458035 349.3366628428165242 316.0718137074007649   0.2984726099418505
 348.7867525378454460 348.7810833594437089 316.5404657886132172  -0.0297273900581495
 345.0432050665474562 347.8664559106258062 317.7650083233941812  -0.3192273900581494
 345.4986290648225042 345.8576770302675377 317.7272138007157367   0.0790726099418505
 345.2510749412788198 348.5486470449713592 319.6755214447885586   0.0790726099418505
 343.0835590656711065 348.1272381171069487 317.1810829480125191   0.0790726099418505
 343.9452741827392300 353.2257192264265005 316.1303952175522811   0.5972726104906286
 342.6035686276551261 353.5129575987825060 318.2601165704815500  -0.4157273900581494
 343.2952083926702769 352.8307664644369530 319.9192961160644361   0.2718726099418505
 340.1582630103610052 354.8055302743846376 318.2695652011511477  -0.0518273900581495
 338.9941917118655414 353.9135795391737906 316.8258144348353461   0.0921726099418505
 338.8278958120804830 354.4634898441449227 320.8320338387483549  -0.1102273900581495
 338.5784519624028683 352.4509315115187399 321.2194276962022351   0.0456726099418505
 340.0392102639239886 355.2515056419900878 322.3022407709391266   0.0456726099418505
 336.2333018302065684 355.7976364946933054 320.9057331579713134   0.3530726099418505
 336.4732970492145854 357.7667311262392529 320.3614920314019722  -0.0361273900581495
 334.3057811736069259 354.5844323167158694 319.1142727830139524  -0.4121273900581494
 334.0903523943398951 352.5851020670271987 319.5621378767532793   0.0999726099418505
 335.1429298509340095 355.8599974571126823 323.5683572806663418  -0.4121273900581494
 334.2320818543839674 357.6703550934092386 323.9160668893078474   0.0999726099418505
 333.7709886777071824 354.3501062761096433 323.8026833212725679   0.0999726099418505
 336.6358134967317836 355.6143330597029281 324.9591957152324179   0.0999726099418505
 340.4398322043152734 357.6079941309898616 317.5609179009306783   0.5972726104906286
 342.4051473835934141 358.9194640679311885 318.4623172668111226  -0.4157273900581494
 343.5654392298210170 358.0690873076666467 319.7397721333419195   0.2718726099418505
 345.3568996047783782 362.4986053655780500 319.0197864763179221   0.0341726099418505
 344.9827338302619559 362.6308861949525248 321.0361242612118578   0.0240726099418505
 346.8970264039241941 361.1757970718331952 318.7419967346314607   0.0240726099418505
 347.1880442285480599 365.4106733379506931 323.6118209817465234   0.0683726099418505
 341.3242240349904527 365.1177657871928970 322.4949928365991017   0.4477726099418505
 342.5695535572445422 363.6343307720647207 325.2766697057311467  -0.8340273900581494
 343.5711084082228080 362.2775074079092820 325.9966553627551440   0.4169726099418505
 343.2857597620006791 365.0969787997197713 326.2253122249596330   0.4169726099418505
 334.6856161265250851 346.1921585559715851 346.4151462397742834  -0.8340273900581494
 334.9067140841938530 347.6094531564125240 347.5281949326538983   0.4169726099418505
 336.0084244202699398 345.0375358881457191 346.9782846276828198   0.4169726099418505
 349.5823272402263321 339.6612650371397598 325.8284697368361552  -0.8340273900581494
 350.0585382259744519 340.4946342621989827 324.2599970456815462   0.4169726099418505
 349.9300368488678377 340.9991911399560031 327.0530122716171191   0.4169726099418505
 339.0678910310884463 345.7877571633124399 320.6638482128293661  -0.8340273900581494
 337.7790978077541751 344.5934502466741992 321.3347009903714449   0.4169726099418505
 340.4776267269937177 345.3285537127695851 321.7693380011733134   0.4169726099418505
 336.1709408677871917 348.7999806207829042 333.2305270034057018  -0.8340273900581494
 337.2972176436042646 348.3010929214276748 331.8850419960537911   0.4169726099418505
 337.3860347718985578 349.7901971149576419 334.2963325429372745   0.4169726099418505
 366.2024685880637188 322.3154688538765849 363.1278841681738238  -0.8340273900581494
 364.6944671331945562 321.2874578370234029 363.1335533465756146   0.4169726099418505
 366.9602487677661604 321.8165811545213555 361.4857121577962563   0.4169726099418505
 337.8565765792449406 344.6784879227006319 326.6391622482883761  -0.8340273900581494
 336.8965957032129261 343.7638604738827829 325.3144642284095910   0.4169726099418505
 339.5611095520418849 344.1436954268009420 326.1931868806829795   0.4169726099418505
 346.8497832505761520 335.8421285204848814 327.9128376625513123  -0.8340273900581494
 348.2992031952937982 335.5397723390574875 329.0013199156899409   0.4169726099418505
 347.5319743849217587 337.2084005153099714 326.8375834923501419   0.4169726099418505
 357.5909865957845966 322.1756291199663890 356.5799831141366796  -0.8340273900581494
 358.9496996860739656 322.6764065454554950 357.7572824955696553   0.4169726099418505
 358.3808921197636383 322.5668024296880762 354.9756056264375566   0.4169726099418505
 357.0051714942690042 332.4651879191675926 344.3515653015323056  -0.8340273900581494
 358.5226215798077644 333.3949331770568838 344.8258865611464951   0.4169726099418505
 357.6117735832577223 331.4088310103056175 342.9852933067072156   0.4169726099418505
 361.7162587461346757 323.6817408487016212 359.1632387392070661  -0.8340273900581494
 362.8557636048891533 324.0880319674946968 360.5408490908356304   0.4169726099418505
 362.9086759366389862 322.7633339476159117 358.0275133327203956   0.4169726099418505
 350.9958423883994104 328.5364472867453491 373.6914532567936282  -0.8340273900581494
 349.5993347754315971 327.4045013325264853 374.0637293051761202   0.4169726099418505
 350.7331704557843375 329.8327994146152874 375.0010334676010786   0.4169726099418505
$end
