$point_charges
 559.3646048190922925 577.7308531146729284 550.9647721538123408   0.0102340135089254
 558.0210095378742585 576.0282098680099681 547.0624876872649600   0.0620340135089254
 559.5913719551628515 577.4492839207186601 556.2635642333275887  -0.5894659853935182
 562.8700467975162491 581.4139293496854715 556.5980457590315824   0.0212340135089254
 563.8697119223605846 580.1969457194401749 555.2714580130188670   0.1123340135089254
 564.2193112571360203 583.9839568918183998 556.6963115179955270  -0.1231659864910745
 566.1902956148158981 583.7666383864174386 557.2518910013683424   0.1111340135089254
 564.2571057798144110 585.5751062965800647 553.6614113469180067  -0.3119659864910745
 562.9267385815338351 580.4142642248411361 559.2436623465213995   0.5972340140577036
 564.3988352398584835 578.7267387872495105 559.8616027923136454  -0.5679659881374090
 558.4065136691942084 572.3186774671225086 557.9321924095800188   0.0790340135089254
 560.4455281676952537 572.7929987267366980 562.0706926428675562   0.5972340140577036
 560.9463055931843598 570.9637438291010002 563.4123981979516063  -0.5679659881374090
 561.8836097556093719 573.4317261600021232 560.0656932147771482  -0.4157659864910745
 561.4603111016110313 574.9661837807462023 559.0112260320489961   0.2718340135089254
 564.0397872744134498 571.9388425142042957 559.3589356406905554  -0.0518659864910745
 563.4218468286212040 569.9905348701314739 559.0981534342094665   0.0921340135089254
 565.3210215932120535 572.8459110584865310 556.9060711188607671  -0.1102659864910745
 565.5043250282024845 574.8716974740501181 557.2367731922970075   0.0456340135089254
 567.1918504657941100 572.0201007379629214 556.6585169953171364   0.0456340135089254
 563.7355413668521258 572.3942665124793974 554.5061189287808116   0.3530340135089254
 561.9686474316357510 573.4373953384038604 554.6818634592354141  -0.0361659864910746
 565.1471667888913276 573.2767686170205927 552.1231742739060674  -0.4121659864910745
 566.9140607241077024 572.2336397910960222 551.9455400173174809   0.0999340135089254
 563.9774263119941268 572.9309487345130174 550.4639947283232349   0.0999340135089254
 565.5515681815504729 575.2912166757805982 552.2705729123519842   0.0999340135089254
 562.8681570713823725 569.6258177262847031 554.3265949460582411  -0.4121659864910745
 561.7192035819582436 569.1571656450722507 555.9706566825697387   0.0999340135089254
 561.7532186523687738 569.3650355198036142 552.6145030687255757   0.0999340135089254
 564.5159982601616234 568.3918265608340878 554.2680134359066711   0.0999340135089254
 565.9843154662184112 572.0087623811594472 561.4187371266646727   0.5972340140577036
 567.1030333374998705 570.0699033677562231 562.0461262031266238  -0.5679659881374090
 566.4302908338239151 574.2499775759900117 562.5412344502139925  -0.4157659864910745
 565.4268462567117192 575.7882146490019510 562.0234494895195678   0.2718340135089254
 568.3105683370755694 574.5334364960781564 564.4838729158849699   0.0212340135089254
 570.1341540563095302 573.9438419422948108 563.7298721884503887   0.1123340135089254
 568.5373354731461281 577.2735393902640576 565.4287359828455958  -0.1231659864910745
 566.7213086584477811 577.9859661427523875 566.0920298558519536   0.1111340135089254
 569.9281739077121506 577.4266072071116042 566.9405168899826189   0.1111340135089254
 569.5672362161331331 579.4353860874699800 562.9645331042123333  -0.3119659864910745
 569.5464492286600613 581.4989670257119579 564.3988352398584835   0.1932340135089254
 567.6605025470065626 572.9139411993076985 566.7269778368495182   0.5972340140577036
 569.3045642835180602 571.6440452373125692 567.7719963889079653  -0.5679659881374090
 565.2435428217212882 572.9101617470398381 567.5301114437660718  -0.4157659864910745
 563.9301831586460310 573.9230549548216315 566.5852483768054458   0.2718340135089254
 564.7767804666428197 568.7225286342703284 569.1666142757418483   0.5972340140577036
 564.2400982446091997 567.9420717409608308 566.8082360606081441  -0.4157659864910745
 563.7468797236557074 569.2100779768220836 565.4703099577918469   0.2718340135089254
 564.4177325011977862 565.3304702238817586 566.1014784865215511   0.0336340135089254
 563.1988591448185058 564.1569502947165899 567.2749984156867200   0.0822340135089254
 563.7393208191199863 564.8750462256066570 563.3122427128537851  -0.1825659864910745
 564.9563044493652829 566.0239997150307859 562.1122666178138073   0.0602340135089254
 564.0076619301367963 562.8851646065875838 562.8549289884449143   0.0602340135089254
 561.7721159137079691 565.3928311863010817 562.9890995439532657   0.0602340135089254
 567.1030333374998705 564.5046599033581492 566.4529675474309711   0.5972340140577036
 567.5981415845872393 562.4032844424376733 567.3127929383651106  -0.5679659881374090
 568.9133909737963732 566.1543908182713840 565.7745558653531712  -0.4157659864910745
 568.4126135483072671 567.8570340649344518 565.0715777435345463   0.2718340135089254
 571.5514486567504691 565.5836935258271264 565.9994332752898534  -0.0014659864910746
 571.9615192278113515 563.8470352087535286 564.9695325323027411   0.0875340135089254
 573.2068487500654410 567.7209737832921165 564.9166202005529082  -0.0152659864910746
 572.7854398222010844 568.0441169521926358 562.9267385815338351   0.0294340135089254
 572.8289035232812121 569.4406245651603954 565.9843154662184112   0.0294340135089254
 575.9167160261085653 567.0198853876072607 565.1981893945071765  -0.0011659864910746
 576.9409475906938330 565.1244900752842716 563.7431002713878469  -0.1906659864910745
 575.7447509479217159 564.1342735811095340 562.3900563595002151   0.1698340135089254
 579.4448347181395777 564.4744242852153722 563.9830954903958639  -0.2341659864910745
 580.2309607898508124 562.9550844735427355 562.8360317271056116   0.1655340135089255
 580.9547258991426167 565.7386510688086572 565.6781798325232106   0.3225340135089255
 583.5266431674094217 565.0791366480701599 565.9332928606025623  -0.5579659881374089
 584.0236411406307744 563.7242030100486516 564.8334722506604059   0.3991340135089254
 579.9531710481644048 567.6529436424709488 567.1181511465712052  -0.2341659864910745
 581.1474779648025379 568.6620573979848818 568.4579669755213789   0.1655340135089255
 577.4473941945847835 568.2954505280041272 566.8705970230275745  -0.1906659864910745
 576.6593783967395648 569.8242389703464689 568.0025429772463847   0.1698340135089254
 572.1542712934713802 565.2340941910516904 568.7414258956095238   0.5972340140577036
 573.5847939768497774 563.5408995750583280 569.4349553867586583  -0.5679659881374090
 571.0582301357969768 566.8365819526169370 570.3873773582550054  -0.4157659864910745
 569.8601437668909831 568.1877361383706924 569.7713266385966361   0.2718340135089254
 571.5552281090183296 566.6740655050996853 573.0518912070839104  -0.0252659864910746
 573.5696761677783351 566.8989429150363676 573.4203878031985417   0.0697340135089254
 570.4516280468083124 559.0471308285935101 570.6727260044771343  -0.4157659864910745
 570.0925800813632789 560.6137137936142427 569.6447149876238984   0.2718340135089254
 572.1259254014624798 557.1819711344132982 569.6333766308204242   0.0336340135089254
 573.0726781945570897 557.8698314471605884 566.9726422342592724  -0.1825659864910745
 574.0591152364639669 559.6764096311893378 567.0387826489465635   0.0602340135089254
 574.3614714178914145 556.4090731456395217 566.3017894567171936   0.0602340135089254
 571.4683007068579667 558.0115609072046607 565.6876284631928081   0.0602340135089254
 574.4049351189715423 556.9249683801999624 571.2906664502693802   0.5972340140577036
 575.3970413392802639 559.0452411024596336 572.2808829444441179  -0.4157659864910745
 574.7394166446756433 560.7630021581940361 571.7687671621514303   0.2718340135089254
 580.3878080589662197 562.2861214221345334 572.0333288209003796   0.3530340135089254
 581.7994334810054214 560.8367014774169410 571.6497144157144137  -0.0361659864910746
 578.6889442645710125 562.6168234955707738 569.7108554023111894  -0.4121659864910745
 577.2773188425319181 564.0681331664223502 570.0925800813632789   0.0999340135089254
 579.8341183017272807 563.1837413357471709 568.0951395578084849   0.0999340135089254
 577.7440811976103866 560.8348117512830643 569.2913362005806020   0.0999340135089254
 582.0375389738794546 564.6029256623219865 572.5813493997375814  -0.4121659864910745
 583.3527883630886956 564.1663989253861875 574.1063583898119552   0.0999340135089254
 583.0957856088753598 565.1093722662129370 570.8881547837441114   0.0999340135089254
 580.8394526049734606 566.1827367102801771 573.1407083353782574   0.0999340135089254
 612.8476338613316026 567.3127929383651106 554.7895778488689563   0.0142340135089254
 613.6280907546411003 568.6167039707707700 553.3987394143029338   0.1047340135089254
 612.2939441040926639 564.7786701927766964 553.4799976380615597  -0.2041659864910745
 611.8574173671568650 563.3122427128537851 554.8594977158241080   0.0796340135089254
 610.7254714129380549 564.9657530800348804 552.1590790704505814   0.0796340135089254
 614.6428736885567706 563.9925441210654616 552.0135701581386484   0.7129340135089254
 615.5197066146962288 561.8495946851987344 552.2063222237985698  -0.5931659848447400
 615.6935614190169547 565.7783353176210318 550.4942303464660118  -0.9191659848447400
 614.9093250734397039 567.5149936346946296 550.3884056829663461   0.4195340135089254
 610.3191802941449255 568.4371799880481995 555.5001148752234097   0.5972340140577036
 609.2760514682204624 569.9584095258548201 554.0865997270502240  -0.5679659881374090
 609.2949487295596578 567.8022320070507423 557.7356608916522371  -0.4157659864910745
 610.3513056384215790 566.7477648243226975 558.9242986298886331   0.2718340135089254
 606.7362595442303111 568.4050546437715460 558.4688746316136390  -0.0024659864910746
 605.4493560470298630 567.6453847379352277 557.0515800311727000   0.0977340135089254
 606.0143841610723834 567.3052340338293895 561.0653583396214836  -0.0343659864910746
 607.4467965705846570 567.6378258333995066 562.5072193798033550   0.0294340135089254
 604.1851292634365780 567.9571895500322730 561.7513289262348973   0.0294340135089254
 605.8102937386088805 564.5046599033581492 560.7592227059261755   0.0117340135089254
 603.6956901947509463 563.4539721728978576 559.6688507266536167  -0.1256659864910745
 602.1782401092121862 564.6936325167502100 559.0339027456560519   0.1329340135089254
 603.4802614154839692 560.8801651784971760 559.3740534497618903  -0.1704659864910745
 601.7946257040262202 560.0789212977144991 558.5047794281581530   0.1429340135089254
 605.3926642630122768 559.3192513918781808 560.1771870566784437  -0.1072659864910745
 605.2377067200307463 557.2783471672432588 559.9485301944740083   0.1296340135089254
 607.5110472591379641 560.3453726825974326 561.2732282143527398  -0.1704659864910745
 609.0322767969445849 559.1151609694146778 561.9138453737520414   0.1429340135089254
 607.7132479554675906 562.9229591292660820 561.5623563128427291  -0.1256659864910745
 606.2203643096697628 571.1999595958411567 558.4802129884172205   0.5972340140577036
 604.0320614465889241 571.9652986800792122 558.3101376363642478  -0.5679659881374090
 608.1724514060104453 572.7778809176653633 558.8600479413353260  -0.4157659864910745
 609.8883227356108638 571.9955342982219890 559.1548452182270525   0.2718340135089254
 607.9532431744755002 575.4896379198423641 558.9677623309688684  -0.0581659864910746
 607.2162499822462376 576.6367016831325090 556.4695443819249681   0.5972340140577036
 605.9425745679833553 578.5793401488035937 556.4034039672376770  -0.5679659881374090
 608.0345013982341261 575.5312118947886152 554.3360435767278386  -0.4157659864910745
 609.0455048798820431 573.9136063241520340 554.4078531698168670   0.2718340135089254
 607.5186061636736852 576.6215838740611741 551.8982968639694925  -0.0581659864910746
 608.2140253809566964 578.5604428874643984 551.8737304242284528   0.1359340135089254
 608.7922815779365678 575.1513769418705097 549.7402296190314306  -0.0074659864910746
 608.2555993559029477 573.1633850489853132 549.8120392121203515   0.0366340135089255
 608.2688274388404059 575.9375030135817446 547.9090849952616414   0.0366340135089255
 611.6212016004167085 575.2326351656290283 549.8781796268076425   0.1867340135089255
 613.1991229222409150 573.6603830222065586 548.5308048933217478  -0.5432659864910745
 604.7293703900059193 576.6820551103466207 551.3502762851322909   0.5972340140577036
 603.8090737627862258 578.4886332943753702 550.2107714263777596  -0.5679659881374090
 603.3045168850292593 574.7129604788007269 552.1156153693703463  -0.4157659864910745
 604.0282819943210634 573.3315706749043022 553.2154359793126102   0.2718340135089254
 600.6929153679500797 574.5353262222121404 551.3748427248732233  -0.0252659864910746
 600.6173263225932983 574.4786344381944471 549.3169309650329825   0.0697340135089254
 599.9332454621137612 572.7778809176653633 552.1364023568435256   0.0697340135089254
 599.1074351415901519 576.7047318239536765 552.2989188043607773   0.5972340140577036
 597.9112384988180348 577.9935250472880013 550.7814687188220171  -0.5679659881374090
 599.1149940461258730 577.2414140459874041 554.7857983966010958  -0.4157659864910745
 600.1259975277736827 576.1661598757861800 555.9952231223107786   0.2718340135089254
 597.5181754629623636 579.1859422377923652 555.8156991395882082  -0.0275659864910745
 595.6057726154340559 578.9043730438380970 555.1032723870998782   0.1122340135089255
 597.4369172392037378 579.1821627855245048 558.7447746471661701  -0.0050659864910746
 596.5015028029127094 580.9188211025981026 559.3400383793513601   0.0338340135089254
 596.3541041644669000 577.5588880364860789 559.4042890679046672   0.0338340135089254
 599.9483632711850961 579.0971251094980184 560.1072671897233995  -0.1415659864910745
 601.3373119796172420 577.0354338973899171 560.7951275024706896  -0.1638659864910745
 600.5700831692452025 575.1891714645489003 560.3019089815173047   0.2061340135089254
 598.2665070119952077 581.7200649833807795 554.8065853840742752   0.5972340140577036
 596.6432322629568893 583.3149938404103049 554.3473819335314204  -0.5679659881374090
 600.7344893428963308 582.1849376123253714 554.4305298834239228  -0.4157659864910745
 602.0705257195786438 580.8621293185805166 554.7593422307261794   0.2718340135089254
 601.5262845930094102 584.6170151466819804 553.5140127084720899  -0.0389659864910746
 605.2471553507003440 582.9918506715096781 551.5373591723904750  -0.6761659848447401
 600.4264639830672535 585.0913364062962774 550.9383159879374244   0.5972340140577036
 599.4135707752854601 587.1246817263954783 550.4488769192519000  -0.5679659881374090
 600.5833112521826608 583.2167280814463604 549.2224446583370059  -0.4157659864910745
 601.2711715649299509 581.5159745609172766 549.7458987974331677   0.2718340135089254
 599.6838016124361466 583.5153048106059475 546.6750938298111334  -0.0249659864910746
 600.6853564634144660 585.0818877756266798 545.7907019991359541   0.0842340135089254
 600.1033208141666267 581.1210217989277291 545.0744957943797636   0.2116340135089254
 599.0753097973134984 579.5563285600408732 545.9324314591800265   0.0351340135089254
 599.3814454310086990 581.4555033246317226 543.1734313036550374   0.0351340135089254
 602.7111428789779458 580.5125299838050807 544.9459944172731494  -0.6546659875886308
 602.9341305627807514 579.0177566118733765 543.9425498401609533   0.4274340135089254
 596.8888966603666434 583.9310445600685669 546.7317856138287194   0.5972340140577036
 595.8854520832544475 585.4881788944197017 545.3258293701913622  -0.5679659881374090
 595.5264041178094140 582.5647725652434769 548.2549048777693240  -0.4157659864910745
 596.4826055415735142 581.1739341306774544 549.1695323265871730   0.2718340135089254
 592.7787423190878992 582.7518554525017685 548.6139528432143577  -0.0237659864910746
 591.8471073350647315 582.4494992710743210 546.8017054807838711   0.0879340135089254
 591.7790771942435638 580.6013471120993202 550.2939193762702620   0.0341340135089254
 592.8316546508377320 580.5522142326173480 552.0627030376206208   0.0240340135089254
 589.7948647536262278 580.9509464468747561 550.7266666609383078   0.0240340135089254
 591.9926162473766645 578.0256503915646548 548.9559932734540724   0.0017340135089254
 593.9749389618600163 577.6628229738517606 548.5572610591966642   0.0439340135089254
 591.3444401834416415 576.5630023639096042 550.2466762229222738   0.0439340135089254
 590.3050908097849315 577.7043969487981193 545.9740054341262777  -0.2737659864910745
 587.1738146058774506 576.8464612839978564 547.0209137123187087  -0.0536659864910745
 585.8472268598647352 577.0694489678005547 545.4618896518336975   0.0683340135089254
 587.1719248797435740 574.8773666524518552 547.5935007308968429   0.0683340135089254
 586.6182351225046353 578.0388784745021130 548.6026144864107759   0.0683340135089254
 591.9586011769660269 585.3596775173130876 549.5625953624427367   0.5972340140577036
 590.1501332668034008 586.4406008659160487 548.5742685944019831  -0.5679659881374090
 593.4987279761118429 586.3820193557644788 551.1783112069454415  -0.4157659864910745
 595.0275164184541846 585.4881788944197017 551.8907379594337714   0.2718340135089254
 592.8902361609893020 588.8462222343977414 552.1326229045756650   0.0336340135089254
 590.9570463259878149 588.8594503173351996 552.8450496570639951   0.0822340135089254
 593.0867676789170839 590.7208305592476584 550.0217988129856989   0.5972340140577036
 595.0067294309810053 590.4222538300880714 548.3796268026080777  -0.4157659864910745
 596.2331616918958994 588.9728338853704790 548.5761583205358595   0.2718340135089254
 597.6202206741941688 589.6380174845108207 544.0937279308747310  -0.0297659864910745
 593.1415697368007932 592.0587566620638480 544.5774978211585182   0.5972340140577036
 592.2250525618489603 589.7721880400191720 543.9331012094913558  -0.4157659864910745
 592.9941710983548764 588.1734797307217861 544.6360793313100881   0.2718340135089254
 590.1293462793303290 589.5473106300825971 542.2191196060248137  -0.0875659864910746
 590.4694969834361672 590.5526449333286696 540.4541153969423156   0.0968340135089254
 589.4868393937970431 586.8393330801733496 541.6162969693039027   0.2984340135089255
 589.2033804737088984 585.7886453497131652 543.3661833693149587  -0.0297659864910745
 587.0472029549047130 586.7656337609504447 540.0345961952118354  -0.3192659864910745
 587.3306618749929652 587.8144317652767524 538.2847097952007794   0.0790340135089254
 586.5728816952905235 584.8097672123420092 539.5924002798742996   0.0790340135089254
 585.5089658818928810 587.6197899734828472 541.1041811870112150   0.0790340135089254
 591.7734080158418267 585.6299083544637741 540.2821503187554661  -0.3192659864910745
 593.4136903000854638 585.7054973998206629 541.5255901148756791   0.0790340135089254
 591.3463299095756254 583.6664829013196173 539.8286160466144560   0.0790340135089254
 592.1815888607688326 586.6616988235847630 538.5454920016818683   0.0790340135089254
 587.8371084788838083 590.7548456296581886 543.3680730954489426   0.5972340140577036
 586.4878440192640370 592.1702505039652508 542.1114052163912716  -0.5679659881374090
 587.3722358499392165 590.2729654655082778 545.8209376172787310  -0.4157659864910745
 588.5892194801845129 589.2033804737088984 546.8300513727926640   0.2718340135089254
 585.1896021652601146 591.2745203164865972 547.0832746747381393  -0.0024659864910746
 583.5020767276684892 590.5942189082749209 546.1195143464383180   0.0977340135089254
 585.0440932529481816 590.4865045186413786 549.8762899006737658  -0.0343659864910746
 584.6170151466819804 588.4890639950866918 550.1446310116905759   0.0294340135089254
 586.7429570473433887 590.9721641350591497 550.9345365356695639   0.0294340135089254
 582.9257102568224944 591.9283655588233572 551.0460303775709667   0.0117340135089254
 580.4596176520552478 591.2064901756654295 550.6586365201171401  -0.1256659864910745
 580.0646648900657001 589.5605387130200553 549.4832268648180948   0.1329340135089254
 592.0889922802066251 593.3645574206034914 537.7404686686314383   0.0185340135089254
 579.4089299215950635 593.9447033437173468 540.8906421338781144   0.0559340135089254
 579.7793162438435715 593.6423471622898992 542.8937518358346457  -0.0173659864910746
 577.3774743276297393 594.0845430776274353 540.5826167740490372  -0.0173659864910746
 580.4615073781891245 591.7242751363598542 539.3713023222054777   0.0135340135089254
 582.4457198188064603 591.4030216935932114 539.8191674159448583  -0.0425659864910745
 579.3805840295862706 590.0178524374289260 539.7794831671324836  -0.0425659864910745
 580.2026148978419120 592.3762306525626304 536.5858460008055723   0.8053340124113690
 578.0369887483682366 592.9053539700606367 535.7486973234783812  -0.8188659842959619
 582.1811581600575110 592.3724512002948773 535.2630377070607173  -0.8188659842959619
 564.5783592225810540 583.8592349669795388 533.4318930832909281   0.0796340135089254
 565.7103051767998641 584.2012753972193609 538.5927351550299641  -0.5679659881374090
 567.2579908804814011 587.4364865384925236 544.0691614911336910  -0.5679659881374090
 565.0262243163204344 583.5171945367398239 547.3931897607012007   0.5972340140577036
 566.3811579543419429 583.2148383553124837 549.2602391810153966  -0.5679659881374090
 564.9015023914815734 581.8202204684786008 545.5072430790478092  -0.4157659864910745
 563.7960126031376797 582.2208424088698855 544.0049108025803839   0.2718340135089254
 566.2753332908423845 579.4807395146840919 545.5053533529138252   0.0336340135089254
 565.7688866869514340 578.3960367138132700 547.1815404337019766   0.0822340135089254
 565.6951873677285292 577.8782517531188453 543.1507545900479815  -0.1825659864910745
 566.2091928761550935 578.9327189358468901 541.4575599740545114   0.0602340135089254
 566.7798901685993510 576.1283653531077892 543.2244539092708863   0.0602340135089254
 563.6845187612362770 577.4360558377812019 543.0997319844321326   0.0602340135089254
 569.0664587906440273 579.9456121436286837 545.5148019835834230   0.5972340140577036
 570.4554074990761731 578.6946134429728570 546.8961917874798477  -0.5679659881374090
 569.9697478826584019 581.7805362196662261 543.9992416241786468  -0.4157659864910745
 568.7905587750914960 582.8595698421352033 542.9561127982540763   0.2718340135089254
 572.6437103621569045 582.1849376123253714 543.7497977745010321  -0.0518659864910745
 573.5167638360286096 580.4123744987072596 543.1696518513871768   0.0921340135089254
 573.3221220442347044 584.2371801937638751 541.7996004042943336  -0.1102659864910745
 572.1108075923911451 585.7980939803827629 542.3778566012742050   0.0456340135089254
 575.2949961280484587 584.8192158430116069 541.9205428768652268   0.0456340135089254
 572.6966226939067374 583.4888486447310310 539.0519386055728189   0.3530340135089254
 570.6613876476735525 583.2091691769106392 538.8969810625912883  -0.0361659864910746
 573.5375508235016816 585.5429809523034110 537.1735508284550412  -0.4121659864910745
 575.5727858697348664 585.8226604201238028 537.3266186453026953   0.0999340135089254
 573.0688987422892293 584.9552761246539421 535.2554788025249962   0.0999340135089254
 572.5681213168001232 587.3079851613859094 537.6062981131229795   0.0999340135089254
 573.7680974118401010 580.8677984969822537 538.3905344587003378  -0.4121659864910745
 572.9574049003879338 579.4542833488091755 539.6509817900258695   0.0999340135089254
 573.2918864260919276 580.4029258680376618 536.4422268146275160   0.0999340135089254
 575.8165605410107440 580.8866957583214490 538.6097426902351754   0.0999340135089254
 573.8021124822506311 582.8879157341441037 546.2366773667413506   0.5972340140577036
 575.7239639604486439 581.8202204684786008 546.9868986419080712  -0.5679659881374090
 572.6115850178802510 584.6453610386907735 547.6218466229056360  -0.4157659864910745
 570.9542951984314025 585.3275521730364339 546.9661116544349994   0.2718340135089254
 573.5167638360286096 585.5467604045712717 550.0199090868517148  -0.0024659864910746
 575.3686954472713635 586.4179241523089928 549.7931419507811561   0.0977340135089254
 571.6761705815892228 587.5385317497242212 551.0989427093207996  -0.0343659864910746
 571.6629424986518719 589.1807037601018424 549.8573926393344632   0.0294340135089254
 569.7599882817931619 586.8053180097628194 551.2879153227128603   0.0294340135089254
 572.4415096658273855 588.4644975553456518 553.6538524423822856   0.0117340135089254
 572.0408877254361008 586.9999598015567246 555.7646765339723593  -0.1256659864910745
 571.1810623345018539 585.1404692857781424 555.5473580285713981   0.1329340135089254
 572.7098507768441956 587.8541160140891270 558.1249444752399401  -0.1704659864910745
 572.3923767863454133 586.6616988235847630 559.7746753901532824   0.1429340135089254
 573.5999117859211122 583.3679061721600305 551.8321564492822014   0.5972340140577036
 575.3705851734053475 583.1260212270181368 553.3137017382764474  -0.5679659881374090
 571.6440452373125692 581.7408519708538515 551.8057002834072850  -0.4157659864910745
 570.2097431016664189 581.9638396546565497 550.5660399395549326   0.2718340135089254
 571.5438897522147480 579.6413662360673595 553.5253510652756715   0.0336340135089254
 571.7007370213302626 580.3311162749486337 555.4604306264110351   0.0822340135089254
 569.0853560519832225 578.1087983414572647 553.2815763939997939  -0.1825659864910745
 568.9096115215285125 577.3907024105670902 551.3578351896680120   0.0602340135089254
 569.1269300269294737 576.5289872934990740 554.6024949616107722   0.0602340135089254
 567.4753093858823623 579.3201127933007167 553.7105442263999791   0.0602340135089254
 573.7019569971528099 577.8782517531188453 553.0075661045812467   0.5972340140577036
 575.0398830999691069 577.0996845859432242 554.7366655171191234  -0.5679659881374090
 573.9873056433749386 576.9333886861582194 550.6926515905276703  -0.5163659864910745
 572.7892192744689449 577.5910133807628400 549.3433871309078989   0.2935340135089254
 576.1491523405808611 575.4461742187621288 549.7647960587723631   0.0396340135089254
 576.0830119258936774 573.5205432882964703 550.4847817157963067   0.1104340135089255
 576.0886811042954145 575.1608255725401074 546.8886328829442341   0.0559340135089254
 574.3198974429450559 574.2367494930525535 546.3746273745176699  -0.0173659864910746
 576.1850571371253753 576.9957496485776498 545.9588876250549428  -0.0173659864910746
 578.3261168468581184 573.5110946576267652 546.0458150272153059   0.0135340135089254
 580.0136422844498513 574.6827248606579499 545.8436143308857870  -0.0425659864910745
 578.7154004304459289 572.0862411526502125 547.4914555196651452  -0.0425659864910745
 577.7610887328157053 572.1618301980069940 543.5683840656445852   0.8053340124113690
 576.9333886861582194 573.4600720520109163 541.7825928690890150  -0.8188659842959619
 578.1787182084123089 569.8317978748820827 543.4852361157520825  -0.8188659842959619
 578.6624880986960961 576.5781201729810463 550.6737543291884750   0.5365340135089255
 580.1931662671723144 575.3025550325841798 551.8756201503624367  -0.5819659881374090
 579.0385435993464485 579.0876764788284207 550.3581700648236766  -0.4157659864910745
 577.7743168157531635 580.0854518775388795 549.3736227490506760   0.2718340135089254
 581.4498341462299855 580.2120635285116171 550.9439851663392690  -0.0014659864910746
 582.9087027216171757 579.1557066196495884 549.9518789460305473   0.0875340135089254
 581.6879396391040186 583.0447630032595109 550.2939193762702620  -0.0152659864910746
 580.2687553125292031 584.1181274473267510 551.3351584760609561   0.0294340135089254
 583.5549890594182146 583.7212849592033269 550.8532783119110453   0.0294340135089254
 581.3799142792749413 583.4680616572578517 547.5179116855399541  -0.0011659864910746
 582.8860260080101197 582.2472985747448020 545.7774739161984959  -0.1906659864910745
 584.1502527916035121 580.8507909617769350 546.3632890177140883   0.1698340135089254
 582.5893390049845168 582.6800458594127403 543.2263436354048703  -0.2341659864910745
 583.6986082455962711 581.6444759380238909 541.9035353416599080   0.1655340135089255
 580.8054375345628231 584.3675712970043657 542.3835257796759421   0.3225340135089255
 580.4993019008676224 584.8173261168776229 539.7719242625967625  -0.5579659881374089
 581.8901403354336450 584.1861575881479187 538.8006050297612202   0.3991340135089254
 579.3314511501042983 585.6317980805977580 544.1088457399460656  -0.2341659864910745
 578.0728935449127505 587.0642104901100318 543.4663388544127799   0.1655340135089255
 579.6356970576656225 585.1896021652601146 546.6524171162040777  -0.1906659864910745
 578.5302072693216213 586.2100542775776294 547.9525486963418764   0.1698340135089254
 582.0035239034689244 579.9909655708427955 553.7029853218642580   0.5972340140577036
 584.1143479950589979 579.3597970421130913 554.4475374186292416  -0.5679659881374090
 580.1119080434137958 580.5578834110191924 555.2941347266259228  -0.4157659864910745
 578.4621771285004536 581.1814930352131755 554.5665901650662580   0.2718340135089254
 580.3859183328323430 580.4955224485997620 557.9888841935976049  -0.0024659864910746
 582.1414739112451363 581.4460546939621250 558.4991102497564159   0.0977340135089254
 578.1900565652157831 581.8051026594071586 559.3589356406905554  -0.0343659864910746
 576.3400146801069059 581.3988115406141367 558.5501328553722647   0.0294340135089254
 578.1465928641356554 581.4460546939621250 561.3866117823880192   0.0294340135089254
 578.6209141237498448 584.5773308978697133 559.0395719240578966   0.0117340135089254
 578.2297408140281578 585.7508508270347746 556.7530033020131130  -0.1256659864910745
 577.5891236546288560 584.6283535034855622 555.1486258143139900   0.1329340135089254
 578.6341422066873030 588.3019811078284002 556.4733238341928288  -0.1704659864910745
 578.3204476684563812 589.1996010214410378 554.6459586626909000   0.1429340135089254
 579.4334963613359962 589.7192757082693391 558.4972205236224319  -0.1072659864910745
 579.8265593971916672 588.5722119449791942 560.7932377763368132  -0.1704659864910745
 579.4202682783985378 586.0191919380515846 561.0540199828179021  -0.1256659864910745
 579.7301833643615990 585.1083439415014889 562.8757159759179863   0.1329340135089254
 580.7052820494650021 577.8253394213690125 558.9224089037547566   0.5972340140577036
 581.9902958205314662 577.4209380287098671 560.8121350376760085  -0.5679659881374090
 579.4618422533447890 575.9261646567781628 557.7564478791253089  -0.4157659864910745
 578.1843873868140460 576.1831674109914987 556.3618299922914259   0.2718340135089254
 579.9040381686824325 573.3958213634576093 558.6502883404700860  -0.0597659864910745
 579.7793162438435715 573.3315706749043022 560.7063103741764502   0.0868340135089254
 577.9595099768774711 571.4569623500543850 557.5901519793403041   0.1302340135089254
 577.4152688503081299 572.0049829288915867 555.6758594056780123   0.0186340135089254
 579.0158668857393925 568.7338669910739100 557.4578711499658293  -0.3204659864910745
 579.6205792485941802 568.1291546282191224 559.3381486532173761   0.0881340135089254
 577.5626674887539396 567.4375148632038643 556.7889080985576272   0.0881340135089254
 580.6089060166350413 568.6072553401011725 556.1634087482297674   0.0881340135089254
 575.5690064174670058 571.2868869980015196 559.2682287862623319  -0.0430659864910745
 574.5296570438104033 569.5710156684009938 558.7976869789158954   0.0235340135089254
 576.1340345315095263 571.1394883595556026 561.2448823223439469   0.0235340135089254
 573.6830597358136146 573.4562925997430557 558.9904390445759241  -0.0660659864910746
 572.9857507923967267 573.5186535621624863 557.0553594834405605   0.0185340135089254
 572.0805719742484754 573.1085829911016039 560.2282096622942925   0.0185340135089254
 574.5580029358191964 575.2477529747004705 559.5082240052703489   0.0185340135089254
 582.5950081833862539 572.6134747440142350 558.1721876285880359   0.5972340140577036
 583.8932500373901763 571.7819952450888885 559.9107356717955103  -0.5679659881374090
 583.5549890594182146 572.9271692822451568 555.7703457123740964  -0.4157659864910745
 582.3739102257174322 573.5110946576267652 554.3662791948706157   0.2718340135089254
 586.1287960538190034 572.1183664969268660 555.0768162212249616  -0.0875659864910746
 586.3687912728270206 570.1473821392469885 555.6267265261960401   0.0968340135089254
 586.5029618283353718 572.3300158239259828 552.2006530453968327   0.2984340135089255
 586.1911570162384341 574.2877720986684024 551.6488530142918778  -0.0297659864910745
 589.1618064987626471 571.5325513954112738 551.3616146419357651  -0.3192659864910745
 589.3394407553512336 571.6497144157144137 549.3131515127652294   0.0790340135089254
 590.5753216469357256 572.7778809176653633 552.1912044147272350   0.0790340135089254
 589.5208544642076806 569.6031410126776473 551.9663270047906602   0.0790340135089254
 584.6434713125568970 570.6424903863343572 550.7455639222775032  -0.3192659864910745
 584.9458274939843446 570.8787061530745137 548.7235569589817765   0.0790340135089254
 584.9118124235737071 568.6677265763866189 551.2709077875076490   0.0790340135089254
 582.7027225730197961 571.1886212390375750 551.1518550410705251   0.0790340135089254
 588.1356852080433952 573.6471549392691004 556.5016697262016216   0.5972340140577036
 589.9895065454201331 572.6002466610767768 557.4333047102247893  -0.5679659881374090
 587.5895543553401776 576.0471071293491634 557.0194546868960465  -0.4157659864910745
 586.0267508425873058 576.9296092338903588 556.3712786229610235   0.2718340135089254
 589.4282578836454731 577.5135346092720746 558.3706088726496942  -0.0252659864910746
 591.2537333290134179 577.4171585764420066 557.4200766272873311   0.0697340135089254
 588.8216557946568089 579.4788497885501079 558.4915513452206948   0.0697340135089254
 589.6965989946622831 576.4685160572135200 560.9878795681307184   0.5972340140577036
 591.7960847294488826 576.2719845392857382 561.9648679793679978  -0.5679659881374090
 587.5612084633312772 575.7863249228679670 562.1935248415724332  -0.4157659864910745
 585.8944700132127236 575.8694728727605769 561.2694487620849866   0.2718340135089254
 587.5706570940008748 574.8716974740501181 564.7522140269017799  -0.0237659864910746
 588.4550489246760543 576.2946612528927942 565.9484106696740046   0.0879340135089254
 584.9061432451719699 574.3161179906773028 565.7821147698888922   0.0341340135089254
 583.9990747008897347 573.0311042196108384 564.4517475716083164   0.0240340135089254
 585.1442487380460029 573.3693651975826928 567.5962518584532553   0.0240340135089254
 583.2564123302587350 576.6631578490074254 566.1317141046643282   0.0017340135089254
 583.1751541065001090 577.6231387250394935 564.3119078376981205   0.0439340135089254
 581.3723553747392202 576.0093126066706652 566.6476093392248762   0.0439340135089254
 584.3807993799418239 578.8627990688918459 568.5203279379408094  -0.2737659864910745
 583.3282219233477632 577.0259852667203194 571.2245260355820892  -0.0536659864910745
 584.2485185505673493 575.1835022861471632 571.2037390481089099   0.0683340135089254
 581.2854279725788572 576.7746516909088282 571.1319294550199890   0.0683340135089254
 588.9841722421740606 572.4188329522203298 564.9430763664278247   0.5972340140577036
 590.4298127346237925 572.0389979993021168 566.7250881107156417  -0.5679659881374090
 588.6024475631219711 570.6651670999414132 563.1364981823991825  -0.4157659864910745
 587.4931783225101095 570.9996486256455142 561.6209378229942990   0.2718340135089254
 589.7967544797602117 568.2349792917186806 563.3481475093982992  -0.0389659864910746
 589.3318818508155125 567.4110586973290552 565.1774024070341045   0.1006340135089254
 588.9936208728436584 566.3754887759402058 561.2316542394064884   0.3653340135089254
 589.8439976331082001 564.5500133305722610 561.6662912502084107   0.0042340135089254
 586.1533624935599359 565.9767565616827975 560.9765412113271366  -0.2438659864910745
 585.1045644892337356 567.4223970541325294 561.9969933236446514   0.0641340135089254
 585.5751062965800647 566.0561250593074394 558.9979979491116452   0.0641340135089254
 585.6998282214189258 564.1172660459042153 561.7229830342259969   0.0641340135089254
 589.8175414672332837 567.0350031966787028 558.7768999914428236  -0.6761659848447401
 591.6354580080655074 567.0633490886874959 558.7315465642287119   0.4101340135089254
 592.6067772409010498 568.5014306766016141 563.2007488709524898   0.5972340140577036
 593.9843875925296141 567.4167278757307923 564.7238681348929868  -0.5679659881374090
 593.5497505817277991 570.0113218576046532 561.3733836994505610  -0.4157659864910745
 592.3252080469467816 570.6821746351467318 560.0524651318396900   0.2718340135089254
 596.2520589532352023 570.3420239310408936 560.9859898419967344  -0.0014659864910746
 597.1251124271067999 568.4749745107266977 561.0483508044161650   0.0875340135089254
 596.7585055571260453 571.3322404252156313 558.2987992795607736  -0.0152659864910746
 595.4375869895150670 572.8459110584865310 557.8301471983482137   0.0294340135089254
 598.6690186785204765 572.0919103310519496 558.1986437944629523   0.0294340135089254
 596.5600843130642794 569.1666142757418483 556.4166320501751353  -0.0011659864910746
 598.5556351104851970 567.4034997927933341 556.3599402661575493  -0.1906659864910745
 600.2242632867376272 567.8116806377203400 557.4200766272873311   0.1698340135089254
 598.3364268789502520 565.0942544571416021 555.0635881382875034  -0.2341659864910745
 599.7971851804714260 563.7185338316469145 555.1637436233853247   0.1655340135089255
 595.9364746888702963 564.5405646999026632 553.5896017538289786   0.3225340135089255
 595.5755369972913864 562.3069084096077127 552.3707283974498055  -0.5579659881374089
 593.7954149791375533 562.0102214065821096 552.0230187888082462   0.3991340135089254
 593.9087985471728328 566.5644613893322665 553.6103887413021579  -0.2341659864910745
 592.1853683130365857 566.2696641124405401 552.6201722471274202   0.1655340135089255
 594.3169793920998385 568.7792204182880217 555.0276833417430968  -0.1906659864910745
 592.8675594473822461 570.1643896744523071 555.1070518393677387   0.1698340135089254
 597.5162857368284871 571.8405767552404584 563.1213803733277403   0.5972340140577036
 599.6630146249629673 571.2339746662516867 563.7865639724680820  -0.5679659881374090
 596.0706452443787551 573.4109391725289439 564.3799379785192882  -0.4157659864910745
 594.3302074750371893 573.9117165980181573 563.7752256156645004   0.2718340135089254
 597.0873179044283019 574.6732762299883523 566.5550127586626687  -0.0597659864910745
 593.5232944158528827 575.9393927397156211 567.9836457159071894   0.0186340135089254
 594.9027944936154309 578.7475257747225825 565.5383400986130147  -0.0430659864910745
 594.4020170681262175 577.7894346248244983 563.7846742463340980   0.0235340135089254
 592.5387471000798821 581.9695088330582869 564.7786701927766964   0.0185340135089254
 591.0383045497464408 579.5298723941659568 566.5417846757252106   0.0185340135089254
 593.8426581324855417 571.2112979526446309 568.0856909271388872   0.2718340135089254
 591.0496429065499150 571.1432678118234632 571.4626315284561221   0.0881340135089254
 592.2439498231881556 566.2450976726996076 569.4425142912943794  -0.0430659864910745
 590.3391058801955691 565.6838490109249477 569.9867554178637206   0.0235340135089254
 592.1475737903581950 567.5187730869624900 567.8267984467916747   0.0235340135089254
 593.7689588132626369 563.9018372666372381 568.7300875388060495  -0.0660659864910746
 592.8581108167125410 562.9418563906052773 567.1521662169818427   0.0185340135089254
 595.6738027562552235 564.4611962022779139 568.1839566861028317   0.0185340135089254
 598.2665070119952077 566.7250881107156417 568.0724628442014289  -0.4157659864910745
 597.1780247588565254 567.3808230791862781 566.6476093392248762   0.2718340135089254
 600.5133913852276166 564.4857626420189539 564.6142640191255681   0.0341340135089254
 600.4000078171923371 566.2923408260475959 563.6297167033525675   0.0240340135089254
 602.3709921748722149 563.6505036908257468 564.3043489331625067   0.0240340135089254
 598.4781563389944317 562.7075303499989975 563.5975913590759139   0.0017340135089254
 596.6659089765639451 563.3935009366124110 564.2949003024929092   0.0439340135089254
 598.5197303139406830 562.8454803577753167 561.5434590515035337   0.0439340135089254
 598.8712193748499954 559.4231863292438625 564.5178879862956074  -0.2737659864910745
 596.9002350171701176 558.2099821512664266 561.9875446929750538  -0.0536659864910745
 597.7014788979527947 558.7542232778357676 560.1696281521427226   0.0683340135089254
 596.8114178888758781 556.1558498436940464 562.1103768916799309   0.0683340135089254
 595.0010602525792682 558.9904390445759241 562.1613994972957797   0.0683340135089254
 599.3417611821964319 525.8200762158561951 559.0490205547274941   0.0641340135089254
 608.5995295122766465 537.2264631602048741 550.3165960898773180  -0.8627659859422964
 607.8398596064402207 538.6626550219850083 551.3181509408556372   0.4477340135089254
 608.5012637533127020 537.2207939818031369 548.4098624207508547   0.4477340135089254
 603.3234141463684546 538.8856427057877065 560.1110466419912601  -0.5894659853935182
 599.3436509083303084 541.2629181822606063 562.9702022826140704  -0.0875659864910746
 599.3436509083303084 541.4443318911170532 560.9179597011755667   0.0968340135089254
 596.9663754318574089 539.9401098885157513 563.7619975327270422   0.2984340135089255
 595.3204239692119271 540.9737900837707242 563.0779166722476126  -0.0297659864910745
 596.9814932409287435 537.2699268612850018 562.6092645910351602  -0.3192659864910745
 598.6255549774402414 536.2362466660301363 563.2914557253807132   0.0790340135089254
 595.2656219113282177 536.2721514625746506 563.1629543482739916   0.0790340135089254
 597.0627514646873695 537.4078768690613212 560.5551322834626727   0.0790340135089254
 599.3304228253928502 543.8650710686701880 564.1437222117791317   0.5972340140577036
 597.5691980685783199 545.5658245891993792 563.3689344968714786  -0.4157659864910745
 596.3049712849849276 545.1387464829331779 562.0045522281802651   0.2718340135089254
 597.5899850560513917 548.1056165131895305 564.3629304433140769  -0.0014659864910746
 598.4913844219318899 550.1351823810209783 562.4826529400624225  -0.0152659864910746
 597.5143960106945031 549.9480994937626867 560.6779644821675497   0.0294340135089254
 598.2438302983881519 552.0494749546831626 563.2007488709524898   0.0294340135089254
 601.2352667683855442 549.6173974203265536 562.1217152484834050  -0.0011659864910746
 604.7312601161397957 548.4268699559560661 559.5309007188774048  -0.2341659864910745
 605.4739224867709028 547.8429445805744576 557.6997560951077229   0.1655340135089255
 602.1895784660157679 548.8955220371686259 559.8124699128316731  -0.1906659864910745
 600.9215722301546225 548.6952110669729834 558.2024232467307054   0.1698340135089254
 595.0483034059273639 548.8558377883562513 565.3777133772297470   0.5972340140577036
 593.2114896037558375 547.4347637356474517 565.2699989875962047  -0.5679659881374090
 594.6665787268752744 556.5848176760941242 567.3732641746505571  -0.3192659864910745
 593.1793642594791840 557.0818156493154770 566.0391175241022280   0.0790340135089254
 596.2804048452439952 555.8213683179899453 566.3471428839313054   0.0790340135089254
 590.6792565843014073 552.9584332250992744 566.0882504035840929   0.5972340140577036
 590.1217873747946079 551.6677502756310731 564.2438776968769528  -0.5679659881374090
 589.4547140495203896 555.1165004700373364 566.6778449573675460  -0.4157659864910745
 590.4468202698291112 556.1218347732834088 567.9609690023001334   0.2718340135089254
 587.0415337765029758 556.0878197028728788 565.8577038152457810  -0.0875659864910746
 585.4768405376162275 554.8727257987614589 566.4227319292881940   0.0968340135089254
 586.5445358032817305 558.7183184812912537 566.8233538696794788   0.2984340135089255
 584.7285089885833834 559.3891712588333325 566.1203757478607465  -0.0297659864910745
 586.4935131976657741 558.6559575188718231 569.7259732113825243  -0.3192659864910745
 588.3095400123641213 557.9851047413298518 570.4308410593351331   0.0790340135089254
 586.1344652322207406 560.5513528311948120 570.4478485945404520   0.0790340135089254
 585.0006295518680539 557.3860615568768012 570.3609211923800890   0.0790340135089254
 588.5495352313721383 560.5192274869181585 565.7292024381390594  -0.3192659864910745
 588.4399311156047194 560.5022199517129472 563.6731804044328027   0.0790340135089254
 588.2056050749984396 562.4297406083125897 566.4170627508864569   0.0790340135089254
 590.4241435562220555 559.9031767672598965 566.3225764441903729   0.0790340135089254
 586.7127214292007192 556.1445114868904648 563.0268940666316564   0.5972340140577036
 584.6151254205481039 556.6245019249064989 562.1481714143583215  -0.5679659881374090
 588.6855955130144737 555.9328621598913481 561.4867672674858404  -0.3479659864910745
 590.2578476564369431 555.2790169175545881 562.3465926584200874   0.2746340135089254
 588.6459112642020990 555.8950676372128501 558.7032006722199188  -0.2637659864910745
 588.3907982361227471 557.8055807586072813 557.9869944674637283   0.1559340135089254
 591.2499538767455575 554.8670566203597218 557.8339266506160742  -0.0007659864910746
 592.7163813566684686 555.7382203680974428 558.9942184968437848   0.0326340135089254
 591.3331018266381672 552.8318215741265369 558.1646287240523148   0.0326340135089254
 591.9283655588233572 555.4094080207951862 555.0598086860197503   0.0389340135089254
 590.4865045186413786 554.6308408536195653 553.8163688898995375   0.0284340135089254
 591.9756087121713456 557.4559814238318453 554.8065853840742752   0.0284340135089254
 594.5475259804381505 554.3454922073974364 554.3341538505939622   0.0485340135089254
 595.3090856124084528 555.5038943274911629 552.8034756821177438   0.0686340135089254
 595.8249808469690011 554.5155675594504092 555.9460902428288063   0.0686340135089254
 594.4341424124028710 551.6998756199077267 553.4440928415170455  -0.5295659864910744
 592.7806320452217757 551.1178399706599949 552.6976510186181855   0.3455340135089254
 596.3446555337973022 550.0803803231371615 553.2721277633301963   0.8075340146064817
 598.6198857990385043 550.5282454168765420 554.1073867145234033  -0.8627659859422964
 599.0431844530368448 552.1250640000400514 555.0862648518945594   0.4477340135089254
 599.9370249143816219 549.1733117788550335 553.8466045080423144   0.4477340135089254
 596.0309609955663805 547.8826288293868323 552.2176605806021514  -0.8627659859422964
 594.3736711761174246 547.3818514038976189 551.4579906747658331   0.4477340135089254
 597.5370727243015589 546.6902116388824683 552.1326229045756650   0.4477340135089254
 586.4670570317909652 554.3114771369869062 557.6355054065544158   0.7340340118625910
 584.8985843406362488 555.2128765028672970 556.1936443663724370  -0.5894659853935182
 586.1873775639705734 551.9852242661298555 558.5614712121757389  -0.4157659864910745
 587.4648324305013166 551.3653940942036256 559.8332569003047450   0.2718340135089254
 584.0954507337196953 550.3203755421451784 557.8169191154108628  -0.0014659864910746
 583.9839568918183998 550.3165960898773180 555.7571176294366382   0.0875340135089254
 584.6037870637445222 547.6312952535752336 558.7825691698445608  -0.0152659864910746
 584.2787541687101262 547.6218466229056360 560.8178042160777456   0.0294340135089254
 583.2110589030446233 546.3632890177140883 557.9454204925174770   0.0294340135089254
 587.2153885808237017 546.5409232743026747 558.2704533875518731  -0.0011659864910746
 588.0052941048027971 546.1591985952505854 555.7457792726331640  -0.1906659864910745
 586.7731926654861658 546.6902116388824683 554.2396675438978780   0.1698340135089254
 590.3447750585973062 545.0159142842283009 555.1826408847246275  -0.2341659864910745
 590.8984648158362449 544.6606457710510205 553.2815763939997939   0.1655340135089255
 592.0228518655194414 544.1523094410261934 557.3482670341983030   0.3225340135089255
 594.2470595251446870 542.9428847153166180 556.9174094756643487  -0.5579659881374089
 594.5475259804381505 541.6616503965180144 558.1684081763201752   0.3991340135089254
 591.0912168814961663 544.6436382358458092 560.0146706091611920  -0.2341659864910745
 592.1721402300991274 544.0804998479372727 561.6190480968604226   0.1655340135089255
 588.7403975708981830 545.8341657002161892 560.3491521348652931  -0.1906659864910745
 588.0941112330971441 546.1554191429827247 562.2369885426526685   0.1698340135089254
 581.4706211337031648 551.2123262773560790 558.7580027301036283   0.5972340140577036
 579.5563285600408732 550.2164406047794967 557.8868389823659070  -0.5679659881374090
 581.3534581134000249 552.8733955490727880 560.5778089970697285  -0.4157659864910745
 582.8765773773405222 553.0113455568491074 561.7192035819582436   0.2718340135089254
 579.0631100390874882 554.1943141166837663 561.3015741063616401  -0.0237659864910746
 577.4587325513882577 552.9187489762868997 561.0937042316302767   0.0879340135089254
 579.1462579889799906 554.9256381305112917 564.1153763197703386   0.0341340135089254
 580.9717334343479354 555.7023155715529287 564.6256023759290423   0.0240340135089254
 577.7837654464227612 556.4223012285769799 564.4366297625369815   0.0240340135089254
 578.5774504226697170 552.7146585538233968 565.9087264208616299   0.0017340135089254
 580.0060833799141302 551.2520105261683461 565.6611722973178917   0.0439340135089254
 578.7361874179191082 553.4176366756421291 567.8419162558630096   0.0439340135089254
 575.4612920278335710 551.3087023101860396 565.5818037996932500  -0.2737659864910745
 576.2379694688752081 548.4041932423490101 563.9528598722530870  -0.0536659864910745
 577.3661359708261577 547.2212246825143512 565.2000791206411605   0.0683340135089254
 574.4994214256676264 547.4158664743082564 563.4634208035675627   0.0683340135089254
 577.2981058300049900 548.8067049088742789 562.2332090903848079   0.0683340135089254
 578.4470593194291189 556.4582060251213865 559.6499534653144214   0.5972340140577036
 576.2663153608840010 556.8059156337629458 558.9167397253530195  -0.5679659881374090
 580.3500135362878290 558.4386390134708619 559.1529554920931760  -0.4157659864910745
 582.0791129488258132 558.2213205080700082 559.9258534808669525   0.2718340135089254
 579.8624641937361812 560.5608014618645171 557.4578711499658293   0.0336340135089254
 578.2372997185638789 561.6473939888692155 558.2005335205968289   0.0822340135089254
 582.1887170645932320 562.2596652562597243 557.3747232000732194  -0.1825659864910745
 582.4929629721545560 563.0042173530246004 559.2550007033248737   0.0602340135089254
 583.8441171579082039 561.1995288951298349 556.7567827542809736   0.0602340135089254
 581.8599047172908680 563.8300276735482098 556.0821505244711417   0.0602340135089254
 579.1462579889799906 559.6442842869126843 554.8538285374222633   0.5972340140577036
 577.3718051492278949 560.6798542083015337 553.8560531387119121  -0.5679659881374090
 580.4993019008676224 557.7847937711341020 553.8390456035065932  -0.4157659864910745
 582.0904513056292874 557.1706327776097165 554.7196579819139121   0.2718340135089254
 580.0608854377978397 556.8890635836554482 551.2595694307040672  -0.0275659864910745
 580.6107957427689179 558.3762780510515388 549.9405405892270731   0.1122340135089255
 581.5991225108097791 554.4739935845041581 550.7304461132061683  -0.0050659864910746
 581.3761348270070809 553.1908695395715704 552.3291544225034468   0.0338340135089254
 580.7374073937416556 553.5347996959452692 549.1071713641677424   0.0338340135089254
 584.3656815708704892 554.6535175672266210 550.1143953935477990  -0.1415659864910745
 585.7621891838382489 556.7700108372184318 549.7610166065045026  -0.1638659864910745
 585.0535418836177794 558.6805239586128630 549.9386508630930891   0.2061340135089254
 588.2074948011324236 556.1104964164799346 549.0939432812302842  -0.3418659864910745
 589.5907743311627250 557.3766129262072034 548.7027699715085972   0.3411340135089254
 588.5117407086937476 553.5253510652756715 548.9900083438646025   0.1379340135089255
 590.5696524685339884 551.9606578263888156 548.3871857071437988  -0.2601659864910745
 592.3384361298842398 552.7751297901089509 547.8580623896457925   0.1571340135089254
 590.2559579303030665 549.3207104173008432 548.3852959810098148  -0.1134659864910745
 591.7885258249131615 548.1226240483947419 547.8410548544404736   0.1416340135089255
 587.9032488935710994 548.2530151516353402 549.0145747836056425  -0.1972659864910745
 587.6745920313665565 546.2461259974109482 548.9805597131950050   0.1446340135089255
 585.8339987769272770 549.8082597598525983 549.6400741339336093  -0.2387659864910746
 584.0444281281038464 548.9918980699985865 550.0936084060746197   0.1699340135089255
 586.0872220788727524 552.5426934756365476 549.6381844077996254   0.1242340135089254
 577.2678702118622129 556.2919101253363816 550.7606817313488378   0.5972340140577036
 576.3532427630443641 556.6868628873259293 548.6593062704284695  -0.5679659881374090
 575.6861694377701459 555.3224806186347159 552.8941825365459673  -0.4157659864910745
 576.4156037254637947 554.9804401883950010 554.6251716752178280   0.2718340135089254
 573.0273247673429780 554.8519388112883869 552.4935605961546825  -0.0518659864910745
 572.8931542118345192 553.5896017538289786 550.8721755732502408   0.0921340135089254
 571.5098746818042179 553.8825093045867210 554.8481593590205262  -0.1102659864910745
 571.6912883906606650 555.2827963698224485 556.3542710877558122   0.0456340135089254
 569.5351108718564796 553.9297524579348168 554.2604545313710573   0.0456340135089254
 571.7725466144192907 551.3616146419357651 556.2201005322473534   0.3530340135089254
 571.7952233280263467 549.7988111291828932 554.9010716907703593  -0.0361659864910746
 574.0817919500710227 551.3729529987393467 557.8906184346337677  -0.4121659864910745
 573.7718768641079614 552.6201722471274202 559.4987753746007513   0.0999340135089254
 574.4654063552570962 549.4699987818806366 558.5784787473810578   0.0999340135089254
 575.6672721764309506 552.0627030376206208 556.8002464553612087   0.0999340135089254
 569.5445595025260773 551.0913838047850785 558.0531348821510193  -0.4121659864910745
 567.8721518740057866 550.4696639067249720 557.0478005789048394   0.0999340135089254
 570.0056526792029161 549.7364501667635702 559.5233418143416838   0.0999340135089254
 569.1477170144026530 552.8847339058763697 558.9885493184419402   0.0999340135089254
 571.6043609885003020 557.2859060717789799 552.0816002989598161   0.5972340140577036
 570.2305300891394908 557.5447985521261924 550.2221097831813413  -0.5679659881374090
 571.8802610040527257 559.1699630272983874 553.8125894376316768  -0.4157659864910745
 573.2465329988778156 559.0055568536472590 555.1467360881801134   0.2718340135089254
 570.4743047604153684 561.5680254912444662 553.6255065503734927  -0.0875659864910746
 568.4919820459320164 561.0880350532285396 553.3458270825531010   0.0968340135089254
 570.5253273660312173 563.0741372199797521 556.1256142255512694   0.2984340135089255
 569.8242389703464689 561.8306974238595391 557.6109389668133759  -0.0297659864910745
 573.1444877876461179 563.9830954903958639 556.9325272847356835  -0.3192659864910745
 572.9876405185306034 565.0696880174005624 558.6748547802110184   0.0790340135089254
 574.3369049781503746 562.3522618368218244 557.2915752501807170   0.0790340135089254
 573.9740775604374804 565.1736229547662441 555.4736587093484933   0.0790340135089254
 568.7433156217435077 565.3531469374888145 556.0160101097838505  -0.3192659864910745
 568.6790649331902007 566.2828921953779983 557.8547136380892535   0.0790340135089254
 569.3877122334106701 566.7099703016441995 554.6062744138786326   0.0790340135089254
 566.8441408571526581 564.7181989564912498 555.5341299456339399   0.0790340135089254
 571.2717691889300773 563.0722474938457681 551.2784666920432626   0.5972340140577036
 569.6258177262847031 563.9509701461192103 549.8857385313433636  -0.5679659881374090
 573.7095159016885310 563.1176009210598798 550.6605262462510168  -0.4157659864910745
 574.9850810420853976 562.3447029322861033 551.8756201503624367   0.2718340135089254
 574.1176967466155369 566.3490326100652894 548.4344288604917872   0.0863340135089254
 573.6811700096797380 563.2479920243004780 545.9532184466532058   0.5972340140577036
 572.7381966688529887 564.6161537452594447 544.3186053408113057  -0.5679659881374090
 573.6830597358136146 560.7308768139173826 545.6981054185738539  -0.4157659864910745
 574.4918625211319053 559.6575123698501425 547.0700465918006811   0.2718340135089254
 572.5567829599965415 559.4779883871275720 543.5116922816268916   0.0336340135089254
 573.4033802679933304 560.2697836372406512 541.8071593088299474   0.0822340135089254
 573.1709439535210343 556.6490683646474313 543.6364142064657526  -0.1825659864910745
 572.3489130852652854 555.6834183102137334 542.0150291835613108   0.0602340135089254
 575.2118481781559563 556.3674991706931631 543.6175169451265574   0.0602340135089254
 572.3867076079436763 555.8327066747935270 545.3617341667358762   0.0602340135089254
 569.6843992364362730 559.9239637547329685 543.3359477511722891   0.5972340140577036
 568.6790649331902007 560.1375028078660691 541.2440209209214109  -0.5679659881374090
 568.2463176485221548 560.2773425417762649 545.5903910289403116  -0.4157659864910745
 569.1004738610545572 560.1091569158572762 547.2892548233355187   0.2718340135089254
 565.5874729780949871 560.8801651784971760 545.5355889710566023   0.0212340135089254
 564.6161537452594447 559.4307452337795836 544.4414375395161827   0.1123340135089254
 564.4574167500100535 560.6741850298997966 548.2019925460194911  -0.1231659864910745
 565.6630620234518757 561.6152686445925619 549.5796028976480554   0.1111340135089254
 562.5979262342315785 561.5642460389766057 548.2246692596265471   0.1111340135089254
 564.0926996061632829 557.3577156648679007 549.0221336881412560  -0.3119659864910745
 563.3273605219252272 557.6808588337685276 551.4107475214177373   0.1932340135089254
 565.2851167966676468 563.4879872433084951 544.4754526099268203   0.5972340140577036
 563.5541276579957862 563.9698674074584057 543.0052456777360485  -0.5679659881374090
 566.8403614048847977 565.2945654273372446 545.3182704656556411  -0.4157659864910745
 568.2671046359953341 564.7786701927766964 546.4974595732225469   0.2718340135089254
 566.8025668822064070 567.9326231102912330 544.4905704189981551  -0.0252659864910746
 565.0148859595168528 568.8018971318950777 545.0291423671656518   0.0697340135089254
 568.3464731336199761 568.9492957703408871 545.3995286894142668   0.0697340135089254
 567.1238203249729423 568.1518313418261782 541.6333045045092213   0.5972340140577036
 565.4533024225866356 569.1817320848131832 540.3766366254515503  -0.5679659881374090
 569.1118122178581390 566.9707525081253958 540.5977345831203719  -0.4157659864910745
 570.4176129763976749 566.2016339716193724 541.7788134168211543   0.2718340135089254
 569.5691259422671171 566.8762662014293116 537.8633008673363153  -0.0518659864910745
 569.8450259578195409 568.7943382273593566 537.1546535671158459   0.0921340135089254
 571.9766370368827937 565.3436983068191095 537.2321323386066111  -0.1102659864910745
 571.6950678429285255 563.3821625798089368 537.7990501787830083   0.0456340135089254
 572.1656096502748544 565.3625955681584122 535.1780000310342310   0.0456340135089254
 574.4994214256676264 566.2564360295030819 538.3754166496290030   0.3530340135089254
 574.6241433505063799 565.6252675007733777 540.3161653891661036  -0.0361659864910746
 576.7311879898285929 565.0526804821952435 536.9864679411968571  -0.4121659864910745
 578.4980819250449678 565.6895181893267921 537.8273960707918012   0.0999340135089254
 576.6102455172576999 563.0098865314264450 537.1470946625801248   0.0999340135089254
 576.7104010023555211 565.5799140735592659 535.0003657744456445   0.0999340135089254
 574.7772111673540340 569.1250403007955972 538.3754166496290030  -0.4121659864910745
 576.7576441557035093 569.6636122489630937 538.5530509062175895   0.0999340135089254
 573.9740775604374804 569.9962040485333183 536.7067884733764653   0.0999340135089254
 573.8021124822506311 569.8450259578195409 540.0364859213457121   0.0999340135089254
 567.3279107474364453 565.7669969608175576 536.4157706487525993   0.5972340140577036
 566.3660401452706080 566.9480757945183400 534.6658842487415433  -0.5679659881374090
 566.2980100044494405 563.6221577988168464 537.2869343964903207  -0.4157659864910745
 566.9688627819914118 562.7661118601505674 538.8554070876449297   0.2718340135089254
 564.3213564683677183 562.3938358117680755 535.8979856880581746  -0.0597659864910745
 564.8901640346780992 562.1311638791530026 533.9364499610480021   0.0868340135089254
 563.7922331508698191 559.7576678549479636 537.0639467126876224   0.1302340135089254
 563.8130201383429984 559.9655377296793272 539.1180790202600026   0.0186340135089254
 561.1863008121923767 558.6559575188718231 536.3855350306099298  -0.3204659864910745
 560.9387466886487460 558.6351705313987511 534.3408513537071474   0.0881340135089254
 561.0351227214787068 556.7435546713435152 537.1300871273749135   0.0881340135089254
 559.6934171663946565 559.7935726514924777 537.2340220647404878   0.0881340135089254
 565.9011675163259088 557.8547136380892535 536.3571891386010294  -0.0430659864910745
 567.7304224139617141 558.7126493028895166 536.7389138176531189   0.0235340135089254
 565.7273127120051828 556.2068724493098952 537.5836213995159236   0.0235340135089254
 565.9370723128704228 556.9230786540660857 533.6057478876117615  -0.0660659864910746
 566.0995887603876747 558.5104486065598901 532.3037265813399785   0.0185340135089254
 567.5641265141766018 555.6871977624815940 533.3374067765949515   0.0185340135089254
 564.2268701616717415 555.8534936622665988 533.1805595074794369   0.0185340135089254
 562.0461262031266238 564.0662434402883663 535.8507425347101864   0.5972340140577036
 560.8574884648901203 564.3780482523854116 533.8778684508964322  -0.5679659881374090
 561.3847220562541425 565.2151969297124952 538.0182584103178459  -0.4157659864910745
 562.4202919776429920 565.0111065072489922 539.6094078150795109   0.2718340135089254
 559.1737424795662478 566.7780004424653670 538.1165241692817907  -0.0249659864910746
 557.5542471827957899 565.6630620234518757 537.5061426280251583   0.0842340135089254
 558.6370602575326277 567.8154600899882005 540.7829277442446795   0.2116340135089254
 558.4235212043995272 566.2432079465656237 542.0962874073199367   0.0351340135089254
 560.2112021270890812 569.0022081020907200 541.3819709286977301   0.0351340135089254
 559.5063342791363649 569.0003183759567360 536.3817555783420694   0.5972340140577036
 561.7966823534490091 570.1247054256399325 536.2986076284495670  -0.4157659864910745
 563.2631098333718129 569.4047197686158814 537.2869343964903207   0.2718340135089254
 562.2407679949204216 572.3148980148546479 534.7414732940984322  -0.0518659864910745
 560.8801651784971760 573.7737665902418381 535.2554788025249962   0.0921340135089254
 564.9222893789547527 573.3958213634576093 535.0513883800614935  -0.1102659864910745
 564.9128407482851551 573.8833707060092569 537.0526083558841481   0.0456340135089254
 566.4227319292881940 572.0333288209003796 534.6828917839468622   0.0456340135089254
 565.3833825556314841 575.7995530058054252 533.4696876059694263   0.3530340135089254
 564.6879633383484728 575.4726303846370452 531.5591744845749951  -0.0361659864910746
 564.0152208346725174 578.0917908062519459 534.6186410953935552  -0.4121659864910745
 564.7106400519555287 578.4206031535542025 536.5291542167878788   0.0999340135089254
 564.3761585262514275 579.7585292563704994 533.4621287014337052   0.0999340135089254
 561.9894344191089303 577.7232942101373146 534.6791123316790016   0.0999340135089254
 568.2047436735759037 576.2455283734108217 532.9840279895516550  -0.4121659864910745
 568.9889800191532618 574.6392611595778221 531.9597964249662799   0.0999340135089254
 568.4466286187179047 577.9576202507434871 531.8634203921363190   0.0999340135089254
 569.1874012632150276 576.4571777004100458 534.7830472690446832   0.0999340135089254
 562.0064419543142492 571.6459349634465530 531.9843628647073197   0.5972340140577036
 563.2933454515145897 569.5955821081419262 531.1793395316568896  -0.5163659864910745
 564.1739578299219086 568.4863128675301719 532.4586841243215092   0.2935340135089254
 563.4331851854247856 568.8982731647250383 528.5545099316402518   0.0380340135089254
 564.2060831741985621 570.4743047604153684 527.4773660353051511   0.0879340135089254
 565.1339387059538694 566.5644613893322665 528.1406599083115088  -0.0303659864910745
 564.4782037374832328 564.9978784243115340 529.3047312068069724  -0.0122659864910746
 565.0621291128648412 566.0202202627629254 526.1545577415601888  -0.0122659864910746
 567.8456957081308700 567.2239758100707636 528.8568661130675919   0.7993340124113690
 568.4617464277892395 569.5199930627851447 528.9570215981654131  -0.8014659853935182
 569.3347999016608373 565.4287359828455958 529.3349668249497494  -0.8014659853935182
 560.2433274713657347 565.8954983379241717 530.4801408621060177   0.2718340135089254
 557.2594499059040635 551.9852242661298555 536.2702617364406665   0.3653340135089254
 559.3135822134764437 552.0853797512276768 536.1436500854679288   0.0042340135089254
 556.3353738264165095 554.3511613857992809 537.1338665796426666  -0.6761659848447401
 556.8323717996378622 555.6550724182049405 535.9735747334150635   0.4101340135089254
 557.5485780043939455 550.5962755576977095 540.6147421183256908   0.5972340140577036
 559.5120034575382095 549.6173974203265536 541.3876401070994673  -0.5679659881374090
 557.0837053754493536 553.1625236475627773 544.4206505520431109  -0.0024659864910746
 558.9658726048348844 553.9732161590149447 544.2222293079813451   0.0977340135089254
 557.3955101875463987 561.4338549357361149 542.9050901926382274  -0.1704659864910745
 558.7617821823714888 562.9097310463286238 543.3472861079757633   0.1429340135089254
 557.2122067525559678 559.3362589270834995 544.4244300043108640  -0.1256659864910745
 558.4348595612031088 559.1472863136913314 546.0722711930902223   0.1329340135089254
 558.9942184968437848 550.7304461132061683 547.6558616933162735  -0.5679659881374090
 559.6442842869126843 543.0562682833518975 544.3299436976148875  -0.0275659864910745
 559.4912164700650302 541.4027579161708021 545.5488170539940605   0.1122340135089255
 559.3211411180121648 542.2077812492212322 541.5652743636880538  -0.0050659864910746
 559.1491760398253154 543.8253868198578134 540.3010475800947690   0.0338340135089254
 560.9463055931843598 541.0720558427345615 541.0059154280473778   0.0338340135089254
 558.3819472294532760 533.7021239204417221 540.3218345675678408  -0.1972659864910745
 559.9182945763312314 532.3301827472148949 540.2878194971573108   0.1446340135089255
 558.9847698661741870 536.2003418694856222 540.7356845908965838  -0.2387659864910746
 560.9519747715862042 536.7464727221888400 541.0096948803152385   0.1699340135089255
 562.3258056709469080 543.9368806617592162 544.7305656380061722   0.5972340140577036
 563.9547495983870710 542.3910846842116631 545.3314985485930994  -0.5679659881374090
 562.9002824156590261 546.3973040881247258 544.3526204112219432  -0.4157659864910745
 561.5453487776374104 547.6672000501197478 543.9104244958842998   0.2718340135089254
 565.4816483145954287 547.2722472881302000 544.5453724768818646   0.0336340135089254
 566.6003661858767805 546.1705369520541669 543.2112258263334281   0.0822340135089254
 565.7991223050942111 550.0936084060746197 543.9179834004200209  -0.1825659864910745
 564.7030811474198075 551.2217749080256766 545.2483505987005969   0.0602340135089254
 567.7890039241132840 550.6095036406351677 544.0559334081962328   0.0602340135089254
 565.1301592536860088 550.4507666453857767 542.0036908267577292   0.0602340135089254
 566.5172182359842781 546.8905226090781106 547.1607534462289046   0.5972340140577036
 568.6072553401011725 545.9116444717069547 547.4649993537902288  -0.5679659881374090
 565.0659085651327017 547.6067288138343012 549.1298480777747984  -0.4157659864910745
 563.3235810696573668 548.3286041969922288 548.8388302531509324   0.2718340135089254
 565.9408517651382834 547.3497260596209654 551.6866475369702685  -0.0875659864910746
 567.7682169366401047 548.2605740561710611 551.9625475525227996   0.0968340135089254
 564.1229352243060597 548.3550603628671453 553.6273962765073692   0.2984340135089255
 564.8315825245265292 547.9525486963418764 555.5190121365626050  -0.0297659864910745
 563.8659324700927239 551.2293338125612904 553.2796866678659174  -0.3192659864910745
 563.1572851698722545 551.6318454790865591 551.3880708078106815   0.0790340135089254
 562.5506830808835903 551.9757756354602578 554.6780840069676610   0.0790340135089254
 565.7065257245320034 552.1193948216382068 553.5253510652756715   0.0790340135089254
 561.6171583707264385 546.9094198704173059 553.3836216052315991  -0.3192659864910745
 561.9478604441626790 544.9025307161930214 553.7048750479981347   0.0790340135089254
 560.8461501080865385 547.1834301598359606 551.4938954713103472   0.0790340135089254
 566.3206867180564963 544.5982848086316975 552.2006530453968327   0.5972340140577036
 568.0932498316746082 543.8726299732059091 553.5159024346060739  -0.5679659881374090
 564.6558379940718193 542.9825689641289927 551.1575242194723695  -0.4157659864910745
 563.2895659992467293 543.6156272189925733 549.9858940164411849   0.2718340135089254
 564.8032366325176288 540.3199448414339643 551.6412941097561567   0.0336340135089254
 564.6331612804647633 539.9590071498549466 553.6614113469180067   0.0822340135089254
 562.7264276113381928 538.8327303740378737 550.2542351274579949  -0.1825659864910745
 562.8832748804537074 539.1615427213402377 548.2265589857604235   0.0602340135089254
 562.9456358428731380 536.8220617675457288 550.6416289849118215   0.0602340135089254
 560.8763857262293156 539.4601194504998247 550.9099700959286315   0.0602340135089254
 567.2920059508919313 539.3127208120539078 550.7285563870721843   0.5972340140577036
 568.5656813651549212 537.9388899126932042 552.1042770125668721  -0.5679659881374090
 568.0403374999247754 539.8531824863553885 548.4306494082239265  -0.4157659864910745
 566.9556346990539535 541.0210332371187126 547.3629541425584236   0.2718340135089254
 570.4629664036117869 538.9574522988767347 547.4309842833795913  -0.0014659864910746
 570.5461143535043966 536.9430042401166218 547.8429445805744576   0.0875340135089254
 570.6519390170039550 539.3013824552504336 544.5472622030157411  -0.0152659864910746
 571.4210575535098710 537.5666138643107122 543.7913717494472834   0.0294340135089254
 568.7565437046809659 539.5092523299816896 543.7875922971794228   0.0294340135089254
 572.2789932183101339 541.4329935343135790 543.5135820077608756  -0.0011659864910746
 571.0431123267256420 543.5608251611088640 542.5120271567825562  -0.1906659864910745
 569.0400026247691108 543.5268100906983338 542.4364381114257749   0.1698340135089254
 572.3753692511400945 545.6924362401720095 541.6597606703841379  -0.2341659864910745
 571.4191678273759943 547.3440568812192282 541.0399304984579080   0.1655340135089255
 575.2326351656290283 545.6073985641456305 541.6786579317233333   0.3225340135089255
 576.6102455172576999 547.5802726479593847 540.7980455533160144  -0.5579659881374089
 578.3695805479383537 547.3742924993620053 541.1967777675734225   0.3991340135089254
 576.4836338662849622 543.2093361001995515 542.6310799032196803  -0.2341659864910745
 578.4848538421075096 543.0411504742805627 542.6537566168267361   0.1655340135089255
 574.9435070671391463 541.2326825641179367 543.5173614600287361  -0.1906659864910745
 575.8127810887428834 539.5602749355976460 544.2335676647848193   0.1698340135089254
 572.7363069427191120 540.1215235973721985 548.7896973736689602   0.5972340140577036
 574.6317022550421010 538.8157228388326624 549.0958330073642682  -0.5679659881374090
 572.5756802213358443 542.4458867420953727 549.7270015360939724  -0.4157659864910745
 570.9807513643062116 543.4436621408057239 549.4133069978630506   0.2718340135089254
 574.5957974584975870 543.6269655757961551 551.1896495637490230  -0.0597659864910745
 576.3721400243835594 543.3907498090559986 550.1162851196816754   0.0868340135089254
 574.2594262066596092 546.5087979300260211 551.3937399862125260   0.1302340135089254
 572.3753692511400945 546.8602869909354410 552.1420715352452628   0.0186340135089254
 576.2304105643394871 547.6256260751734964 553.2192154315803635  -0.3204659864910745
 575.8222297194124812 547.0454801520596412 555.1524052665818504   0.0881340135089254
 578.1258058766624761 546.9698911067028599 552.7430044458322972   0.0881340135089254
 576.2020646723306940 549.6816481088798607 553.1209496726165262   0.0881340135089254
 574.4635166291231122 547.8580623896457925 548.8010357304725418  -0.0430659864910745
 573.7492001505009057 549.7780241417098213 549.0183542358735029   0.0235340135089254
 573.2446432727439392 546.9169787749530270 547.4385431879153124   0.0235340135089254
 577.1148023950146664 548.0300274678326419 547.6199568967717594  -0.0660659864910746
 578.3865880831436723 549.1128405425694796 548.8256021702134742   0.0185340135089254
 577.8877003837884429 546.1478602384471112 547.3119315369425747   0.0185340135089254
 576.9787421133723311 549.0013467006681843 545.8077095343412727   0.0185340135089254
 574.9718529591479393 542.2890394729798579 553.6803086082572020   0.5972340140577036
 577.1544866438269337 541.7259010850713215 554.3606100164688786  -0.5679659881374090
 572.8874850334327821 541.5274798410096632 555.0201244372073757  -0.4157659864910745
 571.1357089072878495 542.0547134323736854 554.4777730367719112   0.2718340135089254
 573.1577158705835761 540.1517592155149753 557.3596053910018847  -0.0518659864910745
 574.4918625211319053 541.1835496846359643 558.5425739508365436   0.0921340135089254
 570.6783951828788714 539.7908215239359578 558.8505993106657282  -0.1102659864910745
 569.3385793539286977 539.4223249278213266 557.3312594989930917   0.0456340135089254
 570.7615431327713738 538.1562084180940578 560.1015980113215550   0.0456340135089254
 569.8147903396768714 542.1265230254626062 560.3604904916687673   0.3530340135089254
 567.9439614670948148 541.7599161554819590 561.1409473849782649  -0.0361659864910746
 571.6705014031874857 542.6972203179068638 562.5204474627408132  -0.4121659864910745
 573.5413302757695422 543.0638271878876184 561.7399905694313156   0.0999340135089254
 571.0242150653864466 544.3526204112219432 563.5616865625313998   0.0999340135089254
 571.7630979837496932 541.0796147472702826 563.7922331508698191   0.0999340135089254
 569.3480279845982955 544.4187608259091269 558.6465088882022255  -0.4121659864910745
 567.8816005046753842 543.9633368276341326 557.2745677149753983   0.0999340135089254
 568.7433156217435077 546.0212485874743735 559.7916829253584938   0.0999340135089254
 571.0884657539397537 544.9025307161930214 557.6562923940274876   0.0999340135089254
 574.2197419578472346 537.5722830427124493 556.8285923473700018   0.5972340140577036
 575.8392372546177999 536.6671042245641980 558.2288794126056218  -0.5679659881374090
 573.3674754714488161 536.3042768068513041 554.7914675750029403  -0.4157659864910745
 572.0805719742484754 537.0620569865537457 553.6028298367664368   0.2718340135089254
 574.3331255258825141 533.8268458452804758 554.2339983654961409  -0.0024659864910746
 573.9910850956427992 532.6457670115796934 555.8856190065432523   0.0977340135089254
 573.1558261444495921 532.5342731696783979 551.9058557685051063  -0.0343659864910746
 573.0273247673429780 533.8589711895571293 550.3336036250826366   0.0294340135089254
 574.1554912692939275 530.8391888275510514 551.2954742272485814   0.0294340135089254
 570.5215479137633568 531.7424779195654260 552.5086784052260174   0.0117340135089254
 570.0736828200240836 529.8546415117780508 554.2415572700317547  -0.1256659864910745
 571.6648322247857486 528.9494626936297995 555.1864203369923806   0.1329340135089254
 567.6416052856673672 529.1081996888791905 554.7839086704672192  -0.1704659864910745
 567.3071237599633735 527.6247646737509606 556.1747471050332416   0.1429340135089254
 565.6366058575769593 530.2306970124284030 553.5744839447576439  -0.1072659864910745
 563.7090852009773168 529.6486613631806712 554.0072312294255822   0.1296340135089254
 566.0674634161110211 532.0920772543408620 551.8151489140768828  -0.1704659864910745
 564.4876523681528304 532.9840279895516550 550.8400502289735871   0.1429340135089254
 568.5014306766016141 532.8271807204361403 551.2860255965789836  -0.1256659864910745
 568.8529197375109265 534.2898287480911910 549.8800693529415189   0.1329340135089254
 577.1015743120772082 534.0687307904224767 553.6992058695963975   0.5972340140577036
 578.5642223397322588 532.3755361744290067 554.3228154937903804  -0.5679659881374090
 577.8990387405919171 536.0945172059860640 552.3575003145123473  -0.4157659864910745
 576.5875688036506439 537.3852001554542652 551.8189283663447433   0.2718340135089254
 580.5389861496799971 536.6595453200284769 551.7962516527376874  -0.0252659864910746
 581.3326711259268456 535.1420952344897169 550.6510776155814190   0.0697340135089254
 580.6221340995724995 538.4132111723073936 550.7228872086704472   0.0697340135089254
 582.1622608987183156 536.9770193105272593 554.1659682246749732   0.5972340140577036
 584.1937164926836398 535.8696397960493817 554.2888004233798504  -0.5679659881374090
 581.0888964546510753 538.1014063602103485 556.1577395698279230  -0.4157659864910745
 579.4127093738629242 538.9347755852696789 555.9517594212305434   0.2718340135089254
 582.4494992710743210 538.4302187075127124 558.5028897020242765  -0.0518659864910745
 584.3241075959242379 539.2012269701526123 558.1136061184364660   0.0921340135089254
 580.9585053514104772 540.3482907334427572 560.1186055465268737  -0.1102659864910745
 580.5654423155548062 541.9696757563471990 558.9072910946834218   0.0456340135089254
 579.1424785367121302 539.5394879481244667 560.6571774946944778   0.0456340135089254
 582.2869828235570693 541.3517353105549531 562.5128885582050921   0.3530340135089254
 584.2107240278889587 541.9243223291330873 562.0423467508587631  -0.0361659864910746
 580.8432320572413213 543.6779881814120040 563.4483029944961205  -0.4121659864910745
 578.9459470187843483 543.1261881503070491 564.0360078221456967   0.0999340135089254
 581.8315588252820750 544.5208060371409322 565.0470113037935064   0.0999340135089254
 580.6977231449292809 545.0782752466476240 561.9459707180288025   0.0999340135089254
 582.3455643337086393 539.4884653425086176 564.7276475871608475  -0.4121659864910745
 583.6230192002393823 537.9294412820236064 564.3308050990373158   0.0999340135089254
 583.0466527293934949 540.4333284094692436 566.4170627508864569   0.0999340135089254
 580.4558381997873874 538.7590310548149689 565.0999236355433392   0.0999340135089254
 582.7556349047695216 535.8998754141921586 559.7519986765462264   0.5972340140577036
 584.8022083078062880 535.2554788025249962 560.6477288640248802  -0.5679659881374090
 580.7109512278667392 534.3880945070551358 559.8124699128316731  -0.4157659864910745
 579.0990148356320024 535.0192630357848397 559.0112260320489961   0.2718340135089254
 580.6844950619919301 531.9484580681628055 561.0105562817377742  -0.0275659864910745
 581.3156635907216342 532.1525484906263084 562.9607536519444727   0.1122340135089255
 578.0332092961003759 530.7617100560602859 561.0124460078716508  -0.0050659864910746
 577.1544866438269337 530.8599758150241232 559.1529554920931760   0.0338340135089254
 578.1012394369215436 528.8001743290500059 561.6360556320656339   0.0338340135089254
 576.2927715267589175 532.1279820508852687 562.8095755612308025  -0.1415659864910745
 576.9352784122920959 533.8344047498161969 564.6312715543308869  -0.1638659864910745
 578.9364983881147506 534.2747109390198563 564.8334722506604059   0.2061340135089254
 574.8112262377646715 534.6583253442058222 565.8671524459153786  -0.3418659864910745
 574.7639830844165758 535.9187726755313539 567.2995648554276524   0.3411340135089254
 572.7381966688529887 533.4734670582372867 564.8259133461246848   0.1379340135089255
 569.4179478515533396 530.6332086789535645 562.1009282610103331  -0.1972659864910745
 571.9520705971417539 530.4404566132936431 561.5245617901643384  -0.2387659864910746
 572.5643418645322626 529.1800092819681113 560.0146706091611920   0.1699340135089255
 573.5904631552515144 531.8766484750737773 562.9097310463286238   0.1242340135089254
 582.4986321505562932 530.2647120828389332 559.6386151085109472   0.5972340140577036
 583.6797109842570755 528.6206503463274354 560.7724507888636339  -0.5679659881374090
 582.6970533946180590 530.5500607290610621 557.1214998981277443  -0.4157659864910745
 581.5707766188009861 531.7727135377080956 556.2389977935865487   0.2718340135089254
 584.5149699354502827 529.1308764024862465 555.6871977624815940  -0.0249659864910746
 584.3619021186026286 527.1239872482618547 556.1199450471495324   0.0842340135089254
 584.0463178542378304 529.5012627247347543 552.8488291093318556   0.2116340135089254
 582.2397396702090809 528.6678934996755313 552.3272646963695704   0.0351340135089254
 583.9707288088809415 531.5138210573608833 552.4255304553335150   0.0351340135089254
 585.9946254983106522 528.4165599238639326 551.3767324510072073  -0.6546659875886308
 586.0173022119177080 526.6024228352995694 551.6223968484169614   0.4274340135089254
 587.1246817263954783 530.0322757683666371 556.3920656104342028   0.5972340140577036
 588.9199215536206461 528.5601791100419889 556.5186772614069405  -0.5679659881374090
 587.3911331112784118 532.5097067299373581 556.9060711188607671  -0.4157659864910745
 585.8396679553290141 533.6170862444152357 556.8210334428342807   0.2718340135089254
 589.7665188616174349 533.6643293977633314 557.5636958134653877   0.0336340135089254
 591.1365703087102780 533.2939430755147162 556.0708121676675599   0.0822340135089254
 589.5756565220913901 536.5423822997253370 557.9586485754549354  -0.1825659864910745
 588.2245023363376349 536.9430042401166218 559.4609808519222531   0.0602340135089254
 591.4219189549324067 537.2888241226243046 558.4821027145510972   0.0602340135089254
 588.9444879933616859 537.4362227610701141 556.2125416277116323   0.0602340135089254
 590.7264997376493955 532.5153759083392025 559.9806555387506619   0.5972340140577036
 593.0017300028905975 532.5399423480801350 560.4436384415613772  -0.5679659881374090
 589.0125181341828536 531.5988587333873697 561.6417248104674783  -0.4157659864910745
 587.1530276184043787 531.7065731230209119 561.2240953348708749   0.2718340135089254
 589.7419524218763949 530.4536846962311012 564.0019927517350592  -0.0875659864910746
 590.9041339942379820 531.7519265502350238 565.1018133616772159   0.0968340135089254
 587.5857749030723170 529.5655134132880613 565.6271572269073617   0.2984340135089255
 586.0437583777925171 530.9280059558452909 565.5364503724791382  -0.0297659864910745
 586.6579193713170099 526.9917064188873799 564.6633968986075404  -0.3192659864910745
 586.0210816641854611 527.1768995800116875 562.7131995284007346   0.0790340135089254
 591.3406607311737810 528.1935722400612343 563.3783831275410761   0.5972340140577036
 590.7699634387296307 526.9066687428608936 561.2581104052814051  -0.4157659864910745
 589.0748790966022841 527.2751653389755248 560.4625357029005726   0.2718340135089254
 592.3441053082859769 524.9923761691987092 560.1186055465268737  -0.0249659864910746
 591.2858586732900715 524.0588514590415575 558.6181629961934325   0.0842340135089254
 594.7780725687765699 526.1110940404800611 558.9828801400402031   0.2116340135089254
 595.9100185229953799 526.9369043610036704 560.4927713210433494   0.0351340135089254
 595.8476575605760568 524.6068720378787591 558.0682526912223542   0.0351340135089254
 594.1771396581896428 528.0045996266691736 557.1800814082793142  -0.6546659875886308
 595.7078178266658610 528.6867907610147266 556.4865519171302869   0.4274340135089254
 583.0901164304736227 517.8284243955032494 556.5394642488800125   0.5972340140577036
 581.4876286689083761 519.2249320084710090 555.5851525512497888  -0.5679659881374090
 585.5845549272496623 518.2460538710998529 556.2730128639971863  -0.4157659864910745
 586.8638995199143893 517.0063935272475005 556.9589834506105999   0.2718340135089254
 586.4897337453980209 520.3927827592343332 554.8991819646363753  -0.0581659864910746
 585.9568309756321540 522.1067643627008750 555.9082957201503083   0.1359340135089254
 589.3810147302974849 520.3568779626898190 554.5892668786733140  -0.0074659864910746
 590.3126497143206526 520.3965622115021937 556.4260806808447330   0.0366340135089255
 589.9460428443398978 518.6580141682946119 553.5707044924897832   0.0366340135089255
 590.3939079380792784 522.5584089087081162 553.1190599464825422   0.1867340135089255
 590.3750106767400830 522.6963589164843279 550.5187967862069442  -0.5432659864910745
 591.4616032037447814 524.9337946590471393 549.8876282574772401   0.1634340135089254
 591.6071121160567143 525.3627624914472170 547.8788493771189718   0.1434340135089255
 592.1721402300991274 526.2358159653188147 551.8964071378355085  -0.2795659864910745
 593.0206272642297928 527.9403489381158663 552.0286879672099833   0.3338340135089254
 591.4975080002892955 524.7353734149853735 553.9278627318008330  -0.2207659864910745
 591.8773429532075083 525.3722111221168147 555.8497142099987383   0.1861340135089254
 585.4163693013306736 520.2945170002703885 552.2913598998250562   0.5972340140577036
 584.4563884252987128 522.1804636819238872 551.3257098453913583  -0.5679659881374090
 585.5316425954999368 518.0608607099755453 551.0913838047850785  -0.4157659864910745
 586.2969816797379924 516.5453003505706617 551.9644372786566762   0.2718340135089254
 584.6359124080211759 517.7641737069498348 548.5497021546609431  -0.0275659864910745
 585.5524295829730088 519.1757991289890366 547.3629541425584236   0.1122340135089255
 585.1858227129922542 515.1298954762637068 547.4517712708527706  -0.0050659864910746
 584.5187493877181433 513.6691371747425326 548.7405644941869878   0.0338340135089254
 584.2560774551030705 514.9087975185948851 545.6262958254848258   0.0338340135089254
 587.9637201298565460 514.6328975030423539 547.0190239861848323  -0.1415659864910745
 589.7117168037337254 513.6521296395372140 548.6404090090891666  -0.1638659864910745
 591.7866360987792849 514.4382557112484487 545.0499293546388311   0.1379340135089255
 593.5232944158528827 514.7047070961313821 543.1602032207175793  -0.2601659864910745
 592.6937046430614128 515.6930338641721360 540.8963113122799590  -0.1134659864910745
 594.0221821152081120 515.9292496309122925 539.3391769779288242   0.1416340135089255
 590.2068250508210943 516.3941222598569917 540.5523811559062601  -0.1972659864910745
 589.5718770698235295 517.1745791531664893 538.7552516025471084   0.1446340135089255
 588.4512694724081937 516.1314503272419187 542.4591148250328309  -0.2387659864910746
 586.4991823760676187 516.7059270719539295 542.1359716561323114   0.1699340135089255
 589.2733003406639426 515.1469030114689182 544.6984402937295185   0.1242340135089254
 581.8334485514159516 518.2025901700196176 548.4060829684829941   0.5972340140577036
 580.9320491855355608 519.3704409207829418 546.6089534151238424  -0.5679659881374090
 580.3745799760287614 517.2747346382643105 550.2750221149310667  -0.4157659864910745
 581.1550368693382591 516.4413654132049801 551.8038105572734084   0.2718340135089254
 577.6666024261196213 517.4769353345938295 550.1597488207619107  -0.0597659864910745
 576.9088222464171795 516.6870298106147341 548.4155315991525919   0.0868340135089254
 576.3910372857227548 516.2599517043485329 552.3801770281194032   0.1302340135089254
 577.1714941790322523 516.9969448965779028 554.1395120588000568   0.0186340135089254
 573.5564480848408769 516.8797818762747628 552.2441167464770678  -0.3204659864910745
 573.2956658783597880 518.9225758270435613 552.3083674350303751   0.0881340135089254
 576.8653585453370517 520.1962512413065514 550.1559693684940503   0.5972340140577036
 575.3120036632537775 520.9691492300803279 548.6063939386786366  -0.5679659881374090
 577.9122668235293753 521.7363780404523673 551.8850687810320343  -0.4157659864910745
 579.2161778559350350 521.0749738935798860 553.1115010419469284   0.2718340135089254
 577.1903914403714477 524.3479795575315469 552.0570338592188837  -0.0024659864910746
 575.1362591327990675 524.4405761380936470 552.1760866056559003   0.0977340135089254
 578.3166682161885208 525.7237001830262345 554.3587202903348946  -0.0343659864910746
 580.3405649056182313 525.3854392050542729 554.5476929037270627   0.0294340135089254
 577.9538407984756266 527.7513763247236983 554.3870661823437950   0.0294340135089254
 577.1015743120772082 524.6560049173607315 556.6660758998527500   0.0117340135089254
 574.5976871846315710 525.1359953553766582 557.1744122298775771  -0.1256659864910745
 573.5110946576267652 526.2981769277382453 555.8667217452040570   0.1329340135089254
 573.4638515042787768 524.1684555748089763 559.3041335828068459  -0.1704659864910745
 571.4758596113935803 524.5520699799950498 559.6801890834571983   0.1429340135089254
 577.3472387094869624 522.2447143704771942 560.4776535119719073  -0.1704659864910745
 578.4697360330361747 523.2160336033127366 558.3441527067748853  -0.1256659864910745
 580.4615073781891245 522.8475370071979980 557.9699869322584096   0.1329340135089254
 578.0426579267699737 525.6991337432851947 549.7270015360939724   0.5972340140577036
 576.7311879898285929 527.3564235627341505 548.7594617555262907  -0.5679659881374090
 580.1912765410384378 525.2304816620727422 548.9673316302575468  -0.4157659864910745
 581.1663752261418408 523.8755480240512339 549.9103049710842960   0.2718340135089254
 581.3213327691233714 526.2584926789258705 546.6580862946058147  -0.0518659864910745
 581.6369170334881698 528.2786099160877207 546.9377657624262064   0.0921340135089254
 583.9140370248633556 525.0056042521361674 546.2121109270004182  -0.1102659864910745
 585.1234617505729311 525.5649631877768432 547.7711349874854295   0.0456340135089254
 583.7364027682746617 522.9703692059029826 546.3330533995714186   0.0456340135089254
 585.2878679242240592 525.6348830547318876 543.7233416086261157   0.3530340135089254
 584.8154363907437462 527.5453961761263188 543.1129600673695909  -0.0361659864910746
 588.1281263035076741 525.4893741424199546 544.1995525943742891  -0.4121659864910745
 589.1825934862357191 525.6575597683389434 542.4458867420953727   0.0999340135089254
 588.6837057868804897 527.0238317631640335 545.4562204734318530   0.0999340135089254
 588.6024475631219711 523.6790165061234520 545.0688266159780264   0.0999340135089254
 584.7190603579137856 523.7602747298819704 541.5879510772951096  -0.4121659864910745
 585.8169912417219584 524.2516035247015863 539.9174331749086955   0.0999340135089254
 585.2198377834028917 521.8497616084876468 542.1813250833464231   0.0999340135089254
 582.7310684650285892 523.7980692525604686 541.0852839256720197   0.0999340135089254
 579.5355415725678012 525.9277906054897374 544.3923046600342105   0.5972340140577036
 578.8760271518291966 527.7740530383307542 543.1431956855122604  -0.5679659881374090
 578.6076860408123866 523.6072069130344239 543.9973518980446628  -0.4157659864910745
 579.0687792174892253 522.1691253251203056 545.1652026488079870   0.2718340135089254
 576.9692934827027334 523.0837527739381545 541.8903072587224498  -0.0249659864910746
 577.8914798360563035 523.7262596594714404 540.1649872984524335   0.0842340135089254
 576.3513530369104874 520.2586122037259818 541.6162969693039027   0.2116340135089254
 575.1608255725401074 519.9827121881734507 539.9590071498549466   0.0351340135089254
 578.1031291630554201 519.2003655687300764 541.3857503809654833   0.0351340135089254
 575.0606700874422862 519.3855587298542767 543.7989306539830045  -0.6546659875886308
 574.6827248606579499 517.6205545207718858 543.6118477667247129   0.4274340135089254
 574.5202084131408057 524.4783706607720377 542.1794353572124391   0.5972340140577036
 573.4978665746894143 525.4666974288128987 540.3388421027731596  -0.5679659881374090
 573.5186535621624863 524.6106514901466197 544.5132471326052110  -0.4157659864910745
 574.4559577245873911 523.8849966547208314 546.0080205045369153   0.2718340135089254
 571.1243705504842679 525.8144070374544580 544.9554430479427470   0.0212340135089254
 569.6900684148380101 524.8714336966277087 543.8178279153221998   0.1123340135089254
 570.3174574912998538 525.7066926478209158 547.7465685477444970  -0.1231659864910745
 571.7725466144192907 526.5003776240678716 548.9711110825254072   0.1111340135089254
 568.5467841038157259 526.7139166772009721 548.0451452769039766   0.1111340135089254
 569.7864444476679709 522.4922684940208250 548.8539480622222673  -0.3119659864910745
 569.1552759189383741 523.1253267488845131 551.2028776466864813   0.1932340135089254
 571.3152328900103126 528.5563996577741283 544.2373471170526800   0.5972340140577036
 569.5880232036063124 529.5957490314308383 543.0789449969589533  -0.5679659881374090
 573.3221220442347044 529.9302305571349395 545.1009519602546800  -0.4157659864910745
 574.6638275993187545 528.9834777640403295 546.0722711930902223   0.2718340135089254
 573.7529796027687661 532.5758471446246492 544.4452169917840433   0.0336340135089254
 572.1164767707928822 533.7002341943078456 545.0990622341208033   0.0822340135089254
 576.2077338507324311 533.4602389752998285 545.7226718583147864  -0.1825659864910745
 576.1850571371253753 533.0426094997032250 547.7314507386730548   0.0602340135089254
 577.8291188736368730 532.4908094685981628 544.8949718116573003   0.0602340135089254
 576.4420598913387111 535.4860253908634156 545.4599999256997135   0.0602340135089254
 573.9381727638929664 532.9103286703287503 541.6181866954378866   0.5972340140577036
 572.5851288520054419 534.5336034193670686 540.5901756785846508  -0.5679659881374090
 575.3875927086106662 531.3815402279864085 540.2160099040682824  -0.4157659864910745
 576.5270975673650900 530.1437696102680401 541.1325270790201155   0.2718340135089254
 575.5293221686547387 531.5119313312270067 537.4437816656058352  -0.0275659864910745
 576.1945057677949729 533.3846499299429399 536.8995405390364941   0.1122340135089255
 577.4473941945847835 529.5768517700916431 536.4478959930292531  -0.0050659864910746
 577.2092887017107505 527.7948400258039335 537.4588994746771701   0.0338340135089254
 577.0051982792472476 529.1989065433074142 534.4693527308137615   0.0338340135089254
 580.1780484581009796 530.3459703065975591 536.5178158599844046  -0.1415659864910745
 581.9902958205314662 529.2877236716016537 537.9747947092377181  -0.1638659864910745
 581.6577040209613491 527.7891708474020889 539.3240591688574895   0.2061340135089254
 584.3203281436563775 530.3043963316513078 537.3757515247846675  -0.3418659864910745
 585.9681693324357358 529.6505510893145479 538.0976269079425952   0.3411340135089254
 584.1275760779964561 532.0864080759390173 535.4860253908634156   0.1379340135089255
 585.9247056313555005 533.5452766513262076 534.1877835368594933  -0.2601659864910745
 587.8824619060979201 533.3525245856662861 534.6280897260631527   0.1571340135089254
 585.1234617505729311 535.2101253753108845 532.2716012370633250  -0.1134659864910745
 586.4802851147283159 536.3061665329851805 531.2492593986119337   0.1416340135089255
 582.5364266732346840 535.4255541545778617 531.6820066832798721  -0.1972659864910745
 581.9449423933173545 536.6878912120372700 530.2231381078926819   0.1446340135089255
 580.7241793108041974 533.9572369485210739 532.9707999066141969  -0.2387659864910746
 578.7720922144636224 534.0895177778955487 532.4851402901964257   0.1699340135089255
 581.4895183950423602 532.1960121917064364 534.9342253597583534   0.1242340135089254
 572.9574049003879338 531.1226477476391961 536.1587678945393711   0.5972340140577036
 572.3697000727383574 532.4378971368484373 534.3314027230374423  -0.5679659881374090
 571.3624760433583009 529.4596887497885031 537.1867789113924994  -0.4157659864910745
 571.8764815517849724 528.4052215670604582 538.6928906401277853   0.2718340135089254
 568.9266190567338314 529.0023750253795248 536.0642815878432869  -0.0518659864910745
 569.1968498938846254 528.5431715748366701 534.0743999688242138   0.0921340135089254
 567.4828682904179760 526.8178516145665465 537.3341775498384164  -0.1102659864910745
 568.7281978126721729 525.2191433052692680 536.9694604059915383   0.0456340135089254
 567.2787778679544731 527.0767440949137589 539.3675228699376173   0.0456340135089254
 564.8693770472049198 526.3019563800061058 536.1530987161376340   0.3530340135089254
 563.7695564372627633 528.0423941493475642 536.2041213217534828  -0.0361659864910746
 565.1188208968825346 525.3948878357238705 533.4073266435499956  -0.4121659864910745
 566.2186415068246912 523.6544500663824120 533.3563040379341468   0.0999340135089254
 563.2461022981666015 525.0471782270824185 532.6249800241066214   0.0999340135089254
 566.0712428683788816 526.8405283281736025 532.2904984984025203   0.0999340135089254
 563.2838968208449922 524.4991576482452170 537.7914912742472872  -0.4121659864910745
 562.9985481746228633 525.3325268733045474 539.6528715161597460   0.0999340135089254
 564.2703338627518692 522.7020280948860650 537.9880227921750690   0.0999340135089254
 567.3260210213025688 531.3305176223705597 536.3137254375209017   0.5972340140577036
 566.2318695897621494 532.1960121917064364 534.4617938262780404  -0.5679659881374090
 567.2164169055351500 532.4586841243215092 538.5946248811638408  -0.4157659864910745
 568.3294655984147647 531.8180669649222073 540.0081400293369190   0.2718340135089254
 565.6290469530412381 534.6167513692595711 539.0783947714476279  -0.0389659864910746
 563.6561728692274839 534.1669965493863140 538.6910009139938014   0.1006340135089254
 565.8501449107100600 535.4822459385955551 541.7693647861515567   0.3653340135089254
 567.8041217331846189 535.9905822686203823 542.1756559049445787   0.0042340135089254
 564.1437222117791317 537.7990501787830083 542.1680970004089649  -0.2438659864910745
 562.1897453893045728 537.2907138487581811 541.7636956077498196   0.0641340135089254
 564.2967900286267856 538.4377776120483260 544.1201840967495398   0.0641340135089254
 564.7352064916965686 539.3146105381877844 540.9038702168155726   0.0641340135089254
 565.1547256934270487 533.4999232241120958 543.4379929624039868  -0.6761659848447401
 565.3021243318728582 534.0725102426903373 545.1519745658706362   0.4101340135089254
 566.4737545349040430 536.7748186141976330 537.4513405701414490   0.5972340140577036
 564.9260688312226134 538.1203036215496511 536.3571891386010294  -0.5679659881374090
 568.9587444010104849 537.2585885044815276 537.4570097485432934  -0.4157659864910745
 570.1039184381667532 536.1323117286644547 538.5114769312713381   0.2718340135089254
 570.1870663880593630 539.1388660077331819 535.8356247256388515  -0.0024659864910746
 569.6484944398917590 541.0304818677883102 536.4516754452971135   0.0977340135089254
 573.0481117548161573 538.8478481831093159 536.2022315956194988  -0.0343659864910746
 573.5148741098946256 539.2843749200451147 538.1618775964959024   0.0294340135089254
 573.5772350723140562 536.8863124560990359 535.8753089744511188   0.0294340135089254
 574.6279228027742405 540.4843510150850926 534.4806910876172357   0.0117340135089254
 575.3875927086106662 542.8975312881025063 535.2894938729355264  -0.1256659864910745
 574.8509104865769388 543.5570457088410034 537.1111898660356106   0.1329340135089254
 576.8653585453370517 544.4244300043108640 533.7002341943078456  -0.1704659864910745
 577.4738503604596999 546.2234492838038925 534.3597486150463427   0.1429340135089254
 577.5192037876738116 543.5721635179124456 531.2643772076832686  -0.1072659864910745
 578.6057963146785101 544.7419039948096465 530.0322757683666371   0.1296340135089254
 576.7349674420964536 541.1684318755646295 530.4442360655615037  -0.1704659864910745
 577.1941708926393083 540.5278147161653277 528.5904147281847658   0.1429340135089254
 575.3214522939233751 539.6094078150795109 532.0637313623319616  -0.1256659864910745
 574.7394166446756433 537.7801529174438129 531.4420114642718549   0.1329340135089254
 569.4122786731516025 538.8799735273859695 533.0388300474353644   0.5972340140577036
 568.6450498627795632 540.7243462340931096 531.8331847739936495  -0.5679659881374090
 569.3612560675357537 536.5121466815826675 532.0694005407338060  -0.4157659864910745
 569.8544745884891384 535.0060349528473815 533.1333163541314485   0.2718340135089254
 568.6922930161276589 536.0907377537182034 529.4672476543242242  -0.0252659864910746
 569.9338430861138877 537.1943378159282205 528.2502640240789276   0.0697340135089254
 568.8944937124571778 534.0895177778955487 529.0193825605848437   0.0697340135089254
 566.0088819059594512 536.8730843731615777 529.0004852992456484   0.5972340140577036
 565.4457435180509145 537.9974714228447741 527.0427290245032288  -0.5679659881374090
 564.2684441366179927 536.2816000932442481 530.7617100560602859  -0.4157659864910745
 564.7408756700983057 535.3121705865425824 532.3358519256166320   0.2718340135089254
 561.6587323456726897 536.9297761571791636 530.3837648292759497  -0.0518659864910745
 561.0748069702910814 536.1833343342803035 528.5545099316402518   0.0921340135089254
 559.8653822445813986 535.8828678789868399 532.4322279584465928  -0.1102659864910745
 560.9784309374611206 536.1738857036107058 534.1405403835113975   0.0456340135089254
 558.1098266661686053 536.9505631446523429 532.5682882400889281   0.0456340135089254
 559.2550007033248737 533.0407197735692411 532.1412101338227268   0.3530340135089254
 561.6398350843334943 531.4004374893256039 532.2432553450545321  -0.4121659864910745
 562.5846981512941203 531.6725580526102743 534.0536129813510345   0.0999340135089254
 561.1201603975051931 529.4181147748422518 532.0316060180553080   0.0999340135089254
 562.9135104985963769 531.9427888897610683 530.7182463549800508   0.0999340135089254
 561.3714939733166843 539.7473578228558301 530.2666018089729172   0.5972340140577036
 559.9145151240633708 540.6997797943520698 528.7264750098271012  -0.5679659881374090
 562.7491043249452486 541.1759907801002432 531.8634203921363190  -0.4157659864910745
 563.9830954903958639 540.4087619697282038 533.0993012837208110   0.2718340135089254
 562.4732043093928250 543.8801888777416302 531.8294053217257891  -0.0389659864910746
 560.4889918687754890 544.3601793157575570 532.1109745156800573   0.1006340135089254
 564.0208900130742545 545.2200047066916965 533.8060588578074038   0.3653340135089254
 563.6353858817543045 547.2420116699875305 533.7474773476558338   0.0042340135089254
 563.2971249037824504 544.1712067023654962 536.4176603748865834  -0.2438659864910745
 563.6826290351024003 542.1491997390696622 536.4781316111720300   0.0641340135089254
 564.4026146921263440 545.1236286738617358 537.8708597718720364   0.0641340135089254
 561.2921254756920426 544.4962395973998922 536.7578110789924217   0.0641340135089254
 566.6457196130908923 544.8779642764519817 533.3638629424698679  -0.6761659848447401
 567.5924724061855022 545.7472382980558264 534.6450972612684716   0.4101340135089254
 563.2914557253807132 544.8552875628449257 529.2933928500033908   0.5972340140577036
 562.0914796303407355 546.5409232743026747 528.2313667627397323  -0.5679659881374090
 565.3569263897565677 543.8045998323847416 528.2389256672753461  -0.4157659864910745
 566.2394284942978706 542.3532901615331652 529.1081996888791905   0.2718340135089254
 566.3490326100652894 544.6814327585241998 525.8654296430703070   0.0212340135089254
 566.7798901685993510 546.6902116388824683 526.0241666383196980   0.1123340135089254
 568.7697717876184241 543.2716970626189820 525.0906419281625463  -0.1231659864910745
 570.2664348856840050 543.5438176259035452 526.4795906365946923   0.1111340135089254
 568.4126135483072671 541.2572490038588691 524.8544261614223898   0.1111340135089254
 570.0396677496134461 544.3734073986950152 522.0935362797634168  -0.3119659864910745
 572.0068726550254632 542.8106038859421433 522.0519623048171657   0.1932340135089254
 564.4422989409387186 544.2732519135971939 523.8112973354979268   0.5972340140577036
 564.0454564528152945 545.9210931023765522 522.2220376568701385  -0.5679659881374090
 563.1950796925506451 542.0584928846415461 523.8075178832300662  -0.4157659864910745
 563.4974358739780927 540.8056044578517355 525.2153638530014075   0.2718340135089254
 563.8111304122090144 536.9675706798576618 523.3369760758836299  -0.0361659864910746
 557.1668533253418560 541.1741010539663665 535.5597247100863204   0.3399340135089254
 562.6602871966510091 552.1855352363254978 524.1231021475948646  -0.1102659864910745
 562.4939912968658968 551.6847578108363920 526.1148734927479217   0.0456340135089254
 564.1437222117791317 551.0516995559727038 523.2538281259911275   0.0456340135089254
 563.3330297003269644 555.0144552588056385 523.8849966547208314   0.3530340135089254
 561.9062864692164279 556.1293936778191299 524.8676542443598482  -0.0361659864910746
 565.9351825867365464 555.5360196717678164 525.0471782270824185  -0.4121659864910745
 567.3619258178470828 554.4229709788882017 524.0645206374432946   0.0999340135089254
 566.3811579543419429 557.5391293737243477 524.8638747920919876   0.0999340135089254
 565.9143955992633671 555.0182347110733917 527.0408392983693523   0.0999340135089254
 576.7538647034356489 568.1556107940939313 518.8356484248831985   0.0881340135089254
 573.5205432882964703 569.0532307077065690 519.0529669302841596   0.0881340135089254
 574.3784789530966258 565.8047914834959482 519.2154833778014112   0.0881340135089254
 577.1620455483626548 562.3220262186790473 517.6999230183965278  -0.5679659881374090
 572.5700110429339997 559.8956178627241754 518.4085703186169972   0.0921340135089254
 568.7414258956095238 556.4676546557910916 519.2362703652744833  -0.4121659864910745
 568.0365580476569147 554.7158785296460516 520.0564115073963555   0.0999340135089254
 570.3835979059871449 557.1120512674581465 520.3001861786722331   0.0999340135089254
 575.4405050403603917 556.1520703914261859 518.0892066019843383  -0.5679659881374090
 580.2441888727882707 555.8100299611864710 515.4605975496998400   0.5972340140577036
 581.3232224952572480 554.0601435611754150 516.5471900767046458  -0.5679659881374090
 580.9282697332677003 558.2364383171413429 515.7742920879307617  -0.4157659864910745
 582.9975198499115227 559.0490205547274941 517.3276469700140360  -0.0024659864910746
 584.7625240589939134 558.2307691387396059 516.6511250140702201   0.0977340135089254
 583.2129486291784999 561.9554193486984001 517.2161531281127406  -0.0343659864910746
 581.4857389427744997 562.7963474782933443 517.9607052248777240   0.0294340135089254
 585.3294418991703105 562.9437461167391540 518.7846258192673496   0.0117340135089254
 587.7615194335269195 562.9815406394175446 517.8718880965833772  -0.1256659864910745
 589.6909298162605461 563.9245139802442939 519.3326463981045512  -0.1704659864910745
 591.6146710205924354 563.9358523370478756 518.5956532058751813   0.1429340135089254
 589.2052701998427748 564.8504797858657245 521.7099218745774509  -0.1072659864910745
 590.7378380944529772 565.5931421564967241 522.8702137208050540   0.1296340135089254
 586.7750823916200425 564.8372517029282663 522.6226595972614233  -0.1704659864910745
 586.3706809989608971 565.5704654428896682 524.5048268266469541   0.1429340135089254
 584.8513411872882604 563.8942783621015170 521.1543423912046355  -0.1256659864910745
 582.9181513522867732 563.8942783621015170 521.8648794175589815   0.1329340135089254
 582.4835143414849585 558.2742328398197336 520.0034991756465226   0.5972340140577036
 584.1048993643894003 557.1876403128150353 521.2639465069720544  -0.5679659881374090
 580.1685998274313820 558.7712308130410865 520.9200163505983555  -0.4157659864910745
 578.8646887950257224 559.5554671586183373 519.7672834089063661   0.2718340135089254
 579.4580628010770359 558.2194307819360243 523.4749260836599491  -0.0597659864910745
 580.7506354766791138 559.0679178160666895 524.8355289000831945   0.0868340135089254
 576.8143359397212028 559.0698075422005661 524.0286158408987804   0.1302340135089254
 575.5142043595832965 558.2439972216770641 522.6623438460737979   0.0186340135089254
 576.0924605565632752 558.1986437944629523 526.6969091419956535  -0.3204659864910745
 577.3925921367010742 559.0244541149864543 528.0650708629546200   0.0881340135089254
 574.1706090783653698 558.8071356095856005 527.1220975221278707   0.0881340135089254
 576.2001749461967100 556.1445114868904648 526.8027338054952118   0.0881340135089254
 576.6026866127219788 561.9421912657609419 523.6657884231859938  -0.0430659864910745
 577.7081764010658724 562.8379214532395956 525.1548926167158536   0.0235340135089254
 577.4266072071116042 562.3976152640359362 521.8327540732823279   0.0235340135089254
 573.8833707060092569 562.9154002247303609 523.7678336344176915  -0.0660659864910746
 573.0594501116196315 562.4618659525892432 525.6008679843213575   0.0185340135089254
 573.8739220753396593 564.9581941754992669 523.4976027972670051   0.0185340135089254
 572.7759911915314867 562.0215597633855838 522.2787294408877244   0.0185340135089254
 579.5903436304515107 555.4245258298665211 523.9114528205957479   0.5972340140577036
 580.6013471120993202 554.5835977002715769 525.8238556681240557  -0.5679659881374090
 578.6076860408123866 553.9032962920599003 522.1294410763079310  -0.4157659864910745
 577.9368332632704153 554.6251716752178280 520.4948279704661382   0.2718340135089254
 578.5642223397322588 551.2066570989542344 522.4620328758781554  -0.0597659864910745
 577.6420359863786889 550.6661954246527539 524.2232576326926858   0.0868340135089254
 577.3510181617548229 549.8290467473256701 520.2964067264043724   0.1302340135089254
 578.1806079345461853 550.4224207533769836 518.5068360775809418   0.0186340135089254
 577.8366777781725940 546.9887883680420552 520.6951389406617808  -0.3204659864910745
 577.0070880053811240 546.3935246358568652 522.4847095894852114   0.0881340135089254
 576.9806318395062076 545.9210931023765522 519.1550121415159647   0.0881340135089254
 579.8662436460039343 546.6354095809987588 520.7291540110723108   0.0881340135089254
 574.5409954006138775 550.5395837736801236 520.0526320551284948  -0.0430659864910745
 573.5375508235016816 549.6060590635229718 521.5908691281404343   0.0235340135089254
 574.4049351189715423 552.5823777244489222 520.2850683696007908   0.0235340135089254
 573.3580268407792186 549.7761344155758373 517.5298476663436623  -0.0660659864910746
 573.4940871224215538 547.7333404648070388 517.2974113518713663   0.0185340135089254
 571.3775938524297430 550.3392728034843737 517.5015017743348693   0.0185340135089254
 574.3595816917574305 550.7096591257329890 515.9897208671978464   0.0185340135089254
 581.2136183794898290 550.2164406047794967 522.6132109665918256   0.5972340140577036
 581.7559697799251862 548.5742685944019831 524.1684555748089763  -0.5679659881374090
 582.9389383397599526 551.1707523024097204 520.9937156698212603  -0.4157659864910745
 582.5137499596276280 552.5502523801722686 519.7446066952993102   0.2718340135089254
 585.4447151933394664 550.1219542980835201 520.9502519687411325  -0.0875659864910746
 585.3747953263844223 548.0716014427788930 520.7669485337507014   0.0968340135089254
 587.1227920002616018 551.1594139456062462 518.9036785657043659   0.2984340135089255
 586.1684803026313781 551.0006769503568549 517.0857620248721425  -0.0297659864910745
 587.7010481972414731 553.9486497192740123 519.4516991445415677  -0.3192659864910745
 588.6553598948716966 554.1092764406572799 521.2696156853737914   0.0790340135089254
 588.9161421013528930 554.7026504467085934 517.9701538555473218   0.0790340135089254
 585.9417131665608194 555.0182347110733917 519.5046114762914006   0.0790340135089254
 589.5076263812702224 549.5002344000234137 518.7525004749906961  -0.3192659864910745
 588.9690544331026184 547.5613753866201894 518.3103045596531600   0.0790340135089254
 590.7529559035243119 550.2202200570473574 517.2785140905321710   0.0790340135089254
 590.4902839709092390 549.5436981011035414 520.5628581112873060   0.0790340135089254
 586.7032727985311217 550.5301351430104185 523.4579185484546302   0.5972340140577036
 587.9410434162494901 548.8274918963474582 524.4405761380936470  -0.5679659881374090
 586.4179241523089928 552.7978065037160067 524.5823055981377193  -0.4157659864910745
 585.4239282058663946 554.1470709633357779 523.7187007549357193   0.2718340135089254
 587.5725468201348588 553.3325989996156428 526.9803680620837982  -0.0275659864910745
 589.5888846050288483 552.9130797978851626 526.8896612076555747   0.1122340135089255
 587.2985365307163116 556.1671882004975205 527.5529550806619324  -0.0050659864910746
 585.4333768365359922 556.8361512519057229 526.9784783359499217   0.0338340135089254
 587.4497146214299818 556.4317498592465774 529.5900798530291013   0.0338340135089254
 589.2959770542709984 557.7810143188663489 526.3416406288184805  -0.1415659864910745
 589.3621174689582894 558.5614712121757389 523.9133425467296245  -0.1638659864910745
 587.9429331423833667 558.2024232467307054 522.5187246598957416   0.2061340135089254
 591.5617586888426026 559.8483747093761873 523.4239034780439927  -0.3418659864910745
 591.9208066542876361 560.6628466730962149 521.7363780404523673   0.3411340135089254
 593.0225169903637768 560.0694726670449015 525.5460659264376480   0.1379340135089255
 595.3468801350868435 561.2486617746118073 526.0071591031143793  -0.2601659864910745
 596.3314274508598440 562.1859659370367121 524.5180549095844122   0.1571340135089254
 596.3541041644669000 561.1674035508531814 528.4562441726763072  -0.1134659864910745
 598.1323364564867491 562.0328981201891655 528.8398585778623805   0.1416340135089255
 595.0086191571149893 559.9541993728757454 530.4007723644812684  -0.1972659864910745
 595.7645096106834471 559.9201843024652154 532.2451450711884086   0.1446340135089255
 592.6993738214631499 558.7353260164965724 529.9472380923401508  -0.2387659864910746
 591.7242751363598542 557.8018013063394206 531.4382320120041018   0.1699340135089255
 591.6203401989941725 558.7636719085053654 527.4452406910284976   0.1242340135089254
 586.4557186749873834 551.6847578108363920 528.9985955731117717   0.5972340140577036
 587.8106523130088919 550.6680851507867379 530.5878552517394527  -0.5679659881374090
 584.1067890905232768 551.3219303931234979 528.9456832413619389  -0.4157659864910745
 583.0655499907326902 552.2573448294145260 527.6304338521526976   0.2718340135089254
 582.7802013445105616 549.8195981166560725 530.8505271843545256  -0.0275659864910745
 583.4264876823116004 550.4318693840465814 532.7100177001331079   0.1122340135089255
 579.9493915958965442 550.4526563715196532 530.7749381389977441  -0.0050659864910746
 579.2804285444883420 550.3581700648236766 528.8266304949249223   0.0338340135089254
 578.9497264710522088 549.0070158790699214 531.8237361433239445   0.0338340135089254
 579.1953908684619630 552.9678818557688721 531.8974354625469566  -0.1415659864910745
 580.3575724408235501 555.2185456812691415 531.5138210573608833  -0.1638659864910745
 581.9940752727993267 555.5095635058930075 530.3214038668566267   0.2061340135089254
 579.0820073004266835 557.1252793503956047 532.7515916750793590  -0.3418659864910745
 579.5846744520496661 558.9677623309688684 532.6306492025083585   0.3411340135089254
 576.9787421133723311 556.2163210799794930 533.9799136621281299   0.1379340135089255
 575.0701187181118840 557.3917307352785382 535.3972082625690688  -0.2601659864910745
 575.0493317306387047 559.3929507111010856 535.6050781373004322   0.1571340135089254
 573.1501569660478550 555.9158546246860294 536.4856905157077511  -0.1134659864910745
 571.6799500338570832 556.8021361814950854 537.5496063291053935   0.1416340135089255
 573.1444877876461179 553.2759072155980568 536.1587678945393711  -0.1972659864910745
 571.6705014031874857 552.1893146885933585 536.9978062980003313   0.1446340135089255
 575.0285447431655254 552.0834900250936928 534.6980095930181969  -0.2387659864910746
 575.0001988511567322 550.0898289538068666 534.4183301251979126   0.1699340135089255
 577.0335441712560405 553.5536969572844646 533.5263793899870122   0.1242340135089254
 583.4019212425706680 546.9717808328367365 530.7087977243104531   0.5972340140577036
 583.2790890438657910 545.6999951447077306 532.6514361899815378  -0.5679659881374090
 584.1974959449515005 545.9381006375818711 528.5299434918992119  -0.4157659864910745
 584.1313555302642092 547.0114650816491111 526.9387940871375471   0.2718340135089254
 585.3143240900989757 543.3680730954489426 528.4014421147925977  -0.0875659864910746
 584.4318219855576730 542.2285682366944115 529.8697593208493855   0.0968340135089254
 584.7700829635296345 541.9545579472758643 525.9126727964182952   0.2984340135089255
 585.6223494499281605 540.0856188008276843 526.0657406132659493  -0.0297659864910745
 581.9279348581120356 541.5614949114201931 525.5441762003036639  -0.3192659864910745
 581.5915636062740580 540.4616743014780367 523.8358637752388592   0.0790340135089254
 581.1833827613470521 540.5240352638974672 527.1542228664046316   0.0790340135089254
 580.9641745298122143 543.3756319999845564 525.3778803005185518   0.0790340135089254
 585.8642343950700541 543.2036669217978143 523.5524048551507144  -0.3192659864910745
 585.5637679397765903 541.9847935654185339 521.9177917493088143   0.0790340135089254
 584.9061432451719699 544.9856786660855240 523.2330411385179482   0.0790340135089254
 587.8843516322319041 543.5305895429661943 523.7678336344176915   0.0790340135089254
 588.1508030171147301 543.3076018591633887 528.9929263947099273   0.5972340140577036
 589.0522023829952283 541.4084270945725392 529.9944812456882465  -0.5679659881374090
 589.3375510292172497 545.5620451369315187 528.6678934996755313  -0.4157659864910745
 588.4890639950866918 547.0927233054077371 527.9063338677052288   0.2718340135089254
 592.0115135087158598 545.6943259663059935 529.1932373649055696  -0.0518659864910745
 592.9677149324800673 544.2297882125170662 528.1047551117669946   0.0921340135089254
 593.1736950810774469 548.2681329607066749 528.5072667782921561  -0.1102659864910745
 592.8543313644447878 548.3663987196706194 526.4739214581929552   0.0456340135089254
 592.2496190015898928 549.8649515438701843 529.4237839532439889   0.0456340135089254
 596.0309609955663805 548.3626192674027590 529.0458387264597601   0.3530340135089254
 596.3352069031277047 547.9506589702080000 531.0413895238805703  -0.0361659864910746
 597.4766014880161125 546.4294294324013794 527.4263434296891947  -0.4121659864910745
 597.1723555804547883 546.8395000034622617 525.4307926322683847   0.0999340135089254
 599.4891598206422414 546.5447027265705353 527.8515318098215195   0.0999340135089254
 596.7944103536705595 544.5321443939444064 527.8477523575536589   0.0999340135089254
 597.0797589998926881 551.0592584605084249 528.7926154245142848  -0.4121659864910745
 596.1254473022624646 552.2970290782267933 530.1343209795984424   0.0999340135089254
 599.1017659631884148 551.0498098298388271 529.1856784603699560   0.0999340135089254
 596.7566158309921688 551.7452290471218384 526.8783228508521005   0.0999340135089254
 592.3875690093662120 545.3522855360662787 531.9975909476447778   0.5972340140577036
 594.1714704797879057 544.0918382047407469 532.7950553761594868  -0.5679659881374090
 590.9948408486662055 546.5106876561600051 533.5414971990584544  -0.4157659864910745
 589.6701428287874743 547.6445233365126918 532.7440327705436379   0.2718340135089254
 590.9872819441305919 546.1894342133933622 536.3042768068513041  -0.0014659864910746
 592.7050429998649944 546.9906780941759318 537.1168590444374552   0.0875340135089254
 588.6459112642020990 547.5235808639417988 537.4229946781326559  -0.0152659864910746
 587.0755488469135061 547.3761822254958818 536.0907377537182034   0.0294340135089254
 588.0676550672222277 546.4653342289458934 539.0935125805190701   0.0294340135089254
 588.9180318274867695 550.2769118410650506 538.2034515714421535  -0.0011659864910746
 589.6852606378588089 552.1193948216382068 536.4252192794221971  -0.1906659864910745
 590.1444640884016637 551.5619256121315148 534.5449417761706503   0.1698340135089254
 589.8345490024386024 554.6950915421728723 537.0771747956250806  -0.2341659864910745
 590.3844593074096808 556.0859299767388948 535.7279103360053092   0.1655340135089255
 589.1599167726286631 555.4755484354823700 539.7530270012575672   0.3225340135089255
 589.2184982827802331 557.9189643266425606 540.5070277286921484  -0.5579659881374089
 588.2660763112839936 558.1438417365792428 542.0320367187666297   0.3991340135089254
 588.4248133065332773 553.4251955801778503 541.5973997079647073  -0.2341659864910745
 587.9807276650618647 553.8655017693815096 543.5135820077608756   0.1655340135089255
 588.3133194646319818 550.9250879049999661 540.7262359602269862  -0.1906659864910745
 587.7596297073930431 549.4813371386842183 542.0244778142309086   0.1698340135089254
 590.8720086499613285 543.3869703567881380 537.0374905468127060   0.5972340140577036
 592.4423710672499215 542.4534456466309862 538.4717926824589636  -0.5679659881374090
 589.0484229307273676 541.9999113744899761 535.9754644595489401  -0.4157659864910745
 587.8522262879551430 542.8502881347545179 534.7584808293037508   0.2718340135089254
 588.7403975708981830 539.3108310859200313 536.5008083247790859  -0.0252659864910746
 588.3870187838548866 539.0406002487692373 538.5114769312713381   0.0697340135089254
 587.1209022741276178 538.6135221425030360 535.4444514159171645   0.0697340135089254
 591.0666504417552338 537.7688145606402312 535.7562562280141023   0.5972340140577036
 591.9208066542876361 536.2116802262890966 537.2529193260797905  -0.5679659881374090
 592.1608018732956533 538.4302187075127124 533.4904745934424981  -0.4157659864910745
 591.4294778594681278 539.7832626194003443 532.4019923403039231   0.2718340135089254
 594.3037513091623802 536.9940268457325782 532.6041930366334420  -0.0597659864910745
 593.8521067631551393 534.9928068699099233 532.6155313934370238   0.0868340135089254
 594.9840527173739493 537.1659919239193201 529.7714935618855482   0.1302340135089254
 596.3541041644669000 535.6504315645145439 529.4748065588598378   0.0186340135089254
 592.7050429998649944 536.4762418850381535 528.0971962072312735  -0.3204659864910745
 591.4219189549324067 538.0673912897998183 527.9309003074462687   0.0881340135089254
 593.3475498853981728 535.9584569243437286 526.2112495255778823   0.0881340135089254
 591.6921497920832007 534.8661952189371859 528.8852120050764923   0.0881340135089254
 596.3314274508598440 539.5791721969368413 528.9248962538887596  -0.0430659864910745
 594.9991705264453915 541.1136298176809201 529.1081996888791905   0.0235340135089254
 597.9490330214964254 539.9438893407836119 530.1475490625357933   0.0235340135089254
 597.3084158620971235 539.4412221891605219 526.1961317165065474  -0.0660659864910746
 595.7323842664067936 539.4393324630266454 524.8714336966277087   0.0185340135089254
 598.5008330526014877 541.0701661166006848 525.7992892283830157   0.0185340135089254
 598.4328029117803200 537.7329097640957172 525.9372392361593352   0.0185340135089254
 596.5052822551805701 537.4324433088022536 534.3295129969035658   0.5972340140577036
 597.9150179510858952 535.6787774565233370 534.9002102893478234  -0.5679659881374090
 596.8624404944917269 539.8059393330074001 535.1893383878377052  -0.4157659864910745
 595.6038828893001792 541.1533140664931872 534.6980095930181969   0.2718340135089254
 598.9279111588676889 540.5032482764242879 536.8088336846082706  -0.0518659864910745
 600.7004742724858007 540.0686112656223656 535.8526322608440629   0.0921340135089254
 598.9033447191266489 543.3359477511722891 537.4796864621503494  -0.1102659864910745
 599.1395604858668054 544.2278984863830822 535.6372034815770857   0.0456340135089254
 597.1137740703032183 543.9349909356253397 538.3073865088078352   0.0456340135089254
 601.0878681299396273 544.1239635490174005 539.2239036837596682   0.3530340135089254
 600.9423592176276945 543.0657169140214951 540.9851284405741985  -0.0361659864910746
 603.6560059459385717 543.5891710531176569 537.9823536137733319  -0.4121659864910745
 603.8034045843844887 544.6493074142475463 536.2211288569586942   0.0999340135089254
 605.1696765792095786 544.1636477978297751 539.2560290280363218   0.0999340135089254
 603.8223018457236840 541.5747229943576513 537.5855111256499075   0.0999340135089254
 600.8100783882532197 546.8867431568102501 540.0837290746938078  -0.4121659864910745
 599.0394050007689843 547.1116205667469324 541.1098503654130595   0.0999340135089254
 602.3842202578095658 547.3856308561654795 541.3139407878765624   0.0999340135089254
 600.8100783882532197 548.1226240483947419 538.4358878859144495   0.0999340135089254
 598.7087029273327438 539.0500488794388348 539.2257934098935447   0.5972340140577036
 600.5927598828522585 538.1335317044870020 540.2292379870057406  -0.5679659881374090
 596.4410315666272631 538.9196577761983440 540.4333284094692436  -0.4157659864910745
 595.0029499787132521 539.8720797476945838 539.5924002798742996   0.2718340135089254
 595.9119082491293639 537.4267741304005165 542.7047792224425850  -0.0024659864910746
 597.1383405100442581 538.1032960863443322 544.2165601295796080   0.0977340135089254
 593.1510183674703909 537.8217268923900640 543.5513765304392663  -0.0343659864910746
 592.9110231484623740 539.7946009762038185 544.0880587524728863   0.0294340135089254
 591.9151374758858990 537.4834659144181025 541.9413298643384062   0.0294340135089254
 592.2571779061256139 536.1927829649499010 545.7547972025914399   0.0117340135089254
 590.1161181963928708 534.6243102737952922 545.4959047222442277  -0.1256659864910745
 589.1088941670128142 534.5865157511169016 543.7554669529027692   0.1329340135089254
 589.2676311622622055 533.1314266279974645 547.5292500423435358  -0.1704659864910745
 587.6424666870899030 531.9484580681628055 547.3270493460139096   0.1429340135089254
 590.5450860287929485 533.2107951256222138 549.8573926393344632  -0.1072659864910745
 589.8874613341883279 532.0920772543408620 551.4069680691498769   0.1296340135089254
 592.6653587510526197 534.7868267213125439 550.1446310116905759  -0.1704659864910745
 593.6272293532185645 534.8510774098658510 551.9171941253086878   0.1429340135089254
 593.5176252374511455 536.2721514625746506 548.1018370609216701  -0.1256659864910745
 595.1238924512841452 537.4607892008110465 548.3323836492600895   0.1329340135089254
 596.5336281471894705 534.6091924647239574 542.3287237217922326   0.5972340140577036
 597.7695090387739623 533.4904745934424981 543.9576676492323955  -0.5679659881374090
 595.8627753696473917 533.4904745934424981 540.1423105848453778  -0.4157659864910745
 594.8404335311960005 534.5147061580278732 538.8837529796538301   0.2718340135089254
 596.5090617074484305 530.8448580059527885 539.5432674003923271  -0.0237659864910746
 595.6624643994517492 529.6259846495736154 540.9756798099046009   0.0879340135089254
 595.5887650802288446 529.9434586400723977 536.9146583481078289   0.0341340135089254
 596.6148863709479889 530.9790285614612471 535.4614589511223758   0.0240340135089254
 596.1443445636016599 527.9686948301246594 536.7219062824479076   0.0240340135089254
 592.7881909497574968 530.1003059091878049 536.1965624172177617   0.0017340135089254
 592.2307217402506974 532.0580621839302244 536.0434946003701076   0.0439340135089254
 592.6313436806420896 529.3122901113426935 534.2973876526269121   0.0439340135089254
 590.5054017799806812 528.4411263636049724 538.1297522522192489  -0.2737659864910745
 589.9989551760897307 530.7579306037924254 540.5901756785846508  -0.0536659864910745
 588.4002468667923448 530.1947922158838890 541.7580264293479750   0.0683340135089254
 591.6694730784761450 530.8883217070330236 541.7844825952228914   0.0683340135089254
 589.6058921402340597 532.5947444059638445 539.7454680967218461   0.0683340135089254
 599.3776659787409459 530.4234490780883244 539.6283050764188135   0.5972340140577036
 600.2771756184874601 528.7756078893089661 541.0059154280473778  -0.5679659881374090
 600.7174818076911195 532.1790046565012248 538.0598323852640972  -0.4157659864910745
 599.9729297109261359 533.6870061113703874 537.1584330193837064   0.2718340135089254
 603.3876648349217617 531.7462573718331791 537.8519625105328411  -0.0875659864910746
 603.7731689662417116 529.8111778106978155 537.2585885044815276   0.0968340135089254
 604.7142525809344771 533.5225999377191516 536.0737302185128847   0.2984340135089255
 603.7996251321166281 533.4696876059694263 534.2293575118057445  -0.0297659864910745
 604.5725231208904046 536.2173494046909411 537.1470946625801248  -0.3192659864910745
 605.4871505697083610 536.2721514625746506 538.9914673692872649   0.0790340135089254
 605.5306142707884887 537.5174809848287400 535.8696397960493817   0.0790340135089254
 602.5996490370766503 536.7767083403316171 537.3436261805080140   0.0790340135089254
 607.4430171183167966 532.5720676923567885 535.6995644439965163  -0.3192659864910745
 604.6065381913010421 532.0202676612518338 540.3823058038533947   0.5972340140577036
 606.3545348651782216 530.6162011437483531 540.9983565235116567  -0.5679659881374090
 603.7882867753131538 533.8910965338338904 541.9054250677938920  -0.4157659864910745
 602.3823305316756891 535.0891829027398841 541.4216551775099975   0.2718340135089254
 605.0184984884958011 534.2520342254128004 544.2940389010703732   0.0336340135089254
 607.0310568211219300 534.4315582081353709 543.8971964129468415   0.0822340135089254
 604.1265477532850080 536.6500966893588794 545.6754287049667982  -0.1825659864910745
 602.1177688729267396 536.4913596941094882 546.1006170850990152   0.0602340135089254
 605.1829046621470368 536.8655254686258566 547.4290945572457146   0.0602340135089254
 604.4459114699176669 538.2941584258703770 544.4754526099268203   0.0602340135089254
 604.6273251787741141 532.0523930055284874 546.0495944794831664   0.5972340140577036
 606.4395725412046007 530.9846977398629842 547.0398109736579040  -0.5679659881374090
 602.2387113454976328 531.2794950167547108 546.4464369676065907  -0.4157659864910745
 600.7911811269140244 532.2281375359830899 545.6395239084222840   0.2718340135089254
 601.6566756962499010 529.3255181942801517 548.2416767948318658  -0.0024659864910746
 602.8509826128881416 529.5900798530291013 549.8989666142808218   0.0977340135089254
 598.8787782793857165 529.3292976465479048 549.0901638289624238  -0.0343659864910746
 597.5503008072390171 529.9358997355366765 547.6369644319770782   0.0294340135089254
 598.2362713938524308 527.5510653545280559 549.9065255188164356   0.0294340135089254
 598.7578358068147160 531.2511491247458104 551.1461858626687880   0.0117340135089254
 599.0318460962333706 533.7871615964682085 550.6397392587779448  -0.1256659864910745
 599.3342022776607108 534.4051020422604544 548.6989905192407365   0.1329340135089254
 598.9279111588676889 535.5370479964792647 552.5597010108418662  -0.1704659864910745
 599.1527885688042636 537.5401576984357958 552.1345126307096490   0.1429340135089254
 598.5424070275477388 534.7641500077054880 555.0106758065377781  -0.1072659864910745
 598.4592590776551290 536.1455398116019129 556.5375745227461358   0.1296340135089254
 598.2608378335934706 532.2375861666527950 555.5303504933660793  -0.1704659864910745
 597.9528124737642859 531.6101970901908439 557.4673197806354269   0.1429340135089254
 598.3685522232269056 530.4990381234452130 553.6047195629003134  -0.1256659864910745
 598.1436748132903306 528.4921489692208212 554.0147901339613033   0.1329340135089254
 602.4220147804880638 526.7044680465313746 547.4668890799241053   0.5972340140577036
 603.2497148271455498 525.2304816620727422 549.0637076630876147  -0.5679659881374090
 602.0799743502483489 526.0090488292482558 545.0404807239692334  -0.4157659864910745
 601.4393571908489399 527.2694961605737877 543.7592464051706297   0.2718340135089254
 602.6166565722819692 523.4768158097938257 544.2014423205081658  -0.0031659864910746
 601.6132119951697731 522.1558972421828475 545.4222054030213228   0.0849340135089254
 601.8097435130975549 522.9968253717777917 541.4518907956527743  -0.0036659864910746
 602.7394887709868462 524.4122302460848539 540.2783708664877130   0.0170340135089254
 598.9562570508764818 523.1385548318219714 541.0493791291275055  -0.0645659864910746
 597.9754891873713419 521.7288191359166462 542.1869942617481602   0.0351340135089254
 598.2532789290577495 525.0150528828057650 541.5274798410096632   0.0351340135089254
 598.4025672936375431 522.6283287756631604 538.2733714383971977   0.6950340118625910
 600.1184386232380689 522.2976267022269198 536.7408035437871028  -0.6086659875886308
 595.9232466059328381 522.5470705519045345 537.6100775653908400  -0.9407659859422963
 595.4375869895150670 522.2163684784684013 535.7940507506924929   0.4250340135089254
 594.5777615985809276 522.8191911151892051 538.9366653114035554   0.4250340135089254
 610.0206035649854459 536.4592343498328346 544.5094676803373504   0.0439340135089254
 609.3497507874433671 538.0881782772729976 539.5187009606512873  -0.0536659864910745
 607.6527767191820366 537.6686590755424101 540.6071832137899696   0.0683340135089254
 608.8848781584987752 539.4034276664821312 538.0031406012465112   0.0683340135089254
 612.4621297300116527 552.2006530453968327 545.1311875783974568  -0.5679659881374090
 609.9828090423069479 548.0111302064934464 547.0549287827292389   0.0396340135089254
 609.6464377904689702 547.7163329296017200 545.0442601762370940   0.1104340135089255
 609.1721165308547806 545.6187369209491047 548.4911206445094805   0.0559340135089254
 610.4098871485731492 544.0899484786068703 547.8826288293868323  -0.0173659864910746
 609.4650240816125232 545.9796746125281222 550.4980097987337649  -0.0173659864910746
 606.4187855537315287 544.8647361935145235 548.0413658246362235   0.0135340135089254
 605.1640074008077341 546.4785623118833516 548.2945891265815913  -0.0425659864910745
 606.2052465005984282 544.1239635490174005 546.1308527032417923  -0.0425659864910745
 605.7422635977877128 542.8143833382100037 549.9480994937626867   0.8053340124113690
 607.4675835580578364 542.0074702790255897 551.3729529987393467  -0.8188659842959619
 603.4897100461535667 542.0452648017040879 550.0255782652534520  -0.8188659842959619
 608.1932383934835171 550.0558138833962290 547.8731801987172347   0.5365340135089255
 606.6058684409897128 550.8891831084554522 546.3935246358568652  -0.5819659881374090
 608.3973288159470201 550.9572132492766197 550.2315584138509389  -0.4157659864910745
 609.6974603960848191 550.2769118410650506 551.4523214963639886   0.2718340135089254
 606.6342143329985059 552.8148140389212180 551.1329577797313298  -0.0031659864910746
 604.7218114854701982 552.1552996181827210 550.7417844700096425   0.0849340135089254
 606.8836581826761206 553.3023633814729732 553.9921134203542473  -0.0036659864910746
 605.4777019390386559 554.7291066125835098 554.4721038583701740   0.0170340135089254
 606.4131163753296843 551.5316899939887379 554.9350867611808893   0.0170340135089254
 609.4933699736213161 554.1924243905498898 554.8594977158241080  -0.0645659864910746
 609.6691145040760262 554.0299079430326380 556.9060711188607671   0.0351340135089254
 610.9805844410174067 553.0926037806077332 553.9543188976757493   0.0351340135089254
 609.8165131425219430 556.9476450938070182 554.1262839758625986   0.6950340118625910
 607.9740301619486795 558.3441527067748853 553.8862887568545816  -0.6086659875886308
 612.2259139632714962 557.7545581529914324 553.7521182013462304  -0.9407659859422963
 612.5528365844398762 559.5705849676897795 553.2607894065267221   0.4250340135089254
 613.6791133602569491 556.5356847966121518 553.9675469806132075   0.4250340135089254
 606.9460191450955512 555.2128765028672970 549.6684200259424025   0.5972340140577036
 605.1262128781293435 556.5961560328977057 549.2394521935422173  -0.5679659881374090
 609.2836103727560760 555.7627868078383753 548.8463891576866535  -0.4157659864910745
 610.7538173049468478 554.5817079741375929 549.1449658868462406   0.2718340135089254
 609.7371446448971937 558.0588040605527564 547.4895657935311613  -0.0518659864910745
 609.2231391364706296 559.6575123698501425 548.6838727101694019   0.0921340135089254
 612.5188215140292387 558.3365938022391642 546.7166678047573847  -0.1102659864910745
 613.4958099252666257 558.3913958601228735 548.5289151671878713   0.0456340135089254
 613.1953434699730546 556.7303265884060570 545.6206266470830887   0.0456340135089254
 613.0441653792593845 560.7875685979349685 545.2615786816380551   0.3530340135089254
 611.8706454500943231 560.8272528467473432 543.5683840656445852  -0.0361659864910746
 612.4394530164045967 563.0987036597206845 546.9113095965512899  -0.4121659864910745
 613.6129729455696580 563.0609091370422939 548.6045042125447599   0.0999340135089254
 612.8230674215905628 564.8202441677229476 545.8492835092875241   0.0999340135089254
 610.4533508496533842 563.0552399586405568 547.4536609969866471   0.0999340135089254
 615.7502532030346482 560.8234733944794827 544.2203395818473611  -0.4121659864910745
 616.0167045879175815 559.2304342635839413 542.9428847153166180   0.0999340135089254
 616.0696169196673070 562.5828084251602438 543.1979977433959699   0.0999340135089254
 608.1592233230729871 558.0380170730795771 545.1292978522635804   0.5972340140577036
 606.9592472280330094 559.9239637547329685 544.4924601451320317  -0.5679659881374090
 608.0893034561178354 555.8761703758736548 543.7913717494472834  -0.4157659864910745
 609.0417254276141825 554.3379333028618226 544.4017532907038081   0.2718340135089254
 606.6776780340787412 555.6834183102137334 541.4783469615276907  -0.0518659864910745
 607.2937287537370029 557.1668533253418560 540.1876640120594895   0.0921340135089254
 607.1746760072999866 553.1209496726165262 540.1801051075237684  -0.1102659864910745
 606.8855479088099972 551.6091687654795032 541.5501565546167189   0.0456340135089254
 605.7838375727339640 552.8639469184031904 538.6796625571903271   0.0456340135089254
 609.8240720470575567 552.8412702047961345 539.0160338090283046   0.3530340135089254
 611.2508152781680932 553.3080325598747103 540.4201003265317854  -0.0361659864910746
 610.2076864522436302 550.1030570367442172 538.1713262271655000  -0.4121659864910745
 608.8036199347401495 549.5947207067194976 536.7502521744567006   0.0999340135089254
 610.0206035649854459 548.8444994315526695 539.7908215239359578   0.0999340135089254
 610.2020172738417856 554.5552518082627838 536.7143473779121864  -0.4121659864910745
 610.1302076807528647 556.5319053443443987 537.2793754919545995   0.0999340135089254
 612.0520591589507703 554.1962038428176430 535.8809781528529633   0.0999340135089254
 608.7450384245885796 554.1867552121480452 535.3046116820069686   0.0999340135089254
 603.9167881524197680 555.9990025745785318 542.0377058971683668   0.5972340140577036
 602.5542956098625386 557.2745677149753983 540.6563160932719418  -0.5679659881374090
 603.1571182465834496 554.7536730523244423 543.8839683300093834  -0.4157659864910745
 604.3400868064181087 553.6236168242395087 544.8874129071215793   0.2718340135089254
 600.5115016590936326 554.9691018315915268 544.6455279619796856  -0.0275659864910745
 599.3342022776607108 554.2680134359066711 543.1016217105660093   0.1122340135089255
 599.8671050474264702 553.4535414721866433 547.0454801520596412  -0.0050659864910746
 601.2900688262692537 553.8239277944352585 548.4816720138398829   0.0338340135089254
 598.0888727554066212 554.1867552121480452 547.7919219749586088   0.0338340135089254
 599.5023879035796996 550.6529673417152957 546.8243821943909269  -0.1415659864910745
 600.9385797653598338 548.8917425849007653 547.9771151360828089  -0.1638659864910745
 602.5713031450678572 549.3093720604973689 549.1222891732391846   0.2061340135089254
 600.0334009472115825 546.4993492993564235 547.4612199015223681  -0.3418659864910745
 600.9083441472171643 544.8779642764519817 548.0054610280917093   0.3411340135089254
 597.8734439761395366 546.5976150583203682 546.0288074920100946   0.1379340135089255
 596.2596178577708159 544.7230067334704511 545.0858341511833451  -0.2601659864910745
 596.6243350016176940 542.7803682677993662 545.4807869131728928   0.1571340135089254
 594.2111547286001728 545.4240951291551995 543.5551559827071269  -0.1134659864910745
 592.9847224676852786 544.0124697071161050 542.8087141598082666   0.1416340135089255
 593.8105327882088880 547.9808945883506695 542.9542230721201996  -0.1972659864910745
 592.3025313333397256 548.4684439309024247 541.7277908112053055   0.1446340135089255
 595.3922335623009552 549.8819590790755030 543.9312114833574791  -0.2387659864910746
 595.0690903934004359 551.8113694618090221 543.4587799498771661   0.1699340135089255
 597.5143960106945031 549.2300035628726196 545.5374786971904787   0.1242340135089254
 599.7386036703198561 557.7545581529914324 545.0801649727816080   0.5972340140577036
 597.8999001420144531 558.6087143655238347 543.9387703878930929  -0.5679659881374090
 601.1804647105017274 559.2342137158518017 546.5428130004366586  -0.4157659864910745
 602.7054737005762087 558.4613157270779179 547.4083075697725353   0.2718340135089254
 600.6040982396558401 561.9346323612252208 546.9736705589707205  -0.0389659864910746
 598.6973645705292695 562.0612440121979584 547.7352301909409153   0.1006340135089254
 602.4522503986307333 563.1553954437383780 548.8142638134100000   0.3653340135089254
 601.8380894051063480 565.0961441832754787 549.1279583516409218   0.0042340135089254
 602.6733483562995551 561.8684919465379297 551.3880708078106815  -0.2438659864910745
 603.2421559226098287 563.2725584640415180 552.7789092423767041   0.0641340135089254
 600.8724393506726501 561.0332329953448301 551.9285324821121620   0.0641340135089254
 604.1246580271511316 560.4228514540881979 551.3672838203376096   0.0641340135089254
 604.8125183398984217 563.1950796925506451 547.6331849797092176  -0.6761659848447401
 605.3454211096641811 561.5226720640303544 547.1305178280861277   0.4101340135089254
 600.6135468703254378 563.4860975171746185 544.5283649416765457   0.5972340140577036
 598.9392495156711631 565.0489010299274903 544.1107354660799423  -0.5679659881374090
 602.3445360089972985 562.8719365236501256 542.8332805995491993  -0.4157659864910745
 603.6749032072778743 561.5321206946999522 543.1072908889677464   0.2718340135089254
 602.4371325895593987 564.3308050990373158 540.5410427991026786  -0.0875659864910746
 602.3161901169885054 566.3547017884670264 540.9057599429495565   0.0968340135089254
 604.9259019079337010 564.2816722195554510 539.0273721658317789   0.2984340135089255
 604.6405532617115723 565.4268462567117192 537.3360672759722929  -0.0297659864910745
 607.0499540824612328 565.5326709202112775 540.5599400604419812  -0.3192659864910745
 607.4052225956384059 564.4744242852153722 542.2909291991138419   0.0790340135089254
 608.7771637688652331 565.5931421564967241 539.4412221891605219   0.0790340135089254
 606.5189410388293499 567.4601915768109200 541.0550483075293502   0.0790340135089254
 605.8291909999480758 561.7059754990207854 538.1486495135584442  -0.3192659864910745
 604.3533148893555669 560.7025309219085895 537.1281974012409294   0.0790340135089254
 607.4732527364595734 561.9100659214842883 536.9259967049114105   0.0790340135089254
 606.3602040435799587 560.6874131128371473 539.8286160466144560   0.0790340135089254
 600.1448947891129853 563.7997920554055402 538.9801290124837907   0.5972340140577036
 599.0601919882421637 565.5232222895416800 537.8595214150684549  -0.5679659881374090
 599.5647488659991302 561.3696042471828079 538.5549406323514659  -0.4157659864910745
 600.4245742569332696 560.0241192398307896 539.6188564457491084   0.2718340135089254
 597.3594384677129724 560.6647363992300915 537.0337110945448453  -0.0237659864910746
 597.6296693048637664 561.4451932925395892 535.1553233174271752   0.0879340135089254
 597.1156637964372023 557.7621170575270460 536.8825330038311752   0.0341340135089254
 596.8511021376881454 557.0496903050388234 538.7987153036273435   0.0240340135089254
 595.4224691804437323 557.2802368933771355 535.8129480120317958   0.0240340135089254
 599.3682173480713483 556.3297046480147724 535.7222411576035721   0.0017340135089254
 601.1199934742162808 556.9665423551462135 536.5688384656002534   0.0439340135089254
 599.1376707597329290 554.3417127551296833 536.2192391308248177   0.0439340135089254
 599.7934057282035656 556.4525368467196494 532.3301827472148949  -0.2737659864910745
 601.8891120107221969 559.1472863136913314 532.0410546487249056  -0.0536659864910745
 602.3029620340510472 559.4723192087258349 530.0492833035719560   0.0683340135089254
 601.0028304539131409 560.8291425728813271 532.8328498988379850   0.0683340135089254
 603.6484470414029579 558.7617821823714888 533.0407197735692411   0.0683340135089254
 594.9198020288206422 561.8439255067969973 538.0673912897998183   0.5972340140577036
 593.4212492046210776 562.8039063828289581 536.5707281917341301  -0.5679659881374090
 594.5890999553844018 561.9025070169485672 540.5788373217811766  -0.4157659864910745
 595.9326952366024359 561.1088220407016114 541.6899962885268075   0.2718340135089254
 590.6830360365692677 562.1954145677063099 541.2194544811804785   0.0863340135089254
 592.1570224210277926 565.8879394333884506 541.0644969381989478   0.5972340140577036
 590.2389503950977478 566.6419401608230318 539.9627866021228073  -0.5679659881374090
 594.1185581480380729 567.4016100666593501 541.5709435420897909  -0.4157659864910745
 595.6567952210500121 566.6494990653587529 542.4421072898275120   0.2718340135089254
 593.9843875925296141 570.1417129608452513 541.1797702323681039  -0.0875659864910746
 592.2609573583934745 570.7917787509141508 542.1076257641234110   0.0968340135089254
 596.1991466214853693 571.5325513954112738 542.4780120863720262   0.2984340135089255
 596.2766253929761347 570.8919342360119719 544.4376580872483223  -0.0297659864910745
 598.7880714249574930 571.0506712312613631 541.2799257174659249  -0.3192659864910745
 600.2563886310142808 571.9426219664721562 542.4194305762204563   0.0790340135089254
 599.1490091165364032 569.0343334463673735 541.2289031118500761   0.0790340135089254
 598.8693296487161190 571.8103411370976814 539.3675228699376173   0.0790340135089254
 595.7739582413530447 574.3954864883019445 542.5158066090504169  -0.3192659864910745
 597.2366062690080953 575.3044447587180564 543.6458628371353504   0.0790340135089254
 595.8193116685671564 575.1664947509418446 540.6052934876560930   0.0790340135089254
 593.9447033437173468 574.8074467854968110 543.3567347386453611   0.0790340135089254
 593.6952594940397321 570.8276835474586648 538.3867550064324771   0.5972340140577036
 592.1608018732956533 572.4622966533005649 537.7707042867742152  -0.5679659881374090
 595.0029499787132521 569.5577875854635355 536.6293097018857001  -0.4157659864910745
 596.0914322318518271 568.0800217487371500 537.1565432932497225   0.2718340135089254
 594.8895664106779727 570.2664348856840050 533.9666855791906717  -0.0597659864910745
 594.9651554560347540 572.3526925375330387 533.8627506418249900   0.0868340135089254
 597.2139295554010396 569.2629903085718089 532.5115964560713421   0.1302340135089254
 598.8825577316535771 569.6522738921596195 533.6605499454954710   0.0186340135089254
 597.0835384521605488 566.4019449418150147 532.0429443748588896  -0.3204659864910745
 596.5487459562608052 565.4211770783099821 533.7644848828611527   0.0881340135089254
 595.6945897437284028 565.9786462878166741 530.5802963472038389   0.0881340135089254
 598.9316906111354420 565.7065257245320034 531.4571292733432972   0.0881340135089254
 597.5087268322927660 570.7029616226198038 529.9907017934203861  -0.0430659864910745
 597.4501453221411961 572.7287480381833909 530.3724264724724755   0.0235340135089254
 595.9364746888702963 570.2475376243448097 528.7359236404966988   0.0235340135089254
 599.9937166983992079 570.1436026869791278 528.6112017156578378  -0.0660659864910746
 601.5924250076965938 570.5045403785581455 529.8622004163137719   0.0185340135089254
 600.0409598517473036 568.1839566861028317 527.9781434607942571   0.0185340135089254
 600.1448947891129853 571.3681452217601455 526.9614708007446028   0.0185340135089254
 592.4007970923036702 569.4916471707763518 532.8082834590969450   0.5972340140577036
 591.3746758015844185 570.8938239621458485 531.1831189839246427  -0.5679659881374090
 591.2518436028795413 567.3770436269184177 533.5471663774601915  -0.4157659864910745
 592.1003306370102066 566.3093483612529147 534.9021000154816998   0.2718340135089254
 588.9085831968171720 566.4643059042344453 532.4246690539109791  -0.0237659864910746
 589.1561373203608026 566.5493435802609317 530.3799853770081966   0.0879340135089254
 588.4361516633368590 563.6864084873702609 533.1427649848010461   0.0341340135089254
 590.1123387441250102 562.6130440433029133 532.6117519411691631   0.0240340135089254
 588.1829283613913836 563.5106639569155509 535.1817794833020916   0.0240340135089254
 586.1628111242296410 562.5109988320712157 531.7670443593063584   0.0017340135089254
 585.9417131665608194 563.4275160070230485 529.9340100094026926   0.0439340135089254
 586.6068967657010536 560.5324555698556168 531.3985477631917272   0.0439340135089254
 583.1619260235626508 562.5733597944906461 533.4564595230319680  -0.2737659864910745
 581.0926759069188287 563.7279824623165120 530.9695799307915420  -0.0536659864910745
 581.6066814153455002 565.6592825711840152 530.4763614098381572   0.0683340135089254
 581.2646409851056779 562.5450139024817456 529.2896133977356377   0.0683340135089254
 579.1368093583103930 563.7166441055129305 531.6120868163248279   0.0683340135089254
 586.6522501929151653 568.1971847690402899 533.0501684042388386   0.5972340140577036
 585.1385795596442658 568.7338669910739100 531.3569737882454761  -0.5679659881374090
 586.4198138784428694 569.1647245496079718 535.3839801796316106  -0.3662059863813188
 587.6745920313665565 568.5222176640746859 536.7729288880637564   0.3114040134540477
 582.4986321505562932 570.5631218887096079 535.3008322297391082   0.2245840137833145
 584.9590555769218028 573.7869946731792963 535.2989425036051242   0.8098440138930701
 583.5946733082305892 574.3690303224270281 533.5547252819959126  -0.6015459862715633
 587.3004262568501883 574.7186296572024640 535.3461856569532199  -0.4157659864910745
 588.6118961937915688 573.8625837185361851 536.4516754452971135   0.2718340135089254
 587.9882865695974785 577.0448825280595147 533.9402294133157552  -0.0518659864910745
 586.7845310222896401 578.5547737090626613 534.6564356180719458   0.0921340135089254
 590.7907504262027027 577.6155798205037725 534.5014780750904150  -0.1102659864910745
 590.9513771475860777 577.8253394213690125 536.5461617519931977   0.0456340135089254
 591.9340347372250943 575.9847461669297328 533.9647958530567950   0.0456340135089254
 591.9075785713501779 579.9966347492445326 533.2372512914971302   0.3530340135089254
 590.4638278050343226 581.4611725030335673 533.1087499143904085  -0.0361659864910746
 594.0939917082970328 581.0019690524906050 534.8454082314641139  -0.4121659864910745
 594.8442129834638609 582.7272890127607285 534.0025903757351857   0.0999340135089254
 593.4231389307550616 581.4460546939621250 536.7370240915192424   0.0999340135089254
 595.5906548063627211 579.5941230827193711 534.9720198824368516   0.0999340135089254
 593.0244067164976532 579.4769600624162312 530.6105319653465085  -0.4121659864910745
 593.8747834767621953 581.2003902965523708 529.8697593208493855   0.0999340135089254
 594.4605985782777875 578.0067531302254595 530.7201360811140348   0.0999340135089254
 591.5617586888426026 578.8911449609006388 529.2915031238695142   0.0999340135089254
 587.3892433851445352 576.9485064952295541 531.0583970590858890   0.5972340140577036
 586.6957138939954006 578.8779168779631806 529.9547969968758719  -0.5679659881374090
 587.4327070862246629 574.7280782878720618 529.8319647981709948  -0.4157659864910745
 588.1035598637667417 573.1955103932619668 530.7635997821941626   0.2718340135089254
 586.4160344261750088 574.4351707371143191 527.2468194469667317  -0.0249659864910746
 587.2116091285558413 575.9639591794565535 526.1281015756853799   0.0842340135089254
 587.3325516011268418 571.9596295016774750 526.0411741735250169   0.2116340135089254
 587.3608974931356347 572.2128528036229502 523.9964904966221269   0.0351340135089254
 589.2562928054587312 571.5476692044826085 526.6591146193172628   0.0351340135089254
 585.7376227440973164 569.8790410282301784 526.5778563955586369  -0.6546659875886308
 585.6903795907493280 569.5672362161331331 528.4033318409265817   0.4274340135089254
 583.5039664538023657 574.6808351345240734 527.0483982029049659   0.5972340140577036
 582.5572136607078633 575.9337235613138840 525.3268576949027028  -0.5679659881374090
 582.0621054136204944 573.6169193211264309 528.8285202210587990  -0.4157659864910745
 582.9691739579027296 572.8137857142098773 530.3138449623209056   0.2718340135089254
 579.3446792330417565 574.0950200330084809 529.1497736638254418  -0.0581659864910746
 578.3809189047418279 573.6206987733942915 527.4036667160821389   0.1359340135089254
 578.3072195855189230 572.3224569193903690 531.2095751497995591  -0.0074659864910746
 579.7509703518347784 571.8311281245708607 532.5777368707585256   0.0366340135089255
 576.7841003215784258 573.2862172476901902 532.2111300007778785   0.0366340135089255
 577.2262962369159618 569.9432917167834855 530.1078648137235260   0.1867340135089255
 577.2244065107820852 569.4122786731516025 527.5321680931888606  -0.5432659864910745
 575.1646050248078605 568.0271094169873172 527.1447742357349265   0.1634340135089254
 574.2348597669186768 567.9590792761661495 525.3476446823758821   0.1434340135089255
 574.0931303068746045 567.3581463655792224 529.3292976465479048  -0.2795659864910745
 572.2941110273815761 566.6476093392248762 529.4596887497885031   0.3338340135089254
 575.3195625677894987 568.6261526014403678 531.2190237804691567  -0.2207659864910745
 574.5636721142209334 568.9681930316800825 533.0633964871762968   0.1861340135089254
 578.7456360485887060 576.8691379976049123 529.7223606824035760   0.5972340140577036
 576.9995291008454029 577.9236051803329571 528.5979736327203796  -0.5679659881374090
 580.2101738023776331 578.1314750550643205 531.3494148837097550  -0.4157659864910745
 581.6142403198811138 577.1903914403714477 532.2564834279919903   0.2718340135089254
 579.7226244598259855 580.8073272606968071 531.9503477942966821  -0.0389659864910746
 577.7497503760122310 580.9566156252764932 532.5286039912766607   0.1006340135089254
 581.2910971509805943 581.7843156719340866 534.2010116197969515   0.3653340135089254
 580.4615073781891245 583.5606582378200592 534.8340698746605323   0.0042340135089254
 581.3156635907216342 579.9323840606912255 536.4214398271544440  -0.2438659864910745
 582.4211533790655279 580.7071717755989860 537.9634563524341366   0.0641340135089254
 579.3994812909254660 579.5563285600408732 537.0563878081519013   0.0641340135089254
 582.1887170645932320 578.1636003993409740 535.8790884267189793   0.0641340135089254
 583.8441171579082039 582.2321807656733598 533.6227554228169728  -0.6761659848447401
 583.9688390827470651 583.7666383864174386 532.6533259161154145   0.4101340135089254
 580.0438779025926284 582.4740657108153607 529.6070873882343126   0.5972340140577036
 578.4168237012863418 584.0671048417109021 529.0893024275399952  -0.5679659881374090
 581.9902958205314662 581.9203759535764220 528.0405044232136876  -0.4157659864910745
 583.2261767121159581 580.5786703984922644 528.5223845873635983   0.2718340135089254
 582.4173739267976674 583.3716856244278909 525.7747227886420833  -0.0875659864910746
 582.3455643337086393 585.3615672434469641 526.1923522642386870   0.0968340135089254
 585.0932261324301540 582.8331136762603944 524.7334836888514968   0.2984340135089255
 585.4163693013306736 580.7978786300272095 524.7051377968425964  -0.0297659864910745
 585.5316425954999368 583.8478966101760645 522.0500725786832891  -0.3192659864910745
 585.0932261324301540 585.8604549428021934 521.9725938071925238   0.0790340135089254
 587.4969577747779702 583.5606582378200592 521.5020519998460873   0.0790340135089254
 584.3467843095312939 582.8444520330638686 520.6970286667956572   0.0790340135089254
 587.0831077514492272 584.0784431985144839 526.4417961139163017  -0.3192659864910745
 586.8676789721822500 583.4416054913830426 528.3844345795872789   0.0790340135089254
 588.9728338853704790 583.5644376900879197 525.8030686806508764   0.0790340135089254
 586.8827967812535846 586.1269063276851270 526.3888837821664688   0.0790340135089254
 580.4161539509750127 582.8860260080101197 523.8283048707031381   0.5972340140577036
 579.5260929418982036 584.6661480261639528 522.6321082279310208  -0.5679659881374090
 579.6640429496744154 580.4841840917961803 523.4333521087135905  -0.4157659864910745
 580.4142642248411361 579.0366538732125718 524.4273480551561888   0.2718340135089254
 577.8177805168332914 579.9134867993520300 521.5152800827835455  -0.0597659864910745
 578.2599764321709346 580.7619738334826954 519.6916943635495849   0.0868340135089254
 577.3547976140226835 577.1072434904789453 521.1751293786777073   0.1302340135089254
 579.1103531924354766 576.1945057677949729 520.6025423600995731   0.0186340135089254
 576.4250523561333923 575.9393927397156211 523.6752370538555914  -0.3204659864910745
 574.6694967777204917 576.8502407362656095 524.2478240724337256   0.0881340135089254
 576.0981297349650123 573.9230549548216315 523.4125651212405185   0.0881340135089254
 577.8499058611100523 576.2171824814020288 525.1359953553766582   0.0881340135089254
 575.6030214878776434 576.6178044217933136 518.8998991134365055  -0.0430659864910745
 575.1154721453259957 574.6165844459707663 518.9169066486418242   0.0235340135089254
 575.3705851734053475 581.1833827613470521 522.1691253251203056   0.5972340140577036
 574.6052460891671846 581.1096834421241473 524.6030925856108987  -0.4157659864910745
 575.6427057366900180 580.2007251717080356 525.9240111532218769   0.2718340135089254
 572.3092288364529108 582.3247773462355673 525.3835494789203963  -0.0518659864910745
 570.7653225850392344 581.5726663449348627 524.2478240724337256   0.0921340135089254
 571.6761705815892228 581.9279348581120356 528.1916825139273577  -0.1102659864910745
 571.3870424830993408 579.8908100857449743 528.2729407376859836   0.0456340135089254
 573.2351946420743414 582.4494992710743210 529.4332325839135867   0.0456340135089254
 569.2497622256343507 583.2885376745353885 529.0571770832632343   0.3530340135089254
 569.4406245651603954 585.2897576503579359 528.6112017156578378  -0.0361659864910746
 566.8819353798310487 582.2302910395394832 527.7551557769915589  -0.4121659864910745
 566.6891833141711275 580.2290710637168284 528.2011311445969554   0.0999340135089254
 569.0286642679656364 583.2809787699996674 531.9522375204306661  -0.4121659864910745
 570.6538287431378314 584.2466288244334727 532.7685992102845704   0.0999340135089254
 567.3014545815615289 584.2522980028352098 532.5115964560713421   0.0999340135089254
 568.9738622100819271 581.3383403043285827 532.6325389286423425   0.0999340135089254
 572.5889083042731952 585.1026747630997518 524.9413535635827529   0.5972340140577036
 574.8490207604430621 586.1779289333009759 525.4062261925274522  -0.4157659864910745
 576.3475735846426270 585.1612562732513217 526.0128282815161165   0.2718340135089254
 579.2123984036671743 588.7592948322373783 524.6446665605571499   0.0186340135089254
 578.4357209626256447 589.4755010369935689 528.4694722556137654  -0.0430659864910745
 577.2924366516032529 590.8134271398097585 529.5409469735471288   0.0235340135089254
 577.9047079189937618 587.5536495587956635 528.9853674901743135   0.0235340135089254
 581.2344053669630083 589.8969099648580330 529.0741846184685530  -0.0660659864910746
 581.7673081367287679 591.8187614430559384 528.5601791100419889   0.0185340135089254
 581.5518793574617907 589.6134510447697807 531.0886326772286661   0.0185340135089254
 582.3776896779852928 588.5589838620417360 528.0045996266691736   0.0185340135089254
 590.4354819130255297 561.4508624709414336 551.5713742428011125  -0.8340659864910746
 589.1788140339678584 561.5094439810928962 552.8922928104119833   0.4169340135089254
 589.4452654188507920 561.8325871499935231 550.0728214186015477   0.4169340135089254
 606.7419287226320482 539.2465803973667240 555.3187011663669628  -0.8340659864910746
 606.6852369386143547 540.5051380025582720 553.9108551965956214   0.4169340135089254
 605.0184984884958011 539.0765050453137513 556.0802607983371577   0.4169340135089254
 597.8961206897465926 531.1812292577907660 561.4981056242894220  -0.8340659864910746
 598.3742214016287500 532.0089293044482521 563.1289392778634614   0.4169340135089254
 596.1065500409232693 531.6101970901908439 561.0729172441570974   0.4169340135089254
 571.6969575690624021 572.8440213323526544 528.0858578504277993  -0.8340659864910746
 571.4475137193847874 574.0647844148657041 529.5069319031364913   0.4169340135089254
 570.4648561297457707 571.4210575535098710 528.2540434763467883   0.4169340135089254
 573.0688987422892293 569.7637677340609150 552.7316660890287157  -0.8340659864910746
 573.1463775137799946 571.5665664658218038 552.8866236320102462   0.4169340135089254
 574.6676070515866152 569.3121231880537813 551.9965626229333298   0.4169340135089254
 572.0994692355876707 574.3312357997486374 540.9208777520208914  -0.8340659864910746
 571.9482911448738933 573.2257460114047438 539.3958687619464101   0.4169340135089254
 573.8758118014736433 574.2821029202666652 541.5614949114201931   0.4169340135089254
 581.3950320883462762 566.8044566083402835 525.5706323661785804  -0.8340659864910746
 579.9399429652269466 567.7682169366401047 526.1753447290333681   0.4169340135089254
 582.7310684650285892 568.0554553089961101 525.6877953864817204   0.4169340135089254
 569.5426697763922007 547.4933452457990217 536.1719959774768293  -0.8340659864910746
 570.6122547681915803 548.1793158324124354 534.7754883645089622   0.4169340135089254
 570.2588759811482839 548.0319171939665184 537.8368447014613989   0.4169340135089254
 593.3286526240589774 556.3504916354879517 544.5793875472923946  -0.8340659864910746
 594.9897218957757939 557.1120512674581465 544.3318334237487639   0.4169340135089254
 592.8316546508377320 555.9593183257662645 542.8691853960937133   0.4169340135089254
 600.8044092098514826 545.1274081261295964 553.1663030998306380  -0.8340659864910746
 601.2466051251890184 544.3072669840078315 554.7517833261905656   0.4169340135089254
 601.7379339200085268 544.0256977900535632 551.9738859093262738   0.4169340135089254
 601.1407804616894601 554.4475374186292416 557.1479560640026606  -0.8340659864910746
 602.4957140997109686 553.8088099853638164 558.2987992795607736   0.4169340135089254
 601.8758839277848460 555.7042052976868053 555.9460902428288063   0.4169340135089254
 611.4662440574351779 569.6239280001508266 545.8814088535641776  -0.8340659864910746
 609.6502172427368307 569.1344889314651947 546.0533739317510270   0.4169340135089254
 612.2278036894053727 568.7111902774668542 544.4112019213734058   0.4169340135089254
 599.3379817299285713 540.1857742859255055 548.5856069512054572  -0.8340659864910746
 598.5424070275477388 539.2371317666970190 550.0123501823159938   0.4169340135089254
 600.9291311346902362 541.0078051541812544 549.1846501356585077   0.4169340135089254
 607.1727862811661099 566.2205312329585677 550.8627269425806431  -0.8340659864910746
 607.2105808038445005 564.8278030722586687 552.1401818091113861   0.4169340135089254
 607.6754534327890924 567.8456957081308700 551.6866475369702685   0.4169340135089254
 594.3226485705015756 527.1920173890830222 544.7815882436220211  -0.8340659864910746
 595.5830959018269999 528.3239633433018325 543.9463292924288140   0.4169340135089254
 594.2451697990108103 527.5888598772064466 546.6278506764630377   0.4169340135089254
$end
