$point_charges
  86.0014363547561691 125.7385974988522511 100.6883878675921359  -0.0360962998558786
  89.2895598277791512 127.6642284293180172  99.2654240887494464  -0.4120962998558785
  90.2249742640701659 125.8859961372981144  98.8232281734118701   0.1000037001441214
  89.7752194441969089 129.0588463161519001  97.8273425008353685   0.1000037001441214
  89.9963174018657037 128.3010661364494853 101.0871200818495306   0.1000037001441214
  86.8026802355387790 129.8827669105415523 104.5509880853271823   0.5973037006928996
  87.3431419098402596 128.0005996811559947 105.8000970598491324  -0.5678963015022129
  88.1557241474263974 132.0124882634708213 104.6322463090857948  -0.4156962998558785
  90.4044982467926962 132.3148444448982152 106.2026087263743607   0.0213037001441214
  91.7669907893499122 130.8692039524484564 105.6697059566085611   0.1124037001441214
  91.5477825578150477 134.9245562358434644 105.6451395168675882  -0.1230962998558786
  92.1600538252055297 135.0001452812002996 103.6741551591877240   0.1112037001441214
  94.2274142157153814 135.5746220259123639 107.6860437415025370  -0.3118962998558785
  95.8091149898074754 133.8398534349726694 106.7336217700062303   0.1933037001441214
  89.7941167055361311 131.8820971602302500 109.0126314875152525   0.5973037006928996
  90.9695263608351496 130.2890580293346281 110.2258356654927018  -0.5678963015022129
  84.2307629672719606 121.2807335489320280 109.0976691635417120   0.0791037001441214
  86.7743343435299591 124.3723255040271879 112.0834364551372868   0.5973037006928996
  86.8990562683687664 122.8038528128725521 113.7936386063360218  -0.5678963015022129
  88.6810680126565030 124.7653885398828053 110.4733897890363864  -0.4156962998558785
  88.5034337560679164 126.1241016301722010 109.1316842339522959   0.2719037001441215
  91.0810202027364987 123.3839987359863805 110.6510240456249861  -0.0517962998558786
  90.6841777146130341 121.3657712249584877 110.7285028171157516   0.0922037001441214
  92.7231922131140662 123.9414679454931531 108.3115430918304773  -0.1101962998558786
  92.9216134571757916 125.9861516223959355 108.1452471920454052   0.0457037001441214
  94.6053594424996372 123.1534521476479880 108.6176787255257182   0.0457037001441214
  91.6819531133234526 122.8926699411668454 105.8038765121169660   0.3531037001441214
  89.7279762908488803 123.4917131256198961 105.5544326624393647  -0.0360962998558786
  93.2277490908710461 123.9112323273504030 103.5872277570273476  -0.4120962998558785
  92.5247709690523406 123.1326651601748624 101.8165543695431257   0.1000037001441214
  93.0746812740234189 125.9615851826549762 103.5267565207418607   0.1000037001441214
  95.2100718053544384 123.3839987359863805 103.8121051669639762   0.1000037001441214
  91.7783291461534403 120.0051684085351750 105.6810443134120890  -0.4120962998558785
  91.0413359539241509 119.3569923446001924 103.8725764032494494   0.1000037001441214
  93.7304162424940957 119.3683307014037203 105.8624580222685360   0.1000037001441214
  90.6501626442024504 119.1793580880115925 107.1871560421473211   0.1000037001441214
  92.4945353509095906 124.0000494556446962 113.1114474719904553   0.5973037006928996
  93.3524710157098400 122.2671705908389052 114.4040201475925869  -0.5678963015022129
  92.5644552178646750 126.4056708241264693 113.8805660084963982  -0.4156962998558785
  91.9540736766081099 127.7757222712193663 112.6843693657242543   0.2719037001441215
  93.7039600766191927 127.1653407299628146 116.2824079247103109   0.0213037001441214
  95.6900622433704322 126.6003126159203478 116.2691798417728661   0.1124037001441214
  93.5735689733786348 130.0490628103266378 116.5715360232002600  -0.1230962998558786
  91.6101435202344513 130.6707827083867174 116.4732702642363556   0.1112037001441214
  94.3634744973577168 130.5725169494228265 118.4045703731038722   0.1112037001441214
  95.3952649664787190 131.5778512526689258 114.0978845138973460  -0.3118962998558785
  95.1609389258724794 133.9607959075436163 114.8972386685460389   0.1933037001441214
  92.4548511020972428 125.8330838055483084 118.5425203808801244   0.5973037006928996
  93.7776593958421244 124.6992481251955679 120.0788677277581067  -0.5678963015022129
  89.9263975349106193 125.8614296975571281 118.7579491601471552  -0.4156962998558785
  88.8832687089860756 126.7741674202411005 117.4294716880005095   0.2719037001441215
  88.6508323945137661 124.5839748310263851 120.8706629778711188  -0.0517962998558786
  89.6183721750814480 125.1811282893454786 122.5903137597394515   0.0922037001441214
  88.9550783020750903 121.6964732983947013 120.7534999575679923   0.5973037006928996
  89.1553892722707461 120.4908280249529462 122.7282637675156903  -0.5678963015022129
  89.0798002269138977 120.5758657009793923 118.4914977752642621  -0.4156962998558785
  88.8794892567182420 121.6341123359752977 116.9060175489043208   0.2719037001441215
  89.6164824489475311 117.8830059601416137 118.1967004983725354   0.0337037001441214
  88.2294234666493290 116.8134209683421804 119.2851827515111777   0.0823037001441214
  89.3368029811271798 117.1535716724480052 115.4074647247047696  -0.1824962998558786
  89.6334899841528232 115.1258955307505011 115.1939256715716689   0.0603037001441214
  87.4470768472059279 117.6335621104640124 114.7422811255644950   0.0603037001441214
  90.7314208679610628 118.1494573450245070 114.2641804136824180   0.0603037001441214
  92.2413120489641421 117.2064840041978112 119.2454985026988299   0.5973037006928996
  92.5020942554452846 115.3016400612051844 120.5569684396401836  -0.5678963015022129
  94.1423765396889218 118.8203101225665588 118.8354279316379205  -0.4156962998558785
  93.8608073457346536 120.3188629467661102 117.6713566331424301   0.2719037001441215
  96.6235869535275301 118.5047258582017069 120.0032786824012581  -0.0023962998558786
  97.2377479470519424 116.5696462970663431 119.6555690737597525   0.0978037001441214
  98.5341000749219210 120.2791786979537624 118.7239340897365713  -0.0342962998558786
  98.6342555600197423 119.8199752474108942 116.7189346616461233   0.0295037001441214
  97.8556883928441884 122.2180377113569598 118.8770019065841852   0.0295037001441214
 101.1759372101438238 120.1223314288383015 119.8332033303483390   0.0118037001441214
 102.5459886572367342 117.8376525329275019 119.7141505839113090  -0.1255962998558786
 101.7636420377933331 116.2351647713622822 118.7711772430846000   0.1330037001441214
 104.9308230382453548 117.6467901934014572 120.8782218824067996  -0.1703962998558786
 105.9493854244289124 115.9082421501939023 120.8120814677195488   0.1430037001441214
 105.9569443289645933 119.7500553804558098 122.1424486660001247  -0.1071962998558785
 107.7484047039219408 119.6083259204117104 123.0551863886840702   0.1297037001441214
 104.6303565829518779 122.0517418115719012 122.2066993545534317  -0.1703962998558786
 105.4259312853327238 123.6523398470031906 123.1402240647105298   0.1430037001441214
 102.2360735712736461 122.2331555204283482 121.0653047696649971  -0.1255962998558786
 101.2175111850900885 123.9717035636358763 121.1503424456914567   0.1330037001441214
  96.5668951695098904 118.8467662884414484 122.8945596673007757   0.5973037006928996
  97.7687609906838119 117.3897874391881617 124.2494933053223109  -0.5678963015022129
  95.0437759055693663 120.6061013191221424 123.8961145182790413  -0.4156962998558785
  94.1593840748942138 121.8174157709656482 122.7018076016408007   0.2719037001441215
  94.6223669777049291 120.8404273597283687 126.6532249476701538  -0.0874962998558785
  96.4535116014746110 121.1163273752808728 127.5565140396845017   0.0969037001441214
  92.9405107185150139 123.1326651601748624 127.3221879990782755   0.2985037001441215
  91.1225941776827634 122.9493617251844850 126.3792146582515529  -0.0296962998558786
  92.4529613759633259 123.3480939394418664 130.1756744612993486  -0.3191962998558785
  94.2425320247867565 123.4066754495934363 131.1961265736168364   0.0791037001441214
  94.1423765396889218 125.6403317398883602 126.5096057614921243  -0.3191962998558785
  92.8516935902207072 127.1974660742394681 126.8913304405442136   0.0791037001441214
  95.9017115703696158 125.9407981951818237 127.5432859567470434   0.0791037001441214
  94.5713443720890534 125.6252139308169717 124.5046063334016895   0.0791037001441214
  93.5093182848253009 118.4007909208360384 127.7643839144158382   0.5973037006928996
  94.3332388792149666 117.5617525173749977 129.7693833425062999  -0.5678963015022129
  91.7159681837340365 117.1894764689925193 126.4548037036084148  -0.4156962998558785
  91.0866893811382626 117.9944998020429628 124.8334186807039730   0.2719037001441215
  90.6785085362112702 114.7177146858235223 127.2220325139804274  -0.0874962998558785
  90.0870242562939138 114.8424366106623162 129.1911271455263749   0.0969037001441214
  88.3352481301489140 114.0204057424065807 125.6289933830848323   0.2985037001441215
  88.7963413068256991 114.1640249285845834 123.6296631333961346  -0.0296962998558786
  88.7679954148168792 109.9461561976723505 125.5174995411834832   0.0791037001441214
  92.6853976904356351 112.6333467601083784 127.1048694936773143   0.5973037006928996
  92.8327963288814984 111.0932199609625491 128.8377483584831053  -0.5678963015022129
  94.2765470951973403 112.6106700465013226 125.1452234928009914  -0.4156962998558785
  94.0422210545911008 113.8975735437016903 123.7468261536992479   0.2719037001441215
  96.3571355686446370 110.8078713147404472 124.9203460828643628   0.0337037001441214
  95.5880170321386806 108.9049170978817506 125.0998700655868795   0.0823037001441214
  97.5117582364705164 111.0629843428198124 122.2766192215085298  -0.1824962998558786
  98.7419699496532576 109.4529376767189119 121.9289096128670241   0.0603037001441214
  96.0245437690744930 111.0610946166858955 120.8498759903979797   0.0603037001441214
  98.6002404896091584 112.8072015644291313 122.1330000353305003   0.0603037001441214
  98.3432377353958629 111.1253453052392160 127.0330599005883130   0.5973037006928996
  99.3863665613204066 109.2545164326571729 127.9193414573973690  -0.5678963015022129
  98.7873233768673695 113.4364803670249052 127.9609154323436469  -0.4156962998558785
  98.0163151142274963 114.9482612741619148 127.0689646971328270   0.2719037001441215
 100.3406782589506302 113.8427714858179808 130.2229176146473907  -0.0517962998558786
 102.0433215056136844 112.6938179963938519 130.0717395239336938   0.0922037001441214
 101.0436563807693358 116.6584634253606364 130.5025970824677286  -0.1101962998558786
  99.3183364204992390 117.7790710227759454 130.6140909243690778   0.0457037001441214
 102.0319831488101565 116.8663333000919864 132.3016163619607570   0.0457037001441214
 102.7311818183610148 117.7809607489098623 128.4182291567525984   0.3531037001441214
 101.6918324447043318 117.9623744577663093 126.6626735783397514  -0.0360962998558786
 103.6325811842414593 120.4057903489264866 129.2308113943387227  -0.4120962998558785
 104.7588579600585188 121.2448287523875140 127.7246996656034904   0.1000037001441214
 102.0036372568013366 121.6133253485021721 129.5860799075159226   0.1000037001441214
 104.7758654952638109 120.2735095195519984 130.9391238194035544   0.1000037001441214
 105.0442066062806343 116.1331195601305309 127.9533565278079526  -0.4120962998558785
 106.3934710659004055 117.1403435895105604 126.7779468725089344   0.1000037001441214
 105.8908039142773425 115.6569085743823843 129.7637141641045360   0.1000037001441214
 104.4791784922381675 114.4134687782621981 126.9688092120349791   0.1000037001441214
  99.0329877742771236 112.9168056801965636 132.6304287092630673   0.5973037006928996
 100.1951693466386972 111.5939973864516820 134.1478787948018273  -0.5678963015022129
  96.6141383228579191 113.5574228395958653 132.9667999611010448  -0.4156962998558785
  95.7883280023343366 114.6704715324754802 131.6421019412222597   0.2719037001441215
  95.0607834407746582 108.5194129665618138 133.3749808060280239  -0.4156962998558785
  95.3140067427201067 109.4132534279065641 131.7025731775077332   0.2719037001441215
  95.2384176973632581 104.8174394702100754 130.6424368163778977  -0.0073962998558786
  93.5187669154949119 105.3730189535829312 129.6503305960692565   0.0367037001441214
  96.8314568282588668 105.7245080144922838 129.7126915584886601   0.0367037001441214
  97.9445055211384815 100.7904330788238872 130.3079552906738502  -0.5431962998558785
  99.4714042373468527 105.8832450097416616 135.0341603516108832  -0.4156962998558785
  99.5847878053821321 107.5575423643958961 134.1157534505251737   0.2719037001441215
 104.0615490166415775 106.5219724430070466 135.4744665408145427  -0.1101962998558786
 103.7289572170714333 108.4211472075979095 136.2039008285081378   0.0457037001441214
 105.7207285622244368 105.7604128110367846 136.4325576907126268   0.0457037001441214
 104.6398052136214756 106.6863786166582018 132.6266492569952335   0.3531037001441214
 103.0505455349937007 107.5424245553245210 131.6345430366865657  -0.0360962998558786
 106.9622786322106927 108.3512273406428251 132.2411451256752836  -0.4120962998558785
 107.4328204395570887 108.3833526849194786 130.2399251498526825   0.1000037001441214
 106.5163032646052827 110.2598507359032857 132.8704239282710574   0.1000037001441214
 108.5572074892402315 107.6104546961456887 133.3126198436086472   0.1000037001441214
 105.2142819583335400 104.1125716222574531 131.4361217926248267  -0.4120962998558785
 105.8227737734561882 104.3582360196672072 129.4859244224181013   0.1000037001441214
 106.6788197121225075 103.1393626632880073 132.5075965105581901   0.1000037001441214
 103.5003003548669711 102.9673975851011713 131.4002169960803393   0.1000037001441214
 105.1538107220480665  89.9566331530533559 130.5366121528783125  -0.5578963015022130
 106.8640128732467883  90.5065434580244343 130.2814991247989338   0.3992037001441214
 105.9512751505628293  94.8661416489807664 130.5649580448871322   0.1656037001441214
 137.6759974868328130 111.7829699998438098 127.9155620051295352   0.0136037001441214
 136.7727083948184382 113.2040440525525957 129.1060894694999154  -0.0424962998558786
 137.3774207576732528 112.2572912594580531 125.9351290167800598  -0.0424962998558786
 136.4949186531320306 109.2337294451840472 128.4579134055649462   0.8054036990465651
 134.6694432077640858 109.1619198520950325 129.9507970513627200  -0.8187962976607659
 138.8740838557388873 117.2915216802242573 125.8236351748787107  -0.5818963015022129
 139.3767510073619236 121.8004082357603562 119.9276896370444097  -0.0023962998558786
 140.4897997002415383 122.9342439161131233 118.6143299739691391   0.0978037001441214
 139.5033626583346611 119.0508567109049513 119.0244005450300483  -0.0342962998558786
 138.3544091689105322 117.8716676033380858 120.2659506150163176   0.0295037001441214
 138.6813317900789124 118.9355834167357551 117.1365641372427133   0.0295037001441214
 142.1622073287618559 117.9982792543108100 118.9223553337982969   0.0118037001441214
 143.7250108415147278 118.4348059912466223 116.8172004206100276  -0.1255962998558786
 143.0352608026334805 119.5497444102601539 115.2525071817232254   0.1330037001441214
 136.6517659222474915 122.7698377424619682 119.7670629156611016   0.5973037006928996
 135.9941412276428977 124.0794179532693918 117.9567052793645453  -0.5678963015022129
 135.0587267913518695 122.2426041510979459 121.6643479541180478  -0.4156962998558785
 135.7069028552868655 121.1560116240932206 123.1024295420321123   0.2719037001441215
 132.3356314323713409 122.8435370616848999 121.5925383610290196  -0.0023962998558786
 131.5362772777226477 121.9194609821973996 119.9333588154461737   0.0978037001441214
 131.0222717692960836 121.7512753562784108 123.9414679454931531  -0.0342962998558786
 131.9463478487835571 122.4807096439720059 125.6346625614865962   0.0295037001441214
 129.0701846729554280 122.4145692292847685 123.9811521943055009   0.0295037001441214
 130.9599108068766799 118.8845608111198794 124.0302850737874462   0.0118037001441214
 129.3914381157220440 117.5352963515001081 122.3597671714010590  -0.1255962998558786
 128.2500435308336094 118.5444101070140545 121.0180616163169821   0.1330037001441214
 129.3120696180973484 114.8802311333407471 122.4145692292847685  -0.1703962998558786
 128.1479983196018580 113.8616687471571895 121.0823123048702891   0.1430037001441214
 130.7463717537435794 113.5574228395958653 124.2098090565099631  -0.1071962998558785
 130.6859005174581059 111.5165186149609167 124.2986261848042562   0.1297037001441214
 132.2487040302109778 114.9029078469478029 125.9294598383782959  -0.1703962998558786
 133.2483691550553132 113.8900146391660094 127.3769900569619848   0.1430037001441214
 132.4036615731925084 117.5504141605714698 125.8141865442091131  -0.1255962998558786
 133.5790712284915269 118.5519690115497353 127.1407742902218283   0.1330037001441214
 131.7290293433826228 125.6781262625667777 121.3015205364051536   0.5973037006928996
 129.5804107291141586 126.3584276707784274 120.7289335178270196  -0.5678963015022129
 133.6017479420985828 127.3448647126853313 121.6076561701004081  -0.4156962998558785
 135.3270679023686796 126.6399968647326956 122.0158370150273870   0.2719037001441215
 133.3579732708227321 130.0868573330050553 121.2920719057355560  -0.0580962998558785
 131.5041519334459942 130.6462162686457581 121.9345787912687881   0.1360037001441214
 133.4940335524650673 130.9712491636802080 118.5198436672730818   0.5973037006928996
 132.3715362289158548 132.8987698202798773 117.8414319851953492  -0.5678963015022129
 134.7431425269870174 129.5615134677749631 116.8304285035474724  -0.4156962998558785
 135.5670631213766965 127.9250106357991329 117.4105744266613007   0.2719037001441215
 134.8338493814152409 130.1945717226385708 114.1130023229687211  -0.0580962998558785
 135.3573035205114296 132.1712252587201857 113.8805660084963982   0.1360037001441214
 136.8464077140413698 128.5788558781358929 112.7845248508220754  -0.0073962998558786
 136.3116152181416533 126.5927537113846536 112.9375926676697026   0.0367037001441214
 136.8634152492466619 129.0664052206875944 110.7833048749994743   0.0367037001441214
 139.5128112890042589 128.8509764414205635 113.7652927143272021   0.1868037001441214
 141.4252141365325665 127.0897516846059526 113.3419940603288479  -0.5431962998558785
 132.2676012915501731 129.8468621139970652 112.7958632076256034   0.5973037006928996
 131.6439916673561632 131.2490389053666155 111.0459768076145204  -0.5678963015022129
 130.7369231230739816 128.0327250254326483 113.6594680508276169  -0.4156962998558785
 131.3643121995358253 126.9366838677583254 115.0918804603399309   0.2719037001441215
 128.2859483273780968 127.4355715671135548 112.5180734659391822  -0.0251962998558786
 128.5618483429306010 126.8365283826605043 110.5640966434646099   0.0698037001441214
 127.4034462228368744 125.8859961372981144 113.5517536611941014   0.0698037001441214
 126.4925982262868323 129.7013532016851322 112.5350810011444741   0.5973037006928996
 125.9653646349228100 130.8276299775021783 110.5735452741342075  -0.5678963015022129
 125.6271036569509020 130.4893689995302972 114.7649578391715507  -0.4156962998558785
 126.1864625925916048 129.5936388120516169 116.3542175177993256   0.2719037001441215
 123.7884001286455258 132.5529499377723020 114.9822763445724851  -0.0274962998558786
 122.1783534625446120 132.1050848440329483 113.7785207972646603   0.1123037001441214
 122.8095219912743160 132.6871204932807069 117.6902538944816522  -0.0049962998558786
 121.5490746599488382 134.3085055161851220 117.8527703419988771   0.0339037001441214
 121.6662376802519512 131.0071539602246951 118.0360737769892409   0.0339037001441214
 124.7578296353471380 132.8534163930657656 119.7349375713844347  -0.1414962998558786
 125.6441111921561938 130.8654245001806228 121.0520766867275657  -0.1637962998558786
 125.1168776007921715 128.9416832958487870 120.7780663973089649   0.2062037001441214
 127.2428195014535799 131.6364327628204958 122.9266850115774293  -0.3417962998558785
 128.0440633822361763 130.4213388587091295 124.1701248076976153   0.3412037001441214
 127.6869051429250730 134.1837835913463414 122.7736171947298020   0.1380037001441214
 126.0863071074937567 135.0379398038787439 120.7742869450411313   0.1243037001441214
 124.7880652534898612 135.1248672060391069 114.0941050616294989   0.5973037006928996
 123.2970713338259907 136.6593248267831589 113.1870365173473039  -0.5678963015022129
 127.2673859411945392 135.6067473701890443 114.2282756171379173  -0.4156962998558785
 128.4220086090204320 134.2896082548459266 114.9879455229742490   0.2719037001441215
 128.7923949312689936 135.9752439663036756 108.8935787410782225  -0.4156962998558785
 129.6389922392657286 134.5088164863807911 109.8006472853604175   0.2719037001441215
 128.4427955964935576 135.8354042323935065 106.1251299548835820  -0.0388962998558786
 129.2610470124814727 137.5267091222530194 105.2879812775564716   0.1007037001441214
 129.8052881390507870 133.5545047887505676 104.9610586563880916   0.3654037001441214
 129.4065559247934057 133.5374972535452757 102.9390516930923516   0.0043037001441214
 132.6701129580754151 133.6735575351875842 105.2936504559582356  -0.2437962998558785
 133.5204897183399837 131.9671348362567096 104.5075243842469874   0.0642037001441215
 133.4071061503047043 135.3100603671633875 104.2864264265782059   0.0642037001441215
 133.1784492881002152 133.8266253520352112 107.2816423488433918   0.0642037001441215
 128.9473524742505510 131.2584875360362401 105.9720621380359684  -0.6760962982095441
 129.4745860656145734 131.1469936941348910 107.7219485380470378   0.4102037001441214
 125.6497803705579579 135.8127275187864507 105.3503422399758752   0.5973037006928996
 124.9524714271410164 137.1223077295938741 103.5551024127506806  -0.5678963015022129
 124.0132775385821544 134.5182651170503888 106.7789751972203422  -0.4156962998558785
 124.7238145649365542 133.3485246401531343 108.1244602045722662   0.2719037001441215
 121.2675054659945697 134.5579493658627366 106.3613457216237385  -0.0236962998558786
 120.8763321562728827 133.9267808371330325 104.4394942434258331   0.0880037001441214
 119.8842259359642147 132.7003485762181383 108.1074526693669743   0.0342037001441214
 120.4303567886674593 133.0518376371275046 110.0614294918415467   0.0241037001441214
 117.8546600681327940 133.0234917451186847 107.9524951263854303   0.0241037001441214
 120.4076800750604034 129.9262306116217608 107.4441587963606166   0.0018037001441214
 122.3918925156777125 129.5256086712304491 107.8107656663413444   0.0440037001441214
 119.2927416560468717 128.7564901347245062 108.7140547583557058   0.0440037001441214
 119.7462759281879626 128.9416832958487870 104.2165065596231214  -0.2736962998558785
 116.3750045052724513 129.4632477088110454 103.9519449008741450  -0.0535962998558786
 115.7343873458731495 128.8264100016795772 102.0981235634973939   0.0684037001441214
 115.3866777372316439 128.3936627170116121 105.4032545717256678   0.0684037001441214
 115.9535955774080140 131.4701368630354105 104.1541455972037179   0.0684037001441214
 120.1431184163114271 137.2111248578881675 106.6259073803727149   0.5973037006928996
 118.6426758659779590 138.0029201080011930 105.0328682494771064  -0.5678963015022129
 120.9311342141565922 138.6473167196683285 108.5553177631063146  -0.4156962998558785
 122.1311103091965968 137.8838673615641496 109.8460007125745293   0.2719037001441215
 120.1620156776506493 141.2815949503545639 108.8803506581407643  -0.0517962998558786
 118.1022141916764783 141.3382867343722037 108.9238143592209593   0.0922037001441214
 124.4611426323214813 141.2513593322118138 106.5144135384713658   0.2719037001441215
 127.2617167627927752 141.2135648095333963 102.6669311298076943  -0.0296962998558786
 122.5638575938645619 143.3961984942124443 101.1041276170548224   0.5973037006928996
 121.9515863264740799 141.0056949348020596 100.5523275859498140  -0.4156962998558785
 122.6640130789623832 139.6054078695664127 101.6597071004276648   0.2719037001441215
 120.2678403411502345 140.2970476345815901  98.4396137682258503  -0.0874962998558785
 121.0293999731205100 141.0793942540249912  96.6935068204826147   0.0969037001441214
 120.1336697856418294 137.3982077451463784  98.1448164913341373   0.2985037001441215
 119.7632834633932546 136.5497207110157399  99.9854097457734304  -0.0296962998558786
 118.0511915860606026 136.5327131758104481  96.3193410459662061  -0.3191962998558785
 118.1551265234262709 134.4899192250415689  96.0604485656189936   0.0791037001441214
 116.1954805225499344 136.9654604604784132  97.0979082131417599   0.0791037001441214
 118.2647306391937032 137.4700173382353797  94.4957553267322050   0.0791037001441214
 122.6583439005606192 136.3796453589628208  97.1489308187576356  -0.3191962998558785
 122.5751959506680898 134.3236233252565105  97.0506650597937313   0.0791037001441214
 123.0438480318805423 137.1412049909330963  95.2724327677738286   0.0791037001441214
 124.1871323429029071 136.8974303196572455  98.4263856852884057   0.0791037001441214
 117.6335621104640124 141.4441113978717889  98.7684261155281472   0.5973037006928996
 116.7000374003069145 142.7253457166703924  97.0695623211329400  -0.5678963015022129
 116.4676010858345917 141.1341963119087007 100.9812954183499320  -0.4156962998558785
 117.3255367506348412 140.0683907723771011 102.3324496041036335   0.2719037001441215
 113.9977290287995247 142.2453552786543851 101.5576618891959132  -0.0023962998558786
 112.6012214158317115 141.4724572898806086 100.2594200351920177   0.0978037001441214
 113.2664050149719995 141.5026929080233320 104.2656394391050670  -0.0342962998558786
 112.6182289510370035 139.5524955378166067 104.2958750572478170   0.0295037001441214
 114.9501510002958315 141.5915100363176520 105.4504977250736965   0.0295037001441214
 111.2746336698189961 143.1996669762846356 105.4297107376005574   0.0118037001441214
 108.8104307911856798 143.2922635568467626 104.4319353388901389  -0.1255962998558786
 108.2907561043573382 142.0828388311371603 102.8785804568068781   0.1330037001441214
 110.3789034823403157 143.4528902782300840  93.5433333552358848   0.0560037001441214
 110.0878856577164497 143.3376169840608744  95.5823478537369167  -0.0172962998558786
 108.5420896801688698 143.2166745114899275  92.6362648109536897  -0.0172962998558786
 112.0777672767355228 141.2438004276761195  92.7137435824444550   0.0136037001441214
 113.4478187238284331 140.8488476656865987  94.1952888714387144  -0.0424962998558786
 110.8966884430347404 139.5638338946201346  92.5247709690523406  -0.0424962998558786
 113.4459289976945164 141.7162319611564325  90.2060770027309572   0.8054036990465651
 112.0872159074051340 142.0658312959318685  88.2842255245330518  -0.8187962976607659
 115.7948585821586364 141.7162319611564325  90.1626133016507758  -0.8187962976607659
  98.0654479937094418 132.7834965261106944  89.2101913301544556  -0.5678963015022129
  97.8122246917639933 136.6914501710598393  94.5770135504908173  -0.5678963015022129
  94.7716553422847093 133.0442787325918103  97.9010418200583001   0.5973037006928996
  95.5653403185316249 133.0631759939310325 100.0836755047373481  -0.5678963015022129
  95.2195204360240360 131.1621115032062527  96.2796567971538583  -0.4156962998558785
  94.5316601232767056 131.3151793200538798  94.5052039574018026   0.2719037001441215
  96.6878376420808506 128.9001093209025089  96.9183842304192431  -0.0874962998558785
  95.8714759522268658 128.0308352992987450  98.5983507634752415   0.0969037001441214
  96.6916170943486978 126.9177866064191300  94.7829936990882237   0.2985037001441215
  97.8330116792371324 127.6207647282378356  93.2183004602014349  -0.0296962998558786
  97.8046657872283125 124.4120097528395357  95.7184081353792519  -0.3191962998558785
  97.8500192144424242 123.0419583057466389  94.1839505146351999   0.0791037001441214
  99.7454145267654402 124.6765714115885121  96.3571355686446370   0.0791037001441214
  96.6878376420808506 123.6561192992710510  97.2736527435964430   0.0791037001441214
  94.0516696852607117 126.3414201355731354  93.7530929561011517  -0.3191962998558785
  94.2406422986528262 124.9940454020872945  92.2110764308214054   0.0791037001441214
  92.8687011254259992 125.5307276241209145  95.2270793405597302   0.0791037001441214
  93.1691675807194762 128.0421736561022728  93.0104305854700984   0.0791037001441214
  99.4241610839988240 129.5766312768463248  97.5514424852828642   0.5973037006928996
 100.3463474373523942 128.7281442427156863  99.4978604032217557  -0.5678963015022129
 100.6449241665119542 131.2093546565542946  96.0491102088154657  -0.4156962998558785
  99.7586426097028849 131.8707588034267221  94.4976450528661217   0.2719037001441215
 103.3037688369391490 131.9028841477033757  96.4421732446710831  -0.0517962998558786
 104.4602812308989588 130.1889025442368068  96.3968198174569848   0.0922037001441214
 104.1900503937482184 133.7113520578660285  94.3407977837506608  -0.1101962998558786
 102.8861393613425590 135.3062809148955539  94.2652087383938125   0.0457037001441214
 106.0438717311249697 134.4483452500953178  94.8585827444450855   0.0457037001441214
 104.3922510900777911 132.5340526764330797  91.6895120178591469   0.3531037001441214
 102.6234674287274995 131.6080868708116761  91.1944037707717782  -0.0360962998558786
 104.8986976939686879 134.6505459464248905  89.7771091703308392  -0.4120962998558785
 105.1084572948339548 133.8530815179101008  87.8968316670791849   0.1000037001441214
 103.3169969198766072 135.9657953356340778  89.7827783487326032   0.1000037001441214
 106.6315765587744789 135.6445418928674618  90.2816660480878058   0.1000037001441214
 106.5446491566141024 130.6197601027708417  91.4948702260652551  -0.4120962998558785
 106.6825991643903546 129.8808771844076490  89.5805776524030306   0.1000037001441214
 108.3247711747679221 131.5022622073120640  92.0277729958310415   0.1000037001441214
 106.2007190002404306 129.0286106980091501  92.7628764619264140   0.1000037001441214
 103.7365161216071276 133.0915218859398522  99.0405466788128044   0.5973037006928996
 105.3390038831723473 132.2543732086127418 100.4767385405929655  -0.5678963015022129
 102.2493016542110909 135.0039247334681600  99.7359658960958291  -0.4156962998558785
 100.8943680161895555 135.5935192872515861  98.5303206226540740   0.2719037001441215
 102.5138633129600673 136.1944521978385402 102.2341838451397292  -0.0596962998558785
 104.5113038365148345 136.6215303041047412 102.5100838606922334   0.0869037001441215
 101.0398769285015019 138.7115674082216625 102.3645749483802870   0.1303037001441214
 101.2912105043130201 139.4636784095223133 104.2694188913729140   0.0187037001441214
 102.2115071315326734 140.6258599818838736 100.5088638848696190  -0.3203962998558785
 104.2524113561676222 140.7014490272407356 100.7847639004221233   0.0882037001441214
 101.8203338218109727 140.0683907723771011  98.5643356930646578   0.0882037001441214
  98.1750521094768741 138.3714167041158243 101.8997023194356683  -0.0429962998558786
  97.8632472973798690 137.7496968060557447  99.9608433060324577   0.0236037001441214
  97.4550664524528767 136.9163275809964679 103.1620393768950633   0.0236037001441214
 101.8165543695431257 134.3954329183455118 104.4073688991491662   0.5973037006928996
 102.8918085397443229 134.6354281373535019 106.4501628499180453  -0.5678963015022129
 100.1025727660765569 132.5794061036471916 104.0010777803560906  -0.4156962998558785
  99.3636898477133508 132.3809848595854526 102.2493016542110909   0.2719037001441215
  99.5129782122931174 130.6405470902439942 105.8794655574738280   0.0337037001441214
  99.1085768196339721 131.5627334435975641 107.6784848369668562   0.0823037001441214
  97.1394821880880381 129.2100244068655970 105.0574346892180791  -0.1824962998558786
  96.5385492775010705 127.9760332414150086 106.5918923099621311   0.0603037001441214
  95.6465985422902372 130.5460607835479100 104.6114593216126557   0.0603037001441214
  97.5306554978097251 128.0629606435753985 103.3925859652334558   0.0603037001441214
 101.7655317639272500 128.8547558936883972 106.3178820205435571   0.5973037006928996
 102.6215777025935826 128.6166504008143372 108.4589417302763272  -0.5678963015022129
 102.8029914114500298 127.7719428189515325 104.2864264265782059  -0.5162962998558784
 101.9998578045334896 128.1366599627983301 102.5800037276473181   0.2936037001441215
 105.1802668879229561 126.3244126003678435 104.2165065596231214   0.0397037001441214
 104.9761764654594666 124.5253933208748152 105.1934949708604009   0.1105037001441214
 105.7811997985099102 125.7858406522002932 101.4140427030178972   0.0560037001441214
 104.3468976628636927 124.5083857856695233 100.6619317017172463  -0.0172962998558786
 105.6035655419213237 127.5602934919523353 100.3954803168343530  -0.0172962998558786
 108.4098088507943816 124.7030275774634017 100.8036611617613455   0.0136037001441214
 109.8119856421639454 125.4834844707728993 102.0981235634973939  -0.0424962998558786
 108.3757937803837978 122.6583439005606192 101.0776714511799194  -0.0424962998558786
 109.2261705406483532 125.3360858323270360  98.0843452550486640   0.8054036990465651
 107.5802190780029519 125.3701009027376198  96.3760328299838457  -0.8187962976607659
 111.5165186149609167 125.7896201044681268  97.7177383850679362  -0.8187962976607659
 107.3137676931200453 127.7549352837462407 105.5657710192428926   0.5366037001441215
 108.4948465268208277 126.7817263247767948 107.3194368715218093  -0.5818963015022129
 107.7200588119131209 130.1529977476922927 104.8854696110312431  -0.4156962998558785
 106.7487395790775920 130.8484169649753307 103.3831373345638446   0.2719037001441215
 109.7930883808247367 131.6439916673561632 105.9361573414914542  -0.0013962998558786
 111.5354158763001254 130.6292087334404663 105.5789991021803374   0.0876037001441214
 109.9537151022080448 134.2423651014978846 104.6511435704250035  -0.0151962998558786
 108.2000492499291147 135.2552583092796782 105.0442066062806343   0.0295037001441214
 111.4806138184164159 135.2892733796902619 105.5582121147072120   0.0295037001441214
 110.4242569095544274 134.3387411343278720 101.8146646434092088  -0.0010962998558786
 111.1782576369890086 132.1655560803184218 100.4502823747180625  -0.1905962998558786
 111.3993555946578034 130.3835443360306852 101.3649098235359518   0.1699037001441214
 111.5543131376393342 132.2373656734074499  97.8292322269692854  -0.2340962998558785
 112.0172960404500494 130.5403916051461461  96.8484643634641587   0.1656037001441214
 111.2443980516762594 134.7223555395138918  96.4383937924032495   0.3226037001441214
 111.6941528715495164 134.9377843187809226  93.9193888558862236  -0.5578963015022130
 111.8604487713345885 136.6763323619884507  93.4375086917362996   0.3992037001441214
 110.4261466356883577 136.9938063524872331  97.9841897699508293  -0.2340962998558785
 110.1351288110644783 138.7795975490428033  97.1073568438113711   0.1656037001441214
 110.0255246952970461 136.6782220881223811 100.5901221086282315  -0.1905962998558786
 109.3905767142995083 138.2391358747413495 101.6823838140347206   0.1699037001441214
 109.5965568628969280 131.9728040146584735 108.8047616127839159   0.5973037006928996
 111.4806138184164159 131.6780067377667471 110.1426877156001592  -0.5678963015022129
 107.3458930373967123 132.6039725433881777 109.7666322149498337  -0.4156962998558785
 105.8492299393310778 132.7551506341018746 108.5761047505794537   0.2719037001441215
 106.9433813708714837 132.9970355792437951 112.4746097648589874  -0.0517962998558786
 108.6176787255257182 133.9211116587312685 113.2437283013649435   0.0922037001441214
 104.6303565829518779 134.7223555395138918 112.8601138961789239  -0.1101962998558786
 103.1809366382342720 134.2461445537657452 111.4730549138807216   0.0457037001441214
 103.8404510589727959 134.3330719559261081 114.7252735903592031   0.0457037001441214
 105.2180614106013870 137.5777317278688953 112.7523995065454084   0.3531037001441214
 106.4104786011056975 138.0539427136170687 114.3643358987802393  -0.0360962998558786
 106.5559875134176305 138.4999180812224652 110.3562267687332731  -0.4120962998558785
 106.8129902676309259 140.5427120319913444 110.4280363618222745   0.1000037001441214
 108.4135883030622152 137.6268646073508406 110.2088281302874100   0.1000037001441214
 105.4448285466719325 138.0142584648047209 108.6951574970164837   0.1000037001441214
 102.7462996274323899 139.0611667429970716 112.9942844516873288  -0.4120962998558785
 101.5293159971870935 138.6435372674004947 111.3842377855864285   0.1000037001441214
 101.7863187514003889 138.5207050686956177 114.7328324948948838   0.1000037001441214
 106.7241731393366193 130.5063765347355891 113.9599345061210938   0.5973037006928996
 107.2532964568345719 130.5328327006104787 116.2238264145587543  -0.5678963015022129
 106.1100121458122205 128.3728757295384866 112.7448406020097276  -0.4156962998558785
 105.5884477328499486 128.4768106669041415 110.8985781691686707   0.2719037001441215
 106.4010299704360863 125.8387529839500724 113.8654481994250367  -0.0874962998558785
 105.5147484136270169 125.8274146271465443 115.7249387152035384   0.0969037001441214
 105.0158607142718144 123.7468261536992479 112.3820131842968470   0.2985037001441215
 105.4656155341450716 123.8828864353415831 110.3789034823403157  -0.0296962998558786
 105.7660819894385485 121.1182171014148031 113.3552221432662927  -0.3191962998558785
 104.5623264421307101 119.6914738703042532 112.4991762045999601   0.0791037001441214
 107.7068307289756761 120.7024773519521166 112.8147604689648122   0.0791037001441214
 105.5695504715107399 121.0199513424508854 115.4055749985708527   0.0791037001441214
 102.1453667168454226 123.9830419204394043 112.7505097804114915  -0.3191962998558785
 101.1816063885455879 122.5770856768019933 111.5939973864516820   0.0791037001441214
 101.6540379220259009 123.6882446435477047 114.7271633164931198   0.0791037001441214
 101.5009701051782870 125.8500913407536003 112.1779227618333575   0.0791037001441214
 109.1978246486395333 125.2586070608362707 114.3000852102269186   0.5973037006928996
 109.9933993510203926 124.9335741658017942 116.4657113597006748  -0.5678963015022129
 110.7322822693835987 125.2510481563005764 112.2950857821364706  -0.4156962998558785
 109.9631637328776423 125.5363968025226785 110.5527582866610818   0.2719037001441215
 113.4213625579535435 124.5367316776783430 112.4481535989840978  -0.0874962998558785
 113.5593125657297956 122.6904692448372728 113.3514426909984456   0.0969037001441214
 114.6194489268596179 124.4875987981963977 109.7817500240212088   0.2985037001441215
 114.3756742555837672 126.3489790401088296 108.9332629898905703  -0.0296962998558786
 117.4521484016075654 123.8620994478684574 109.7911986546908063  -0.3191962998558785
 118.1778032370333267 123.8904453398772774 107.8617882719572203   0.0791037001441214
 118.5122847627373875 125.2397097994970486 110.8872398123651426   0.0791037001441214
 117.7374970478296807 121.9837116707507335 110.5792144525359714   0.0791037001441214
 113.3986858443464877 122.5336219757218117 108.0526506114832648  -0.3191962998558785
 114.2037091773969312 122.6583439005606192 106.1610347514280828   0.0791037001441214
 113.7331673700505485 120.6476752940684071 108.8104307911856798   0.0791037001441214
 111.3728994287829004 122.8605445968901919 107.9033622469034848   0.0791037001441214
 114.9161359298852477 126.3981119195907752 114.0903256093616651   0.5973037006928996
 116.4751599903702859 125.6365522876204997 115.6361215869092452  -0.5678963015022129
 114.3813434339855311 128.8585353459562310 113.9108016266391485  -0.4156962998558785
 113.0963296629190804 129.4273429122665314 112.6012214158317115   0.2719037001441215
 115.5416352802131879 130.7501512060114130 115.5643119938202439  -0.0251962998558786
 117.5787600525802897 130.7633792889488712 115.2600660862589197   0.0698037001441214
 114.7819653743768427 132.6020828172542474 115.0843215558042366   0.0698037001441214
 115.0314092240544440 130.2531532327901408 118.3743347549611354   0.5973037006928996
 116.7812956240655269 130.3797648837628516 119.9031231973034368  -0.5678963015022129
 112.6919282702599350 129.5917490859176865 119.0678642461102433  -0.4156962998558785
 111.3332151799705526 129.3895483895881139 117.7299381432939866   0.2719037001441215
 112.0286343972535774 129.0002648060003302 121.6813554893233396   0.0337037001441214
 112.5936625112960306 130.5800758539584939 122.8775521320954837   0.0823037001441214
 109.1562506736932685 128.6809010893676444 121.8873356379207460  -0.1824962998558786
 108.6441348914006078 128.2746099705745689 123.8413124603953318   0.0603037001441214
 108.2170567851344066 130.4175594064412691 121.2958513580033897   0.0603037001441214
 108.5175232404278837 127.1332153856861341 120.6873595428807549   0.0603037001441214
 113.4194728318196133 126.6475557692683899 122.6507849960249250   0.5973037006928996
 114.4266968611996429 126.6929091964825016 124.7464912785436099  -0.5678963015022129
 113.5479742089262677 124.6274385321065665 121.1371143627539985  -0.4156962998558785
 112.7467303281436445 124.7105864819990960 119.3910074150107761   0.2719037001441215
 114.7573989346358567 122.2520527817675435 121.9307993390009274  -0.0388962998558786
 113.8919043652999263 121.6454506927788256 123.6976932742173023   0.1007037001441214
 114.3945715169229759 120.1601259515167190 119.9428074461157712   0.3654037001441214
 115.1788078625003072 118.4102395515056362 120.7005876258181997   0.0043037001441214
 111.6223432784605017 119.6914738703042532 119.2795135731094135  -0.2437962998558785
 110.9514905009184633 118.0568607644623666 120.3264218513017910   0.0642037001441215
 110.4337055402240386 121.2996308102712235 119.7481656543218929   0.0642037001441215
 111.4144734037291651 119.3513231661984285 117.2612860620815207   0.0642037001441215
 115.6871441925251209 120.6552341986040879 117.6694669070085132  -0.6760962982095441
 115.1901462193038352 122.2936267567138216 117.0364086521448921   0.4102037001441214
 117.5485244344375529 122.6677925312302168 122.4618123826328104   0.5973037006928996
 118.4442546219162200 122.0082781104916929 124.4989371549999256  -0.5678963015022129
 118.8977888940573242 123.9150117796182366 120.7421616007644644  -0.4156962998558785
 118.0606402167302136 124.2948467325364226 119.0527464370388682   0.2719037001441215
 121.5925383610290196 124.3798844085628822 121.0369588776561774  -0.0013962998558786
 122.4693712871685046 122.6092110210786737 121.6284431575735336   0.0876037001441214
 122.7433815765870788 124.9373536180696547 118.4177984560413304  -0.0151962998558786
 121.5547438383506021 126.2563824595466758 117.3708901778489529   0.0295037001441214
 124.5990926400977468 125.7877303783341967 118.6464553182457926   0.0295037001441214
 123.1534521476479880 122.5222836189182838 116.9060175489043208  -0.0010962998558786
 125.1905769200151032 120.9727081891028701 117.6354518365979293  -0.1905962998558786
 126.4056708241264693 121.6114356223682417 119.1132176733243417   0.1699037001441214
 125.5930885865403181 118.5973224387638471 116.5205134175843843  -0.2340962998558785
 127.0595160664632026 117.3935668914560089 117.1592408508497693   0.1656037001441214
 123.8753275308059157 117.7185997864904585 114.4096893259943510   0.3226037001441214
 124.2022501519742688 115.3885674633655606 113.3722296784715847  -0.5578963015022130
 123.2479384543440453 115.0635345683311110 111.8207645225222407   0.3992037001441214
 121.7512753562784108 119.4892731739746804 113.6424605156223250  -0.2340962998558785
 120.4681513113458902 118.9677087610124087 112.1760330356994272   0.1656037001441214
 121.4848239713955309 121.7985185096264529 114.9501510002958315  -0.1905962998558786
 119.9598149813210633 123.0136124137378189 114.4758297406816018   0.1699037001441214
 122.1802431886785421 126.2620516379484398 123.1629007783175858   0.5973037006928996
 124.0794179532693918 125.9143420293069342 124.4611426323214813  -0.5678963015022129
 120.5928732361846841 128.1820133900124419 123.6391117640657592  -0.4156962998558785
 119.0754231506459242 128.4522442271631822 122.4958274530433942   0.2719037001441215
 120.9027883221477723 129.7977292345151196 125.8973344941016423  -0.0874962998558785
 122.8359781571492056 130.5082662608694926 125.9294598383782959   0.0969037001441214
 119.1207765778600359 132.1050848440329483 125.8708783282267527   0.2985037001441215
 117.2027045519299641 131.4833649459728687 125.4381310435587876  -0.0296962998558786
 118.2685100914615504 132.3620875982462573 129.8770977321397884   0.0791037001441214
 119.9692636119906742 134.0250465960969502 123.8791069830737493  -0.3191962998558785
 118.6483450443797230 135.6029679179211838 123.8110768422525818   0.0791037001441214
 121.8571000197779960 134.7242452656478221 124.3175234461434786   0.0791037001441214
 119.9957197778655772 133.1330958608861035 122.0347342763666093   0.0791037001441214
 120.5683067964437115 128.2443743524318455 128.3105147671190829   0.5973037006928996
 122.0970952387860129 128.5013771066451276 130.0377244535231099  -0.5678963015022129
 118.6861395670581404 126.5625180932419304 128.4163394306186680  -0.4156962998558785
 117.4842737458842324 126.4170091809299974 126.9272352370887278   0.2719037001441215
 118.3025251618721341 124.8749926556502511 130.5895244846281185  -0.0596962998558785
 118.2288258426492026 126.0239461450743532 132.3016163619607570   0.0869037001441215
 115.7513948810784414 123.4614775074771458 130.3703162530932538   0.1303037001441214
 115.6304524085074813 122.6148801994804376 128.4957079282433637   0.0187037001441214
 115.5151791143382849 121.3298664284139735 132.3375211585052710  -0.3203962998558785
 113.6802550383007425 120.4133492534621675 132.2071300552646997   0.0882037001441214
 116.9570401545201965 119.8917848404999090 132.0294957986761132   0.0882037001441214
 115.7608435117480526 122.0914260603842490 134.2404753753639811   0.0882037001441214
 113.5385255782566566 125.3455344629966337 130.7010183265294676  -0.0429962998558786
 113.3778988568733486 125.8746577804945864 132.6871204932807069   0.0236037001441214
 113.9221399834426629 127.0670749709988969 129.6389922392657286   0.0236037001441214
 110.9855055713290470 124.3213028984113122 129.7807216993098278  -0.0659962998558786
 110.3675651255368012 122.7452713027209821 130.9523519023409856   0.0186037001441214
 109.5738801492898722 125.8160762703430164 129.8941052673450804   0.0186037001441214
 111.1423528404445080 123.6995830003512326 127.8210756984334781   0.0186037001441214
 120.5701965225776284 123.1005398158981820 130.9315649148678602   0.5973037006928996
 121.4867136975294344 122.8473165139527337 133.0329403757882822  -0.5678963015022129
 121.6397815143770617 121.9893808491524974 128.9284552129113288  -0.4156962998558785
 120.8253095506570070 122.2010301761516678 127.2050249787751356   0.2719037001441215
 123.9169015057521670 120.4133492534621675 129.2119141329995274  -0.0517962998558786
 123.6050966936551753 119.1302252085296335 130.7973943593594550   0.0922037001441214
 124.3704357778932578 118.7900745044238087 126.8478667394640322  -0.1101962998558786
 124.8201905977665416 120.0221759437404668 125.2586070608362707   0.0457037001441214
 126.0182769666726159 117.6071059445891094 127.2163633355786635   0.0457037001441214
 122.1462281182679585 117.0704237225554759 126.0900865597616174   0.3531037001441214
 120.7024773519521166 118.1872518677029379 125.1735693848098112  -0.0360962998558786
 123.0306199489431110 115.1013290910095285 124.1833528906350735  -0.4120962998558785
 121.4130143783065027 114.0090673856030528 123.5616329925749671   0.1000037001441214
 123.8432021865292353 116.0613099670415295 122.5506295109271037   0.1000037001441214
 124.4479145493840499 113.8711173778268007 125.0356193770335456   0.1000037001441214
 120.9008985960138554 115.6474599437127731 128.2764996967084990  -0.4120962998558785
 119.3928971411446930 114.4720502884137546 127.5281681476756817   0.1000037001441214
 122.2992959351155856 114.4909475497529633 129.2553778340797088   0.1000037001441214
 120.0637499186867315 116.9778271419933355 129.6068668949890480   0.1000037001441214
 126.2847283515554957 121.9383582435366217 129.9451278729609561   0.5973037006928996
 127.9571359800758133 120.9292444880226753 131.2055752042864341  -0.5678963015022129
 126.4000016457247053 124.3704357778932578 129.2723853692850008  -0.4156962998558785
 125.0110529372925863 125.0526269122388376 128.1442188673340242   0.2719037001441215
 128.3558681943331946 126.1241016301722010 130.1492182954244590  -0.0251962998558786
 130.2059100794420987 125.2793940483093964 129.8430826617292045   0.0698037001441214
 128.2292565433604569 127.8494215904422978 129.0342798764109140   0.0698037001441214
 124.2986261848042562 126.9045585234816718 132.7494814557001107   0.2719037001441215
 123.9150117796182366 119.8275341519465751 135.8807576596076182   0.1048037001441214
 115.5605325415523966 114.4153585043961150 137.4000974712803087   0.0342037001441214
 117.3217572983670075 114.7895242789125236 136.3928734419002790   0.0241037001441214
 114.9123564776174006 112.5445296318140718 136.8388488095057024   0.0241037001441214
 113.5819892793368382 116.3674456007367704 136.5818460552923934   0.0018037001441214
 114.2717393182180989 118.2477231039884113 137.0750645762458589   0.0440037001441214
 113.4119139272839325 116.2937462815138388 134.5314931999878471   0.0440037001441214
 110.4488233492954135 115.9781620171489869 137.9367796933139288  -0.2736962998558785
 109.4945116516651766 112.9697180119463562 136.6158611257029773  -0.0535962998558786
 107.5745498996011879 112.5388604534123079 137.2262426669595558   0.0684037001441214
 109.5455342572810523 113.0812118538477187 134.5617288181305703   0.0684037001441214
 110.7530692568567243 111.4730549138807216 137.2545885589683757   0.0684037001441214
 112.1533563220923712 100.7261823902705668 134.5730671749340984   0.1430037001441214
 133.2578177857249108  87.1579487487159789 123.7279288923600525   0.0285037001441214
 131.3397457597948390  89.0571235133068417 125.6592290012275555   0.0285037001441214
 134.2839390764441627  91.4136120023066426 122.6885795187033693   0.0687037001441214
 136.2681515170614717  88.3976090925683178 120.6438958418005598   0.4478037001441214
 129.5501751109714352  94.2160758589118535 127.0803030539363551  -0.5893962987583222
 126.5455105580366383  95.1307033077297428 129.9867018479072342  -0.4156962998558785
 124.7143659342669296  96.3250102243679700 128.2859483273780968  -0.0874962998558785
 125.4475796742283851  96.2947746062252332 126.3603173969123575   0.0969037001441214
 122.1689048318750143  94.9152745284627119 128.2538229831014432   0.2985037001441215
 121.0690842219328309  95.6409293638884732 126.6683427567415154  -0.0296962998558786
 122.5600781415967013  92.0844647798486812 127.8569804949779920  -0.3191962998558785
 120.7629485882376032  91.2321982934501956 127.3373058081496370   0.0791037001441214
 123.9244604102878612  91.8028955858944129 126.3603173969123575   0.0791037001441214
 123.2649459895493371  91.1811756878343199 129.5690723723106306   0.0791037001441214
 120.5928732361846841  95.2100718053544384 130.6462162686457581  -0.3191962998558785
 118.7957436828255727  94.2274142157153814 130.4270080371108936   0.0791037001441214
 120.2073691048647476  97.2018431505074282 131.0184923170282230   0.0791037001441214
 124.4724809891250091  99.1010179150982913 129.0531771377501362   0.5973037006928996
 125.5496248854601367  99.8852542606756091 130.9580210807427497  -0.5678963015022129
 123.0967603636303484 100.6033501915656897 127.5791907532915576  -0.4156962998558785
 122.1046541433216804  99.8455700118632613 126.1429988915113964   0.2719037001441215
 122.6677925312302168 103.2659743142607316 128.1801236638785116  -0.0013962998558786
 123.2876227031563931 103.5966763876969453 130.1095340466121112   0.0876037001441214
 124.2381549485187830 104.9875148222629947 126.4094502763943031  -0.0151962998558786
 123.9320193148235285 104.4016997207474022 124.4573631800536474   0.0295037001441214
 123.6088761459230091 106.9396019186036501 126.5776359023132919   0.0295037001441214
 127.0406188051240073 104.9667278347898556 127.0160523653830210  -0.0010962998558786
 127.8210756984334781 105.1934949708604009 129.5539545632392690  -0.1905962998558786
 126.4812598694833044 105.5563223885732816 131.0468382090370429   0.1699037001441214
 130.3495292656201014 104.7890935782012556 130.2134689839777929  -0.2340962998558785
 132.1561074496488240 104.3166620447209427 128.3294120284583050   0.3226037001441214
 131.4266731619552289 104.3015442356495810 125.7688331169950012  -0.2340962998558785
 132.8458574885300981 103.8895839384547415 124.3723255040271879   0.1656037001441214
 128.8642045243579949 104.6039004170769749 125.1055392439886436  -0.1905962998558786
 128.2953969580477212 104.4357147911579861 123.1553418737819183   0.1699037001441214
 119.8785567575624507 103.9443859963384644 128.3275223023243749   0.5973037006928996
 118.2212669381135217 102.3815824835855791 127.8664291256475898  -0.5678963015022129
 119.4571478296980135 106.3065436637400292 129.0909716604285536  -0.4156962998558785
 120.9859362720403015 107.3534519419323931 129.5218292189626155   0.2719037001441215
 117.0194011169396002 107.4120334520839631 129.6711175835423821   0.0337037001441214
 115.9951695523542787 106.1232402287496653 130.9145573796625681   0.0823037001441214
 117.5976573139194984 109.8422212603066822 131.1658909554740863  -0.1824962998558786
 115.8572195445780266 110.7001569251069317 131.8613101727571244   0.0603037001441214
 118.7560594340132383 109.3830178097638275 132.8118424181195143   0.0603037001441214
 118.6162197001030560 111.1801473631229389 129.9904813001750678   0.0603037001441214
 115.3734496542941857 107.8050964879395804 127.2900626548015951   0.5973037006928996
 115.4339208905796726 106.3254409250792380 125.5004920059781911  -0.5678963015022129
 113.9032427221034542 109.8573390693780572 127.2598270366588717  -0.4156962998558785
 114.0770975264242069 111.0062925588021726 128.7697182176619376   0.2719037001441215
 111.8018672611830185 110.4790589674381503 125.5250584457191506  -0.0874962998558785
 110.2466226529658409 109.1997143747734636 125.9540262781192820   0.0969037001441214
 110.9892850235968808 113.2456180274988604 126.0787482029580893   0.2985037001441215
 109.1562506736932685 113.5668714702654765 125.1962460984168671  -0.0296962998558786
 110.7455103523210434 113.8144255938091608 128.9246757606434952  -0.3191962998558785
 110.0822164793146857 115.7438359765427605 129.1854579671246109   0.0791037001441214
 109.3962458927012723 112.5199631920730992 129.7788319731758975   0.0791037001441214
 112.5539782624836828 113.6859242167025065 129.8978847196129409   0.0791037001441214
 112.8525549916432431 115.2166023851787248 125.0261707463639480  -0.3191962998558785
 112.1930405709047190 117.1138874236356574 125.4853741969068028   0.0791037001441214
 114.7271633164931198 114.9501510002958315 125.8349735316822386   0.0791037001441214
 112.9753871903481201 115.0729831990007087 122.9777076171933050   0.0791037001441214
 112.2875268776007897 110.2239459393587851 122.6715719834980775   0.5973037006928996
 110.4960665026434422 110.4563822538310944 121.2297109433161523  -0.5678963015022129
 114.6043311177882428 109.6929328957269020 121.8211952232335086  -0.3478962998558785
 115.9006832456582214 109.2866417769338398 123.1610110521836823   0.2747037001441214
 115.3280962270800874 109.2450678019875753 119.1699094573419813  -0.2636962998558785
 115.2222715635804888 111.0062925588021726 118.1154422746139231   0.1560037001441214
 118.0209559679178658 108.1773725363220588 118.9393628690035888  -0.0006962998558786
 118.1721340586315628 106.4180375056413784 120.0051684085351750   0.0327037001441214
 118.3081943402738980 107.7238382641809681 116.9475915238505989   0.0327037001441214
 120.1336697856418294 109.9650534590115727 119.8010779860716855   0.0390037001441214
 119.7481656543218929 111.8812357588077141 119.1453430176010086   0.0285037001441214
 120.2092588309986780 109.9707226374133366 121.8589897459119261   0.0285037001441214
 122.6942486971051332 109.0882205328721010 118.7466108033436273   0.0486037001441214
 124.1871323429029071 110.2107178564213269 119.6234437294830855   0.0687037001441214
 122.9984946046664306 107.1153464490583197 119.2549471333684408   0.0687037001441214
 122.8170808958100103 109.4567171289867455 115.9838311955507508  -0.5294962998558784
 122.4126795031508650 111.2141624335335094 115.3394345838836018   0.3456037001441215
 123.0929809113625146 107.7540738823237048 114.1772530115220416   0.8076037012416777
 123.4161240802630341 105.3484525138419451 114.6100002961900068  -0.8626962993071003
 123.4312418893343958 104.7002764499069623 116.3825634098081456   0.4478037001441214
 123.4217932586647980 104.1484764188019537 113.1341241855975113   0.4478037001441214
 123.0419583057466389 108.4683903609459382 111.8358823315936024  -0.8626962993071003
 122.5638575938645619 110.2692993665728834 111.3445535367740807   0.4478037001441214
 123.3934473666559781 107.2778628965755447 110.3826829346081627   0.4478037001441214
 113.5706509225333101 107.3685697510037682 117.8319833545257380   0.7341036984977870
 112.4311460637788058 107.9335978650462216 115.9006832456582214  -0.5893962987583222
 113.1171166503922195 105.1897155185925673 119.0111724620926035  -0.4156962998558785
 114.0166262901387337 104.8571237190224232 120.6590136508719350   0.2719037001441215
 111.3596713458454556 103.2867613017338572 118.0152867895161019  -0.0013962998558786
 111.8150953441204767 102.9730667635029354 116.0291846227648626   0.0876037001441214
 111.7187193112904893 100.7809844481542897 119.4590375558319438  -0.0151962998558786
 111.7187193112904893 101.1589296749385319 121.4848239713955309   0.0295037001441214
 110.0765473009129218  99.5980158883195769 119.0810923290476881   0.0295037001441214
 114.0600899912189151  99.2389679228745434 118.7900745044238087  -0.0010962998558786
 113.7558440836576043  97.0638931427311761 117.2593963359476038  -0.1905962998558786
 111.9209200076200619  96.5763438001795014 116.5715360232002600   0.1699037001441214
 115.8118661173639148  95.4935307254426235 116.6376764378875108  -0.2340962998558785
 115.5699811722219944  93.8419100843954449 115.5076202098026040   0.1656037001441214
 118.4310265389787752  96.1889499427256482 117.5806497787142064   0.3226037001441214
 120.4662615852119601  94.7376402718741254 116.9797168681272524  -0.5578963015022130
 122.0933157865181525  95.5426636049245689 117.2915216802242573   0.3992037001441214
 118.6540142227814869  98.5416589794576019 119.2190423368239403  -0.2340962998558785
 120.4492540500066681  99.0821206537590825 119.9541458029192993   0.1656037001441214
 116.4505935506292998  99.9400563185593320 119.7727320940628656  -0.1905962998558786
 116.5942127368073159 101.5482132585263157 120.9802670936385376   0.1699037001441214
 108.5515383108384674 104.1163510745252868 118.0719785735337415   0.5973037006928996
 106.9792861674159845 102.8691318261372670 116.8946791921007929  -0.5678963015022129
 107.8939136162338738 106.1761525604994577 119.3928971411446930  -0.4156962998558785
 109.2960904076034510 107.1909354944151683 120.2016999264629837   0.2719037001441215
 105.3843573103864591 107.3780183816733792 119.3305361787252894  -0.0236962998558786
 103.9651729838115898 105.9701724119020381 118.8581046452449764   0.0880037001441214
 104.6870483669695175 108.4551622780084934 121.9421376958044555   0.0342037001441214
 106.0155258391161498 109.9404870192705866 122.4410253951596849   0.0241037001441214
 102.8388962079945303 109.3414438348175493 121.8249746755013423   0.0241037001441214
 104.6511435704250035 106.5200827168731297 124.1058741191443082   0.0018037001441214
 106.3689046261594194 105.3843573103864591 124.0624104180640998   0.0440037001441214
 104.6851586408355874 107.5972266132082439 125.8633194236910585   0.0440037001441214
 101.9299379375784051 104.4338250650240692 124.3213028984113122  -0.2736962998558785
 102.4269359107996908 102.2322941190057988 121.7493856301445073  -0.0535962998558786
 101.4990803790443567 100.4502823747180625 122.1991404500177645   0.0684037001441214
 101.6124639470796362 102.9825153941725464 120.0146170392047860   0.0684037001441214
 104.4394942434258331 101.9091509501052661 121.4848239713955309   0.0684037001441214
 105.1802668879229561 109.4302609631118561 117.2896319540903406   0.5973037006928996
 103.3113277414748433 109.4586068551206758 115.9025729717921383  -0.5678963015022129
 107.0586546650406801 111.1083377700339242 117.0382983782788090  -0.4156962998558785
 108.5855533812490512 110.9798363929272830 118.1910313199707715   0.2719037001441215
 105.2898710036903883 114.0166262901387337 115.0673140205989446   0.0779037001441214
 107.2155019341561410 111.7848597259777401 112.4103590763056667   0.5973037006928996
 105.6715956827424778 112.4443741467162506 110.8022021363386831  -0.5678963015022129
 108.7688568162394151 109.8100959160300287 112.0815467290033699  -0.4156962998558785
 110.0765473009129218 109.4472684983171479 113.4383700931588355   0.2719037001441215
 109.0787719022025033 108.5175232404278837 109.6570280991824014  -0.0274962998558786
 109.9234794840652945 109.8289931773692374 108.3096533656965470   0.1123037001441214
 110.7266130909818347 106.1478066684906380 110.0727678486450748  -0.0049962998558786
 110.1048931929217417 105.2010538753960952 111.7980878089151849   0.0339037001441214
 110.3259911505905231 104.8609031712902704 108.5137437881600499   0.0339037001441214
 113.5536433873280317 106.3405587341506129 110.1332390849305614  -0.1414962998558786
 114.9652688093672066 108.3228814486340052 109.3584513700228412  -0.1637962998558786
 114.2415037000753621 110.1294596326627144 108.7291725674270673   0.2062037001441214
 117.4634867584110933 107.6047855177439247 109.2072732793091442  -0.3417962998558785
 118.8146409441647948 108.7518492810341233 108.4362650166692712   0.3412037001441214
 117.8055271886508484 105.1122367471017886 109.8819055091190300   0.1380037001441214
 119.8880053882320619 103.4625058321885402 109.8214342728335566  -0.2600962998558785
 121.6227739791717696 104.0521003859719663 109.0012931307117246   0.1572037001441214
 119.6385615385544606 100.9888543228856263 110.7549589829906546  -0.1133962998558786
 121.2032547774412627  99.7132891824887731 110.6850391160355700   0.1417037001441214
 117.3160881199652436 100.1781618114334054 111.7565138339689202  -0.1971962998558786
 117.1479024940462412  98.2997740343156814 112.4708303125911536   0.1447037001441214
 115.1977051238395161 101.7882084775343058 111.7413960248975451  -0.2386962998558785
 113.4364803670249052 101.1324735090636423 112.4557125035197785   0.1700037001441214
 115.3658907497585049 104.3280004015244706 110.7058261035086957   0.1243037001441214
 106.5465388827480193 107.6539183972258835 108.5364205017671059   0.5973037006928996
 106.2309546183831807 107.6690362062972452 106.2328443445170976  -0.5678963015022129
 104.7229531635140183 106.9282635618001222 110.1313493587966447  -0.4156962998558785
 105.0517655108163151 107.1266848058618478 112.0021782313786744   0.2719037001441215
 102.1963893224612983 106.2215059877135697 109.2923109553356040   0.0337037001441214
 102.3834722097195092 104.8155497440761587 107.7994273095378165   0.0823037001441214
 100.7790947220203594 104.9912942745308283 111.5032905320234719  -0.1824962998558786
  98.9290528369114553 104.3487873889976096 110.8664528248920038   0.0603037001441214
 101.8467899876858757 103.3736887038942471 112.2043789277082471   0.0603037001441214
 100.5277611462088412 106.3481176386862937 113.0358584266336070   0.0603037001441214
 100.7583077345472337 108.4702800870798551 108.1471369181793221   0.5973037006928996
  99.9419460446932489 108.3115430918304773 105.9720621380359684  -0.5678963015022129
 100.4483926485841456 110.5527582866610818 109.5474239834149692  -0.4156962998558785
 101.4008146200804524 110.6850391160355700 111.2047138028639116   0.2719037001441215
  99.0764514753573184 112.7901940292238393 108.6101198209900239  -0.0874962998558785
  97.2623143867929151 112.1325693346192457 107.8958033423677905   0.0969037001441214
  98.4074884239491968 114.6440153666005906 110.7606281613924186   0.2985037001441215
  97.3586904196229025 113.5838790054707683 112.1854816663690383  -0.0296962998558786
 100.6959467721278301 115.8118661173639148 112.0796570028694531  -0.3191962998558785
 100.0742268740677369 117.1516819463140884 113.5101796862478368   0.0791037001441214
 101.7693112161950970 114.3284311022357385 113.0037330823569400   0.0791037001441214
 101.8808050580964462 116.7945237070029717 110.7133850080443899   0.0791037001441214
  96.6651609284737948 116.7642880888602350 109.8403315341727653  -0.3191962998558785
  96.0774561008242854 117.9340285657574896 111.4333706650683873   0.0791037001441214
  97.6440390658450046 117.9510361009627814 108.4702800870798551   0.0791037001441214
  94.9908635738195737 115.9535955774080140 108.9578294296315431   0.0791037001441214
 100.4408337440484649 113.9882803981299138 106.3500073648202106   0.5973037006928996
  99.2125117569996404 114.5325215246992281 104.4470531479615140  -0.5678963015022129
 102.9522797760297964 114.1167817752365547 106.4010299704360863  -0.5162962998558784
 103.8687969509816158 113.6235632542831161 108.0186355410726812   0.2936037001441215
 103.8574585941780879 117.0080627601360724 103.8744661293833798   0.0880037001441214
 104.2070579289535104 113.5536433873280317 101.8978125933017380   0.5366037001441215
 103.7062805034643776 114.5948824871186316  99.8739159038720812  -0.5818963015022129
 104.3525668412654433 111.0327487246770756 102.0603290408189764  -0.4156962998558785
 104.7872038520673387 110.2333945700283827 103.7516339306784893   0.2719037001441215
 103.9047017475261166 109.3943561665673554  99.8833645345416922   0.0337037001441214
 105.1613696265837474 109.9877301726186286  98.3602452706011549   0.0823037001441214
 104.5547675375950295 106.6693710814529098 100.6279166313066624  -0.1824962998558786
 104.2335140948284135 105.4051442978595847  99.0367672265449708   0.0603037001441214
 106.5389799782123385 106.5503183350158664 101.1778269362777407   0.0603037001441214
 103.3774681561620807 106.0665484447320255 102.2096174053987565   0.0603037001441214
 101.1778269362777407 109.6022260412986919  98.8836994096973435   0.5973037006928996
 100.7772049958864424 109.4340404153796897  96.5933513353847934  -0.5678963015022129
  99.2824316239547248 110.0009582555560734 100.5220919678070772  -0.4156962998558785
  99.6925021950156477 110.0708781225111579 102.3985900187908709   0.2719037001441215
  96.6746095591434060 110.4866178719738310  99.6509282200693695  -0.0388962998558786
  96.2002882995291627 109.0371979272562386  98.2714281423068615   0.1007037001441214
  94.6242567038388460 110.3146527937869952 101.7088399799096236   0.3654037001441214
  92.8252374243458176 110.6774802114998757 100.7715358174846785   0.0043037001441214
  94.3748128541612447 107.6954923721721482 102.8899188136104060  -0.2437962998558785
  93.0331072990771542 107.7673019652611495 104.4527223263632779   0.0642037001441215
  93.6718347323425392 106.3821327090968776 101.4764036654373009   0.0642037001441215
  96.1870602165917179 107.0321984991657905 103.5834483047595005   0.0642037001441215
  94.8094498649631268 112.1287898823513985 103.6420298149110571  -0.6760962982095441
  96.5253211945636257 112.7788556724203114 103.7610825613481005   0.4102037001441214
  96.4232759833318743 113.0131817130265510  98.2752075945747087   0.5973037006928996
  95.0910190589173950 113.1095577458565252  96.3646944731803178  -0.5678963015022129
  97.7441945509428256 114.9879455229742490  99.1501507945802501  -0.4156962998558785
  98.8081103643404950 114.7536194823680228 100.7337412948062476   0.2719037001441215
  97.8556883928441884 117.4653764845450102  97.9293877120671198  -0.0251962998558786
  95.9640725327890062 118.2760689959972310  97.8292322269692854   0.0698037001441214
  99.0632233924198602 118.7125957329330434  99.0405466788128044   0.0698037001441214
  98.9385014675810663 117.2858525018224934  95.2629841371042310   0.5973037006928996
  97.6459287919789213 117.9982792543108100  93.4601854053433554  -0.5678963015022129
 101.1683783056081431 116.1123325726574052  94.9965327522213377  -0.4156962998558785
 102.1226900032383666 115.6210037778378701  96.5876821569830295   0.2719037001441215
 102.3570160438446062 115.6512393959806201  92.5323298735880215  -0.0517962998558786
 102.7595277103698347 117.4597073061432463  91.6233716031718961   0.0922037001441214
 104.8722415280937983 114.2263858910039871  92.9083853742383468  -0.1101962998558786
 104.4678401354346396 112.4443741467162506  93.8608073457346536   0.0457037001441214
 105.6451395168675882 113.7823002495324939  91.0470051323259148   0.0457037001441214
 106.9093663004609001 115.6436804914449260  94.4352840904467181   0.3531037001441214
 106.1553655730263189 116.2465031281658103  96.2456417267432744  -0.0360962998558786
 109.1316842339522959 113.8654481994250367  94.9171642545966421  -0.4120962998558785
 110.5962219877412634 114.8707825026711359  95.9527341759854917   0.1000037001441214
 108.4986259790886748 112.2667398901276506  96.0491102088154657   0.1000037001441214
 109.8837952352529602 113.1908159696151509  93.1219244273714475   0.1000037001441214
 107.9128108775730825 117.9718230884359070  93.0709018217555718  -0.4120962998558785
 109.3830178097638275 118.8864505372537962  94.1858402407691169   0.1000037001441214
 108.6327965345970799 117.4445894970718846  91.2284188411823620   0.1000037001441214
 106.3802429829629473 119.3078594651182334  92.7968915323369977   0.1000037001441214
 100.6316960835745095 114.1829221899238055  90.7408694986306739   0.5973037006928996
 100.1498159194245855 115.0219605933848329  88.6319351331745574  -0.5678963015022129
  99.6188028757927160 112.0154063143161327  91.5685695452881868  -0.4156962998558785
 100.0609987911302921 111.4088042253274012  93.3316840282367144   0.2719037001441215
  98.0352123755667050 110.4431541708936496  89.9188386303749250  -0.0596962998558785
  99.1161357241696662 110.0425322305023379  88.2124159314440370   0.0869037001441215
  97.3775876809621113 107.9052519730374017  91.2151907582449038   0.1303037001441214
  96.7218527124914344 108.3285506270357691  93.1257038796392945   0.0187037001441214
  95.2251896144257999 106.4709498373911708  89.8772646554286603  -0.3203962998558785
  94.9719663124803516 104.6209079522822667  90.7427592247645908   0.0882037001441214
  93.4582956792094387 107.5140786633157012  90.0511194597494132   0.0882037001441214
  95.6522677206920011 106.2441827013206255  87.8741549534721292   0.0882037001441214
  99.7302967176940651 106.1780422866333746  91.4570757033868242  -0.0429962998558786
 101.2571954339024363 107.2476272784328079  92.3244599988566847   0.0236037001441214
  99.2692035410172800 104.6265771306840308  92.7326408437836772   0.0236037001441214
 100.7620871868150675 105.0366477017449400  88.9909830986195909  -0.0659962998558786
 101.2723132429738114 106.5257518952748937  87.6625056264729588   0.0186037001441214
 102.4496126244067466 103.9349373656688532  89.4161714787518754   0.0186037001441214
  99.3693590261151147 103.7875387272229899  88.1311577076854247   0.0186037001441214
  95.7070697785757240 111.9114713769504508  89.0457851565033138   0.5973037006928996
  95.1155854986583677 111.8264337009240046  86.7989007832709453  -0.5678963015022129
  94.4088279245718285 113.2739639195076804  90.7389797724967570  -0.4156962998558785
  95.0551142623728942 113.3892372136768765  92.5436682303915494   0.2719037001441215
  92.2224147876249333 114.8046420879838985  90.0057660325353015  -0.0274962998558786
  90.8712606018712452 115.8666681752476377  92.3376880817941295  -0.0049962998558786
  90.3761523547838763 114.3076441147625995  93.5924662347178436   0.0339037001441214
  92.1676127297412238 117.1025490668321429  93.3600299202455343   0.0339037001441214
  91.9824195686169298 121.6397815143770617  90.8920475893443709   0.1700037001441214
  92.9329518139793197 116.9135764534400151  88.1538344212924805   0.5973037006928996
  95.1023574157209229 118.1551265234262709  88.5034337560679164  -0.4156962998558785
  96.1946191211274121 117.6997025251512498  90.0189941154727597   0.2719037001441215
  96.0642280178868408 120.0958752629633985  86.7837829741995702  -0.0517962998558786
  94.6166977993031651 121.5452952076810044  86.5551261119950946   0.0922037001441214
  98.3904808887439049 121.3090794409408479  88.0517892100607291  -0.1101962998558786
  97.8084452394961597 121.8797767333850518  89.9434050701158977   0.0457037001441214
  99.8625775470685533 119.8861156620981450  88.2842255245330518   0.0457037001441214
  99.5696699963107570 123.6410014901996627  86.7705548912621254   0.3531037001441214
  98.1126911470574703 125.0677447213102260  86.4663089837008012  -0.0360962998558786
 101.5501029846602324 124.7294837433383181  88.5657947184873066  -0.4120962998558785
 102.3853619358534261 126.4434653468048869  87.8155734433205726   0.1000037001441214
 100.6997262243956638 125.1622310280062833  90.3893804377213211   0.1000037001441214
 103.0467660827258669 123.3424247610401024  88.8492536385755051   0.1000037001441214
 100.8698015764485829 123.0646350193536948  84.2515499547450997  -0.4120962998558785
 102.2020585008630622 124.5499597606158013  83.7734492428630228   0.1000037001441214
 101.9337173898462522 121.3071897148069175  84.4065074977266303   0.1000037001441214
  99.4846323202843109 122.9002288457025397  82.7454382260098540   0.1000037001441214
  96.6046896921883213 118.9847162962177005  84.1608431003168762   0.5973037006928996
  98.1164705993253175 116.9759374158594188  84.0417903538798328  -0.5162962998558784
  98.9252733846436081 116.3806736836742152  85.6858520903913304   0.2936037001441215
  98.9762959902594839 115.8118661173639148  81.6871915910139488   0.0381037001441214
  99.9419460446932489 117.2442785268762288  80.5684737197325700   0.0880037001441214
 100.8546837673772077 113.6689166814972280  82.2503299789224853  -0.0302962998558786
  99.9192693310861930 112.2289453674492332  83.3936142899448502  -0.0121962998558786
 101.4083735246161332 112.7977529337595202  80.4645387823669017  -0.0121962998558786
 103.2470770529215228 114.5174037156278664  83.6128225214797147   0.7994036990465651
 104.4735093138364036 112.8563344439110767  84.7561068325020662  -0.8013962987583222
 103.9462757224723811 116.7623983627263047  83.3520403149985721  -0.8013962987583222
  95.5899067582726110 112.6503542953136704  83.0836992039817621   0.2719037001441215
  93.3694785509151319  99.9324974140236378  90.1645030277846927   0.0603037001441214
  90.7011852498183261  99.1973939479282787  94.5864621811604151   0.5973037006928996
  92.3849312351421581  98.4641802079668232  96.0094259600031179  -0.5678963015022129
  90.9714160869690665 103.0392071781901862  97.9974178528882741   0.0869037001441215
  87.4886508221521925 106.1496963946245547 100.0817857786034178  -0.3203962998558785
  89.4180612048857921 106.8356669812379684 100.2839864749329904   0.0882037001441214
  90.1323776835080257 107.3477827635306292  94.8245676740345017  -0.0659962998558786
  91.4910907737974079 105.8322224041257859  94.5146525880714137   0.0186037001441214
  90.0794653517582331 108.5420896801688698  93.1464908671124202   0.0186037001441214
  90.7427592247645908 108.5005157052225917  96.4194965310640405   0.0186037001441214
  91.7839983245552042  92.3509161647315743 100.0118659116483334  -0.0274962998558786
  91.3247948740123360  90.9865338960404414 101.4877420222408288   0.1123037001441214
  91.8803743573851916  90.8996064938800517  97.5079787842026691  -0.0049962998558786
  91.8803743573851916  92.2356428705623781  95.9413958191819636   0.0339037001441214
  93.6586066494050810  89.8583673940894516  97.4342794649797511   0.0339037001441214
  93.0501148342824462  80.6100476946788347  96.7445294260984904   0.1447037001441214
  91.9370661414028315  84.5331191486993545  96.9164945042853264  -0.2386962998558785
  93.8419100843954449  85.2379869966519902  97.0903493086060791   0.1700037001441214
  94.3615847712237865  93.4564059530755083 100.7431899254758586   0.5973037006928996
  95.8733656783607961  92.0939134105182923 101.8656872490250845  -0.5678963015022129
  94.8642519228468495  95.8809245828964768 100.2140666079779060  -0.4156962998558785
  93.6000251392535244  96.8957075168121873  99.1917247695265148   0.2719037001441215
  97.2660938390607487  97.0809006779364681 100.9491700740732784  -0.0388962998558786
  98.7703158416620775  95.8469095124858931 100.3180015453435743   0.1007037001441214
  97.7196281112018529  99.6112439712570351  99.5904569837838961   0.3654037001441214
  97.4342794649797511  99.3334542295706005  97.5684500204881560   0.0043037001441214
  96.0963533621634944 101.8241132740788200 100.4597310053876736  -0.2437962998558785
  96.4005992697248184 103.4284907617779564  99.2068425785978765   0.0642037001441215
  94.1215895522157964 101.2893207781791032 100.3765830554951308   0.0642037001441215
  96.5895718831169462 102.3740235790498982 102.3834722097195092   0.0642037001441215
 100.2272946909153508 100.3539063418880750  99.9929686503091246  -0.6760962982095441
 100.4616207315215904 102.0319831488101565  99.3391234079723645   0.4102037001441214
  97.5552219375507112  97.2377479470519424 103.8196640714996570   0.5973037006928996
  99.3958151919900043  96.2796567971538583 104.8646826235581040  -0.5678963015022129
  95.6277012809510284  98.1769418356108044 105.1670388049855113  -0.4156962998558785
  94.1196998260818660  98.9082658494383296 104.2543010823015389   0.2719037001441215
  95.6995108740400432  98.2714281423068615 107.9487156741175965  -0.0874962998558785
  97.4512870001850429  99.2106220308657235 108.4929568006869108   0.0969037001441214
  93.5187669154949119  99.8436802857293446 109.0731027238007393   0.2985037001441215
  93.8778148809399456 100.0534398865945981 111.0913302348286322  -0.0296962998558786
  93.4431778701380635 102.4987455038887056 107.9090314253052487  -0.3191962998558785
  92.1128106718575011 103.6760448853216408 108.9521602512297790   0.0791037001441214
  95.3064478381844124 103.3699092516263998 108.0205252672065979   0.0791037001441214
  92.8516935902207072 102.4212667323979269 105.9361573414914542   0.0791037001441214
  90.8996064938800517  98.6418144645554231 108.7669670901054984  -0.3191962998558785
  90.4725283876138505  98.3640247228690019 106.7714162926846479   0.0791037001441214
  90.8107893655857584  96.8371260066606308 109.7515144058784721   0.0791037001441214
  95.8110047159413923  95.6163629241475006 109.0938897112738650   0.5973037006928996
  97.1432616403558717  95.2289690666936471 110.9514905009184633  -0.5678963015022129
  94.5732340982229703  93.7417545992976236 107.9279286866444575  -0.4156962998558785
  93.5149874632270649  94.1556046226263800 106.3953607920343224   0.2719037001441215
  94.7300813673384312  91.1169249992809993 108.7612979117037343   0.0337037001441214
  94.1404868135550051  91.0299975971206230 110.7360617216514323   0.0823037001441214
  92.8951572913009022  89.5012091547783350 107.2022738512186962  -0.1824962998558786
  92.8913778390330550  87.5755782243125823 107.9392670434479855   0.0603037001441214
  90.9903133483082752  90.2778865958199719 107.3364444067271013   0.0603037001441214
  93.4771929405486474  89.4558557275642232 105.2293997674049151   0.0603037001441214
  97.4550664524528767  90.1040317914992058 108.6441348914006078   0.5973037006928996
  98.3791425319403770  89.1100358450566343 110.5357507514557900  -0.5678963015022129
  98.7948822814030502  90.4309544126675858 106.5144135384713658  -0.4156962998558785
  98.0106459358257324  91.3474715876193918 105.0234196188074952   0.2719037001441215
 101.4253810598214250  89.5749084740012666 106.3500073648202106  -0.0013962998558786
 101.4518372256963280  87.6530569958033476 107.0888902831834167   0.0876037001441214
 102.3456776870410783  89.4048331219483473 103.5872277570273476  -0.0151962998558786
 103.5588818650185277  87.7645508377046967 103.4927414503312769   0.0295037001441214
 100.7375207470740947  89.0174392644944939 102.3626852222463703   0.0295037001441214
 103.8876942123208246  91.5704592714221035 102.4892968732190944  -0.0010962998558786
 102.8105503159857104  93.0576737388181270 100.5579967643515780  -0.1905962998558786
 100.9605084308768063  92.6060291928109531  99.9022617958809011   0.1699037001441214
 104.1069024438556892  95.1325930338636595  99.5091987600252838  -0.2340962998558785
 103.2621948619928845  96.3042232368948444  98.1051322425217895   0.1656037001441214
 106.7430704006758280  95.7410848489863079 100.4635104576555073   0.3226037001441214
 108.0828862296260016  97.7196281112018529  99.5280960213644925  -0.5578963015022130
 109.3867972620316611  98.2430822502980416 100.6827186891903853   0.3992037001441214
 107.8769060810285818  93.9666320092342522 102.4061489233265652  -0.2340962998558785
 109.7496246797445418  94.2689881906616461 103.0864503315382147   0.1656037001441214
 106.4029196965700032  91.9540736766081099 103.3188866460105241  -0.1905962998558786
 107.2060533034865432  90.7200825111575349 104.6983867237730456   0.1699037001441214
 103.2055030779752447  91.0847996550043457 108.0583197898850290   0.5973037006928996
 104.9818456438612305  89.9774201405264816 109.0617643669972114  -0.5678963015022129
 102.7198434615574869  93.5263258200305928 108.4910670745529941  -0.4156962998558785
 101.3290050269914510  94.3861512109647726 107.4876224974408116   0.2719037001441215
 104.2259551902927326  95.0437759055693663 110.2560712836354386  -0.0236962998558786
 106.2139470831778888  94.8075601388292099 109.7723013933515976   0.0880037001441214
 103.5683304956881254  97.8632472973798690 110.0349733259666571   0.0342037001441214
 101.5330954494549406  98.1108014209235536 110.2409534745640770   0.0241037001441214
 104.4753990399703339  98.8780302312955796 111.5807693035142372   0.0241037001441214
 104.4149278036848470  99.0688925708216243 107.5310861985209931   0.0018037001441214
 103.2999893846713154  98.2827664991103894 105.9947388516430242   0.0440037001441214
 103.9916291496864928 101.0776714511799194 107.6274622313509805   0.0440037001441214
 107.7124999073774401  98.7400802235193274 106.6485840939797707  -0.2736962998558785
 109.2847520507999231  99.6093542451231048 109.5493137095488859  -0.0535962998558786
 111.2784131220868433  99.9003720697469842 109.1335739600862128   0.0684037001441214
 108.4589417302763272 101.3384536576610488 110.2995349847156335   0.0684037001441214
 109.0919999851399481  98.0975733379861088 110.9344829657131713   0.0684037001441214
 103.9651729838115898  94.1348176351532412 112.9961741778212592   0.5973037006928996
 105.8832450097416616  93.8022258355830970 114.2698495920841820  -0.5678963015022129
 101.6597071004276648  93.5867970563160796 113.8919043652999263  -0.4156962998558785
 100.1309186580853768  93.9080504990826957 112.7769659462863945   0.2719037001441215
 101.2855413259112562  92.5285504213201742 116.4335860154240078  -0.0517962998558786
 102.3173317950322586  93.6945114459495951 117.7828504750437926   0.0922037001441214
  98.4717391125025174  92.5455579565254663 117.1686894815193803  -0.1101962998558786
  97.4172719297744591  91.4098325500387956 115.8080866650960812   0.0457037001441214
  98.3111123911192093  91.6252613293058130 119.0092827359586734   0.0457037001441214
  97.2282993163823312  95.1741670088099242 117.3557723687775780   0.3531037001441214
  97.0090910848474668  95.9810800679942980 115.4849434961955483  -0.0360962998558786
  94.6015799902317900  94.8888183625878224 118.5274025718087626  -0.4120962998558785
  93.6623861016729282  96.7199629863575177 118.5746457251567913   0.1000037001441214
  93.4771929405486474  93.5924662347178436 117.3878977130542449   0.1000037001441214
  94.7603169854811812  94.1556046226263800 120.4454745977388344   0.1000037001441214
  98.7287418667157994  97.0601136904633425 118.9507012258071168  -0.4120962998558785
  97.6591568749163795  98.8062206382065783 119.1661300050741477   0.1000037001441214
  99.1123562719018192  96.2664287142164135 120.8139711938534791   0.1000037001441214
 100.5069741587357021  97.5193171410061972 118.0190662417839491   0.1000037001441214
 102.4061489233265652  89.8659262986251324 116.6830298651016225   0.5973037006928996
 103.6628168023841960  89.3216851720558181 118.5614176422193465  -0.5678963015022129
 102.1170208248366027  88.2445412757207040 114.7649578391715507  -0.4156962998558785
 101.0096413103587519  88.7490981534776705 113.2815228240433612   0.2719037001441215
 103.4058140481709006  85.7860075754891517 114.7044866028860641  -0.0023962998558786
 102.9163749794852956  84.7277609404932463 116.4033503972812712   0.0978037001441214
 102.5818934537812348  84.2666677638164612 112.3650056490915550  -0.0342962998558786
 103.1525907462254521  85.3343630294819644 110.6982671989730148   0.0295037001441214
 103.6363606365092929  82.4959943763322527 112.3555570184219574   0.0295037001441214
  99.7983268585152327  83.6071533430779507 112.0588700153963141   0.0118037001441214
  98.0975733379861088  83.6241608782832426 114.1167817752365547  -0.1255962998558786
  98.7268521405818827  84.1268280299062924 115.9649339342115421   0.1330037001441214
  95.5351047003888880  83.0156690631605944 113.7407262745862294  -0.1703962998558786
  94.2576498338581182  83.0610224903747061 115.2997503350712675   0.1430037001441214
  94.6563820481155129  82.3769416298952093 111.3124281924974271  -0.1071962998558785
  92.7099641301766214  81.9290765361558692 111.0327487246770756   0.1297037001441214
  96.3439074857071787  82.3391471072167919 109.2582958849250201  -0.1703962998558786
  95.6843930649686681  81.8629361214686319 107.4120334520839631   0.1430037001441214
  98.9044863971704826  82.9495286484733570 109.6362411117092758  -0.1255962998558786
 100.1687131807637942  82.9381902916698291 108.0677684205546265   0.1330037001441214
 106.2952053069365011  86.0770254001130177 114.7328324948948838   0.5973037006928996
 107.5915574348064799  84.6124876463240501 115.9857209216846810  -0.5678963015022129
 107.3118779669861284  88.0064357828466174 113.4667159851676418  -0.4156962998558785
 106.1610347514280828  89.1062563927887873 112.4009104456360558   0.2719037001441215
 109.9877301726186286  88.6716193819869052 113.5441947566584207  -0.0251962998558786
 111.1140069484356881  87.0691316204216855 112.8997981449912717   0.0698037001441214
 110.3089836153852312  90.2533201560789858 112.2648501639937339   0.0698037001441214
 110.8910192646329764  89.4482968230285424 116.1765832612107257   0.5973037006928996
 112.8431063609736319  88.5204412912732083 117.0099524862699891  -0.5678963015022129
 109.4397095937814537  90.9865338960404414 117.5636422435089280  -0.4156962998558785
 107.8693471764929009  91.7329757189393285 116.7529497320567071   0.2719037001441215
 110.0274144214309628  91.6460483167789521 120.1998102003290668  -0.0517962998558786
 111.9454864473610346  92.4019387703474502 120.2583917104806233   0.0922037001441214
 108.1565855488489333  93.7209676118244847 121.0426280560579413  -0.1101962998558786
 107.9487156741175965  95.0362170010336721 119.4684861865015416   0.0457037001441214
 106.3046539376060989  92.8800394822295271 121.3789993078959189   0.0457037001441214
 108.9351527160244872  95.2988889336487316 123.3688809269150188   0.3531037001441214
 110.7984226840708360  96.1114711712348693 123.0419583057466389  -0.0360962998558786
 107.0378676775675545  97.4588459047207238 123.6920240958155384  -0.4120962998558785
 107.6406903142884253  98.7079548792426739 125.2151433597560625   0.1000037001441214
 106.9358224663358031  98.5511076101272130 121.9534760526079834   0.1000037001441214
 105.1670388049855113  96.7105143556879065 124.1209919282156699   0.1000037001441214
 108.9672780603011407  93.8513587150650560 125.8746577804945864  -0.4120962998558785
 109.2545164326571729  95.1741670088099242 127.4280126625778607   0.1000037001441214
 107.1909354944151683  92.8479141379528735 126.1297708085739650   0.1000037001441214
 110.5433096559914708  92.5342195997219382 125.9067831247712399   0.1000037001441214
 109.9612740067437256  89.3046776368505263 121.9119020776617321   0.5973037006928996
 111.7262782158261702  88.8322461033702133 123.3424247610401024  -0.5678963015022129
 107.9808410183942501  87.7551022070350992 121.7418267256088130  -0.4156962998558785
 106.5257518952748937  88.2426515495867738 120.5853143316490033   0.2719037001441215
 107.7484047039219408  85.4571952281868548 123.2800637986206988  -0.0274962998558786
 108.0450917069475707  85.9447445707385295 125.2586070608362707   0.1123037001441214
 105.0631038676198430  84.4178458545301582 123.0098329614699585  -0.0049962998558786
 104.7342915203175461  83.9038403461035807 121.0407383299240378   0.0339037001441214
 104.9081463246382991  82.7114231555992704 124.1512275463583931   0.0339037001441214
 103.0165304645831303  86.1941884204161442 123.8413124603953318  -0.1414962998558786
 103.3321147289479689  88.2237542882475649 125.3568728198001616  -0.1637962998558786
 105.1197956516374827  88.8171282942988382 126.1354399869757291   0.2062037001441214
 101.0531050114389467  89.4105023003501115 125.7688331169950012  -0.3417962998558785
 100.8660221241807358  90.9241729336210378 126.9177866064191300   0.3412037001441214
  99.1350329855088751  88.2294234666493290 124.4724809891250091   0.1380037001441214
  96.1776115859221201  85.0357863003224175 121.5056109588686565  -0.1971962998558786
  95.0248786442301442  83.7980156826039955 120.3642163739802219   0.1447037001441214
  98.7816541984656054  84.5520164100385767 121.7645034392158690  -0.2386962998558785
  99.6301412325962439  82.9495286484733570 120.8290890029248406   0.1700037001441214
 100.3274501760131854  86.1412760886663516 123.2441590020762115   0.1243037001441214
 109.7628527626820000  83.4843211443730603 122.6432260914892576   0.5973037006928996
 110.6359062365536112  82.1312772324854553 124.3175234461434786  -0.5678963015022129
 110.6170089752144025  83.3992834683466142 120.2716197934180815  -0.4156962998558785
 109.7439555013427779  84.4858759953513259 118.9544806780749639   0.2719037001441215
 112.9073570495269526  82.0424601041911485 119.5365163273227091  -0.0248962998558786
 112.7807453985542283  80.1149394475914792 120.2489430798110258   0.0843037001441214
 113.1190063765261362  81.9347457145576332 116.6565736992267195   0.2117037001441214
 111.4371501173362211  81.0579127884181750 115.8609989968458736   0.0352037001441214
 113.2890817285790553  83.8433691098181072 115.9006832456582214   0.0352037001441214
 115.2789633475981284  80.5325689231880694 115.9687133864793891  -0.6545963009534348
 114.9747174400368042  78.7581160834360137 116.2880771031120748   0.4275037001441214
 115.2827427998659756  83.2443259253650700 120.6779109122111437   0.5973037006928996
 116.8323182296814026  81.8761642044060766 121.7134808335999933  -0.5678963015022129
 115.5454147324810217  85.7519925050785678 120.6949184474164357  -0.4156962998558785
 114.2528420568788902  86.8291364014136820 119.7765115463307128   0.2719037001441215
 117.6619080024728323  87.0748007988234496 121.9024534469921077   0.0337037001441214
 119.4155738547517490  86.2867850009782846 121.1654602547628184   0.0823037001441214
 117.6014367661873454  89.8772646554286603 121.1635705286289149  -0.1824962998558786
 119.2908519299129416  90.8145688178536056 121.8816664595189821   0.0603037001441214
 117.5730908741785255  90.0643475426868580 119.1094382210565078   0.0603037001441214
 115.9441469467384030  90.8013407349161474 121.9553657787419137   0.0603037001441214
 117.8055271886508484  86.6874069413695828 124.7823960750880973   0.5973037006928996
 119.8558800439553950  86.8990562683687664 125.8463118884857666  -0.5678963015022129
 115.7646229640158862  85.9126192264618759 126.0655201200206311  -0.4156962998558785
 114.0695386218885261  85.9258473093993207 125.1792385632115751   0.2719037001441215
 115.9857209216846810  84.9337410890906662 128.6563346496266582  -0.0517962998558786
 116.9419223454488350  86.3472562372637578 129.8128470435864813   0.0922037001441214
 113.3930166659447238  84.3724924273160598 129.8222956742560791  -0.1101962998558786
 112.4538227773858618  82.9117341257949261 128.7168058859121584   0.0457037001441214
 111.5732103989785563  86.6118178960127342 130.1416593908887648   0.3531037001441214
 110.8362172067492669  87.1900740929926458 128.3105147671190829  -0.0360962998558786
 112.7920837553577562  88.9078351487270617 131.4058861744821033  -0.4120962998558785
 111.3823480594525116  90.3742626286499461 131.7139115343112611   0.1000037001441214
 114.2679598659502651  89.6826228636347685 130.1983511749064044   0.1000037001441214
 117.5919881355177345  82.5205608160732256 128.8301894539474379   0.5973037006928996
 117.7866299273116262  81.0446847054807302 126.7949544077142262  -0.4156962998558785
 116.8965689182347232  81.6682943296747399 125.2189228120239229   0.2719037001441215
 119.6914738703042532  79.0812592523365466 126.3697660275819553   0.0337037001441214
 118.9714882132802557  77.9379749413141951 124.8239700500343752   0.0823037001441214
 122.1027644171877769  80.3360374052602607 125.3795495334072176  -0.1824962998558786
 123.4633672336110761  78.8979558173461827 124.8069625148290834   0.0603037001441214
 121.6397815143770617  81.5019984298896680 123.7449364275653444   0.0603037001441214
 122.9323541899791932  81.5190059650949599 126.8478667394640322   0.0603037001441214
 110.7700767920620161  71.3333821032594113 121.8571000197779960   0.5973037006928996
 109.6343513855753455  72.5182403892280408 120.2130382832665116  -0.5678963015022129
 113.2342796706953326  71.6621944505617080 122.3219726487226415  -0.4156962998558785
 114.8518852413319272  73.3894041369657350 120.8706629778711188  -0.0013962998558786
 114.2112680819326254  75.3244836981010987 121.1843575161020405   0.0876037001441214
 117.5976573139194984  73.1758650838326345 121.8060774141621201  -0.0151962998558786
 117.7526148569010424  74.1150589723914965 123.6315528595300649   0.0295037001441214
 118.0360737769892409  71.2011012738849231 122.1178822262591386   0.0295037001441214
 119.5837594806707377  74.2322219926946096 120.0183964914726332  -0.0010962998558786
 119.6366718124205303  76.8287057007024140 119.4930526262425142  -0.1905962998558786
 118.2722895437293974  78.0475790570816273 120.3642163739802219   0.1699037001441214
 121.4300219135117948  77.8434886346181244 117.8168655454543629  -0.2340962998558785
 121.4640369839223784  79.8484880627085726 117.4200230573309119   0.1656037001441214
 123.1723494089872102  76.2353316946511407 116.6055510936108438   0.3226037001441214
 124.8844412863198487  77.2123201058884338 114.9633790832332763  -0.5578963015022130
 125.9011139463694759  75.9443138700272749 114.1715838331202776   0.3992037001441214
 123.1137678988356402  73.6142815469023636 117.1025490668321429  -0.2340962998558785
 124.4422453709822859  72.3765109291839416 116.1765832612107257   0.1656037001441214
 121.3430945113514317  72.6278445049954730 118.8316484793700868  -0.1905962998558786
 121.3430945113514317  70.6398526121103168 119.2492779549666769   0.1699037001441214
 114.6553537234041185  72.8810678069409215 118.0209559679178658   0.5973037006928996
 113.9429269709158020  74.5761521490682814 116.5923230106733990  -0.5678963015022129
 115.1296749830183484  70.5264690440750375 117.2272709916709368  -0.4156962998558785
 115.6304524085074813  69.2244477378032948 118.5387409286122905   0.2719037001441215
 114.9407023696262205  69.7082176280871356 114.5873235825829510  -0.0274962998558786
 116.0915455851842661  70.9573266026090858 113.4175831056856964   0.1123037001441214
 115.9857209216846810  67.0096887088475932 114.3246516499678915  -0.0049962998558786
 115.1825873147681410  65.8191612444771996 115.8061969389621509   0.0339037001441214
 115.3394345838836018  66.2462393507434009 112.5218529182070159   0.0339037001441214
 118.8146409441647948  66.7678037637056726 114.3643358987802393  -0.1414962998558786
 120.2905170547572903  66.7262297887594081 116.4468140983614660  -0.1637962998558786
 123.0873117329607506  66.4314325118676951 113.2097132309543599   0.1380037001441214
 124.8731029295163208  66.0327002976103002 109.0296390227205445  -0.1133962998558786
 122.4202384076865324  66.1120687952349958 108.0072971842691531  -0.1971962998558786
 122.1726842841428479  66.0024646794675635 105.9815107687055660   0.1447037001441214
 120.2961862331590544  66.3766304539839722 109.5889979583612337  -0.2386962998558785
 118.4272470867109280  66.4559989516086678 108.7764157207750960   0.1700037001441214
 120.5701965225776284  66.5448160799029609 112.2383939981188309   0.1243037001441214
 112.2251659151813861  69.8669546233365268 113.5800995532029213   0.5973037006928996
 111.8604487713345885  70.6681985041191367 111.4314809389344569  -0.5678963015022129
 110.3089836153852312  69.1942121196605581 115.0862112819381669  -0.4156962998558785
 110.6888185683034038  68.5006826285114636 116.8304285035474724   0.2719037001441215
 107.6633670278954813  69.3416107581064213 114.2868571272894738   0.0337037001441214
 107.4460485224945335  68.2380106958964041 112.5596474408854470   0.0823037001441214
 105.9796210425716491  68.1624216505395557 116.3296510780583395  -0.1824962998558786
 106.1799320127673050  69.1942121196605581 118.1003244655425614   0.0603037001441214
 106.8413361596397324  72.0609266648191029 113.6708064076311448   0.5973037006928996
 105.8265532257240220  72.5295787460315686 111.6261227307283489  -0.5678963015022129
 107.3364444067271013  73.8731740272495759 115.3602215713567409  -0.4156962998558785
 108.1773725363220588  73.3950733153674990 117.0212908430735172   0.2719037001441215
 106.7430704006758280  76.5414673283463818 114.9123564776174006  -0.0023962998558786
 104.7909833043351860  76.7020940497296898 114.2849674011555437   0.0978037001441214
 107.0510957605049992  78.0230126173406412 117.3878977130542449  -0.0342962998558786
 108.9937342261760437  77.8056941119397069 118.0398532292570746   0.0295037001441214
 106.7506293052115223  80.0147839624936445 116.9759374158594188   0.0295037001441214
 105.2709737423511796  77.3389317568611579 119.5421855057244730   0.0118037001441214
 102.8124400421196273  76.4054070467040600 119.0905409597172991  -0.1255962998558786
 102.1396975384436586  76.0992714130088189 117.1932559212603530   0.1330037001441214
 101.1759372101438238  75.8970707166792329 121.1219965536826369  -0.1703962998558786
 104.4073688991491662  77.2822399728435182 124.0775282271354883  -0.1703962998558786
 106.0552100879284976  77.7622304108595121 122.0479623593040405  -0.1255962998558786
 107.9317081389123047  78.4689879849460646 122.4240178599543929   0.1330037001441214
 108.3436684361071308  77.6753030086991356 112.7769659462863945   0.5973037006928996
 107.3402238589949483  79.0566928125955740 111.1914857199264668  -0.5678963015022129
 110.7625178875263353  76.9553173516751383 112.5974419635638779  -0.4156962998558785
 111.4825035445503328  75.8271508497241484 113.9712728629246217   0.2719037001441215
 112.4500433251180145  77.7130975313775665 110.5376404775897069  -0.0517962998558786
 112.6182289510370035  79.7691195650838904 110.5622069173306796   0.0922037001441214
 115.0692037467328749  76.5395776022124649 111.0592048905519786  -0.1101962998558786
 115.5680914460880775  76.9968913266214028 112.9886152732855649   0.0457037001441214
 114.9463715480279845  74.4892247469079051 110.9666083099898248   0.0457037001441214
 117.2650655143493677  77.4485358726285903 109.3867972620316611   0.3531037001441214
 116.8927894659668760  79.3571592678890509 108.7102753060878586  -0.0360962998558786
 119.7122608577773787  77.4504255987625070 110.9269240611774904  -0.4120962998558785
 121.3204177977443758  77.9190776799749730 109.7363965968070970   0.1000037001441214
 119.5856492068046546  78.8544921162660011 112.4311460637788058   0.1000037001441214
 120.0278451221422308  75.5947145352518390 111.7659624646385180   0.1000037001441214
 117.6619080024728323  75.6778624851443682 107.1455820672010565  -0.4120962998558785
 119.1869169925472733  76.3751714285613098 105.9569443289645933   0.1000037001441214
 118.1437881666227430  73.7862466250891996 107.8069862140734974   0.1000037001441214
 115.9479263990062501  75.5890453568500751 106.0306436481875249   0.1000037001441214
 111.3615610719793725  76.9269714596663184 107.9619437570550413   0.5973037006928996
 111.0157411894717838  78.5162311382940933 106.3027642114721820  -0.5678963015022129
 110.6699213069641951  74.5194603650506418 107.6482492188241196  -0.4156962998558785
 110.9722774883915888  73.2968075564035946 109.0976691635417120   0.2719037001441215
 109.5474239834149692  73.5330233231437511 105.3106579911635274  -0.0517962998558786
 110.7549589829906546  74.0451391054364119 103.7195085864018358   0.0922037001441214
 109.3849075358977442  70.6304039814407058 105.4731744386807524  -0.1101962998558786
 109.0825513544703369  70.0672655935321827 107.4328204395570887   0.0457037001441214
 107.7295074425827321  70.0067943572466959 104.4130380775509301   0.0457037001441214
 111.6752556102102943  69.2093299287319331 104.3676846503368184   0.3531037001441214
 111.6185638261926681  69.3869641853205330 102.3154420688983417  -0.0360962998558786
 114.2585112352806541  70.1409649127551008 105.2615251116815686  -0.4120962998558785
 115.7419462504088304  68.9013045689027618 104.5528778114610992   0.1000037001441214
 114.5967722132525620  72.0193526898728248 104.5094141103809176   0.1000037001441214
 114.3378797329053497  70.1825388877013789 107.3175471453878924   0.1000037001441214
 111.4692754616128880  66.4068660721267088 105.0366477017449400  -0.4120962998558785
 112.9942844516873288  65.3580680678004146 104.1352483358645089   0.1000037001441214
 111.5939973864516820  66.1687605792526356 107.0813313786477359   0.1000037001441214
 109.6683664559859293  65.6642037014956557 104.3714641026046654   0.1000037001441214
 106.9452710970054141  74.6895357171035609 104.7475196032549909   0.5973037006928996
 106.4180375056413784  75.2734610924852230 102.5592167401741790  -0.5678963015022129
 105.3446730615741113  75.0920473836287894 106.6618121769172155  -0.4156962998558785
 105.8360018563936330  74.5137911866488778 108.4230369337318264   0.2719037001441215
 102.8993674442800038  76.3354871797489754 106.3122128421417932   0.0337037001441214
 101.8241132740788200  75.2847994492887509 104.9005874201026182   0.0823037001441214
 101.4367194166249531  76.2580084082581967 108.8123205173196102  -0.1824962998558786
  99.5715597224446873  77.0913776333174735 108.5515383108384674   0.0603037001441214
 101.2194009112240188  74.3059213119175413 109.4359301415136201   0.0603037001441214
 102.4477228982728299  77.3219242216558661 110.2598507359032857   0.0603037001441214
 103.1998338995734807  79.0585825387294907 105.3257758002348891   0.5973037006928996
 101.8505694399537095  79.8163627184319191 103.5815585786255836  -0.5678963015022129
 105.0253093449414121  80.4853257698400407 106.3443381864184467  -0.4156962998558785
 106.0230847436518307  79.7785681957534880 107.8239937492787892   0.2719037001441215
 105.6149038987248516  83.0440149551694143 105.4486079989397795  -0.0248962998558786
 103.8650174987137688  84.1249383037723754 105.4826230693503634   0.0843037001441214
 107.5008505803782564  84.3687129750482128 107.2211711125579049   0.2117037001441214
 107.4554971531641445  86.3907199383439529 106.8262183505683707   0.0352037001441214
 106.9320430140679558  84.0833643288260973 109.1789273873003245   0.0352037001441214
 110.0217452430291989  83.5353437499889360 106.9225943833983583  -0.6545963009534348
 110.1275699065287975  81.7174272091566989 107.1493615194689036   0.4275037001441214
 106.5446491566141024  83.0326765983658864 102.6952770218165142   0.5973037006928996
 105.4637258080111412  84.3592643443786016 101.1211351522601144  -0.5678963015022129
 108.3550067929106587  81.3961737663900828 102.0149756136048647  -0.4156962998558785
 109.2356191713179642  80.3908394631439700 103.3869167868316919   0.2719037001441215
 109.2450678019875753  81.1278326553732594  99.3958151919900043  -0.0274962998558786
 109.9782815419490175  82.9438594700715930  98.7551980325907024   0.1123037001441214
 111.4314809389344569  79.2324373430502436  99.2616446364815992  -0.0049962998558786
 111.0233000940074646  77.6242804030832599 100.4842974451286463   0.0339037001441214
 111.5391953285679725  78.5086722337584124  97.3341239798819164   0.0339037001441214
 114.0033982072012889  80.2642278121712458  99.8644672732024700  -0.1414962998558786
 115.4036852724369358  79.6670743538521391 101.9129304023731131  -0.1637962998558786
 114.7781859221089955  78.4236345577319529 103.4020345959030668   0.2062037001441214
 117.7545045830349727  80.7876819512674346 101.7466345025880411  -0.3417962998558785
 119.1604608266723837  80.4834360437061238 103.0070818339135191   0.3412037001441214
 117.9793819929716013  82.2125354562440678  99.5791186269803682   0.1380037001441214
 119.9730430642585215  83.6222711521493124  98.5397692533236850  -0.2600962998558785
 121.7493856301445073  83.6921910191043969  99.4865220464182278   0.1572037001441214
 119.6007670158760296  84.9280719106889022  96.2513109051450384  -0.1133962998558786
 121.1012095662095113  86.0165541638275442  95.4500670243624285   0.1417037001441214
 117.2423888007423119  84.8241369733232339  95.0210991919623106  -0.1971962998558786
 116.9683785113237246  85.8426993595067913  93.2995586839600475   0.1447037001441214
 115.2487277294553918  83.3709375763377942  96.0264334952084098  -0.2386962998558785
 113.4761646158372530  83.2726718173738899  95.0702320714442559   0.1700037001441214
 115.5775400767576887  81.9800991417717449  98.3715836274046828   0.1243037001441214
 107.1342437103975285  80.3700524756708444  97.5552219375507112   0.5973037006928996
 107.0303087730318602  81.3583792437116519  95.4500670243624285  -0.5678963015022129
 105.4221518330648765  78.6730784074095542  98.3092226649852924  -0.4156962998558785
 105.6319114339301434  77.8529372652877356 100.0326528991214724   0.2719037001441215
 103.2962099324034682  77.9058495970375282  96.7256321647592816   0.0337037001441214
 104.0313133984988406  77.2614529853703792  94.9114950761948781   0.0823037001441214
 101.9280482114444882  75.6873111158139794  97.9917486744865102  -0.1824962998558786
 100.3652446986916029  75.0655912177538864  96.8012212101161300   0.0603037001441214
 103.2395181483858285  74.1207281507932605  98.2563103332354864   0.0603037001441214
 101.1929447453491158  76.2598981343921136  99.8304522027918998   0.0603037001441214
 101.4990803790443567  80.1243880782610769  96.1946191211274121   0.5973037006928996
 100.8905885639217219  80.6327244082858905  94.0063162580466000  -0.5678963015022129
 100.7091748550652749  81.5095573344253623  98.1504856697359014  -0.4156962998558785
 101.3082180395183120  81.0522436100164108  99.9173796049522761   0.2719037001441215
  99.0594439401520266  83.7016396497740080  97.8405705837728133   0.0337037001441214
  97.3983746684352369  83.1044861914548877  96.7804342226429910   0.0823037001441214
  98.2033980014856938  84.5557958623064103 100.4691796360572712  -0.1824962998558786
  97.2604246606589982  86.3850507599421889 100.3557960680220052   0.0603037001441214
  96.8938177906782704  83.1687368800082216 101.2515262555006723   0.0603037001441214
  99.8304522027918998  84.6786280610113009 101.7277372412488323   0.0603037001441214
 100.3255604498792685  85.8143534674979716  96.2834362494217053   0.5973037006928996
  99.1501507945802501  86.8310261275475989  94.5467779323480673  -0.5678963015022129
 102.7538585319680708  86.3264692497906324  96.7426396999645735  -0.4156962998558785
 103.6004558399647924  85.4534157759190078  98.2298541673605968   0.2719037001441215
 104.3223312231227066  88.0328919487215204  95.2251896144257999  -0.0023962998558786
 103.5815585786255836  89.9509639746515920  95.3631396222020520   0.0978037001441214
 106.9868450719516788  87.9913179737752557  96.3741431038499288  -0.0342962998558786
 106.9018073959252192  88.8057899374953103  98.2657589639050976   0.0295037001441214
 107.6010060654760775  86.0411206035685169  96.5876821569830295   0.0295037001441214
 108.9786164171046686  89.3651488731359995  94.8548032921772385   0.0118037001441214
 109.5757698754237889  91.8822640835191085  95.4425081198267476  -0.1255962998558786
 108.6365759868649269  92.8138990675422897  96.9599582053655078   0.1330037001441214
 111.4579371048093599  93.1559394977820314  94.0781258511356013  -0.1703962998558786
 111.9511556257627986  95.0324375487658384  94.6148080731692348   0.1430037001441214
 112.6919282702599350  91.9446250459385121  92.0561188878398613  -0.1071962998558785
 114.1054434184330268  92.9235031833097219  91.0016517051118031   0.1297037001441214
 112.0796570028694531  89.4293995616893202  91.4457373465832961  -0.1703962998558786
 113.0018433562230231  88.5015440299339861  89.9150591781070914   0.1430037001441214
 110.2560712836354386  88.1254885292836606  92.8724805776938462  -0.1255962998558786
 109.8308829035031541  86.2055267772196721  92.4359538407580338   0.1330037001441214
 104.3506771151315265  87.3110165655636061  92.4019387703474502   0.5973037006928996
 103.8876942123208246  88.9002762441913674  90.7559873077020490  -0.5678963015022129
 104.7626374123263661  84.8864979357426375  91.8047853120283433  -0.4156962998558785
 105.1708182572533585  83.6562862225598963  93.2220799124692822   0.2719037001441215
 104.7739757691298940  83.9491937733176924  89.1969632472170108  -0.0517962998558786
 106.1704833820976938  85.0376760264563344  88.1424960644889526   0.0922037001441214
 105.5695504715107399  81.1505093689803152  89.1969632472170108  -0.1101962998558786
 107.4517177008962975  80.9879929214630903  90.0227735677405933   0.0457037001441214
 104.2656394391050670  80.0998216385201042  90.3969393422570019   0.0457037001441214
 105.5752196499125038  79.9165182035297402  86.5570158381290247   0.3531037001441214
 103.7289572170714333  80.1300572566628409  85.6745137335878026  -0.0360962998558786
 107.5839985302707857  81.0711408713556332  84.8260266994571506  -0.4120962998558785
 107.5991163393421608  80.0865935555826594  83.0194485154284416   0.1000037001441214
 107.1625896024063484  83.0572430381068591  84.4802068169495619   0.1000037001441214
 109.4434890460493007  80.9142936022401587  85.7009698994626921   0.1000037001441214
 106.0930046106069285  77.0857084549157096  86.7913418787352511  -0.4120962998558785
 106.0533203617945807  76.2088755287762513  84.9299616368228189   0.1000037001441214
 107.9392670434479855  76.7776830950865383  87.6530569958033476   0.1000037001441214
 104.6454743920232396  76.2145447071780153  87.9705309863021166   0.1000037001441214
 102.2077276792648262  84.3328081785037120  87.8911624886774210   0.5973037006928996
 102.1283591816401305  85.0981472627418079  85.6934109949270113  -0.5678963015022129
 100.1139111228800847  83.8679355495590799  89.2253091392258307  -0.4156962998558785
 100.3123323669418103  83.2329875685615421  91.0281078709867061   0.2719037001441215
  97.5608911159524752  84.3082417387627259  88.2199748359797179  -0.0596962998558785
  97.3889260377656393  83.2972382571148626  86.4379630916919815   0.0869037001441215
  95.5332149742549711  83.2858999003113347  90.0624578165529411   0.1303037001441214
  95.8979321181017688  84.0795848765582637  91.9276175107332203   0.0187037001441214
  95.6333704593527924  80.3738319279386782  90.3232400230340703  -0.0429962998558786
  97.4626253569885708  79.8258113491015167  91.0715715720668875   0.0236037001441214
  94.2217450373136174  79.7936860048248631  91.7065195530644389   0.0236037001441214
  97.1640486278290108  87.1069261431001032  87.5699090459108184   0.5973037006928996
  96.2191855608683848  87.6719542571425565  85.5138870122044944  -0.5678963015022129
  97.9747411392812182  88.8587022692451029  89.2064118778866219  -0.4156962998558785
  98.7570877587246193  88.2747768938634408  90.8618119712016340   0.2719037001441215
  97.8481294883085075  91.5950257111630764  88.6810680126565030  -0.0874962998558785
  95.8903732135660879  92.0825750537147643  88.2747768938634408   0.0969037001441214
  98.6833884395016876  93.1672778545855593  90.9978722528439695   0.2985037001441215
 100.5750042995568698  92.5984702882752588  91.5723489975560204  -0.0296962998558786
  98.7079548792426739  96.0113156861370482  90.4290646865336689  -0.3191962998558785
  99.1595994252498478  97.0638931427311761  92.1430462900002377   0.0791037001441214
 100.1535953716924325  96.4516218753406941  89.0287776212980220   0.0791037001441214
  96.8692513509372977  96.6179177751257661  89.7260865647149634   0.0791037001441214
  96.8749205293390617  92.7836634493995395  93.2315285431388797  -0.3191962998558785
  97.5608911159524752  93.8267922753240833  94.8718108273825303   0.0791037001441214
  94.9927532999534906  93.4601854053433554  92.7420894744532749   0.0791037001441214
  96.7558677829020183  90.7975612826483136  93.7379751470297766   0.0791037001441214
  99.3806973829186426  92.2734373932408090  86.3151308929871043   0.5973037006928996
  98.4037089716813497  93.5603408904411766  84.6389438121989531  -0.5678963015022129
 101.6918324447043318  91.2832208990660713  86.0600178649077257  -0.4156962998558785
 102.4023694710587181  90.2608790606146801  87.5226658925627763   0.2719037001441215
 103.2867613017338572  91.6800633871895359  83.8263615746128154   0.0213037001441214
 103.6193531013040011  93.7039600766191927  83.6052636169440204   0.1124037001441214
 105.8416710347953969  90.3931598899891683  84.3271390001019481  -0.1230962998558786
 106.6939375211938826  91.2321982934501956  86.0108849854257803   0.1112037001441214
 105.5657710192428926  88.3787118312291091  84.6653999780738427   0.1112037001441214
 107.9430464957158326  90.8259071746571335  81.6493970683355311  -0.3118962998558785
 110.0973342883860609  90.2986735832930976  82.8701601508486614   0.1933037001441214
 102.0244242442744623  90.7540975815681187  81.3640484221134159   0.5973037006928996
 101.9204893069087940  92.1317079331967098  79.4818811927278583  -0.5678963015022129
 100.9132652775287779  88.4807570424608605  81.3716073266491101  -0.4156962998558785
 101.0549947375728636  87.4111720506614272  82.9627567314108018   0.2719037001441215
 104.1994990244178296  84.8241369733232339  78.8979558173461827   0.1000037001441214
 103.4133729527065813  82.9230724825984540  81.5397929525680989   0.1000037001441214
  99.9306076878897209  98.3715836274046828  80.2850147996443848  -0.1101962998558786
  99.3523514909098227  98.0276534710310242  82.2352121698511236   0.0457037001441214
 101.6086844948117891  97.2301890425162481  79.9240771080654210   0.0457037001441214
 100.6373652619762736 101.1834961146795046  80.0752551987791314   0.3531037001441214
  98.4226062330205585 102.9239338840209899  80.7574463331246978  -0.4120962998558785
  99.0859001060269162 104.8741312542277152  80.8481531875529215   0.1000037001441214
  97.6515979703806854 102.4080386494604821  82.5980395875640043   0.1000037001441214
 102.7878736023786546 101.7485242287219714  81.9196279054862715  -0.4120962998558785
 103.4020345959030668 103.7043907773304607  81.7041991262192406   0.1000037001441214
 102.1623742520507144 101.4650653086337728  83.8622663711573160   0.1000037001441214
 104.3922510900777911 100.5126433371374662  81.5492415832377101   0.1000037001441214
 111.2821925743546769 112.5993316896977948  75.4775515149487259   0.0882037001441214
 113.9296988879783572 114.5835441303151037  76.0406899028572490   0.0882037001441214
 115.3866777372316439 108.6724807834094277  76.0425796289911793  -0.5678963015022129
 111.0176309156057007 106.0060772084465386  76.1332864834193894   0.0922037001441214
 107.2551861829684888 102.4212667323979269  76.7228810372028288  -0.4120962998558785
 106.3556765432219746 100.7450796516097755  77.5033379305122996   0.1000037001441214
 108.7367314719627482 103.0014126555117552  78.0324612480102524   0.1000037001441214
 105.8643477484024529 103.9311579134010062  76.5641440419534376   0.1000037001441214
 113.8559995687554256 102.3381187825053974  76.9742146130143470  -0.5678963015022129
 120.1506773208471214 100.5731145734229395  77.2595632592364623  -0.5678963015022129
 121.4092349260386691 105.7226182883583537  77.8321502778145965  -0.0023962998558786
 123.2422692759422812 104.7909833043351860  77.9795489162604598   0.0978037001441214
 121.8627691981797599 108.5250821449635778  77.2085406536205866  -0.0342962998558786
 120.0524115618832171 109.4491582244510649  76.8891769369879009   0.0295037001441214
 123.2743946202189349 110.0330835998327270  79.1984222726396597   0.0118037001441214
 125.8992242202355726 110.4280363618222745  78.9773243149708783  -0.1255962998558786
 127.1804585390341761 111.9417069950932010  80.7517771547229339  -0.1703962998558786
 129.1854579671246109 112.2837474253329427  80.5552456367951252   0.1430037001441214
 125.8444221623518363 113.0377481527675239  82.7700046657508269  -0.1071962998558785
 126.8157413951873787 114.1942605467273334  84.1495047435133481   0.1297037001441214
 123.2366000975405172 112.6087803203674057  83.0194485154284416  -0.1703962998558786
 122.2161479852230563 113.4308111886231412  84.5879212065830774   0.1430037001441214
 121.9496966003401498 111.1329042097748969  81.2279881404710941  -0.1255962998558786
 119.9333588154461737 110.8645630987580869  81.4188504799971388   0.1330037001441214
 120.0580807402849676 105.3333347047705834  80.3700524756708444   0.5973037006928996
 121.1711294331645823 104.2448524516319413  82.0897032575391772  -0.5678963015022129
 117.6297826581961654 106.0230847436518307  80.5514661845272781  -0.4156962998558785
 116.8172004206100276 106.8772409561842465  79.0359058251224349   0.2719037001441215
 116.1028839419877942 105.7320669190279647  82.8644909724468974  -0.0596962998558785
 116.9211353579756959 106.8999176697913023  84.3554848921107680   0.0869037001441215
 113.3684502262037375 106.6542532723815348  82.3845005344308902   0.1303037001441214
 112.6805899134564071 105.7207285622244368  80.6799675616339325   0.0187037001441214
 111.5694309467107091 105.9399367937593013  84.5595753145742575  -0.3203962998558785
 109.6967123479947492 106.7355114961401472  84.2553294070129333   0.0882037001441214
 111.3615610719793725 103.8971428429904223  84.7031945007522736   0.0882037001441214
 112.3007549605382345 106.6504738201136876  86.3434767849959242   0.0882037001441214
 113.3155378944539449 109.5417548050132051  81.9290765361558692  -0.0429962998558786
 113.4950618771764617 110.5376404775897069  83.7186471849792999   0.0236037001441214
 114.9104667514834837 110.1048931929217417  80.7574463331246978   0.0236037001441214
 110.9099165259721986 110.4261466356883577  80.5798120765360979  -0.0659962998558786
 109.2545164326571729 110.1237904542609504  81.7646703625047275   0.0186037001441214
 111.0686535212215764 112.4368152421805697  80.1659620532073414   0.0186037001441214
 110.6737007592320421 109.4019150711030362  78.8110284151858063   0.0186037001441214
 116.1690243566750314 102.9881845725743104  83.8131334916753572   0.5973037006928996
 116.8757819307615842 102.5157530390939974  85.9749801888812795  -0.5678963015022129
 115.5926578858290502 101.1494810442689344  82.1728512074317200  -0.4156962998558785
 115.0862112819381669 101.6502584697580536  80.3908394631439700   0.2719037001441215
 115.6058859687665084  98.4528418511632951  82.8607115201790504  -0.0596962998558785
 114.3416591851731833  98.1939493708160962  84.4669787340121171   0.0869037001441215
 114.6043311177882428  96.8220081975892557  80.6459524912233487   0.1303037001441214
 115.6210037778378701  97.3643595980246665  78.9338606138906967   0.0187037001441214
 115.0559756637954167  93.9760806399038500  81.1013764894983698  -0.3203962998558785
 114.3076441147625995  92.8573627686224711  79.5480216074150957   0.0882037001441214
 117.0723134486893928  93.5735689733786348  81.2166497836675660   0.0882037001441214
 114.1545762979149858  93.3959347167900349  82.8626012463129671   0.0882037001441214
 111.7489549294332259  97.3190061708105547  80.2434408246981203  -0.0429962998558786
 110.6869288421694869  96.5574465388402793  81.8383696817276592   0.0236037001441214
 111.4050247730595675  99.3466823125080587  80.1848593145465638   0.0236037001441214
 110.6982671989730148  96.1965088472613288  77.7830173983326511  -0.0659962998558786
 110.7209439125800708  94.1404868135550051  77.8453783607520547   0.0186037001441214
 108.7461801026323593  96.8050006623839638  77.5373530009228835   0.0186037001441214
 111.8226542486561576  96.8446849111963116  76.1824193629013483   0.0186037001441214
 118.2382744733188136  97.6024650908987399  83.7451033508542029   0.5973037006928996
 118.4215779083091640  96.2172958347344545  85.6027041404987878  -0.5678963015022129
 120.2621711627484705  98.4585110295650592  82.4959943763322527  -0.4156962998558785
 119.9824916949281190  99.6358104109980078  81.0068901828022991   0.2719037001441215
 122.8737726798276501  97.8632472973798690  83.1951930458831112  -0.0251962998558786
 123.1855774919246415  95.8336814295484483  83.0364560506337334   0.0698037001441214
 124.1398891895548652  98.8307870779475509  81.8912820134774518   0.0698037001441214
 123.5465151835036054  98.7041754269748267  85.8804938821852090   0.5973037006928996
 124.5291727731426488  97.2018431505074282  87.3601494450455515  -0.5678963015022129
 122.9058980241043036 101.0417666546354188  86.5740233733343168  -0.4156962998558785
 122.0517418115719012 102.1831612395238535  85.2908993284017828   0.2719037001441215
 123.2630562634154068 101.9904091738638784  89.1572789984046630  -0.0274962998558786
 125.2189228120239229 101.6786043617668735  89.7260865647149634   0.1123037001441214
 122.7811760992654963 104.8476750883528122  89.2007426994848580  -0.0049962998558786
 121.0577458651293297 105.2879812775564716  88.1576138735603277   0.0339037001441214
 122.4825993701059360 105.4240415591987934  91.1566092480933471   0.0339037001441214
 124.9297947135339604 106.3859121613647112  88.1708419564977725  -0.1414962998558786
 125.5439557070583728 106.6523635462476179  85.7066390778644561  -0.1637962998558786
 124.5272830470087455 105.8378915825275499  84.1513944696472650   0.2062037001441214
 127.6963537735946707 108.0866656818938487  85.4590849543207717  -0.3417962998558785
 128.3898832647437785 108.6290170823292463  83.7677800644612588   0.3412037001441214
 128.6185401269482407 108.8236588741231380  87.7683302899725440   0.1380037001441214
 130.7293642185382873 110.2560712836354386  88.4845364947286943  -0.2600962998558785
 131.9917012759976689 110.9779466667933529  87.0918083340287415   0.1572037001441214
 131.1621115032062527 110.7077158296426260  91.0640126675312069  -0.1133962998558786
 132.7702684431732361 111.7735213691742120  91.6498277690467991   0.1417037001441214
 129.4613579826771152 109.7741911194855279  92.8819292083634574  -0.1971962998558786
 129.7807216993098278 110.1596952508054510  94.8226779479005716   0.1447037001441214
 127.3543133433549290 108.3172122702322412  92.1808408126786686  -0.2386962998558785
 126.0957557381633813 107.6104546961456887  93.5886867824499965   0.1700037001441214
 126.8724331792050183 107.7805300481985943  89.5446728558585164   0.1243037001441214
 121.6057664439664778 100.5712248472890228  91.0640126675312069   0.5973037006928996
 122.5052760837129920  99.8153343937205247  93.0709018217555718  -0.5678963015022129
 119.2303806936274682 100.0421015297910700  90.4101674251944601  -0.4156962998558785
 118.5614176422193465 100.6978364982617468  88.7339803444063090   0.2719037001441215
 117.4786045674824684  98.7438596757871745  92.1109209457235842  -0.0274962998558786
 117.5730908741785255  99.6679357552746614  93.9515142001628771   0.1123037001441214
 114.7573989346358567  99.0651131185537905  91.1452708912898192  -0.0049962998558786
 114.6969276983503832  98.6021302157430753  89.1364920109315239   0.0339037001441214
 113.5782098270690044  97.6950616714608803  92.1033620411878899   0.0339037001441214
 113.5328563998548926 101.6105742209457193  91.5326647487436726  -0.1414962998558786
 114.5570879644402142 103.8895839384547415  90.9846441699065113  -0.1637962998558786
 116.4241373847544103 104.1881606676143015  90.2117461811327211   0.2062037001441214
 112.8242090996344232 105.7887587030456043  91.4155017284405595  -0.3417962998558785
 113.1360139117314282 107.6123444222796056  90.8996064938800517   0.3412037001441214
 110.5962219877412634 104.8514545406206592  92.3679236999368663   0.1380037001441214
 108.3247711747679221 106.0079669345804690  93.1011374398983219  -0.2600962998558785
 108.1093423955009046 108.0054074581352364  92.9480696230506946   0.1572037001441214
 106.3443381864184467 104.5075243842469874  94.0441107807250175  -0.1133962998558786
 104.6171285000144196 105.3749086797168481  94.6166977993031651   0.1417037001441214
 106.6448046417119237 101.8713564274268486  94.2519806554563542  -0.1971962998558786
 105.1481415436463026 100.7488591038776227  95.0116505612926994   0.1447037001441214
 108.9086965501495842 100.6959467721278301  93.4828621189504113  -0.2386962998558785
 109.1146766987470040  98.6985062485730627  93.6567169232711641   0.1700037001441214
 110.9930644758647278 102.1831612395238535  92.4888661725078264   0.1243037001441214
 118.1985902245064658  95.9584033543872556  92.5984702882752588   0.5973037006928996
 117.5882086832499007  94.9795252170160458  94.6166977993031651  -0.5678963015022129
 119.5894286590725017  94.6771690355886386  90.9033859461478988  -0.4156962998558785
 119.9295793631783264  95.4973101777104572  89.2007426994848580   0.2719037001441215
 120.7742869450411313  92.2035175262857246  91.4910907737974079  -0.0874962998558785
 119.5573033147958481  91.2303085673162787  92.8365757811493455   0.0969037001441214
 120.9916054504420655  90.4290646865336689  89.1875146165473998   0.2985037001441215
 121.7815109744211608  88.6489426683798494  89.8640365724912155  -0.0296962998558786
 118.3894525640325105  89.8186831452771038  88.0839145543373961  -0.3191962998558785
 118.5803149035585552  88.4505214243181104  86.5551261119950946   0.0791037001441214
 117.2159326348674089  89.0023214554231190  89.5616803910638084   0.0791037001441214
 117.4956121026877603  91.5251058442079918  87.3544802666437875   0.0791037001441214
 122.7282637675156903  91.3682585750925309  87.0729110726895193  -0.3191962998558785
 122.8662137752919558  89.9358461655802168  85.6008144143648709   0.0791037001441214
 121.9648144094115113  93.0879093569608637  86.2527699305677007   0.0791037001441214
 124.6179899014369421  91.7405346234750092  87.7985659081152806   0.0791037001441214
 123.3424247610401024  92.4340641146241171  92.8157887936762066   0.5973037006928996
 123.9906008249750984  90.7711051167734106  94.3124518917418411  -0.5678963015022129
 124.7748371705524299  94.4768580653929827  92.3754826044725606  -0.4156962998558785
 124.1739042599654489  95.7562026580576694  91.0829099288704156   0.2719037001441215
 127.1710099083645786  94.9965327522213377  93.6850628152799840  -0.0517962998558786
 128.4238983351543623  93.3902655383882709  93.3827066338525767   0.0922037001441214
 128.4276777874221959  97.3397931582836804  92.4888661725078264  -0.1101962998558786
 128.7697182176619376  96.8862588861425896  90.5084331841583645   0.0457037001441214
 127.1294359334183004  98.9309425630453722  92.5342195997219382   0.0457037001441214
 130.9429032716713880  98.1656034788072763  93.7152984334227206   0.3531037001441214
 131.9350094919800292  96.5139828377600978  94.4466224472502460  -0.0360962998558786
 132.6285389831291370  99.4203816317309770  91.7273065405375644  -0.4120962998558785
 134.4086610012829700  99.9986378287108886  92.5890216576056611   0.1000037001441214
 133.0348301019222125  98.0881247073164976  90.2117461811327211   0.1000037001441214
 131.6855656423024414 101.0814509034477666  90.9525188256298577   0.1000037001441214
 130.5800758539584939 100.1006830399426265  95.8431300602180593  -0.4120962998558785
 132.4131102038621061 100.6921673198599829  96.5706746217777375   0.1000037001441214
 129.5841901813819923 101.7636420377933331  95.1401519383993404   0.1000037001441214
 129.5180497666947549  99.2918802546243360  97.4059335729709312   0.1000037001441214
 126.7930646815803227  95.2478663280328559  96.5517773604385287   0.5973037006928996
 128.2802791489763328  94.2047375021083256  97.9974178528882741  -0.5678963015022129
 124.7389323740079157  96.4648499582781389  97.3794774070960282  -0.4156962998558785
 123.6504501208692871  97.3719185025603473  96.0887944576278135   0.2719037001441215
 123.9868213727072648  96.5536670865724456 100.0553296127285282  -0.0013962998558786
 125.3927776163446758  97.5854575556934480 101.1551502226706983   0.0876037001441214
 121.4035657476369052  97.8840342848530081 100.3180015453435743  -0.0151962998558786
 120.2394944491414146  97.4456178217832790  98.6739398088320901   0.0295037001441214
 120.4322465148013762  97.0563342381954952 101.9374968421140858   0.0295037001441214
 121.4167938305743634 100.7356310209401779 100.6846084153243021  -0.0010962998558786
 122.6980281493729669 102.3078831643626608  98.9403911937149832  -0.1905962998558786
 123.7222597139582884 101.4858522961069119  97.4134924775066120   0.1699037001441214
 122.6167699256143411 104.9572792041202444  99.1463713423124030  -0.2340962998558785
 123.5540740880392996 106.1459169423567211  97.8197835962996876   0.1656037001441214
 121.1201068275487066 106.1364683116871099 101.2912105043130201   0.3226037001441214
 120.9386931186922731 108.6800396879451220 101.5312057233210236  -0.5578963015022130
 120.5909835100507674 109.2242808145144363 103.2527462313232868   0.3992037001441214
 119.8029677122056024 104.3714641026046654 103.1110167712791876  -0.2340962998558785
 118.6899190193259875 105.1160161993696356 104.6133490477465860   0.1656037001441214
 120.0165067653387029 101.7504139548558883 102.7255126399592509  -0.1905962998558786
 119.0432978063692570 100.5164227894053133 103.9897394235525761   0.1699037001441214
 123.7581645105027758  93.8872635116095566 101.1721577578759767   0.5973037006928996
 124.9033385476590708  93.2901100532904363 103.1034578667435067  -0.5678963015022129
 122.3352007316600729  92.2318634182945445  99.9022617958809011  -0.4156962998558785
 121.4923828759311983  92.8063401630065954  98.2903254036460703   0.2719037001441215
 121.9742630400811359  89.6334899841528232 100.7526385561454698  -0.0251962998558786
 121.0955403878077474  89.6448283409563510 102.6159085241918186   0.0698037001441214
 120.7194848871574084  88.6810680126565030  99.4373891669362688   0.0698037001441214
 124.4592529061875778  88.1708419564977725 100.9094858252609306   0.5973037006928996
 124.9184563567304325  86.9160638035740584 102.8086605898517937  -0.5678963015022129
 126.1127632733686732  88.3560351176220531  99.0008624300004700  -0.4156962998558785
 125.6686776318971801  89.4615249059659872  97.4947507012652244   0.2719037001441215
 128.5297229986539475  86.9784247659934620  99.0178699652057619  -0.0596962998558785
 128.0818579049146206  85.0698013707330014  99.6358104109980078   0.0869037001441215
 129.6616689528727844  86.7384295469854585  96.3287896766358170   0.1303037001441214
 128.1083140707895102  86.7063042027088049  94.9681868602125180   0.0187037001441214
 131.4134450790177707  88.9342913146019513  95.5955759366743749  -0.3203962998558785
 131.9274505874443618  88.7850029500221712  93.6056943176552884   0.0882037001441214
 130.4496847507179494  90.7181927850236180  95.8771451306286297   0.0882037001441214
 133.1312061347522000  88.9097248748609786  96.7331910692949625   0.0882037001441214
 131.1640012293401828  84.2553294070129333  96.0075362338692010  -0.0429962998558786
 132.2392553995413532  84.3460362614411568  94.2519806554563542   0.0236037001441214
 132.5038170582903296  84.0399006277459159  97.5590013898185450   0.0236037001441214
 129.4859244224181013  81.8931717396113685  95.8544684170215738  -0.0659962998558786
 128.1158729753252045  82.1029313404766354  94.3275697008132026   0.0186037001441214
 130.6632238038510501  80.2472202769659674  95.4689642857016507   0.0186037001441214
 128.4900387498415997  81.5813669275143636  97.6270315306397126   0.0186037001441214
 130.3892135144324492  87.9950974260430893 101.0115310364926822   0.5973037006928996
 131.7479266047218449  86.4870959711739403 102.1529256213811168  -0.5678963015022129
 130.3438600872183374  90.4668592092120865 101.5633310675976772  -0.4156962998558785
 129.2213627636691249  91.6214818770379794 100.5164227894053133   0.2719037001441215
 131.7346985217843867  91.6082537941005212 103.6760448853216408  -0.0517962998558786
 133.7189109624016959  91.1112558208792353 103.4776236412599153   0.0922037001441214
 131.5287183731869805  94.5108731358035665 103.5097489855365689  -0.1101962998558786
 132.3772054073176188  95.1288135815958259 101.7352961457845132   0.0457037001441214
 129.5369470280339770  95.0343272748997552 103.4643955583224571   0.0457037001441214
 132.7797170738428339  95.9640725327890062 105.7093902054209089   0.3531037001441214
 131.8537512682214301  95.4614053811659564 107.4781738667712005  -0.0360962998558786
 135.6086370963229478  95.4084930494161638 105.9550546028306764  -0.4120962998558785
 136.4079912509716407  96.5782335263134183 107.4517177008962975   0.1000037001441214
 135.9015446470807439  93.4356189656023827 106.4615012067215732   0.1000037001441214
 136.5686179723549623  95.8204533466110035 104.1806017630786209   0.1000037001441214
 132.4735814401476064  98.8043309120726479 105.2936504559582356  -0.4120962998558785
 133.2124643585107991  99.8323419289258165 106.9188149311305110   0.1000037001441214
 133.4675773865901777  99.3977049181239210 103.5910072092951812   0.1000037001441214
 130.4742511904589087  99.2616446364815992 105.0990086641643438   0.1000037001441214
 130.8087327161629829  90.5764633249795188 106.2328443445170976   0.5973037006928996
 132.3413006107731048  89.8319112282145486 107.8164348447431083  -0.5678963015022129
 128.3161839455208468  90.3780420809177932 106.5956717622299783  -0.4156962998558785
 127.1351051118200644  91.0904688334061099 105.2615251116815686   0.2719037001441215
 127.2295914185161217  89.2007426994848580 108.8557842183997916  -0.0023962998558786
 127.9760332414150086  90.1777311107221375 110.5092945855808870   0.0978037001441214
 124.3288618029470065  89.5087680593140158 108.8633431229354724  -0.0342962998558786
 123.8809967092076796  91.5024291306009360 109.0542054624615306   0.0295037001441214
 123.5994275152534114  88.8983865180574507 107.0378676775675545   0.0295037001441214
 122.8756624059615534  88.1330474338193414 110.9363726918470882   0.0118037001441214
 120.7875150279785761  86.6004795392092063 110.3052041631173974  -0.1255962998558786
 120.2376047230074977  86.4020582951474808 108.3795732326516316   0.1330037001441214
 119.3928971411446930  85.3513705646872562 112.1987097493064831  -0.1703962998558786
 117.8149758193204462  84.1929684445935297 111.7092706806208781   0.1430037001441214
 120.0580807402849676  85.6575061983825107 114.7517297562340925  -0.1071962998558785
 118.9960546530212286  84.7239814882254127 116.1917010702820874   0.1297037001441214
 122.1065438694556107  87.2221994372692993 115.4017955463030054  -0.1703962998558786
 122.5846445813376876  87.4848713698843588 117.3425442858401332   0.1430037001441214
 123.5106103869590914  88.4580803288538047 113.5064002339799896  -0.1255962998558786
 125.0431782815692399  89.6580564238937958 114.0298543730761783   0.1330037001441214
 128.0138277640934529  86.4096171996831616 109.1146766987470040   0.5973037006928996
 128.7905052051350901  85.6348294847754548 111.1706987324533278  -0.5678963015022129
 127.9987099550220646  84.9375205413585132 107.0378676775675545  -0.4156962998558785
 127.3297469036139429  85.6896315426591643 105.4070340239935150   0.2719037001441215
 128.8623147982240914  82.2862347754669858 107.0662135695763609  -0.0236962998558786
 127.6925743213268369  81.2336573188728580 108.3984704939908537   0.0880037001441214
 128.6884599939033387  80.9634264817221177 104.4678401354346396   0.0342037001441214
 129.9885915740411644  81.8837231089417709 103.1639291030289800   0.0241037001441214
 129.3630922237132243  79.0321263728546011 104.7210634373800879   0.0241037001441214
 126.1335502608417988  80.7839024989996008 103.1110167712791876   0.0018037001441214
 125.5779707774689566  82.6339443841085049 102.4477228982728299   0.0440037001441214
 126.4434653468048869  79.6406181879772361 101.4253810598214250   0.0440037001441214
 123.4936028517537994  79.3760565292282597 104.7739757691298940  -0.2736962998558785
 122.3011856612494890  82.0953724359409411 106.4690601112572540  -0.0535962998558786
 120.4719307636137240  81.6493970683355311 107.3005396101826005   0.0684037001441214
 123.5994275152534114  82.6055984920996852 107.9827307445281804   0.0684037001441214
 122.0819774297146244  83.6865218407026329 105.1783771617890394   0.0684037001441214
 131.6099765969455794  82.0897032575391772 107.9751718399924861   0.5973037006928996
 132.1466588189792262  80.7309901672497948 109.7874192024229727  -0.5678963015022129
 133.3560835446888286  83.4295190864893508 106.7147245086670081  -0.4156962998558785
 132.7834965261106944  84.5728033975117023 105.2823120991547077   0.2719037001441215
 136.0791789036693573  83.2424361992311399 107.2665245397720167  -0.0874962998558785
 136.5478309848818098  81.2374367711406916 107.3175471453878924   0.0969037001441214
 137.6797769391006466  84.4405225681372141 105.1386929129766916   0.2985037001441215
 136.9219967593982318  83.7904567780683146 103.3358941812158160  -0.0296962998558786
 137.6457618686900628  87.3318035530367316 105.1330237345749275  -0.3191962998558785
 138.6643242548736204  88.0404508532572010 103.4889619980634432   0.0791037001441214
 135.7031234030190317  87.9667515340342696 105.0234196188074952   0.0791037001441214
 138.5150358902938538  88.0820248282034657 106.8432258857736627   0.0791037001441214
 136.7254652414704231  84.2780061206199893 109.8894644136547243   0.5973037006928996
 138.4885797244189373  83.3463711365968081 111.0724329734894234  -0.5678963015022129
 135.2382507740743862  86.0694664955773368 110.8721220032937677  -0.4156962998558785
 133.8663096008475590  86.8348055798154459 109.7741911194855279   0.2719037001441215
 135.4631281840110148  86.9462994217167951 113.4761646158372530   0.0213037001441214
 137.4133255542177401  87.4829816437504285 113.8030872370056330   0.1124037001441214
 133.8474123395083369  89.3254646243236519 113.8503303903536616  -0.1230962998558786
 134.6203103282821402  90.8731503280051621 112.7240536145366021   0.1112037001441214
 131.9047738738373058  88.9777550156821463 113.2512872059006244   0.1112037001441214
 133.8965452189903093  90.1569441232490118 117.1819175644568251  -0.3118962998558785
 132.9346746168243913  92.5096531599809655 116.9797168681272524   0.1933037001441214
 134.8111726678081850  84.8827184834747905 115.4150236292404636   0.5973037006928996
 136.3928734419002790  84.2269835150041136 116.9967244033325443  -0.5678963015022129
 132.4660225356119121  83.9416348687820116 115.3715599281602688  -0.4156962998558785
 131.2679361667058377  84.5217807918958266 113.9901701242638307   0.2719037001441215
 131.4436806971605209  82.3788313560291397 117.4219127834648288  -0.0023962998558786
 132.0672903213545308  83.1498396186689995 119.2303806936274682   0.0978037001441214
 128.5429510815914057  82.4581998536538218 117.3633312733132721  -0.0342962998558786
 127.8683188517815201  82.6244957534388939 115.4206928076422278   0.0295037001441214
 127.8135167938977838  80.6761881093660855 118.1003244655425614   0.0295037001441214
 127.4544688284527503  84.5841417543152302 118.9355834167357551   0.0118037001441214
 128.0251661208969810  87.1163747737697141 118.3592169458897739  -0.1255962998558786
 129.1401045399104992  87.5661295936429713 116.7151552093782760   0.1330037001441214
 127.0954208630077166  89.0760207746460506 119.8842259359642147  -0.1703962998558786
 127.5054914340686260  91.0262181448527758 119.4193533070195960   0.1430037001441214
 125.5477351593262064  88.5015440299339861 121.9553657787419137  -0.1071962998558785
 124.7634988137489020  90.0114352109370654 123.0589658409519307   0.1297037001441214
 124.9902659498194339  85.9787596411491133 122.5544089631949374  -0.1703962998558786
 123.8469816387970958  85.5497918087489952 124.1852426167689770   0.1430037001441214
 125.9389084690479204  84.0172239141388601 121.0426280560579413  -0.1255962998558786
 125.5174995411834832  82.0764751746017324 121.5075006850025869   0.1330037001441214
 132.3696465027819245  79.6481770925129301 117.3538826426436611   0.5973037006928996
 132.7286944682269582  78.5162311382940933 119.3513231661984285  -0.5678963015022129
 132.7513711818340140  78.5672537439099690 115.1032188171434454  -0.4156962998558785
 132.4320074652013283  79.5971544868970544 113.5139591385156839   0.2719037001441215
 133.5299383490095815  75.9254166086880528 114.8499955151980105  -0.0030962998558786
 132.2562629347466452  74.7500069533890343 115.9687133864793891   0.0850037001441214
 133.3277376526800087  75.1203932756376091 112.0702083721998420  -0.0035962998558786
 131.3510841165983671  75.2111001300658194 111.4862829968181799   0.0171037001441214
 134.4181096319525676  76.4243043080432688 110.9023576214365043   0.0171037001441214
 132.2638218392823395  71.9286458354446147 107.6199033268152997  -0.6085963009534348
 142.3398415853504424 105.1405826391106083 112.7599584110811027  -0.5678963015022129
 139.4655681356562437 101.3592406451341878 115.0257400456526801   0.0397037001441214
 139.7660345909497072 100.7148440334670389 113.0906604845173165   0.1105037001441214
 138.7342441218287184  99.0594439401520266 116.6376764378875108   0.0560037001441214
 138.1654365555184178  99.7284069915601482 118.5028361320677900  -0.0172962998558786
 136.5875152336941576  97.5230965932740443 115.4301414383118253   0.0136037001441214
 135.4215542090647635  98.7589774848585496 114.2698495920841820  -0.0424962998558786
 137.4076563758159762  96.1020225405652583 114.1791427376559585  -0.0424962998558786
 134.8905411654328806  96.2380828222075936 117.3878977130542449   0.8054036990465651
 132.5964136388524834  95.9943081509317562 116.8549949432884585  -0.8187962976607659
 135.7957199835811587  95.4973101777104572 119.4420300206266520  -0.8187962976607659
 137.3452954133965992 103.3283352766801351 114.9255845605548588   0.5366037001441215
 136.3135049442755834 103.8291127021692680 112.9016878711251884  -0.5818963015022129
 136.7273549676043264 104.5037449319791536 117.0760929009572399  -0.4156962998558785
 137.6646591300292851 104.0691079211772583 118.6842498409242235   0.2719037001441215
 134.7790473235315314 106.4690601112572540 117.1365641372427133  -0.0030962998558786
 133.0971910643416163 105.7150593838226728 116.2351647713622822   0.0850037001441214
 133.9778034427489082 107.1153464490583197 119.8407622348840333  -0.0035962998558786
 132.5113759628260239 108.5647663937759256 119.7689526417950185   0.0171037001441214
 133.1028602427433803 105.4240415591987934 120.6117704975239063   0.0171037001441214
 136.0583919161962048 107.9713923877246525 121.6737965847876455  -0.0644962998558786
 135.1834487161906769 108.1301293829740303 123.5219487437626193   0.0352037001441214
 137.5437166574583114 106.5465388827480193 121.7890698789568283   0.0352037001441214
 137.1997865010846394 110.5470891082593179 121.0671944957989274   0.6951036984977870
 135.9412288958930917 112.2440631765205949 120.1544567731149550  -0.6085963009534348
 139.6337537615752324 110.9023576214365043 121.4054554737708353  -0.9406962993071004
 140.3159448959207855 112.6182289510370035 120.9519212016297178   0.4251037001441214
 135.5028124328233626 108.7594081855698041 115.5378558279453409   0.5973037006928996
 133.8587506963118648 109.7269479661374859 114.2244961648700702  -0.5678963015022129
 137.9330002410460951 109.4415993199153840 115.4036852724369358  -0.4156962998558785
 139.1991167507733371 108.5836636551151345 116.5413004050575233   0.2719037001441215
 138.8476276898639708 111.4163631298630954 113.7086009303095622  -0.0023962998558786
 138.0085892864029569 113.2153824093561238 114.2736290443520156   0.0978037001441214
 141.7294600440938907 111.6469097182014880 113.9599345061210938  -0.0342962998558786
 142.1659867810296895 112.7788556724203114 115.6285626823735644   0.0295037001441214
 142.5477114600818058 109.7836397501551257 114.2679598659502651   0.0295037001441214
 142.9861279231515351 112.8223193735005064 111.6676967056746134   0.0118037001441214
 142.6629847542509888 115.4093544508386997 111.1631398279176469  -0.1255962998558786
 141.5404874307017763 116.5564182141288983 112.4235871592431115   0.1330037001441214
 143.7420183767200196 116.4921675255755778 108.9918445000421268  -0.1703962998558786
 143.4793464441049736 118.4839388707285678 108.6157889993917881   0.1430037001441214
 145.1196287283486107 114.9784968923046514 107.2986498840486836  -0.1071962998558785
 145.9341006920686654 115.8099763912299979 105.6205730771266155   0.1297037001441214
 145.4144260052403372 112.3801234581629301 107.7767505959307607  -0.1703962998558786
 146.4575548311648540 111.2122727073995925 106.4690601112572540   0.1430037001441214
 144.3486204657087377 111.3010898356938991 109.9593842806098087  -0.1255962998558786
 144.5564903404400743 109.3017595860052150 110.3165425199209253   0.1330037001441214
 138.0237070954743186 110.9118062521061155 110.9703877622576721   0.5973037006928996
 136.8048337390951187 112.5369707272783910 109.8252137251013902  -0.5678963015022129
 138.5074769857581595 108.6290170823292463 109.9763918158151006  -0.4156962998558785
 139.4523400527187854 107.3402238589949483 111.0384179030788396   0.2719037001441215
 137.6155262505473127 107.9184800559748465 107.4573868792980614  -0.0517962998558786
 138.3014968371607531 109.3130979428087294 106.1081224196782902   0.0922037001441214
 138.5944043879185225 105.2936504559582356 106.6731505337207436  -0.1101962998558786
 138.1446495680452653 103.9368270918027701 108.1565855488489333   0.0457037001441214
 137.5588344665296999 104.7248428896479352 104.9818456438612305   0.0457037001441214
 141.4365524933360946 105.1292442823070804 106.0741073492677064   0.3531037001441214
 142.5344833771443476 105.4561669034754604 107.7805300481985943  -0.0360962998558786
 142.0034703335124647 102.4722893380138026 105.0801114028251349  -0.4120962998558785
 141.5045826341572621 101.0795611773138363 106.5125238123374355   0.1000037001441214
 140.9112086281059756 102.1037927418991579 103.3736887038942471   0.1000037001441214
 142.2907087058684969 107.0057423332908875 104.0407620291684384  -0.4120962998558785
 144.2598033374144443 106.6561429985154516 103.5513229604828334   0.1000037001441214
 141.1209682289712425 106.8054313630952318 102.3570160438446062   0.1000037001441214
 142.1433100674226337 108.9313732637566401 104.7550785077906718   0.1000037001441214
 134.7412528008531140 108.0186355410726812 107.2684142659059470   0.5973037006928996
 133.7926102816246276 109.1184561510148511 105.4580566296093773  -0.5678963015022129
 133.3636424492244960 106.9887347980855957 109.1146766987470040  -0.4156962998558785
 134.2593726367031764 106.1062326935443733 110.5640966434646099   0.2719037001441215
 130.6046422936994800 107.1229053535940006 109.1014486158095592  -0.0274962998558786
 129.9167819809521362 106.1194607764818181 107.4347101656910056   0.1123037001441214
 129.4783655178824071 105.8114354166526603 111.4390398434701378  -0.0049962998558786
 130.3344114565487398 106.5975614883638950 113.1341241855975113   0.0339037001441214
 127.4979325295329317 106.3311101034810019 111.4976213536217078   0.0339037001441214
 129.5312778496322131 102.9673975851011713 111.6053357432552098  -0.1414962998558786
 130.7577101105471073 101.5860077812047332 113.3760091307394317  -0.1637962998558786
 131.9614656578549456 102.3418982347732313 114.8329879799927184   0.2062037001441214
 130.2059100794420987  99.0518850356163323 113.1152269242582891  -0.3417962998558785
 130.9655799852784438  97.6931719453269634 114.2641804136824180   0.3412037001441214
 128.5297229986539475  98.6512630952250341 111.1706987324533278   0.1380037001441214
 127.3335263558818034  96.4761883150816669 110.2371740222962299  -0.2600962998558785
 127.6869051429250730  94.6847279401243194 111.0856610564268682   0.1572037001441214
 125.6819057148346115  96.6897273682147675 108.1660341795185309  -0.1133962998558786
 124.7540501830792774  95.0683423453103390 107.4271512611553248   0.1417037001441214
 125.2548276085684103  99.0462158572145684 107.0246395946300962  -0.1971962998558786
 124.0151672647160847  99.1841658649908205 105.4391593682701686   0.1447037001441214
 126.4472447990727206 101.2269598157596996 107.9543848525193605  -0.2386962998558785
 126.1429988915113964 102.9825153941725464 107.0359779514336241   0.1700037001441214
 128.1196524275930381 101.1060173431887393 110.1219007281270335   0.1243037001441214
 129.6616689528727844 109.8781260568511962 108.8633431229354724   0.5973037006928996
 128.1801236638785116 110.4223671834205105 107.1531409717367508  -0.5678963015022129
 130.6046422936994800 111.6563583488710855 110.3978007436795378  -0.4156962998558785
 131.8575307204892638 111.1310144836409800 111.7508446555671563   0.2719037001441215
 129.8525312923988291 114.3435489113071136 110.2220562132248548  -0.0388962998558786
 127.8078476154960198 114.4418146702710180 110.4185877311526635   0.1007037001441214
 131.0600662919745011 116.0065079091578066 112.3007549605382345   0.3654037001441214
 130.0811881546032913 117.8206449977222101 112.2554015333241228   0.0043037001441214
 130.8824320353859146 115.0030633320456241 115.0011736059117072  -0.2437962998558785
 131.0184923170282230 116.5885435584055520 116.3050846383173669   0.0642037001441215
 129.1098689217677758 113.9939495765316777 115.2808530737320453   0.0642037001441215
 132.4584636310762179 113.7709618927289660 115.4377003428475196   0.0642037001441215
 133.6489910954466249 116.4770497165042029 111.8642282236024223  -0.6760962982095441
 134.5220445693182493 114.8877900378764279 111.6355713613979599   0.4102037001441214
 130.4836998211285333 115.5151791143382849 107.6501389449580365   0.5973037006928996
 128.9435730219826905 116.8757819307615842 106.5578772395515472  -0.5678963015022129
 132.7060177546199023 114.9066872992156367 106.6088998451674229  -0.4156962998558785
 133.9078835757938371 113.8125358676752307 107.6217930529492166   0.2719037001441215
 133.5469458842148733 115.8515503661762626 104.1598147756054818  -0.0251962998558786
 133.5167102660721233 117.9113518521504336 104.1692634062750928   0.0698037001441214
 135.4782459930823765 115.2147126590448079 103.8347818805710320   0.0698037001441214
 131.9028841477033757 114.9010181208138727 101.9866297215960448   0.5973037006928996
 131.2603772621701434 116.3750045052724513 100.3028837362722128  -0.5678963015022129
 131.1715601338758503 112.4764994909929175 102.0319831488101565  -0.4156962998558785
 131.7460368785879146 111.3672302503811365 103.4889619980634432   0.2719037001441215
 129.4878141485520317 111.3993555946578034 100.1139111228800847  -0.0236962998558786
 130.2380354237187522 111.9133611030843811  98.2752075945747087   0.0880037001441214
 129.3026209874277509 108.4967362529547581 100.2896556533347546   0.0342037001441214
 128.4598031316988495 108.0072971842691531 102.1056824680330748   0.0241037001441214
 128.0005996811559947 107.8580088196893730  98.8232281734118701   0.0241037001441214
 131.7460368785879146 106.9471608231393310 100.0080864593804861   0.0018037001441214
 132.9894766747081008 107.3288855021914204 101.5860077812047332   0.0440037001441214
 131.2036854781525306 104.9648381086559387 100.1592645500941965   0.0440037001441214
 133.5960787636968189 107.2514067307006552  97.1338130096862741  -0.2736962998558785
 135.5122610634929601 109.9971788032882262  97.8651370235137859  -0.0535962998558786
 136.9522323775409550 110.2277253916266187  96.4119376265283465   0.0684037001441214
 134.3425205865957058 111.6884836931477525  97.9142699029957449   0.0684037001441214
 136.4249987861769326 109.7382863229410139  99.6943919211495644   0.0684037001441214
 126.8233002997230461 112.5388604534123079 100.2613097613259346   0.5973037006928996
 125.7631639385932372 113.1586906253384840  98.2865459513782366  -0.5678963015022129
 125.8179659964769467 112.9413721199375362 102.5516578356384981  -0.5162962998558784
 126.8289694781248100 112.4179179808413476 104.0917846347843141   0.2936037001441215
 121.8778870072511483 113.0434173311692878 102.0773365760242683   0.0880037001441214
 123.2290411930048230 116.7699572672619990 101.7277372412488323   0.5366037001441215
 121.6643479541180478 117.2140429087334920 100.0496604343267643  -0.5818963015022129
 124.9335741658017942 118.4782696923268039 102.4855174209512473  -0.4156962998558785
 126.1959112232612024 117.9737128145698372 103.8442305112406297   0.2719037001441215
 124.8296392284361394 121.1144376491469427 101.6389201129545257  -0.0874962998558785
 122.9002288457025397 121.7682828914837026 101.9582838295872249   0.0969037001441214
 126.5908639852507501 122.8095219912743160 103.2319592438501477   0.2985037001441215
 126.1505577960470906 122.4807096439720059 105.2180614106013870  -0.0296962998558786
 129.4178942815969336 122.2992959351155856 102.8483448386641281  -0.3191962998558785
 130.5044868086016589 123.4010062711916724 104.2089476550874406   0.0791037001441214
 129.8166264958543151 120.3094143160964990 103.1582599246272160   0.0791037001441214
 130.0074888353803597 122.8227500742117742 100.9453906218054314   0.0791037001441214
 126.1184324517704371 125.6119858478795403 102.6858283911469031  -0.3191962998558785
 127.2163633355786635 126.7722776941071702 103.9878496974186458   0.0791037001441214
 126.6494454954022932 126.0825276552259231 100.7526385561454698   0.0791037001441214
 124.1228816543496000 126.0371742280118114 102.9522797760297964   0.0791037001441214
 125.2945118573807581 121.3601020465567236  98.7967720075369671   0.5973037006928996
 123.9395782193592227 122.7717274685958985  97.5401041284793363  -0.5678963015022129
 127.1029797675434108 119.9579252551871464  97.7064000282644082  -0.4156962998558785
 128.1272113321287324 118.7541697078793080  98.7967720075369671   0.2719037001441215
 127.6887948690589764 120.2035896525969140  94.9927532999534906  -0.0874962998558785
 127.7832811757550604 122.2199274374908900  94.5845724550264982   0.0969037001441214
 130.3174039213434478 119.1132176733243417  94.3710334018933976   0.2985037001441215
 131.6250944060169679 119.7122608577773787  95.8469095124858931  -0.0296962998558786
 130.3778751576289213 116.2276058668266016  94.2160758589118535  -0.3191962998558785
 132.3318519801035070 115.5869887074272862  94.1329279090193243   0.0791037001441214
 129.4953730530876989 115.4244722599100614  95.8884834874321576   0.0791037001441214
 129.3649819498471276 115.5662017199541606  92.5493374087933133   0.0791037001441214
 131.3076204155181855 120.1582362253828023  91.8558079176442055  -0.3191962998558785
 133.2124643585107991 119.4533683774301798  91.5156572135383808   0.0791037001441214
 130.0830778807372217 119.5780903022689738  90.3024530355609448   0.0791037001441214
 131.3680916518036590 122.2161479852230563  91.9351764152689011   0.0791037001441214
 125.5911988604063878 119.1358943869313974  93.3165662191653393   0.5973037006928996
 125.0299501986317817 120.2016999264629837  91.3210154217445022  -0.5678963015022129
 124.3704357778932578 117.0704237225554759  94.1008025647426573  -0.4156962998558785
 124.8466467636414312 116.2767387463085469  95.7864382762004196   0.2719037001441215
 122.4504740258292825 115.8364325571049009  92.5587860394629110  -0.0236962998558786
 123.2441590020762115 115.6399010391770922  90.6671701794077423   0.0880037001441214
 122.0101678366256231 113.1794776128116230  93.6302607573962610   0.0342037001441214
 123.8375330081274713 112.2969755082703875  93.9836395444395442   0.0241037001441214
 121.0218410685848157 113.3230967989896391  95.4349492152910668   0.0241037001441214
 120.5834246055150866 111.4447090218719017  91.8180133949657881   0.0018037001441214
 119.9182410063747986 112.5275220966087798  90.2041872765970405   0.0440037001441214
 121.9024534469921077 110.0349733259666571  91.1018071902096378   0.0440037001441214
 117.9245799350878784 109.8289931773692374  93.2183004602014349  -0.2736962998558785
 115.9290291376670413 112.5464193579480022  93.8267922753240833  -0.0535962998558786
 116.5545284879949681 113.5120694123817536  95.5369944265228049   0.0684037001441214
 116.0121770875595705 113.8503303903536616  92.2394223228302252   0.0684037001441214
 113.9882803981299138 111.9152508292182980  94.0592285897963926   0.0684037001441214
 120.0599704664188979 117.4767148413485381  92.2772168455086562   0.5973037006928996
 119.0508567109049513 117.6486799195353741  90.1796208368560542  -0.5678963015022129
 119.1699094573419813 118.7560594340132383  94.2784368213312572  -0.3661362997461229
 120.0146170392047860 118.4159087299074001  96.0358821258780209   0.3114737000892436
 115.3810085588298800 119.8426519610179502  92.9348415401132498   0.2246537004185105
 117.6524593718032211 123.1988055748620997  93.0671223694877380   0.8099137005282662
 116.8001928854047356 123.4199035325308945  90.9544085517637744  -0.6014762996363673
 119.8634389484910890 124.2929570064024923  93.5849073301821627  -0.4156962998558785
 120.8460965381301327 123.7052521787529966  95.1212546770601316   0.2719037001441215
 120.8404273597283687 126.4321269900013589  92.0561188878398613  -0.0517962998558786
 119.4420300206266520 127.9401284448705215  92.1751716342769047   0.0922037001441214
 123.3632117485132549 127.2503784059892473  93.2655436135494636  -0.1101962998558786
 122.9531411774523189 127.6661181554519473  95.2440868757650222   0.0457037001441214
 124.6671227809189143 125.6535598228257916  93.2466463522102549   0.0457037001441214
 124.7049173035973320 129.5652929200427969  92.1090312195896539   0.3531037001441214
 123.3046302383616849 130.9618005330106102  91.5307750226097557  -0.0360962998558786
 126.4264578115995949 130.7614895628149411  94.1083614692783382  -0.4120962998558785
 127.2938421070694556 132.4716917140136761  93.3581401941116040   0.1000037001441214
 125.3285269277913419 131.2584875360362401  95.7750999193968918   0.1000037001441214
 127.8966647437903398 129.4292326384004617  94.6658306787851107   0.1000037001441214
 126.4302372638674287 128.9114476777060368  89.8715954770268964  -0.4120962998558785
 127.4355715671135548 130.5989731152977160  89.2555447573685673   0.1000037001441214
 127.7946195325585885 127.4695866375241118  90.4233955081319049   0.1000037001441214
 125.3341961061931059 128.2254770910926233  88.2785563461312878   0.1000037001441214
 121.0539664128614692 125.8708783282267527  89.1723968074760381   0.5973037006928996
 120.6325574849970319 127.5621832180862656  87.6303802821962918  -0.5678963015022129
 121.4961623281990590 123.5030514824234239  88.3749323789612619  -0.4156962998558785
 121.9326890651348578 122.1764637364107085  89.6845125897686989   0.2719037001441215
 121.2334903955839861 122.7622788379262741  85.6953007210609282  -0.0248962998558786
 122.2596116863032377 124.1644556292958513  84.5973698372526884   0.0843037001441214
 122.5940932120072852 120.2640608888823873  85.1435006899559196   0.2117037001441214
 123.0589658409519307 120.2092588309986780  83.1366115357315547   0.0352037001441214
 124.3534282426879926 120.1771334867220110  86.2168651340232000   0.0352037001441214
 121.0955403878077474 118.1324498098192150  85.6915212687930810  -0.6545963009534348
 120.6438958418005598 118.1759135108994100  87.4792021914825949   0.4275037001441214
 118.4820491445946509 122.7660582901941346  84.6937458700826624   0.5973037006928996
 118.0039484327125740 123.6825754651459406  82.6055984920996852  -0.5678963015022129
 116.6395661640214277 121.8741075549832878  86.1752911590769220  -0.4156962998558785
 117.1290052327070325 121.3657712249584877  87.9573029033646718   0.2719037001441215
 113.9259194357105100 122.1972507238838342  85.6839623642574001  -0.0580962998558785
 113.4893926987746978 121.4035657476369052  83.8433691098181072   0.1360037001441214
 112.3291008525470544 120.7931842063803401  87.6530569958033476  -0.0073962998558786
 113.2626255627041523 120.7459410530323114  89.4785324411712790   0.0367037001441214
 110.5395302037236236 121.7852904266889946  87.9119494761505601   0.0367037001441214
 111.6865939670138224 118.1626854279619652  86.8442542104850571   0.1868037001441214
 110.2163870348230909 117.6071059445891094  84.7409890234307045  -0.5431962998558785
 109.7893089285568896 115.1107777216791396  84.8430342346624427   0.1635037001441214
 108.6214581777935520 114.0846564309599012  83.5183362147836442   0.1435037001441214
 110.9420418702488521 114.0978845138973460  86.8650411979581825  -0.2794962998558785
 110.9023576214365043 112.2421734503866780  87.3431419098402596   0.3339037001441214
 112.1420179652888567 116.0027284568899730  88.1632830519620917  -0.2206962998558785
 113.1227858287939834 115.8591092707119569  89.9434050701158977   0.1862037001441214
 113.1114474719904553 124.9751481407480722  85.6234911279719269   0.5973037006928996
 111.7092706806208781 125.7253694159148197  83.9208478813088725  -0.5678963015022129
 114.0374132776118591 126.5644078193758337  87.3544802666437875  -0.4156962998558785
 115.1674695056967793 125.8708783282267527  88.7415392489419898   0.2719037001441215
 113.3249865251235560 129.2572675602136391  87.3677083495812323  -0.0388962998558786
 111.2670747652833154 129.3479744146418358  87.3695980757151627   0.1007037001441214
 114.2301653432718342 130.7085772310651619  89.7204173863131994   0.3654037001441214
 113.1643598037402479 132.4698019878797458  89.8111242407414231   0.0043037001441214
 113.8730071039607174 129.3007312612938205  92.2054072524196415  -0.2437962998558785
 114.6194489268596179 130.4477950245840191  93.7398648731636935   0.0642037001441215
 111.8755665804059502 128.9190065822417311  92.5342195997219382   0.0642037001441215
 114.8821208594746640 127.5224989692739178  92.1997380740178773   0.0642037001441215
 116.8039723376725828 131.3454149381966032  89.5975851876083090  -0.6760962982095441
 117.1762483860550611 132.3526389675766327  91.0621229413972900   0.4102037001441214
 114.2263858910039871 130.5819655800924242  84.9564178026977219   0.5973037006928996
 112.7561789588132556 131.9595759317210153  83.7772286951308564  -0.5678963015022129
 116.5601976663967321 130.0868573330050553  84.0965924117635555  -0.4156962998558785
 117.7337175955618336 129.0664052206875944  85.2266486398484623   0.2719037001441215
 117.5598627912410809 131.2528183576344762  81.7760087193082554  -0.0874962998558785
 116.9929449510646972 133.2275821675821876  81.8497080385311871   0.0969037001441214
 120.4738204897476542 131.3019512371164216  81.7363244704959076   0.2985037001441215
 121.1276657320844009 131.9142225045069036  83.5920355340065756  -0.0296962998558786
 121.6832452154572431 128.7451517779209784  81.1542888212481624  -0.3191962998558785
 123.7317083446278862 128.8887709640989810  81.3224744471671512   0.0791037001441214
 121.0123924379152179 127.3807695092298186  82.5243402683410727   0.0791037001441214
 121.1994753251734022 128.1083140707895102  79.2570037827912297   0.0791037001441214
 121.4564780793867112 133.2181335369125630  79.7955757309587800  -0.3191962998558785
 123.5087206608251879 133.3428554617513704  79.9221873819315043   0.0791037001441214
 120.9330239402905089 132.6493259706022626  77.8850626095644025   0.0791037001441214
 120.6590136508719350 135.0776240526910917  80.1886387668143974   0.0791037001441214
 116.3787839575402985 130.1643361044958207  79.3571592678890509   0.5973037006928996
 115.9271394115331110 131.5967485140081480  77.5751475236013144  -0.5678963015022129
 115.7287181674713856 127.7152510349338929  79.2362167953180906  -0.4156962998558785
 116.1368990123983779 126.5492900103044719  80.7102031797766693   0.2719037001441215
 114.4059098737265038 126.7042475532860295  76.9931118743535692  -0.0874962998558785
 115.3866777372316439 127.4695866375241118  75.3509398639760017   0.0969037001441214
 114.6043311177882428 123.8072973899847479  76.7587858337473296   0.2985037001441215
 116.5318517743879122 123.2517179066118789  77.2274379149597953  -0.0296962998558786
 112.7883043030899226 122.3370904577940030  78.4519804497407728  -0.3191962998558785
 113.2437283013649435 120.3283115774357079  78.4141859270623417   0.0791037001441214
 112.9961741778212592 123.0192815921395831  80.3624935711351637   0.0791037001441214
 110.8286583022135861 122.5978726642751458  77.8680550743591107   0.0791037001441214
 111.6903734192816694 127.6963537735946707  76.8173673438988861   0.5973037006928996
 110.3486678641975790 127.9835921459507029  78.9470886968281415  -0.4156962998558785
 111.0403076292127565 127.3014010116051230  80.6062682424110009   0.2719037001441215
 107.9033622469034848 129.2761648215528344  78.9565373274977393  -0.0517962998558786
 106.7392909484079944 128.3842140863420145  77.5127865611819108   0.0922037001441214
 106.5729950486229223 128.9341243913130928  81.5190059650949599  -0.1101962998558786
 106.3235511989453211 126.9215660586869639  81.9063998225488267   0.0457037001441214
 107.7843095004664414 129.7221401891582578  82.9892128972856914   0.0457037001441214
 103.9784010667490480 130.2682710418615024  81.5927052843178915   0.3531037001441214
 104.2183962857570383 132.2373656734074499  81.0484641577485772  -0.0360962998558786
 102.0508804101493653 129.0550668638840665  79.8012449093605440  -0.4120962998558785
 101.8354516308823478 127.0557366141953688  80.2491100030998843   0.1000037001441214
 102.8880290874764759 130.3306320042809060  84.2553294070129333  -0.4120962998558785
 101.9771810909264336 132.1409896405774623  84.6030390156544524   0.1000037001441214
 101.5160879142496487 128.8207408232778133  84.4896554476191731   0.1000037001441214
 104.3809127332742632 130.0849676068711251  85.6461678415789826   0.1000037001441214
 108.1849314408577530 132.0786286781580587  78.2478900272772698   0.5973037006928996
 110.1502466201358535 133.3900986150994124  79.1492893931577142  -0.4156962998558785
 111.3105384663634968 132.5397218548348438  80.4267442596884842   0.2719037001441215
 113.1019988413208444 136.9692399127462469  79.7067586026644867   0.0342037001441214
 112.7278330668044357 137.1015207421207485  81.7230963875584628   0.0241037001441214
 114.6421256404666603 135.6464316190013921  79.4289688609780523   0.0241037001441214
 114.9331434650905397 139.8813078851189170  84.2987931080931284   0.0684037001441214
 109.0693232715328921 139.5884003343611207  83.1819649629456664   0.4478037001441214
 110.3146527937869952 138.1049653192329175  85.9636418320777516  -0.8339962998558785
 111.3162076447652608 136.7481419550774789  86.6836274891017490   0.4170037001441214
 111.0308589985431589 139.5676133468879682  86.9122843513062112   0.4170037001441214
 101.2666440645720474 120.7572794098358393 106.4501628499180453  -0.8339962998558785
 101.9450557466497801 122.2199274374908900 105.6167936248587685   0.4170037001441214
 102.7935427807804186 119.9106821018391177 107.0567649389067632   0.4170037001441214
 117.4162436050630647 114.1337893104418467  86.4757576143704124  -0.8339962998558785
 118.0587504905962833 115.0332989501883609  85.0074404083135978   0.4170037001441214
 117.6411210149996932 115.4188030815082975  87.7872275513117527   0.4170037001441214
 106.8129902676309259 120.2583917104806233  81.3508203391759711  -0.8339962998558785
 105.5241970442966281 119.0640847938423961  82.0216731167180231   0.4170037001441214
 108.2227259635361707 119.7991882599377686  82.4563101275199049   0.4170037001441214
 103.9160401043296445 123.2706151679511011  93.9174991297522934  -0.8339962998558785
 105.0423168801467040 122.7717274685958985  92.5720141224003693   0.4170037001441214
 105.1311340084410107 124.2608316621258388  94.9833046692838795   0.4170037001441214
 133.9475678246061850  96.7861034010447549 123.8148562945204154  -0.8339962998558785
 132.4395663697370226  95.7580923841915997 123.8205254729221793   0.4170037001441214
 134.7053480043086000  96.2872157016895525 122.1726842841428479   0.4170037001441214
 105.6016758157873934 119.1491224698688556  87.3261343746349676  -0.8339962998558785
 104.6416949397554058 118.2344950210509665  86.0014363547561691   0.4170037001441214
 107.3062087885843645 118.6143299739691391  86.8801590070295577   0.4170037001441214
 114.7177146858235223 110.2674096404389665  88.5034337560679164  -0.8339962998558785
 116.0820969545146552 109.9726123635472535  89.6996303988400604   0.4170037001441214
 115.4698256871241731 111.6336816352640298  87.4810919176165118   0.4170037001441214
 125.3360858323270360  96.6462636671345860 117.2669552404832846  -0.8339962998558785
 126.6947989226164049  97.1470410926237189 118.4442546219162200   0.4170037001441214
 126.1259913563061045  97.0374369768562865 115.6625777527841482   0.4170037001441214
 124.4630323584554114 107.1285745319957645 106.8866895868538441  -0.8339962998558785
 125.8009584612716549 108.3928013155890898 106.6448046417119237   0.4170037001441214
 122.9890459739968328 108.1414677397775582 106.3594559954898218   0.4170037001441214
 129.4613579826771152  98.1523753958698181 119.8502108655536308  -0.8339962998558785
 130.6008628414316464  98.5586665146628937 121.2278212171822219   0.4170037001441214
 130.6537751731814255  97.2339684947840952 118.7144854590669604   0.4170037001441214
 118.7409416249418634 103.0070818339135191 134.3784253831402198  -0.8339962998558785
 117.3444340119740499 101.8751358796946822 134.7507014315227117   0.4170037001441214
 118.4782696923268039 104.3034339617834979 135.6880055939476434   0.4170037001441214
$end
