$point_charges
  89.2895598277791512 127.6642284293180172  99.2654240887494464  -0.4121273900581494
  90.2249742640701659 125.8859961372981144  98.8232281734118701   0.0999726099418505
  89.7752194441969089 129.0588463161519001  97.8273425008353685   0.0999726099418505
  89.9963174018657037 128.3010661364494853 101.0871200818495306   0.0999726099418505
  87.3431419098402596 128.0005996811559947 105.8000970598491324  -0.5679273917044839
  90.4044982467926962 132.3148444448982152 106.2026087263743607   0.0212726099418505
  91.7669907893499122 130.8692039524484564 105.6697059566085611   0.1123726099418505
  91.5477825578150477 134.9245562358434644 105.6451395168675882  -0.1231273900581494
  92.1600538252055297 135.0001452812002996 103.6741551591877240   0.1111726099418505
  94.2274142157153814 135.5746220259123639 107.6860437415025370  -0.3119273900581495
  95.8091149898074754 133.8398534349726694 106.7336217700062303   0.1932726099418505
  89.7941167055361311 131.8820971602302500 109.0126314875152525   0.5972726104906286
  90.9695263608351496 130.2890580293346281 110.2258356654927018  -0.5679273917044839
  84.2307629672719606 121.2807335489320280 109.0976691635417120   0.0790726099418505
  86.7743343435299591 124.3723255040271879 112.0834364551372868   0.5972726104906286
  86.8990562683687664 122.8038528128725521 113.7936386063360218  -0.5679273917044839
  88.6810680126565030 124.7653885398828053 110.4733897890363864  -0.4157273900581494
  88.5034337560679164 126.1241016301722010 109.1316842339522959   0.2718726099418505
  91.0810202027364987 123.3839987359863805 110.6510240456249861  -0.0518273900581495
  90.6841777146130341 121.3657712249584877 110.7285028171157516   0.0921726099418505
  92.7231922131140662 123.9414679454931531 108.3115430918304773  -0.1102273900581495
  92.9216134571757916 125.9861516223959355 108.1452471920454052   0.0456726099418505
  94.6053594424996372 123.1534521476479880 108.6176787255257182   0.0456726099418505
  91.6819531133234526 122.8926699411668454 105.8038765121169660   0.3530726099418505
  89.7279762908488803 123.4917131256198961 105.5544326624393647  -0.0361273900581495
  93.2277490908710461 123.9112323273504030 103.5872277570273476  -0.4121273900581494
  92.5247709690523406 123.1326651601748624 101.8165543695431257   0.0999726099418505
  93.0746812740234189 125.9615851826549762 103.5267565207418607   0.0999726099418505
  95.2100718053544384 123.3839987359863805 103.8121051669639762   0.0999726099418505
  91.7783291461534403 120.0051684085351750 105.6810443134120890  -0.4121273900581494
  91.0413359539241509 119.3569923446001924 103.8725764032494494   0.0999726099418505
  93.7304162424940957 119.3683307014037203 105.8624580222685360   0.0999726099418505
  90.6501626442024504 119.1793580880115925 107.1871560421473211   0.0999726099418505
  92.4945353509095906 124.0000494556446962 113.1114474719904553   0.5972726104906286
  93.3524710157098400 122.2671705908389052 114.4040201475925869  -0.5679273917044839
  92.5644552178646750 126.4056708241264693 113.8805660084963982  -0.4157273900581494
  91.9540736766081099 127.7757222712193663 112.6843693657242543   0.2718726099418505
  93.7039600766191927 127.1653407299628146 116.2824079247103109   0.0212726099418505
  95.6900622433704322 126.6003126159203478 116.2691798417728661   0.1123726099418505
  93.5735689733786348 130.0490628103266378 116.5715360232002600  -0.1231273900581494
  91.6101435202344513 130.6707827083867174 116.4732702642363556   0.1111726099418505
  94.3634744973577168 130.5725169494228265 118.4045703731038722   0.1111726099418505
  95.3952649664787190 131.5778512526689258 114.0978845138973460  -0.3119273900581495
  95.1609389258724794 133.9607959075436163 114.8972386685460389   0.1932726099418505
  92.4548511020972428 125.8330838055483084 118.5425203808801244   0.5972726104906286
  93.7776593958421244 124.6992481251955679 120.0788677277581067  -0.5679273917044839
  89.9263975349106193 125.8614296975571281 118.7579491601471552  -0.4157273900581494
  88.8832687089860756 126.7741674202411005 117.4294716880005095   0.2718726099418505
  88.6508323945137661 124.5839748310263851 120.8706629778711188  -0.0518273900581495
  89.6183721750814480 125.1811282893454786 122.5903137597394515   0.0921726099418505
  88.9550783020750903 121.6964732983947013 120.7534999575679923   0.5972726104906286
  89.1553892722707461 120.4908280249529462 122.7282637675156903  -0.5679273917044839
  89.0798002269138977 120.5758657009793923 118.4914977752642621  -0.4157273900581494
  88.8794892567182420 121.6341123359752977 116.9060175489043208   0.2718726099418505
  89.6164824489475311 117.8830059601416137 118.1967004983725354   0.0336726099418505
  88.2294234666493290 116.8134209683421804 119.2851827515111777   0.0822726099418505
  89.3368029811271798 117.1535716724480052 115.4074647247047696  -0.1825273900581494
  89.6334899841528232 115.1258955307505011 115.1939256715716689   0.0602726099418505
  87.4470768472059279 117.6335621104640124 114.7422811255644950   0.0602726099418505
  90.7314208679610628 118.1494573450245070 114.2641804136824180   0.0602726099418505
  92.2413120489641421 117.2064840041978112 119.2454985026988299   0.5972726104906286
  92.5020942554452846 115.3016400612051844 120.5569684396401836  -0.5679273917044839
  94.1423765396889218 118.8203101225665588 118.8354279316379205  -0.4157273900581494
  93.8608073457346536 120.3188629467661102 117.6713566331424301   0.2718726099418505
  96.6235869535275301 118.5047258582017069 120.0032786824012581  -0.0024273900581495
  97.2377479470519424 116.5696462970663431 119.6555690737597525   0.0977726099418505
  98.5511076101272130 120.2565019843467066 118.7220443636026544  -0.0343273900581495
  98.6134685725466032 119.8275341519465751 116.7075963048425952   0.0294726099418505
  97.9237185336653559 122.2066993545534317 118.9242450599322272   0.0294726099418505
 101.1986139237508797 119.9919403255977302 119.7972985338038384   0.0117726099418505
 102.4231564585318570 117.6222237536604845 119.7765115463307128  -0.1256273900581494
 101.5387646278567045 116.0310743488987929 118.9091272508608521   0.1329726099418505
 104.7720860429959636 117.3198675722330772 120.9840465459063982  -0.1704273900581494
 105.6602573259389499 115.5095099359365209 121.0331794253883436   0.1429726099418505
 105.9153703540183286 119.3966765934125402 122.1821329148124725  -0.1072273900581494
 107.6671464801633283 119.1623505528063004 123.1477829692462241   0.1296726099418505
 104.7531887816567549 121.7871801528229248 122.1235514046609025  -0.1704273900581494
 105.6413600645997412 123.3688809269150188 123.0079432353360550   0.1429726099418505
 102.3872516619873430 122.0819774297146244 120.9481417493618840  -0.1256273900581494
 101.4764036654373009 123.8809967092076796 120.9689287368350097   0.1329726099418505
  96.5668951695098904 118.8467662884414484 122.8945596673007757   0.5972726104906286
  97.7687609906838119 117.3897874391881617 124.2494933053223109  -0.5679273917044839
  95.0437759055693663 120.6061013191221424 123.8961145182790413  -0.4157273900581494
  94.1593840748942138 121.8174157709656482 122.7018076016408007   0.2718726099418505
  94.6223669777049291 120.8404273597283687 126.6532249476701538  -0.0875273900581495
  96.4535116014746110 121.1163273752808728 127.5565140396845017   0.0968726099418505
  92.9405107185150139 123.1326651601748624 127.3221879990782755   0.2984726099418505
  91.1225941776827634 122.9493617251844850 126.3792146582515529  -0.0297273900581495
  92.4529613759633259 123.3480939394418664 130.1756744612993486  -0.3192273900581494
  94.2425320247867565 123.4066754495934363 131.1961265736168364   0.0790726099418505
  94.1423765396889218 125.6403317398883602 126.5096057614921243  -0.3192273900581494
  92.8516935902207072 127.1974660742394681 126.8913304405442136   0.0790726099418505
  95.9017115703696158 125.9407981951818237 127.5432859567470434   0.0790726099418505
  94.5713443720890534 125.6252139308169717 124.5046063334016895   0.0790726099418505
  93.5093182848253009 118.4007909208360384 127.7643839144158382   0.5972726104906286
  94.3332388792149666 117.5617525173749977 129.7693833425062999  -0.5679273917044839
  91.7159681837340365 117.1894764689925193 126.4548037036084148  -0.4157273900581494
  91.0866893811382626 117.9944998020429628 124.8334186807039730   0.2718726099418505
  90.6785085362112702 114.7177146858235223 127.2220325139804274  -0.0875273900581495
  90.0870242562939138 114.8424366106623162 129.1911271455263749   0.0968726099418505
  88.3352481301489140 114.0204057424065807 125.6289933830848323   0.2984726099418505
  88.7963413068256991 114.1640249285845834 123.6296631333961346  -0.0297273900581495
  88.7679954148168792 109.9461561976723505 125.5174995411834832   0.0790726099418505
  92.6853976904356351 112.6333467601083784 127.1048694936773143   0.5972726104906286
  92.8327963288814984 111.0932199609625491 128.8377483584831053  -0.5679273917044839
  94.2765470951973403 112.6106700465013226 125.1452234928009914  -0.4157273900581494
  94.0422210545911008 113.8975735437016903 123.7468261536992479   0.2718726099418505
  96.3571355686446370 110.8078713147404472 124.9203460828643628   0.0336726099418505
  95.5880170321386806 108.9049170978817506 125.0998700655868795   0.0822726099418505
  97.5117582364705164 111.0629843428198124 122.2766192215085298  -0.1825273900581494
  98.7419699496532576 109.4529376767189119 121.9289096128670241   0.0602726099418505
  96.0245437690744930 111.0610946166858955 120.8498759903979797   0.0602726099418505
  98.6002404896091584 112.8072015644291313 122.1330000353305003   0.0602726099418505
  98.3432377353958629 111.1253453052392160 127.0330599005883130   0.5972726104906286
  99.3863665613204066 109.2545164326571729 127.9193414573973690  -0.5679273917044839
  98.7873233768673695 113.4364803670249052 127.9609154323436469  -0.4157273900581494
  98.0163151142274963 114.9482612741619148 127.0689646971328270   0.2718726099418505
 100.3406782589506302 113.8427714858179808 130.2229176146473907  -0.0518273900581495
 102.0433215056136844 112.6938179963938519 130.0717395239336938   0.0921726099418505
 101.0436563807693358 116.6584634253606364 130.4874792733963669  -0.1102273900581495
  99.3202261466331557 117.7847402011777093 130.5479505096818404   0.0456726099418505
 101.9979680783995727 116.8908997398329591 132.3016163619607570   0.0456726099418505
 102.7727557933072795 117.7356073216957506 128.4144497044847377   0.3530726099418505
 101.7787598468647082 117.8414319851953492 126.6248790556613339  -0.0361273900581495
 103.6325811842414593 120.3944519921229587 129.1608915273836517  -0.4121273900581494
 104.8023216611387139 121.1900266945038045 127.6680078815858508   0.0999726099418505
 101.9847399954621279 121.6019869916986442 129.4197840077308639   0.0999726099418505
 104.7153942589783240 120.3283115774357079 130.9107779273947345   0.0999726099418505
 105.1179059255035525 116.1009942158538773 128.0724092742449960  -0.4121273900581494
 106.4936265509982267 117.0949901622964486 126.9177866064191300   0.0999726099418505
 105.9191498062861624 115.6833647402572737 129.9224511593539001   0.0999726099418505
 104.6076798693448219 114.3473283635749473 127.1199873027487029   0.0999726099418505
  99.0329877742771236 112.9168056801965636 132.6304287092630673   0.5972726104906286
 100.1951693466386972 111.5939973864516820 134.1478787948018273  -0.5679273917044839
  96.6141383228579191 113.5574228395958653 132.9667999611010448  -0.4157273900581494
  95.7883280023343366 114.6704715324754802 131.6421019412222597   0.2718726099418505
  95.0607834407746582 108.5194129665618138 133.3749808060280239  -0.4157273900581494
  95.3140067427201067 109.4132534279065641 131.7025731775077332   0.2718726099418505
  95.2384176973632581 104.8174394702100754 130.6424368163778977  -0.0074273900581495
  93.5187669154949119 105.3730189535829312 129.6503305960692565   0.0366726099418505
  96.8314568282588668 105.7245080144922838 129.7126915584886601   0.0366726099418505
  99.4714042373468527 105.8832450097416616 135.0341603516108832  -0.4157273900581494
  99.5847878053821321 107.5575423643958961 134.1157534505251737   0.2718726099418505
 104.0615490166415775 106.5219724430070466 135.4744665408145427  -0.1102273900581495
 103.7289572170714333 108.4211472075979095 136.2039008285081378   0.0456726099418505
 105.7207285622244368 105.7604128110367846 136.4325576907126268   0.0456726099418505
 104.6398052136214756 106.6863786166582018 132.6266492569952335   0.3530726099418505
 103.0505455349937007 107.5424245553245210 131.6345430366865657  -0.0361273900581495
 106.9622786322106927 108.3512273406428251 132.2411451256752836  -0.4121273900581494
 107.4328204395570887 108.3833526849194786 130.2399251498526825   0.0999726099418505
 106.5163032646052827 110.2598507359032857 132.8704239282710574   0.0999726099418505
 108.5572074892402315 107.6104546961456887 133.3126198436086472   0.0999726099418505
 105.2142819583335400 104.1125716222574531 131.4361217926248267  -0.4121273900581494
 105.8227737734561882 104.3582360196672072 129.4859244224181013   0.0999726099418505
 106.6788197121225075 103.1393626632880073 132.5075965105581901   0.0999726099418505
 103.5003003548669711 102.9673975851011713 131.4002169960803393   0.0999726099418505
 106.8640128732467883  90.5065434580244343 130.2814991247989338   0.3991726099418505
 105.9512751505628293  94.8661416489807664 130.5649580448871322   0.1655726099418506
 137.6759974868328130 111.7829699998438098 127.9155620051295352   0.0135726099418505
 136.7727083948184382 113.2040440525525957 129.1060894694999154  -0.0425273900581495
 137.3774207576732528 112.2572912594580531 125.9351290167800598  -0.0425273900581495
 136.4949186531320306 109.2337294451840472 128.4579134055649462   0.8053726088442941
 134.6694432077640858 109.1619198520950325 129.9507970513627200  -0.8188273878630369
 138.8740838557388873 117.2915216802242573 125.8236351748787107  -0.5819273917044839
 139.3767510073619236 121.8004082357603562 119.9276896370444097  -0.0024273900581495
 140.4897997002415383 122.9342439161131233 118.6143299739691391   0.0977726099418505
 139.5033626583346611 119.0508567109049513 119.0244005450300483  -0.0343273900581495
 138.3544091689105322 117.8716676033380858 120.2659506150163176   0.0294726099418505
 138.6813317900789124 118.9355834167357551 117.1365641372427133   0.0294726099418505
 142.1622073287618559 117.9982792543108100 118.9223553337982969   0.0117726099418505
 143.7250108415147278 118.4348059912466223 116.8172004206100276  -0.1256273900581494
 143.0352608026334805 119.5497444102601539 115.2525071817232254   0.1329726099418505
 136.6517659222474915 122.7698377424619682 119.7670629156611016   0.5972726104906286
 135.9941412276428977 124.0794179532693918 117.9567052793645453  -0.5679273917044839
 135.0587267913518695 122.2426041510979459 121.6643479541180478  -0.4157273900581494
 135.7069028552868655 121.1560116240932206 123.1024295420321123   0.2718726099418505
 132.3356314323713409 122.8435370616848999 121.5925383610290196  -0.0024273900581495
 131.5362772777226477 121.9194609821973996 119.9333588154461737   0.0977726099418505
 131.0222717692960836 121.7512753562784108 123.9414679454931531  -0.0343273900581495
 131.9463478487835571 122.4807096439720059 125.6346625614865962   0.0294726099418505
 129.0701846729554280 122.4145692292847685 123.9811521943055009   0.0294726099418505
 130.9599108068766799 118.8845608111198794 124.0302850737874462   0.0117726099418505
 129.3914381157220440 117.5352963515001081 122.3597671714010590  -0.1256273900581494
 128.2500435308336094 118.5444101070140545 121.0180616163169821   0.1329726099418505
 129.3120696180973484 114.8802311333407471 122.4145692292847685  -0.1704273900581494
 128.1479983196018580 113.8616687471571895 121.0823123048702891   0.1429726099418505
 130.7463717537435794 113.5574228395958653 124.2098090565099631  -0.1072273900581494
 130.6859005174581059 111.5165186149609167 124.2986261848042562   0.1296726099418505
 132.2487040302109778 114.9029078469478029 125.9294598383782959  -0.1704273900581494
 133.2483691550553132 113.8900146391660094 127.3769900569619848   0.1429726099418505
 132.4036615731925084 117.5504141605714698 125.8141865442091131  -0.1256273900581494
 133.5790712284915269 118.5519690115497353 127.1407742902218283   0.1329726099418505
 131.7290293433826228 125.6781262625667777 121.3015205364051536   0.5972726104906286
 129.5804107291141586 126.3584276707784274 120.7289335178270196  -0.5679273917044839
 133.6017479420985828 127.3448647126853313 121.6076561701004081  -0.4157273900581494
 135.3270679023686796 126.6399968647326956 122.0158370150273870   0.2718726099418505
 133.3579732708227321 130.0868573330050553 121.2920719057355560  -0.0581273900581495
 131.5041519334459942 130.6462162686457581 121.9345787912687881   0.1359726099418505
 133.4940335524650673 130.9712491636802080 118.5198436672730818   0.5972726104906286
 132.3715362289158548 132.8987698202798773 117.8414319851953492  -0.5679273917044839
 134.7431425269870174 129.5615134677749631 116.8304285035474724  -0.4157273900581494
 135.5670631213766965 127.9250106357991329 117.4105744266613007   0.2718726099418505
 134.8338493814152409 130.1945717226385708 114.1130023229687211  -0.0581273900581495
 135.3573035205114296 132.1712252587201857 113.8805660084963982   0.1359726099418505
 136.8464077140413698 128.5788558781358929 112.7845248508220754  -0.0074273900581495
 136.3116152181416533 126.5927537113846536 112.9375926676697026   0.0366726099418505
 136.8634152492466619 129.0664052206875944 110.7833048749994743   0.0366726099418505
 139.5128112890042589 128.8509764414205635 113.7652927143272021   0.1867726099418505
 141.4252141365325665 127.0897516846059526 113.3419940603288479  -0.5432273900581495
 132.2676012915501731 129.8468621139970652 112.7958632076256034   0.5972726104906286
 131.6439916673561632 131.2490389053666155 111.0459768076145204  -0.5679273917044839
 130.7369231230739816 128.0327250254326483 113.6594680508276169  -0.4157273900581494
 131.3643121995358253 126.9366838677583254 115.0918804603399309   0.2718726099418505
 128.2859483273780968 127.4355715671135548 112.5180734659391822  -0.0252273900581495
 128.5618483429306010 126.8365283826605043 110.5640966434646099   0.0697726099418505
 127.4034462228368744 125.8859961372981144 113.5517536611941014   0.0697726099418505
 126.4925982262868323 129.7013532016851322 112.5350810011444741   0.5972726104906286
 125.9653646349228100 130.8276299775021783 110.5735452741342075  -0.5679273917044839
 125.6271036569509020 130.4893689995302972 114.7649578391715507  -0.4157273900581494
 126.1864625925916048 129.5936388120516169 116.3542175177993256   0.2718726099418505
 123.7884001286455258 132.5529499377723020 114.9822763445724851  -0.0275273900581495
 122.1783534625446120 132.1050848440329483 113.7785207972646603   0.1122726099418506
 122.8095219912743160 132.6871204932807069 117.6902538944816522  -0.0050273900581495
 121.5490746599488382 134.3085055161851220 117.8527703419988771   0.0338726099418505
 121.6662376802519512 131.0071539602246951 118.0360737769892409   0.0338726099418505
 124.7578296353471380 132.8534163930657656 119.7349375713844347  -0.1415273900581494
 125.6441111921561938 130.8654245001806228 121.0520766867275657  -0.1638273900581494
 125.1168776007921715 128.9416832958487870 120.7780663973089649   0.2061726099418505
 127.2428195014535799 131.6364327628204958 122.9266850115774293  -0.3418273900581494
 128.0440633822361763 130.4213388587091295 124.1701248076976153   0.3411726099418505
 124.7880652534898612 135.1248672060391069 114.0941050616294989   0.5972726104906286
 123.2970713338259907 136.6593248267831589 113.1870365173473039  -0.5679273917044839
 127.2673859411945392 135.6067473701890443 114.2282756171379173  -0.4157273900581494
 128.4220086090204320 134.2896082548459266 114.9879455229742490   0.2718726099418505
 128.0516222867718706 137.9689050375906091 110.2541815575015217   0.5972726104906286
 128.7923949312689936 135.9752439663036756 108.8935787410782225  -0.4157273900581494
 129.6389922392657286 134.5088164863807911 109.8006472853604175   0.2718726099418505
 128.4427955964935576 135.8354042323935065 106.1251299548835820  -0.0389273900581495
 129.2610470124814727 137.5267091222530194 105.2879812775564716   0.1006726099418505
 129.8052881390507870 133.5545047887505676 104.9610586563880916   0.3653726099418505
 129.4065559247934057 133.5374972535452757 102.9390516930923516   0.0042726099418505
 132.6701129580754151 133.6735575351875842 105.2936504559582356  -0.2438273900581494
 133.5204897183399837 131.9671348362567096 104.5075243842469874   0.0641726099418505
 133.4071061503047043 135.3100603671633875 104.2864264265782059   0.0641726099418505
 133.1784492881002152 133.8266253520352112 107.2816423488433918   0.0641726099418505
 128.9473524742505510 131.2584875360362401 105.9720621380359684  -0.6761273884118151
 129.4745860656145734 131.1469936941348910 107.7219485380470378   0.4101726099418505
 125.6497803705579579 135.8127275187864507 105.3503422399758752   0.5972726104906286
 124.9524714271410164 137.1223077295938741 103.5551024127506806  -0.5679273917044839
 124.0132775385821544 134.5182651170503888 106.7789751972203422  -0.4157273900581494
 124.7238145649365542 133.3485246401531343 108.1244602045722662   0.2718726099418505
 121.2675054659945697 134.5579493658627366 106.3613457216237385  -0.0237273900581495
 120.8763321562728827 133.9267808371330325 104.4394942434258331   0.0879726099418505
 119.8898951143659786 132.7116869330216662 108.1263499307061965   0.0341726099418505
 120.4435848716049041 133.0839629814041581 110.0727678486450748   0.0240726099418505
 117.8603292465345579 133.0367198280561429 107.9808410183942501   0.0240726099418505
 120.4039006227925697 129.9262306116217608 107.5008505803782564   0.0017726099418505
 122.3937822418116429 129.5293881234982828 107.8466704628858452   0.0439726099418505
 119.3078594651182334 128.7772771221976319 108.8066513389178462   0.0439726099418505
 119.6971430487060172 128.8812120595632868 104.3015442356495810  -0.2737273900581494
 116.3579969700671594 129.5747415507123945 104.0256442200970767  -0.0536273900581495
 115.6663572050519818 128.8642045243579949 102.2171763099344373   0.0683726099418505
 115.3299859532140041 128.6563346496266582 105.5506532101715177   0.0683726099418505
 116.0556407886397656 131.6118663230795097 104.1087921699896059   0.0683726099418505
 120.1431184163114271 137.2111248578881675 106.6259073803727149   0.5972726104906286
 118.6426758659779590 138.0029201080011930 105.0328682494771064  -0.5679273917044839
 120.9311342141565922 138.6473167196683285 108.5553177631063146  -0.4157273900581494
 122.1311103091965968 137.8838673615641496 109.8460007125745293   0.2718726099418505
 120.1620156776506493 141.2815949503545639 108.8803506581407643  -0.0518273900581495
 118.1022141916764783 141.3382867343722037 108.9238143592209593   0.0921726099418505
 123.3197480474330466 142.5382628294121814 105.6640367782067970  -0.4157273900581494
 124.4611426323214813 141.2513593322118138 106.5144135384713658   0.2718726099418505
 127.2617167627927752 141.2135648095333963 102.6669311298076943  -0.0297273900581495
 122.5638575938645619 143.3961984942124443 101.1041276170548224   0.5972726104906286
 121.9515863264740799 141.0056949348020596 100.5523275859498140  -0.4157273900581494
 122.6640130789623832 139.6054078695664127 101.6597071004276648   0.2718726099418505
 120.2678403411502345 140.2970476345815901  98.4396137682258503  -0.0875273900581495
 121.0293999731205100 141.0793942540249912  96.6935068204826147   0.0968726099418505
 120.1336697856418294 137.3982077451463784  98.1448164913341373   0.2984726099418505
 119.7632834633932546 136.5497207110157399  99.9854097457734304  -0.0297273900581495
 118.0511915860606026 136.5327131758104481  96.3193410459662061  -0.3192273900581494
 118.1551265234262709 134.4899192250415689  96.0604485656189936   0.0790726099418505
 116.1954805225499344 136.9654604604784132  97.0979082131417599   0.0790726099418505
 118.2647306391937032 137.4700173382353797  94.4957553267322050   0.0790726099418505
 122.6583439005606192 136.3796453589628208  97.1489308187576356  -0.3192273900581494
 122.5751959506680898 134.3236233252565105  97.0506650597937313   0.0790726099418505
 123.0438480318805423 137.1412049909330963  95.2724327677738286   0.0790726099418505
 124.1871323429029071 136.8974303196572455  98.4263856852884057   0.0790726099418505
 117.6335621104640124 141.4441113978717889  98.7684261155281472   0.5972726104906286
 116.7000374003069145 142.7253457166703924  97.0695623211329400  -0.5679273917044839
 116.4676010858345917 141.1341963119087007 100.9812954183499320  -0.4157273900581494
 117.3255367506348412 140.0683907723771011 102.3324496041036335   0.2718726099418505
 113.9977290287995247 142.2453552786543851 101.5576618891959132  -0.0024273900581495
 112.6012214158317115 141.4724572898806086 100.2594200351920177   0.0977726099418505
 113.2664050149719995 141.5026929080233320 104.2656394391050670  -0.0343273900581495
 112.6182289510370035 139.5524955378166067 104.2958750572478170   0.0294726099418505
 114.9501510002958315 141.5915100363176520 105.4504977250736965   0.0294726099418505
 111.2746336698189961 143.1996669762846356 105.4297107376005574   0.0117726099418505
 108.8104307911856798 143.2922635568467626 104.4319353388901389  -0.1256273900581494
 108.2907561043573382 142.0828388311371603 102.8785804568068781   0.1329726099418505
 110.3789034823403157 143.4528902782300840  93.5433333552358848   0.0559726099418505
 110.0878856577164497 143.3376169840608744  95.5823478537369167  -0.0173273900581495
 108.5420896801688698 143.2166745114899275  92.6362648109536897  -0.0173273900581495
 112.0777672767355228 141.2438004276761195  92.7137435824444550   0.0135726099418505
 113.4478187238284331 140.8488476656865987  94.1952888714387144  -0.0425273900581495
 110.8966884430347404 139.5638338946201346  92.5247709690523406  -0.0425273900581495
 113.4459289976945164 141.7162319611564325  90.2060770027309572   0.8053726088442941
 112.0872159074051340 142.0658312959318685  88.2842255245330518  -0.8188273878630369
 115.7948585821586364 141.7162319611564325  90.1626133016507758  -0.8188273878630369
  98.0654479937094418 132.7834965261106944  89.2101913301544556  -0.5679273917044839
  97.8122246917639933 136.6914501710598393  94.5770135504908173  -0.5679273917044839
  94.7716553422847093 133.0442787325918103  97.9010418200583001   0.5972726104906286
  95.5653403185316249 133.0631759939310325 100.0836755047373481  -0.5679273917044839
  95.2195204360240360 131.1621115032062527  96.2796567971538583  -0.4157273900581494
  94.5316601232767056 131.3151793200538798  94.5052039574018026   0.2718726099418505
  96.6878376420808506 128.9001093209025089  96.9183842304192431  -0.0875273900581495
  95.8714759522268658 128.0308352992987450  98.5983507634752415   0.0968726099418505
  96.6916170943486978 126.9177866064191300  94.7829936990882237   0.2984726099418505
  97.8330116792371324 127.6207647282378356  93.2183004602014349  -0.0297273900581495
  97.8046657872283125 124.4120097528395357  95.7184081353792519  -0.3192273900581494
  97.8500192144424242 123.0419583057466389  94.1839505146351999   0.0790726099418505
  99.7454145267654402 124.6765714115885121  96.3571355686446370   0.0790726099418505
  96.6878376420808506 123.6561192992710510  97.2736527435964430   0.0790726099418505
  94.0516696852607117 126.3414201355731354  93.7530929561011517  -0.3192273900581494
  94.2406422986528262 124.9940454020872945  92.2110764308214054   0.0790726099418505
  92.8687011254259992 125.5307276241209145  95.2270793405597302   0.0790726099418505
  93.1691675807194762 128.0421736561022728  93.0104305854700984   0.0790726099418505
  99.4241610839988240 129.5766312768463248  97.5514424852828642   0.5972726104906286
 100.3463474373523942 128.7281442427156863  99.4978604032217557  -0.5679273917044839
 100.6449241665119542 131.2093546565542946  96.0491102088154657  -0.4157273900581494
  99.7586426097028849 131.8707588034267221  94.4976450528661217   0.2718726099418505
 103.3037688369391490 131.9028841477033757  96.4421732446710831  -0.0518273900581495
 104.4602812308989588 130.1889025442368068  96.3968198174569848   0.0921726099418505
 104.1900503937482184 133.7113520578660285  94.3407977837506608  -0.1102273900581495
 102.8861393613425590 135.3062809148955539  94.2652087383938125   0.0456726099418505
 106.0438717311249697 134.4483452500953178  94.8585827444450855   0.0456726099418505
 104.3922510900777911 132.5340526764330797  91.6895120178591469   0.3530726099418505
 102.6234674287274995 131.6080868708116761  91.1944037707717782  -0.0361273900581495
 104.8986976939686879 134.6505459464248905  89.7771091703308392  -0.4121273900581494
 105.1084572948339548 133.8530815179101008  87.8968316670791849   0.0999726099418505
 103.3169969198766072 135.9657953356340778  89.7827783487326032   0.0999726099418505
 106.6315765587744789 135.6445418928674618  90.2816660480878058   0.0999726099418505
 106.5446491566141024 130.6197601027708417  91.4948702260652551  -0.4121273900581494
 106.6825991643903546 129.8808771844076490  89.5805776524030306   0.0999726099418505
 108.3247711747679221 131.5022622073120640  92.0277729958310415   0.0999726099418505
 106.2007190002404306 129.0286106980091501  92.7628764619264140   0.0999726099418505
 103.7365161216071276 133.0915218859398522  99.0405466788128044   0.5972726104906286
 105.3390038831723473 132.2543732086127418 100.4767385405929655  -0.5679273917044839
 102.2493016542110909 135.0039247334681600  99.7359658960958291  -0.4157273900581494
 100.8943680161895555 135.5935192872515861  98.5303206226540740   0.2718726099418505
 102.5138633129600673 136.1944521978385402 102.2341838451397292  -0.0597273900581495
 104.5113038365148345 136.6215303041047412 102.5100838606922334   0.0868726099418505
 101.0398769285015019 138.7115674082216625 102.3645749483802870   0.1302726099418505
 101.2912105043130201 139.4636784095223133 104.2694188913729140   0.0186726099418505
 102.2115071315326734 140.6258599818838736 100.5088638848696190  -0.3204273900581494
 104.2524113561676222 140.7014490272407356 100.7847639004221233   0.0881726099418505
 101.8203338218109727 140.0683907723771011  98.5643356930646578   0.0881726099418505
  98.1750521094768741 138.3714167041158243 101.8997023194356683  -0.0430273900581495
  97.4550664524528767 136.9163275809964679 103.1620393768950633   0.0235726099418505
 101.8165543695431257 134.3954329183455118 104.4073688991491662   0.5972726104906286
 102.8918085397443229 134.6354281373535019 106.4501628499180453  -0.5679273917044839
 100.1025727660765569 132.5794061036471916 104.0010777803560906  -0.4157273900581494
  99.3636898477133508 132.3809848595854526 102.2493016542110909   0.2718726099418505
  99.5129782122931174 130.6405470902439942 105.8794655574738280   0.0336726099418505
  99.1085768196339721 131.5627334435975641 107.6784848369668562   0.0822726099418505
  97.1394821880880381 129.2100244068655970 105.0574346892180791  -0.1825273900581494
  96.5385492775010705 127.9760332414150086 106.5918923099621311   0.0602726099418505
  95.6465985422902372 130.5460607835479100 104.6114593216126557   0.0602726099418505
  97.5306554978097251 128.0629606435753985 103.3925859652334558   0.0602726099418505
 101.7655317639272500 128.8547558936883972 106.3178820205435571   0.5972726104906286
 102.6215777025935826 128.6166504008143372 108.4589417302763272  -0.5679273917044839
 102.8029914114500298 127.7719428189515325 104.2864264265782059  -0.5163273900581494
 101.9998578045334896 128.1366599627983301 102.5800037276473181   0.2935726099418505
 105.1802668879229561 126.3244126003678435 104.2165065596231214   0.0396726099418505
 104.9761764654594666 124.5253933208748152 105.1934949708604009   0.1104726099418506
 105.7755306201081461 125.7612742124593071 101.4253810598214250   0.0559726099418505
 104.2561908084354692 124.6161001753030386 100.6298063574405793  -0.0173273900581495
 105.7944278814473685 127.5527345874166680 100.4181570304414089  -0.0173273900581495
 108.3020944611608661 124.4290172880448277 100.9189344559305418   0.0135726099418505
 109.7042712525304301 125.0148323895604200 102.3135523427644248  -0.0425273900581495
 108.0469814330815009 122.3900027895438090 101.1154659738583505  -0.0425273900581495
 109.3017595860052150 125.0677447213102260  98.2714281423068615   0.8053726088442941
 107.7843095004664414 125.0601858167745317  96.4497321492067774  -0.8188273878630369
 111.6128946477909041 125.5288378979870111  98.0900144334504145  -0.8188273878630369
 107.3137676931200453 127.7549352837462407 105.5657710192428926   0.5365726099418505
 108.4948465268208277 126.7817263247767948 107.3194368715218093  -0.5819273917044839
 107.7200588119131209 130.1529977476922927 104.8854696110312431  -0.4157273900581494
 106.7487395790775920 130.8484169649753307 103.3831373345638446   0.2718726099418505
 109.7930883808247367 131.6439916673561632 105.9361573414914542  -0.0014273900581495
 111.5354158763001254 130.6292087334404663 105.5789991021803374   0.0875726099418505
 109.9593842806098087 134.2366959230961206 104.6454743920232396  -0.0152273900581495
 108.2113876067326426 135.2571480354136083 105.0328682494771064   0.0294726099418505
 111.4900624490860137 135.2836042012884979 105.5468737579036839   0.0294726099418505
 110.4318158140901217 134.3179541468547465 101.8071057388735279  -0.0011273900581495
 111.1650295540515638 132.1334307360417680 100.4483926485841456  -0.1906273900581494
 111.3766788810507476 130.3551984440218653 101.3705790019377157   0.1698726099418505
 111.5335261501662085 132.1901225200594079  97.8235630485675212  -0.2341273900581494
 111.9795015177716185 130.4855895472624368  96.8484643634641587   0.1655726099418506
 111.2406185994084124 134.6770021122997801  96.4289451617336383   0.3225726099418506
 111.6809247886120582 134.8848719870311166  93.9080504990826957  -0.5579273917044839
 111.8226542486561576 136.6253097563726019  93.4148319781292436   0.3991726099418505
 110.4450438970275665 136.9597912820766493  97.9709616870133845  -0.2341273900581494
 110.1691438814750622 138.7474722047661496  97.0903493086060791   0.1655726099418506
 110.0482014089041019 136.6555453745153251 100.5768940256907867  -0.1906273900581494
 109.4321506892457728 138.2296872440717249 101.6634865526955118   0.1698726099418505
 109.5965568628969280 131.9728040146584735 108.8047616127839159   0.5972726104906286
 111.4806138184164159 131.6780067377667471 110.1426877156001592  -0.5679273917044839
 107.3458930373967123 132.6039725433881777 109.7666322149498337  -0.4157273900581494
 105.8492299393310778 132.7551506341018746 108.5761047505794537   0.2718726099418505
 106.9433813708714837 132.9970355792437951 112.4746097648589874  -0.0518273900581495
 108.6176787255257182 133.9211116587312685 113.2437283013649435   0.0921726099418505
 104.6303565829518779 134.7223555395138918 112.8601138961789239  -0.1102273900581495
 103.1809366382342720 134.2461445537657452 111.4730549138807216   0.0456726099418505
 103.8404510589727959 134.3330719559261081 114.7252735903592031   0.0456726099418505
 105.2180614106013870 137.5777317278688953 112.7523995065454084   0.3530726099418505
 106.4104786011056975 138.0539427136170687 114.3643358987802393  -0.0361273900581495
 106.5559875134176305 138.4999180812224652 110.3562267687332731  -0.4121273900581494
 106.8129902676309259 140.5427120319913444 110.4280363618222745   0.0999726099418505
 108.4135883030622152 137.6268646073508406 110.2088281302874100   0.0999726099418505
 105.4448285466719325 138.0142584648047209 108.6951574970164837   0.0999726099418505
 102.7462996274323899 139.0611667429970716 112.9942844516873288  -0.4121273900581494
 101.5293159971870935 138.6435372674004947 111.3842377855864285   0.0999726099418505
 101.7863187514003889 138.5207050686956177 114.7328324948948838   0.0999726099418505
 106.7241731393366193 130.5063765347355891 113.9599345061210938   0.5972726104906286
 107.2532964568345719 130.5328327006104787 116.2238264145587543  -0.5679273917044839
 106.1100121458122205 128.3728757295384866 112.7448406020097276  -0.4157273900581494
 105.5884477328499486 128.4768106669041415 110.8985781691686707   0.2718726099418505
 106.4010299704360863 125.8387529839500724 113.8654481994250367  -0.0875273900581495
 105.5147484136270169 125.8274146271465443 115.7249387152035384   0.0968726099418505
 104.9723970131916195 123.7392672491635804 112.4462638728501675   0.2984726099418505
 105.4089237501274317 123.8016282115829840 110.4337055402240386  -0.0297273900581495
 105.6848237656799360 121.1333349104861648 113.5064002339799896  -0.3192273900581494
 104.4338250650240692 119.6933635964381700 112.7448406020097276   0.0790726099418505
 107.6123444222796056 120.6665725554076158 112.9621591074106753   0.0790726099418505
 105.5317559488323090 121.1295554582183312 115.5624222676863135   0.0790726099418505
 102.1075721941670051 124.0340645260552800 112.8393269087057983  -0.3192273900581494
 101.0871200818495306 122.5789754029359237 111.7999775350491016   0.0790726099418505
 101.6464790174902200 123.8658789001362911 114.8405468845283993   0.0790726099418505
 101.4801831177051480 125.8784372327624202 112.1817022141011911   0.0790726099418505
 109.1978246486395333 125.2586070608362707 114.3000852102269186   0.5972726104906286
 109.9933993510203926 124.9335741658017942 116.4657113597006748  -0.5679273917044839
 110.7322822693835987 125.2510481563005764 112.2950857821364706  -0.4157273900581494
 109.9631637328776423 125.5363968025226785 110.5527582866610818   0.2718726099418505
 113.4213625579535435 124.5367316776783430 112.4481535989840978  -0.0875273900581495
 113.5593125657297956 122.6904692448372728 113.3514426909984456   0.0968726099418505
 114.6062208439221597 124.3968919437681742 109.7874192024229727   0.2984726099418505
 114.3983509691908230 126.2337057459396201 108.8822403842746946  -0.0297273900581495
 117.4275819618665927 123.7109213571547605 109.8327726296370845  -0.3192273900581494
 118.1683546063637157 123.6655679299406488 107.9090314253052487   0.0790726099418505
 118.5047258582017069 125.1074289701225469 110.8929089907669068   0.0790726099418505
 117.6902538944816522 121.8627691981797599 110.7020466512408620   0.0790726099418505
 113.3155378944539449 122.4051205986151707 108.1282396568401134  -0.3192273900581494
 114.1167817752365547 122.4882685485077000 106.2328443445170976   0.0790726099418505
 113.6197838020152691 120.5361814521670445 108.9332629898905703   0.0790726099418505
 111.2935309311582050 122.7660582901941346 107.9883999229299443   0.0790726099418505
 114.9161359298852477 126.3981119195907752 114.0903256093616651   0.5972726104906286
 116.4751599903702859 125.6365522876204997 115.6361215869092452  -0.5679273917044839
 114.3813434339855311 128.8585353459562310 113.9108016266391485  -0.4157273900581494
 113.0963296629190804 129.4273429122665314 112.6012214158317115   0.2718726099418505
 115.5416352802131879 130.7501512060114130 115.5643119938202439  -0.0252273900581495
 117.5787600525802897 130.7633792889488712 115.2600660862589197   0.0697726099418505
 114.7819653743768427 132.6020828172542474 115.0843215558042366   0.0697726099418505
 115.0314092240544440 130.2531532327901408 118.3743347549611354   0.5972726104906286
 116.7812956240655269 130.3797648837628516 119.9031231973034368  -0.5679273917044839
 112.6919282702599350 129.5917490859176865 119.0678642461102433  -0.4157273900581494
 111.3332151799705526 129.3895483895881139 117.7299381432939866   0.2718726099418505
 112.0286343972535774 129.0002648060003302 121.6813554893233396   0.0336726099418505
 112.5936625112960306 130.5800758539584939 122.8775521320954837   0.0822726099418505
 109.1562506736932685 128.6809010893676444 121.8873356379207460  -0.1825273900581494
 108.6441348914006078 128.2746099705745689 123.8413124603953318   0.0602726099418505
 108.2170567851344066 130.4175594064412691 121.2958513580033897   0.0602726099418505
 108.5175232404278837 127.1332153856861341 120.6873595428807549   0.0602726099418505
 113.4194728318196133 126.6475557692683899 122.6507849960249250   0.5972726104906286
 114.4266968611996429 126.6929091964825016 124.7464912785436099  -0.5679273917044839
 113.5479742089262677 124.6274385321065665 121.1371143627539985  -0.4157273900581494
 112.7467303281436445 124.7105864819990960 119.3910074150107761   0.2718726099418505
 114.7573989346358567 122.2520527817675435 121.9307993390009274  -0.0389273900581495
 113.8919043652999263 121.6454506927788256 123.6976932742173023   0.1006726099418505
 114.3473283635749473 120.0939855368294816 120.0240656698743972   0.3653726099418505
 115.0521962115275831 118.3554374936219266 120.8763321562728827   0.0042726099418505
 111.5373056024340555 119.7500553804558098 119.4363608422248880  -0.2438273900581494
 110.9666083099898248 117.8508806158649467 119.9692636119906742   0.0641726099418505
 110.3902418391438436 121.0936506616738170 120.4832691204172519   0.0641726099418505
 111.1631398279176469 120.0599704664188979 117.4332511402683567   0.0641726099418505
 115.6077756949004253 120.3906725398551115 117.6921436206155689  -0.6761273884118151
 117.4030155221256199 120.2281560923378867 117.9378080180253232   0.4101726099418505
 117.5485244344375529 122.6677925312302168 122.4618123826328104   0.5972726104906286
 118.4442546219162200 122.0082781104916929 124.4989371549999256  -0.5679273917044839
 118.8977888940573242 123.9150117796182366 120.7421616007644644  -0.4157273900581494
 118.0606402167302136 124.2948467325364226 119.0527464370388682   0.2718726099418505
 121.5925383610290196 124.3798844085628822 121.0369588776561774  -0.0014273900581495
 122.4693712871685046 122.6092110210786737 121.6284431575735336   0.0875726099418505
 122.6772411618998414 125.0677447213102260 118.4272470867109280  -0.0152273900581495
 121.3922273908333771 126.3074050651625515 117.3935668914560089   0.0294726099418505
 124.4705912629911057 126.0277255973422136 118.6237786046387501   0.0294726099418505
 123.2422692759422812 122.7150356845782589 116.9249148102435429  -0.0011273900581495
 125.6006474910760124 121.5623027428862964 117.3671107255811059  -0.1906273900581494
 126.9385735938922557 122.4542534780971163 118.5897635342281664   0.1698726099418505
 126.1807934141898409 119.2077039800204122 116.3164229951208947  -0.2341273900581494
 127.9155620051295352 118.3157532448095789 116.7359421968514151   0.1655726099418506
 124.2400446746527131 117.8962340430790585 114.6836996154129384   0.3225726099418506
 124.6387768889100946 115.5340763756774936 113.7974180586038690  -0.5579273917044839
 123.0117226876038888 114.6931482460825360 113.6386810633544778   0.3991726099418505
 121.7626137130819387 119.2549471333684408 114.2131578080665423  -0.2341273900581494
 120.3339807558374719 118.3951217424342744 113.0812118538477187   0.1655726099418506
 121.3846684862976830 121.6246637053057000 115.3488832145532128  -0.1906273900581494
 119.6423409908222943 122.5770856768019933 115.0465270331258191   0.1698726099418505
 122.1802431886785421 126.2620516379484398 123.1629007783175858   0.5972726104906286
 124.0794179532693918 125.9143420293069342 124.4611426323214813  -0.5679273917044839
 120.5928732361846841 128.1820133900124419 123.6391117640657592  -0.4157273900581494
 119.0754231506459242 128.4522442271631822 122.4958274530433942   0.2718726099418505
 120.9027883221477723 129.7977292345151196 125.8973344941016423  -0.0875273900581495
 122.8359781571492056 130.5082662608694926 125.9294598383782959   0.0968726099418505
 119.1207765778600359 132.1050848440329483 125.8708783282267527   0.2984726099418505
 117.2027045519299641 131.4833649459728687 125.4381310435587876  -0.0297273900581495
 119.0697539722441601 133.5431664319470397 128.3917729908776819  -0.3192273900581494
 118.2685100914615504 132.3620875982462573 129.8770977321397884   0.0790726099418505
 119.9692636119906742 134.0250465960969502 123.8791069830737493  -0.3192273900581494
 118.6483450443797230 135.6029679179211838 123.8110768422525818   0.0790726099418505
 121.8571000197779960 134.7242452656478221 124.3175234461434786   0.0790726099418505
 119.9957197778655772 133.1330958608861035 122.0347342763666093   0.0790726099418505
 120.5683067964437115 128.2443743524318455 128.3105147671190829   0.5972726104906286
 122.0970952387860129 128.5013771066451276 130.0377244535231099  -0.5679273917044839
 118.6861395670581404 126.5625180932419304 128.4163394306186680  -0.4157273900581494
 117.4842737458842324 126.4170091809299974 126.9272352370887278   0.2718726099418505
 118.3025251618721341 124.8749926556502511 130.5895244846281185  -0.0597273900581495
 118.2288258426492026 126.0239461450743532 132.3016163619607570   0.0868726099418505
 115.7513948810784414 123.4614775074771458 130.3703162530932538   0.1302726099418505
 115.6304524085074813 122.6148801994804376 128.4957079282433637   0.0186726099418505
 115.5151791143382849 121.3298664284139735 132.3375211585052710  -0.3204273900581494
 113.6802550383007425 120.4133492534621675 132.2071300552646997   0.0881726099418505
 116.9570401545201965 119.8917848404999090 132.0294957986761132   0.0881726099418505
 115.7608435117480526 122.0914260603842490 134.2404753753639811   0.0881726099418505
 113.5385255782566566 125.3455344629966337 130.7010183265294676  -0.0430273900581495
 113.3778988568733486 125.8746577804945864 132.6871204932807069   0.0235726099418505
 113.9221399834426629 127.0670749709988969 129.6389922392657286   0.0235726099418505
 110.9855055713290470 124.3213028984113122 129.7807216993098278  -0.0660273900581495
 110.3675651255368012 122.7452713027209821 130.9523519023409856   0.0185726099418505
 109.5738801492898722 125.8160762703430164 129.8941052673450804   0.0185726099418505
 111.1423528404445080 123.6995830003512326 127.8210756984334781   0.0185726099418505
 120.5701965225776284 123.1005398158981820 130.9315649148678602   0.5972726104906286
 121.4867136975294344 122.8473165139527337 133.0329403757882822  -0.5679273917044839
 121.6397815143770617 121.9893808491524974 128.9284552129113288  -0.4157273900581494
 120.8253095506570070 122.2010301761516678 127.2050249787751356   0.2718726099418505
 123.9169015057521670 120.4133492534621675 129.2119141329995274  -0.0518273900581495
 123.6050966936551753 119.1302252085296335 130.7973943593594550   0.0921726099418505
 124.3704357778932578 118.7900745044238087 126.8478667394640322  -0.1102273900581495
 124.8201905977665416 120.0221759437404668 125.2586070608362707   0.0456726099418505
 126.0182769666726159 117.6071059445891094 127.2163633355786635   0.0456726099418505
 122.1462281182679585 117.0704237225554759 126.0900865597616174   0.3530726099418505
 120.7024773519521166 118.1872518677029379 125.1735693848098112  -0.0361273900581495
 123.0306199489431110 115.1013290910095285 124.1833528906350735  -0.4121273900581494
 121.4130143783065027 114.0090673856030528 123.5616329925749671   0.0999726099418505
 123.8432021865292353 116.0613099670415295 122.5506295109271037   0.0999726099418505
 124.4479145493840499 113.8711173778268007 125.0356193770335456   0.0999726099418505
 120.9008985960138554 115.6474599437127731 128.2764996967084990  -0.4121273900581494
 119.3928971411446930 114.4720502884137546 127.5281681476756817   0.0999726099418505
 122.2992959351155856 114.4909475497529633 129.2553778340797088   0.0999726099418505
 120.0637499186867315 116.9778271419933355 129.6068668949890480   0.0999726099418505
 126.2847283515554957 121.9383582435366217 129.9451278729609561   0.5972726104906286
 127.9571359800758133 120.9292444880226753 131.2055752042864341  -0.5679273917044839
 126.4000016457247053 124.3704357778932578 129.2723853692850008  -0.4157273900581494
 125.0110529372925863 125.0526269122388376 128.1442188673340242   0.2718726099418505
 128.3558681943331946 126.1241016301722010 130.1492182954244590  -0.0252273900581495
 130.2059100794420987 125.2793940483093964 129.8430826617292045   0.0697726099418505
 128.2292565433604569 127.8494215904422978 129.0342798764109140   0.0697726099418505
 119.5724211238672098 119.5006115307782085 137.1846686920132779  -0.5679273917044839
 115.5605325415523966 114.4153585043961150 137.4000974712803087   0.0341726099418505
 117.3217572983670075 114.7895242789125236 136.3928734419002790   0.0240726099418505
 114.9123564776174006 112.5445296318140718 136.8388488095057024   0.0240726099418505
 113.5819892793368382 116.3674456007367704 136.5818460552923934   0.0017726099418505
 114.2717393182180989 118.2477231039884113 137.0750645762458589   0.0439726099418505
 113.4119139272839325 116.2937462815138388 134.5314931999878471   0.0439726099418505
 110.4488233492954135 115.9781620171489869 137.9367796933139288  -0.2737273900581494
 109.4945116516651766 112.9697180119463562 136.6158611257029773  -0.0536273900581495
 107.5745498996011879 112.5388604534123079 137.2262426669595558   0.0683726099418505
 109.5455342572810523 113.0812118538477187 134.5617288181305703   0.0683726099418505
 110.7530692568567243 111.4730549138807216 137.2545885589683757   0.0683726099418505
 112.1533563220923712 100.7261823902705668 134.5730671749340984   0.1429726099418505
 133.2578177857249108  87.1579487487159789 123.7279288923600525   0.0284726099418505
 131.3397457597948390  89.0571235133068417 125.6592290012275555   0.0284726099418505
 134.2839390764441627  91.4136120023066426 122.6885795187033693   0.0686726099418505
 136.2681515170614717  88.3976090925683178 120.6438958418005598   0.4477726099418505
 129.5501751109714352  94.2160758589118535 127.0803030539363551  -0.5894273889605932
 126.5455105580366383  95.1307033077297428 129.9867018479072342  -0.4157273900581494
 124.7143659342669296  96.3250102243679700 128.2859483273780968  -0.0875273900581495
 125.4475796742283851  96.2947746062252332 126.3603173969123575   0.0968726099418505
 122.1689048318750143  94.9152745284627119 128.2538229831014432   0.2984726099418505
 121.0690842219328309  95.6409293638884732 126.6683427567415154  -0.0297273900581495
 122.5600781415967013  92.0844647798486812 127.8569804949779920  -0.3192273900581494
 120.7629485882376032  91.2321982934501956 127.3373058081496370   0.0790726099418505
 123.9244604102878612  91.8028955858944129 126.3603173969123575   0.0790726099418505
 123.2649459895493371  91.1811756878343199 129.5690723723106306   0.0790726099418505
 120.5928732361846841  95.2100718053544384 130.6462162686457581  -0.3192273900581494
 118.7957436828255727  94.2274142157153814 130.4270080371108936   0.0790726099418505
 120.2073691048647476  97.2018431505074282 131.0184923170282230   0.0790726099418505
 124.4724809891250091  99.1010179150982913 129.0531771377501362   0.5972726104906286
 125.5496248854601367  99.8852542606756091 130.9580210807427497  -0.5679273917044839
 123.0967603636303484 100.6033501915656897 127.5791907532915576  -0.4157273900581494
 122.1046541433216804  99.8455700118632613 126.1429988915113964   0.2718726099418505
 122.6677925312302168 103.2659743142607316 128.1801236638785116  -0.0014273900581495
 123.2876227031563931 103.5966763876969453 130.1095340466121112   0.0875726099418505
 124.2381549485187830 104.9875148222629947 126.4094502763943031  -0.0152273900581495
 123.9320193148235285 104.4016997207474022 124.4573631800536474   0.0294726099418505
 123.6088761459230091 106.9396019186036501 126.5776359023132919   0.0294726099418505
 127.0406188051240073 104.9667278347898556 127.0160523653830210  -0.0011273900581495
 127.8210756984334781 105.1934949708604009 129.5539545632392690  -0.1906273900581494
 126.4812598694833044 105.5563223885732816 131.0468382090370429   0.1698726099418505
 130.3495292656201014 104.7890935782012556 130.2134689839777929  -0.2341273900581494
 132.1561074496488240 104.3166620447209427 128.3294120284583050   0.3225726099418506
 131.4266731619552289 104.3015442356495810 125.7688331169950012  -0.2341273900581494
 132.8458574885300981 103.8895839384547415 124.3723255040271879   0.1655726099418506
 128.8642045243579949 104.6039004170769749 125.1055392439886436  -0.1906273900581494
 128.2953969580477212 104.4357147911579861 123.1553418737819183   0.1698726099418505
 119.8785567575624507 103.9443859963384644 128.3275223023243749   0.5972726104906286
 118.2212669381135217 102.3815824835855791 127.8664291256475898  -0.5679273917044839
 119.4571478296980135 106.3065436637400292 129.0909716604285536  -0.4157273900581494
 120.9859362720403015 107.3534519419323931 129.5218292189626155   0.2718726099418505
 117.0194011169396002 107.4120334520839631 129.6711175835423821   0.0336726099418505
 115.9951695523542787 106.1232402287496653 130.9145573796625681   0.0822726099418505
 117.5976573139194984 109.8422212603066822 131.1658909554740863  -0.1825273900581494
 115.8572195445780266 110.7001569251069317 131.8613101727571244   0.0602726099418505
 118.7560594340132383 109.3830178097638275 132.8118424181195143   0.0602726099418505
 118.6162197001030560 111.1801473631229389 129.9904813001750678   0.0602726099418505
 115.3734496542941857 107.8050964879395804 127.2900626548015951   0.5972726104906286
 115.4339208905796726 106.3254409250792380 125.5004920059781911  -0.5679273917044839
 113.9032427221034542 109.8573390693780572 127.2598270366588717  -0.4157273900581494
 114.0770975264242069 111.0062925588021726 128.7697182176619376   0.2718726099418505
 111.8018672611830185 110.4790589674381503 125.5250584457191506  -0.0875273900581495
 110.2466226529658409 109.1997143747734636 125.9540262781192820   0.0968726099418505
 110.9741672145255191 113.2380591229631796 126.0938660120294510   0.2984726099418505
 109.1090075203452399 113.5252974953192118 125.2680556915058685  -0.0297273900581495
 110.8229891238118221 113.8314331290144529 128.9435730219826905  -0.3192273900581494
 110.1256801803948808 115.7476154288105943 129.2156935852673610   0.0790726099418505
 109.5398650788792883 112.5161837398052519 129.8638696492023570   0.0790726099418505
 112.6711412827867961 113.7615132620593682 129.8468621139970652   0.0790726099418505
 112.7694070417507004 115.2279407419822527 124.9675892362123781  -0.3192273900581494
 112.0985542642086619 117.1195566020374215 125.4419104958266212   0.0790726099418505
 114.6742509847433272 114.9898352491081793 125.7178105113791255   0.0790726099418505
 112.8223193735005064 115.0748729251346389 122.9191261070417618   0.0790726099418505
 112.2875268776007897 110.2239459393587851 122.6715719834980775   0.5972726104906286
 110.4960665026434422 110.4563822538310944 121.2297109433161523  -0.5679273917044839
 114.6043311177882428 109.6929328957269020 121.8211952232335086  -0.3479273900581494
 115.9006832456582214 109.2866417769338398 123.1610110521836823   0.2746726099418506
 115.3280962270800874 109.2450678019875753 119.1699094573419813  -0.2637273900581494
 115.2222715635804888 111.0062925588021726 118.1154422746139231   0.1559726099418505
 118.0266251463196298 108.1887108931255868 118.9733779394141726  -0.0007273900581495
 118.1759135108994100 106.4312655885788232 120.0429629312136059   0.0326726099418505
 118.3327607800148709 107.7351766209844960 116.9853860465290164   0.0326726099418505
 120.1053238936330097 110.0009582555560734 119.8747773052946171   0.0389726099418505
 119.7311581191166010 111.9020227462808532 119.1680197312080644   0.0284726099418505
 120.1147725243026072 110.0444219566362549 121.9345787912687881   0.0284726099418505
 122.7074767800425646 109.1335739600862128 118.9242450599322272   0.0485726099418505
 124.1568967247601571 110.3562267687332731 119.7387170236522817   0.0686726099418505
 123.0532966625501668 107.2022738512186962 119.5554135886619178   0.0686726099418505
 122.8265295264796080 109.3282157518801045 116.1501270953358227  -0.5295273900581494
 122.1726842841428479 110.9722774883915888 115.3942366417673248   0.3455726099418505
 123.3084096906295186 107.5688807211994240 114.4531530270745459   0.8075726110394068
 124.0718590487337243 105.2936504559582356 115.0351886763222911  -0.8627273895093713
 124.3723255040271879 104.8401161838171313 116.8455463126188473   0.4477726099418505
 124.3609871472236600 104.0294236723649105 113.6500194201580057   0.4477726099418505
 123.0098329614699585 108.1055629432330574 112.0815467290033699  -0.8627273895093713
 122.2671705908389052 109.7949781069586536 111.5335261501662085   0.4477726099418505
 123.4633672336110761 106.9055868481930663 110.6699213069641951   0.4477726099418505
 113.5706509225333101 107.3685697510037682 117.8319833545257380   0.7340726082955160
 112.4311460637788058 107.9335978650462216 115.9006832456582214  -0.5894273889605932
 113.1171166503922195 105.1897155185925673 119.0111724620926035  -0.4157273900581494
 114.0166262901387337 104.8571237190224232 120.6590136508719350   0.2718726099418505
 111.3596713458454556 103.2867613017338572 118.0152867895161019  -0.0014273900581495
 111.8150953441204767 102.9730667635029354 116.0291846227648626   0.0875726099418505
 111.7281679419601003 100.7772049958864424 119.4495889251623328  -0.0152273900581495
 111.7546241078349899 101.1513707704028511 121.4791547929937670   0.0294726099418505
 110.0784370270468387  99.5980158883195769 119.0905409597172991   0.0294726099418505
 114.0619797173528454  99.2332987444727795 118.7485005294775440  -0.0011273900581495
 113.7274981916487846  97.0166499893831474 117.2839627756885766  -0.1906273900581494
 111.8755665804059502  96.4913061241530419 116.6773606866998586   0.1698726099418505
 115.7797407730872613  95.4519567504963588 116.6301175333518299  -0.2341273900581494
 115.5170688404722018  93.7663210390385965 115.5567530892845496   0.1655726099418506
 118.4234676344430944  96.1983985733952458 117.4634867584110933   0.3225726099418506
 120.4549232284084320  94.7678758900168621 116.8096415160743468  -0.5579273917044839
 122.0800877035807211  95.5369944265228049 117.2083737303317281   0.3991726099418505
 118.6729114841206956  98.5907918589395472 119.0376286279674931  -0.2341273900581494
 120.4870485726850990  99.1690480559194588 119.6952533225721003   0.1655726099418506
 116.4751599903702859  99.9778508412377495 119.6328923601526967  -0.1906273900581494
 116.6452353424231916 101.6143536732135531 120.7969636586481871   0.1698726099418505
 108.5515383108384674 104.1163510745252868 118.0719785735337415   0.5972726104906286
 106.9792861674159845 102.8691318261372670 116.8946791921007929  -0.5679273917044839
 107.8939136162338738 106.1761525604994577 119.3928971411446930  -0.4157273900581494
 109.2960904076034510 107.1909354944151683 120.2016999264629837   0.2718726099418505
 105.3843573103864591 107.3780183816733792 119.3305361787252894  -0.0237273900581495
 103.9651729838115898 105.9701724119020381 118.8581046452449764   0.0879726099418505
 104.6813791885677535 108.4570520041424103 121.9402479696705520   0.0341726099418505
 106.0438717311249697 109.8989130443243219 122.4769301917041721   0.0240726099418505
 102.8596831954676560 109.3962458927012723 121.8022979618942865   0.0240726099418505
 104.5490983591932654 106.5030751816678379 124.0813076794033221   0.0017726099418505
 106.2517416058563063 105.3427833354401809 124.0794179532693918   0.0439726099418505
 104.5377600023897375 107.5594320905298130 125.8500913407536003   0.0439726099418505
 101.7882084775343058 104.4602812308989588 124.1682350815636849  -0.2737273900581494
 102.4344948153353851 102.1812715133899366 121.6983630245286316  -0.0536273900581495
 101.5104187358478846 100.4030392213700338 122.1689048318750143   0.0683726099418505
 101.6975016231060957 102.8615729216015863 119.9012334711695067   0.0683726099418505
 104.4621709570328891 101.8789153319625293 121.5434054815470740   0.0683726099418505
 105.1802668879229561 109.4302609631118561 117.2896319540903406   0.5972726104906286
 103.3113277414748433 109.4586068551206758 115.9025729717921383  -0.5679273917044839
 107.0586546650406801 111.1083377700339242 117.0382983782788090  -0.4157273900581494
 108.5855533812490512 110.9798363929272830 118.1910313199707715   0.2718726099418505
 105.2898710036903883 114.0166262901387337 115.0673140205989446   0.0778726099418505
 107.2155019341561410 111.7848597259777401 112.4103590763056667   0.5972726104906286
 105.6715956827424778 112.4443741467162506 110.8022021363386831  -0.5679273917044839
 108.7688568162394151 109.8100959160300287 112.0815467290033699  -0.4157273900581494
 110.0765473009129218 109.4472684983171479 113.4383700931588355   0.2718726099418505
 109.0787719022025033 108.5175232404278837 109.6570280991824014  -0.0275273900581495
 109.9234794840652945 109.8289931773692374 108.3096533656965470   0.1122726099418506
 110.7171644603122235 106.1345785855531932 110.0349733259666571  -0.0050273900581495
 110.1672541553411453 105.2199511367353039 111.7980878089151849   0.0338726099418505
 110.2333945700283827 104.8231086486118395 108.5194129665618138   0.0338726099418505
 113.5441947566584207 106.2838669501329733 109.9556048283419615  -0.1415273900581494
 114.9501510002958315 108.2132773328665729 109.0504260101936834  -0.1638273900581494
 114.2320550694057511 110.0104068862256844 108.3984704939908537   0.2061726099418505
 117.4521484016075654 107.4857327713068813 108.9162554546852784  -0.3418273900581494
 118.8278690271022396 108.6460246175345381 108.1962697976612811   0.3411726099418505
 117.7904093795794733 105.0196401665396482 109.6815945389233741   0.1379726099418505
 119.8709978530267699 103.3661297993585528 109.6986020741286661  -0.2601273900581494
 121.6246637053057000 103.9387168179367002 108.9086965501495842   0.1571726099418505
 119.6139950988134744 100.9227139081983754 110.7114952819104596  -0.1134273900581494
 121.1900266945038045  99.6603768507389805 110.7228336387139875   0.1416726099418505
 117.2820730495546597 100.1422570148889047 111.7149398590226421  -0.1972273900581494
 117.1157771497695877  98.2941048559139175 112.5048453830017240   0.1446726099418505
 115.1712489579646131 101.7617523116594162 111.6506891704693216  -0.2387273900581495
 113.4138036534178492 101.1419221397332401 112.4103590763056667   0.1699726099418505
 115.3488832145532128 104.2694188913729140 110.5433096559914708   0.1242726099418505
 106.5465388827480193 107.6539183972258835 108.5364205017671059   0.5972726104906286
 106.2309546183831807 107.6690362062972452 106.2328443445170976  -0.5679273917044839
 104.7229531635140183 106.9282635618001222 110.1313493587966447  -0.4157273900581494
 105.0517655108163151 107.1266848058618478 112.0021782313786744   0.2718726099418505
 102.1963893224612983 106.2215059877135697 109.2923109553356040   0.0336726099418505
 102.3834722097195092 104.8155497440761587 107.7994273095378165   0.0822726099418505
 100.7809844481542897 104.9912942745308283 111.5032905320234719  -0.1825273900581494
  98.9309425630453722 104.3468976628636927 110.8683425510259205   0.0602726099418505
 101.8467899876858757 103.3736887038942471 112.2062686538421772   0.0602726099418505
 100.5258714200749110 106.3443381864184467 113.0377481527675239   0.0602726099418505
 100.7583077345472337 108.4702800870798551 108.1471369181793221   0.5972726104906286
  99.9419460446932489 108.3115430918304773 105.9720621380359684  -0.5679273917044839
 100.4483926485841456 110.5527582866610818 109.5474239834149692  -0.4157273900581494
 101.4008146200804524 110.6850391160355700 111.2047138028639116   0.2718726099418505
  99.0764514753573184 112.7901940292238393 108.6101198209900239  -0.0875273900581495
  97.2623143867929151 112.1325693346192457 107.8958033423677905   0.0968726099418505
  98.4037089716813497 114.6459050927345075 110.7587384352584882   0.2984726099418505
  97.2982191833374157 113.6046659929438939 112.1533563220923712  -0.0297273900581495
 100.6959467721278301 115.7457257026766774 112.1306796084853288  -0.3192273900581494
 100.0723371479338202 117.0931004361625319 113.5555331134619486   0.0790726099418505
 101.7012810753739293 114.2282756171379173 113.0812118538477187   0.0790726099418505
 101.9393865682480161 116.7000374003069145 110.8022021363386831   0.0790726099418505
  96.7464191522324073 116.8209798728778747 109.8082061898960984  -0.3192273900581494
  96.1265889803062444 117.9774922668376710 111.3993555946578034   0.0790726099418505
  97.7895479781569376 118.0077278849804210 108.4872876222851469   0.0790726099418505
  95.0815704282477838 116.0537510625058353 108.8652328490694028   0.0790726099418505
 100.4408337440484649 113.9882803981299138 106.3500073648202106   0.5972726104906286
  99.2125117569996404 114.5325215246992281 104.4470531479615140  -0.5679273917044839
 102.9522797760297964 114.1167817752365547 106.4010299704360863  -0.4157273900581494
 103.8687969509816158 113.6235632542831161 108.0186355410726812   0.2718726099418505
 103.8574585941780879 117.0080627601360724 103.8744661293833798   0.0863726099418505
 104.2070579289535104 113.5536433873280317 101.8978125933017380   0.5972726104906286
 103.7062805034643776 114.5948824871186316  99.8739159038720812  -0.5679273917044839
 104.3525668412654433 111.0327487246770756 102.0603290408189764  -0.4157273900581494
 104.7872038520673387 110.2333945700283827 103.7516339306784893   0.2718726099418505
 103.9047017475261166 109.3943561665673554  99.8833645345416922   0.0336726099418505
 105.1613696265837474 109.9877301726186286  98.3602452706011549   0.0822726099418505
 104.5226421933183623 106.6655916291850627 100.6430344403780375  -0.1825273900581494
 104.2127271073552744 105.3994751194578208  99.0499953094824154   0.0602726099418505
 106.4917368248643098 106.5200827168731297 101.2307392680275467   0.0602726099418505
 103.3113277414748433 106.0722176231337895 102.2039482269969925   0.0602726099418505
 101.1778269362777407 109.6022260412986919  98.8836994096973435   0.5972726104906286
 100.7772049958864424 109.4340404153796897  96.5933513353847934  -0.5679273917044839
  99.2824316239547248 110.0009582555560734 100.5220919678070772  -0.4157273900581494
  99.6925021950156477 110.0708781225111579 102.3985900187908709   0.2718726099418505
  96.6746095591434060 110.4866178719738310  99.6509282200693695  -0.0389273900581495
  96.2002882995291627 109.0371979272562386  98.2714281423068615   0.1006726099418505
  94.6223669777049291 110.3089836153852312 101.7069502537756935   0.3653726099418505
  92.8214579720779705 110.7020466512408620 100.7809844481542897   0.0042726099418505
  94.3596950450898696 107.6803745631007731 102.8615729216015863  -0.2438273900581494
  92.9990922286665705 107.7370663471184129 104.4054791730152493   0.0641726099418505
  93.6737244584764561 106.3783532568290306 101.4272707859553554   0.0641726099418505
  96.1643835029846619 107.0114115116926514 103.5739996740898894   0.0641726099418505
  94.8377957569719465 112.0891056335390507 103.6703757069198768  -0.6761273884118151
  96.5234314684297090 112.8128707428308953 103.7119496818661415   0.4101726099418505
  96.4232759833318743 113.0131817130265510  98.2752075945747087   0.5972726104906286
  95.0910190589173950 113.1095577458565252  96.3646944731803178  -0.5679273917044839
  97.7441945509428256 114.9879455229742490  99.1501507945802501  -0.4157273900581494
  98.8081103643404950 114.7536194823680228 100.7337412948062476   0.2718726099418505
  97.8556883928441884 117.4653764845450102  97.9293877120671198  -0.0252273900581495
  95.9621828066550893 118.2703998175954671  97.8216733224336045   0.0697726099418505
  99.0537747617502626 118.7220443636026544  99.0386569526788875   0.0697726099418505
  98.9385014675810663 117.2858525018224934  95.2629841371042310   0.5972726104906286
  97.6459287919789213 117.9982792543108100  93.4601854053433554  -0.5679273917044839
 101.1683783056081431 116.1123325726574052  94.9965327522213377  -0.4157273900581494
 102.1226900032383666 115.6210037778378701  96.5876821569830295   0.2718726099418505
 102.3570160438446062 115.6512393959806201  92.5323298735880215  -0.0518273900581495
 102.7595277103698347 117.4597073061432463  91.6233716031718961   0.0921726099418505
 104.8798004326294791 114.2452831523432093  92.8970470174348189  -0.1102273900581495
 104.4886271229077787 112.4576022296536954  93.8456895366632921   0.0456726099418505
 105.6545881475371860 113.8125358676752307  91.0318873232545397   0.0456726099418505
 106.8980279436573720 115.6909236447929545  94.4201662813753564   0.3530726099418505
 106.1251299548835820 116.3031949121834499  96.2191855608683848  -0.0361273900581495
 109.1146766987470040 113.9183605311748293  94.9492895988732956  -0.4121273900581494
 110.5338610253218597 114.9123564776174006  96.0604485656189936   0.0999726099418505
 108.4324855644014376 112.2894166037347066  96.0037567816013540   0.0999726099418505
 109.9404870192705866 113.2890817285790553  93.1691675807194762   0.0999726099418505
 107.9203697821087768 118.0077278849804210  93.0520045604163631  -0.4121273900581494
 109.3527821916210772 118.9525909519410470  94.1877299669030336   0.0999726099418505
 108.6913780447486498 117.4615970322771766  91.2340880195841260   0.0999726099418505
 106.3859121613647112 119.3267567264574556  92.7137435824444550   0.0999726099418505
 100.6316960835745095 114.1829221899238055  90.7408694986306739   0.5972726104906286
 100.1498159194245855 115.0219605933848329  88.6319351331745574  -0.5679273917044839
  99.6188028757927160 112.0154063143161327  91.5685695452881868  -0.4157273900581494
 100.0609987911302921 111.4088042253274012  93.3316840282367144   0.2718726099418505
  98.0352123755667050 110.4431541708936496  89.9188386303749250  -0.0597273900581495
  99.1161357241696662 110.0425322305023379  88.2124159314440370   0.0868726099418505
  97.3756979548281946 107.9033622469034848  91.2133010321109869   0.1302726099418505
  96.7124040818218234 108.3266609009018390  93.1200347012375306   0.0186726099418505
  95.2270793405597302 106.4709498373911708  89.8678160247590493  -0.3204273900581494
  94.9700765863464347 104.6171285000144196  90.7295311418271460   0.0881726099418505
  93.4582956792094387 107.5121889371817843  90.0360016506780515   0.0881726099418505
  95.6598266252276954 106.2460724274545424  87.8647063228025314   0.0881726099418505
  99.7265172654262313 106.1761525604994577  91.4589654295207544  -0.0430273900581495
 101.2515262555006723 107.2419581000310440  92.3357983556602128   0.0235726099418505
  99.2597549103476825 104.6209079522822667  92.7288613915158301   0.0235726099418505
 100.7677563652168315 105.0423168801467040  88.9966522770213550  -0.0660273900581495
 101.2855413259112562 106.5314210736766576  87.6719542571425565   0.0185726099418505
 102.4552818028085105 103.9368270918027701  89.4256201094214864   0.0185726099418505
  99.3788076567847123 103.7950976317586842  88.1273782554175775   0.0185726099418505
  95.7070697785757240 111.9114713769504508  89.0457851565033138   0.5972726104906286
  95.1155854986583677 111.8264337009240046  86.7989007832709453  -0.5679273917044839
  94.4088279245718285 113.2739639195076804  90.7389797724967570  -0.4157273900581494
  95.0551142623728942 113.3892372136768765  92.5436682303915494   0.2718726099418505
  92.2224147876249333 114.8046420879838985  90.0057660325353015  -0.0275273900581495
  90.8712606018712452 115.8666681752476377  92.3376880817941295  -0.0050273900581495
  90.3761523547838763 114.3076441147625995  93.5924662347178436   0.0338726099418505
  92.1676127297412238 117.1025490668321429  93.3600299202455343   0.0338726099418505
  91.9824195686169298 121.6397815143770617  90.8920475893443709   0.1699726099418505
  92.9329518139793197 116.9135764534400151  88.1538344212924805   0.5972726104906286
  95.1023574157209229 118.1551265234262709  88.5034337560679164  -0.4157273900581494
  96.1946191211274121 117.6997025251512498  90.0189941154727597   0.2718726099418505
  96.0642280178868408 120.0958752629633985  86.7837829741995702  -0.0518273900581495
  94.6166977993031651 121.5452952076810044  86.5551261119950946   0.0921726099418505
  98.3904808887439049 121.3090794409408479  88.0517892100607291  -0.1102273900581495
  97.8084452394961597 121.8797767333850518  89.9434050701158977   0.0456726099418505
  99.8625775470685533 119.8861156620981450  88.2842255245330518   0.0456726099418505
  99.5696699963107570 123.6410014901996627  86.7705548912621254   0.3530726099418505
  98.1126911470574703 125.0677447213102260  86.4663089837008012  -0.0361273900581495
 101.5501029846602324 124.7294837433383181  88.5657947184873066  -0.4121273900581494
 102.3853619358534261 126.4434653468048869  87.8155734433205726   0.0999726099418505
 100.6997262243956638 125.1622310280062833  90.3893804377213211   0.0999726099418505
 103.0467660827258669 123.3424247610401024  88.8492536385755051   0.0999726099418505
 100.8698015764485829 123.0646350193536948  84.2515499547450997  -0.4121273900581494
 102.2020585008630622 124.5499597606158013  83.7734492428630228   0.0999726099418505
 101.9337173898462522 121.3071897148069175  84.4065074977266303   0.0999726099418505
  99.4846323202843109 122.9002288457025397  82.7454382260098540   0.0999726099418505
  96.6046896921883213 118.9847162962177005  84.1608431003168762   0.5972726104906286
  98.1164705993253175 116.9759374158594188  84.0417903538798328  -0.5163273900581494
  98.9252733846436081 116.3806736836742152  85.6858520903913304   0.2935726099418505
  98.9762959902594839 115.8118661173639148  81.6871915910139488   0.0380726099418505
  99.9419460446932489 117.2442785268762288  80.5684737197325700   0.0879726099418505
 100.8546837673772077 113.6689166814972280  82.2503299789224853  -0.0303273900581495
  99.9192693310861930 112.2289453674492332  83.3936142899448502  -0.0122273900581495
 101.4083735246161332 112.7977529337595202  80.4645387823669017  -0.0122273900581495
 103.2470770529215228 114.5174037156278664  83.6128225214797147   0.7993726088442942
 104.4735093138364036 112.8563344439110767  84.7561068325020662  -0.8014273889605932
 103.9462757224723811 116.7623983627263047  83.3520403149985721  -0.8014273889605932
  95.5899067582726110 112.6503542953136704  83.0836992039817621   0.2718726099418505
  91.3512510398872390  96.1511554200472171  92.0202140912953607   0.0822726099418505
  91.3701483012264478  99.5602213656411595  89.8338009543484655  -0.1825273900581494
  93.3694785509151319  99.9324974140236378  90.1645030277846927   0.0602726099418505
  90.7011852498183261  99.1973939479282787  94.5864621811604151   0.5972726104906286
  92.3849312351421581  98.4641802079668232  96.0094259600031179  -0.5679273917044839
  89.0722413223782034 102.2946550814252026  97.7064000282644082  -0.0597273900581495
  90.9714160869690665 103.0392071781901862  97.9974178528882741   0.0868726099418505
  87.4886508221521925 106.1496963946245547 100.0817857786034178  -0.3204273900581494
  89.4180612048857921 106.8356669812379684 100.2839864749329904   0.0881726099418505
  90.1323776835080257 107.3477827635306292  94.8245676740345017  -0.0660273900581495
  91.4910907737974079 105.8322224041257859  94.5146525880714137   0.0185726099418505
  90.0794653517582331 108.5420896801688698  93.1464908671124202   0.0185726099418505
  90.7427592247645908 108.5005157052225917  96.4194965310640405   0.0185726099418505
  89.7657708135273112 100.6165782745031345 101.8732461535607653  -0.5679273917044839
  91.7839983245552042  92.3509161647315743 100.0118659116483334  -0.0275273900581495
  91.3247948740123360  90.9865338960404414 101.4877420222408288   0.1122726099418506
  91.8803743573851916  90.8996064938800517  97.5079787842026691  -0.0050273900581495
  91.8803743573851916  92.2356428705623781  95.9413958191819636   0.0338726099418505
  93.6586066494050810  89.8583673940894516  97.4342794649797511   0.0338726099418505
  93.0501148342824462  80.6100476946788347  96.7445294260984904   0.1446726099418505
  91.9370661414028315  84.5331191486993545  96.9164945042853264  -0.2387273900581495
  93.8419100843954449  85.2379869966519902  97.0903493086060791   0.1699726099418505
  94.3615847712237865  93.4564059530755083 100.7431899254758586   0.5972726104906286
  95.8733656783607961  92.0939134105182923 101.8656872490250845  -0.5679273917044839
  94.8642519228468495  95.8809245828964768 100.2140666079779060  -0.4157273900581494
  93.6000251392535244  96.8957075168121873  99.1917247695265148   0.2718726099418505
  97.2660938390607487  97.0809006779364681 100.9491700740732784  -0.0389273900581495
  98.7703158416620775  95.8469095124858931 100.3180015453435743   0.1006726099418505
  97.7196281112018529  99.6112439712570351  99.5904569837838961   0.3653726099418505
  97.4342794649797511  99.3334542295706005  97.5684500204881560   0.0042726099418505
  96.0963533621634944 101.8241132740788200 100.4597310053876736  -0.2438273900581494
  96.4005992697248184 103.4284907617779564  99.2068425785978765   0.0641726099418505
  94.1215895522157964 101.2893207781791032 100.3765830554951308   0.0641726099418505
  96.5895718831169462 102.3740235790498982 102.3834722097195092   0.0641726099418505
 100.2272946909153508 100.3539063418880750  99.9929686503091246  -0.6761273884118151
 100.4616207315215904 102.0319831488101565  99.3391234079723645   0.4101726099418505
  97.5552219375507112  97.2377479470519424 103.8196640714996570   0.5972726104906286
  99.3958151919900043  96.2796567971538583 104.8646826235581040  -0.5679273917044839
  95.6277012809510284  98.1769418356108044 105.1670388049855113  -0.4157273900581494
  94.1196998260818660  98.9082658494383296 104.2543010823015389   0.2718726099418505
  95.6995108740400432  98.2714281423068615 107.9487156741175965  -0.0875273900581495
  97.4512870001850429  99.2106220308657235 108.4929568006869108   0.0968726099418505
  93.5187669154949119  99.8436802857293446 109.0731027238007393   0.2984726099418505
  93.8778148809399456 100.0534398865945981 111.0913302348286322  -0.0297273900581495
  93.4431778701380635 102.4987455038887056 107.9090314253052487  -0.3192273900581494
  92.1128106718575011 103.6760448853216408 108.9521602512297790   0.0790726099418505
  95.3064478381844124 103.3699092516263998 108.0205252672065979   0.0790726099418505
  92.8516935902207072 102.4212667323979269 105.9361573414914542   0.0790726099418505
  90.8996064938800517  98.6418144645554231 108.7669670901054984  -0.3192273900581494
  90.4725283876138505  98.3640247228690019 106.7714162926846479   0.0790726099418505
  90.8107893655857584  96.8371260066606308 109.7515144058784721   0.0790726099418505
  95.8110047159413923  95.6163629241475006 109.0938897112738650   0.5972726104906286
  97.1432616403558717  95.2289690666936471 110.9514905009184633  -0.5679273917044839
  94.5732340982229703  93.7417545992976236 107.9279286866444575  -0.4157273900581494
  93.5149874632270649  94.1556046226263800 106.3953607920343224   0.2718726099418505
  94.7300813673384312  91.1169249992809993 108.7612979117037343   0.0336726099418505
  94.1404868135550051  91.0299975971206230 110.7360617216514323   0.0822726099418505
  92.8951572913009022  89.5012091547783350 107.2022738512186962  -0.1825273900581494
  92.8913778390330550  87.5755782243125823 107.9392670434479855   0.0602726099418505
  90.9903133483082752  90.2778865958199719 107.3364444067271013   0.0602726099418505
  93.4771929405486474  89.4558557275642232 105.2293997674049151   0.0602726099418505
  97.4550664524528767  90.1040317914992058 108.6441348914006078   0.5972726104906286
  98.3791425319403770  89.1100358450566343 110.5357507514557900  -0.5679273917044839
  98.7948822814030502  90.4309544126675858 106.5144135384713658  -0.4157273900581494
  98.0106459358257324  91.3474715876193918 105.0234196188074952   0.2718726099418505
 101.4253810598214250  89.5749084740012666 106.3500073648202106  -0.0014273900581495
 101.4518372256963280  87.6530569958033476 107.0888902831834167   0.0875726099418505
 102.3362290563714807  89.3897153128769724 103.5853380308934173  -0.0152273900581495
 103.5494332343489167  87.7475433024994049 103.4946311764652072   0.0294726099418505
 100.7242926641366499  89.0004317292892021 102.3683544006481343   0.0294726099418505
 103.8744661293833798  91.5515620100828948 102.4798482425494834  -0.0011273900581495
 102.7897633285125715  93.0349970252110711 100.5485481336819668  -0.1906273900581494
 100.9416111695375842  92.5739038485342860  99.8909234390773730   0.1698726099418505
 104.0691079211772583  95.1288135815958259  99.5186473906948813  -0.2341273900581494
 103.2111722563770086  96.3061129630287613  98.1296986822627623   0.1655726099418506
 106.6901580689260354  95.7580923841915997 100.5013049803339382   0.3225726099418506
 107.9921793751977781  97.7971068826926316  99.6509282200693695  -0.5579273917044839
 109.1184561510148511  98.4074884239491968 100.9359419911358202   0.3991726099418505
 107.8428910106179979  93.9760806399038500 102.4288256369336211  -0.2341273900581494
 109.7004918002625963  94.2992238088043963 103.1318037587523264   0.1655726099418506
 106.3840224352307945  91.9427353198045954 103.3151071937426769  -0.1906273900581494
 107.1852663160134044  90.7030749759522430 104.6927175453712816   0.1698726099418505
 103.2055030779752447  91.0847996550043457 108.0583197898850290   0.5972726104906286
 104.9818456438612305  89.9774201405264816 109.0617643669972114  -0.5679273917044839
 102.7198434615574869  93.5263258200305928 108.4910670745529941  -0.4157273900581494
 101.3290050269914510  94.3861512109647726 107.4876224974408116   0.2718726099418505
 104.2259551902927326  95.0437759055693663 110.2560712836354386  -0.0237273900581495
 106.2139470831778888  94.8075601388292099 109.7723013933515976   0.0879726099418505
 103.5815585786255836  97.8651370235137859 110.0349733259666571   0.0341726099418505
 101.5482132585263157  98.1240295038609984 110.2485123790997578   0.0240726099418505
 104.4999654797113066  98.8742507790277458 111.5788795773803203   0.0240726099418505
 104.4281558866223052  99.0745617492233883 107.5310861985209931   0.0017726099418505
 103.2943202062695515  98.3054432127174454 106.0004080300447881   0.0439726099418505
 104.0180853155613824 101.0852303557156003 107.6406903142884253   0.0439726099418505
 107.7200588119131209  98.7344110451175635 106.6107895713013398  -0.2737273900581494
 109.3357746564157854  99.4808528680164639 109.5228575436739963  -0.0536273900581495
 111.3388843583723167  99.6925021950156477 109.1090075203452399   0.0683726099418505
 108.5874431073829816 101.2269598157596996 110.3127630676530783   0.0683726099418505
 109.0825513544703369  97.9539541518080927 110.8815706339633787   0.0683726099418505
 103.9651729838115898  94.1348176351532412 112.9961741778212592   0.5972726104906286
 105.8832450097416616  93.8022258355830970 114.2698495920841820  -0.5679273917044839
 101.6597071004276648  93.5867970563160796 113.8919043652999263  -0.4157273900581494
 100.1309186580853768  93.9080504990826957 112.7769659462863945   0.2718726099418505
 101.2855413259112562  92.5285504213201742 116.4335860154240078  -0.0518273900581495
 102.3173317950322586  93.6945114459495951 117.7828504750437926   0.0921726099418505
  98.4717391125025174  92.5455579565254663 117.1686894815193803  -0.1102273900581495
  97.4172719297744591  91.4098325500387956 115.8080866650960812   0.0456726099418505
  98.3111123911192093  91.6252613293058130 119.0092827359586734   0.0456726099418505
  97.2282993163823312  95.1741670088099242 117.3557723687775780   0.3530726099418505
  97.0090910848474668  95.9810800679942980 115.4849434961955483  -0.0361273900581495
  94.6015799902317900  94.8888183625878224 118.5274025718087626  -0.4121273900581494
  93.6623861016729282  96.7199629863575177 118.5746457251567913   0.0999726099418505
  93.4771929405486474  93.5924662347178436 117.3878977130542449   0.0999726099418505
  94.7603169854811812  94.1556046226263800 120.4454745977388344   0.0999726099418505
  98.7287418667157994  97.0601136904633425 118.9507012258071168  -0.4121273900581494
  97.6591568749163795  98.8062206382065783 119.1661300050741477   0.0999726099418505
  99.1123562719018192  96.2664287142164135 120.8139711938534791   0.0999726099418505
 100.5069741587357021  97.5193171410061972 118.0190662417839491   0.0999726099418505
 102.4061489233265652  89.8659262986251324 116.6830298651016225   0.5972726104906286
 103.6628168023841960  89.3216851720558181 118.5614176422193465  -0.5679273917044839
 102.1170208248366027  88.2445412757207040 114.7649578391715507  -0.4157273900581494
 101.0096413103587519  88.7490981534776705 113.2815228240433612   0.2718726099418505
 103.4058140481709006  85.7860075754891517 114.7044866028860641  -0.0024273900581495
 102.9163749794852956  84.7277609404932463 116.4033503972812712   0.0977726099418505
 102.5818934537812348  84.2666677638164612 112.3650056490915550  -0.0343273900581495
 103.1525907462254521  85.3343630294819644 110.6982671989730148   0.0294726099418505
 103.6363606365092929  82.4959943763322527 112.3555570184219574   0.0294726099418505
  99.7983268585152327  83.6071533430779507 112.0588700153963141   0.0117726099418505
  98.0975733379861088  83.6241608782832426 114.1167817752365547  -0.1256273900581494
  98.7268521405818827  84.1268280299062924 115.9649339342115421   0.1329726099418505
  95.5351047003888880  83.0156690631605944 113.7407262745862294  -0.1704273900581494
  94.2576498338581182  83.0610224903747061 115.2997503350712675   0.1429726099418505
  94.6563820481155129  82.3769416298952093 111.3124281924974271  -0.1072273900581494
  92.7099641301766214  81.9290765361558692 111.0327487246770756   0.1296726099418505
  96.3439074857071787  82.3391471072167919 109.2582958849250201  -0.1704273900581494
  95.6843930649686681  81.8629361214686319 107.4120334520839631   0.1429726099418505
  98.9044863971704826  82.9495286484733570 109.6362411117092758  -0.1256273900581494
 100.1687131807637942  82.9381902916698291 108.0677684205546265   0.1329726099418505
 106.2952053069365011  86.0770254001130177 114.7328324948948838   0.5972726104906286
 107.5915574348064799  84.6124876463240501 115.9857209216846810  -0.5679273917044839
 107.3118779669861284  88.0064357828466174 113.4667159851676418  -0.4157273900581494
 106.1610347514280828  89.1062563927887873 112.4009104456360558   0.2718726099418505
 109.9877301726186286  88.6716193819869052 113.5441947566584207  -0.0252273900581495
 111.1121172223017712  87.0672418942877554 112.9035775972591188   0.0697726099418505
 110.3089836153852312  90.2533201560789858 112.2648501639937339   0.0697726099418505
 110.8910192646329764  89.4482968230285424 116.1765832612107257   0.5972726104906286
 112.8431063609736319  88.5204412912732083 117.0099524862699891  -0.5679273917044839
 109.4397095937814537  90.9865338960404414 117.5636422435089280  -0.4157273900581494
 107.8693471764929009  91.7329757189393285 116.7529497320567071   0.2718726099418505
 110.0274144214309628  91.6460483167789521 120.1998102003290668  -0.0518273900581495
 111.9454864473610346  92.4019387703474502 120.2583917104806233   0.0921726099418505
 108.1565855488489333  93.7190778856905678 121.0501869605936356  -0.1102273900581495
 107.9449362218497495  95.0381067271676024 119.4779348171711525   0.0456726099418505
 106.3065436637400292  92.8743703038277631 121.3884479385655435   0.0456726099418505
 108.9408218944262511  95.2894403029791206 123.3802192837185469   0.3530726099418505
 110.8078713147404472  96.0944636360295775 123.0532966625501668  -0.0361273900581495
 107.0510957605049992  97.4550664524528767 123.7033624526190662  -0.4121273900581494
 107.6576978494937173  98.7003959747069796 125.2283714426935207   0.0999726099418505
 106.9547197276750118  98.5511076101272130 121.9667041355454416   0.0999726099418505
 105.1783771617890394  96.7124040818218234 124.1304405588852675   0.0999726099418505
 108.9653883341672238  93.8400203582615281 125.8841064111641841  -0.4121273900581494
 109.2545164326571729  95.1590491997385625 127.4374612932474583   0.0999726099418505
 107.1833765898794874  92.8422449595511096 126.1373297131096324   0.0999726099418505
 110.5357507514557900  92.5172120645166463 125.9181214815747680   0.0999726099418505
 109.9612740067437256  89.3046776368505263 121.9119020776617321   0.5972726104906286
 111.7262782158261702  88.8322461033702133 123.3424247610401024  -0.5679273917044839
 107.9808410183942501  87.7551022070350992 121.7418267256088130  -0.4157273900581494
 106.5257518952748937  88.2426515495867738 120.5853143316490033   0.2718726099418505
 107.7484047039219408  85.4571952281868548 123.2800637986206988  -0.0275273900581495
 108.0450917069475707  85.9447445707385295 125.2586070608362707   0.1122726099418506
 105.0631038676198430  84.4178458545301582 123.0098329614699585  -0.0050273900581495
 104.7342915203175461  83.9038403461035807 121.0407383299240378   0.0338726099418505
 104.9081463246382991  82.7114231555992704 124.1512275463583931   0.0338726099418505
 103.0165304645831303  86.1941884204161442 123.8413124603953318  -0.1415273900581494
 103.3321147289479689  88.2237542882475649 125.3568728198001616  -0.1638273900581494
 105.1197956516374827  88.8171282942988382 126.1354399869757291   0.2061726099418505
 101.0531050114389467  89.4105023003501115 125.7688331169950012  -0.3418273900581494
 100.8660221241807358  90.9241729336210378 126.9177866064191300   0.3411726099418505
  99.1350329855088751  88.2294234666493290 124.4724809891250091   0.1379726099418505
  96.1776115859221201  85.0357863003224175 121.5056109588686565  -0.1972273900581494
  98.7816541984656054  84.5520164100385767 121.7645034392158690  -0.2387273900581495
  99.6301412325962439  82.9495286484733570 120.8290890029248406   0.1699726099418505
 100.3274501760131854  86.1412760886663516 123.2441590020762115   0.1242726099418505
 109.7628527626820000  83.4843211443730603 122.6432260914892576   0.5972726104906286
 110.6359062365536112  82.1312772324854553 124.3175234461434786  -0.5679273917044839
 110.6170089752144025  83.3992834683466142 120.2716197934180815  -0.4157273900581494
 109.7439555013427779  84.4858759953513259 118.9544806780749639   0.2718726099418505
 112.9073570495269526  82.0424601041911485 119.5365163273227091  -0.0249273900581495
 112.7807453985542283  80.1149394475914792 120.2489430798110258   0.0842726099418505
 113.1133371981243722  81.9385251668254802 116.6546839730928026   0.2116726099418505
 111.4428192957379850  81.0295668964093551 115.8685579013815545   0.0351726099418505
 113.2418385752310134  83.8509280143537881 115.9006832456582214   0.0351726099418505
 115.2940811566695035  80.5817018026700282 115.9441469467384030  -0.6546273911557058
 115.0408578547240550  78.8053592367840424 116.2975257337816860   0.4274726099418505
 115.2827427998659756  83.2443259253650700 120.6779109122111437   0.5972726104906286
 116.8323182296814026  81.8761642044060766 121.7134808335999933  -0.5679273917044839
 115.5454147324810217  85.7519925050785678 120.6949184474164357  -0.4157273900581494
 114.2528420568788902  86.8291364014136820 119.7765115463307128   0.2718726099418505
 117.6619080024728323  87.0748007988234496 121.9024534469921077   0.0336726099418505
 119.4155738547517490  86.2867850009782846 121.1654602547628184   0.0822726099418505
 117.6014367661873454  89.8772646554286603 121.1635705286289149  -0.1825273900581494
 119.2908519299129416  90.8145688178536056 121.8816664595189821   0.0602726099418505
 117.5730908741785255  90.0643475426868580 119.1094382210565078   0.0602726099418505
 115.9441469467384030  90.8013407349161474 121.9553657787419137   0.0602726099418505
 117.8055271886508484  86.6874069413695828 124.7823960750880973   0.5972726104906286
 119.8558800439553950  86.8990562683687664 125.8463118884857666  -0.5679273917044839
 115.7646229640158862  85.9126192264618759 126.0655201200206311  -0.4157273900581494
 114.0695386218885261  85.9258473093993207 125.1792385632115751   0.2718726099418505
 115.9857209216846810  84.9337410890906662 128.6563346496266582  -0.0518273900581495
 116.9419223454488350  86.3472562372637578 129.8128470435864813   0.0921726099418505
 113.3930166659447238  84.3724924273160598 129.8222956742560791  -0.1102273900581495
 112.4538227773858618  82.9117341257949261 128.7168058859121584   0.0456726099418505
 111.5732103989785563  86.6118178960127342 130.1416593908887648   0.3530726099418505
 110.8362172067492669  87.1900740929926458 128.3105147671190829  -0.0361273900581495
 112.7920837553577562  88.9078351487270617 131.4058861744821033  -0.4121273900581494
 111.3823480594525116  90.3742626286499461 131.7139115343112611   0.0999726099418505
 114.2679598659502651  89.6826228636347685 130.1983511749064044   0.0999726099418505
 117.5919881355177345  82.5205608160732256 128.8301894539474379   0.5972726104906286
 117.7866299273116262  81.0446847054807302 126.7949544077142262  -0.4157273900581494
 116.8965689182347232  81.6682943296747399 125.2189228120239229   0.2718726099418505
 119.6914738703042532  79.0812592523365466 126.3697660275819553   0.0336726099418505
 118.9714882132802557  77.9379749413141951 124.8239700500343752   0.0822726099418505
 122.1027644171877769  80.3360374052602607 125.3795495334072176  -0.1825273900581494
 123.4633672336110761  78.8979558173461827 124.8069625148290834   0.0602726099418505
 121.6397815143770617  81.5019984298896680 123.7449364275653444   0.0602726099418505
 122.9323541899791932  81.5190059650949599 126.8478667394640322   0.0602726099418505
 110.7700767920620161  71.3333821032594113 121.8571000197779960   0.5972726104906286
 109.6343513855753455  72.5182403892280408 120.2130382832665116  -0.5679273917044839
 113.2342796706953326  71.6621944505617080 122.3219726487226415  -0.4157273900581494
 114.0279646469422616  70.6398526121103168 123.7241494400921919   0.2718726099418505
 114.8518852413319272  73.3894041369657350 120.8706629778711188  -0.0014273900581495
 114.2112680819326254  75.3244836981010987 121.1843575161020405   0.0875726099418505
 117.5976573139194984  73.1758650838326345 121.8060774141621201  -0.0152273900581495
 117.7526148569010424  74.1150589723914965 123.6315528595300649   0.0294726099418505
 118.0360737769892409  71.2011012738849231 122.1178822262591386   0.0294726099418505
 119.5837594806707377  74.2322219926946096 120.0183964914726332  -0.0011273900581495
 119.6366718124205303  76.8287057007024140 119.4930526262425142  -0.1906273900581494
 118.2722895437293974  78.0475790570816273 120.3642163739802219   0.1698726099418505
 121.4300219135117948  77.8434886346181244 117.8168655454543629  -0.2341273900581494
 121.4640369839223784  79.8484880627085726 117.4200230573309119   0.1655726099418506
 123.1723494089872102  76.2353316946511407 116.6055510936108438   0.3225726099418506
 124.8844412863198487  77.2123201058884338 114.9633790832332763  -0.5579273917044839
 125.9011139463694759  75.9443138700272749 114.1715838331202776   0.3991726099418505
 123.1137678988356402  73.6142815469023636 117.1025490668321429  -0.2341273900581494
 124.4422453709822859  72.3765109291839416 116.1765832612107257   0.1655726099418506
 121.3430945113514317  72.6278445049954730 118.8316484793700868  -0.1906273900581494
 121.3430945113514317  70.6398526121103168 119.2492779549666769   0.1698726099418505
 114.6553537234041185  72.8810678069409215 118.0209559679178658   0.5972726104906286
 113.9429269709158020  74.5761521490682814 116.5923230106733990  -0.5679273917044839
 115.1296749830183484  70.5264690440750375 117.2272709916709368  -0.4157273900581494
 115.6304524085074813  69.2244477378032948 118.5387409286122905   0.2718726099418505
 114.9407023696262205  69.7082176280871356 114.5873235825829510  -0.0275273900581495
 116.0915455851842661  70.9573266026090858 113.4175831056856964   0.1122726099418506
 115.9857209216846810  67.0096887088475932 114.3246516499678915  -0.0050273900581495
 115.1825873147681410  65.8191612444771996 115.8061969389621509   0.0338726099418505
 115.3394345838836018  66.2462393507434009 112.5218529182070159   0.0338726099418505
 118.8146409441647948  66.7678037637056726 114.3643358987802393  -0.1415273900581494
 120.2905170547572903  66.7262297887594081 116.4468140983614660  -0.1638273900581494
 119.6121053726795576  66.8415030829286043 118.3535477674880099   0.2061726099418505
 122.8038528128725521  66.5750516980456978 115.7854099514890252  -0.3418273900581494
 123.0873117329607506  66.4314325118676951 113.2097132309543599   0.1379726099418505
 125.2170330858899928  66.1952167451275386 111.6563583488710855  -0.2601273900581494
 124.8731029295163208  66.0327002976103002 109.0296390227205445  -0.1134273900581494
 122.4202384076865324  66.1120687952349958 108.0072971842691531  -0.1972273900581494
 122.1726842841428479  66.0024646794675635 105.9815107687055660   0.1446726099418505
 120.2961862331590544  66.3766304539839722 109.5889979583612337  -0.2387273900581495
 118.4272470867109280  66.4559989516086678 108.7764157207750960   0.1699726099418505
 120.5701965225776284  66.5448160799029609 112.2383939981188309   0.1242726099418505
 112.2251659151813861  69.8669546233365268 113.5800995532029213   0.5972726104906286
 111.8604487713345885  70.6681985041191367 111.4314809389344569  -0.5679273917044839
 110.3089836153852312  69.1942121196605581 115.0862112819381669  -0.4157273900581494
 110.6888185683034038  68.5006826285114636 116.8304285035474724   0.2718726099418505
 107.6633670278954813  69.3416107581064213 114.2868571272894738   0.0336726099418505
 107.4460485224945335  68.2380106958964041 112.5596474408854470   0.0822726099418505
 105.9796210425716491  68.1624216505395557 116.3296510780583395  -0.1825273900581494
 106.1799320127673050  69.1942121196605581 118.1003244655425614   0.0602726099418505
 106.8413361596397324  72.0609266648191029 113.6708064076311448   0.5972726104906286
 105.8265532257240220  72.5295787460315686 111.6261227307283489  -0.5679273917044839
 107.3364444067271013  73.8731740272495759 115.3602215713567409  -0.4157273900581494
 108.1773725363220588  73.3950733153674990 117.0212908430735172   0.2718726099418505
 106.7430704006758280  76.5414673283463818 114.9123564776174006  -0.0024273900581495
 104.7909833043351860  76.7020940497296898 114.2849674011555437   0.0977726099418505
 107.0510957605049992  78.0230126173406412 117.3878977130542449  -0.0343273900581495
 108.9937342261760437  77.8056941119397069 118.0398532292570746   0.0294726099418505
 106.7506293052115223  80.0147839624936445 116.9759374158594188   0.0294726099418505
 105.2709737423511796  77.3389317568611579 119.5421855057244730   0.0117726099418505
 102.8124400421196273  76.4054070467040600 119.0905409597172991  -0.1256273900581494
 102.1396975384436586  76.0992714130088189 117.1932559212603530   0.1329726099418505
 101.1759372101438238  75.8970707166792329 121.1219965536826369  -0.1704273900581494
 104.4073688991491662  77.2822399728435182 124.0775282271354883  -0.1704273900581494
 106.0552100879284976  77.7622304108595121 122.0479623593040405  -0.1256273900581494
 107.9317081389123047  78.4689879849460646 122.4240178599543929   0.1329726099418505
 108.3436684361071308  77.6753030086991356 112.7769659462863945   0.5972726104906286
 107.3402238589949483  79.0566928125955740 111.1914857199264668  -0.5679273917044839
 110.7625178875263353  76.9553173516751383 112.5974419635638779  -0.4157273900581494
 111.4825035445503328  75.8271508497241484 113.9712728629246217   0.2718726099418505
 112.4500433251180145  77.7130975313775665 110.5376404775897069  -0.0518273900581495
 112.6182289510370035  79.7691195650838904 110.5622069173306796   0.0921726099418505
 115.0692037467328749  76.5414673283463818 111.0667637950876595  -0.1102273900581495
 115.5643119938202439  77.0063399572910140 112.9961741778212592   0.0456726099418505
 114.9425920957601507  74.4892247469079051 110.9836158451951168   0.0456726099418505
 117.2707346927511319  77.4353077896911321 109.3981356188351890   0.3530726099418505
 116.9060175489043208  79.3458209110855228 108.7159444844896225  -0.0361273900581495
 119.7160403100452259  77.4334180635572152 110.9401521441149352  -0.4121273900581494
 121.3298664284139735  77.8850626095644025 109.7496246797445418   0.0999726099418505
 119.5950978374742656  78.8431537594624732 112.4405946944484036   0.0999726099418505
 120.0183964914726332  75.5795967261804639 111.7886391782455737   0.0999726099418505
 117.6675771808745963  75.6627446760730067 107.1588101501385148  -0.4121273900581494
 119.2001450754847315  76.3487152626864202 105.9739518641698851   0.0999726099418505
 118.1400087143549092  73.7711288160178245 107.8258834754127061   0.0999726099418505
 115.9554853035419309  75.5758172739126303 106.0419820049910528   0.0999726099418505
 111.3615610719793725  76.9269714596663184 107.9619437570550413   0.5972726104906286
 111.0157411894717838  78.5162311382940933 106.3027642114721820  -0.5679273917044839
 110.6699213069641951  74.5194603650506418 107.6482492188241196  -0.4157273900581494
 110.9722774883915888  73.2968075564035946 109.0976691635417120   0.2718726099418505
 109.5474239834149692  73.5330233231437511 105.3106579911635274  -0.0518273900581495
 110.7549589829906546  74.0451391054364119 103.7195085864018358   0.0921726099418505
 109.3849075358977442  70.6304039814407058 105.4731744386807524  -0.1102273900581495
 109.0825513544703369  70.0672655935321827 107.4328204395570887   0.0456726099418505
 107.7295074425827321  70.0067943572466959 104.4130380775509301   0.0456726099418505
 111.6752556102102943  69.2093299287319331 104.3676846503368184   0.3530726099418505
 111.6185638261926681  69.3869641853205330 102.3154420688983417  -0.0361273900581495
 114.2585112352806541  70.1409649127551008 105.2615251116815686  -0.4121273900581494
 115.7419462504088304  68.9013045689027618 104.5528778114610992   0.0999726099418505
 114.5967722132525620  72.0193526898728248 104.5094141103809176   0.0999726099418505
 114.3378797329053497  70.1825388877013789 107.3175471453878924   0.0999726099418505
 111.4692754616128880  66.4068660721267088 105.0366477017449400  -0.4121273900581494
 112.9942844516873288  65.3580680678004146 104.1352483358645089   0.0999726099418505
 111.5939973864516820  66.1687605792526356 107.0813313786477359   0.0999726099418505
 109.6683664559859293  65.6642037014956557 104.3714641026046654   0.0999726099418505
 106.9452710970054141  74.6895357171035609 104.7475196032549909   0.5972726104906286
 106.4180375056413784  75.2734610924852230 102.5592167401741790  -0.5679273917044839
 105.3446730615741113  75.0920473836287894 106.6618121769172155  -0.4157273900581494
 105.8360018563936330  74.5137911866488778 108.4230369337318264   0.2718726099418505
 102.8993674442800038  76.3354871797489754 106.3122128421417932   0.0336726099418505
 101.8241132740788200  75.2847994492887509 104.9005874201026182   0.0822726099418505
 101.4367194166249531  76.2580084082581967 108.8123205173196102  -0.1825273900581494
  99.5715597224446873  77.0913776333174735 108.5515383108384674   0.0602726099418505
 101.2194009112240188  74.3059213119175413 109.4359301415136201   0.0602726099418505
 102.4477228982728299  77.3219242216558661 110.2598507359032857   0.0602726099418505
 103.1998338995734807  79.0585825387294907 105.3257758002348891   0.5972726104906286
 101.8505694399537095  79.8163627184319191 103.5815585786255836  -0.5679273917044839
 105.0253093449414121  80.4853257698400407 106.3443381864184467  -0.4157273900581494
 106.0230847436518307  79.7785681957534880 107.8239937492787892   0.2718726099418505
 105.6149038987248516  83.0440149551694143 105.4486079989397795  -0.0249273900581495
 103.8650174987137688  84.1249383037723754 105.4826230693503634   0.0842726099418505
 107.5027403065121732  84.3668232489142959 107.2230608386918352   0.2116726099418505
 107.4460485224945335  86.3888302122100360 106.8375567073718987   0.0351726099418505
 106.9452710970054141  84.0625773413529719 109.1808171134342548   0.0351726099418505
 110.0274144214309628  83.5485718329263942 106.9055868481930663  -0.6546273911557058
 110.1389082633323256  81.7306552920941437 107.1512512456028205   0.4274726099418505
 106.5446491566141024  83.0326765983658864 102.6952770218165142   0.5972726104906286
 105.4637258080111412  84.3592643443786016 101.1211351522601144  -0.5679273917044839
 108.3550067929106587  81.3961737663900828 102.0149756136048647  -0.4157273900581494
 109.2356191713179642  80.3908394631439700 103.3869167868316919   0.2718726099418505
 109.2450678019875753  81.1278326553732594  99.3958151919900043  -0.0275273900581495
 109.9782815419490175  82.9438594700715930  98.7551980325907024   0.1122726099418506
 111.4314809389344569  79.2324373430502436  99.2597549103476825  -0.0050273900581495
 111.0195206417396308  77.6223906769493430 100.4786282667268824   0.0338726099418505
 111.5391953285679725  78.5105619598923293  97.3303445276140828   0.0338726099418505
 114.0052879333352056  80.2585586337694818  99.8701364516042340  -0.1415273900581494
 115.4017955463030054  79.6443976402450831 101.9148201285070300  -0.1638273900581494
 114.7744064698411485  78.3839503089196051 103.3906962390995389   0.2061726099418505
 117.7639532137045703  80.7461079763211699 101.7504139548558883  -0.3418273900581494
 119.1812478141455092  80.3908394631439700 102.9862948464403802   0.3411726099418505
 117.9963895281768931  82.1766306596995536  99.5866775315160490   0.1379726099418505
 120.0013889562673412  83.5731382726673669  98.5511076101272130  -0.2601273900581494
 121.7815109744211608  83.6203814260153955  99.4940809509539086   0.1571726099418505
 119.6461204430901415  84.8676006744034153  96.2550903574128854  -0.1134273900581494
 121.1654602547628184  85.9277370355332375  95.4443978459606646   0.1416726099418505
 117.2934114063581876  84.7712246415734413  95.0135402874266297  -0.1972273900581494
 117.0382983782788090  85.7690000402838599  93.2768819703529915   0.1446726099418505
 115.2846325259998923  83.3407019581950442  96.0226540429405761  -0.2387273900581495
 113.5215180430513647  83.2348772946954590  95.0532245362389641   0.1699726099418505
 115.5945476119629805  81.9593121542986193  98.3753630796725298   0.1242726099418505
 107.1342437103975285  80.3700524756708444  97.5552219375507112   0.5972726104906286
 107.0303087730318602  81.3583792437116519  95.4500670243624285  -0.5679273917044839
 105.4221518330648765  78.6730784074095542  98.3092226649852924  -0.4157273900581494
 105.6319114339301434  77.8529372652877356 100.0326528991214724   0.2718726099418505
 103.2962099324034682  77.9058495970375282  96.7256321647592816   0.0336726099418505
 104.0313133984988406  77.2614529853703792  94.9114950761948781   0.0822726099418505
 101.9280482114444882  75.6873111158139794  97.9917486744865102  -0.1825273900581494
 100.3652446986916029  75.0655912177538864  96.8012212101161300   0.0602726099418505
 103.2395181483858285  74.1207281507932605  98.2563103332354864   0.0602726099418505
 101.1929447453491158  76.2598981343921136  99.8304522027918998   0.0602726099418505
 101.4990803790443567  80.1243880782610769  96.1946191211274121   0.5972726104906286
 100.8905885639217219  80.6327244082858905  94.0063162580466000  -0.5679273917044839
 100.7091748550652749  81.5095573344253623  98.1504856697359014  -0.4157273900581494
 101.3082180395183120  81.0522436100164108  99.9173796049522761   0.2718726099418505
  99.0594439401520266  83.7016396497740080  97.8405705837728133   0.0336726099418505
  97.3983746684352369  83.1044861914548877  96.7804342226429910   0.0822726099418505
  98.2033980014856938  84.5557958623064103 100.4691796360572712  -0.1825273900581494
  97.2604246606589982  86.3850507599421889 100.3557960680220052   0.0602726099418505
  96.8938177906782704  83.1687368800082216 101.2515262555006723   0.0602726099418505
  99.8304522027918998  84.6786280610113009 101.7277372412488323   0.0602726099418505
 100.3255604498792685  85.8143534674979716  96.2834362494217053   0.5972726104906286
  99.1501507945802501  86.8310261275475989  94.5467779323480673  -0.5679273917044839
 102.7538585319680708  86.3264692497906324  96.7426396999645735  -0.4157273900581494
 103.6004558399647924  85.4534157759190078  98.2298541673605968   0.2718726099418505
 104.3223312231227066  88.0328919487215204  95.2251896144257999  -0.0024273900581495
 103.5815585786255836  89.9509639746515920  95.3631396222020520   0.0977726099418505
 106.9792861674159845  87.9837590692395614  96.3873711867873736  -0.0343273900581495
 106.8885793129877744  88.8020104852274631  98.2789870468425424   0.0294726099418505
 107.5858882564047160  86.0316719728989193  96.6065794183222382   0.0294726099418505
 108.9805061432385989  89.3462516117967908  94.8774800057842943   0.0117726099418505
 109.5398650788792883  91.8822640835191085  95.4217211323536086  -0.1256273900581494
 108.5609869415080786  92.8365757811493455  96.8975972429461176   0.1329726099418505
 111.4144734037291651  93.1521600455141841  94.0403313284571839  -0.1704273900581494
 111.8566693190667414  95.0532245362389641  94.5165423142053304   0.1429726099418505
 112.6862590918581710  91.9143894277957755  92.0598983401077085  -0.1072273900581494
 114.0884358832277350  92.8913778390330550  90.9884236221743583   0.1296726099418505
 112.1136720732800370  89.3783769560734443  91.4986496783330887  -0.1704273900581494
 113.0528659618388988  88.4316241629789017  89.9887584973300094   0.1429726099418505
 110.2900863540460223  88.0820248282034657  92.9310620878454028  -0.1256273900581494
 109.8819055091190300  86.1507247193359492  92.5209915167844936   0.1329726099418505
 104.3506771151315265  87.3110165655636061  92.4019387703474502   0.5972726104906286
 103.8876942123208246  88.9002762441913674  90.7559873077020490  -0.5679273917044839
 104.7626374123263661  84.8864979357426375  91.8047853120283433  -0.4157273900581494
 105.1708182572533585  83.6562862225598963  93.2220799124692822   0.2718726099418505
 104.7739757691298940  83.9491937733176924  89.1969632472170108  -0.0518273900581495
 106.1704833820976938  85.0376760264563344  88.1424960644889526   0.0921726099418505
 105.5695504715107399  81.1505093689803152  89.1969632472170108  -0.1102273900581495
 107.4517177008962975  80.9879929214630903  90.0227735677405933   0.0456726099418505
 104.2656394391050670  80.0998216385201042  90.3969393422570019   0.0456726099418505
 105.5752196499125038  79.9165182035297402  86.5570158381290247   0.3530726099418505
 103.7289572170714333  80.1300572566628409  85.6745137335878026  -0.0361273900581495
 107.5839985302707857  81.0711408713556332  84.8260266994571506  -0.4121273900581494
 107.5991163393421608  80.0865935555826594  83.0194485154284416   0.0999726099418505
 107.1625896024063484  83.0572430381068591  84.4802068169495619   0.0999726099418505
 109.4434890460493007  80.9142936022401587  85.7009698994626921   0.0999726099418505
 106.0930046106069285  77.0857084549157096  86.7913418787352511  -0.4121273900581494
 106.0533203617945807  76.2088755287762513  84.9299616368228189   0.0999726099418505
 107.9392670434479855  76.7776830950865383  87.6530569958033476   0.0999726099418505
 104.6454743920232396  76.2145447071780153  87.9705309863021166   0.0999726099418505
 102.2077276792648262  84.3328081785037120  87.8911624886774210   0.5972726104906286
 102.1283591816401305  85.0981472627418079  85.6934109949270113  -0.5679273917044839
 100.1139111228800847  83.8679355495590799  89.2253091392258307  -0.4157273900581494
 100.3123323669418103  83.2329875685615421  91.0281078709867061   0.2718726099418505
  97.5608911159524752  84.3082417387627259  88.2199748359797179  -0.0597273900581495
  97.3889260377656393  83.2972382571148626  86.4379630916919815   0.0868726099418505
  95.5332149742549711  83.2858999003113347  90.0624578165529411   0.1302726099418505
  95.8979321181017688  84.0795848765582637  91.9276175107332203   0.0186726099418505
  92.6381545370876067  86.1469452670681155  89.5616803910638084   0.0881726099418505
  95.6333704593527924  80.3738319279386782  90.3232400230340703  -0.0430273900581495
  97.4626253569885708  79.8258113491015167  91.0715715720668875   0.0235726099418505
  94.2217450373136174  79.7936860048248631  91.7065195530644389   0.0235726099418505
  97.1640486278290108  87.1069261431001032  87.5699090459108184   0.5972726104906286
  96.2191855608683848  87.6719542571425565  85.5138870122044944  -0.5679273917044839
  97.9747411392812182  88.8587022692451029  89.2064118778866219  -0.4157273900581494
  98.7570877587246193  88.2747768938634408  90.8618119712016340   0.2718726099418505
  97.8481294883085075  91.5950257111630764  88.6810680126565030  -0.0875273900581495
  95.8903732135660879  92.0825750537147643  88.2747768938634408   0.0968726099418505
  98.6833884395016876  93.1672778545855593  90.9978722528439695   0.2984726099418505
 100.5750042995568698  92.5984702882752588  91.5723489975560204  -0.0297273900581495
  98.7079548792426739  96.0113156861370482  90.4290646865336689  -0.3192273900581494
  99.1595994252498478  97.0638931427311761  92.1430462900002377   0.0790726099418505
 100.1535953716924325  96.4516218753406941  89.0287776212980220   0.0790726099418505
  96.8692513509372977  96.6179177751257661  89.7260865647149634   0.0790726099418505
  96.8749205293390617  92.7836634493995395  93.2315285431388797  -0.3192273900581494
  97.5608911159524752  93.8267922753240833  94.8718108273825303   0.0790726099418505
  94.9927532999534906  93.4601854053433554  92.7420894744532749   0.0790726099418505
  96.7558677829020183  90.7975612826483136  93.7379751470297766   0.0790726099418505
  99.3806973829186426  92.2734373932408090  86.3151308929871043   0.5972726104906286
  98.4037089716813497  93.5603408904411766  84.6389438121989531  -0.5679273917044839
 101.6918324447043318  91.2832208990660713  86.0600178649077257  -0.4157273900581494
 102.4023694710587181  90.2608790606146801  87.5226658925627763   0.2718726099418505
 103.2867613017338572  91.6800633871895359  83.8263615746128154   0.0212726099418505
 103.6193531013040011  93.7039600766191927  83.6052636169440204   0.1123726099418505
 105.8416710347953969  90.3931598899891683  84.3271390001019481  -0.1231273900581494
 106.6939375211938826  91.2321982934501956  86.0108849854257803   0.1111726099418505
 105.5657710192428926  88.3787118312291091  84.6653999780738427   0.1111726099418505
 107.9430464957158326  90.8259071746571335  81.6493970683355311  -0.3119273900581495
 110.0973342883860609  90.2986735832930976  82.8701601508486614   0.1932726099418505
 102.0244242442744623  90.7540975815681187  81.3640484221134159   0.5972726104906286
 101.9204893069087940  92.1317079331967098  79.4818811927278583  -0.5679273917044839
 100.9132652775287779  88.4807570424608605  81.3716073266491101  -0.4157273900581494
 101.0549947375728636  87.4111720506614272  82.9627567314108018   0.2718726099418505
 103.4077037743048173  83.0156690631605944  79.4856606449956919  -0.4121273900581494
 104.1994990244178296  84.8241369733232339  78.8979558173461827   0.0999726099418505
 103.4133729527065813  82.9230724825984540  81.5397929525680989   0.0999726099418505
  99.9306076878897209  98.3715836274046828  80.2850147996443848  -0.1102273900581495
  99.3523514909098227  98.0276534710310242  82.2352121698511236   0.0456726099418505
 101.6086844948117891  97.2301890425162481  79.9240771080654210   0.0456726099418505
 100.6373652619762736 101.1834961146795046  80.0752551987791314   0.3530726099418505
 101.2666440645720474 101.5954564118743443  78.1571831728490598  -0.0361273900581495
  98.4226062330205585 102.9239338840209899  80.7574463331246978  -0.4121273900581494
  99.0859001060269162 104.8741312542277152  80.8481531875529215   0.0999726099418505
  97.6515979703806854 102.4080386494604821  82.5980395875640043   0.0999726099418505
 102.7878736023786546 101.7485242287219714  81.9196279054862715  -0.4121273900581494
 103.4020345959030668 103.7043907773304607  81.7041991262192406   0.0999726099418505
 102.1623742520507144 101.4650653086337728  83.8622663711573160   0.0999726099418505
 104.3922510900777911 100.5126433371374662  81.5492415832377101   0.0999726099418505
 111.2821925743546769 112.5993316896977948  75.4775515149487259   0.0881726099418505
 113.9296988879783572 114.5835441303151037  76.0406899028572490   0.0881726099418505
 115.3866777372316439 108.6724807834094277  76.0425796289911793  -0.5679273917044839
 111.0176309156057007 106.0060772084465386  76.1332864834193894   0.0921726099418505
 107.2551861829684888 102.4212667323979269  76.7228810372028288  -0.4121273900581494
 106.3556765432219746 100.7450796516097755  77.5033379305122996   0.0999726099418505
 108.7367314719627482 103.0014126555117552  78.0324612480102524   0.0999726099418505
 105.8643477484024529 103.9311579134010062  76.5641440419534376   0.0999726099418505
 113.8559995687554256 102.3381187825053974  76.9742146130143470  -0.5679273917044839
 119.4099046763499850 102.0981235634973939  75.6684138544747707   0.5972726104906286
 120.1506773208471214 100.5731145734229395  77.2595632592364623  -0.5679273917044839
 121.4092349260386691 105.7226182883583537  77.8321502778145965  -0.0024273900581495
 123.2422692759422812 104.7909833043351860  77.9795489162604598   0.0977726099418505
 121.8627691981797599 108.5250821449635778  77.2085406536205866  -0.0343273900581495
 120.0524115618832171 109.4491582244510649  76.8891769369879009   0.0294726099418505
 123.2743946202189349 110.0330835998327270  79.1984222726396597   0.0117726099418505
 125.8992242202355726 110.4280363618222745  78.9773243149708783  -0.1256273900581494
 127.1804585390341761 111.9417069950932010  80.7517771547229339  -0.1704273900581494
 129.1854579671246109 112.2837474253329427  80.5552456367951252   0.1429726099418505
 125.8444221623518363 113.0377481527675239  82.7700046657508269  -0.1072273900581494
 126.8157413951873787 114.1942605467273334  84.1495047435133481   0.1296726099418505
 123.2366000975405172 112.6087803203674057  83.0194485154284416  -0.1704273900581494
 122.2161479852230563 113.4308111886231412  84.5879212065830774   0.1429726099418505
 121.9496966003401498 111.1329042097748969  81.2279881404710941  -0.1256273900581494
 119.9333588154461737 110.8645630987580869  81.4188504799971388   0.1329726099418505
 120.0580807402849676 105.3333347047705834  80.3700524756708444   0.5972726104906286
 121.1711294331645823 104.2448524516319413  82.0897032575391772  -0.5679273917044839
 117.6297826581961654 106.0230847436518307  80.5514661845272781  -0.4157273900581494
 116.8172004206100276 106.8772409561842465  79.0359058251224349   0.2718726099418505
 116.1028839419877942 105.7320669190279647  82.8644909724468974  -0.0597273900581495
 116.9211353579756959 106.8999176697913023  84.3554848921107680   0.0868726099418505
 113.3684502262037375 106.6542532723815348  82.3845005344308902   0.1302726099418505
 112.6805899134564071 105.7207285622244368  80.6799675616339325   0.0186726099418505
 111.5694309467107091 105.9399367937593013  84.5595753145742575  -0.3204273900581494
 109.6967123479947492 106.7355114961401472  84.2553294070129333   0.0881726099418505
 111.3615610719793725 103.8971428429904223  84.7031945007522736   0.0881726099418505
 112.3007549605382345 106.6504738201136876  86.3434767849959242   0.0881726099418505
 113.3155378944539449 109.5417548050132051  81.9290765361558692  -0.0430273900581495
 113.4950618771764617 110.5376404775897069  83.7186471849792999   0.0235726099418505
 114.9104667514834837 110.1048931929217417  80.7574463331246978   0.0235726099418505
 110.9099165259721986 110.4261466356883577  80.5798120765360979  -0.0660273900581495
 109.2545164326571729 110.1237904542609504  81.7646703625047275   0.0185726099418505
 111.0686535212215764 112.4368152421805697  80.1659620532073414   0.0185726099418505
 110.6737007592320421 109.4019150711030362  78.8110284151858063   0.0185726099418505
 116.1690243566750314 102.9881845725743104  83.8131334916753572   0.5972726104906286
 116.8757819307615842 102.5157530390939974  85.9749801888812795  -0.5679273917044839
 115.5926578858290502 101.1494810442689344  82.1728512074317200  -0.4157273900581494
 115.0862112819381669 101.6502584697580536  80.3908394631439700   0.2718726099418505
 115.6058859687665084  98.4528418511632951  82.8607115201790504  -0.0597273900581495
 114.3416591851731833  98.1939493708160962  84.4669787340121171   0.0868726099418505
 114.6043311177882428  96.8220081975892557  80.6459524912233487   0.1302726099418505
 115.6210037778378701  97.3643595980246665  78.9338606138906967   0.0186726099418505
 115.0559756637954167  93.9760806399038500  81.1013764894983698  -0.3204273900581494
 114.3076441147625995  92.8573627686224711  79.5480216074150957   0.0881726099418505
 117.0723134486893928  93.5735689733786348  81.2166497836675660   0.0881726099418505
 114.1545762979149858  93.3959347167900349  82.8626012463129671   0.0881726099418505
 111.7489549294332259  97.3190061708105547  80.2434408246981203  -0.0430273900581495
 110.6869288421694869  96.5574465388402793  81.8383696817276592   0.0235726099418505
 111.4050247730595675  99.3466823125080587  80.1848593145465638   0.0235726099418505
 110.6982671989730148  96.1965088472613288  77.7830173983326511  -0.0660273900581495
 110.7209439125800708  94.1404868135550051  77.8453783607520547   0.0185726099418505
 108.7461801026323593  96.8050006623839638  77.5373530009228835   0.0185726099418505
 111.8226542486561576  96.8446849111963116  76.1824193629013483   0.0185726099418505
 118.2382744733188136  97.6024650908987399  83.7451033508542029   0.5972726104906286
 118.4215779083091640  96.2172958347344545  85.6027041404987878  -0.5679273917044839
 120.2621711627484705  98.4585110295650592  82.4959943763322527  -0.4157273900581494
 119.9824916949281190  99.6358104109980078  81.0068901828022991   0.2718726099418505
 122.8737726798276501  97.8632472973798690  83.1951930458831112  -0.0252273900581495
 123.1855774919246415  95.8336814295484483  83.0364560506337334   0.0697726099418505
 124.1398891895548652  98.8307870779475509  81.8912820134774518   0.0697726099418505
 123.5465151835036054  98.7041754269748267  85.8804938821852090   0.5972726104906286
 124.5291727731426488  97.2018431505074282  87.3601494450455515  -0.5679273917044839
 122.9058980241043036 101.0417666546354188  86.5740233733343168  -0.4157273900581494
 122.0517418115719012 102.1831612395238535  85.2908993284017828   0.2718726099418505
 123.2630562634154068 101.9904091738638784  89.1572789984046630  -0.0275273900581495
 125.2189228120239229 101.6786043617668735  89.7260865647149634   0.1122726099418506
 122.7811760992654963 104.8495648144867425  89.1988529733509277  -0.0050273900581495
 121.0558561389953995 105.2860915514225547  88.1576138735603277   0.0338726099418505
 122.4882685485077000 105.4278210114666405  91.1566092480933471   0.0338726099418505
 124.9241255351321965 106.3878018874986415  88.1613933258281613  -0.1415273900581494
 125.5571837899958041 106.6221279281048677  85.6990801733287752  -0.1638273900581494
 124.5612981174193293 105.7774203462420764  84.1457252912455011   0.2061726099418505
 127.7058024042642683 108.0602095160189457  85.4477465975172436  -0.3418273900581494
 128.4182291567525984 108.5723252983116064  83.7526622553898837   0.3411726099418505
 128.6147606746804071 108.8255486002570549  87.7513227547672519   0.1379726099418505
 130.7236950401365234 110.2617404620372026  88.4637495072555686  -0.2601273900581494
 131.9954807282655295 110.9666083099898248  87.0710213465556024   0.1571726099418505
 131.1469936941348910 110.7360617216514323  91.0394462277902340  -0.1134273900581494
 132.7589300863697083 111.7980878089151849  91.6214818770379794   0.1416726099418505
 129.4367915429361558 109.8214342728335566  92.8592524947564014  -0.1972273900581494
 129.7561552595688417 110.2201664870909379  94.8000012342935156   0.1446726099418505
 127.3297469036139429 108.3625656974463530  92.1638332774733768  -0.2387273900581495
 126.0711892984223950 107.6671464801633283  93.5754586995125517   0.1699726099418505
 126.8592050962675601 107.8032067618056501  89.5295550467871547   0.1242726099418505
 121.6057664439664778 100.5712248472890228  91.0640126675312069   0.5972726104906286
 122.5052760837129920  99.8153343937205247  93.0709018217555718  -0.5679273917044839
 119.2303806936274682 100.0421015297910700  90.4101674251944601  -0.4157273900581494
 118.5614176422193465 100.6978364982617468  88.7339803444063090   0.2718726099418505
 117.4786045674824684  98.7438596757871745  92.1109209457235842  -0.0275273900581495
 117.5730908741785255  99.6679357552746614  93.9515142001628771   0.1122726099418506
 114.7573989346358567  99.0877898321608465  91.1584989742272640  -0.0050273900581495
 114.6836996154129384  98.6399247384215062  89.1478303677350520   0.0338726099418505
 113.5725406486672404  97.7177383850679362  92.1109209457235842   0.0338726099418505
 113.5555331134619486 101.6426995652223728  91.5723489975560204  -0.1415273900581494
 114.5929927609847149 103.9122606520617972  91.0054311573796503  -0.1638273900581494
 116.4468140983614660 104.1881606676143015  90.1909591936595823   0.2061726099418505
 112.8809008836520630 105.8265532257240220  91.4457373465832961  -0.3418273900581494
 113.1889262434812208 107.6369108620205917  90.8750400541390788   0.3411726099418505
 110.6548034978928200 104.9119257769061461  92.4227257578205892   0.1379726099418505
 108.3928013155890898 106.0892251583390815  93.1559394977820314  -0.2601273900581494
 108.1830417147238229 108.0847759557599185  92.9612977059881394   0.1571726099418505
 106.4048094227039336 104.6076798693448219  94.1083614692783382  -0.1134273900581494
 104.6700408317642257 105.4864025216181972  94.6488231435798186   0.1416726099418505
 106.6863786166582018 101.9715119125246697  94.3351286053488969  -0.1972273900581494
 105.1727079833872753 100.8603529457789719  95.0815704282477838   0.1446726099418505
 108.9389321682923342 100.7753152697525257  93.5660100688429406  -0.2387273900581495
 109.1184561510148511  98.7740952939299113  93.7228573379584015   0.1699726099418505
 111.0327487246770756 102.2398530235414931  92.5550065871950772   0.1242726099418505
 118.1985902245064658  95.9584033543872556  92.5984702882752588   0.5972726104906286
 117.5882086832499007  94.9795252170160458  94.6166977993031651  -0.5679273917044839
 119.5894286590725017  94.6771690355886386  90.9033859461478988  -0.4157273900581494
 119.9295793631783264  95.4973101777104572  89.2007426994848580   0.2718726099418505
 120.7742869450411313  92.2035175262857246  91.4910907737974079  -0.0875273900581495
 119.5573033147958481  91.2303085673162787  92.8365757811493455   0.0968726099418505
 120.9972746288438296  90.4290646865336689  89.1856248904134829   0.2984726099418505
 121.7890698789568283  88.6508323945137661  89.8621468463572854  -0.0297273900581495
 118.3951217424342744  89.8167934191431870  88.0820248282034657  -0.3192273900581494
 118.5916532603620831  88.4543008765859575  86.5475672074594137   0.0790726099418505
 117.2253812655370201  88.9909830986195909  89.5541214865281276   0.0790726099418505
 117.4975018288216772  91.5232161180740750  87.3563699927777044   0.0790726099418505
 122.7320432197835507  91.3739277534942948  87.0729110726895193  -0.3192273900581494
 122.8756624059615534  89.9415153439819810  85.6008144143648709   0.0790726099418505
 121.9667041355454416  93.0897990830947940  86.2508802044337838   0.0790726099418505
 124.6217693537048026  91.7499832541446203  87.7985659081152806   0.0790726099418505
 123.3424247610401024  92.4340641146241171  92.8157887936762066   0.5972726104906286
 123.9906008249750984  90.7711051167734106  94.3124518917418411  -0.5679273917044839
 124.7748371705524299  94.4768580653929827  92.3754826044725606  -0.4157273900581494
 124.1739042599654489  95.7562026580576694  91.0829099288704156   0.2718726099418505
 127.1710099083645786  94.9965327522213377  93.6850628152799840  -0.0518273900581495
 128.4238983351543623  93.3902655383882709  93.3827066338525767   0.0921726099418505
 128.4276777874221959  97.3397931582836804  92.4888661725078264  -0.1102273900581495
 128.7697182176619376  96.8862588861425896  90.5084331841583645   0.0456726099418505
 127.1294359334183004  98.9309425630453722  92.5342195997219382   0.0456726099418505
 130.9429032716713880  98.1656034788072763  93.7152984334227206   0.3530726099418505
 131.9350094919800292  96.5139828377600978  94.4466224472502460  -0.0361273900581495
 132.6285389831291370  99.4203816317309770  91.7273065405375644  -0.4121273900581494
 134.4086610012829700  99.9986378287108886  92.5890216576056611   0.0999726099418505
 133.0348301019222125  98.0881247073164976  90.2117461811327211   0.0999726099418505
 131.6855656423024414 101.0814509034477666  90.9525188256298577   0.0999726099418505
 130.5800758539584939 100.1006830399426265  95.8431300602180593  -0.4121273900581494
 132.4131102038621061 100.6921673198599829  96.5706746217777375   0.0999726099418505
 129.5841901813819923 101.7636420377933331  95.1401519383993404   0.0999726099418505
 129.5180497666947549  99.2918802546243360  97.4059335729709312   0.0999726099418505
 126.7930646815803227  95.2478663280328559  96.5517773604385287   0.5972726104906286
 128.2802791489763328  94.2047375021083256  97.9974178528882741  -0.5679273917044839
 124.7389323740079157  96.4648499582781389  97.3794774070960282  -0.4157273900581494
 123.6504501208692871  97.3719185025603473  96.0887944576278135   0.2718726099418505
 123.9868213727072648  96.5536670865724456 100.0553296127285282  -0.0014273900581495
 125.3927776163446758  97.5854575556934480 101.1551502226706983   0.0875726099418505
 121.4489191748510169  97.9369466166028007 100.3595755202898390  -0.0152273900581495
 120.2035896525969140  97.4342794649797511  98.7948822814030502   0.0294726099418505
 120.5456300828366555  97.2245198641144842 102.0716673976225043   0.0294726099418505
 121.5698616474219636 100.8017714356274151 100.5617762166194250  -0.0011273900581495
 122.6715719834980775 102.2322941190057988  98.5926815850734775  -0.1906273900581494
 123.5843097061820228 101.3025488611165480  97.0714520472668704   0.1698726099418505
 122.5808651290698538 104.8854696110312431  98.5662254191985745  -0.2341273900581494
 123.3462042133079631 105.9550546028306764  97.0431061552580504   0.1655726099418506
 121.3525431420210293 106.2309546183831807 100.7639769129489977   0.3225726099418506
 121.1390040888879288 108.7764157207750960 100.7866536265560536  -0.5579273917044839
 120.8215300983891598 109.4189226063083280 102.4892968732190944   0.3991726099418505
 120.3604369217123749 104.6209079522822667 102.9125955272174620  -0.2341273900581494
 119.5440752318583899 105.4939614261538913 104.5302010978540432   0.1655726099418506
 120.4889382988190159 101.9790708170603639 102.7028359263521951  -0.1906273900581494
 119.7217094884469899 100.8527940412432910 104.1919401198821487   0.1698726099418505
 123.7581645105027758  93.8872635116095566 101.1721577578759767   0.5972726104906286
 124.9033385476590708  93.2901100532904363 103.1034578667435067  -0.5679273917044839
 122.3352007316600729  92.2318634182945445  99.9022617958809011  -0.4157273900581494
 121.4923828759311983  92.8063401630065954  98.2903254036460703   0.2718726099418505
 121.9742630400811359  89.6334899841528232 100.7526385561454698  -0.0252273900581495
 121.0917609355398867  89.6391591625545871 102.6140187980579017   0.0697726099418505
 120.7251540655591723  88.6772885603886691  99.4317199885345049   0.0697726099418505
 124.4592529061875778  88.1708419564977725 100.9094858252609306   0.5972726104906286
 124.9184563567304325  86.9160638035740584 102.8086605898517937  -0.5679273917044839
 126.1127632733686732  88.3560351176220531  99.0008624300004700  -0.4157273900581494
 125.6686776318971801  89.4615249059659872  97.4947507012652244   0.2718726099418505
 128.5297229986539475  86.9784247659934620  99.0178699652057619  -0.0597273900581495
 128.0818579049146206  85.0698013707330014  99.6358104109980078   0.0868726099418505
 129.6616689528727844  86.7403192731193888  96.3268999505018867   0.1302726099418505
 128.1102037969234406  86.7138631072444858  94.9681868602125180   0.0186726099418505
 131.4191142574195346  88.9324015884680344  95.5993553889422085  -0.3204273900581494
 131.9368992181139593  88.7850029500221712  93.6094737699231356   0.0881726099418505
 130.4610231075214773  90.7200825111575349  95.8828143090303937   0.0881726099418505
 133.1387650392878674  88.9021659703252977  96.7369705215628095   0.0881726099418505
 131.1583320509384189  84.2534396808790166  96.0056465077352841  -0.0430273900581495
 132.2373656734074499  84.3441465353072401  94.2500909293224373   0.0235726099418505
 132.4943684276207319  84.0304519970763047  97.5571116636846281   0.0235726099418505
 129.4726963394806431  81.8969511918792157  95.8412403340841290  -0.0660273900581495
 128.1083140707895102  82.1142696972801635  94.3124518917418411   0.0185726099418505
 130.6462162686457581  80.2491100030998843  95.4576259288981228   0.0185726099418505
 128.4711414885023776  81.5870361059161276  97.6119137215683510   0.0185726099418505
 130.3892135144324492  87.9950974260430893 101.0115310364926822   0.5972726104906286
 131.7479266047218449  86.4870959711739403 102.1529256213811168  -0.5679273917044839
 130.3438600872183374  90.4668592092120865 101.5633310675976772  -0.4157273900581494
 129.2213627636691249  91.6214818770379794 100.5164227894053133   0.2718726099418505
 131.7346985217843867  91.6082537941005212 103.6760448853216408  -0.0518273900581495
 133.7189109624016959  91.1112558208792353 103.4776236412599153   0.0921726099418505
 131.5287183731869805  94.5108731358035665 103.5097489855365689  -0.1102273900581495
 132.3772054073176188  95.1288135815958259 101.7352961457845132   0.0456726099418505
 129.5369470280339770  95.0343272748997552 103.4643955583224571   0.0456726099418505
 132.7797170738428339  95.9640725327890062 105.7093902054209089   0.3530726099418505
 131.8537512682214301  95.4614053811659564 107.4781738667712005  -0.0361273900581495
 135.6086370963229478  95.4084930494161638 105.9550546028306764  -0.4121273900581494
 136.4079912509716407  96.5782335263134183 107.4517177008962975   0.0999726099418505
 135.9015446470807439  93.4356189656023827 106.4615012067215732   0.0999726099418505
 136.5686179723549623  95.8204533466110035 104.1806017630786209   0.0999726099418505
 132.4735814401476064  98.8043309120726479 105.2936504559582356  -0.4121273900581494
 133.2124643585107991  99.8323419289258165 106.9188149311305110   0.0999726099418505
 133.4675773865901777  99.3977049181239210 103.5910072092951812   0.0999726099418505
 130.4742511904589087  99.2616446364815992 105.0990086641643438   0.0999726099418505
 130.8087327161629829  90.5764633249795188 106.2328443445170976   0.5972726104906286
 132.3413006107731048  89.8319112282145486 107.8164348447431083  -0.5679273917044839
 128.3161839455208468  90.3780420809177932 106.5956717622299783  -0.4157273900581494
 127.1351051118200644  91.0904688334061099 105.2615251116815686   0.2718726099418505
 127.2295914185161217  89.2007426994848580 108.8557842183997916  -0.0024273900581495
 127.9760332414150086  90.1777311107221375 110.5092945855808870   0.0977726099418505
 124.3288618029470065  89.5068783331800989 108.8727917536050834  -0.0343273900581495
 123.8809967092076796  91.5043188567348527 109.0371979272562386   0.0294726099418505
 123.5918686107177171  88.8719303521825611 107.0605443911746104   0.0294726099418505
 122.8964493934347059  88.1519446951585636 110.9760569406594360   0.0117726099418505
 120.8895602392103275  86.5022137802453020 110.3789034823403157  -0.1256273900581494
 120.3812239091855140  86.1998575988179081 108.4589417302763272   0.1329726099418505
 119.5195087921174172  85.2701123409286439 112.2988652344043176  -0.1704273900581494
 118.0077278849804210  84.0153341880049432 111.8377720577275327   0.1429726099418505
 120.1336697856418294  85.7028596255966090 114.8462160629301632  -0.1072273900581494
 119.0943204119851329  84.7750040938412750 116.3069743644512836   0.1296726099418505
 122.1008746910538465  87.3809364325186905 115.4622667825884923  -0.1704273900581494
 122.5449603325253398  87.7305357672941131 117.3973463437238559   0.1429726099418505
 123.4803747688163680  88.6016995150318208 113.5385255782566566  -0.1256273900581494
 124.9581406055427803  89.8791543815625772 114.0393030037457894   0.1329726099418505
 128.0138277640934529  86.4096171996831616 109.1146766987470040   0.5972726104906286
 128.7905052051350901  85.6348294847754548 111.1706987324533278  -0.5679273917044839
 127.9987099550220646  84.9375205413585132 107.0378676775675545  -0.4157273900581494
 127.3297469036139429  85.6896315426591643 105.4070340239935150   0.2718726099418505
 128.8623147982240914  82.2862347754669858 107.0662135695763609  -0.0237273900581495
 127.6925743213268369  81.2336573188728580 108.3984704939908537   0.0879726099418505
 128.6979086245729363  80.9596470294542704 104.4678401354346396   0.0341726099418505
 130.0112682876482203  81.8761642044060766 103.1714880075646608   0.0240726099418505
 129.3706511282488916  79.0264571944528371 104.7267326157818519   0.0240726099418505
 126.1562269744488546  80.7801230467317538 103.0864503315382147   0.0017726099418505
 125.5987577649420821  82.6358341102424218 102.4401639937371490   0.0439726099418505
 126.4925982262868323  79.6576257231825279 101.3913659894108548   0.0439726099418505
 123.5087206608251879  79.3363722804159119 104.7021661760408792  -0.2737273900581494
 122.3352007316600729  82.0122244860484119 106.4709498373911708  -0.0536273900581495
 120.4908280249529462  81.5624696661751549 107.2646348136381000   0.0683726099418505
 123.6221042288604673  82.4563101275199049 108.0148560888048339   0.0683726099418505
 122.1537870228036526  83.6449478657563682 105.2293997674049151   0.0683726099418505
 131.6099765969455794  82.0897032575391772 107.9751718399924861   0.5972726104906286
 132.1466588189792262  80.7309901672497948 109.7874192024229727  -0.5679273917044839
 133.3560835446888286  83.4295190864893508 106.7147245086670081  -0.4157273900581494
 132.7834965261106944  84.5728033975117023 105.2823120991547077   0.2718726099418505
 136.0791789036693573  83.2424361992311399 107.2665245397720167  -0.0875273900581495
 136.5478309848818098  81.2374367711406916 107.3175471453878924   0.0968726099418505
 137.6797769391006466  84.4405225681372141 105.1386929129766916   0.2984726099418505
 136.9219967593982318  83.7904567780683146 103.3358941812158160  -0.0297273900581495
 137.6457618686900628  87.3318035530367316 105.1330237345749275  -0.3192273900581494
 138.6643242548736204  88.0404508532572010 103.4889619980634432   0.0790726099418505
 135.7031234030190317  87.9667515340342696 105.0234196188074952   0.0790726099418505
 138.5150358902938538  88.0820248282034657 106.8432258857736627   0.0790726099418505
 136.7254652414704231  84.2780061206199893 109.8894644136547243   0.5972726104906286
 138.4885797244189373  83.3463711365968081 111.0724329734894234  -0.5679273917044839
 135.2382507740743862  86.0694664955773368 110.8721220032937677  -0.4157273900581494
 133.8663096008475590  86.8348055798154459 109.7741911194855279   0.2718726099418505
 135.4631281840110148  86.9462994217167951 113.4761646158372530   0.0212726099418505
 137.4133255542177401  87.4829816437504285 113.8030872370056330   0.1123726099418505
 133.8474123395083369  89.3254646243236519 113.8503303903536616  -0.1231273900581494
 134.6203103282821402  90.8731503280051621 112.7240536145366021   0.1111726099418505
 131.9047738738373058  88.9777550156821463 113.2512872059006244   0.1111726099418505
 133.8965452189903093  90.1569441232490118 117.1819175644568251  -0.3119273900581495
 132.9346746168243913  92.5096531599809655 116.9797168681272524   0.1932726099418505
 134.8111726678081850  84.8827184834747905 115.4150236292404636   0.5972726104906286
 136.3928734419002790  84.2269835150041136 116.9967244033325443  -0.5679273917044839
 132.4660225356119121  83.9416348687820116 115.3715599281602688  -0.4157273900581494
 131.2679361667058377  84.5217807918958266 113.9901701242638307   0.2718726099418505
 131.4436806971605209  82.3788313560291397 117.4219127834648288  -0.0024273900581495
 132.0672903213545308  83.1498396186689995 119.2303806936274682   0.0977726099418505
 128.5429510815914057  82.4581998536538218 117.3633312733132721  -0.0343273900581495
 127.8683188517815201  82.6244957534388939 115.4206928076422278   0.0294726099418505
 127.8135167938977838  80.6761881093660855 118.1003244655425614   0.0294726099418505
 127.4544688284527503  84.5841417543152302 118.9355834167357551   0.0117726099418505
 128.0251661208969810  87.1163747737697141 118.3592169458897739  -0.1256273900581494
 129.1401045399104992  87.5661295936429713 116.7151552093782760   0.1329726099418505
 127.0954208630077166  89.0760207746460506 119.8842259359642147  -0.1704273900581494
 127.5054914340686260  91.0262181448527758 119.4193533070195960   0.1429726099418505
 125.5477351593262064  88.5015440299339861 121.9553657787419137  -0.1072273900581494
 124.7634988137489020  90.0114352109370654 123.0589658409519307   0.1296726099418505
 124.9902659498194339  85.9787596411491133 122.5544089631949374  -0.1704273900581494
 123.8469816387970958  85.5497918087489952 124.1852426167689770   0.1429726099418505
 125.9389084690479204  84.0172239141388601 121.0426280560579413  -0.1256273900581494
 125.5174995411834832  82.0764751746017324 121.5075006850025869   0.1329726099418505
 132.3696465027819245  79.6481770925129301 117.3538826426436611   0.5972726104906286
 132.7286944682269582  78.5162311382940933 119.3513231661984285  -0.5679273917044839
 132.7513711818340140  78.5672537439099690 115.1032188171434454  -0.4157273900581494
 132.4320074652013283  79.5971544868970544 113.5139591385156839   0.2718726099418505
 133.5299383490095815  75.9254166086880528 114.8499955151980105  -0.0031273900581495
 132.2562629347466452  74.7500069533890343 115.9687133864793891   0.0849726099418505
 133.3277376526800087  75.1203932756376091 112.0702083721998420  -0.0036273900581495
 131.3510841165983671  75.2111001300658194 111.4862829968181799   0.0170726099418505
 134.4181096319525676  76.4243043080432688 110.9023576214365043   0.0170726099418505
 132.2638218392823395  71.9286458354446147 107.6199033268152997  -0.6086273911557057
 142.3398415853504424 105.1405826391106083 112.7599584110811027  -0.5679273917044839
 139.4655681356562437 101.3592406451341878 115.0257400456526801   0.0396726099418505
 139.7660345909497072 100.7148440334670389 113.0906604845173165   0.1104726099418506
 138.7342441218287184  99.0594439401520266 116.6376764378875108   0.0559726099418505
 138.1654365555184178  99.7284069915601482 118.5028361320677900  -0.0173273900581495
 136.5875152336941576  97.5230965932740443 115.4301414383118253   0.0135726099418505
 135.4215542090647635  98.7589774848585496 114.2698495920841820  -0.0425273900581495
 137.4076563758159762  96.1020225405652583 114.1791427376559585  -0.0425273900581495
 134.8905411654328806  96.2380828222075936 117.3878977130542449   0.8053726088442941
 132.5964136388524834  95.9943081509317562 116.8549949432884585  -0.8188273878630369
 135.7957199835811587  95.4973101777104572 119.4420300206266520  -0.8188273878630369
 137.3452954133965992 103.3283352766801351 114.9255845605548588   0.5365726099418505
 136.3135049442755834 103.8291127021692680 112.9016878711251884  -0.5819273917044839
 136.7273549676043264 104.5037449319791536 117.0760929009572399  -0.4157273900581494
 137.6646591300292851 104.0691079211772583 118.6842498409242235   0.2718726099418505
 134.7790473235315314 106.4690601112572540 117.1365641372427133  -0.0031273900581495
 133.0971910643416163 105.7150593838226728 116.2351647713622822   0.0849726099418505
 133.9778034427489082 107.1153464490583197 119.8407622348840333  -0.0036273900581495
 132.5113759628260239 108.5647663937759256 119.7689526417950185   0.0170726099418505
 133.1028602427433803 105.4240415591987934 120.6117704975239063   0.0170726099418505
 136.0583919161962048 107.9713923877246525 121.6737965847876455  -0.0645273900581495
 135.1834487161906769 108.1301293829740303 123.5219487437626193   0.0351726099418505
 137.5437166574583114 106.5465388827480193 121.7890698789568283   0.0351726099418505
 137.1997865010846394 110.5470891082593179 121.0671944957989274   0.6950726082955160
 135.9412288958930917 112.2440631765205949 120.1544567731149550  -0.6086273911557057
 139.6337537615752324 110.9023576214365043 121.4054554737708353  -0.9407273895093712
 140.7656997157940426 109.5171883652722324 122.0574109899736651   0.4250726099418505
 140.3159448959207855 112.6182289510370035 120.9519212016297178   0.4250726099418505
 135.5028124328233626 108.7594081855698041 115.5378558279453409   0.5972726104906286
 133.8587506963118648 109.7269479661374859 114.2244961648700702  -0.5679273917044839
 137.9330002410460951 109.4415993199153840 115.4036852724369358  -0.4157273900581494
 139.1991167507733371 108.5836636551151345 116.5413004050575233   0.2718726099418505
 138.8476276898639708 111.4163631298630954 113.7086009303095622  -0.0024273900581495
 138.0085892864029569 113.2153824093561238 114.2736290443520156   0.0977726099418505
 141.7294600440938907 111.6469097182014880 113.9599345061210938  -0.0343273900581495
 142.1659867810296895 112.7788556724203114 115.6285626823735644   0.0294726099418505
 142.5477114600818058 109.7836397501551257 114.2679598659502651   0.0294726099418505
 142.9861279231515351 112.8223193735005064 111.6676967056746134   0.0117726099418505
 142.6629847542509888 115.4093544508386997 111.1631398279176469  -0.1256273900581494
 141.5404874307017763 116.5564182141288983 112.4235871592431115   0.1329726099418505
 143.7420183767200196 116.4921675255755778 108.9918445000421268  -0.1704273900581494
 143.4793464441049736 118.4839388707285678 108.6157889993917881   0.1429726099418505
 145.1196287283486107 114.9784968923046514 107.2986498840486836  -0.1072273900581494
 145.9341006920686654 115.8099763912299979 105.6205730771266155   0.1296726099418505
 145.4144260052403372 112.3801234581629301 107.7767505959307607  -0.1704273900581494
 146.4575548311648540 111.2122727073995925 106.4690601112572540   0.1429726099418505
 144.3486204657087377 111.3010898356938991 109.9593842806098087  -0.1256273900581494
 144.5564903404400743 109.3017595860052150 110.3165425199209253   0.1329726099418505
 138.0237070954743186 110.9118062521061155 110.9703877622576721   0.5972726104906286
 136.8048337390951187 112.5369707272783910 109.8252137251013902  -0.5679273917044839
 138.5074769857581595 108.6290170823292463 109.9763918158151006  -0.4157273900581494
 139.4523400527187854 107.3402238589949483 111.0384179030788396   0.2718726099418505
 137.6155262505473127 107.9184800559748465 107.4573868792980614  -0.0518273900581495
 138.3014968371607531 109.3130979428087294 106.1081224196782902   0.0921726099418505
 138.5962941140524527 105.2955401820921525 106.6712608075868267  -0.1102273900581495
 138.1484290203131260 103.9387168179367002 108.1565855488489333   0.0456726099418505
 137.5626139187975336 104.7248428896479352 104.9818456438612305   0.0456726099418505
 141.4384422194700247 105.1330237345749275 106.0741073492677064   0.3530726099418505
 142.5363731032782779 105.4618360818772243 107.7805300481985943  -0.0361273900581495
 142.0091395119142286 102.4760687902816496 105.0801114028251349  -0.4121273900581494
 141.5102518125590261 101.0833406295816836 106.5125238123374355   0.0999726099418505
 140.9187675326416699 102.1075721941670051 103.3717989777603167   0.0999726099418505
 142.2907087058684969 107.0114115116926514 104.0407620291684384  -0.4121273900581494
 144.2598033374144443 106.6637019030511458 103.5532126866167637   0.0999726099418505
 141.1228579551051727 106.8092108153630788 102.3551263177106895   0.0999726099418505
 142.1433100674226337 108.9351527160244872 104.7550785077906718   0.0999726099418505
 134.7412528008531140 108.0186355410726812 107.2684142659059470   0.5972726104906286
 133.7926102816246276 109.1184561510148511 105.4580566296093773  -0.5679273917044839
 133.3636424492244960 106.9887347980855957 109.1146766987470040  -0.4157273900581494
 134.2593726367031764 106.1062326935443733 110.5640966434646099   0.2718726099418505
 130.6046422936994800 107.1229053535940006 109.1014486158095592  -0.0275273900581495
 129.9167819809521362 106.1194607764818181 107.4347101656910056   0.1122726099418506
 129.4802552440163374 105.8284429518579521 111.4409295696040681  -0.0050273900581495
 130.3211833736112816 106.6259073803727149 113.1379036378653449   0.0338726099418505
 127.5054914340686260 106.3518970909541410 111.4673857354789577   0.0338726099418505
 129.5218292189626155 102.9881845725743104 111.6223432784605017  -0.1415273900581494
 130.7425923014757456 101.6086844948117891 113.3949063920786405  -0.1638273900581494
 131.9557964794531817 102.3589057699785231 114.8481057890640801   0.2061726099418505
 130.1832333658350429  99.0764514753573184 113.1360139117314282  -0.3418273900581494
 130.9580210807427497  97.7139589328000890 114.2736290443520156   0.3411726099418505
 128.5127154634486555  98.6777192610999371 111.1858165415247029   0.1379726099418505
 127.3202982729443452  96.5045342070904867 110.2466226529658409  -0.2601273900581494
 127.6698976077197811  94.7130738321331391 111.0988891393643130   0.1571726099418505
 125.6932440716381394  96.7218527124914344 108.1584752749828500  -0.1134273900581494
 124.7823960750880973  95.0947985111852420 107.4082539998161160   0.1416726099418505
 125.2737248699076324  99.0783412014912353 107.0151909639604987  -0.1972273900581494
 124.0643001441980301  99.2087323047318066 105.4089237501274317   0.1446726099418505
 126.4453550729388171 101.2666440645720474 107.9619437570550413  -0.2387273900581495
 126.1354399869757291 103.0335379997884221 107.0548752127728465   0.1699726099418505
 128.1102037969234406 101.1343632351975592 110.1332390849305614   0.1242726099418505
 129.6616689528727844 109.8781260568511962 108.8633431229354724   0.5972726104906286
 128.1801236638785116 110.4223671834205105 107.1531409717367508  -0.5679273917044839
 130.6046422936994800 111.6563583488710855 110.3978007436795378  -0.4157273900581494
 131.8575307204892638 111.1310144836409800 111.7508446555671563   0.2718726099418505
 129.8525312923988291 114.3435489113071136 110.2220562132248548  -0.0389273900581495
 127.8078476154960198 114.4418146702710180 110.4185877311526635   0.1006726099418505
 131.0940813623850850 116.0159565398274178 112.2856371514668594   0.3653726099418505
 130.0981956898085834 117.8206449977222101 112.2648501639937339   0.0042726099418505
 131.0449484829031394 115.0370784024562080 115.0011736059117072  -0.2438273900581494
 131.4625779584997163 116.5904332845394821 116.2824079247103109   0.0641726099418505
 129.2194730375351948 114.2037091773969312 115.4490386996510475   0.0641726099418505
 132.5302732241652460 113.6821447644346728 115.3299859532140041   0.0641726099418505
 133.6659986306519167 116.5186236914504674 111.7886391782455737  -0.6761273884118151
 134.5673979965323342 114.9369229173583867 111.6185638261926681   0.4101726099418505
 130.4836998211285333 115.5151791143382849 107.6501389449580365   0.5972726104906286
 128.9435730219826905 116.8757819307615842 106.5578772395515472  -0.5679273917044839
 132.7060177546199023 114.9066872992156367 106.6088998451674229  -0.4157273900581494
 133.9078835757938371 113.8125358676752307 107.6217930529492166   0.2718726099418505
 133.5469458842148733 115.8515503661762626 104.1598147756054818  -0.0252273900581495
 133.5204897183399837 117.9113518521504336 104.1692634062750928   0.0697726099418505
 135.4782459930823765 115.2147126590448079 103.8366716067049489   0.0697726099418505
 131.9028841477033757 114.9010181208138727 101.9866297215960448   0.5972726104906286
 131.2603772621701434 116.3750045052724513 100.3028837362722128  -0.5679273917044839
 131.1715601338758503 112.4764994909929175 102.0319831488101565  -0.4157273900581494
 131.7460368785879146 111.3672302503811365 103.4889619980634432   0.2718726099418505
 129.4878141485520317 111.3993555946578034 100.1139111228800847  -0.0237273900581495
 130.2380354237187522 111.9133611030843811  98.2752075945747087   0.0879726099418505
 129.2969518090259869 108.4967362529547581 100.2991042840043655   0.0341726099418505
 128.4692517623684741 108.0148560888048339 102.1245797293722969   0.0240726099418505
 127.9835921459507029 107.8542293674215260  98.8459048870189261   0.0240726099418505
 131.7403677001861507 106.9509402754071646 100.0043070071126525   0.0017726099418505
 133.0102636621812264 107.3629005726020043 101.5538824369280796   0.0439726099418505
 131.2093546565542946 104.9686175609237723 100.1932796205047803   0.0439726099418505
 133.5299383490095815 107.2268402909596689  97.0922390347399960  -0.2737273900581494
 135.5028124328233626 109.9404870192705866  97.7914377042908677  -0.0536273900581495
 136.8955405935233154 110.1729233337429092  96.2928848800913165   0.0683726099418505
 134.3576383956670943 111.6450199920675576  97.9048212723261337   0.0683726099418505
 136.4760213917928084 109.6456897423788735  99.5847878053821321   0.0683726099418505
 126.8233002997230461 112.5388604534123079 100.2613097613259346   0.5972726104906286
 125.7631639385932372 113.1586906253384840  98.2865459513782366  -0.5679273917044839
 125.8179659964769467 112.9413721199375362 102.5516578356384981  -0.5163273900581494
 126.8289694781248100 112.4179179808413476 104.0917846347843141   0.2935726099418505
 121.8778870072511483 113.0434173311692878 102.0773365760242683   0.0879726099418505
 123.2290411930048230 116.7699572672619990 101.7277372412488323   0.5365726099418505
 121.6643479541180478 117.2140429087334920 100.0496604343267643  -0.5819273917044839
 124.9335741658017942 118.4782696923268039 102.4855174209512473  -0.4157273900581494
 126.1959112232612024 117.9737128145698372 103.8442305112406297   0.2718726099418505
 124.8296392284361394 121.1144376491469427 101.6389201129545257  -0.0875273900581495
 122.9002288457025397 121.7682828914837026 101.9582838295872249   0.0968726099418505
 126.5908639852507501 122.8114117174082463 103.2300695177162308   0.2984726099418505
 126.1524475221810210 122.4807096439720059 105.2180614106013870  -0.0297273900581495
 129.4197840077308639 122.3030753873834194 102.8445653863962943  -0.3192273900581494
 130.5044868086016589 123.4066754495934363 104.2032784766856766   0.0790726099418505
 129.8222956742560791 120.3131937683643462 103.1563701984932993   0.0790726099418505
 130.0074888353803597 122.8265295264796080 100.9416111695375842   0.0790726099418505
 126.1127632733686732 125.6138755740134438 102.6839386650129863  -0.3192273900581494
 127.2144736094447600 126.7741674202411005 103.9840702451508122   0.0790726099418505
 126.6437763170005293 126.0844173813598533 100.7507488300115394   0.0790726099418505
 124.1209919282156699 126.0409536802796450 102.9560592282976434   0.0790726099418505
 125.2945118573807581 121.3601020465567236  98.7967720075369671   0.5972726104906286
 123.9395782193592227 122.7717274685958985  97.5401041284793363  -0.5679273917044839
 127.1029797675434108 119.9579252551871464  97.7064000282644082  -0.4157273900581494
 128.1272113321287324 118.7541697078793080  98.7967720075369671   0.2718726099418505
 127.6887948690589764 120.2035896525969140  94.9927532999534906  -0.0875273900581495
 127.7832811757550604 122.2199274374908900  94.5845724550264982   0.0968726099418505
 130.3174039213434478 119.1169971255921887  94.3710334018933976   0.2984726099418505
 131.6269841321508714 119.7160403100452259  95.8469095124858931  -0.0297273900581495
 130.3797648837628516 116.2313853190944352  94.2160758589118535  -0.3192273900581494
 132.3356314323713409 115.5926578858290502  94.1310381828853939   0.0790726099418505
 129.5010422314894630 115.4263619860439917  95.8884834874321576   0.0790726099418505
 129.3687614021149883 115.5718708983559247  92.5474476826593830   0.0790726099418505
 131.3057306893842554 120.1639054037845662  91.8558079176442055  -0.3192273900581494
 133.2124643585107991 119.4590375558319438  91.5137674874044639   0.0790726099418505
 130.0849676068711251 119.5837594806707377  90.3024530355609448   0.0790726099418505
 131.3680916518036590 122.2199274374908900  91.9351764152689011   0.0790726099418505
 125.5911988604063878 119.1358943869313974  93.3165662191653393   0.5972726104906286
 125.0299501986317817 120.2016999264629837  91.3210154217445022  -0.5679273917044839
 124.3704357778932578 117.0704237225554759  94.1008025647426573  -0.4157273900581494
 124.8466467636414312 116.2767387463085469  95.7864382762004196   0.2718726099418505
 122.4504740258292825 115.8364325571049009  92.5587860394629110  -0.0237273900581495
 123.2441590020762115 115.6399010391770922  90.6671701794077423   0.0879726099418505
 121.9780424923489695 113.1983748741508318  93.6756141846103730   0.0341726099418505
 123.7884001286455258 112.2497323549223588  93.9307272126897516   0.0240726099418505
 121.1163273752808728 113.4062447488821685  95.5351047003888880   0.0240726099418505
 120.3453191126409998 111.4919521752199438  92.0107654606257495   0.0017726099418505
 119.5213985182513341 112.6012214158317115  90.4914256489530726   0.0439726099418505
 121.5660821951541300 110.0784370270468387  91.1414914390219721   0.0439726099418505
 117.8149758193204462 109.8819055091190300  93.6604963755390113  -0.2737273900581494
 115.8855654365868465 112.5936625112960306  94.4692991608573020  -0.0536273900581495
 116.7510600059227768 113.6235632542831161  96.0283232213423401   0.0683726099418505
 115.7022620015964826 113.8408817596840504  92.8403552334171793   0.0683726099418505
 114.0185160162726504 111.9530453518967289  95.0305478226319081   0.0683726099418505
 120.0599704664188979 117.4767148413485381  92.2772168455086562   0.5972726104906286
 119.0508567109049513 117.6486799195353741  90.1796208368560542  -0.5679273917044839
 119.1699094573419813 118.7560594340132383  94.2784368213312572  -0.3661673899483938
 120.0146170392047860 118.4159087299074001  96.0358821258780209   0.3114426098869728
 115.3810085588298800 119.8426519610179502  92.9348415401132498   0.2246226102162396
 117.6524593718032211 123.1988055748620997  93.0671223694877380   0.8098826103259952
 116.8001928854047356 123.4199035325308945  90.9544085517637744  -0.6015073898386383
 119.8634389484910890 124.2929570064024923  93.5849073301821627  -0.4157273900581494
 120.8460965381301327 123.7052521787529966  95.1212546770601316   0.2718726099418505
 120.8404273597283687 126.4321269900013589  92.0561188878398613  -0.0518273900581495
 119.4420300206266520 127.9401284448705215  92.1751716342769047   0.0921726099418505
 123.3651014746471584 127.2522681321231775  93.2636538874155467  -0.1102273900581495
 122.9550309035862490 127.6698976077197811  95.2421971496310919   0.0456726099418505
 124.6690125070528178 125.6554495489597219  93.2428668999424076   0.0456726099418505
 124.7049173035973320 129.5671826461767004  92.1033620411878899   0.3530726099418505
 123.3027405122277546 130.9636902591445137  91.5251058442079918  -0.0361273900581495
 126.4245680854656646 130.7633792889488712  94.1026922908765740  -0.4121273900581494
 127.2919523809355253 132.4735814401476064  93.3505812895759231   0.0999726099418505
 125.3285269277913419 131.2660464405719076  95.7694307409951276   0.0999726099418505
 127.8985544699242433 129.4349018168022256  94.6582717742494298   0.0999726099418505
 126.4283475377335252 128.9114476777060368  89.8659262986251324  -0.4121273900581494
 127.4336818409796246 130.5989731152977160  89.2498755789668034   0.0999726099418505
 127.7946195325585885 127.4714763636580421  90.4177263297301410   0.0999726099418505
 125.3323063800591755 128.2235873649586930  88.2728871677295239   0.0999726099418505
 121.0539664128614692 125.8708783282267527  89.1723968074760381   0.5972726104906286
 120.6325574849970319 127.5621832180862656  87.6303802821962918  -0.5679273917044839
 121.4961623281990590 123.5030514824234239  88.3749323789612619  -0.4157273900581494
 121.9326890651348578 122.1764637364107085  89.6845125897686989   0.2718726099418505
 121.2334903955839861 122.7622788379262741  85.6953007210609282  -0.0249273900581495
 122.2596116863032377 124.1644556292958513  84.5973698372526884   0.0842726099418505
 122.5940932120072852 120.2659506150163176  85.1378315115541557   0.2116726099418505
 123.0476274841484028 120.2073691048647476  83.1271629050619435   0.0351726099418505
 124.3628768733575903 120.1846923912576917  86.1960781465500609   0.0351726099418505
 121.1030992923434146 118.1343395359531453  85.7009698994626921  -0.6546273911557058
 120.6646828292736989 118.1853621415690076  87.4905405482861228   0.4274726099418505
 118.4820491445946509 122.7660582901941346  84.6937458700826624   0.5972726104906286
 118.0039484327125740 123.6825754651459406  82.6055984920996852  -0.5679273917044839
 116.6395661640214277 121.8741075549832878  86.1752911590769220  -0.4157273900581494
 117.1290052327070325 121.3657712249584877  87.9573029033646718   0.2718726099418505
 113.9259194357105100 122.1972507238838342  85.6839623642574001  -0.0581273900581495
 113.4893926987746978 121.4035657476369052  83.8433691098181072   0.1359726099418505
 112.3404392093505823 120.7799561234428953  87.6549467219372645  -0.0074273900581495
 113.2909714547129722 120.7100362564878106  89.4690838105016680   0.0366726099418505
 110.5565377389289156 121.7777315221533004  87.9384056420254496   0.0366726099418505
 111.6828145147459885 118.1589059756941180  86.8253569491458349   0.1867726099418505
 110.1956000473499652 117.6373415627318462  84.7258712143593296  -0.5432273900581495
 109.7666322149498337 115.1429030659557932  84.7863424506448028   0.1634726099418506
 108.5874431073829816 114.1432379411114577  83.4465266216946428   0.1434726099418505
 110.9250343350435603 114.0922153354955820  86.7837829741995702  -0.2795273900581494
 110.8645630987580869 112.2346145458509971  87.2392069724745912   0.3338726099418505
 112.1457974175566905 115.9743825648811531  88.1028118156766048  -0.2207273900581494
 113.1605803514724009 115.7929688560247061  89.8621468463572854   0.1861726099418506
 113.1114474719904553 124.9751481407480722  85.6234911279719269   0.5972726104906286
 111.7092706806208781 125.7253694159148197  83.9208478813088725  -0.5679273917044839
 114.0374132776118591 126.5644078193758337  87.3544802666437875  -0.4157273900581494
 115.1674695056967793 125.8708783282267527  88.7415392489419898   0.2718726099418505
 113.3249865251235560 129.2572675602136391  87.3677083495812323  -0.0389273900581495
 111.2670747652833154 129.3479744146418358  87.3695980757151627   0.1006726099418505
 114.2358345216735981 130.7104669571990652  89.7185276601792693   0.3653726099418505
 113.1851467912133870 132.4792506185493704  89.7978961578039649   0.0042726099418505
 113.8616687471571895 129.3064004396955845  92.2035175262857246  -0.2438273900581494
 114.6118900223239237 130.4534642029857832  93.7360854208958597   0.0641726099418505
 111.8604487713345885 128.9397935697148567  92.5247709690523406   0.0641726099418505
 114.8632235981354553 127.5224989692739178  92.2016278001517943   0.0641726099418505
 116.8153106944761107 131.3189587723217136  89.6013646398761560  -0.6761273884118151
 117.1630203031176163 132.4792506185493704  90.9544085517637744   0.4101726099418505
 114.2263858910039871 130.5819655800924242  84.9564178026977219   0.5972726104906286
 112.7561789588132556 131.9595759317210153  83.7772286951308564  -0.5679273917044839
 116.5601976663967321 130.0868573330050553  84.0965924117635555  -0.4157273900581494
 117.7337175955618336 129.0664052206875944  85.2266486398484623   0.2718726099418505
 117.5598627912410809 131.2528183576344762  81.7760087193082554  -0.0875273900581495
 116.9929449510646972 133.2275821675821876  81.8497080385311871   0.0968726099418505
 120.4738204897476542 131.3019512371164216  81.7344347443619907   0.2984726099418505
 121.1276657320844009 131.9161122306408339  83.5901458078726589  -0.0297273900581495
 121.6832452154572431 128.7451517779209784  81.1542888212481624  -0.3192273900581494
 123.7317083446278862 128.8906606902329113  81.3205847210332345   0.0790726099418505
 121.0123924379152179 127.3807695092298186  82.5262299944749896   0.0790726099418505
 121.1994753251734022 128.1102037969234406  79.2570037827912297   0.0790726099418505
 121.4545883532527809 133.2181335369125630  79.7936860048248631  -0.3192273900581494
 123.5068309346912576 133.3447451878853007  79.9202976557975874   0.0790726099418505
 120.9330239402905089 132.6493259706022626  77.8831728834304722   0.0790726099418505
 120.6590136508719350 135.0776240526910917  80.1848593145465638   0.0790726099418505
 116.3787839575402985 130.1643361044958207  79.3571592678890509   0.5972726104906286
 115.9271394115331110 131.5967485140081480  77.5751475236013144  -0.5679273917044839
 115.7287181674713856 127.7152510349338929  79.2362167953180906  -0.4157273900581494
 116.1368990123983779 126.5492900103044719  80.7102031797766693   0.2718726099418505
 114.4059098737265038 126.7042475532860295  76.9931118743535692  -0.0875273900581495
 115.3866777372316439 127.4695866375241118  75.3509398639760017   0.0968726099418505
 114.6043311177882428 123.8072973899847479  76.7587858337473296   0.2984726099418505
 116.5318517743879122 123.2517179066118789  77.2274379149597953  -0.0297273900581495
 112.7883043030899226 122.3370904577940030  78.4519804497407728  -0.3192273900581494
 113.2437283013649435 120.3283115774357079  78.4141859270623417   0.0790726099418505
 112.9961741778212592 123.0192815921395831  80.3624935711351637   0.0790726099418505
 110.8286583022135861 122.5978726642751458  77.8680550743591107   0.0790726099418505
 111.6903734192816694 127.6963537735946707  76.8173673438988861   0.5972726104906286
 110.3486678641975790 127.9835921459507029  78.9470886968281415  -0.4157273900581494
 111.0403076292127565 127.3014010116051230  80.6062682424110009   0.2718726099418505
 107.9033622469034848 129.2761648215528344  78.9565373274977393  -0.0518273900581495
 106.7392909484079944 128.3842140863420145  77.5127865611819108   0.0921726099418505
 106.5729950486229223 128.9341243913130928  81.5190059650949599  -0.1102273900581495
 106.3235511989453211 126.9215660586869639  81.9063998225488267   0.0456726099418505
 107.7843095004664414 129.7221401891582578  82.9892128972856914   0.0456726099418505
 103.9784010667490480 130.2682710418615024  81.5927052843178915   0.3530726099418505
 104.2183962857570383 132.2373656734074499  81.0484641577485772  -0.0361273900581495
 102.0508804101493653 129.0550668638840665  79.8012449093605440  -0.4121273900581494
 101.8354516308823478 127.0557366141953688  80.2491100030998843   0.0999726099418505
 102.8880290874764759 130.3306320042809060  84.2553294070129333  -0.4121273900581494
 101.9771810909264336 132.1409896405774623  84.6030390156544524   0.0999726099418505
 101.5160879142496487 128.8207408232778133  84.4896554476191731   0.0999726099418505
 104.3809127332742632 130.0849676068711251  85.6461678415789826   0.0999726099418505
 108.1849314408577530 132.0786286781580587  78.2478900272772698   0.5972726104906286
 110.1502466201358535 133.3900986150994124  79.1492893931577142  -0.4157273900581494
 111.3105384663634968 132.5397218548348438  80.4267442596884842   0.2718726099418505
 113.1019988413208444 136.9692399127462469  79.7067586026644867   0.0341726099418505
 112.7278330668044357 137.1015207421207485  81.7230963875584628   0.0240726099418505
 114.6421256404666603 135.6464316190013921  79.4289688609780523   0.0240726099418505
 114.9331434650905397 139.8813078851189170  84.2987931080931284   0.0683726099418505
 109.0693232715328921 139.5884003343611207  83.1819649629456664   0.4477726099418505
 110.3146527937869952 138.1049653192329175  85.9636418320777516  -0.8340273900581494
 111.3162076447652608 136.7481419550774789  86.6836274891017490   0.4169726099418505
 111.0308589985431589 139.5676133468879682  86.9122843513062112   0.4169726099418505
 102.0395420533458374 120.7629485882376032 106.8942484913895384  -0.8340273900581494
 102.0149756136048647 122.3276418271244055 107.8145451186091782   0.4169726099418505
 103.5003003548669711 119.8993437450355898 107.5915574348064799   0.4169726099418505
 117.4143538789291479 114.0846564309599012  86.5022137802453020  -0.8340273900581494
 117.9604847316323790 114.8953489424121088  84.9450794458941940   0.4169726099418505
 117.7318278694279167 115.4377003428475196  87.7210871366245153   0.4169726099418505
 106.8129902676309259 120.2583917104806233  81.3508203391759711  -0.8340273900581494
 105.5241970442966281 119.0640847938423961  82.0216731167180231   0.4169726099418505
 108.2227259635361707 119.7991882599377686  82.4563101275199049   0.4169726099418505
 103.9160401043296445 123.2706151679511011  93.9174991297522934  -0.8340273900581494
 105.0423168801467040 122.7717274685958985  92.5720141224003693   0.4169726099418505
 105.1311340084410107 124.2608316621258388  94.9833046692838795   0.4169726099418505
 133.9475678246061850  96.7861034010447549 123.8148562945204154  -0.8340273900581494
 132.4395663697370226  95.7580923841915997 123.8205254729221793   0.4169726099418505
 134.7053480043086000  96.2872157016895525 122.1726842841428479   0.4169726099418505
 105.6016758157873934 119.1491224698688556  87.3261343746349676  -0.8340273900581494
 104.6416949397554058 118.2344950210509665  86.0014363547561691   0.4169726099418505
 107.3062087885843645 118.6143299739691391  86.8801590070295577   0.4169726099418505
 114.7252735903592031 110.3392192335279813  88.7604365102811986  -0.8340273900581494
 116.1557962737375866 110.0557603134397827  89.8753749292947436   0.4169726099418505
 115.4358106167135893 111.6582480750050159  87.6473878174015837   0.4169726099418505
 125.3360858323270360  96.6462636671345860 117.2669552404832846  -0.8340273900581494
 126.6947989226164049  97.1470410926237189 118.4442546219162200   0.4169726099418505
 126.1259913563061045  97.0374369768562865 115.6625777527841482   0.4169726099418505
 124.2948467325364226 107.2381786477631970 106.9566094538089285  -0.8340273900581494
 125.6460009182901241 108.4872876222851469 106.7468498529436750   0.4169726099418505
 122.8794418582294140 108.1471369181793221 106.1799320127673050   0.4169726099418505
 129.4613579826771152  98.1523753958698181 119.8502108655536308  -0.8340273900581494
 130.6008628414316464  98.5586665146628937 121.2278212171822219   0.4169726099418505
 130.6537751731814255  97.2339684947840952 118.7144854590669604   0.4169726099418505
 118.7409416249418634 103.0070818339135191 134.3784253831402198  -0.8340273900581494
 117.3444340119740499 101.8751358796946822 134.7507014315227117   0.4169726099418505
 118.4782696923268039 104.3034339617834979 135.6880055939476434   0.4169726099418505
$end
