$point_charges
  86.4304041871563007 127.2409297753196496  99.3466823125080587   0.3530415197802020
  86.0014363547561691 125.7385974988522511 100.6883878675921359  -0.0361584802197980
  89.2895598277791512 127.6642284293180172  99.2654240887494464  -0.4121584802197980
  90.2249742640701659 125.8859961372981144  98.8232281734118701   0.0999415197802020
  89.7752194441969089 129.0588463161519001  97.8273425008353685   0.0999415197802020
  89.9963174018657037 128.3010661364494853 101.0871200818495306   0.0999415197802020
  86.8026802355387790 129.8827669105415523 104.5509880853271823   0.5972415203289801
  87.3431419098402596 128.0005996811559947 105.8000970598491324  -0.5679584818661324
  88.1557241474263974 132.0124882634708213 104.6322463090857948  -0.4157584802197979
  90.4044982467926962 132.3148444448982152 106.2026087263743607   0.0212415197802020
  91.7669907893499122 130.8692039524484564 105.6697059566085611   0.1123415197802020
  91.5477825578150477 134.9245562358434644 105.6451395168675882  -0.1231584802197980
  92.1600538252055297 135.0001452812002996 103.6741551591877240   0.1111415197802020
  94.2274142157153814 135.5746220259123639 107.6860437415025370  -0.3119584802197979
  95.8091149898074754 133.8398534349726694 106.7336217700062303   0.1932415197802020
  89.7941167055361311 131.8820971602302500 109.0126314875152525   0.5972415203289801
  90.9695263608351496 130.2890580293346281 110.2258356654927018  -0.5679584818661324
  86.7346500947176247 129.1552223489818876 115.3772291065620327  -0.5679584818661324
  84.3894999625213384 125.9842618962620322 111.8283234270579215  -0.0875584802197980
  84.2307629672719606 121.2807335489320280 109.0976691635417120   0.0790415197802020
  86.7743343435299591 124.3723255040271879 112.0834364551372868   0.5972415203289801
  86.8990562683687664 122.8038528128725521 113.7936386063360218  -0.5679584818661324
  88.6810680126565030 124.7653885398828053 110.4733897890363864  -0.4157584802197979
  88.5034337560679164 126.1241016301722010 109.1316842339522959   0.2718415197802020
  91.0810202027364987 123.3839987359863805 110.6510240456249861  -0.0518584802197980
  90.6841777146130341 121.3657712249584877 110.7285028171157516   0.0921415197802020
  92.7231922131140662 123.9414679454931531 108.3115430918304773  -0.1102584802197980
  92.9216134571757916 125.9861516223959355 108.1452471920454052   0.0456415197802020
  94.6053594424996372 123.1534521476479880 108.6176787255257182   0.0456415197802020
  91.6819531133234526 122.8926699411668454 105.8038765121169660   0.3530415197802020
  89.7279762908488803 123.4917131256198961 105.5544326624393647  -0.0361584802197980
  93.2277490908710461 123.9112323273504030 103.5872277570273476  -0.4121584802197980
  92.5247709690523406 123.1326651601748624 101.8165543695431257   0.0999415197802020
  93.0746812740234189 125.9615851826549762 103.5267565207418607   0.0999415197802020
  95.2100718053544384 123.3839987359863805 103.8121051669639762   0.0999415197802020
  91.7783291461534403 120.0051684085351750 105.6810443134120890  -0.4121584802197980
  91.0413359539241509 119.3569923446001924 103.8725764032494494   0.0999415197802020
  93.7304162424940957 119.3683307014037203 105.8624580222685360   0.0999415197802020
  90.6501626442024504 119.1793580880115925 107.1871560421473211   0.0999415197802020
  92.4945353509095906 124.0000494556446962 113.1114474719904553   0.5972415203289801
  93.3524710157098400 122.2671705908389052 114.4040201475925869  -0.5679584818661324
  92.5644552178646750 126.4056708241264693 113.8805660084963982  -0.4157584802197979
  91.9540736766081099 127.7757222712193663 112.6843693657242543   0.2718415197802020
  93.7039600766191927 127.1653407299628146 116.2824079247103109   0.0212415197802020
  95.6900622433704322 126.6003126159203478 116.2691798417728661   0.1123415197802020
  93.5735689733786348 130.0490628103266378 116.5715360232002600  -0.1231584802197980
  91.6101435202344513 130.6707827083867174 116.4732702642363556   0.1111415197802020
  94.3634744973577168 130.5725169494228265 118.4045703731038722   0.1111415197802020
  95.3952649664787190 131.5778512526689258 114.0978845138973460  -0.3119584802197979
  95.1609389258724794 133.9607959075436163 114.8972386685460389   0.1932415197802020
  92.4548511020972428 125.8330838055483084 118.5425203808801244   0.5972415203289801
  93.7776593958421244 124.6992481251955679 120.0788677277581067  -0.5679584818661324
  89.9263975349106193 125.8614296975571281 118.7579491601471552  -0.4157584802197979
  88.8832687089860756 126.7741674202411005 117.4294716880005095   0.2718415197802020
  88.6508323945137661 124.5839748310263851 120.8706629778711188  -0.0518584802197980
  89.6183721750814480 125.1811282893454786 122.5903137597394515   0.0921415197802020
  88.9550783020750903 121.6964732983947013 120.7534999575679923   0.5972415203289801
  89.1553892722707461 120.4908280249529462 122.7282637675156903  -0.5679584818661324
  89.0798002269138977 120.5758657009793923 118.4914977752642621  -0.4157584802197979
  88.8794892567182420 121.6341123359752977 116.9060175489043208   0.2718415197802020
  89.6164824489475311 117.8830059601416137 118.1967004983725354   0.0336415197802020
  88.2294234666493290 116.8134209683421804 119.2851827515111777   0.0822415197802020
  89.3368029811271798 117.1535716724480052 115.4074647247047696  -0.1825584802197980
  89.6334899841528232 115.1258955307505011 115.1939256715716689   0.0602415197802020
  87.4470768472059279 117.6335621104640124 114.7422811255644950   0.0602415197802020
  90.7314208679610628 118.1494573450245070 114.2641804136824180   0.0602415197802020
  92.2413120489641421 117.2064840041978112 119.2454985026988299   0.5972415203289801
  92.5020942554452846 115.3016400612051844 120.5569684396401836  -0.5679584818661324
  94.1423765396889218 118.8203101225665588 118.8354279316379205  -0.4157584802197979
  93.8608073457346536 120.3188629467661102 117.6713566331424301   0.2718415197802020
  96.6235869535275301 118.5047258582017069 120.0032786824012581  -0.0024584802197980
  97.2377479470519424 116.5696462970663431 119.6555690737597525   0.0977415197802020
  98.5605562407968106 120.2432739014092618 118.7201546374687243  -0.0343584802197980
  98.5681151453324914 119.8691081268928532 116.6962579480390673   0.0294415197802020
  97.9898589483525933 122.2048096284195284 118.9903854746194644   0.0294415197802020
 101.2137317328222548 119.8634389484910890 119.7406067497861986   0.0117415197802020
 102.3418982347732313 117.4464792232058015 119.6536793476258222  -0.1256584802197980
 101.3875865371430076 115.9120216024617495 118.7598388862810721   0.1329415197802020
 104.6700408317642257 117.0137319385378363 120.8574348949336605  -0.1704584802197980
 105.4731744386807524 115.1636900534289322 120.8763321562728827   0.1429415197802020
 105.8964730926791064 119.0092827359586734 122.1122130478573746  -0.1072584802197980
 107.6274622313509805 118.6748012102546125 123.0854220068268203   0.1296415197802020
 104.8344470054153674 121.4470294487170866 122.1084335955895408  -0.1704584802197980
 105.7736408939742294 122.9625898081219433 123.0551863886840702   0.1429415197802020
 102.4836276948173304 121.8722178288493843 120.9424725709601201  -0.1256584802197980
 101.6408098390884561 123.7033624526190662 121.0293999731205100   0.1329415197802020
  96.5668951695098904 118.8467662884414484 122.8945596673007757   0.5972415203289801
  97.7687609906838119 117.3897874391881617 124.2494933053223109  -0.5679584818661324
  95.0437759055693663 120.6061013191221424 123.8961145182790413  -0.4157584802197979
  94.1593840748942138 121.8174157709656482 122.7018076016408007   0.2718415197802020
  94.6223669777049291 120.8404273597283687 126.6532249476701538  -0.0875584802197980
  96.4535116014746110 121.1163273752808728 127.5565140396845017   0.0968415197802020
  92.9405107185150139 123.1326651601748624 127.3221879990782755   0.2984415197802021
  91.1225941776827634 122.9493617251844850 126.3792146582515529  -0.0297584802197980
  92.4529613759633259 123.3480939394418664 130.1756744612993486  -0.3192584802197979
  94.2425320247867565 123.4066754495934363 131.1961265736168364   0.0790415197802020
  94.1423765396889218 125.6403317398883602 126.5096057614921243  -0.3192584802197979
  92.8516935902207072 127.1974660742394681 126.8913304405442136   0.0790415197802020
  95.9017115703696158 125.9407981951818237 127.5432859567470434   0.0790415197802020
  94.5713443720890534 125.6252139308169717 124.5046063334016895   0.0790415197802020
  93.5093182848253009 118.4007909208360384 127.7643839144158382   0.5972415203289801
  94.3332388792149666 117.5617525173749977 129.7693833425062999  -0.5679584818661324
  91.7159681837340365 117.1894764689925193 126.4548037036084148  -0.4157584802197979
  91.0866893811382626 117.9944998020429628 124.8334186807039730   0.2718415197802020
  90.6785085362112702 114.7177146858235223 127.2220325139804274  -0.0875584802197980
  90.0870242562939138 114.8424366106623162 129.1911271455263749   0.0968415197802020
  88.3352481301489140 114.0204057424065807 125.6289933830848323   0.2984415197802021
  88.7963413068256991 114.1640249285845834 123.6296631333961346  -0.0297584802197980
  88.7679954148168792 109.9461561976723505 125.5174995411834832   0.0790415197802020
  92.6853976904356351 112.6333467601083784 127.1048694936773143   0.5972415203289801
  92.8327963288814984 111.0932199609625491 128.8377483584831053  -0.5679584818661324
  94.2765470951973403 112.6106700465013226 125.1452234928009914  -0.4157584802197979
  94.0422210545911008 113.8975735437016903 123.7468261536992479   0.2718415197802020
  96.3571355686446370 110.8078713147404472 124.9203460828643628   0.0336415197802020
  95.5880170321386806 108.9049170978817506 125.0998700655868795   0.0822415197802020
  97.5117582364705164 111.0629843428198124 122.2766192215085298  -0.1825584802197980
  98.7419699496532576 109.4529376767189119 121.9289096128670241   0.0602415197802020
  96.0245437690744930 111.0610946166858955 120.8498759903979797   0.0602415197802020
  98.6002404896091584 112.8072015644291313 122.1330000353305003   0.0602415197802020
  98.3432377353958629 111.1253453052392160 127.0330599005883130   0.5972415203289801
  99.3863665613204066 109.2545164326571729 127.9193414573973690  -0.5679584818661324
  98.7873233768673695 113.4364803670249052 127.9609154323436469  -0.4157584802197979
  98.0163151142274963 114.9482612741619148 127.0689646971328270   0.2718415197802020
 100.3406782589506302 113.8427714858179808 130.2229176146473907  -0.0518584802197980
 102.0433215056136844 112.6938179963938519 130.0717395239336938   0.0921415197802020
 100.9605084308768063 116.6773606866998586 130.5063765347355891  -0.1102584802197980
  99.1898350433925845 117.7280484171600697 130.5460607835479100   0.0456415197802020
 101.8751358796946822 116.9627093329219606 132.3318519801035070   0.0456415197802020
 102.6518133207363194 117.8282039022578910 128.4484647748953216   0.3530415197802020
 101.8808050580964462 117.4597073061432463 126.5814153545811257  -0.0361584802197980
 102.8426756602623639 120.6873595428807549 128.8358586323492018  -0.4121584802197980
 104.0785565518468693 121.5056109588686565 127.4110051273725687   0.0999415197802020
 100.9737365138142511 121.5320671247435461 128.6468860189570606   0.0999415197802020
 103.5966763876969453 121.1030992923434146 130.7066875049312316   0.0999415197802020
 105.2974299082260692 116.7132654832443593 128.5845250565376568  -0.4121584802197980
 106.5200827168731297 117.6770258115441940 127.2447092275874832   0.0999415197802020
 106.0533203617945807 116.9494812499845158 130.4855895472624368   0.0999415197802020
 105.2275100412709848 114.7139352335556750 128.1026448923877463   0.0999415197802020
  99.0329877742771236 112.9168056801965636 132.6304287092630673   0.5972415203289801
 100.1951693466386972 111.5939973864516820 134.1478787948018273  -0.5679584818661324
  96.6141383228579191 113.5574228395958653 132.9667999611010448  -0.4157584802197979
  95.7883280023343366 114.6704715324754802 131.6421019412222597   0.2718415197802020
  95.0607834407746582 108.5194129665618138 133.3749808060280239  -0.4157584802197979
  95.3140067427201067 109.4132534279065641 131.7025731775077332   0.2718415197802020
  95.2384176973632581 104.8174394702100754 130.6424368163778977  -0.0074584802197980
  93.5187669154949119 105.3730189535829312 129.6503305960692565   0.0366415197802020
  96.8314568282588668 105.7245080144922838 129.7126915584886601   0.0366415197802020
  99.5847878053821321 107.5575423643958961 134.1157534505251737   0.2718415197802020
 104.0615490166415775 106.5219724430070466 135.4744665408145427  -0.1102584802197980
 103.7289572170714333 108.4211472075979095 136.2039008285081378   0.0456415197802020
 105.7207285622244368 105.7604128110367846 136.4325576907126268   0.0456415197802020
 104.6398052136214756 106.6863786166582018 132.6266492569952335   0.3530415197802020
 103.0505455349937007 107.5424245553245210 131.6345430366865657  -0.0361584802197980
 106.9622786322106927 108.3512273406428251 132.2411451256752836  -0.4121584802197980
 107.4328204395570887 108.3833526849194786 130.2399251498526825   0.0999415197802020
 106.5163032646052827 110.2598507359032857 132.8704239282710574   0.0999415197802020
 108.5572074892402315 107.6104546961456887 133.3126198436086472   0.0999415197802020
 105.2142819583335400 104.1125716222574531 131.4361217926248267  -0.4121584802197980
 105.8227737734561882 104.3582360196672072 129.4859244224181013   0.0999415197802020
 106.6788197121225075 103.1393626632880073 132.5075965105581901   0.0999415197802020
 103.5003003548669711 102.9673975851011713 131.4002169960803393   0.0999415197802020
 105.1538107220480665  89.9566331530533559 130.5366121528783125  -0.5579584818661324
 106.8640128732467883  90.5065434580244343 130.2814991247989338   0.3991415197802020
 105.9512751505628293  94.8661416489807664 130.5649580448871322   0.1655415197802020
 137.3774207576732528 112.2572912594580531 125.9351290167800598  -0.0425584802197980
 139.3767510073619236 121.8004082357603562 119.9276896370444097  -0.0024584802197980
 140.4897997002415383 122.9342439161131233 118.6143299739691391   0.0977415197802020
 139.5033626583346611 119.0508567109049513 119.0244005450300483  -0.0343584802197980
 138.3544091689105322 117.8716676033380858 120.2659506150163176   0.0294415197802020
 138.6813317900789124 118.9355834167357551 117.1365641372427133   0.0294415197802020
 142.1622073287618559 117.9982792543108100 118.9223553337982969   0.0117415197802020
 143.0352608026334805 119.5497444102601539 115.2525071817232254   0.1329415197802020
 136.6517659222474915 122.7698377424619682 119.7670629156611016   0.5972415203289801
 135.9941412276428977 124.0794179532693918 117.9567052793645453  -0.5679584818661324
 135.0587267913518695 122.2426041510979459 121.6643479541180478  -0.4157584802197979
 135.7069028552868655 121.1560116240932206 123.1024295420321123   0.2718415197802020
 132.3356314323713409 122.8435370616848999 121.5925383610290196  -0.0024584802197980
 131.5362772777226477 121.9194609821973996 119.9333588154461737   0.0977415197802020
 131.0222717692960836 121.7512753562784108 123.9414679454931531  -0.0343584802197980
 131.9463478487835571 122.4807096439720059 125.6346625614865962   0.0294415197802020
 129.0701846729554280 122.4145692292847685 123.9811521943055009   0.0294415197802020
 130.9599108068766799 118.8845608111198794 124.0302850737874462   0.0117415197802020
 129.3914381157220440 117.5352963515001081 122.3597671714010590  -0.1256584802197980
 128.2500435308336094 118.5444101070140545 121.0180616163169821   0.1329415197802020
 129.3120696180973484 114.8802311333407471 122.4145692292847685  -0.1704584802197980
 128.1479983196018580 113.8616687471571895 121.0823123048702891   0.1429415197802020
 130.7463717537435794 113.5574228395958653 124.2098090565099631  -0.1072584802197980
 130.6859005174581059 111.5165186149609167 124.2986261848042562   0.1296415197802020
 132.2487040302109778 114.9029078469478029 125.9294598383782959  -0.1704584802197980
 133.2483691550553132 113.8900146391660094 127.3769900569619848   0.1429415197802020
 132.4036615731925084 117.5504141605714698 125.8141865442091131  -0.1256584802197980
 133.5790712284915269 118.5519690115497353 127.1407742902218283   0.1329415197802020
 131.7290293433826228 125.6781262625667777 121.3015205364051536   0.5972415203289801
 129.5804107291141586 126.3584276707784274 120.7289335178270196  -0.5679584818661324
 133.6017479420985828 127.3448647126853313 121.6076561701004081  -0.4157584802197979
 135.3270679023686796 126.6399968647326956 122.0158370150273870   0.2718415197802020
 133.3579732708227321 130.0868573330050553 121.2920719057355560  -0.0581584802197980
 131.5041519334459942 130.6462162686457581 121.9345787912687881   0.1359415197802020
 133.4940335524650673 130.9712491636802080 118.5198436672730818   0.5972415203289801
 132.3715362289158548 132.8987698202798773 117.8414319851953492  -0.5679584818661324
 134.7431425269870174 129.5615134677749631 116.8304285035474724  -0.4157584802197979
 135.5670631213766965 127.9250106357991329 117.4105744266613007   0.2718415197802020
 134.8338493814152409 130.1945717226385708 114.1130023229687211  -0.0581584802197980
 135.3573035205114296 132.1712252587201857 113.8805660084963982   0.1359415197802020
 136.8464077140413698 128.5788558781358929 112.7845248508220754  -0.0074584802197980
 136.3116152181416533 126.5927537113846536 112.9375926676697026   0.0366415197802020
 136.8634152492466619 129.0664052206875944 110.7833048749994743   0.0366415197802020
 139.5128112890042589 128.8509764414205635 113.7652927143272021   0.1867415197802020
 141.4252141365325665 127.0897516846059526 113.3419940603288479  -0.5432584802197979
 132.2676012915501731 129.8468621139970652 112.7958632076256034   0.5972415203289801
 131.6439916673561632 131.2490389053666155 111.0459768076145204  -0.5679584818661324
 130.7369231230739816 128.0327250254326483 113.6594680508276169  -0.4157584802197979
 131.3643121995358253 126.9366838677583254 115.0918804603399309   0.2718415197802020
 128.2859483273780968 127.4355715671135548 112.5180734659391822  -0.0252584802197980
 128.5618483429306010 126.8365283826605043 110.5640966434646099   0.0697415197802020
 127.4034462228368744 125.8859961372981144 113.5517536611941014   0.0697415197802020
 126.4925982262868323 129.7013532016851322 112.5350810011444741   0.5972415203289801
 125.9653646349228100 130.8276299775021783 110.5735452741342075  -0.5679584818661324
 125.6271036569509020 130.4893689995302972 114.7649578391715507  -0.4157584802197979
 126.1864625925916048 129.5936388120516169 116.3542175177993256   0.2718415197802020
 123.7884001286455258 132.5529499377723020 114.9822763445724851  -0.0275584802197980
 122.1783534625446120 132.1050848440329483 113.7785207972646603   0.1122415197802020
 122.8095219912743160 132.6871204932807069 117.6902538944816522  -0.0050584802197980
 121.5490746599488382 134.3085055161851220 117.8527703419988771   0.0338415197802020
 121.6662376802519512 131.0071539602246951 118.0360737769892409   0.0338415197802020
 124.7578296353471380 132.8534163930657656 119.7349375713844347  -0.1415584802197980
 125.6441111921561938 130.8654245001806228 121.0520766867275657  -0.1638584802197980
 125.1168776007921715 128.9416832958487870 120.7780663973089649   0.2061415197802020
 127.2428195014535799 131.6364327628204958 122.9266850115774293  -0.3418584802197979
 128.0440633822361763 130.4213388587091295 124.1701248076976153   0.3411415197802020
 124.7880652534898612 135.1248672060391069 114.0941050616294989   0.5972415203289801
 123.2970713338259907 136.6593248267831589 113.1870365173473039  -0.5679584818661324
 127.2673859411945392 135.6067473701890443 114.2282756171379173  -0.4157584802197979
 128.4220086090204320 134.2896082548459266 114.9879455229742490   0.2718415197802020
 128.7923949312689936 135.9752439663036756 108.8935787410782225  -0.4157584802197979
 129.6389922392657286 134.5088164863807911 109.8006472853604175   0.2718415197802020
 128.4427955964935576 135.8354042323935065 106.1251299548835820  -0.0389584802197980
 129.2610470124814727 137.5267091222530194 105.2879812775564716   0.1006415197802020
 129.8052881390507870 133.5545047887505676 104.9610586563880916   0.3653415197802020
 129.4065559247934057 133.5374972535452757 102.9390516930923516   0.0042415197802020
 132.6701129580754151 133.6735575351875842 105.2936504559582356  -0.2438584802197979
 133.5204897183399837 131.9671348362567096 104.5075243842469874   0.0641415197802020
 133.4071061503047043 135.3100603671633875 104.2864264265782059   0.0641415197802020
 133.1784492881002152 133.8266253520352112 107.2816423488433918   0.0641415197802020
 128.9473524742505510 131.2584875360362401 105.9720621380359684  -0.6761584785734636
 129.4745860656145734 131.1469936941348910 107.7219485380470378   0.4101415197802020
 125.6497803705579579 135.8127275187864507 105.3503422399758752   0.5972415203289801
 124.9524714271410164 137.1223077295938741 103.5551024127506806  -0.5679584818661324
 124.0132775385821544 134.5182651170503888 106.7789751972203422  -0.4157584802197979
 124.7238145649365542 133.3485246401531343 108.1244602045722662   0.2718415197802020
 121.2675054659945697 134.5579493658627366 106.3613457216237385  -0.0237584802197980
 120.8763321562728827 133.9267808371330325 104.4394942434258331   0.0879415197802020
 119.8898951143659786 132.7230252898251943 108.1414677397775582   0.0341415197802020
 120.4398054193370705 133.1198677779486721 110.0841062054486027   0.0240415197802020
 117.8603292465345579 133.0480581848596708 107.9902896490638612   0.0240415197802020
 120.4020108966586394 129.9281203377556643 107.5575423643958961   0.0017415197802020
 122.3900027895438090 129.5369470280339770 107.9052519730374017   0.0439415197802020
 119.3059697389843165 128.8037332880725215 108.8860198365425282   0.0439415197802020
 119.6876944180364060 128.8245202755456739 104.3809127332742632  -0.2737584802197979
 116.3693353268706873 129.5974182643194505 104.0653284689094245  -0.0536584802197980
 115.6663572050519818 128.8490867152866332 102.2776475462199108   0.0683415197802020
 115.3148681441426292 128.7564901347245062 105.6167936248587685   0.0683415197802020
 116.1198914771930861 131.6421019412222597 104.0823360041147165   0.0683415197802020
 120.1431184163114271 137.2111248578881675 106.6259073803727149   0.5972415203289801
 118.6426758659779590 138.0029201080011930 105.0328682494771064  -0.5679584818661324
 120.9311342141565922 138.6473167196683285 108.5553177631063146  -0.4157584802197979
 122.1311103091965968 137.8838673615641496 109.8460007125745293   0.2718415197802020
 120.1620156776506493 141.2815949503545639 108.8803506581407643  -0.0518584802197980
 118.1022141916764783 141.3382867343722037 108.9238143592209593   0.0921415197802020
 124.4611426323214813 141.2513593322118138 106.5144135384713658   0.2718415197802020
 127.2617167627927752 141.2135648095333963 102.6669311298076943  -0.0297584802197980
 122.5638575938645619 143.3961984942124443 101.1041276170548224   0.5972415203289801
 121.9515863264740799 141.0056949348020596 100.5523275859498140  -0.4157584802197979
 122.6640130789623832 139.6054078695664127 101.6597071004276648   0.2718415197802020
 120.2678403411502345 140.2970476345815901  98.4396137682258503  -0.0875584802197980
 121.0293999731205100 141.0793942540249912  96.6935068204826147   0.0968415197802020
 120.1336697856418294 137.3982077451463784  98.1448164913341373   0.2984415197802021
 119.7632834633932546 136.5497207110157399  99.9854097457734304  -0.0297584802197980
 118.0511915860606026 136.5327131758104481  96.3193410459662061  -0.3192584802197979
 118.1551265234262709 134.4899192250415689  96.0604485656189936   0.0790415197802020
 116.1954805225499344 136.9654604604784132  97.0979082131417599   0.0790415197802020
 118.2647306391937032 137.4700173382353797  94.4957553267322050   0.0790415197802020
 122.6583439005606192 136.3796453589628208  97.1489308187576356  -0.3192584802197979
 122.5751959506680898 134.3236233252565105  97.0506650597937313   0.0790415197802020
 123.0438480318805423 137.1412049909330963  95.2724327677738286   0.0790415197802020
 124.1871323429029071 136.8974303196572455  98.4263856852884057   0.0790415197802020
 117.6335621104640124 141.4441113978717889  98.7684261155281472   0.5972415203289801
 116.7000374003069145 142.7253457166703924  97.0695623211329400  -0.5679584818661324
 116.4676010858345917 141.1341963119087007 100.9812954183499320  -0.4157584802197979
 117.3255367506348412 140.0683907723771011 102.3324496041036335   0.2718415197802020
 113.9977290287995247 142.2453552786543851 101.5576618891959132  -0.0024584802197980
 112.6012214158317115 141.4724572898806086 100.2594200351920177   0.0977415197802020
 113.2664050149719995 141.5026929080233320 104.2656394391050670  -0.0343584802197980
 112.6182289510370035 139.5524955378166067 104.2958750572478170   0.0294415197802020
 114.9501510002958315 141.5915100363176520 105.4504977250736965   0.0294415197802020
 111.2746336698189961 143.1996669762846356 105.4297107376005574   0.0117415197802020
 108.8104307911856798 143.2922635568467626 104.4319353388901389  -0.1256584802197980
 108.2907561043573382 142.0828388311371603 102.8785804568068781   0.1329415197802020
 110.3789034823403157 143.4528902782300840  93.5433333552358848   0.0559415197802020
 110.0878856577164497 143.3376169840608744  95.5823478537369167  -0.0173584802197980
 108.5420896801688698 143.2166745114899275  92.6362648109536897  -0.0173584802197980
 112.0777672767355228 141.2438004276761195  92.7137435824444550   0.0135415197802020
 113.4478187238284331 140.8488476656865987  94.1952888714387144  -0.0425584802197980
 110.8966884430347404 139.5638338946201346  92.5247709690523406  -0.0425584802197980
 113.4459289976945164 141.7162319611564325  90.2060770027309572   0.8053415186826456
 112.0872159074051340 142.0658312959318685  88.2842255245330518  -0.8188584780246854
 115.7948585821586364 141.7162319611564325  90.1626133016507758  -0.8188584780246854
  98.0654479937094418 132.7834965261106944  89.2101913301544556  -0.5679584818661324
  97.8122246917639933 136.6914501710598393  94.5770135504908173  -0.5679584818661324
  94.7716553422847093 133.0442787325918103  97.9010418200583001   0.5972415203289801
  95.5653403185316249 133.0631759939310325 100.0836755047373481  -0.5679584818661324
  95.2195204360240360 131.1621115032062527  96.2796567971538583  -0.4157584802197979
  94.5316601232767056 131.3151793200538798  94.5052039574018026   0.2718415197802020
  96.6878376420808506 128.9001093209025089  96.9183842304192431  -0.0875584802197980
  95.8714759522268658 128.0308352992987450  98.5983507634752415   0.0968415197802020
  96.6916170943486978 126.9177866064191300  94.7829936990882237   0.2984415197802021
  97.8330116792371324 127.6207647282378356  93.2183004602014349  -0.0297584802197980
  97.8046657872283125 124.4120097528395357  95.7184081353792519  -0.3192584802197979
  97.8500192144424242 123.0419583057466389  94.1839505146351999   0.0790415197802020
  99.7454145267654402 124.6765714115885121  96.3571355686446370   0.0790415197802020
  96.6878376420808506 123.6561192992710510  97.2736527435964430   0.0790415197802020
  94.0516696852607117 126.3414201355731354  93.7530929561011517  -0.3192584802197979
  94.2406422986528262 124.9940454020872945  92.2110764308214054   0.0790415197802020
  92.8687011254259992 125.5307276241209145  95.2270793405597302   0.0790415197802020
  93.1691675807194762 128.0421736561022728  93.0104305854700984   0.0790415197802020
  99.4241610839988240 129.5766312768463248  97.5514424852828642   0.5972415203289801
 100.3463474373523942 128.7281442427156863  99.4978604032217557  -0.5679584818661324
 100.6449241665119542 131.2093546565542946  96.0491102088154657  -0.4157584802197979
  99.7586426097028849 131.8707588034267221  94.4976450528661217   0.2718415197802020
 103.3037688369391490 131.9028841477033757  96.4421732446710831  -0.0518584802197980
 104.4602812308989588 130.1889025442368068  96.3968198174569848   0.0921415197802020
 104.1900503937482184 133.7113520578660285  94.3407977837506608  -0.1102584802197980
 102.8861393613425590 135.3062809148955539  94.2652087383938125   0.0456415197802020
 106.0438717311249697 134.4483452500953178  94.8585827444450855   0.0456415197802020
 104.3922510900777911 132.5340526764330797  91.6895120178591469   0.3530415197802020
 102.6234674287274995 131.6080868708116761  91.1944037707717782  -0.0361584802197980
 104.8986976939686879 134.6505459464248905  89.7771091703308392  -0.4121584802197980
 105.1084572948339548 133.8530815179101008  87.8968316670791849   0.0999415197802020
 103.3169969198766072 135.9657953356340778  89.7827783487326032   0.0999415197802020
 106.6315765587744789 135.6445418928674618  90.2816660480878058   0.0999415197802020
 106.5446491566141024 130.6197601027708417  91.4948702260652551  -0.4121584802197980
 106.6825991643903546 129.8808771844076490  89.5805776524030306   0.0999415197802020
 108.3247711747679221 131.5022622073120640  92.0277729958310415   0.0999415197802020
 106.2007190002404306 129.0286106980091501  92.7628764619264140   0.0999415197802020
 103.7365161216071276 133.0915218859398522  99.0405466788128044   0.5972415203289801
 105.3390038831723473 132.2543732086127418 100.4767385405929655  -0.5679584818661324
 102.2493016542110909 135.0039247334681600  99.7359658960958291  -0.4157584802197979
 100.8943680161895555 135.5935192872515861  98.5303206226540740   0.2718415197802020
 102.5138633129600673 136.1944521978385402 102.2341838451397292  -0.0597584802197980
 104.5113038365148345 136.6215303041047412 102.5100838606922334   0.0868415197802020
 101.0398769285015019 138.7115674082216625 102.3645749483802870   0.1302415197802020
 101.2912105043130201 139.4636784095223133 104.2694188913729140   0.0186415197802020
 102.2115071315326734 140.6258599818838736 100.5088638848696190  -0.3204584802197979
 104.2524113561676222 140.7014490272407356 100.7847639004221233   0.0881415197802020
 101.8203338218109727 140.0683907723771011  98.5643356930646578   0.0881415197802020
  98.1750521094768741 138.3714167041158243 101.8997023194356683  -0.0430584802197980
  97.8632472973798690 137.7496968060557447  99.9608433060324577   0.0235415197802020
  97.4550664524528767 136.9163275809964679 103.1620393768950633   0.0235415197802020
 101.8165543695431257 134.3954329183455118 104.4073688991491662   0.5972415203289801
 102.8918085397443229 134.6354281373535019 106.4501628499180453  -0.5679584818661324
 100.1025727660765569 132.5794061036471916 104.0010777803560906  -0.4157584802197979
  99.3636898477133508 132.3809848595854526 102.2493016542110909   0.2718415197802020
  99.5129782122931174 130.6405470902439942 105.8794655574738280   0.0336415197802020
  99.1085768196339721 131.5627334435975641 107.6784848369668562   0.0822415197802020
  97.1394821880880381 129.2100244068655970 105.0574346892180791  -0.1825584802197980
  96.5385492775010705 127.9760332414150086 106.5918923099621311   0.0602415197802020
  95.6465985422902372 130.5460607835479100 104.6114593216126557   0.0602415197802020
  97.5306554978097251 128.0629606435753985 103.3925859652334558   0.0602415197802020
 101.7655317639272500 128.8547558936883972 106.3178820205435571   0.5972415203289801
 102.6215777025935826 128.6166504008143372 108.4589417302763272  -0.5679584818661324
 102.8029914114500298 127.7719428189515325 104.2864264265782059  -0.5163584802197979
 101.9998578045334896 128.1366599627983301 102.5800037276473181   0.2935415197802020
 105.1802668879229561 126.3244126003678435 104.2165065596231214   0.0396415197802020
 104.9761764654594666 124.5253933208748152 105.1934949708604009   0.1104415197802020
 105.7736408939742294 125.7480461295218757 101.4348296904910362   0.0559415197802020
 104.2108373812213575 124.6803508638563457 100.6165782745031345  -0.0173584802197980
 105.9040319972148007 127.5395065044792098 100.4313851133788537  -0.0173584802197980
 108.2265054158040177 124.2778391973311308 100.9945235012873902   0.0135415197802020
 109.6230130287718176 124.7634988137489020 102.4344948153353851  -0.0425584802197980
 107.8485601890197621 122.2539425079014738 101.1570399488046150  -0.0425584802197980
 109.3187671212104934 124.8938899169894464  98.3829219842082107   0.8053415186826456
 107.8561190935554561 124.8655440249806265  96.5215417422957787  -0.8188584780246854
 111.6355713613979599 125.3379755584609395  98.2884356775121535  -0.8188584780246854
 107.3137676931200453 127.7549352837462407 105.5657710192428926   0.5365415197802020
 108.4948465268208277 126.7817263247767948 107.3194368715218093  -0.5819584818661324
 107.7200588119131209 130.1529977476922927 104.8854696110312431  -0.4157584802197979
 106.7487395790775920 130.8484169649753307 103.3831373345638446   0.2718415197802020
 109.7930883808247367 131.6439916673561632 105.9361573414914542  -0.0014584802197980
 111.5354158763001254 130.6292087334404663 105.5789991021803374   0.0875415197802020
 109.9612740067437256 134.2366959230961206 104.6454743920232396  -0.0152584802197980
 108.2113876067326426 135.2590377615475118 105.0347579756110231   0.0294415197802020
 111.4919521752199438 135.2836042012884979 105.5449840317697538   0.0294415197802020
 110.4299260879561914 134.3160644207208162 101.8071057388735279  -0.0011584802197980
 111.1725884585872447 132.1315410099078647 100.4521721008519794  -0.1906584802197980
 111.3936864162560395 130.3570881701557956 101.3762481803394797   0.1698415197802020
 111.5391953285679725 132.1863430677915740  97.8273425008353685  -0.2341584802197979
 111.9946193268429936 130.4855895472624368  96.8541335418659226   0.1655415197802020
 111.2387288732744955 134.6732226600319462  96.4308348878675686   0.3225415197802020
 111.6733658840763776 134.8773130824954224  93.9080504990826957  -0.5579584818661324
 111.7961980827812546 136.6177508518369076  93.4091627997274797   0.3991415197802020
 110.4355952663579553 136.9541221036748854  97.9690719608794676  -0.2341584802197979
 110.1540260724036871 138.7399133002304824  97.0865698563382321   0.1655415197802020
 110.0406425043684210 136.6517659222474915 100.5768940256907867  -0.1906584802197980
 109.4189226063083280 138.2259077918038913 101.6615968265615815   0.1698415197802020
 109.5965568628969280 131.9728040146584735 108.8047616127839159   0.5972415203289801
 111.4806138184164159 131.6780067377667471 110.1426877156001592  -0.5679584818661324
 107.3458930373967123 132.6039725433881777 109.7666322149498337  -0.4157584802197979
 105.8492299393310778 132.7551506341018746 108.5761047505794537   0.2718415197802020
 106.9433813708714837 132.9970355792437951 112.4746097648589874  -0.0518584802197980
 108.6176787255257182 133.9211116587312685 113.2437283013649435   0.0921415197802020
 104.6303565829518779 134.7223555395138918 112.8601138961789239  -0.1102584802197980
 103.1809366382342720 134.2461445537657452 111.4730549138807216   0.0456415197802020
 103.8404510589727959 134.3330719559261081 114.7252735903592031   0.0456415197802020
 105.2180614106013870 137.5777317278688953 112.7523995065454084   0.3530415197802020
 106.4104786011056975 138.0539427136170687 114.3643358987802393  -0.0361584802197980
 106.5559875134176305 138.4999180812224652 110.3562267687332731  -0.4121584802197980
 106.8129902676309259 140.5427120319913444 110.4280363618222745   0.0999415197802020
 108.4135883030622152 137.6268646073508406 110.2088281302874100   0.0999415197802020
 105.4448285466719325 138.0142584648047209 108.6951574970164837   0.0999415197802020
 102.7462996274323899 139.0611667429970716 112.9942844516873288  -0.4121584802197980
 101.5293159971870935 138.6435372674004947 111.3842377855864285   0.0999415197802020
 101.7863187514003889 138.5207050686956177 114.7328324948948838   0.0999415197802020
 106.7241731393366193 130.5063765347355891 113.9599345061210938   0.5972415203289801
 107.2532964568345719 130.5328327006104787 116.2238264145587543  -0.5679584818661324
 106.1100121458122205 128.3728757295384866 112.7448406020097276  -0.4157584802197979
 105.5884477328499486 128.4768106669041415 110.8985781691686707   0.2718415197802020
 106.4010299704360863 125.8387529839500724 113.8654481994250367  -0.0875584802197980
 105.5147484136270169 125.8274146271465443 115.7249387152035384   0.0968415197802020
 104.9780661915933835 123.7298186184939558 112.4576022296536954   0.2984415197802021
 105.4542771773415435 123.7581645105027758 110.4526028015632473  -0.0297584802197980
 105.6508086952693524 121.1371143627539985 113.5763201009350742  -0.3192584802197979
 104.4432736956936669 119.6801355135007252 112.7769659462863945   0.0790415197802020
 107.6085649700117718 120.6684622815415327 113.1549111730706369   0.0790415197802020
 105.3862470365203760 121.1541218979592905 115.6228935039718004   0.0790415197802020
 102.1075721941670051 124.0302850737874462 112.7901940292238393  -0.3192584802197979
 101.1003481647869754 122.5619678677306316 111.7584035601028371   0.0790415197802020
 101.6124639470796362 123.8961145182790413 114.7876345527786067   0.0790415197802020
 101.4934112006425928 125.8689886020928224 112.1061131687443427   0.0790415197802020
 109.1978246486395333 125.2586070608362707 114.3000852102269186   0.5972415203289801
 109.9933993510203926 124.9335741658017942 116.4657113597006748  -0.5679584818661324
 110.7322822693835987 125.2510481563005764 112.2950857821364706  -0.4157584802197979
 109.9631637328776423 125.5363968025226785 110.5527582866610818   0.2718415197802020
 113.4213625579535435 124.5367316776783430 112.4481535989840978  -0.0875584802197980
 113.5593125657297956 122.6904692448372728 113.3514426909984456   0.0968415197802020
 114.5589776905741311 124.2986261848042562 109.7723013933515976   0.2984415197802021
 114.3492180897088776 126.0995351904312149 108.8009821605160821  -0.0297584802197980
 117.3708901778489529 123.5899788845837868 109.8025370114943344  -0.3192584802197979
 118.0852066564711863 123.4917131256198961 107.8712369026268178   0.0790415197802020
 118.4669313355232758 125.0129426634264898 110.8078713147404472   0.0790415197802020
 117.6278929320622485 121.7645034392158690 110.7152747341783068   0.0790415197802020
 113.2097132309543599 122.2388246988301121 108.2283951419379346  -0.3192584802197979
 114.0563105389510813 122.1254411307948328 106.3537868170880577   0.0790415197802020
 113.3816783091411957 120.4171287057300145 109.1751479350324907   0.0790415197802020
 111.2179418858013564 122.6961384232390367 107.9997382797334724   0.0790415197802020
 114.9161359298852477 126.3981119195907752 114.0903256093616651   0.5972415203289801
 116.4751599903702859 125.6365522876204997 115.6361215869092452  -0.5679584818661324
 114.3813434339855311 128.8585353459562310 113.9108016266391485  -0.4157584802197979
 113.0963296629190804 129.4273429122665314 112.6012214158317115   0.2718415197802020
 115.5416352802131879 130.7501512060114130 115.5643119938202439  -0.0252584802197980
 117.5787600525802897 130.7633792889488712 115.2600660862589197   0.0697415197802020
 114.7819653743768427 132.6020828172542474 115.0843215558042366   0.0697415197802020
 115.0314092240544440 130.2531532327901408 118.3743347549611354   0.5972415203289801
 116.7812956240655269 130.3797648837628516 119.9031231973034368  -0.5679584818661324
 112.6919282702599350 129.5917490859176865 119.0678642461102433  -0.4157584802197979
 111.3332151799705526 129.3895483895881139 117.7299381432939866   0.2718415197802020
 112.0286343972535774 129.0002648060003302 121.6813554893233396   0.0336415197802020
 112.5936625112960306 130.5800758539584939 122.8775521320954837   0.0822415197802020
 109.1562506736932685 128.6809010893676444 121.8873356379207460  -0.1825584802197980
 108.6441348914006078 128.2746099705745689 123.8413124603953318   0.0602415197802020
 108.2170567851344066 130.4175594064412691 121.2958513580033897   0.0602415197802020
 108.5175232404278837 127.1332153856861341 120.6873595428807549   0.0602415197802020
 113.4194728318196133 126.6475557692683899 122.6507849960249250   0.5972415203289801
 114.4266968611996429 126.6929091964825016 124.7464912785436099  -0.5679584818661324
 113.5479742089262677 124.6274385321065665 121.1371143627539985  -0.4157584802197979
 112.7467303281436445 124.7105864819990960 119.3910074150107761   0.2718415197802020
 114.7573989346358567 122.2520527817675435 121.9307993390009274  -0.0389584802197980
 113.8919043652999263 121.6454506927788256 123.6976932742173023   0.1006415197802020
 114.3246516499678915 120.0769780016241898 120.0561910141510507   0.3653415197802020
 115.0389681285901249 118.3554374936219266 120.9349136664244392   0.0042415197802020
 111.5032905320234719 119.7141505839113090 119.5213985182513341  -0.2438584802197979
 110.9439315963827825 117.8300936283918211 120.1166622504365376   0.0641415197802020
 110.3618959471350373 121.0766431264685252 120.5550787135062667   0.0641415197802020
 111.1026685916321602 119.9635944335889103 117.5163990901608859   0.0641415197802020
 115.5624222676863135 120.3339807558374719 117.7072614296869306  -0.6761584785734636
 117.3595518210454250 120.4190184318639314 117.9774922668376710   0.4101415197802020
 117.5485244344375529 122.6677925312302168 122.4618123826328104   0.5972415203289801
 118.4442546219162200 122.0082781104916929 124.4989371549999256  -0.5679584818661324
 118.8977888940573242 123.9150117796182366 120.7421616007644644  -0.4157584802197979
 118.0606402167302136 124.2948467325364226 119.0527464370388682   0.2718415197802020
 121.5925383610290196 124.3798844085628822 121.0369588776561774  -0.0014584802197980
 122.4693712871685046 122.6092110210786737 121.6284431575735336   0.0875415197802020
 122.7320432197835507 124.9354638919357244 118.4177984560413304  -0.0152584802197980
 121.5263979463417822 126.2280365675378559 117.3519929165097442   0.0294415197802020
 124.5877542832942187 125.7915098306020571 118.6218888785048199   0.0294415197802020
 123.1043192681660426 122.4655918349006442 117.0023935817343082  -0.0011584802197980
 125.2453789778988125 121.0161718901830517 117.6392312888657763  -0.1906584802197980
 126.6286585079291676 121.8098568664299807 118.8807813588520322   0.1698415197802020
 125.5288378979870111 118.5236231195409156 116.7756264456637629  -0.2341584802197979
 127.0916414107398830 117.4067949743934537 117.3368751074383691   0.1655415197802020
 123.5276179221643832 117.3897874391881617 115.0956599126077645   0.3225415197802020
 123.6939138219494687 114.9482612741619148 114.3246516499678915  -0.5579584818661324
 122.2388246988301121 114.5041756326904216 113.2739639195076804   0.3991415197802020
 121.3109691670747514 119.0621950677084794 114.3775639817176975  -0.2341584802197979
 119.8426519610179502 118.3705553026933018 113.1889262434812208   0.1655415197802020
 121.2164828603786941 121.5301773986096426 115.3621112974906576  -0.1906584802197980
 119.6555690737597525 122.6999178755068972 114.8934592162781919   0.1698415197802020
 122.1802431886785421 126.2620516379484398 123.1629007783175858   0.5972415203289801
 124.0794179532693918 125.9143420293069342 124.4611426323214813  -0.5679584818661324
 120.5928732361846841 128.1820133900124419 123.6391117640657592  -0.4157584802197979
 119.0754231506459242 128.4522442271631822 122.4958274530433942   0.2718415197802020
 120.9027883221477723 129.7977292345151196 125.8973344941016423  -0.0875584802197980
 122.8359781571492056 130.5082662608694926 125.9294598383782959   0.0968415197802020
 119.1207765778600359 132.1050848440329483 125.8708783282267527   0.2984415197802021
 117.2027045519299641 131.4833649459728687 125.4381310435587876  -0.0297584802197980
 119.0697539722441601 133.5431664319470397 128.3917729908776819  -0.3192584802197979
 118.2685100914615504 132.3620875982462573 129.8770977321397884   0.0790415197802020
 119.9692636119906742 134.0250465960969502 123.8791069830737493  -0.3192584802197979
 118.6483450443797230 135.6029679179211838 123.8110768422525818   0.0790415197802020
 121.8571000197779960 134.7242452656478221 124.3175234461434786   0.0790415197802020
 119.9957197778655772 133.1330958608861035 122.0347342763666093   0.0790415197802020
 120.5683067964437115 128.2443743524318455 128.3105147671190829   0.5972415203289801
 122.0970952387860129 128.5013771066451276 130.0377244535231099  -0.5679584818661324
 118.6861395670581404 126.5625180932419304 128.4163394306186680  -0.4157584802197979
 117.4842737458842324 126.4170091809299974 126.9272352370887278   0.2718415197802020
 118.3025251618721341 124.8749926556502511 130.5895244846281185  -0.0597584802197980
 118.2288258426492026 126.0239461450743532 132.3016163619607570   0.0868415197802020
 115.7513948810784414 123.4614775074771458 130.3703162530932538   0.1302415197802020
 115.6304524085074813 122.6148801994804376 128.4957079282433637   0.0186415197802020
 115.5151791143382849 121.3298664284139735 132.3375211585052710  -0.3204584802197979
 113.6802550383007425 120.4133492534621675 132.2071300552646997   0.0881415197802020
 116.9570401545201965 119.8917848404999090 132.0294957986761132   0.0881415197802020
 115.7608435117480526 122.0914260603842490 134.2404753753639811   0.0881415197802020
 113.5385255782566566 125.3455344629966337 130.7010183265294676  -0.0430584802197980
 113.3778988568733486 125.8746577804945864 132.6871204932807069   0.0235415197802020
 113.9221399834426629 127.0670749709988969 129.6389922392657286   0.0235415197802020
 110.9855055713290470 124.3213028984113122 129.7807216993098278  -0.0660584802197980
 110.3675651255368012 122.7452713027209821 130.9523519023409856   0.0185415197802020
 109.5738801492898722 125.8160762703430164 129.8941052673450804   0.0185415197802020
 111.1423528404445080 123.6995830003512326 127.8210756984334781   0.0185415197802020
 120.5701965225776284 123.1005398158981820 130.9315649148678602   0.5972415203289801
 121.4867136975294344 122.8473165139527337 133.0329403757882822  -0.5679584818661324
 121.6397815143770617 121.9893808491524974 128.9284552129113288  -0.4157584802197979
 120.8253095506570070 122.2010301761516678 127.2050249787751356   0.2718415197802020
 123.9169015057521670 120.4133492534621675 129.2119141329995274  -0.0518584802197980
 123.6050966936551753 119.1302252085296335 130.7973943593594550   0.0921415197802020
 124.3704357778932578 118.7900745044238087 126.8478667394640322  -0.1102584802197980
 124.8201905977665416 120.0221759437404668 125.2586070608362707   0.0456415197802020
 126.0182769666726159 117.6071059445891094 127.2163633355786635   0.0456415197802020
 122.1462281182679585 117.0704237225554759 126.0900865597616174   0.3530415197802020
 120.7024773519521166 118.1872518677029379 125.1735693848098112  -0.0361584802197980
 123.0306199489431110 115.1013290910095285 124.1833528906350735  -0.4121584802197980
 121.4130143783065027 114.0090673856030528 123.5616329925749671   0.0999415197802020
 123.8432021865292353 116.0613099670415295 122.5506295109271037   0.0999415197802020
 124.4479145493840499 113.8711173778268007 125.0356193770335456   0.0999415197802020
 120.9008985960138554 115.6474599437127731 128.2764996967084990  -0.4121584802197980
 119.3928971411446930 114.4720502884137546 127.5281681476756817   0.0999415197802020
 122.2992959351155856 114.4909475497529633 129.2553778340797088   0.0999415197802020
 120.0637499186867315 116.9778271419933355 129.6068668949890480   0.0999415197802020
 126.2847283515554957 121.9383582435366217 129.9451278729609561   0.5972415203289801
 127.9571359800758133 120.9292444880226753 131.2055752042864341  -0.5679584818661324
 126.4000016457247053 124.3704357778932578 129.2723853692850008  -0.4157584802197979
 125.0110529372925863 125.0526269122388376 128.1442188673340242   0.2718415197802020
 124.2986261848042562 126.9045585234816718 132.7494814557001107   0.2718415197802020
 123.9150117796182366 119.8275341519465751 135.8807576596076182   0.1047415197802020
 119.5724211238672098 119.5006115307782085 137.1846686920132779  -0.5679584818661324
 115.5605325415523966 114.4153585043961150 137.4000974712803087   0.0341415197802020
 117.3217572983670075 114.7895242789125236 136.3928734419002790   0.0240415197802020
 114.9123564776174006 112.5445296318140718 136.8388488095057024   0.0240415197802020
 113.5819892793368382 116.3674456007367704 136.5818460552923934   0.0017415197802020
 114.2717393182180989 118.2477231039884113 137.0750645762458589   0.0439415197802020
 113.4119139272839325 116.2937462815138388 134.5314931999878471   0.0439415197802020
 110.4488233492954135 115.9781620171489869 137.9367796933139288  -0.2737584802197979
 109.4945116516651766 112.9697180119463562 136.6158611257029773  -0.0536584802197980
 107.5745498996011879 112.5388604534123079 137.2262426669595558   0.0683415197802020
 109.5455342572810523 113.0812118538477187 134.5617288181305703   0.0683415197802020
 110.7530692568567243 111.4730549138807216 137.2545885589683757   0.0683415197802020
 112.1533563220923712 100.7261823902705668 134.5730671749340984   0.1429415197802020
 133.2578177857249108  87.1579487487159789 123.7279288923600525   0.0284415197802020
 131.3397457597948390  89.0571235133068417 125.6592290012275555   0.0284415197802020
 134.2839390764441627  91.4136120023066426 122.6885795187033693   0.0686415197802020
 136.2681515170614717  88.3976090925683178 120.6438958418005598   0.4477415197802020
 129.5501751109714352  94.2160758589118535 127.0803030539363551  -0.5894584791222417
 126.5455105580366383  95.1307033077297428 129.9867018479072342  -0.4157584802197979
 124.7143659342669296  96.3250102243679700 128.2859483273780968  -0.0875584802197980
 125.4475796742283851  96.2947746062252332 126.3603173969123575   0.0968415197802020
 122.1689048318750143  94.9152745284627119 128.2538229831014432   0.2984415197802021
 121.0690842219328309  95.6409293638884732 126.6683427567415154  -0.0297584802197980
 122.5600781415967013  92.0844647798486812 127.8569804949779920  -0.3192584802197979
 120.7629485882376032  91.2321982934501956 127.3373058081496370   0.0790415197802020
 123.9244604102878612  91.8028955858944129 126.3603173969123575   0.0790415197802020
 123.2649459895493371  91.1811756878343199 129.5690723723106306   0.0790415197802020
 120.5928732361846841  95.2100718053544384 130.6462162686457581  -0.3192584802197979
 118.7957436828255727  94.2274142157153814 130.4270080371108936   0.0790415197802020
 120.2073691048647476  97.2018431505074282 131.0184923170282230   0.0790415197802020
 124.4724809891250091  99.1010179150982913 129.0531771377501362   0.5972415203289801
 123.0967603636303484 100.6033501915656897 127.5791907532915576  -0.4157584802197979
 122.1046541433216804  99.8455700118632613 126.1429988915113964   0.2718415197802020
 122.6677925312302168 103.2659743142607316 128.1801236638785116  -0.0014584802197980
 123.2876227031563931 103.5966763876969453 130.1095340466121112   0.0875415197802020
 124.2381549485187830 104.9875148222629947 126.4094502763943031  -0.0152584802197980
 123.9320193148235285 104.4016997207474022 124.4573631800536474   0.0294415197802020
 123.6088761459230091 106.9396019186036501 126.5776359023132919   0.0294415197802020
 127.0406188051240073 104.9667278347898556 127.0160523653830210  -0.0011584802197980
 127.8210756984334781 105.1934949708604009 129.5539545632392690  -0.1906584802197980
 126.4812598694833044 105.5563223885732816 131.0468382090370429   0.1698415197802020
 132.1561074496488240 104.3166620447209427 128.3294120284583050   0.3225415197802020
 131.4266731619552289 104.3015442356495810 125.7688331169950012  -0.2341584802197979
 132.8458574885300981 103.8895839384547415 124.3723255040271879   0.1655415197802020
 128.8642045243579949 104.6039004170769749 125.1055392439886436  -0.1906584802197980
 128.2953969580477212 104.4357147911579861 123.1553418737819183   0.1698415197802020
 119.8785567575624507 103.9443859963384644 128.3275223023243749   0.5972415203289801
 118.2212669381135217 102.3815824835855791 127.8664291256475898  -0.5679584818661324
 119.4571478296980135 106.3065436637400292 129.0909716604285536  -0.4157584802197979
 120.9859362720403015 107.3534519419323931 129.5218292189626155   0.2718415197802020
 117.0194011169396002 107.4120334520839631 129.6711175835423821   0.0336415197802020
 115.9951695523542787 106.1232402287496653 130.9145573796625681   0.0822415197802020
 117.5976573139194984 109.8422212603066822 131.1658909554740863  -0.1825584802197980
 115.8572195445780266 110.7001569251069317 131.8613101727571244   0.0602415197802020
 118.7560594340132383 109.3830178097638275 132.8118424181195143   0.0602415197802020
 118.6162197001030560 111.1801473631229389 129.9904813001750678   0.0602415197802020
 115.3734496542941857 107.8050964879395804 127.2900626548015951   0.5972415203289801
 115.4339208905796726 106.3254409250792380 125.5004920059781911  -0.5679584818661324
 113.9032427221034542 109.8573390693780572 127.2598270366588717  -0.4157584802197979
 114.0770975264242069 111.0062925588021726 128.7697182176619376   0.2718415197802020
 111.8018672611830185 110.4790589674381503 125.5250584457191506  -0.0875584802197980
 110.2466226529658409 109.1997143747734636 125.9540262781192820   0.0968415197802020
 110.9741672145255191 113.2380591229631796 126.0976454642972846   0.2984415197802021
 109.1430225907558237 113.5630920179976294 125.2113639074882286  -0.0297584802197980
 110.7133850080443899 113.7766310711307300 128.9473524742505510  -0.3192584802197979
 110.1162315497252696 115.7211592629357047 129.2327011204726530   0.0790415197802020
 109.3093184905408958 112.5199631920730992 129.7674936163723696   0.0790415197802020
 112.4991762045999601 113.5819892793368382 129.9489073252288165   0.0790415197802020
 112.8336577303040343 115.2166023851787248 125.0564063645066981  -0.3192584802197979
 112.1703638572976632 117.1101079713678237 125.5288378979870111   0.0790415197802020
 114.7082660551539111 114.9520407264297484 125.8689886020928224   0.0790415197802020
 112.9527104767410643 115.0824318296703197 123.0079432353360550   0.0790415197802020
 112.2875268776007897 110.2239459393587851 122.6715719834980775   0.5972415203289801
 110.4960665026434422 110.4563822538310944 121.2297109433161523  -0.5679584818661324
 114.6043311177882428 109.6929328957269020 121.8211952232335086  -0.3479584802197979
 115.9006832456582214 109.2866417769338398 123.1610110521836823   0.2746415197802020
 115.3280962270800874 109.2450678019875753 119.1699094573419813  -0.2637584802197979
 115.2222715635804888 111.0062925588021726 118.1154422746139231   0.1559415197802020
 118.0549710383284497 108.2529615816789073 118.9847162962177005  -0.0007584802197980
 118.2004799506403827 106.4312655885788232 119.9409177199818545   0.0326415197802020
 118.4537032525858310 107.9543848525193605 116.9853860465290164   0.0326415197802020
 120.0467423834814531 110.0482014089041019 120.0958752629633985   0.0389415197802020
 119.6801355135007252 111.9738323393698545 119.4571478296980135   0.0284415197802020
 119.9125718279730346 109.9915096248864623 122.1500075705357921   0.0284415197802020
 122.7377123981853147 109.2866417769338398 119.3116389173860807   0.0485415197802020
 124.0813076794033221 110.3940212914116908 120.4227978841317785   0.0686415197802020
 123.0362891273448749 107.2986498840486836 119.7613937372593377   0.0686415197802020
 123.1836877657907380 109.8006472853604175 116.6036613674769269  -0.5295584802197979
 123.3291966781026710 111.6431302659336407 116.1028839419877942   0.3455415197802020
 123.2970713338259907 108.1641444533846140 114.7158249596895919   0.8075415208777582
 123.4369110677361597 105.7263977406262007 115.0654242944650279  -0.8627584796710198
 123.6126555981908428 105.0442066062806343 116.8228695990117916   0.4477415197802020
 123.3310864042365745 104.5415394546575713 113.5838790054707683   0.4477415197802020
 123.2328206452726836 109.0012931307117246 112.4028001717699859  -0.8627584796710198
 122.7225945891139263 110.8173199454100582 112.0796570028694531   0.4477415197802020
 123.3707706530489223 107.8410012844840812 110.8891295384990595   0.4477415197802020
 113.5706509225333101 107.3685697510037682 117.8319833545257380   0.7340415181338675
 112.4311460637788058 107.9335978650462216 115.9006832456582214  -0.5894584791222417
 113.1171166503922195 105.1897155185925673 119.0111724620926035  -0.4157584802197979
 114.0166262901387337 104.8571237190224232 120.6590136508719350   0.2718415197802020
 111.3596713458454556 103.2867613017338572 118.0152867895161019  -0.0014584802197980
 111.8150953441204767 102.9730667635029354 116.0291846227648626   0.0875415197802020
 111.7319473942279341 100.7753152697525257 119.4439197467605687  -0.0152584802197980
 111.7773008214420458 101.1419221397332401 121.4734856145920030   0.0294415197802020
 110.0803267531807688  99.5961261621856600 119.0943204119851329   0.0294415197802020
 114.0582002650849982  99.2351884706066962 118.7088162806651962  -0.0011584802197980
 113.7180495609791734  97.0752314995347040 117.1649100292515332  -0.1906584802197980
 111.8642282236024223  96.5763438001795014 116.5413004050575233   0.1698415197802020
 115.7665126901498165  95.5275457958532072 116.4600421812989108  -0.2341584802197979
 115.5000613052669098  93.8834840593417096 115.3262065009461571   0.1655415197802020
 118.4102395515056362  96.2267444654040657 117.3349853813044523   0.3225415197802020
 120.4416951454709872  94.8283471263023355 116.6112202720126078  -0.5579584818661324
 122.0649698945093326  95.5313252481210410 117.1214463281713516   0.3991415197802020
 118.6634628534510845  98.5548870623950467 119.0036135575569092  -0.2341584802197979
 120.4775999420154880  99.0934590105626104 119.6971430487060172   0.1655415197802020
 116.4713805381024387  99.9324974140236378 119.6366718124205303  -0.1906584802197980
 116.6376764378875108 101.5179776403835654 120.8725527040050357   0.1698415197802020
 108.5515383108384674 104.1163510745252868 118.0719785735337415   0.5972415203289801
 106.9792861674159845 102.8691318261372670 116.8946791921007929  -0.5679584818661324
 107.8939136162338738 106.1761525604994577 119.3928971411446930  -0.4157584802197979
 109.2960904076034510 107.1909354944151683 120.2016999264629837   0.2718415197802020
 105.3843573103864591 107.3780183816733792 119.3305361787252894  -0.0237584802197980
 103.9651729838115898 105.9701724119020381 118.8581046452449764   0.0879415197802020
 104.6775997362999065 108.4570520041424103 121.9383582435366217   0.0341415197802020
 106.0608792663302616 109.8686774261815852 122.4977171791772977   0.0240415197802020
 102.8748010045390311 109.4321506892457728 121.7871801528229248   0.0240415197802020
 104.4810682183720978 106.4936265509982267 124.0624104180640998   0.0017415197802020
 106.1685936559637771 105.3125477172974443 124.0888665839390164   0.0439415197802020
 104.4413839695597500 107.5386451030566739 125.8387529839500724   0.0439415197802020
 101.6937221708382487 104.4886271229077787 124.0680795964658639  -0.2737584802197979
 102.4231564585318570 102.1548153475150336 121.6737965847876455  -0.0536584802197980
 101.4820728438390649 100.3860316861647420 122.1556767489375561   0.0683415197802020
 101.7447447764541244 102.7897633285125715 119.8369827826161860   0.0683415197802020
 104.4546120524971948 101.8505694399537095 121.5944280871629499   0.0683415197802020
 105.1802668879229561 109.4302609631118561 117.2896319540903406   0.5972415203289801
 103.3113277414748433 109.4586068551206758 115.9025729717921383  -0.5679584818661324
 107.0586546650406801 111.1083377700339242 117.0382983782788090  -0.4157584802197979
 108.5855533812490512 110.9798363929272830 118.1910313199707715   0.2718415197802020
 105.2898710036903883 114.0166262901387337 115.0673140205989446   0.0778415197802020
 107.2155019341561410 111.7848597259777401 112.4103590763056667   0.5972415203289801
 105.6715956827424778 112.4443741467162506 110.8022021363386831  -0.5679584818661324
 108.7688568162394151 109.8100959160300287 112.0815467290033699  -0.4157584802197979
 110.0765473009129218 109.4472684983171479 113.4383700931588355   0.2718415197802020
 109.0787719022025033 108.5175232404278837 109.6570280991824014  -0.0275584802197980
 109.9234794840652945 109.8289931773692374 108.3096533656965470   0.1122415197802020
 110.7738562443298634 106.1780422866333746 110.0406425043684210  -0.0050584802197980
 110.1729233337429092 105.2048333276639288 111.7584035601028371   0.0338415197802020
 110.3978007436795378 104.8930285155669239 108.4740595393477021   0.0338415197802020
 113.6027762668099772 106.4350450408466702 110.1143418235913527  -0.1415584802197980
 114.9936147013760131 108.4532725518745630 109.3867972620316611  -0.1638584802197980
 114.2377242478075150 110.2504021052336745 108.7820848991768599   0.2061415197802020
 117.5277374469644138 107.8202142970109421 109.3452232870853964  -0.3418584802197979
 118.8864505372537962 109.0258595704527107 108.7291725674270673   0.3411415197802020
 117.9113518521504336 105.3446730615741113 110.0633192179754770   0.1379415197802020
 120.0599704664188979 103.7799798226873092 110.1767027860107430  -0.2601584802197979
 121.8400924845727040 104.4394942434258331 109.5323061743436075   0.1571415197802020
 119.8332033303483390 101.2874310520451729 111.0629843428198124  -0.1134584802197980
 121.4489191748510169 100.0761166002016538 111.1272350313731329   0.1416415197802020
 117.4729353890807045 100.3765830554951308 111.8661179497363524  -0.1972584802197980
 117.3274264767687715  98.4887466477078093 112.5596474408854470   0.1446415197802020
 115.3073092396069483 101.9129304023731131 111.7243884896922533  -0.2387584802197980
 113.5404153043905735 101.1948344714830327 112.3574467445558741   0.1699415197802020
 115.4509284257849644 104.4659504093007227 110.7247233648479178   0.1242415197802020
 106.5465388827480193 107.6539183972258835 108.5364205017671059   0.5972415203289801
 106.2309546183831807 107.6690362062972452 106.2328443445170976  -0.5679584818661324
 104.7229531635140183 106.9282635618001222 110.1313493587966447  -0.4157584802197979
 105.0517655108163151 107.1266848058618478 112.0021782313786744   0.2718415197802020
 102.1963893224612983 106.2215059877135697 109.2923109553356040   0.0336415197802020
 102.3834722097195092 104.8155497440761587 107.7994273095378165   0.0822415197802020
 100.7790947220203594 104.9912942745308283 111.5032905320234719  -0.1825584802197980
  98.9290528369114553 104.3468976628636927 110.8664528248920038   0.0602415197802020
 101.8430105354180287 103.3717989777603167 112.2043789277082471   0.0602415197802020
 100.5239816939409941 106.3424484602845298 113.0377481527675239   0.0602415197802020
 100.7583077345472337 108.4702800870798551 108.1471369181793221   0.5972415203289801
  99.9419460446932489 108.3115430918304773 105.9720621380359684  -0.5679584818661324
 100.4483926485841456 110.5527582866610818 109.5474239834149692  -0.4157584802197979
 101.4008146200804524 110.6850391160355700 111.2047138028639116   0.2718415197802020
  99.0764514753573184 112.7901940292238393 108.6101198209900239  -0.0875584802197980
  97.2623143867929151 112.1325693346192457 107.8958033423677905   0.0968415197802020
  98.4169370546187945 114.6496845450023546 110.7606281613924186   0.2984415197802021
  97.2377479470519424 113.6367913372205609 112.1155617994139537  -0.0297584802197980
 100.7129543073331220 115.6493496698466900 112.2024892015743302  -0.3192584802197979
 100.1063522183443905 117.0212908430735172 113.6141146236135051   0.0790415197802020
 101.6200228516153170 114.0903256093616651 113.1870365173473039   0.0790415197802020
 102.0433215056136844 116.5469695834592873 110.9193651566417964   0.0790415197802020
  96.8730308032051314 116.8965689182347232 109.7893089285568896  -0.3192584802197979
  96.2399725483415105 118.0474121337927688 111.3804583333185812   0.0790415197802020
  97.9936384006204403 118.0644196689980474 108.5175232404278837   0.0790415197802020
  95.2081820792205081 116.1992599748177817 108.7953129821143181   0.0790415197802020
 100.4408337440484649 113.9882803981299138 106.3500073648202106   0.5972415203289801
  99.2125117569996404 114.5325215246992281 104.4470531479615140  -0.5679584818661324
 102.9522797760297964 114.1167817752365547 106.4010299704360863  -0.4157584802197979
 103.8687969509816158 113.6235632542831161 108.0186355410726812   0.2718415197802020
 103.8574585941780879 117.0080627601360724 103.8744661293833798   0.0863415197802020
 104.2070579289535104 113.5536433873280317 101.8978125933017380   0.5972415203289801
 103.7062805034643776 114.5948824871186316  99.8739159038720812  -0.5679584818661324
 104.3525668412654433 111.0327487246770756 102.0603290408189764  -0.4157584802197979
 104.7872038520673387 110.2333945700283827 103.7516339306784893   0.2718415197802020
 103.9047017475261166 109.3943561665673554  99.8833645345416922   0.0336415197802020
 105.1613696265837474 109.9877301726186286  98.3602452706011549   0.0822415197802020
 104.5472086330593352 106.6674813553189796 100.6316960835745095  -0.1825584802197980
 104.2108373812213575 105.4032545717256678  99.0424364049467347   0.0602415197802020
 106.5295313475427275 106.5352005259444914 101.1759372101438238   0.0602415197802020
 103.3680195254924829 106.0665484447320255 102.2133968576665901   0.0602415197802020
 101.1778269362777407 109.6022260412986919  98.8836994096973435   0.5972415203289801
 100.7772049958864424 109.4340404153796897  96.5933513353847934  -0.5679584818661324
  99.2824316239547248 110.0009582555560734 100.5220919678070772  -0.4157584802197979
  99.6925021950156477 110.0708781225111579 102.3985900187908709   0.2718415197802020
  96.6746095591434060 110.4866178719738310  99.6509282200693695  -0.0389584802197980
  96.2002882995291627 109.0371979272562386  98.2714281423068615   0.1006415197802020
  94.6185875254370820 110.3070938892513143 101.7031708015078596   0.3653415197802020
  92.8176785198101233 110.6925980205712509 100.7772049958864424   0.0042415197802020
  94.3653642234916335 107.6841540153686203 102.8710215522711839  -0.2438584802197979
  93.0066511332022511 107.7446252516540936 104.4205969820866110   0.0641415197802020
  93.6718347323425392 106.3764635306951137 101.4461680472945641   0.0641415197802020
  96.1700526813864258 107.0133012378265683 103.5777791263577364   0.0641415197802020
  94.8415752092397937 112.1004439903425788 103.6552578978485019  -0.6761584785734636
  96.5536670865724456 112.7410611497418805 103.7365161216071276   0.4101415197802020
  96.4232759833318743 113.0131817130265510  98.2752075945747087   0.5972415203289801
  95.0910190589173950 113.1095577458565252  96.3646944731803178  -0.5679584818661324
  97.7441945509428256 114.9879455229742490  99.1501507945802501  -0.4157584802197979
  98.8081103643404950 114.7536194823680228 100.7337412948062476   0.2718415197802020
  97.8556883928441884 117.4653764845450102  97.9293877120671198  -0.0252584802197980
  95.9602930805211724 118.2685100914615504  97.8178938701657573   0.0697415197802020
  99.0537747617502626 118.7239340897365713  99.0329877742771236   0.0697415197802020
  98.9385014675810663 117.2858525018224934  95.2629841371042310   0.5972415203289801
  97.6459287919789213 117.9982792543108100  93.4601854053433554  -0.5679584818661324
 101.1683783056081431 116.1123325726574052  94.9965327522213377  -0.4157584802197979
 102.1226900032383666 115.6210037778378701  96.5876821569830295   0.2718415197802020
 102.3570160438446062 115.6512393959806201  92.5323298735880215  -0.0518584802197980
 102.7595277103698347 117.4597073061432463  91.6233716031718961   0.0921415197802020
 104.8760209803616321 114.2452831523432093  92.8951572913009022  -0.1102584802197980
 104.4886271229077787 112.4613816819215426  93.8513587150650560   0.0456415197802020
 105.6470292430015051 113.8068666892734666  91.0318873232545397   0.0456415197802020
 106.8904690391216913 115.7041517277304127  94.4069381984378982   0.3530415197802020
 106.1194607764818181 116.3334305303261866  96.2040677517970097  -0.0361584802197980
 109.0995588896756289 113.9315886141122739  94.9473998727393789  -0.4121584802197980
 110.5565377389289156 114.9539304525636788  95.9716314373247004   0.0999415197802020
 108.4305958382675073 112.3498878400201935  96.0812355530921327   0.0999415197802020
 109.8648979739137380 113.2323899445614156  93.1653881284516424   0.0999415197802020
 107.9165903298409296 118.0077278849804210  93.0198792161396959  -0.4121584802197980
 109.3490027393532436 118.9677087610124087  94.1480457180906860   0.0999415197802020
 108.6913780447486498 117.4426997709379677  91.2095215798431397   0.0999415197802020
 106.3859121613647112 119.3248670003235255  92.6589415245607457   0.0999415197802020
 100.6316960835745095 114.1829221899238055  90.7408694986306739   0.5972415203289801
 100.1498159194245855 115.0219605933848329  88.6319351331745574  -0.5679584818661324
  99.6188028757927160 112.0154063143161327  91.5685695452881868  -0.4157584802197979
 100.0609987911302921 111.4088042253274012  93.3316840282367144   0.2718415197802020
  98.0352123755667050 110.4431541708936496  89.9188386303749250  -0.0597584802197980
  99.1161357241696662 110.0425322305023379  88.2124159314440370   0.0868415197802020
  97.3738082286942642 107.9033622469034848  91.2114113059770700   0.1302415197802020
  96.7086246295539896 108.3247711747679221  93.1181449751036139   0.0186415197802020
  95.2270793405597302 106.4709498373911708  89.8640365724912155  -0.3204584802197979
  94.9681868602125180 104.6171285000144196  90.7219722372914652   0.0881415197802020
  93.4564059530755083 107.5102992110478674  90.0303324722762876   0.0881415197802020
  95.6598266252276954 106.2460724274545424  87.8609268705346844   0.0881415197802020
  99.7246275392923012 106.1761525604994577  91.4589654295207544  -0.0430584802197980
 101.2477468032328387 107.2419581000310440  92.3395778079280464   0.0235415197802020
  99.2559754580798353 104.6209079522822667  92.7269716653819132   0.0235415197802020
 100.7696460913507616 105.0423168801467040  88.9985420031552718  -0.0660584802197980
 101.2874310520451729 106.5333107998105745  87.6757337094104036   0.0185415197802020
 102.4552818028085105 103.9368270918027701  89.4275098355554033   0.0185415197802020
  99.3806973829186426 103.7950976317586842  88.1254885292836606   0.0185415197802020
  95.7070697785757240 111.9114713769504508  89.0457851565033138   0.5972415203289801
  95.1155854986583677 111.8264337009240046  86.7989007832709453  -0.5679584818661324
  94.4088279245718285 113.2739639195076804  90.7389797724967570  -0.4157584802197979
  95.0551142623728942 113.3892372136768765  92.5436682303915494   0.2718415197802020
  92.2224147876249333 114.8046420879838985  90.0057660325353015  -0.0275584802197980
  90.8712606018712452 115.8666681752476377  92.3376880817941295  -0.0050584802197980
  90.3761523547838763 114.3076441147625995  93.5924662347178436   0.0338415197802020
  92.1676127297412238 117.1025490668321429  93.3600299202455343   0.0338415197802020
  91.9824195686169298 121.6397815143770617  90.8920475893443709   0.1699415197802020
  92.9329518139793197 116.9135764534400151  88.1538344212924805   0.5972415203289801
  95.1023574157209229 118.1551265234262709  88.5034337560679164  -0.4157584802197979
  96.1946191211274121 117.6997025251512498  90.0189941154727597   0.2718415197802020
  96.0642280178868408 120.0958752629633985  86.7837829741995702  -0.0518584802197980
  94.6166977993031651 121.5452952076810044  86.5551261119950946   0.0921415197802020
  98.3904808887439049 121.3090794409408479  88.0517892100607291  -0.1102584802197980
  97.8084452394961597 121.8797767333850518  89.9434050701158977   0.0456415197802020
  99.8625775470685533 119.8861156620981450  88.2842255245330518   0.0456415197802020
  99.5696699963107570 123.6410014901996627  86.7705548912621254   0.3530415197802020
  98.1126911470574703 125.0677447213102260  86.4663089837008012  -0.0361584802197980
 101.5501029846602324 124.7294837433383181  88.5657947184873066  -0.4121584802197980
 102.3853619358534261 126.4434653468048869  87.8155734433205726   0.0999415197802020
 100.6997262243956638 125.1622310280062833  90.3893804377213211   0.0999415197802020
 103.0467660827258669 123.3424247610401024  88.8492536385755051   0.0999415197802020
 100.8698015764485829 123.0646350193536948  84.2515499547450997  -0.4121584802197980
 102.2020585008630622 124.5499597606158013  83.7734492428630228   0.0999415197802020
 101.9337173898462522 121.3071897148069175  84.4065074977266303   0.0999415197802020
  99.4846323202843109 122.9002288457025397  82.7454382260098540   0.0999415197802020
  96.6046896921883213 118.9847162962177005  84.1608431003168762   0.5972415203289801
  98.1164705993253175 116.9759374158594188  84.0417903538798328  -0.5163584802197979
  98.9252733846436081 116.3806736836742152  85.6858520903913304   0.2935415197802020
  98.9762959902594839 115.8118661173639148  81.6871915910139488   0.0380415197802020
  99.9419460446932489 117.2442785268762288  80.5684737197325700   0.0879415197802020
 100.8546837673772077 113.6689166814972280  82.2503299789224853  -0.0303584802197980
  99.9192693310861930 112.2289453674492332  83.3936142899448502  -0.0122584802197980
 101.4083735246161332 112.7977529337595202  80.4645387823669017  -0.0122584802197980
 103.2470770529215228 114.5174037156278664  83.6128225214797147   0.7993415186826456
 104.4735093138364036 112.8563344439110767  84.7561068325020662  -0.8014584791222417
 103.9462757224723811 116.7623983627263047  83.3520403149985721  -0.8014584791222417
  95.5899067582726110 112.6503542953136704  83.0836992039817621   0.2718415197802020
  91.3512510398872390  96.1511554200472171  92.0202140912953607   0.0822415197802020
  91.3701483012264478  99.5602213656411595  89.8338009543484655  -0.1825584802197980
  93.3694785509151319  99.9324974140236378  90.1645030277846927   0.0602415197802020
  90.7011852498183261  99.1973939479282787  94.5864621811604151   0.5972415203289801
  92.3849312351421581  98.4641802079668232  96.0094259600031179  -0.5679584818661324
  89.0722413223782034 102.2946550814252026  97.7064000282644082  -0.0597584802197980
  90.9714160869690665 103.0392071781901862  97.9974178528882741   0.0868415197802020
  87.4886508221521925 106.1496963946245547 100.0817857786034178  -0.3204584802197979
  89.4180612048857921 106.8356669812379684 100.2839864749329904   0.0881415197802020
  90.1323776835080257 107.3477827635306292  94.8245676740345017  -0.0660584802197980
  91.4910907737974079 105.8322224041257859  94.5146525880714137   0.0185415197802020
  90.0794653517582331 108.5420896801688698  93.1464908671124202   0.0185415197802020
  90.7427592247645908 108.5005157052225917  96.4194965310640405   0.0185415197802020
  89.7657708135273112 100.6165782745031345 101.8732461535607653  -0.5679584818661324
  91.7839983245552042  92.3509161647315743 100.0118659116483334  -0.0275584802197980
  91.3247948740123360  90.9865338960404414 101.4877420222408288   0.1122415197802020
  91.8803743573851916  90.8996064938800517  97.5079787842026691  -0.0050584802197980
  91.8803743573851916  92.2356428705623781  95.9413958191819636   0.0338415197802020
  93.6586066494050810  89.8583673940894516  97.4342794649797511   0.0338415197802020
  93.0501148342824462  80.6100476946788347  96.7445294260984904   0.1446415197802020
  91.9370661414028315  84.5331191486993545  96.9164945042853264  -0.2387584802197980
  93.8419100843954449  85.2379869966519902  97.0903493086060791   0.1699415197802020
  94.3615847712237865  93.4564059530755083 100.7431899254758586   0.5972415203289801
  95.8733656783607961  92.0939134105182923 101.8656872490250845  -0.5679584818661324
  94.8642519228468495  95.8809245828964768 100.2140666079779060  -0.4157584802197979
  93.6000251392535244  96.8957075168121873  99.1917247695265148   0.2718415197802020
  97.2660938390607487  97.0809006779364681 100.9491700740732784  -0.0389584802197980
  98.7703158416620775  95.8469095124858931 100.3180015453435743   0.1006415197802020
  97.7196281112018529  99.6112439712570351  99.5904569837838961   0.3653415197802020
  97.4342794649797511  99.3334542295706005  97.5684500204881560   0.0042415197802020
  96.0963533621634944 101.8241132740788200 100.4597310053876736  -0.2438584802197979
  96.4005992697248184 103.4284907617779564  99.2068425785978765   0.0641415197802020
  94.1215895522157964 101.2893207781791032 100.3765830554951308   0.0641415197802020
  96.5895718831169462 102.3740235790498982 102.3834722097195092   0.0641415197802020
 100.2272946909153508 100.3539063418880750  99.9929686503091246  -0.6761584785734636
 100.4616207315215904 102.0319831488101565  99.3391234079723645   0.4101415197802020
  97.5552219375507112  97.2377479470519424 103.8196640714996570   0.5972415203289801
  99.3958151919900043  96.2796567971538583 104.8646826235581040  -0.5679584818661324
  95.6277012809510284  98.1769418356108044 105.1670388049855113  -0.4157584802197979
  94.1196998260818660  98.9082658494383296 104.2543010823015389   0.2718415197802020
  95.6995108740400432  98.2714281423068615 107.9487156741175965  -0.0875584802197980
  97.4512870001850429  99.2106220308657235 108.4929568006869108   0.0968415197802020
  93.5187669154949119  99.8436802857293446 109.0731027238007393   0.2984415197802021
  93.8778148809399456 100.0534398865945981 111.0913302348286322  -0.0297584802197980
  93.4431778701380635 102.4987455038887056 107.9090314253052487  -0.3192584802197979
  92.1128106718575011 103.6760448853216408 108.9521602512297790   0.0790415197802020
  95.3064478381844124 103.3699092516263998 108.0205252672065979   0.0790415197802020
  92.8516935902207072 102.4212667323979269 105.9361573414914542   0.0790415197802020
  90.8996064938800517  98.6418144645554231 108.7669670901054984  -0.3192584802197979
  90.4725283876138505  98.3640247228690019 106.7714162926846479   0.0790415197802020
  90.8107893655857584  96.8371260066606308 109.7515144058784721   0.0790415197802020
  95.8110047159413923  95.6163629241475006 109.0938897112738650   0.5972415203289801
  97.1432616403558717  95.2289690666936471 110.9514905009184633  -0.5679584818661324
  94.5732340982229703  93.7417545992976236 107.9279286866444575  -0.4157584802197979
  93.5149874632270649  94.1556046226263800 106.3953607920343224   0.2718415197802020
  94.7300813673384312  91.1169249992809993 108.7612979117037343   0.0336415197802020
  94.1404868135550051  91.0299975971206230 110.7360617216514323   0.0822415197802020
  92.8951572913009022  89.5012091547783350 107.2022738512186962  -0.1825584802197980
  92.8913778390330550  87.5755782243125823 107.9392670434479855   0.0602415197802020
  90.9903133483082752  90.2778865958199719 107.3364444067271013   0.0602415197802020
  93.4771929405486474  89.4558557275642232 105.2293997674049151   0.0602415197802020
  97.4550664524528767  90.1040317914992058 108.6441348914006078   0.5972415203289801
  98.3791425319403770  89.1100358450566343 110.5357507514557900  -0.5679584818661324
  98.7948822814030502  90.4309544126675858 106.5144135384713658  -0.4157584802197979
  98.0106459358257324  91.3474715876193918 105.0234196188074952   0.2718415197802020
 101.4253810598214250  89.5749084740012666 106.3500073648202106  -0.0014584802197980
 101.4518372256963280  87.6530569958033476 107.0888902831834167   0.0875415197802020
 102.3400085086393144  89.4029433958144306 103.5834483047595005  -0.0152584802197980
 103.5380948775453886  87.7513227547672519 103.4795133673938321   0.0294415197802020
 100.7242926641366499  89.0363365258337028 102.3607954961124534   0.0294415197802020
 103.8971428429904223  91.5629003668864228 102.5006352300226225  -0.0011584802197980
 102.8351167557266833  93.0727915478895019 100.5768940256907867  -0.1906584802197980
 100.9926337751534599  92.6192572757483979  99.8965926174791370   0.1698415197802020
 104.1276894313288148  95.1760567349438545  99.5847878053821321  -0.2341584802197979
 103.2810921233321067  96.3684739254481648  98.1977288230839299   0.1655415197802020
 106.7355114961401472  95.7921074546021836 100.5995707392978425   0.3225415197802020
 108.0469814330815009  97.8462397621745772  99.7983268585152327  -0.5579584818661324
 109.1203458771487680  98.4622904818329063 101.1268043306618784   0.3991415197802020
 107.8674574503589842  93.9855292705734609 102.5176427652279143  -0.2341584802197979
 109.7156096093339580  94.2973340826704660 103.2470770529215228   0.1655415197802020
 106.4029196965700032  91.9389558675367482 103.3585708948228719  -0.1906584802197980
 107.1890457682812514  90.6785085362112702 104.7248428896479352   0.1698415197802020
 103.2055030779752447  91.0847996550043457 108.0583197898850290   0.5972415203289801
 104.9818456438612305  89.9774201405264816 109.0617643669972114  -0.5679584818661324
 102.7198434615574869  93.5263258200305928 108.4910670745529941  -0.4157584802197979
 101.3290050269914510  94.3861512109647726 107.4876224974408116   0.2718415197802020
 104.2259551902927326  95.0437759055693663 110.2560712836354386  -0.0237584802197980
 106.2139470831778888  94.8075601388292099 109.7723013933515976   0.0879415197802020
 103.5739996740898894  97.8632472973798690 110.0236349691631292   0.0341415197802020
 101.5368749017227876  98.1108014209235536 110.2031589518856461   0.0240415197802020
 104.4565017786311251  98.8799199574295097 111.5826590296481539   0.0240415197802020
 104.4565017786311251  99.0651131185537905 107.5310861985209931   0.0017415197802020
 103.3736887038942471  98.2563103332354864 105.9796210425716491   0.0439415197802020
 104.0010777803560906 101.0682228205103084 107.6104546961456887   0.0439415197802020
 107.7786403220646774  98.7892131030012862 106.6996066995956466  -0.2737584802197979
 109.2998698598712846  99.5469932827037012 109.6570280991824014  -0.0536584802197980
 111.3162076447652608  99.7397453483636761 109.3055390382730486   0.0683415197802020
 108.5364205017671059 101.3063283133843952 110.4072493743491356   0.0683415197802020
 108.9918445000421268  98.0333226494327881 111.0214103678735477   0.0683415197802020
 103.9651729838115898  94.1348176351532412 112.9961741778212592   0.5972415203289801
 105.8832450097416616  93.8022258355830970 114.2698495920841820  -0.5679584818661324
 101.6597071004276648  93.5867970563160796 113.8919043652999263  -0.4157584802197979
 100.1309186580853768  93.9080504990826957 112.7769659462863945   0.2718415197802020
 101.2855413259112562  92.5285504213201742 116.4335860154240078  -0.0518584802197980
 102.3173317950322586  93.6945114459495951 117.7828504750437926   0.0921415197802020
  98.4717391125025174  92.5455579565254663 117.1686894815193803  -0.1102584802197980
  97.4172719297744591  91.4098325500387956 115.8080866650960812   0.0456415197802020
  98.3111123911192093  91.6252613293058130 119.0092827359586734   0.0456415197802020
  97.2282993163823312  95.1741670088099242 117.3557723687775780   0.3530415197802020
  97.0090910848474668  95.9810800679942980 115.4849434961955483  -0.0361584802197980
  94.6015799902317900  94.8888183625878224 118.5274025718087626  -0.4121584802197980
  93.6623861016729282  96.7199629863575177 118.5746457251567913   0.0999415197802020
  93.4771929405486474  93.5924662347178436 117.3878977130542449   0.0999415197802020
  94.7603169854811812  94.1556046226263800 120.4454745977388344   0.0999415197802020
  98.7287418667157994  97.0601136904633425 118.9507012258071168  -0.4121584802197980
  97.6591568749163795  98.8062206382065783 119.1661300050741477   0.0999415197802020
  99.1123562719018192  96.2664287142164135 120.8139711938534791   0.0999415197802020
 100.5069741587357021  97.5193171410061972 118.0190662417839491   0.0999415197802020
 102.4061489233265652  89.8659262986251324 116.6830298651016225   0.5972415203289801
 103.6628168023841960  89.3216851720558181 118.5614176422193465  -0.5679584818661324
 102.1170208248366027  88.2445412757207040 114.7649578391715507  -0.4157584802197979
 101.0096413103587519  88.7490981534776705 113.2815228240433612   0.2718415197802020
 103.4058140481709006  85.7860075754891517 114.7044866028860641  -0.0024584802197980
 102.9163749794852956  84.7277609404932463 116.4033503972812712   0.0977415197802020
 102.5818934537812348  84.2666677638164612 112.3650056490915550  -0.0343584802197980
 103.1525907462254521  85.3343630294819644 110.6982671989730148   0.0294415197802020
 103.6363606365092929  82.4959943763322527 112.3555570184219574   0.0294415197802020
  99.7983268585152327  83.6071533430779507 112.0588700153963141   0.0117415197802020
  98.0975733379861088  83.6241608782832426 114.1167817752365547  -0.1256584802197980
  98.7268521405818827  84.1268280299062924 115.9649339342115421   0.1329415197802020
  95.5351047003888880  83.0156690631605944 113.7407262745862294  -0.1704584802197980
  94.2576498338581182  83.0610224903747061 115.2997503350712675   0.1429415197802020
  94.6563820481155129  82.3769416298952093 111.3124281924974271  -0.1072584802197980
  92.7099641301766214  81.9290765361558692 111.0327487246770756   0.1296415197802020
  96.3439074857071787  82.3391471072167919 109.2582958849250201  -0.1704584802197980
  95.6843930649686681  81.8629361214686319 107.4120334520839631   0.1429415197802020
  98.9044863971704826  82.9495286484733570 109.6362411117092758  -0.1256584802197980
 100.1687131807637942  82.9381902916698291 108.0677684205546265   0.1329415197802020
 106.2952053069365011  86.0770254001130177 114.7328324948948838   0.5972415203289801
 107.5915574348064799  84.6124876463240501 115.9857209216846810  -0.5679584818661324
 107.3118779669861284  88.0064357828466174 113.4667159851676418  -0.4157584802197979
 106.1610347514280828  89.1062563927887873 112.4009104456360558   0.2718415197802020
 109.9877301726186286  88.6716193819869052 113.5441947566584207  -0.0252584802197980
 111.1102274961678409  87.0653521681538385 112.9054673233930357   0.0697415197802020
 110.3089836153852312  90.2514304299450689 112.2648501639937339   0.0697415197802020
 110.8910192646329764  89.4482968230285424 116.1765832612107257   0.5972415203289801
 112.8431063609736319  88.5204412912732083 117.0099524862699891  -0.5679584818661324
 109.4397095937814537  90.9865338960404414 117.5636422435089280  -0.4157584802197979
 107.8693471764929009  91.7329757189393285 116.7529497320567071   0.2718415197802020
 110.0274144214309628  91.6460483167789521 120.1998102003290668  -0.0518584802197980
 111.9454864473610346  92.4019387703474502 120.2583917104806233   0.0921415197802020
 108.1584752749828500  93.7190778856905678 121.0520766867275657  -0.1102584802197980
 107.9487156741175965  95.0399964533015193 119.4817142694389863   0.0456415197802020
 106.3065436637400292  92.8743703038277631 121.3865582124316131   0.0456415197802020
 108.9408218944262511  95.2818813984434397 123.3858884621203109   0.3530415197802020
 110.8116507670082943  96.0812355530921327 123.0646350193536948  -0.0361584802197980
 107.0605443911746104  97.4550664524528767 123.7090316310208302  -0.4121584802197980
 107.6690362062972452  98.6947267963052157 125.2378200733631182   0.0999415197802020
 106.9698375367463867  98.5511076101272130 121.9723733139472056   0.0999415197802020
 105.1840463401908033  96.7180732602235874 124.1342200111531013   0.0999415197802020
 108.9578294296315431  93.8305717275919170 125.8897755895659481  -0.4121584802197980
 109.2488472542554089  95.1477108429350346 127.4469099239170560   0.0999415197802020
 107.1739279592098763  92.8384655072832624 126.1392194392435628   0.0999415197802020
 110.5225226685183318  92.5020942554452846 125.9275701122443924   0.0999415197802020
 109.9612740067437256  89.3046776368505263 121.9119020776617321   0.5972415203289801
 111.7262782158261702  88.8322461033702133 123.3424247610401024  -0.5679584818661324
 107.9808410183942501  87.7551022070350992 121.7418267256088130  -0.4157584802197979
 106.5257518952748937  88.2426515495867738 120.5853143316490033   0.2718415197802020
 107.7484047039219408  85.4571952281868548 123.2800637986206988  -0.0275584802197980
 108.0450917069475707  85.9447445707385295 125.2586070608362707   0.1122415197802020
 105.0631038676198430  84.4178458545301582 123.0098329614699585  -0.0050584802197980
 104.7342915203175461  83.9038403461035807 121.0407383299240378   0.0338415197802020
 104.9081463246382991  82.7114231555992704 124.1512275463583931   0.0338415197802020
 103.0165304645831303  86.1941884204161442 123.8413124603953318  -0.1415584802197980
 103.3321147289479689  88.2237542882475649 125.3568728198001616  -0.1638584802197980
 105.1197956516374827  88.8171282942988382 126.1354399869757291   0.2061415197802020
 101.0531050114389467  89.4105023003501115 125.7688331169950012  -0.3418584802197979
 100.8660221241807358  90.9241729336210378 126.9177866064191300   0.3411415197802020
  99.1350329855088751  88.2294234666493290 124.4724809891250091   0.1379415197802020
  96.1776115859221201  85.0357863003224175 121.5056109588686565  -0.1972584802197980
  95.0248786442301442  83.7980156826039955 120.3642163739802219   0.1446415197802020
  98.7816541984656054  84.5520164100385767 121.7645034392158690  -0.2387584802197980
  99.6301412325962439  82.9495286484733570 120.8290890029248406   0.1699415197802020
 100.3274501760131854  86.1412760886663516 123.2441590020762115   0.1242415197802020
 109.7628527626820000  83.4843211443730603 122.6432260914892576   0.5972415203289801
 110.6359062365536112  82.1312772324854553 124.3175234461434786  -0.5679584818661324
 110.6170089752144025  83.3992834683466142 120.2716197934180815  -0.4157584802197979
 109.7439555013427779  84.4858759953513259 118.9544806780749639   0.2718415197802020
 112.9073570495269526  82.0424601041911485 119.5365163273227091  -0.0249584802197980
 112.7807453985542283  80.1149394475914792 120.2489430798110258   0.0842415197802020
 113.1095577458565252  81.9404148929593971 116.6546839730928026   0.2116415197802020
 111.4503782002736659  81.0068901828022991 115.8723373536494017   0.0351415197802020
 113.2021543264186790  83.8547074666216351 115.9006832456582214   0.0351415197802020
 115.3091989657408652  80.6251655037502096 115.9271394115331110  -0.6546584813173543
 115.0937701864738476  78.8469332117303069 116.2937462815138388   0.4274415197802020
 115.2827427998659756  83.2443259253650700 120.6779109122111437   0.5972415203289801
 116.8323182296814026  81.8761642044060766 121.7134808335999933  -0.5679584818661324
 115.5454147324810217  85.7519925050785678 120.6949184474164357  -0.4157584802197979
 114.2528420568788902  86.8291364014136820 119.7765115463307128   0.2718415197802020
 117.6619080024728323  87.0748007988234496 121.9024534469921077   0.0336415197802020
 119.4155738547517490  86.2867850009782846 121.1654602547628184   0.0822415197802020
 117.6014367661873454  89.8772646554286603 121.1635705286289149  -0.1825584802197980
 119.2908519299129416  90.8145688178536056 121.8816664595189821   0.0602415197802020
 117.5730908741785255  90.0643475426868580 119.1094382210565078   0.0602415197802020
 115.9441469467384030  90.8013407349161474 121.9553657787419137   0.0602415197802020
 117.8055271886508484  86.6874069413695828 124.7823960750880973   0.5972415203289801
 119.8558800439553950  86.8990562683687664 125.8463118884857666  -0.5679584818661324
 115.7646229640158862  85.9126192264618759 126.0655201200206311  -0.4157584802197979
 114.0695386218885261  85.9258473093993207 125.1792385632115751   0.2718415197802020
 115.9857209216846810  84.9337410890906662 128.6563346496266582  -0.0518584802197980
 116.9419223454488350  86.3472562372637578 129.8128470435864813   0.0921415197802020
 113.3930166659447238  84.3724924273160598 129.8222956742560791  -0.1102584802197980
 112.4538227773858618  82.9117341257949261 128.7168058859121584   0.0456415197802020
 111.5732103989785563  86.6118178960127342 130.1416593908887648   0.3530415197802020
 110.8362172067492669  87.1900740929926458 128.3105147671190829  -0.0361584802197980
 112.7920837553577562  88.9078351487270617 131.4058861744821033  -0.4121584802197980
 111.3823480594525116  90.3742626286499461 131.7139115343112611   0.0999415197802020
 114.2679598659502651  89.6826228636347685 130.1983511749064044   0.0999415197802020
 117.5919881355177345  82.5205608160732256 128.8301894539474379   0.5972415203289801
 117.7866299273116262  81.0446847054807302 126.7949544077142262  -0.4157584802197979
 116.8965689182347232  81.6682943296747399 125.2189228120239229   0.2718415197802020
 119.6914738703042532  79.0812592523365466 126.3697660275819553   0.0336415197802020
 118.9714882132802557  77.9379749413141951 124.8239700500343752   0.0822415197802020
 122.1027644171877769  80.3360374052602607 125.3795495334072176  -0.1825584802197980
 123.4633672336110761  78.8979558173461827 124.8069625148290834   0.0602415197802020
 121.6397815143770617  81.5019984298896680 123.7449364275653444   0.0602415197802020
 122.9323541899791932  81.5190059650949599 126.8478667394640322   0.0602415197802020
 110.7700767920620161  71.3333821032594113 121.8571000197779960   0.5972415203289801
 109.6343513855753455  72.5182403892280408 120.2130382832665116  -0.5679584818661324
 113.2342796706953326  71.6621944505617080 122.3219726487226415  -0.4157584802197979
 114.8518852413319272  73.3894041369657350 120.8706629778711188  -0.0014584802197980
 114.2112680819326254  75.3244836981010987 121.1843575161020405   0.0875415197802020
 117.5976573139194984  73.1758650838326345 121.8060774141621201  -0.0152584802197980
 117.7526148569010424  74.1150589723914965 123.6315528595300649   0.0294415197802020
 118.0360737769892409  71.2011012738849231 122.1178822262591386   0.0294415197802020
 119.5837594806707377  74.2322219926946096 120.0183964914726332  -0.0011584802197980
 119.6366718124205303  76.8287057007024140 119.4930526262425142  -0.1906584802197980
 118.2722895437293974  78.0475790570816273 120.3642163739802219   0.1698415197802020
 121.4300219135117948  77.8434886346181244 117.8168655454543629  -0.2341584802197979
 121.4640369839223784  79.8484880627085726 117.4200230573309119   0.1655415197802020
 123.1723494089872102  76.2353316946511407 116.6055510936108438   0.3225415197802020
 124.8844412863198487  77.2123201058884338 114.9633790832332763  -0.5579584818661324
 125.9011139463694759  75.9443138700272749 114.1715838331202776   0.3991415197802020
 123.1137678988356402  73.6142815469023636 117.1025490668321429  -0.2341584802197979
 124.4422453709822859  72.3765109291839416 116.1765832612107257   0.1655415197802020
 121.3430945113514317  72.6278445049954730 118.8316484793700868  -0.1906584802197980
 121.3430945113514317  70.6398526121103168 119.2492779549666769   0.1698415197802020
 114.6553537234041185  72.8810678069409215 118.0209559679178658   0.5972415203289801
 113.9429269709158020  74.5761521490682814 116.5923230106733990  -0.5679584818661324
 115.1296749830183484  70.5264690440750375 117.2272709916709368  -0.4157584802197979
 115.6304524085074813  69.2244477378032948 118.5387409286122905   0.2718415197802020
 114.9407023696262205  69.7082176280871356 114.5873235825829510  -0.0275584802197980
 116.0915455851842661  70.9573266026090858 113.4175831056856964   0.1122415197802020
 115.9857209216846810  67.0096887088475932 114.3246516499678915  -0.0050584802197980
 115.1825873147681410  65.8191612444771996 115.8061969389621509   0.0338415197802020
 115.3394345838836018  66.2462393507434009 112.5218529182070159   0.0338415197802020
 118.8146409441647948  66.7678037637056726 114.3643358987802393  -0.1415584802197980
 120.2905170547572903  66.7262297887594081 116.4468140983614660  -0.1638584802197980
 122.8038528128725521  66.5750516980456978 115.7854099514890252  -0.3418584802197979
 123.0873117329607506  66.4314325118676951 113.2097132309543599   0.1379415197802020
 125.2170330858899928  66.1952167451275386 111.6563583488710855  -0.2601584802197979
 124.8731029295163208  66.0327002976103002 109.0296390227205445  -0.1134584802197980
 122.4202384076865324  66.1120687952349958 108.0072971842691531  -0.1972584802197980
 122.1726842841428479  66.0024646794675635 105.9815107687055660   0.1446415197802020
 120.2961862331590544  66.3766304539839722 109.5889979583612337  -0.2387584802197980
 118.4272470867109280  66.4559989516086678 108.7764157207750960   0.1699415197802020
 120.5701965225776284  66.5448160799029609 112.2383939981188309   0.1242415197802020
 112.2251659151813861  69.8669546233365268 113.5800995532029213   0.5972415203289801
 111.8604487713345885  70.6681985041191367 111.4314809389344569  -0.5679584818661324
 110.3089836153852312  69.1942121196605581 115.0862112819381669  -0.4157584802197979
 110.6888185683034038  68.5006826285114636 116.8304285035474724   0.2718415197802020
 107.6633670278954813  69.3416107581064213 114.2868571272894738   0.0336415197802020
 107.4460485224945335  68.2380106958964041 112.5596474408854470   0.0822415197802020
 105.9796210425716491  68.1624216505395557 116.3296510780583395  -0.1825584802197980
 106.1799320127673050  69.1942121196605581 118.1003244655425614   0.0602415197802020
 106.8413361596397324  72.0609266648191029 113.6708064076311448   0.5972415203289801
 105.8265532257240220  72.5295787460315686 111.6261227307283489  -0.5679584818661324
 107.3364444067271013  73.8731740272495759 115.3602215713567409  -0.4157584802197979
 108.1773725363220588  73.3950733153674990 117.0212908430735172   0.2718415197802020
 106.7430704006758280  76.5414673283463818 114.9123564776174006  -0.0024584802197980
 104.7909833043351860  76.7020940497296898 114.2849674011555437   0.0977415197802020
 107.0510957605049992  78.0230126173406412 117.3878977130542449  -0.0343584802197980
 108.9937342261760437  77.8056941119397069 118.0398532292570746   0.0294415197802020
 106.7506293052115223  80.0147839624936445 116.9759374158594188   0.0294415197802020
 105.2709737423511796  77.3389317568611579 119.5421855057244730   0.0117415197802020
 102.8124400421196273  76.4054070467040600 119.0905409597172991  -0.1256584802197980
 102.1396975384436586  76.0992714130088189 117.1932559212603530   0.1329415197802020
 101.1759372101438238  75.8970707166792329 121.1219965536826369  -0.1704584802197980
 104.4073688991491662  77.2822399728435182 124.0775282271354883  -0.1704584802197980
 106.0552100879284976  77.7622304108595121 122.0479623593040405  -0.1256584802197980
 107.9317081389123047  78.4689879849460646 122.4240178599543929   0.1329415197802020
 108.3436684361071308  77.6753030086991356 112.7769659462863945   0.5972415203289801
 107.3402238589949483  79.0566928125955740 111.1914857199264668  -0.5679584818661324
 110.7625178875263353  76.9553173516751383 112.5974419635638779  -0.4157584802197979
 111.4825035445503328  75.8271508497241484 113.9712728629246217   0.2718415197802020
 112.4500433251180145  77.7130975313775665 110.5376404775897069  -0.0518584802197980
 112.6182289510370035  79.7691195650838904 110.5622069173306796   0.0921415197802020
 115.0692037467328749  76.5433570544803122 111.0724329734894234  -0.1102584802197980
 115.5624222676863135  77.0176783140945419 112.9999536300890928   0.0456415197802020
 114.9444818218940676  74.4911144730418219 110.9949542019986447   0.0456415197802020
 117.2726244188850486  77.4334180635572152 109.4019150711030362   0.3530415197802020
 116.9097970011721680  79.3420414588176758 108.7140547583557058  -0.0361584802197980
 119.7179300361791428  77.4334180635572152 110.9439315963827825  -0.4121584802197980
 121.3317561545479038  77.8775037050287082 109.7534041320123889   0.0999415197802020
 119.5969875636081825  78.8450434855963901 112.4424844205823337   0.0999415197802020
 120.0183964914726332  75.5814864523143942 111.7961980827812546   0.0999415197802020
 117.6694669070085132  75.6551857715373124 107.1663690546741956  -0.4121584802197980
 119.2039245277525652  76.3354871797489754 105.9815107687055660   0.0999415197802020
 118.1381189882209789  73.7635699114821437 107.8391115583501643   0.0999415197802020
 115.9573750296758612  75.5644789171091024 106.0514306356606504   0.0999415197802020
 111.3615610719793725  76.9269714596663184 107.9619437570550413   0.5972415203289801
 111.0157411894717838  78.5162311382940933 106.3027642114721820  -0.5679584818661324
 110.6699213069641951  74.5194603650506418 107.6482492188241196  -0.4157584802197979
 110.9722774883915888  73.2968075564035946 109.0976691635417120   0.2718415197802020
 109.5474239834149692  73.5330233231437511 105.3106579911635274  -0.0518584802197980
 110.7549589829906546  74.0451391054364119 103.7195085864018358   0.0921415197802020
 109.3849075358977442  70.6304039814407058 105.4731744386807524  -0.1102584802197980
 109.0825513544703369  70.0672655935321827 107.4328204395570887   0.0456415197802020
 107.7295074425827321  70.0067943572466959 104.4130380775509301   0.0456415197802020
 111.6752556102102943  69.2093299287319331 104.3676846503368184   0.3530415197802020
 111.6185638261926681  69.3869641853205330 102.3154420688983417  -0.0361584802197980
 114.2585112352806541  70.1409649127551008 105.2615251116815686  -0.4121584802197980
 115.7419462504088304  68.9013045689027618 104.5528778114610992   0.0999415197802020
 114.5967722132525620  72.0193526898728248 104.5094141103809176   0.0999415197802020
 114.3378797329053497  70.1825388877013789 107.3175471453878924   0.0999415197802020
 111.4692754616128880  66.4068660721267088 105.0366477017449400  -0.4121584802197980
 112.9942844516873288  65.3580680678004146 104.1352483358645089   0.0999415197802020
 111.5939973864516820  66.1687605792526356 107.0813313786477359   0.0999415197802020
 109.6683664559859293  65.6642037014956557 104.3714641026046654   0.0999415197802020
 106.9452710970054141  74.6895357171035609 104.7475196032549909   0.5972415203289801
 106.4180375056413784  75.2734610924852230 102.5592167401741790  -0.5679584818661324
 105.3446730615741113  75.0920473836287894 106.6618121769172155  -0.4157584802197979
 105.8360018563936330  74.5137911866488778 108.4230369337318264   0.2718415197802020
 102.8993674442800038  76.3354871797489754 106.3122128421417932   0.0336415197802020
 101.8241132740788200  75.2847994492887509 104.9005874201026182   0.0822415197802020
 101.4367194166249531  76.2580084082581967 108.8123205173196102  -0.1825584802197980
  99.5715597224446873  77.0913776333174735 108.5515383108384674   0.0602415197802020
 101.2194009112240188  74.3059213119175413 109.4359301415136201   0.0602415197802020
 102.4477228982728299  77.3219242216558661 110.2598507359032857   0.0602415197802020
 103.1998338995734807  79.0585825387294907 105.3257758002348891   0.5972415203289801
 101.8505694399537095  79.8163627184319191 103.5815585786255836  -0.5679584818661324
 105.0253093449414121  80.4853257698400407 106.3443381864184467  -0.4157584802197979
 106.0230847436518307  79.7785681957534880 107.8239937492787892   0.2718415197802020
 105.6149038987248516  83.0440149551694143 105.4486079989397795  -0.0249584802197980
 103.8650174987137688  84.1249383037723754 105.4826230693503634   0.0842415197802020
 107.5027403065121732  84.3649335227803657 107.2249505648257522   0.2116415197802020
 107.4290409872892415  86.3888302122100360 106.8564539687111075   0.0351415197802020
 106.9528300015410949  84.0455698061476799 109.1827068395681716   0.0351415197802020
 110.0330835998327270  83.5674690942656029 106.8885793129877744  -0.6546584813173543
 110.1540260724036871  81.7476628272994355 107.1285745319957645   0.4274415197802020
 106.5446491566141024  83.0326765983658864 102.6952770218165142   0.5972415203289801
 105.4637258080111412  84.3592643443786016 101.1211351522601144  -0.5679584818661324
 108.3550067929106587  81.3961737663900828 102.0149756136048647  -0.4157584802197979
 109.2356191713179642  80.3908394631439700 103.3869167868316919   0.2718415197802020
 109.2450678019875753  81.1278326553732594  99.3958151919900043  -0.0275584802197980
 109.9782815419490175  82.9438594700715930  98.7551980325907024   0.1122415197802020
 111.4333706650683873  79.2381065214520075  99.2616446364815992  -0.0050584802197980
 111.0176309156057007  77.6205009508154261 100.4729590883251184   0.0338415197802020
 111.5486439592375836  78.5219003166958572  97.3303445276140828   0.0338415197802020
 114.0015084810673585  80.2680072644390930  99.8871439868095260  -0.1415584802197980
 115.4112441769726166  79.6160517482362632 101.9110406762391962  -0.1638584802197980
 114.7970831834482045  78.3140304419645206 103.3566811686889550   0.2061415197802020
 117.7696223921063344  80.7272107149819612 101.7560831332576522  -0.3418584802197979
 119.2020348016186482  80.3265887745906495 102.9636181328333243   0.3411415197802020
 117.9907203497751292  82.1917484687709287  99.6169131496587991   0.1379415197802020
 119.9919403255977302  83.5958149862744229  98.5851226805377833  -0.2601584802197979
 121.7834007005550643  83.6147122476136316  99.5073090338913534   0.1571415197802020
 119.6253334556170024  84.9205130061532214  96.3042232368948444  -0.1134584802197980
 121.1465629934236230  85.9712007366134325  95.4878615470408594   0.1416415197802020
 117.2612860620815207  84.8543725914659705  95.0834601543817141  -0.1972584802197980
 117.0005038556003915  85.8615966208460001  93.3543607418437704   0.1446415197802020
 115.2562866339910726  83.4181807296858229  96.0887944576278135  -0.2387584802197980
 113.4875029726407809  83.3218046968558353  95.1250341293279788   0.1699415197802020
 115.5794298028916054  81.9989964031109671  98.4169370546187945   0.1242415197802020
 107.1342437103975285  80.3700524756708444  97.5552219375507112   0.5972415203289801
 107.0303087730318602  81.3583792437116519  95.4500670243624285  -0.5679584818661324
 105.4221518330648765  78.6730784074095542  98.3092226649852924  -0.4157584802197979
 105.6319114339301434  77.8529372652877356 100.0326528991214724   0.2718415197802020
 103.2962099324034682  77.9058495970375282  96.7256321647592816   0.0336415197802020
 104.0313133984988406  77.2614529853703792  94.9114950761948781   0.0822415197802020
 101.9280482114444882  75.6873111158139794  97.9917486744865102  -0.1825584802197980
 100.3652446986916029  75.0655912177538864  96.8012212101161300   0.0602415197802020
 103.2395181483858285  74.1207281507932605  98.2563103332354864   0.0602415197802020
 101.1929447453491158  76.2598981343921136  99.8304522027918998   0.0602415197802020
 101.4990803790443567  80.1243880782610769  96.1946191211274121   0.5972415203289801
 100.8905885639217219  80.6327244082858905  94.0063162580466000  -0.5679584818661324
 100.7091748550652749  81.5095573344253623  98.1504856697359014  -0.4157584802197979
 101.3082180395183120  81.0522436100164108  99.9173796049522761   0.2718415197802020
  99.0594439401520266  83.7016396497740080  97.8405705837728133   0.0336415197802020
  97.3983746684352369  83.1044861914548877  96.7804342226429910   0.0822415197802020
  98.2033980014856938  84.5557958623064103 100.4691796360572712  -0.1825584802197980
  97.2604246606589982  86.3850507599421889 100.3557960680220052   0.0602415197802020
  96.8938177906782704  83.1687368800082216 101.2515262555006723   0.0602415197802020
  99.8304522027918998  84.6786280610113009 101.7277372412488323   0.0602415197802020
 100.3255604498792685  85.8143534674979716  96.2834362494217053   0.5972415203289801
  99.1501507945802501  86.8310261275475989  94.5467779323480673  -0.5679584818661324
 102.7538585319680708  86.3264692497906324  96.7426396999645735  -0.4157584802197979
 103.6004558399647924  85.4534157759190078  98.2298541673605968   0.2718415197802020
 104.3223312231227066  88.0328919487215204  95.2251896144257999  -0.0024584802197980
 103.5815585786255836  89.9509639746515920  95.3631396222020520   0.0977415197802020
 106.9792861674159845  87.9894282476413253  96.3911506390552208  -0.0343584802197980
 106.8791306823181632  88.7906721284239352  98.2903254036460703   0.0294415197802020
 107.5953368870743136  86.0392308774346000  96.5952410615187103   0.0294415197802020
 108.9748369648368350  89.3783769560734443  94.8982669932574333   0.0117415197802020
 109.5341959004775244  91.9087202493940116  95.4784129163712484  -0.1256584802197980
 108.5496485847045507  92.8422449595511096  96.9656273837672717   0.1329415197802020
 111.4088042253274012  93.1975134727282959  94.1159203738140322  -0.1704584802197980
 111.8528898667988942  95.0929087850513119  94.6166977993031651   0.1429415197802020
 112.6768104611885600  91.9861990208847768  92.1128106718575011  -0.1072584802197980
 114.0695386218885261  92.9764155150595145  91.0451154061919979   0.1296415197802020
 112.1023337164765089  89.4577454536981399  91.5175469396723109  -0.1704584802197980
 113.0377481527675239  88.5355591003445700  89.9906482234639398   0.1429415197802020
 110.2844171756442584  88.1424960644889526  92.9348415401132498  -0.1256584802197980
 109.8705671523155019  86.2187548601571169  92.4926456247756737   0.1329415197802020
 104.3506771151315265  87.3110165655636061  92.4019387703474502   0.5972415203289801
 103.8876942123208246  88.9002762441913674  90.7559873077020490  -0.5679584818661324
 104.7626374123263661  84.8864979357426375  91.8047853120283433  -0.4157584802197979
 105.1708182572533585  83.6562862225598963  93.2220799124692822   0.2718415197802020
 104.7739757691298940  83.9491937733176924  89.1969632472170108  -0.0518584802197980
 106.1704833820976938  85.0376760264563344  88.1424960644889526   0.0921415197802020
 105.5695504715107399  81.1505093689803152  89.1969632472170108  -0.1102584802197980
 107.4517177008962975  80.9879929214630903  90.0227735677405933   0.0456415197802020
 104.2656394391050670  80.0998216385201042  90.3969393422570019   0.0456415197802020
 105.5752196499125038  79.9165182035297402  86.5570158381290247   0.3530415197802020
 103.7289572170714333  80.1300572566628409  85.6745137335878026  -0.0361584802197980
 107.5839985302707857  81.0711408713556332  84.8260266994571506  -0.4121584802197980
 107.5991163393421608  80.0865935555826594  83.0194485154284416   0.0999415197802020
 107.1625896024063484  83.0572430381068591  84.4802068169495619   0.0999415197802020
 109.4434890460493007  80.9142936022401587  85.7009698994626921   0.0999415197802020
 106.0930046106069285  77.0857084549157096  86.7913418787352511  -0.4121584802197980
 106.0533203617945807  76.2088755287762513  84.9299616368228189   0.0999415197802020
 107.9392670434479855  76.7776830950865383  87.6530569958033476   0.0999415197802020
 104.6454743920232396  76.2145447071780153  87.9705309863021166   0.0999415197802020
 102.2077276792648262  84.3328081785037120  87.8911624886774210   0.5972415203289801
 102.1283591816401305  85.0981472627418079  85.6934109949270113  -0.5679584818661324
 100.1139111228800847  83.8679355495590799  89.2253091392258307  -0.4157584802197979
 100.3123323669418103  83.2329875685615421  91.0281078709867061   0.2718415197802020
  97.5608911159524752  84.3082417387627259  88.2199748359797179  -0.0597584802197980
  97.3889260377656393  83.2972382571148626  86.4379630916919815   0.0868415197802020
  95.5332149742549711  83.2858999003113347  90.0624578165529411   0.1302415197802020
  95.8979321181017688  84.0795848765582637  91.9276175107332203   0.0186415197802020
  95.6333704593527924  80.3738319279386782  90.3232400230340703  -0.0430584802197980
  97.4626253569885708  79.8258113491015167  91.0715715720668875   0.0235415197802020
  94.2217450373136174  79.7936860048248631  91.7065195530644389   0.0235415197802020
  97.1640486278290108  87.1069261431001032  87.5699090459108184   0.5972415203289801
  96.2191855608683848  87.6719542571425565  85.5138870122044944  -0.5679584818661324
  97.9747411392812182  88.8587022692451029  89.2064118778866219  -0.4157584802197979
  98.7570877587246193  88.2747768938634408  90.8618119712016340   0.2718415197802020
  97.8481294883085075  91.5950257111630764  88.6810680126565030  -0.0875584802197980
  95.8903732135660879  92.0825750537147643  88.2747768938634408   0.0968415197802020
  98.6833884395016876  93.1672778545855593  90.9978722528439695   0.2984415197802021
 100.5750042995568698  92.5984702882752588  91.5723489975560204  -0.0297584802197980
  98.7079548792426739  96.0113156861370482  90.4290646865336689  -0.3192584802197979
  99.1595994252498478  97.0638931427311761  92.1430462900002377   0.0790415197802020
 100.1535953716924325  96.4516218753406941  89.0287776212980220   0.0790415197802020
  96.8692513509372977  96.6179177751257661  89.7260865647149634   0.0790415197802020
  96.8749205293390617  92.7836634493995395  93.2315285431388797  -0.3192584802197979
  97.5608911159524752  93.8267922753240833  94.8718108273825303   0.0790415197802020
  94.9927532999534906  93.4601854053433554  92.7420894744532749   0.0790415197802020
  96.7558677829020183  90.7975612826483136  93.7379751470297766   0.0790415197802020
  99.3806973829186426  92.2734373932408090  86.3151308929871043   0.5972415203289801
  98.4037089716813497  93.5603408904411766  84.6389438121989531  -0.5679584818661324
 101.6918324447043318  91.2832208990660713  86.0600178649077257  -0.4157584802197979
 102.4023694710587181  90.2608790606146801  87.5226658925627763   0.2718415197802020
 103.2867613017338572  91.6800633871895359  83.8263615746128154   0.0212415197802020
 103.6193531013040011  93.7039600766191927  83.6052636169440204   0.1123415197802020
 105.8416710347953969  90.3931598899891683  84.3271390001019481  -0.1231584802197980
 106.6939375211938826  91.2321982934501956  86.0108849854257803   0.1111415197802020
 105.5657710192428926  88.3787118312291091  84.6653999780738427   0.1111415197802020
 107.9430464957158326  90.8259071746571335  81.6493970683355311  -0.3119584802197979
 110.0973342883860609  90.2986735832930976  82.8701601508486614   0.1932415197802020
 102.0244242442744623  90.7540975815681187  81.3640484221134159   0.5972415203289801
 101.9204893069087940  92.1317079331967098  79.4818811927278583  -0.5679584818661324
 100.9132652775287779  88.4807570424608605  81.3716073266491101  -0.4157584802197979
 101.0549947375728636  87.4111720506614272  82.9627567314108018   0.2718415197802020
 104.1994990244178296  84.8241369733232339  78.8979558173461827   0.0999415197802020
 103.4133729527065813  82.9230724825984540  81.5397929525680989   0.0999415197802020
  99.9306076878897209  98.3715836274046828  80.2850147996443848  -0.1102584802197980
  99.3523514909098227  98.0276534710310242  82.2352121698511236   0.0456415197802020
 101.6086844948117891  97.2301890425162481  79.9240771080654210   0.0456415197802020
 100.6373652619762736 101.1834961146795046  80.0752551987791314   0.3530415197802020
 101.2666440645720474 101.5954564118743443  78.1571831728490598  -0.0361584802197980
  98.4226062330205585 102.9239338840209899  80.7574463331246978  -0.4121584802197980
  99.0859001060269162 104.8741312542277152  80.8481531875529215   0.0999415197802020
  97.6515979703806854 102.4080386494604821  82.5980395875640043   0.0999415197802020
 102.7878736023786546 101.7485242287219714  81.9196279054862715  -0.4121584802197980
 103.4020345959030668 103.7043907773304607  81.7041991262192406   0.0999415197802020
 102.1623742520507144 101.4650653086337728  83.8622663711573160   0.0999415197802020
 104.3922510900777911 100.5126433371374662  81.5492415832377101   0.0999415197802020
 111.2821925743546769 112.5993316896977948  75.4775515149487259   0.0881415197802020
 113.9296988879783572 114.5835441303151037  76.0406899028572490   0.0881415197802020
 115.3866777372316439 108.6724807834094277  76.0425796289911793  -0.5679584818661324
 111.0176309156057007 106.0060772084465386  76.1332864834193894   0.0921415197802020
 107.2551861829684888 102.4212667323979269  76.7228810372028288  -0.4121584802197980
 106.3556765432219746 100.7450796516097755  77.5033379305122996   0.0999415197802020
 108.7367314719627482 103.0014126555117552  78.0324612480102524   0.0999415197802020
 105.8643477484024529 103.9311579134010062  76.5641440419534376   0.0999415197802020
 113.8559995687554256 102.3381187825053974  76.9742146130143470  -0.5679584818661324
 119.4099046763499850 102.0981235634973939  75.6684138544747707   0.5972415203289801
 120.1506773208471214 100.5731145734229395  77.2595632592364623  -0.5679584818661324
 121.4092349260386691 105.7226182883583537  77.8321502778145965  -0.0024584802197980
 123.2422692759422812 104.7909833043351860  77.9795489162604598   0.0977415197802020
 121.8627691981797599 108.5250821449635778  77.2085406536205866  -0.0343584802197980
 120.0524115618832171 109.4491582244510649  76.8891769369879009   0.0294415197802020
 123.2743946202189349 110.0330835998327270  79.1984222726396597   0.0117415197802020
 125.8992242202355726 110.4280363618222745  78.9773243149708783  -0.1256584802197980
 127.1804585390341761 111.9417069950932010  80.7517771547229339  -0.1704584802197980
 129.1854579671246109 112.2837474253329427  80.5552456367951252   0.1429415197802020
 125.8444221623518363 113.0377481527675239  82.7700046657508269  -0.1072584802197980
 126.8157413951873787 114.1942605467273334  84.1495047435133481   0.1296415197802020
 123.2366000975405172 112.6087803203674057  83.0194485154284416  -0.1704584802197980
 122.2161479852230563 113.4308111886231412  84.5879212065830774   0.1429415197802020
 121.9496966003401498 111.1329042097748969  81.2279881404710941  -0.1256584802197980
 119.9333588154461737 110.8645630987580869  81.4188504799971388   0.1329415197802020
 120.0580807402849676 105.3333347047705834  80.3700524756708444   0.5972415203289801
 121.1711294331645823 104.2448524516319413  82.0897032575391772  -0.5679584818661324
 117.6297826581961654 106.0230847436518307  80.5514661845272781  -0.4157584802197979
 116.8172004206100276 106.8772409561842465  79.0359058251224349   0.2718415197802020
 116.1028839419877942 105.7320669190279647  82.8644909724468974  -0.0597584802197980
 116.9211353579756959 106.8999176697913023  84.3554848921107680   0.0868415197802020
 113.3684502262037375 106.6542532723815348  82.3845005344308902   0.1302415197802020
 112.6805899134564071 105.7207285622244368  80.6799675616339325   0.0186415197802020
 111.5694309467107091 105.9399367937593013  84.5595753145742575  -0.3204584802197979
 109.6967123479947492 106.7355114961401472  84.2553294070129333   0.0881415197802020
 111.3615610719793725 103.8971428429904223  84.7031945007522736   0.0881415197802020
 112.3007549605382345 106.6504738201136876  86.3434767849959242   0.0881415197802020
 113.3155378944539449 109.5417548050132051  81.9290765361558692  -0.0430584802197980
 113.4950618771764617 110.5376404775897069  83.7186471849792999   0.0235415197802020
 114.9104667514834837 110.1048931929217417  80.7574463331246978   0.0235415197802020
 110.9099165259721986 110.4261466356883577  80.5798120765360979  -0.0660584802197980
 109.2545164326571729 110.1237904542609504  81.7646703625047275   0.0185415197802020
 111.0686535212215764 112.4368152421805697  80.1659620532073414   0.0185415197802020
 110.6737007592320421 109.4019150711030362  78.8110284151858063   0.0185415197802020
 116.1690243566750314 102.9881845725743104  83.8131334916753572   0.5972415203289801
 116.8757819307615842 102.5157530390939974  85.9749801888812795  -0.5679584818661324
 115.5926578858290502 101.1494810442689344  82.1728512074317200  -0.4157584802197979
 115.0862112819381669 101.6502584697580536  80.3908394631439700   0.2718415197802020
 115.6058859687665084  98.4528418511632951  82.8607115201790504  -0.0597584802197980
 114.3416591851731833  98.1939493708160962  84.4669787340121171   0.0868415197802020
 114.6043311177882428  96.8220081975892557  80.6459524912233487   0.1302415197802020
 115.6210037778378701  97.3643595980246665  78.9338606138906967   0.0186415197802020
 115.0559756637954167  93.9760806399038500  81.1013764894983698  -0.3204584802197979
 114.3076441147625995  92.8573627686224711  79.5480216074150957   0.0881415197802020
 117.0723134486893928  93.5735689733786348  81.2166497836675660   0.0881415197802020
 114.1545762979149858  93.3959347167900349  82.8626012463129671   0.0881415197802020
 111.7489549294332259  97.3190061708105547  80.2434408246981203  -0.0430584802197980
 110.6869288421694869  96.5574465388402793  81.8383696817276592   0.0235415197802020
 111.4050247730595675  99.3466823125080587  80.1848593145465638   0.0235415197802020
 110.6982671989730148  96.1965088472613288  77.7830173983326511  -0.0660584802197980
 110.7209439125800708  94.1404868135550051  77.8453783607520547   0.0185415197802020
 108.7461801026323593  96.8050006623839638  77.5373530009228835   0.0185415197802020
 111.8226542486561576  96.8446849111963116  76.1824193629013483   0.0185415197802020
 118.2382744733188136  97.6024650908987399  83.7451033508542029   0.5972415203289801
 118.4215779083091640  96.2172958347344545  85.6027041404987878  -0.5679584818661324
 120.2621711627484705  98.4585110295650592  82.4959943763322527  -0.4157584802197979
 119.9824916949281190  99.6358104109980078  81.0068901828022991   0.2718415197802020
 122.8737726798276501  97.8632472973798690  83.1951930458831112  -0.0252584802197980
 123.1855774919246415  95.8336814295484483  83.0364560506337334   0.0697415197802020
 124.1398891895548652  98.8307870779475509  81.8912820134774518   0.0697415197802020
 123.5465151835036054  98.7041754269748267  85.8804938821852090   0.5972415203289801
 124.5291727731426488  97.2018431505074282  87.3601494450455515  -0.5679584818661324
 122.9058980241043036 101.0417666546354188  86.5740233733343168  -0.4157584802197979
 122.0517418115719012 102.1831612395238535  85.2908993284017828   0.2718415197802020
 123.2630562634154068 101.9904091738638784  89.1572789984046630  -0.0275584802197980
 125.2189228120239229 101.6786043617668735  89.7260865647149634   0.1122415197802020
 122.7944041822029545 104.8495648144867425  89.1875146165473998  -0.0050584802197980
 121.0634150435310670 105.2898710036903883  88.1538344212924805   0.0338415197802020
 122.5166144405165199 105.4410490944040853  91.1433811651559023   0.0338415197802020
 124.9373536180696547 106.3707943522933497  88.1217090770158135  -0.1415584802197980
 125.6138755740134438 106.4992957293999907  85.6612856506503443  -0.1638584802197980
 124.6671227809189143 105.5638812931089759  84.1306074821741394   0.2061415197802020
 127.7454866530766161 107.9581643047871943  85.3816061828300064  -0.3418584802197979
 128.4900387498415997 108.3946910417230065  83.6789629361669521   0.3411415197802020
 128.6090914962786431 108.8255486002570549  87.6662850787407924   0.1379415197802020
 130.6972388742616338 110.3033144369834671  88.3522556653542061  -0.2601584802197979
 131.9841423714620014 110.9609391315880743  86.9481891478507254   0.1571415197802020
 131.0846327317154872 110.8740117294276844  90.9128345768175099  -0.1134584802197980
 132.6871204932807069 111.9662734348341737  91.4665243340564352   0.1416415197802020
 129.3612024975792940 110.0179657907613653  92.7477586528550389  -0.1972584802197980
 129.6597792267388541 110.4847281458399143  94.6752793094547217   0.1446415197802020
 127.2749448457302334 108.5156335142939668  92.0787956014469172  -0.2387584802197980
 126.0088283360029915 107.8466704628858452  93.4942004757539392   0.1699415197802020
 126.8384181087944345 107.8580088196893730  89.4596351798320703   0.1242415197802020
 121.6057664439664778 100.5712248472890228  91.0640126675312069   0.5972415203289801
 122.5052760837129920  99.8153343937205247  93.0709018217555718  -0.5679584818661324
 119.2303806936274682 100.0421015297910700  90.4101674251944601  -0.4157584802197979
 118.5614176422193465 100.6978364982617468  88.7339803444063090   0.2718415197802020
 117.4786045674824684  98.7438596757871745  92.1109209457235842  -0.0275584802197980
 117.5730908741785255  99.6679357552746614  93.9515142001628771   0.1122415197802020
 114.7536194823680228  99.0972384628304441  91.1717270571647222  -0.0050584802197980
 114.6685818063415633  98.6455939168232701  89.1610584506725102   0.0338415197802020
 113.5668714702654765  97.7328561941393112  92.1317079331967098   0.0338415197802020
 113.5687611963993934 101.6615968265615815  91.5912462588952426  -0.1415584802197980
 114.6100002961900068 103.9217092827314084  90.9997619789778862  -0.1638584802197980
 116.4543730028971469 104.1843812153464545  90.1626133016507758   0.2061415197802020
 112.9092467756608827 105.8473402131971610  91.4325092636458514  -0.3418584802197979
 113.2059337786865126 107.6463594926901892  90.8145688178536056   0.3411415197802020
 110.6831493899016399 104.9497202995845636  92.4227257578205892   0.1379415197802020
 108.4230369337318264 106.1421374900888741  93.1427114148445866  -0.2601584802197979
 108.2113876067326426 108.1320191091079470  92.9121648265061940   0.1571415197802020
 106.4331553147127533 104.6775997362999065  94.1159203738140322  -0.1134584802197980
 104.6983867237730456 105.5638812931089759  94.6374847867762908   0.1416415197802020
 106.7090553302652576 102.0433215056136844  94.3748128541612447  -0.1972584802197980
 105.1897155185925673 100.9435008956715145  95.1212546770601316   0.1446415197802020
 108.9559397034976128 100.8320070537701520  93.6113634960570523  -0.2387584802197980
 109.1241253294166150  98.8288973518136340  93.7776593958421244   0.1699415197802020
 111.0516459860162844 102.2776475462199108  92.5795730269360501   0.1242415197802020
 118.1985902245064658  95.9584033543872556  92.5984702882752588   0.5972415203289801
 117.5882086832499007  94.9795252170160458  94.6166977993031651  -0.5679584818661324
 119.5894286590725017  94.6771690355886386  90.9033859461478988  -0.4157584802197979
 119.9295793631783264  95.4973101777104572  89.2007426994848580   0.2718415197802020
 120.7742869450411313  92.2035175262857246  91.4910907737974079  -0.0875584802197980
 119.5573033147958481  91.2303085673162787  92.8365757811493455   0.0968415197802020
 120.9953849027099261  90.4290646865336689  89.1856248904134829   0.2984415197802021
 121.7852904266889946  88.6489426683798494  89.8621468463572854  -0.0297584802197980
 118.3913422901664274  89.8167934191431870  88.0839145543373961  -0.3192584802197979
 118.5878738080942361  88.4561906027198744  86.5494569335933307   0.0790415197802020
 117.2234915394030898  88.9909830986195909  89.5560112126620443   0.0790415197802020
 117.4956121026877603  91.5232161180740750  87.3563699927777044   0.0790415197802020
 122.7301534936496206  91.3739277534942948  87.0729110726895193  -0.3192584802197979
 122.8718829536937198  89.9396256178480641  85.6008144143648709   0.0790415197802020
 121.9648144094115113  93.0879093569608637  86.2489904782998535   0.0790415197802020
 124.6217693537048026  91.7480935280107034  87.7966761819813639   0.0790415197802020
 123.3424247610401024  92.4340641146241171  92.8157887936762066   0.5972415203289801
 123.9906008249750984  90.7711051167734106  94.3124518917418411  -0.5679584818661324
 124.7748371705524299  94.4768580653929827  92.3754826044725606  -0.4157584802197979
 124.1739042599654489  95.7562026580576694  91.0829099288704156   0.2718415197802020
 127.1710099083645786  94.9965327522213377  93.6850628152799840  -0.0518584802197980
 128.4238983351543623  93.3902655383882709  93.3827066338525767   0.0921415197802020
 128.4276777874221959  97.3397931582836804  92.4888661725078264  -0.1102584802197980
 128.7697182176619376  96.8862588861425896  90.5084331841583645   0.0456415197802020
 127.1294359334183004  98.9309425630453722  92.5342195997219382   0.0456415197802020
 130.9429032716713880  98.1656034788072763  93.7152984334227206   0.3530415197802020
 131.9350094919800292  96.5139828377600978  94.4466224472502460  -0.0361584802197980
 132.6285389831291370  99.4203816317309770  91.7273065405375644  -0.4121584802197980
 134.4086610012829700  99.9986378287108886  92.5890216576056611   0.0999415197802020
 133.0348301019222125  98.0881247073164976  90.2117461811327211   0.0999415197802020
 131.6855656423024414 101.0814509034477666  90.9525188256298577   0.0999415197802020
 130.5800758539584939 100.1006830399426265  95.8431300602180593  -0.4121584802197980
 132.4131102038621061 100.6921673198599829  96.5706746217777375   0.0999415197802020
 129.5841901813819923 101.7636420377933331  95.1401519383993404   0.0999415197802020
 129.5180497666947549  99.2918802546243360  97.4059335729709312   0.0999415197802020
 126.7930646815803227  95.2478663280328559  96.5517773604385287   0.5972415203289801
 128.2802791489763328  94.2047375021083256  97.9974178528882741  -0.5679584818661324
 124.7389323740079157  96.4648499582781389  97.3794774070960282  -0.4157584802197979
 123.6504501208692871  97.3719185025603473  96.0887944576278135   0.2718415197802020
 123.9868213727072648  96.5536670865724456 100.0553296127285282  -0.0014584802197980
 125.3927776163446758  97.5854575556934480 101.1551502226706983   0.0875415197802020
 121.3884479385655435  97.8613575712459523 100.2896556533347546  -0.0152584802197980
 120.2527225320788594  97.4380589172475847  98.6210274770822975   0.0294415197802020
 120.3982314443908058  97.0072013587135499 101.8845845103642932   0.0294415197802020
 121.3808890340298492 100.7053954027974277 100.6997262243956638  -0.0011584802197980
 122.7339329459174542 102.3078831643626608  99.0424364049467347  -0.1906584802197980
 123.7770617718419979 101.5179776403835654  97.5079787842026691   0.1698415197802020
 122.7452713027209821 104.9459408473167165  99.3788076567847123  -0.2341584802197979
 123.7770617718419979 106.1515861207584851  98.1353678606645263   0.1655415197802020
 121.2391595739857500 106.0627689924641785 101.5482132585263157   0.3225415197802020
 121.2580568353249722 108.5761047505794537 102.0319831488101565  -0.5579584818661324
 119.8539903178214781 109.1297945078183790 103.0599941656633117   0.3991415197802020
 119.8010779860716855 104.2694188913729140 103.2414078745197589  -0.2341584802197979
 118.7144854590669604 104.9648381086559387 104.7872038520673387   0.1655415197802020
 119.9503663506514655 101.6691557310972758 102.7444099012984596  -0.1906584802197980
 118.9582601303428109 100.3992597691021868 103.9576140792759092   0.1698415197802020
 123.7581645105027758  93.8872635116095566 101.1721577578759767   0.5972415203289801
 124.9033385476590708  93.2901100532904363 103.1034578667435067  -0.5679584818661324
 122.3352007316600729  92.2318634182945445  99.9022617958809011  -0.4157584802197979
 121.4923828759311983  92.8063401630065954  98.2903254036460703   0.2718415197802020
 121.9742630400811359  89.6334899841528232 100.7526385561454698  -0.0252584802197980
 121.0955403878077474  89.6372694364206568 102.6159085241918186   0.0697415197802020
 120.7232643394252554  88.6791782865225860  99.4336097146684352   0.0697415197802020
 124.4592529061875778  88.1708419564977725 100.9094858252609306   0.5972415203289801
 124.9184563567304325  86.9160638035740584 102.8086605898517937  -0.5679584818661324
 126.1127632733686732  88.3560351176220531  99.0008624300004700  -0.4157584802197979
 125.6686776318971801  89.4615249059659872  97.4947507012652244   0.2718415197802020
 128.5297229986539475  86.9784247659934620  99.0178699652057619  -0.0597584802197980
 128.0818579049146206  85.0698013707330014  99.6358104109980078   0.0868415197802020
 129.6673381312745483  86.7252014640480137  96.3325691289036509   0.1302415197802020
 128.1177627014591078  86.6401637880215541  94.9738560386142819   0.0186415197802020
 131.3737608302054229  88.9475193975394095  95.5747889492012358  -0.3204584802197979
 131.8915457908998476  88.7868926761561016  93.5867970563160796   0.0881415197802020
 130.3722059792271573  90.7125236066218540  95.8393506079502122   0.0881415197802020
 133.0934116120737825  88.9701961111464655  96.7105143556879065   0.0881415197802020
 131.2320313701613237  84.2761163944860724  96.0396615781458680  -0.0430584802197980
 132.2808293744876313  84.3611540705125319  94.2670984645277292   0.0235415197802020
 132.6020828172542474  84.1268280299062924  97.5741191988899200   0.0235415197802020
 129.6219847040604366  81.8629361214686319  95.9546239021194084  -0.0660584802197980
 128.2103592820212616  82.0122244860484119  94.4617402563216211   0.0185415197802020
 130.8408580604396365  80.2491100030998843  95.5615608662637911   0.0185415197802020
 128.6827908155015746  81.5435724048359461  97.7574226338802838   0.0185415197802020
 130.3892135144324492  87.9950974260430893 101.0115310364926822   0.5972415203289801
 131.7479266047218449  86.4870959711739403 102.1529256213811168  -0.5679584818661324
 130.3438600872183374  90.4668592092120865 101.5633310675976772  -0.4157584802197979
 129.2213627636691249  91.6214818770379794 100.5164227894053133   0.2718415197802020
 131.7346985217843867  91.6082537941005212 103.6760448853216408  -0.0518584802197980
 133.7189109624016959  91.1112558208792353 103.4776236412599153   0.0921415197802020
 131.5287183731869805  94.5108731358035665 103.5097489855365689  -0.1102584802197980
 132.3772054073176188  95.1288135815958259 101.7352961457845132   0.0456415197802020
 129.5369470280339770  95.0343272748997552 103.4643955583224571   0.0456415197802020
 132.7797170738428339  95.9640725327890062 105.7093902054209089   0.3530415197802020
 131.8537512682214301  95.4614053811659564 107.4781738667712005  -0.0361584802197980
 135.6086370963229478  95.4084930494161638 105.9550546028306764  -0.4121584802197980
 136.4079912509716407  96.5782335263134183 107.4517177008962975   0.0999415197802020
 135.9015446470807439  93.4356189656023827 106.4615012067215732   0.0999415197802020
 136.5686179723549623  95.8204533466110035 104.1806017630786209   0.0999415197802020
 132.4735814401476064  98.8043309120726479 105.2936504559582356  -0.4121584802197980
 133.2124643585107991  99.8323419289258165 106.9188149311305110   0.0999415197802020
 133.4675773865901777  99.3977049181239210 103.5910072092951812   0.0999415197802020
 130.4742511904589087  99.2616446364815992 105.0990086641643438   0.0999415197802020
 130.8087327161629829  90.5764633249795188 106.2328443445170976   0.5972415203289801
 132.3413006107731048  89.8319112282145486 107.8164348447431083  -0.5679584818661324
 128.3161839455208468  90.3780420809177932 106.5956717622299783  -0.4157584802197979
 127.1351051118200644  91.0904688334061099 105.2615251116815686   0.2718415197802020
 127.2295914185161217  89.2007426994848580 108.8557842183997916  -0.0024584802197980
 127.9760332414150086  90.1777311107221375 110.5092945855808870   0.0977415197802020
 124.3345309813487704  89.5333344990549885 108.8576739445337085  -0.0343584802197980
 123.9093426012164727  91.5421133794132838 108.9634986080333071   0.0294415197802020
 123.5937583368516474  88.8549228169772691 107.0624341173085271   0.0294415197802020
 122.8926699411668454  88.2445412757207040 110.9930644758647278   0.0117415197802020
 120.9046780482816892  86.5570158381290247 110.4374849924918856  -0.1256584802197980
 120.4133492534621675  86.1885192420143802 108.5231924188296477   0.1329415197802020
 119.5365163273227091  85.3721575521603953 112.3876823626986110  -0.1704584802197980
 118.0455224076588385  84.0795848765582637 111.9606042564324097   0.1429415197802020
 120.1298903333739823  85.8937219651226672 114.9218051082870118  -0.1072584802197980
 119.0999895903868969  84.9923225992422227 116.4071298495491182   0.1296415197802020
 122.0763082513128604  87.6114830208570831 115.4962818529990762  -0.1704584802197980
 122.5052760837129920  88.0234433180519092 117.4238025095987455   0.1429415197802020
 123.4558083290753819  88.7831132238882543 113.5423050305245038  -0.1256584802197980
 124.9222358089982661  90.0832448040260802 114.0128468378708864   0.1329415197802020
 128.0138277640934529  86.4096171996831616 109.1146766987470040   0.5972415203289801
 128.7905052051350901  85.6348294847754548 111.1706987324533278  -0.5679584818661324
 127.9987099550220646  84.9375205413585132 107.0378676775675545  -0.4157584802197979
 127.3297469036139429  85.6896315426591643 105.4070340239935150   0.2718415197802020
 128.8623147982240914  82.2862347754669858 107.0662135695763609  -0.0237584802197980
 127.6925743213268369  81.2336573188728580 108.3984704939908537   0.0879415197802020
 128.6960188984390060  80.9558675771864368 104.4697298615685699   0.0341415197802020
 130.0074888353803597  81.8704950260043127 103.1714880075646608   0.0240415197802020
 129.3630922237132243  79.0226777421849901 104.7305120680496991   0.0240415197802020
 126.1524475221810210  80.7820127728656707 103.0902297838060485   0.0017415197802020
 125.5987577649420821  82.6358341102424218 102.4363845414693018   0.0439415197802020
 126.4812598694833044  79.6519565447807639 101.4008146200804524   0.0439415197802020
 123.4954925778877297  79.3533798156212037 104.7097250805765600  -0.2737584802197979
 122.3427596361957672  82.0254525689858567 106.4974060032660738  -0.0536584802197980
 120.4964972033547101  81.5813669275143636 107.2929807056469197   0.0683415197802020
 123.6353323117978987  82.4487512229842243 108.0432019808136538   0.0683415197802020
 122.1707945580089446  83.6657348532295073 105.2653045639494157   0.0683415197802020
 131.6099765969455794  82.0897032575391772 107.9751718399924861   0.5972415203289801
 132.1466588189792262  80.7309901672497948 109.7874192024229727  -0.5679584818661324
 133.3560835446888286  83.4295190864893508 106.7147245086670081  -0.4157584802197979
 132.7834965261106944  84.5728033975117023 105.2823120991547077   0.2718415197802020
 136.0791789036693573  83.2424361992311399 107.2665245397720167  -0.0875584802197980
 136.5478309848818098  81.2374367711406916 107.3175471453878924   0.0968415197802020
 137.6797769391006466  84.4405225681372141 105.1386929129766916   0.2984415197802021
 136.9219967593982318  83.7904567780683146 103.3358941812158160  -0.0297584802197980
 137.6457618686900628  87.3318035530367316 105.1330237345749275  -0.3192584802197979
 138.6643242548736204  88.0404508532572010 103.4889619980634432   0.0790415197802020
 135.7031234030190317  87.9667515340342696 105.0234196188074952   0.0790415197802020
 138.5150358902938538  88.0820248282034657 106.8432258857736627   0.0790415197802020
 136.7254652414704231  84.2780061206199893 109.8894644136547243   0.5972415203289801
 138.4885797244189373  83.3463711365968081 111.0724329734894234  -0.5679584818661324
 135.2382507740743862  86.0694664955773368 110.8721220032937677  -0.4157584802197979
 133.8663096008475590  86.8348055798154459 109.7741911194855279   0.2718415197802020
 135.4631281840110148  86.9462994217167951 113.4761646158372530   0.0212415197802020
 137.4133255542177401  87.4829816437504285 113.8030872370056330   0.1123415197802020
 133.8474123395083369  89.3254646243236519 113.8503303903536616  -0.1231584802197980
 134.6203103282821402  90.8731503280051621 112.7240536145366021   0.1111415197802020
 131.9047738738373058  88.9777550156821463 113.2512872059006244   0.1111415197802020
 133.8965452189903093  90.1569441232490118 117.1819175644568251  -0.3119584802197979
 132.9346746168243913  92.5096531599809655 116.9797168681272524   0.1932415197802020
 134.8111726678081850  84.8827184834747905 115.4150236292404636   0.5972415203289801
 136.3928734419002790  84.2269835150041136 116.9967244033325443  -0.5679584818661324
 132.4660225356119121  83.9416348687820116 115.3715599281602688  -0.4157584802197979
 131.2679361667058377  84.5217807918958266 113.9901701242638307   0.2718415197802020
 131.4436806971605209  82.3788313560291397 117.4219127834648288  -0.0024584802197980
 132.0672903213545308  83.1498396186689995 119.2303806936274682   0.0977415197802020
 128.5429510815914057  82.4581998536538218 117.3633312733132721  -0.0343584802197980
 127.8683188517815201  82.6244957534388939 115.4206928076422278   0.0294415197802020
 127.8135167938977838  80.6761881093660855 118.1003244655425614   0.0294415197802020
 127.4544688284527503  84.5841417543152302 118.9355834167357551   0.0117415197802020
 128.0251661208969810  87.1163747737697141 118.3592169458897739  -0.1256584802197980
 129.1401045399104992  87.5661295936429713 116.7151552093782760   0.1329415197802020
 127.0954208630077166  89.0760207746460506 119.8842259359642147  -0.1704584802197980
 127.5054914340686260  91.0262181448527758 119.4193533070195960   0.1429415197802020
 125.5477351593262064  88.5015440299339861 121.9553657787419137  -0.1072584802197980
 124.7634988137489020  90.0114352109370654 123.0589658409519307   0.1296415197802020
 124.9902659498194339  85.9787596411491133 122.5544089631949374  -0.1704584802197980
 123.8469816387970958  85.5497918087489952 124.1852426167689770   0.1429415197802020
 125.9389084690479204  84.0172239141388601 121.0426280560579413  -0.1256584802197980
 125.5174995411834832  82.0764751746017324 121.5075006850025869   0.1329415197802020
 132.3696465027819245  79.6481770925129301 117.3538826426436611   0.5972415203289801
 132.7286944682269582  78.5162311382940933 119.3513231661984285  -0.5679584818661324
 132.7513711818340140  78.5672537439099690 115.1032188171434454  -0.4157584802197979
 132.4320074652013283  79.5971544868970544 113.5139591385156839   0.2718415197802020
 133.5299383490095815  75.9254166086880528 114.8499955151980105  -0.0031584802197980
 132.2562629347466452  74.7500069533890343 115.9687133864793891   0.0849415197802020
 133.3277376526800087  75.1203932756376091 112.0702083721998420  -0.0036584802197980
 131.3510841165983671  75.2111001300658194 111.4862829968181799   0.0170415197802020
 134.4181096319525676  76.4243043080432688 110.9023576214365043   0.0170415197802020
 132.2638218392823395  71.9286458354446147 107.6199033268152997  -0.6086584813173542
 142.3398415853504424 105.1405826391106083 112.7599584110811027  -0.5679584818661324
 139.4655681356562437 101.3592406451341878 115.0257400456526801   0.0396415197802020
 139.7660345909497072 100.7148440334670389 113.0906604845173165   0.1104415197802020
 138.7342441218287184  99.0594439401520266 116.6376764378875108   0.0559415197802020
 138.1654365555184178  99.7284069915601482 118.5028361320677900  -0.0173584802197980
 136.5875152336941576  97.5230965932740443 115.4301414383118253   0.0135415197802020
 135.4215542090647635  98.7589774848585496 114.2698495920841820  -0.0425584802197980
 137.4076563758159762  96.1020225405652583 114.1791427376559585  -0.0425584802197980
 134.8905411654328806  96.2380828222075936 117.3878977130542449   0.8053415186826456
 132.5964136388524834  95.9943081509317562 116.8549949432884585  -0.8188584780246854
 135.7957199835811587  95.4973101777104572 119.4420300206266520  -0.8188584780246854
 137.3452954133965992 103.3283352766801351 114.9255845605548588   0.5365415197802020
 136.3135049442755834 103.8291127021692680 112.9016878711251884  -0.5819584818661324
 136.7273549676043264 104.5037449319791536 117.0760929009572399  -0.4157584802197979
 137.6646591300292851 104.0691079211772583 118.6842498409242235   0.2718415197802020
 134.7790473235315314 106.4690601112572540 117.1365641372427133  -0.0031584802197980
 133.0971910643416163 105.7150593838226728 116.2351647713622822   0.0849415197802020
 133.9778034427489082 107.1153464490583197 119.8407622348840333  -0.0036584802197980
 132.5113759628260239 108.5647663937759256 119.7689526417950185   0.0170415197802020
 133.1028602427433803 105.4240415591987934 120.6117704975239063   0.0170415197802020
 136.0583919161962048 107.9713923877246525 121.6737965847876455  -0.0645584802197980
 135.1834487161906769 108.1301293829740303 123.5219487437626193   0.0351415197802020
 137.5437166574583114 106.5465388827480193 121.7890698789568283   0.0351415197802020
 137.1997865010846394 110.5470891082593179 121.0671944957989274   0.6950415181338675
 135.9412288958930917 112.2440631765205949 120.1544567731149550  -0.6086584813173542
 139.6337537615752324 110.9023576214365043 121.4054554737708353  -0.9407584796710198
 140.3159448959207855 112.6182289510370035 120.9519212016297178   0.4250415197802020
 135.5028124328233626 108.7594081855698041 115.5378558279453409   0.5972415203289801
 133.8587506963118648 109.7269479661374859 114.2244961648700702  -0.5679584818661324
 137.9330002410460951 109.4415993199153840 115.4036852724369358  -0.4157584802197979
 139.1991167507733371 108.5836636551151345 116.5413004050575233   0.2718415197802020
 138.8476276898639708 111.4163631298630954 113.7086009303095622  -0.0024584802197980
 138.0085892864029569 113.2153824093561238 114.2736290443520156   0.0977415197802020
 141.7294600440938907 111.6469097182014880 113.9599345061210938  -0.0343584802197980
 142.1659867810296895 112.7788556724203114 115.6285626823735644   0.0294415197802020
 142.5477114600818058 109.7836397501551257 114.2679598659502651   0.0294415197802020
 142.9861279231515351 112.8223193735005064 111.6676967056746134   0.0117415197802020
 142.6629847542509888 115.4093544508386997 111.1631398279176469  -0.1256584802197980
 141.5404874307017763 116.5564182141288983 112.4235871592431115   0.1329415197802020
 143.7420183767200196 116.4921675255755778 108.9918445000421268  -0.1704584802197980
 143.4793464441049736 118.4839388707285678 108.6157889993917881   0.1429415197802020
 145.1196287283486107 114.9784968923046514 107.2986498840486836  -0.1072584802197980
 145.9341006920686654 115.8099763912299979 105.6205730771266155   0.1296415197802020
 145.4144260052403372 112.3801234581629301 107.7767505959307607  -0.1704584802197980
 144.3486204657087377 111.3010898356938991 109.9593842806098087  -0.1256584802197980
 144.5564903404400743 109.3017595860052150 110.3165425199209253   0.1329415197802020
 138.0237070954743186 110.9118062521061155 110.9703877622576721   0.5972415203289801
 136.8048337390951187 112.5369707272783910 109.8252137251013902  -0.5679584818661324
 138.5074769857581595 108.6290170823292463 109.9763918158151006  -0.4157584802197979
 139.4523400527187854 107.3402238589949483 111.0384179030788396   0.2718415197802020
 137.6155262505473127 107.9184800559748465 107.4573868792980614  -0.0518584802197980
 138.3014968371607531 109.3130979428087294 106.1081224196782902   0.0921415197802020
 138.5981838401863830 105.2955401820921525 106.6731505337207436  -0.1102584802197980
 138.1522084725809596 103.9387168179367002 108.1584752749828500   0.0456415197802020
 137.5682830971992975 104.7248428896479352 104.9799559177273004   0.0456415197802020
 141.4422216717378586 105.1330237345749275 106.0759970754016367   0.3530415197802020
 142.5401525555461116 105.4599463557433076 107.7861992266003583  -0.0361584802197980
 142.0110292380481590 102.4798482425494834 105.0801114028251349  -0.4121584802197980
 141.5159209909607902 101.0833406295816836 106.5106340862035186   0.0999415197802020
 140.9244367110434338 102.1113516464348387 103.3680195254924829   0.0999415197802020
 142.2963778842702610 107.0151909639604987 104.0483209337041327  -0.4121584802197980
 144.2673622419501386 106.6693710814529098 103.5645510434202916   0.0999415197802020
 141.1341963119087007 106.8148799937648428 102.3589057699785231   0.0999415197802020
 142.1489792458243977 108.9389321682923342 104.7645271384602830   0.0999415197802020
 134.7412528008531140 108.0186355410726812 107.2684142659059470   0.5972415203289801
 133.7926102816246276 109.1184561510148511 105.4580566296093773  -0.5679584818661324
 133.3636424492244960 106.9887347980855957 109.1146766987470040  -0.4157584802197979
 134.2593726367031764 106.1062326935443733 110.5640966434646099   0.2718415197802020
 130.6046422936994800 107.1229053535940006 109.1014486158095592  -0.0275584802197980
 129.9167819809521362 106.1194607764818181 107.4347101656910056   0.1122415197802020
 129.4594682565432117 105.8567888438667720 111.4560473786754298  -0.0050584802197980
 130.3457498133522677 106.6259073803727149 113.1435728162671091   0.0338415197802020
 127.4865941727294038 106.4123683272396142 111.5335261501662085   0.0338415197802020
 129.4632477088110454 103.0203099168509639 111.6110049216569738  -0.1415584802197980
 130.7274744924043572 101.5954564118743443 113.3174276205878752  -0.1638584802197980
 131.9992601805333631 102.3059934382287305 114.7441708516984119   0.2061415197802020
 130.1492182954244590  99.0726720230894714 113.0112919868926209  -0.3418584802197979
 130.9334546410017903  97.6837233146573524 114.1148920491026380   0.3411415197802020
 128.4314572396900297  98.7325213189836466 111.0856610564268682   0.1379415197802020
 127.2106941571768995  96.5933513353847934 110.1048931929217417  -0.2601584802197979
 127.5829702055593912  94.7716553422847093 110.8815706339633787   0.1571415197802020
 125.5156098150495528  96.8824794338747425 108.0772170512242377  -0.1134584802197980
 124.5820851048924548  95.2743224939077589 107.3118779669861284   0.1416415197802020
 125.0545166383727678  99.2805418978208079 107.0284190468979435  -0.1972584802197980
 123.7884001286455258  99.4525069760076439 105.4712847125468355   0.1446415197802020
 126.2526030072788422 101.4386091427588833 108.0148560888048339  -0.2387584802197980
 125.9067831247712399 103.2451873267875925 107.1984943989508491   0.1699415197802020
 127.9949305027542308 101.2194009112240188 110.1237904542609504   0.1242415197802020
 129.6616689528727844 109.8781260568511962 108.8633431229354724   0.5972415203289801
 128.1801236638785116 110.4223671834205105 107.1531409717367508  -0.5679584818661324
 130.6046422936994800 111.6563583488710855 110.3978007436795378  -0.4157584802197979
 131.8575307204892638 111.1310144836409800 111.7508446555671563   0.2718415197802020
 129.8525312923988291 114.3435489113071136 110.2220562132248548  -0.0389584802197980
 127.8078476154960198 114.4418146702710180 110.4185877311526635   0.1006415197802020
 131.0411690306352790 116.0008387307560427 112.3102035912078457   0.3653415197802020
 130.0906367852728891 117.8300936283918211 112.2327248197170668   0.0042415197802020
 130.7595998366810107 115.0030633320456241 115.0030633320456241  -0.2438584802197979
 131.0090436863586254 116.5696462970663431 116.3164229951208947   0.0641415197802020
 128.9133374038399671 114.1337893104418467 115.2562866339910726   0.0641415197802020
 132.2241375904699917 113.6481296940240890 115.4471489735171172   0.0641415197802020
 133.6357630125091665 116.4335860154240078 111.9171405553522147  -0.6761584785734636
 134.5258240215860831 114.8405468845283993 111.7943083566473377   0.4101415197802020
 130.4836998211285333 115.5151791143382849 107.6501389449580365   0.5972415203289801
 128.9435730219826905 116.8757819307615842 106.5578772395515472  -0.5679584818661324
 132.7060177546199023 114.9066872992156367 106.6088998451674229  -0.4157584802197979
 133.9078835757938371 113.8125358676752307 107.6217930529492166   0.2718415197802020
 133.5469458842148733 115.8515503661762626 104.1598147756054818  -0.0252584802197980
 133.5261588967417477 117.9113518521504336 104.1673736801411626   0.0697415197802020
 135.4782459930823765 115.2128229329108910 103.8366716067049489   0.0697415197802020
 131.9028841477033757 114.9010181208138727 101.9866297215960448   0.5972415203289801
 131.2603772621701434 116.3750045052724513 100.3028837362722128  -0.5679584818661324
 131.1715601338758503 112.4764994909929175 102.0319831488101565  -0.4157584802197979
 131.7460368785879146 111.3672302503811365 103.4889619980634432   0.2718415197802020
 129.4878141485520317 111.3993555946578034 100.1139111228800847  -0.0237584802197980
 130.2380354237187522 111.9133611030843811  98.2752075945747087   0.0879415197802020
 129.3593127714453637 108.4986259790886748 100.3198912714775046   0.0341415197802020
 128.6034223178768790 108.0129663626709172 102.1756023349881726   0.0240415197802020
 128.0365044777005089 107.8013170356717334  98.9044863971704826   0.0240415197802020
 131.8631998988910279 107.0662135695763609  99.9759611151038326   0.0017415197802020
 133.2691561425284387 107.7767505959307607 101.2855413259112562   0.0439415197802020
 131.5060416595799245 105.1008983902982605 100.4767385405929655   0.0439415197802020
 133.2597075118588411 107.0510957605049992  96.8484643634641587  -0.2737584802197979
 135.2760452967528037 109.8195445466996263  97.0185397155170778  -0.0536584802197980
 136.3475200146861673 109.9858404464846983  95.2667635893720646   0.0683415197802020
 134.1478787948018273 111.5184083410948334  97.2755424697303599   0.0683415197802020
 136.5875152336941576 109.6230130287718176  98.5964610373413114   0.0683415197802020
 126.8233002997230461 112.5388604534123079 100.2613097613259346   0.5972415203289801
 125.7631639385932372 113.1586906253384840  98.2865459513782366  -0.5679584818661324
 125.8179659964769467 112.9413721199375362 102.5516578356384981  -0.4157584802197979
 126.8289694781248100 112.4179179808413476 104.0917846347843141   0.2718415197802020
 121.8778870072511483 113.0434173311692878 102.0773365760242683   0.0863415197802020
 123.2290411930048230 116.7699572672619990 101.7277372412488323   0.5972415203289801
 121.6643479541180478 117.2140429087334920 100.0496604343267643  -0.5679584818661324
 124.9335741658017942 118.4782696923268039 102.4855174209512473  -0.4157584802197979
 126.1959112232612024 117.9737128145698372 103.8442305112406297   0.2718415197802020
 124.8296392284361394 121.1144376491469427 101.6389201129545257  -0.0875584802197980
 122.9002288457025397 121.7682828914837026 101.9582838295872249   0.0968415197802020
 126.5927537113846536 122.8170808958100103 103.2244003393144668   0.2984415197802021
 126.1505577960470906 122.4920480007755338 105.2123922321996231  -0.0297584802197980
 129.4178942815969336 122.3011856612494890 102.8445653863962943  -0.3192584802197979
 130.5044868086016589 123.4142343541291306 104.1976092982839127   0.0790415197802020
 129.8241854003900092 120.3150834944982631 103.1658188291629103   0.0790415197802020
 130.0112682876482203 122.8208603480778441 100.9416111695375842   0.0790415197802020
 126.1165427256365068 125.6176550262813044 102.6688208559416112  -0.3192584802197979
 127.2144736094447600 126.7817263247767948 103.9670627099455202   0.0790415197802020
 126.6570043999379875 126.0844173813598533 100.7375207470740947   0.0790415197802020
 124.1228816543496000 126.0504023109492696 102.9296030624227538   0.0790415197802020
 125.2945118573807581 121.3601020465567236  98.7967720075369671   0.5972415203289801
 123.9395782193592227 122.7717274685958985  97.5401041284793363  -0.5679584818661324
 127.1029797675434108 119.9579252551871464  97.7064000282644082  -0.4157584802197979
 128.1272113321287324 118.7541697078793080  98.7967720075369671   0.2718415197802020
 127.6887948690589764 120.2035896525969140  94.9927532999534906  -0.0875584802197980
 127.7832811757550604 122.2199274374908900  94.5845724550264982   0.0968415197802020
 130.3249628258791421 119.1358943869313974  94.3710334018933976   0.2984415197802021
 131.6288738582848015 119.7424964759201289  95.8469095124858931  -0.0297584802197980
 130.3948826928342131 116.2521723065675743  94.2198553111797007  -0.3192584802197979
 132.3507492414427292 115.6228935039718004  94.1272587306175603   0.0790415197802020
 129.5199394928286852 115.4452592473832005  95.8922629397000048   0.0790415197802020
 129.3819894850524196 115.5983270642308141  92.5512271349272302   0.0790415197802020
 131.3057306893842554 120.1846923912576917  91.8539181915102886  -0.3192584802197979
 133.2162438107786595 119.4911629001085973  91.5118777612705470   0.0790415197802020
 130.0868573330050553 119.5988772897421128  90.3005633094270145   0.0790415197802020
 131.3586430211340614 122.2426041510979459  91.9313969630010673   0.0790415197802020
 125.5911988604063878 119.1358943869313974  93.3165662191653393   0.5972415203289801
 125.0299501986317817 120.2016999264629837  91.3210154217445022  -0.5679584818661324
 124.3704357778932578 117.0704237225554759  94.1008025647426573  -0.4157584802197979
 124.8466467636414312 116.2767387463085469  95.7864382762004196   0.2718415197802020
 122.4504740258292825 115.8364325571049009  92.5587860394629110  -0.0237584802197980
 123.2441590020762115 115.6399010391770922  90.6671701794077423   0.0879415197802020
 121.9988294798220952 113.1945954218829848  93.6623861016729282   0.0341415197802020
 123.8224151990561097 112.2856371514668594  93.9628525569664052   0.0240415197802020
 121.0804225787363588 113.3816783091411957  95.4973101777104572   0.0240415197802020
 120.4624821329441263 111.4541576525415129  91.9465147720724290   0.0017415197802020
 119.7217094884469899 112.5237426443409462  90.3553653673107374   0.0439415197802020
 121.7267089165374515 110.0179657907613653  91.1811756878343199   0.0439415197802020
 117.8641086988024049 109.8932438659225579  93.5244360938966761  -0.2737584802197979
 115.8817859843190127 112.6352364862422953  94.0478902329928647  -0.0536584802197980
 116.5375209527896761 113.6708064076311448  95.7032903263078770   0.0683415197802020
 115.9422572206044861 113.8692276516928703  92.4000490442135333   0.0683415197802020
 113.9448166970497187 112.0210754927178966  94.3275697008132026   0.0683415197802020
 120.0599704664188979 117.4767148413485381  92.2772168455086562   0.5972415203289801
 119.0508567109049513 117.6486799195353741  90.1796208368560542  -0.5679584818661324
 119.1699094573419813 118.7560594340132383  94.2784368213312572  -0.3661984801100423
 120.0146170392047860 118.4159087299074001  96.0358821258780209   0.3114115197253242
 115.3810085588298800 119.8426519610179502  92.9348415401132498   0.2245915200545911
 117.6524593718032211 123.1988055748620997  93.0671223694877380   0.8098515201643467
 116.8001928854047356 123.4199035325308945  90.9544085517637744  -0.6015384800002868
 119.8634389484910890 124.2929570064024923  93.5849073301821627  -0.4157584802197979
 120.8460965381301327 123.7052521787529966  95.1212546770601316   0.2718415197802020
 120.8404273597283687 126.4321269900013589  92.0561188878398613  -0.0518584802197980
 119.4420300206266520 127.9401284448705215  92.1751716342769047   0.0921415197802020
 123.3669912007810887 127.2541578582571078  93.2560949828798524  -0.1102584802197980
 122.9550309035862490 127.7228099394695603  95.2214101621579663   0.0456415197802020
 124.6557844241153865 125.6460009182901241  93.2768819703529915   0.0456415197802020
 124.7370426478739855 129.5256086712304491  92.0447805310363334   0.3530415197802020
 123.3556528439775606 130.9145573796625681  91.4117222761727125  -0.0361584802197980
 126.4510242513405812 130.7652690150827747  94.0214340671179617  -0.4121584802197980
 127.3448647126853313 132.4395663697370226  93.2239696386031989   0.0999415197802020
 125.3436447368627034 131.3340765813930751  95.6579368990937651   0.0999415197802020
 127.9042236483260073 129.4386812690700593  94.6337053345084571   0.0999415197802020
 126.4774804172154706 128.7867257528672294  89.8432495850180766  -0.4121584802197980
 127.4998222556668620 130.4477950245840191  89.1837351642795660   0.0999415197802020
 127.8286346029691723 127.3543133433549290  90.4498516740067945   0.0999415197802020
 125.3908878902107455 128.0591811913075647  88.2596590847920657   0.0999415197802020
 121.0539664128614692 125.8708783282267527  89.1723968074760381   0.5972415203289801
 120.6325574849970319 127.5621832180862656  87.6303802821962918  -0.5679584818661324
 121.4961623281990590 123.5030514824234239  88.3749323789612619  -0.4157584802197979
 121.9326890651348578 122.1764637364107085  89.6845125897686989   0.2718415197802020
 121.2334903955839861 122.7622788379262741  85.6953007210609282  -0.0249584802197980
 122.2596116863032377 124.1644556292958513  84.5973698372526884   0.0842415197802020
 122.5997623904090491 120.2697300672841514  85.1302726070184748   0.2116415197802020
 123.0287302228091807 120.2073691048647476  83.1158245482584156   0.0351415197802020
 124.3798844085628822 120.2016999264629837  86.1677322545412412   0.0351415197802020
 121.1257760059504706 118.1343395359531453  85.7217568869358312  -0.6546584813173543
 120.6816903644789909 118.2080388551760635  87.5075480834914148   0.4274415197802020
 118.4820491445946509 122.7660582901941346  84.6937458700826624   0.5972415203289801
 118.0039484327125740 123.6825754651459406  82.6055984920996852  -0.5679584818661324
 116.6395661640214277 121.8741075549832878  86.1752911590769220  -0.4157584802197979
 117.1290052327070325 121.3657712249584877  87.9573029033646718   0.2718415197802020
 113.9259194357105100 122.1972507238838342  85.6839623642574001  -0.0581584802197980
 113.4893926987746978 121.4035657476369052  83.8433691098181072   0.1359415197802020
 112.3404392093505823 120.7761766711750480  87.6530569958033476  -0.0074584802197980
 113.2909714547129722 120.7005876258181997  89.4671940843677511   0.0366415197802020
 110.5584274650628459 121.7720623437515364  87.9346261897576160   0.0366415197802020
 111.6809247886120582 118.1589059756941180  86.8177980446101541   0.1867415197802020
 110.1823719644125070 117.6467901934014572  84.7258712143593296  -0.5432584802197979
 109.7571835842802361 115.1523516966254042  84.7712246415734413   0.1634415197802020
 108.5798842028472873 114.1583557501828194  83.4257396342215038   0.1434415197802020
 110.9325932395792546 114.0922153354955820  86.7554370821907503  -0.2795584802197980
 110.8872398123651426 112.2289453674492332  87.1881843668587155   0.3338415197802020
 112.1571357743602184 115.9687133864793891  88.0782453759356321  -0.2207584802197979
 113.1889262434812208 115.7816304992211782  89.8243523236788679   0.1861415197802020
 113.1114474719904553 124.9751481407480722  85.6234911279719269   0.5972415203289801
 111.7092706806208781 125.7253694159148197  83.9208478813088725  -0.5679584818661324
 114.0374132776118591 126.5644078193758337  87.3544802666437875  -0.4157584802197979
 115.1674695056967793 125.8708783282267527  88.7415392489419898   0.2718415197802020
 113.3249865251235560 129.2572675602136391  87.3677083495812323  -0.0389584802197980
 111.2670747652833154 129.3479744146418358  87.3695980757151627   0.1006415197802020
 114.2396139739414454 130.7104669571990652  89.7166379340453524   0.3653415197802020
 113.2002646002847487 132.4868095230850378  89.7884475271343671   0.0042415197802020
 113.8522201164875785 129.3120696180973484  92.2035175262857246  -0.2438584802197979
 114.6100002961900068 130.4572436552536169  93.7341956947619295   0.0641415197802020
 111.8510001406649775 128.9549113787862184  92.5209915167844936   0.0641415197802020
 114.8481057890640801 127.5262784215417516  92.2016278001517943   0.0641415197802020
 116.8228695990117916 131.2981717848485879  89.6089235444118369  -0.6761584785734636
 117.1460127679123245 132.5794061036471916  90.8523633405320231   0.4101415197802020
 114.2263858910039871 130.5819655800924242  84.9564178026977219   0.5972415203289801
 112.7561789588132556 131.9595759317210153  83.7772286951308564  -0.5679584818661324
 116.5601976663967321 130.0868573330050553  84.0965924117635555  -0.4157584802197979
 117.7337175955618336 129.0664052206875944  85.2266486398484623   0.2718415197802020
 117.5598627912410809 131.2528183576344762  81.7760087193082554  -0.0875584802197980
 116.9929449510646972 133.2275821675821876  81.8497080385311871   0.0968415197802020
 120.4738204897476542 131.3038409632503519  81.7344347443619907   0.2984415197802021
 121.1276657320844009 131.9161122306408339  83.5901458078726589  -0.0297584802197980
 121.6832452154572431 128.7451517779209784  81.1542888212481624  -0.3192584802197979
 123.7317083446278862 128.8925504163668146  81.3205847210332345   0.0790415197802020
 121.0142821640491214 127.3807695092298186  82.5243402683410727   0.0790415197802020
 121.1994753251734022 128.1102037969234406  79.2570037827912297   0.0790415197802020
 121.4545883532527809 133.2181335369125630  79.7917962786909328  -0.3192584802197979
 123.5068309346912576 133.3466349140192042  79.9184079296636571   0.0790415197802020
 120.9311342141565922 132.6493259706022626  77.8831728834304722   0.0790415197802020
 120.6590136508719350 135.0795137788249950  80.1829695884126335   0.0790415197802020
 116.3787839575402985 130.1643361044958207  79.3571592678890509   0.5972415203289801
 115.9271394115331110 131.5967485140081480  77.5751475236013144  -0.5679584818661324
 115.7287181674713856 127.7152510349338929  79.2362167953180906  -0.4157584802197979
 116.1368990123983779 126.5492900103044719  80.7102031797766693   0.2718415197802020
 114.4059098737265038 126.7042475532860295  76.9931118743535692  -0.0875584802197980
 115.3866777372316439 127.4695866375241118  75.3509398639760017   0.0968415197802020
 114.6043311177882428 123.8072973899847479  76.7587858337473296   0.2984415197802021
 116.5318517743879122 123.2517179066118789  77.2274379149597953  -0.0297584802197980
 112.7883043030899226 122.3370904577940030  78.4519804497407728  -0.3192584802197979
 113.2437283013649435 120.3283115774357079  78.4141859270623417   0.0790415197802020
 112.9961741778212592 123.0192815921395831  80.3624935711351637   0.0790415197802020
 110.8286583022135861 122.5978726642751458  77.8680550743591107   0.0790415197802020
 111.6903734192816694 127.6963537735946707  76.8173673438988861   0.5972415203289801
 110.3486678641975790 127.9835921459507029  78.9470886968281415  -0.4157584802197979
 111.0403076292127565 127.3014010116051230  80.6062682424110009   0.2718415197802020
 107.9033622469034848 129.2761648215528344  78.9565373274977393  -0.0518584802197980
 106.7392909484079944 128.3842140863420145  77.5127865611819108   0.0921415197802020
 106.5729950486229223 128.9341243913130928  81.5190059650949599  -0.1102584802197980
 106.3235511989453211 126.9215660586869639  81.9063998225488267   0.0456415197802020
 107.7843095004664414 129.7221401891582578  82.9892128972856914   0.0456415197802020
 103.9784010667490480 130.2682710418615024  81.5927052843178915   0.3530415197802020
 104.2183962857570383 132.2373656734074499  81.0484641577485772  -0.0361584802197980
 102.0508804101493653 129.0550668638840665  79.8012449093605440  -0.4121584802197980
 101.8354516308823478 127.0557366141953688  80.2491100030998843   0.0999415197802020
 102.8880290874764759 130.3306320042809060  84.2553294070129333  -0.4121584802197980
 101.9771810909264336 132.1409896405774623  84.6030390156544524   0.0999415197802020
 101.5160879142496487 128.8207408232778133  84.4896554476191731   0.0999415197802020
 104.3809127332742632 130.0849676068711251  85.6461678415789826   0.0999415197802020
 108.1849314408577530 132.0786286781580587  78.2478900272772698   0.5972415203289801
 110.1502466201358535 133.3900986150994124  79.1492893931577142  -0.4157584802197979
 111.3105384663634968 132.5397218548348438  80.4267442596884842   0.2718415197802020
 113.1019988413208444 136.9692399127462469  79.7067586026644867   0.0341415197802020
 112.7278330668044357 137.1015207421207485  81.7230963875584628   0.0240415197802020
 114.6421256404666603 135.6464316190013921  79.4289688609780523   0.0240415197802020
 114.9331434650905397 139.8813078851189170  84.2987931080931284   0.0683415197802020
 109.0693232715328921 139.5884003343611207  83.1819649629456664   0.4477415197802020
 110.3146527937869952 138.1049653192329175  85.9636418320777516  -0.8340584802197980
 111.3162076447652608 136.7481419550774789  86.6836274891017490   0.4169415197802020
 111.0308589985431589 139.5676133468879682  86.9122843513062112   0.4169415197802020
 102.8634626477355030 120.4057903489264866 107.0095217855587345  -0.8340584802197980
 101.4253810598214250 120.4057903489264866 105.8662374745363698   0.4169415197802020
 102.5535475617724151 121.9402479696705520 107.9770615661264164   0.4169415197802020
 117.4049052482595368 114.0638694434867621  86.4360733655580646  -0.8340584802197980
 117.8414319851953492 114.8084215402517323  84.8127986165197058   0.4169415197802020
 117.7866299273116262 115.4679359609902562  87.5736884981786520   0.4169415197802020
 106.8129902676309259 120.2583917104806233  81.3508203391759711  -0.8340584802197980
 105.5241970442966281 119.0640847938423961  82.0216731167180231   0.4169415197802020
 108.2227259635361707 119.7991882599377686  82.4563101275199049   0.4169415197802020
 103.9160401043296445 123.2706151679511011  93.9174991297522934  -0.8340584802197980
 105.0423168801467040 122.7717274685958985  92.5720141224003693   0.4169415197802020
 105.1311340084410107 124.2608316621258388  94.9833046692838795   0.4169415197802020
 133.9475678246061850  96.7861034010447549 123.8148562945204154  -0.8340584802197980
 132.4395663697370226  95.7580923841915997 123.8205254729221793   0.4169415197802020
 134.7053480043086000  96.2872157016895525 122.1726842841428479   0.4169415197802020
 105.6016758157873934 119.1491224698688556  87.3261343746349676  -0.8340584802197980
 104.6416949397554058 118.2344950210509665  86.0014363547561691   0.4169415197802020
 107.3062087885843645 118.6143299739691391  86.8801590070295577   0.4169415197802020
 114.7366119471627310 110.3014247108495504  88.6338248593084743  -0.8340584802197980
 116.2578414849693382 109.8951335920564882  89.5786879262691002   0.4169415197802020
 115.3961263679012415 111.6695864318085437  87.5415631539019985   0.4169415197802020
 125.3360858323270360  96.6462636671345860 117.2669552404832846  -0.8340584802197980
 126.6947989226164049  97.1470410926237189 118.4442546219162200   0.4169415197802020
 126.1259913563061045  97.0374369768562865 115.6625777527841482   0.4169415197802020
 123.8639891740023878 107.8447807367519282 107.1247950797279309  -0.8340584802197980
 125.4759255662372050 108.7405109242305954 106.9188149311305110   0.4169415197802020
 123.3953370927899084 107.5688807211994240 105.3711292274490008   0.4169415197802020
 129.4613579826771152  98.1523753958698181 119.8502108655536308  -0.8340584802197980
 130.6008628414316464  98.5586665146628937 121.2278212171822219   0.4169415197802020
 130.6537751731814255  97.2339684947840952 118.7144854590669604   0.4169415197802020
 118.7409416249418634 103.0070818339135191 134.3784253831402198  -0.8340584802197980
 117.3444340119740499 101.8751358796946822 134.7507014315227117   0.4169415197802020
 118.4782696923268039 104.3034339617834979 135.6880055939476434   0.4169415197802020
$end
