$point_charges
  80.7820127728656707 129.2723853692850008 105.6980518486173808  -0.4121273900581494
  81.7174272091566989 127.4941530772650979 105.2558559332798047   0.0999726099418505
  81.4887703469522232 129.9092230764164688 107.5197478417174652   0.0999726099418505
  78.8355948549267924 129.6087566211229784 112.2327248197170668  -0.5679273917044839
  81.8969511918792157 133.9230013848651989 112.6352364862422953   0.0212726099418505
  83.2594437344364317 132.4773608924154400 112.1023337164765089   0.1123726099418505
  85.7198671608019009 137.1827789658793476 114.1186715013704850  -0.3119273900581495
  87.3015679348939949 135.4480103749396531 113.1662495298741648   0.1932726099418505
  81.2865696506226506 133.4902541001972337 115.4452592473832005   0.5972726104906286
  82.4619793059216691 131.8972149693016115 116.6584634253606364  -0.5679273917044839
  75.7232159123584802 122.8888904888990116 115.5302969234096600   0.0790726099418505
  78.2667872886164920 125.9804824439941715 118.5160642150052348   0.5972726104906286
  78.3915092134552859 124.4120097528395357 120.2262663662039698  -0.5679273917044839
  80.1735209577430357 126.3735454798497889 116.9060175489043208  -0.4157273900581494
  79.9958867011544358 127.7322585701391847 115.5643119938202439   0.2718726099418505
  82.5734731478230182 124.9921556759533642 117.0836518054929207  -0.0518273900581495
  82.1766306596995536 122.9739281649254712 117.1611305769836994   0.0921726099418505
  84.2156451582005855 125.5496248854601367 114.7441708516984119  -0.1102273900581495
  84.4140664022623245 127.5943085623629191 114.5778749519133398   0.0456726099418505
  86.0978123875861566 124.7616090876149716 115.0503064853936528   0.0456726099418505
  83.1744060584099856 124.5008268811338291 112.2365042719849140   0.3530726099418505
  81.2204292359353998 125.0998700655868795 111.9870604223073127  -0.0361273900581495
  84.7202020359575654 125.5193892673173865 110.0198555168952822  -0.4121273900581494
  84.0172239141388601 124.7408221001418460 108.2491821294110737   0.0999726099418505
  84.5671342191099384 127.5697421226219599 109.9593842806098087   0.0999726099418505
  86.7025247504409577 124.9921556759533642 110.2447329268319106   0.0999726099418505
  83.2707820912399596 121.6133253485021721 112.1136720732800370  -0.4121273900581494
  82.5337888990106704 120.9651492845671761 110.3052041631173974   0.0999726099418505
  85.2228691875806152 120.9764876413707040 112.2950857821364706   0.0999726099418505
  82.1426155892889832 120.7875150279785761 113.6197838020152691   0.0999726099418505
  83.9869882959961233 125.6082063956116798 119.5440752318583899   0.5972726104906286
  84.8449239607963728 123.8753275308059157 120.8366479074605349  -0.5679273917044839
  84.0569081629512077 128.0138277640934529 120.3131937683643462  -0.4157273900581494
  83.4465266216946428 129.3838792111863498 119.1169971255921887   0.2718726099418505
  85.1964130217057256 128.7734976699297983 122.7150356845782589   0.0212726099418505
  87.1825151884569515 128.2084695558873315 122.7018076016408007   0.1123726099418505
  85.0660219184651544 131.6572197502936214 123.0041637830681946  -0.1231273900581494
  83.1025964653209708 132.2789396483537010 122.9058980241043036   0.1111726099418505
  85.8559274424442361 132.1806738893898101 124.8371981329718334   0.1111726099418505
  86.8877179115652385 133.1860081926359095 120.5305122737652806  -0.3119273900581495
  86.6533918709589989 135.5689528475106000 121.3298664284139735   0.1932726099418505
  83.9473040471837755 127.4412407455152921 124.9751481407480722   0.5972726104906286
  85.2701123409286439 126.3074050651625515 126.5114954876260545  -0.5679273917044839
  81.4188504799971388 127.4695866375241118 125.1905769200151032  -0.4157273900581494
  80.3757216540726085 128.3823243602080842 123.8620994478684574   0.2718726099418505
  80.1432853396002857 126.1921317709933688 127.3032907377390533  -0.0518273900581495
  81.1108251201679674 126.7892852293124622 129.0229415196073859   0.0921726099418505
  80.4475312471616099 123.3046302383616849 127.1861277174359401   0.5972726104906286
  80.6478422173572656 122.0989849649199164 129.1608915273836517  -0.5679273917044839
  80.5722531720004172 122.1840226409463760 124.9241255351321965  -0.4157273900581494
  80.3719422018047613 123.2422692759422812 123.3386453087722688   0.2718726099418505
  81.1089353940340507 119.4911629001085973 124.6293282582404700   0.0336726099418505
  79.7218764117358484 118.4215779083091640 125.7178105113791255   0.0822726099418505
  80.8292559262137126 118.7617286124149888 121.8400924845727040  -0.1825273900581494
  81.1259429292393425 116.7340524707174982 121.6265534314396034   0.0602726099418505
  78.9395297922924607 119.2417190504309960 121.1749088854324429   0.0602726099418505
  82.2238738130475957 119.7576142849914906 120.6968081735503524   0.0602726099418505
  83.7337649940506750 118.8146409441647948 125.6781262625667777   0.5972726104906286
  83.9945472005318042 116.9097970011721680 126.9895961995081314  -0.5679273917044839
  85.6348294847754548 120.4284670625335424 125.2680556915058685  -0.4157273900581494
  85.3532602908211865 121.9270198867330938 124.1039843930103779   0.2718726099418505
  88.1160398986140496 120.1128827981686903 126.4359064422691927  -0.0024273900581495
  88.7302008921384617 118.1778032370333267 126.0881968336276871   0.0977726099418505
  90.0303324722762876 121.8741075549832878 125.1490029450688251  -0.0343273900581495
  90.0889139824278441 121.4489191748510169 123.1345548863087658   0.0294726099418505
  89.3934947651448194 123.8243049251900400 125.3474241891305641   0.0294726099418505
  92.6778387858999545 121.6303328837074639 126.2204776630021887   0.0117726099418505
  93.9571833785646412 119.2946313821807886 126.0957557381633813  -0.1256273900581494
  93.1086963444340027 117.7242689648922225 125.1565618496045193   0.1329726099418505
  96.3174513198322892 118.9998341052890756 127.2806140241319974  -0.1704273900581494
  97.2509760299893872 117.2121531825995753 127.2428195014535799   0.1429726099418505
  97.4153822036405289 121.0558561389953995 128.5599586167966975  -0.1072273900581494
  99.1822761388569036 120.8309787290587710 129.5010422314894630   0.1296726099418505
  96.1870602165917179 123.4104549018612701 128.6204298530821710  -0.1704273900581494
  97.0298780723205922 124.9694789623463082 129.5841901813819923   0.1429726099418505
  93.8097847401187913 123.6920240958155384 127.4658071852562782  -0.1256273900581494
  92.8498038640867903 125.4626974832997468 127.5754113010237238   0.1329726099418505
  88.0593481145964098 120.4549232284084320 129.3271874271687101   0.5972726104906286
  89.2612139357703313 118.9979443791551453 130.6821210651902455  -0.5679273917044839
  86.5362288506558859 122.2142582590891260 130.3287422781469757  -0.4157273900581494
  85.6518370199807466 123.4255727109326318 129.1344353615087351   0.2718726099418505
  86.1148199227914486 122.4485842996953522 133.0858527075380882  -0.0875273900581495
  87.9459645465611439 122.7244843152478565 133.9891417995524362   0.0968726099418505
  84.4329636636015333 124.7408221001418460 133.7548157589462099   0.2984726099418505
  82.6150471227692961 124.5575186651514687 132.8118424181195143  -0.0297273900581495
  83.9454143210498452 124.9562508794088500 136.6083022211673100  -0.3192273900581494
  85.7349849698732760 125.0148323895604200 137.6287543334847709   0.0790726099418505
  85.6348294847754548 127.2484886798553438 132.9422335213600587  -0.3192273900581494
  84.3441465353072401 128.8056230142064518 133.3239582004121750   0.0790726099418505
  87.3941645154561353 127.5489551351488074 133.9759137166150049   0.0790726099418505
  86.0637973171755729 127.2333708707839553 130.9372340932696241   0.0790726099418505
  85.0017712299118337 120.0089478608030220 134.1970116742837728   0.5972726104906286
  85.8256918243014995 119.1699094573419813 136.2020111023742343  -0.5679273917044839
  83.2084211288205560 118.7976334089595030 132.8874314634763494  -0.4157273900581494
  82.5791423262247822 119.6026567420099465 131.2660464405719076   0.2718726099418505
  82.1709614812977897 116.3258716257905059 133.6546602738483888  -0.0875273900581495
  81.5794772013804467 116.4505935506292998 135.6237549053943363   0.0968726099418505
  79.8277010752354470 115.6285626823735644 132.0616211429527667   0.2984726099418505
  80.2887942519122321 115.7721818685515804 130.0622908932640692  -0.0297273900581495
  80.2604483599034122 111.5543131376393342 131.9501273010514176   0.0790726099418505
  84.1778506355221680 114.2415037000753621 133.5374972535452757   0.5972726104906286
  84.3252492739680179 112.7013769009295461 135.2703761183510397  -0.5679273917044839
  85.7690000402838599 114.2188269864683063 131.5778512526689258  -0.4157273900581494
  85.5346739996776201 115.5057304836686739 130.1794539135672091   0.2718726099418505
  87.8495885137311563 112.4160282547074307 131.3529738427322972   0.0336726099418505
  87.0804699772252136 110.5130740378487340 131.5324978254548141   0.0822726099418505
  89.0042111815570357 112.6711412827867961 128.7092469813764642  -0.1825273900581494
  90.2344228947397771 111.0610946166858955 128.3615373727349585   0.0602726099418505
  87.5169967141610124 112.6692515566528792 127.2825037502659277   0.0602726099418505
  90.0926934346956779 114.4153585043961150 128.5656277951984615   0.0602726099418505
  89.8356906804823958 112.7335022452061997 133.4656876604562474   0.5972726104906286
  90.8788195064069261 110.8626733726241565 134.3519692172653302  -0.5679273917044839
  90.2797763219538888 115.0446373069918888 134.3935431922115815  -0.4157273900581494
  89.5087680593140158 116.5564182141288983 133.5015924570007616   0.2718726099418505
  91.8331312040371496 115.4509284257849644 136.6555453745153251  -0.0518273900581495
  93.5357744507002039 114.3019749363608355 136.5043672838016282   0.0921726099418505
  92.5757935746682029 118.2571717346580223 136.8993200457911758  -0.1102273900581495
  90.8693708757373149 119.4080149502160681 137.0013652570229274   0.0456726099418505
  93.5830176040482326 118.4744902400589701 138.6851112423467460   0.0456726099418505
  94.2670984645277292 119.2965211083147056 134.7714884189958372   0.3530726099418505
  93.2031826511300600 119.4873834478407503 133.0329403757882822  -0.0361273900581495
  95.2648738632381477 121.9043431731260379 135.5198199680286544  -0.4121273900581494
  96.3873711867873736 122.6848000664355086 133.9815828950167688   0.0999726099418505
  93.6775039107443031 123.1666802305854462 135.8769782073397846   0.0999726099418505
  96.4308348878675686 121.7682828914837026 137.2111248578881675   0.0999726099418505
  96.5139828377600978 117.5636422435089280 134.2820493503102324  -0.4121273900581494
  97.9029315461922168 118.5330717502105266 133.1198677779486721   0.0999726099418505
  97.3492417889532915 117.0212908430735172 136.0810686298032608   0.0999726099418505
  95.8771451306286297 115.8817859843190127 133.2748253209302026   0.0999726099418505
  90.5254407193636565 114.5249626201635472 139.0630564691310017   0.5972726104906286
  91.6876222917252168 113.2021543264186790 140.5805065546697618  -0.5679273917044839
  88.1065912679444518 115.1655797795628489 139.3994277209689794  -0.4157273900581494
  87.2807809474208559 116.2786284724424638 138.0747297010901943   0.2718726099418505
  86.5532363858611777 110.1275699065287975 139.8076085658959853  -0.4157273900581494
  86.8064596878066260 111.0214103678735477 138.1352009373756678   0.2718726099418505
  86.7308706424497776 106.4255964101770590 137.0750645762458589  -0.0074273900581495
  85.0112198605814314 106.9811758935499148 136.0829583559371911   0.0366726099418505
  88.3239097733453862 107.3326649544592675 136.1453193183565946   0.0366726099418505
  91.0772407504686517 109.1656993043628797 140.5483812103931083   0.2718726099418505
  95.5540019617280968 108.1301293829740303 141.9070943006824773  -0.1102273900581495
  95.2214101621579663 110.0293041475648931 142.6365285883760992   0.0456726099418505
  97.2131815073109561 107.3685697510037682 142.8651854505805614   0.0456726099418505
  96.1322581587080084 108.2945355566251854 139.0592770168631681   0.3530726099418505
  94.5429984800802335 109.1505814952915046 138.0671707965545001  -0.0361273900581495
  98.4547315772972254 109.9593842806098087 138.6737728855432181  -0.4121273900581494
  98.9252733846436081 109.9915096248864623 136.6725529097206171   0.0999726099418505
  98.0087562096918020 111.8680076758702693 139.3030516881389920   0.0999726099418505
 100.0496604343267643 109.2186116361126723 139.7452476034765815   0.0999726099418505
  96.7067349034200595 105.7207285622244368 137.8687495524927610  -0.4121273900581494
  97.3152267185427077 105.9663929596342043 135.9185521822860359   0.0999726099418505
  98.1712726572090403 104.7475196032549909 138.9402242704261247   0.0999726099418505
  94.9927532999534906 104.5755545250681549 137.8328447559482739   0.0999726099418505
  96.6462636671345860  91.5647900930203396 136.9692399127462469  -0.5579273917044839
  98.3564658183333211  92.1147003979914178 136.7141268846668951   0.3991726099418505
  97.4437280956493487  96.4742985889477500 136.9975858047550668   0.1655726099418506
 129.1684504319193189 113.3911269398107934 134.3481897649974698   0.0135726099418505
 128.2651613399049711 114.8122009925195794 135.5387172293678768  -0.0425273900581495
 128.8698737027597589 113.8654481994250367 132.3677567766480212  -0.0425273900581495
 127.9873715982185365 110.8418863851510309 134.8905411654328806   0.8053726088442941
 126.1618961528506187 110.7700767920620161 136.3834248112306815  -0.8188273878630369
 128.9284552129113288 108.9011376456139033 133.9211116587312685  -0.8188273878630369
 130.3665368008253934 118.8996786201912410 132.2562629347466452  -0.5819273917044839
 130.8692039524484564 123.4085651757273666 126.3603173969123575  -0.0024273900581495
 131.9822526453280711 124.5424008560801070 125.0469577338370735   0.0977726099418505
 130.9958156034211672 120.6590136508719350 125.4570283048979829  -0.0343273900581495
 129.8468621139970652 119.4798245433050694 126.6985783748842656   0.0294726099418505
 130.1737847351654451 120.5437403567027388 123.5691918971106613   0.0294726099418505
 133.6546602738483888 119.6064361942777937 125.3549830936662313   0.0117726099418505
 135.2174637866012605 120.0429629312136059 123.2498281804779754  -0.1256273900581494
 134.5277137477199866 121.1579013502271509 121.6851349415911734   0.1329726099418505
 134.5957438885411541 118.2288258426492026 127.4110051273725687  -0.1256273900581494
 133.4297828639117602 117.9737128145698372 129.0437285070805384   0.1329726099418505
 128.1442188673340242 124.3779946824289518 126.1996906755290362   0.5972726104906286
 127.4865941727294038 125.6875748932363754 124.3893330392324799  -0.5679273917044839
 126.5511797364384023 123.8507610910649296 128.0969757139859823  -0.4157273900581494
 127.1993558003733983 122.7641685640602043 129.5350573019000467   0.2718726099418505
 123.8280843774578736 124.4516940016518835 128.0251661208969810  -0.0024273900581495
 123.0287302228091807 123.5276179221643832 126.3659865753141215   0.0977726099418505
 122.5147247143825896 123.3594322962453944 130.3740957053610876  -0.0343273900581495
 123.4388007938700900 124.0888665839390164 132.0672903213545308   0.0294726099418505
 120.5626376180419475 124.0227261692517521 130.4137799541734354   0.0294726099418505
 122.4523637519632128 120.4927177510868631 130.4629128336553808   0.0117726099418505
 120.8838910608085635 119.1434532914670917 128.7923949312689936  -0.1256273900581494
 119.7424964759201289 120.1525670469810381 127.4506893761849165   0.1329726099418505
 120.8045225631838679 116.4883880733077307 128.8471969891527297  -0.1704273900581494
 119.6404512646883774 115.4698256871241731 127.5149400647382235   0.1429726099418505
 122.2388246988301121 115.1655797795628489 130.6424368163778977  -0.1072273900581494
 122.1783534625446120 113.1246755549279001 130.7312539446722177   0.1296726099418505
 123.7411569752974837 116.5110647869147865 132.3620875982462573  -0.1704273900581494
 124.7408221001418460 115.4981715791329931 133.8096178168299194   0.1429726099418505
 123.8961145182790413 119.1585711005384534 132.2468143040770475  -0.1256273900581494
 125.0715241735780598 120.1601259515167190 133.5734020500897629   0.1329726099418505
 123.2214822884691557 127.2862832025337613 127.7341482962730882   0.5972726104906286
 121.0728636742006914 127.9665846107454109 127.1615612776949540  -0.5679273917044839
 125.0942008871851156 128.9530216526523149 128.0402839299683425  -0.4157273900581494
 126.8195208474552123 128.2481538046996793 128.4484647748953216   0.2718726099418505
 124.8504262159092648 131.6950142729720389 127.7246996656034904  -0.0581273900581495
 122.9966048785325271 132.2543732086127418 128.3672065511367225   0.1359726099418505
 124.9864864975516002 132.5794061036471916 124.9524714271410164   0.5972726104906286
 123.8639891740023878 134.5069267602468610 124.2740597450632970  -0.5679273917044839
 126.2355954720735502 131.1696704077419468 123.2630562634154068  -0.4157273900581494
 127.0595160664632026 129.5331675757661434 123.8432021865292353   0.2718726099418505
 126.3263023265017739 131.8027286626055544 120.5456300828366555  -0.0581273900581495
 126.8497564655979625 133.7793821986871962 120.3131937683643462   0.1359726099418505
 128.3388606591279028 130.1870128181028765 119.2171526106900234  -0.0074273900581495
 127.8040681632281860 128.2009106513516372 119.3702204275376372   0.0366726099418505
 128.3558681943331946 130.6745621606545780 117.2159326348674089   0.0366726099418505
 131.0052642340907916 130.4591333813875472 120.1979204741951499   0.1867726099418505
 132.9176670816190995 128.6979086245729363 119.7746218201967825  -0.5432273900581495
 123.7600542366367061 131.4550190539640488 119.2284909674935513   0.5972726104906286
 123.1364446124426962 132.8571958453336260 117.4786045674824684  -0.5679273917044839
 122.2293760681604877 129.6408819653996319 120.0920958106955515  -0.4157273900581494
 122.8567651446223581 128.5448408077253090 121.5245082202078787   0.2718726099418505
 119.7784012724646295 129.0437285070805384 118.9507012258071168  -0.0252273900581495
 120.0543012880171338 128.4446853226274880 116.9967244033325443   0.0697726099418505
 118.8958991679234073 127.4941530772650979 119.9843814210620494   0.0697726099418505
 117.9850511713733653 131.3095101416521158 118.9677087610124087   0.5972726104906286
 117.4578175800093294 132.4357869174691619 117.0061730340021555  -0.5679273917044839
 117.1195566020374215 132.0975259394972809 121.1975855990394987  -0.4157273900581494
 117.6789155376781241 131.2017957520186003 122.7868452776672602   0.2718726099418505
 115.2808530737320453 134.1611068777392855 121.4149041044404331  -0.0275273900581495
 113.6708064076311448 133.7132417839999320 120.2111485571325947   0.1122726099418506
 114.3019749363608355 134.2952774332476906 124.1228816543496000  -0.0050273900581495
 113.0415276050353709 135.9166624561521324 124.2853981018668251   0.0338726099418505
 113.1586906253384840 132.6153109001917056 124.4687015368571755   0.0338726099418505
 116.2502825804336574 134.4615733330327492 126.1675653312523827  -0.1415273900581494
 117.1365641372427133 132.4735814401476064 127.4847044465955003  -0.1638273900581494
 116.6093305458786909 130.5498402358157707 127.2106941571768995   0.2061726099418505
 118.7352724465400992 133.2445897027874794 129.3593127714453637  -0.3418273900581494
 119.5365163273227091 132.0294957986761132 130.6027525675655499   0.3411726099418505
 116.2805181985763942 136.7330241460060904 120.5267328214974468   0.5972726104906286
 114.7895242789125236 138.2674817667501694 119.6196642772152385  -0.5679273917044839
 118.7598388862810721 137.2149043101560279 120.6609033770058519  -0.4157273900581494
 119.9144615541069649 135.8977651948129103 121.4205732828421970   0.2718726099418505
 120.2848478763555263 137.5834009062706592 115.3262065009461571  -0.4157273900581494
 121.1314451843522345 136.1169734263477747 116.2332750452283655   0.2718726099418505
 119.9352485415800904 137.4435611723604902 112.5577577147515300  -0.0389273900581495
 120.7534999575679923 139.1348660622200030 111.7206090374244060   0.1006726099418505
 121.2977410841373200 135.1626617287175512 111.3936864162560395   0.3653726099418505
 120.8990088698799253 135.1456541935122592 109.3716794529602994   0.0042726099418505
 124.1625659031619210 135.2817144751545678 111.7262782158261702  -0.2438273900581494
 125.0129426634264898 133.5752917762236932 110.9401521441149352   0.0641726099418505
 124.8995590953912104 136.9182173071303712 110.7190541864461539   0.0641726099418505
 124.6709022331867482 135.4347822920021949 113.7142701087113264   0.0641726099418505
 120.4398054193370705 132.8666444760032238 112.4046898979039028  -0.6761273884118151
 120.9670390107011062 132.7551506341018746 114.1545762979149858   0.4101726099418505
 117.1422333156444773 137.4208844587534344 111.7829699998438098   0.5972726104906286
 116.4449243722275357 138.7304646695608578 109.9877301726186286  -0.5679273917044839
 115.5057304836686739 136.1264220570173725 113.2116029570882766  -0.4157273900581494
 116.2162675100230735 134.9566815801201180 114.5570879644402142   0.2718726099418505
 112.7599584110811027 136.1661063058297203 112.7939734814916865  -0.0237273900581495
 112.3687851013594022 135.5349377771000161 110.8721220032937677   0.0879726099418505
 111.3766788810507476 134.3255130513904138 114.5608674167080480   0.0341726099418505
 111.9171405553522147 134.7091274565764336 116.5091750607808698   0.0240726099418505
 109.3471130132193133 134.6505459464248905 114.4002406953247399   0.0240726099418505
 111.8906843894773253 131.5362772777226477 113.9542653277193299   0.0017726099418505
 113.8748968300946343 131.1375450634652664 114.3208721977000577   0.0439726099418505
 110.7776356965977104 130.3967724189681434 115.2562866339910726   0.0439726099418505
 111.2141624335335094 130.4742511904589087 110.7549589829906546  -0.2737273900581494
 107.8750163548946651 131.1602217770723224 110.4393747186258025  -0.0536273900581495
 107.2022738512186962 130.4440155723161855 108.6271273561953159   0.0683726099418505
 106.8299978028362045 130.2437046021205162 111.9568248041645625   0.0683726099418505
 107.5651012689315769 133.1973465494394374 110.5111843117148039   0.0683726099418505
 111.6355713613979599 138.8192817978551509 113.0585351402406629   0.5972726104906286
 110.1351288110644783 139.6110770479681766 111.4654960093450408  -0.5679273917044839
 112.4235871592431115 140.2554736596353122 114.9879455229742490  -0.4157273900581494
 113.6235632542831161 139.4920243015311332 116.2786284724424638   0.2718726099418505
 111.6544686227371688 142.8897518903215475 115.3129784180087123  -0.0518273900581495
 109.5946671367629977 142.9464436743391873 115.3564421190888937   0.0921726099418505
 115.9535955774080140 142.8595162721787975 112.9470412983393004   0.2718726099418505
 118.7541697078793080 142.8217217495003800 109.0995588896756289  -0.0297273900581495
 114.0563105389510813 145.0043554341794280 107.5367553769227570   0.5972726104906286
 113.4440392715605860 142.6138518747690432 106.9849553458177484  -0.4157273900581494
 114.1564660240489025 141.2135648095333963 108.0923348602956126   0.2718726099418505
 111.7602932862367538 141.9052045745485738 104.8722415280937983  -0.0875273900581495
 112.5218529182070159 142.6875511939919749 103.1261345803505625   0.0968726099418505
 111.6261227307283489 139.0063646851133621 104.5774442512020853   0.2984726099418505
 111.2557364084797873 138.1578776509827235 106.4180375056413784  -0.0297273900581495
 109.5436445311471354 138.1408701157774317 102.7519688058341539  -0.3192273900581494
 109.6475794685128037 136.0980761650085526 102.4930763254869416   0.0790726099418505
 107.6879334676364540 138.5736174004453969 103.5305359730097079   0.0790726099418505
 109.7571835842802361 139.0781742782023634 100.9283830866001394   0.0790726099418505
 114.1507968456471386 137.9878022989298045 103.5815585786255836  -0.3192273900581494
 114.0676488957546094 135.9317802652234941 103.4832928196616793   0.0790726099418505
 114.5363009769670751 138.7493619309000799 101.7050605276417766   0.0790726099418505
 115.6795852879894400 138.5055872596242292 104.8590134451563401   0.0790726099418505
 109.1260150555505319 143.0522683378387723 105.2010538753960952   0.5972726104906286
 108.1924903453934339 144.3335026566373760 103.5021900810008880  -0.5679273917044839
 107.9600540309211246 142.7423532518756844 107.4139231782178800  -0.4157273900581494
 108.8179896957213741 141.6765477123440847 108.7650773639715681   0.2718726099418505
 105.4901819738860443 143.8535122186213688 107.9902896490638612  -0.0024273900581495
 104.0936743609182444 143.0806142298475922 106.6920477950599657   0.0977726099418505
 104.7588579600585188 143.1108498479903155 110.6982671989730148  -0.0343273900581495
 104.1106818961235362 141.1606524777835903 110.7285028171157516   0.0294726099418505
 106.4426039453823510 143.1996669762846356 111.8831254849416445   0.0294726099418505
 102.7670866149055156 144.8078239162516193 111.8623384974685054   0.0117726099418505
 100.3028837362722128 144.9004204968137463 110.8645630987580869  -0.1256273900581494
  99.7832090494438577 143.6909957711041439 109.3112082166748127   0.1329726099418505
 101.8713564274268486 145.0610472181970676  99.9759611151038326   0.0559726099418505
 101.5803386028029692 144.9457739240278580 102.0149756136048647  -0.0173273900581495
 100.0345426252553891 144.8248314514569111  99.0688925708216243  -0.0173273900581495
 103.5702202218220557 142.8519573676431032  99.1463713423124030   0.0135726099418505
 104.9402716689149526 142.4570046056535823 100.6279166313066624  -0.0425273900581495
 102.3891413881212733 141.1719908345871182  98.9573987289202752  -0.0425273900581495
 104.9383819427810357 143.3243889011234162  96.6387047625989052   0.8053726088442941
 103.5796688524916533 143.6739882358988521  94.7168532844009864  -0.8188273878630369
 107.2873115272451557 143.3243889011234162  96.5952410615187103  -0.8188273878630369
  89.5579009387959746 134.3916534660776780  95.6428190900224036  -0.5679273917044839
  89.3046776368505263 138.2996071110268229 101.0096413103587519  -0.5679273917044839
  86.2641082873712286 134.6524356725587939 104.3336695799262345   0.5972726104906286
  87.0577932636181576 134.6713329338980161 106.5163032646052827  -0.5679273917044839
  86.7119733811105689 132.7702684431732361 102.7122845570218061  -0.4157273900581494
  86.0241130683632251 132.9233362600208634 100.9378317172697506   0.2718726099418505
  88.1802905871673701 130.5082662608694926 103.3510119902871911  -0.0875273900581495
  87.3639288973133985 129.6389922392657286 105.0309785233431761   0.0968726099418505
  88.1840700394352171 128.5259435463861137 101.2156214589561716   0.2984726099418505
  89.3254646243236519 129.2289216682048192  99.6509282200693695  -0.0297273900581495
  89.2971187323148320 126.0201666928065193 102.1510358952471865  -0.3192273900581494
  89.3424721595289438 124.6501152457136225 100.6165782745031345   0.0790726099418505
  91.2378674718519596 126.2847283515554957 102.7897633285125715   0.0790726099418505
  88.1802905871673701 125.2642762392380347 103.7062805034643776   0.0790726099418505
  85.5441226303472313 127.9495770755401190 100.1857207159690861  -0.3192273900581494
  85.7330952437393591 126.6022023420542780  98.6437041906893532   0.0790726099418505
  84.3611540705125319 127.1388845640878982 101.6597071004276648   0.0790726099418505
  84.6616205258060089 129.6503305960692565  99.4430583453380330   0.0790726099418505
  90.9166140290853435 131.1847882168133085 103.9840702451508122   0.5972726104906286
  91.8388003824389135 130.3363011826826700 105.9304881630896903  -0.5679273917044839
  92.1373771115984738 132.8175115965212782 102.4817379686834135  -0.4157273900581494
  91.2510955547894044 133.4789157433937056 100.9302728127340563   0.2718726099418505
  94.7962217820256820 133.5110410876703591 102.8748010045390311  -0.0518273900581495
  95.9527341759854917 131.7970594842037905 102.8294475773249192   0.0921726099418505
  95.6825033388347514 135.3195089978330121 100.7734255436185954  -0.1102273900581495
  94.3785923064290783 136.9144378548625375 100.6978364982617468   0.0456726099418505
  97.5363246762114891 136.0565021900623015 101.2912105043130201   0.0456726099418505
  95.8847040351643240 134.1422096164000633  98.1221397777270815   0.3530726099418505
  94.1159203738140322 133.2162438107786595  97.6270315306397126  -0.0361273900581495
  96.3911506390552208 136.2587028863918741  96.2097369301987736  -0.4121273900581494
  96.6009102399204743 135.4612384578771113  94.3294594269471329   0.0999726099418505
  94.8094498649631268 137.5739522756010614  96.2154061086005376   0.0999726099418505
  98.1240295038609984 137.2526988328344454  96.7142938079557536   0.0999726099418505
  98.0371021017006219 132.2279170427378253  97.9274979859331897  -0.4121273900581494
  98.1750521094768741 131.4890341243746327  96.0132054122709650   0.0999726099418505
  99.8172241198544416 133.1104191472790477  98.4604007556989894   0.0999726099418505
  97.6931719453269634 130.6367676379761337  99.1955042217943484   0.0999726099418505
  95.2289690666936471 134.6996788259068358 105.4731744386807524   0.5972726104906286
  96.8314568282588668 133.8625301485797254 106.9093663004609001  -0.5679273917044839
  93.7417545992976236 136.6120816734351437 106.1685936559637771  -0.4157273900581494
  92.3868209612760885 137.2016762272185697 104.9629483825220084   0.2718726099418505
  94.0063162580466000 137.8026091378055237 108.6668116050076637  -0.0597273900581495
  96.0037567816013540 138.2296872440717249 108.9427116205601680   0.0868726099418505
  92.5323298735880215 140.3197243481886461 108.7972027082482350   0.1302726099418505
  92.7836634493995395 141.0718353494892970 110.7020466512408620   0.0186726099418505
  93.7039600766191927 142.2340169218508572 106.9414916447375670  -0.3204273900581494
  95.7448643012541415 142.3096059672077192 107.2173916602900713   0.0881726099418505
  93.3127867668974922 141.6765477123440847 104.9969634529325922   0.0881726099418505
  88.9475193975394095 138.5244845209634513 109.5946671367629977   0.0235726099418505
  93.3090073146296584 136.0035898583124955 110.8399966590171142   0.5972726104906286
  94.3842614848308424 136.2435850773204856 112.8827906097859797  -0.5679273917044839
  91.5950257111630764 134.1875630436141751 110.4337055402240386  -0.4157273900581494
  90.8561427927998701 133.9891417995524362 108.6819294140790389   0.2718726099418505
  91.0054311573796503 132.2487040302109778 112.3120933173417624   0.0336726099418505
  90.6010297647205049 133.1708903835645478 114.1111125968347908   0.0822726099418505
  88.6319351331745574 130.8181813468325807 111.4900624490860137  -0.1825273900581494
  88.0310022225876035 129.5841901813819923 113.0245200698300791   0.0602726099418505
  87.1390514873767701 132.1542177235149205 111.0440870814806037   0.0602726099418505
  89.0231084428962580 129.6711175835423821 109.8252137251013902   0.0602726099418505
  93.2579847090137827 130.4629128336553808 112.7505097804114915   0.5972726104906286
  94.1140306476801021 130.2248073407813208 114.8915694901442750  -0.5679273917044839
  94.2954443565365491 129.3800997589185161 110.7190541864461539  -0.5163273900581494
  93.4923107496200089 129.7448169027653138 109.0126314875152525   0.2935726099418505
  96.6727198330094756 127.9325695403348272 110.6491343194910560   0.0396726099418505
  96.4686294105459861 126.1335502608417988 111.6261227307283489   0.1104726099418506
  97.2698732913285959 127.3807695092298186 107.8523396412876091   0.0559726099418505
  95.7750999193968918 126.1996906755290362 107.0662135695763609  -0.0173273900581495
  97.2282993163823312 129.1703401580532492 106.8432258857736627  -0.0173273900581495
  99.8304522027918998 126.1259913563061045 107.3043190624504478   0.0135726099418505
 101.2364084464293106 126.7609393373036423 108.6743705095433580  -0.0425273900581495
  99.6395898632658416 124.0813076794033221 107.5102992110478674  -0.0425273900581495
 100.7772049958864424 126.7798365986428645 104.6360257613536418   0.8053726088442941
  99.2238501138031683 126.7949544077142262 102.8445653863962943  -0.8188273878630369
 103.0864503315382147 127.2390400491857192 104.4054791730152493  -0.8188273878630369
  98.8062206382065783 129.3630922237132243 111.9983987791108406   0.5365726099418505
  99.9872994719073607 128.3898832647437785 113.7520646313897573  -0.5819273917044839
  99.2125117569996404 131.7611546876592763 111.3180973708991777  -0.4157273900581494
  98.2411925241641249 132.4565739049423144 109.8157650944317926   0.2718726099418505
 101.2855413259112562 133.2521486073231469 112.3687851013594022  -0.0014273900581495
 103.0278688213866582 132.2373656734074499 112.0116268620482854   0.0875726099418505
 101.4499474995624113 135.8486323153309647 111.0799918780251043  -0.0152273900581495
  99.6981713734174116 136.8653049753805920 111.4692754616128880   0.0294726099418505
 102.9787359419046994 136.8955405935233154 111.9832809700394655   0.0294726099418505
 101.9223790330427243 135.9355597174913278 108.2416232248753928  -0.0011273900581495
 102.6593722252720135 133.7529260328122798 106.8791306823181632  -0.1906273900581494
 102.8672421000033502 131.9709142885245432 107.7975375834038862   0.1698726099418505
 103.0259790952527280 133.8152869952316833 104.2561908084354692  -0.2341273900581494
 103.4681750105903042 132.1126437485686426 103.2792023971981763   0.1655726099418506
 102.7292920922270981 136.3040563136059859 102.8653523738694199   0.3225726099418506
 103.1677085552968272 136.5138159144712259 100.3444577112184773  -0.5579273917044839
 103.2829818494660234 138.2542536838127112  99.8474597379971916   0.3991726099418505
 101.9318276637123219 138.5830660311149945 104.4092586252830831  -0.2341273900581494
 101.6502584697580536 140.3707469538045218 103.5305359730097079   0.1655726099418506
 101.5368749017227876 138.2750406712858366 107.0170806900944154  -0.1906273900581494
 100.9132652775287779 139.8435133624404725 108.1055629432330574   0.1698726099418505
 101.0890098079834475 133.5809609546254572 115.2373893726518637   0.5972726104906286
 102.9730667635029354 133.2861636777337307 116.5753154754681072  -0.5679273917044839
  98.8383459824832318 134.2121294833551614 116.1992599748177817  -0.4157273900581494
  97.3416828844176107 134.3633075740688583 115.0087325104473881   0.2718726099418505
  98.4358343159580167 134.6051925192107787 118.9072375247269352  -0.0518273900581495
 100.1101316706122377 135.5292685986982522 119.6763560612328781   0.0921726099418505
  96.1228095280383974 136.3305124794808754 119.2927416560468717  -0.1102273900581495
  94.6733895833207913 135.8543014937327287 117.9056826737486696   0.0456726099418505
  95.3329040040593154 135.9412288958930917 121.1579013502271509   0.0456726099418505
  96.7105143556879065 139.1858886678358789 119.1850272664133564   0.3530726099418505
  97.9029315461922168 139.6620996535840523 120.7969636586481871  -0.0361273900581495
  98.0484404585041498 140.1080750211894489 116.7888545286012077  -0.4121273900581494
  98.3054432127174454 142.1508689719583280 116.8606641216902225   0.0999726099418505
  99.9060412481487482 139.2350215473178511 116.6414558901553444   0.0999726099418505
  96.9372814917584518 139.6224154047717045 115.1277852568844315   0.0999726099418505
  94.2387525725189094 140.6693236829640552 119.4269122115552768  -0.4121273900581494
  93.0217689422736263 140.2516942073674784 117.8168655454543629   0.0999726099418505
  93.2787716964869084 140.1288620086626013 121.1654602547628184   0.0999726099418505
  98.2166260844231386 132.1145334747025727 120.3925622659890418   0.5972726104906286
  98.7457494019210914 132.1409896405774623 122.6564541744266889  -0.5679273917044839
  97.6024650908987399 129.9810326695054703 119.1774683618776756  -0.4157273900581494
  97.0809006779364681 130.0849676068711251 117.3312059290366051   0.2718726099418505
  97.8934829155226059 127.4469099239170560 120.2980759592929711  -0.0875273900581495
  97.0072013587135499 127.4355715671135548 122.1575664750714864   0.0968726099418505
  96.4610705060103052 125.3474241891305641 118.8845608111198794   0.2984726099418505
  96.9259431349549239 125.3852187118089816 116.8776716568955009  -0.0297273900581495
  97.1375924619541077 122.7547199333906067 119.9919403255977302  -0.3192273900581494
  95.8714759522268658 121.3166383454765153 119.2492779549666769   0.0790726099418505
  99.0613336662859435 122.2463836033657795 119.4628170080997774   0.0790726099418505
  96.9694068360351190 122.7811760992654963 122.0479623593040405   0.0790726099418505
  93.5962456869856908 125.6686776318971801 119.2417190504309960  -0.3192273900581494
  92.5739038485342860 124.2570522098580051 118.1437881666227430   0.0790726099418505
  93.0992477137643915 125.4475796742283851 121.2278212171822219   0.0790726099418505
  92.9972025025326536 127.5357270522113760 118.6256683307726670   0.0790726099418505
 100.6902775937260662 126.8667640008032544 120.7327129700948666   0.5972726104906286
 101.4858522961069119 126.5417311057687779 122.8983391195686094  -0.5679273917044839
 102.2247352144701182 126.8592050962675601 118.7277135420044186  -0.4157273900581494
 101.4556166779641753 127.1445537424896621 116.9853860465290164   0.2718726099418505
 104.9138155030400630 126.1448886176453267 118.8807813588520322  -0.0875273900581495
 105.0517655108163151 124.2986261848042562 119.7840704508663936   0.0968726099418505
 106.0873354322051646 125.9710338133245740 116.2143777838891434   0.2984726099418505
 105.8737963790720641 127.7908400802907278 115.2789633475981284  -0.0297273900581495
 108.9086965501495842 125.2869529528450906 116.2748490201746300  -0.3192273900581494
 109.6419102901110397 125.2056947290864647 114.3492180897088776   0.0790726099418505
 109.9877301726186286 126.7004681010181689 117.3066394892956324   0.0790726099418505
 109.1638095782289628 123.4520288768075483 117.1724689337872275   0.0790726099418505
 104.7909833043351860 123.9395782193592227 114.6118900223239237  -0.3192273900581494
 105.6186833509926852 123.9017836966808053 112.7259433406705188   0.0790726099418505
 105.0271990710753425 122.0970952387860129 115.4981715791329931   0.0790726099418505
 102.7784249717090435 124.3307515290809368 114.4134687782621981   0.0790726099418505
 106.4085888749717672 128.0062688595577587 120.5229533692295997   0.5972726104906286
 107.9676129354568053 127.2447092275874832 122.0687493467771930  -0.5679273917044839
 105.8737963790720641 130.4666922859232415 120.3434293865070829  -0.4157273900581494
 104.5887826080055997 131.0354998522335150 119.0338491756996595   0.2718726099418505
 107.0340882252997074 132.3583081459783966 121.9969397536881917  -0.0252273900581495
 109.0712129976668224 132.3715362289158548 121.6926938461268677   0.0697726099418505
 106.2744183194633621 134.2102397572212310 121.5169493156721844   0.0697726099418505
 106.5238621691409634 131.8613101727571244 124.8069625148290834   0.5972726104906286
 108.2737485691520464 131.9879218237298352 126.3357509571713714  -0.5679273917044839
 104.1843812153464545 131.1999060258846702 125.5004920059781911  -0.4157273900581494
 102.8256681250570721 130.9977053295550975 124.1625659031619210   0.2718726099418505
 103.5210873423400968 130.6084217459673138 128.1139832491912742   0.0336726099418505
 104.0861154563825501 132.1882327939254775 129.3101798919634183   0.0822726099418505
 100.6487036187798015 130.2890580293346281 128.3199633977886806  -0.1825273900581494
 100.1365878364871407 129.8827669105415523 130.2739402202632664   0.0602726099418505
  99.7095097302209395 132.0257163464082527 127.7284791178713242   0.0602726099418505
 100.0099761855144165 128.7413723256531177 127.1199873027487029   0.0602726099418505
 104.9119257769061461 128.2557127092353734 129.0834127558928862   0.5972726104906286
 105.9191498062861624 128.3010661364494853 131.1791190384115445  -0.5679273917044839
 105.0404271540127873 126.2355954720735502 127.5697421226219599  -0.4157273900581494
 104.2391832732301774 126.3187434219660796 125.8236351748787107   0.2718726099418505
 106.2498518797223894 123.8602097217345271 128.3634270988688889  -0.0389273900581495
 105.3843573103864591 123.2536076327458092 130.1303210340852369   0.1006726099418505
 105.8152148689204939 121.7645034392158690 126.3981119195907752   0.3653726099418505
 106.5654361440872415 119.9994992301334111 127.1558920992931900   0.0042726099418505
 103.0146407384491999 121.3733301294941549 125.7820611999324594  -0.2438273900581494
 102.4080386494604821 119.5648622193315290 126.5436208319027080   0.0641726099418505
 101.8392310831501815 122.8473165139527337 126.6003126159203478   0.0641726099418505
 102.6952770218165142 121.3978965692351412 123.7468261536992479   0.0641726099418505
 107.0681032957102913 122.2426041510979459 124.1020946668764476  -0.6761273884118151
 106.6107895713013398 123.9131220534843331 123.5295076482983135   0.4101726099418505
 109.0409773795240724 124.2759494711972005 128.8944401425007450   0.5972726104906286
 109.9367075670027528 123.6164350504587034 130.9315649148678602  -0.5679273917044839
 110.3902418391438436 125.5231687195852471 127.1747893606324122  -0.4157273900581494
 109.5530931618167331 125.9030036725034063 125.4853741969068028   0.2718726099418505
 113.0849913061155523 125.9880413485298658 127.4695866375241118  -0.0014273900581495
 113.9618242322550107 124.2173679610456573 128.0610709174414682   0.0875726099418505
 114.1961502728612503 126.6513352215362235 124.8617645727127929  -0.0152273900581495
 112.9508207506071474 127.9439078971383551 123.8432021865292353   0.0294726099418505
 116.0121770875595705 127.5659626703540994 125.0885317087833516   0.0294726099418505
 114.7025968767521472 124.3080748154738808 123.3065199644956153  -0.0011273900581495
 117.0893209838946847 123.1629007783175858 123.5710816232445915  -0.1906273900581494
 118.4914977752642621 124.0340645260552800 124.7389323740079157   0.1698726099418505
 117.6222237536604845 120.8423170858622988 122.4145692292847685  -0.2341273900581494
 119.3891176888768459 119.9768225165263551 122.7207048629800228   0.1655726099418506
 115.5945476119629805 119.5516341363940842 120.8536554426658269   0.3225726099418506
 115.9120216024617495 117.2027045519299641 119.8747773052946171  -0.5579273917044839
 114.4021304214586702 116.2200469622909073 120.2886273286233736   0.3991726099418505
 113.0868810322494827 120.8914499653442444 120.5947629623186145  -0.2341273900581494
 111.5769898512463899 120.0618601925528146 119.5554135886619178   0.1655726099418506
 112.7731864940185475 123.2195925623352254 121.8230849493674121  -0.1906273900581494
 110.9968439281325751 124.1304405588852675 121.6889143938590070   0.1698726099418505
 113.6726961337650617 127.8702085779154234 129.5955285381855202   0.5972726104906286
 115.5718708983559247 127.5224989692739178 130.8937703921894425  -0.5679273917044839
 112.0853261812712171 129.7901703299794255 130.0717395239336938  -0.4157273900581494
 110.5678760957324435 130.0604011671301657 128.9284552129113288   0.2718726099418505
 112.3952412672342918 131.4058861744821033 132.3299622539695767  -0.0875273900581495
 114.3284311022357385 132.1164232008364762 132.3620875982462573   0.0968726099418505
 110.6132295229465553 133.7132417839999320 132.3035060880946873   0.2984726099418505
 108.6951574970164837 133.0915218859398522 131.8707588034267221  -0.0297273900581495
 110.5622069173306796 135.1513233719140233 134.8244007507456432  -0.3192273900581494
 109.7609630365480697 133.9702445382132409 136.3097254920077498   0.0790726099418505
 111.4617165570771938 135.6332035360639339 130.3117347429416839  -0.3192273900581494
 110.1407979894662423 137.2111248578881675 130.2437046021205162   0.0790726099418505
 113.3495529648645287 136.3324022056148058 130.7501512060114130   0.0790726099418505
 111.4881727229520968 134.7412528008531140 128.4673620362345437   0.0790726099418505
 112.0607597415302310 129.8525312923988291 134.7431425269870174   0.5972726104906286
 113.5895481838725324 130.1095340466121112 136.4703522133910443  -0.5679273917044839
 110.1785925121446732 128.1706750332089138 134.8489671904866026  -0.4157273900581494
 108.9767266909707519 128.0251661208969810 133.3598629969566624   0.2718726099418505
 109.7949781069586536 126.4831495956172348 137.0221522444960529  -0.0597273900581495
 109.7212787877357219 127.6321030850413636 138.7342441218287184   0.0868726099418505
 107.2438478261649609 125.0696344474441295 136.8029440129611884   0.1302726099418505
 107.1229053535940006 124.2230371394474213 134.9283356881112980   0.0186726099418505
 107.0076320594248044 122.9380233683809572 138.7701489183732056  -0.3204273900581494
 105.1727079833872753 122.0215061934291511 138.6397578151326343   0.0881726099418505
 108.4494930996067294 121.4999417804668926 138.4621235585440478   0.0881726099418505
 107.2532964568345719 123.6995830003512326 140.6731031352319157   0.0881726099418505
 105.0309785233431761 126.9536914029636174 137.1336460863974020  -0.0430273900581495
 104.8703518019598680 127.4828147204615700 139.1197482531486415   0.0235726099418505
 105.4145929285291959 128.6752319109658803 136.0716199991336630   0.0235726099418505
 102.4779585164155665 125.9294598383782959 136.2133494591777624  -0.0660273900581495
 101.8600180706233205 124.3534282426879926 137.3849796622089202   0.0185726099418505
 101.0663330943763915 127.4242332103100269 136.3267330272130416   0.0185726099418505
 102.6348057855310274 125.3077399403182163 134.2537034583014124   0.0185726099418505
 112.0626494676641611 124.7086967558651656 137.3641926747357945   0.5972726104906286
 112.9791666426159673 124.4554734539197173 139.4655681356562437  -0.5679273917044839
 113.1322344594635810 123.5975377891194811 135.3610829727792634  -0.4157273900581494
 112.3177624957435263 123.8091871161186514 133.6376527386430968   0.2718726099418505
 115.4093544508386997 122.0215061934291511 135.6445418928674618  -0.0518273900581495
 115.0975496387416814 120.7383821484966306 137.2300221192273896   0.0921726099418505
 115.8628887229797905 120.3982314443908058 133.2804944993319668  -0.1102273900581495
 116.3126435428530477 121.6303328837074639 131.6912348207042053   0.0456726099418505
 117.5107299117591220 119.2152628845560930 133.6489910954466249   0.0456726099418505
 113.6386810633544778 118.6785806625224596 132.5227143196295518   0.3530726099418505
 112.1949302970386493 119.7954088076699215 131.6061971446777458  -0.0361273900581495
 114.5230728940296303 116.7094860309765121 130.6159806505030081  -0.4121273900581494
 112.9054673233930357 115.6172243255700365 129.9942607524429285   0.0999726099418505
 115.3356551316157682 117.6694669070085132 128.9832572707950383   0.0999726099418505
 115.9403674944705692 115.4792743177937843 131.4682471369014802   0.0999726099418505
 112.3933515411003749 117.2556168836797567 134.7091274565764336  -0.4121273900581494
 110.8853500862312125 116.0802072283807383 133.9607959075436163   0.0999726099418505
 113.7917488802021051 116.0991044897199470 135.6880055939476434   0.0999726099418505
 111.5562028637732645 118.5859840819603192 136.0394946548570095   0.0999726099418505
 117.7771812966420285 123.5465151835036054 136.3777556328289175   0.5972726104906286
 119.4495889251623328 122.5374014279896455 137.6382029641543685  -0.5679273917044839
 117.8924545908112249 125.9785927178602682 135.7050131291529352  -0.4157273900581494
 116.5035058823791059 126.6607838522058211 134.5768466272019588   0.2718726099418505
 119.8483211394197141 127.7322585701391847 136.5818460552923934  -0.0252273900581495
 121.6983630245286316 126.8875509882763800 136.2757104215971659   0.0697726099418505
 119.7217094884469899 129.4575785304092814 135.4669076362788752   0.0697726099418505
 111.0648740689537426 121.1087684707451787 143.6172964518812123  -0.5679273917044839
 107.0529854866389162 116.0235154443630986 143.8327252311482431   0.0341726099418505
 108.8142102434535269 116.3976812188795072 142.8255012017682136   0.0240726099418505
 106.4048094227039336 114.1526865717810555 143.2714765693736370   0.0240726099418505
 105.0744422244233709 117.9756025407037541 143.0144738151603549   0.0017726099418505
 105.7641922633046316 119.8558800439553950 143.5076923361137935   0.0439726099418505
 104.9043668723704518 117.9019032214808224 140.9641209598557816   0.0439726099418505
 101.9412762943819330 117.5863189571159703 144.3694074531818902  -0.2737273900581494
 100.9869645967516959 114.5778749519133398 143.0484888855709119  -0.0536273900581495
  99.0670028446877074 114.1470173933793050 143.6588704268274904   0.0683726099418505
 101.0379872023675716 114.6893687938147024 140.9943565779985317   0.0683726099418505
 102.2455222019432571 113.0812118538477187 143.6872163188363103   0.0683726099418505
 116.1935907964160177 109.4831732948616485 142.1867737685028420   0.0790726099418505
 103.6458092671789041 102.3343393302375504 141.0056949348020596   0.1429726099418505
 124.7502707308114438  88.7661056886829625 130.1605566522279869   0.0284726099418505
 122.8321987048813720  90.6652804532738254 132.0918567610955169   0.0284726099418505
 125.7763920215306954  93.0217689422736263 129.1212072785713039   0.0686726099418505
 127.7606044621480046  90.0057660325353015 127.0765236016684944   0.4477726099418505
 121.0426280560579413  95.8242327988788371 133.5129308138042895  -0.5894273889605932
 118.0379635031231578  96.7388602476967264 136.4193296077751686  -0.4157273900581494
 116.2068188793534625  97.9331671643349537 134.7185760872460582  -0.0875273900581495
 116.9400326193149047  97.9029315461922168 132.7929451567802921   0.0968726099418505
 113.6613577769615338  96.5234314684297090 134.6864507429693776   0.2984726099418505
 112.5615371670193637  97.2490863038554703 133.1009705166094499  -0.0297273900581495
 114.0525310866832342  93.6926217198156648 134.2896082548459266  -0.3192273900581494
 112.2554015333241228  92.8403552334171793 133.7699335680175716   0.0790726099418505
 115.4169133553743805  93.4110525258613966 132.7929451567802921   0.0790726099418505
 114.7573989346358567  92.7893326278013036 136.0017001321785651   0.0790726099418505
 112.0853261812712171  96.8182287453214220 137.0788440285136927  -0.3192273900581494
 110.2881966279121056  95.8355711556823650 136.8596357969788280   0.0790726099418505
 111.6998220499512806  98.8100000904744119 137.4511200768961844   0.0790726099418505
 115.9649339342115421 100.7091748550652749 135.4858048976180707   0.5972726104906286
 117.0420778305466560 101.4934112006425928 137.3906488406106841  -0.5679273917044839
 114.5892133087168677 102.2115071315326734 134.0118185131594920  -0.4157273900581494
 113.5971070884082131 101.4537269518302450 132.5756266513793578   0.2718726099418505
 114.1602454763167497 104.8741312542277152 134.6127514237464461  -0.0014273900581495
 114.7800756482429124 105.2048333276639288 136.5421618064800458   0.0875726099418505
 115.7306078936053023 106.5956717622299783 132.8420780362622375  -0.0152273900581495
 115.4244722599100614 106.0098566607143859 130.8899909399215820   0.0294726099418505
 115.1013290910095285 108.5477588585706338 133.0102636621812264   0.0294726099418505
 118.5330717502105266 106.5748847747568392 133.4486801252509556  -0.0011273900581495
 119.3135286435199974 106.8016519108273980 135.9865823231072034  -0.1906273900581494
 117.9737128145698372 107.1644793285402787 137.4794659689050043   0.1698726099418505
 121.8419822107066343 106.3972505181682393 136.6460967438457275  -0.2341273900581494
 122.4032308724812404 106.4029196965700032 138.5962941140524527   0.1655726099418506
 123.6485603947353569 105.9248189846879263 134.7620397883262396   0.3225726099418506
 126.0522920370831729 105.3390038831723473 135.4234439351986670  -0.5579273917044839
 127.1955763481055378 106.6939375211938826 134.8168418462099489   0.3991726099418505
 122.9191261070417618 105.9097011756165646 132.2014608768629357  -0.2341273900581494
 124.3383104336166040 105.4977408784217251 130.8049532638951225   0.1655726099418506
 120.3566574694445277 106.2120573570439585 131.5381670038565780  -0.1906273900581494
 119.7878499031342407 106.0438717311249697 129.5879696336498527   0.1698726099418505
 111.3710097026489837 105.5525429363054478 134.7601500621923093   0.5972726104906286
 109.7137198832000411 103.9897394235525761 134.2990568855155242  -0.5679273917044839
 110.9496007747845464 107.9147006037070127 135.5235994202964882  -0.4157273900581494
 112.4783892171268344 108.9616088818993768 135.9544569788305499   0.2718726099418505
 108.5118540620261196 109.0201903920509467 136.1037453434103165   0.0336726099418505
 107.4876224974408116 107.7313971687166488 137.3471851395305027   0.0822726099418505
 109.0901102590060312 111.4503782002736659 137.5985187153420209  -0.1825273900581494
 107.3496724896645595 112.3083138650739154 138.2939379326250590   0.0602726099418505
 110.2485123790997578 110.9911747497308111 139.2444701779874489   0.0602726099418505
 110.1086726451895888 112.7883043030899226 136.4231090600430024   0.0602726099418505
 106.8659025993807185 109.4132534279065641 133.7226904146695564   0.5972726104906286
 106.9263738356661919 107.9335978650462216 131.9331197658461257  -0.5679273917044839
 105.3956956671899870 111.4654960093450408 133.6924547965268063  -0.4157273900581494
 105.5695504715107399 112.6144494987691697 135.2023459775298990   0.2718726099418505
 103.2943202062695515 112.0872159074051340 131.9576862055870850  -0.0875273900581495
 101.7390755980523604 110.8078713147404472 132.3866540379872165   0.0968726099418505
 102.4647304334781217 114.8481057890640801 132.5189348673617181   0.2984726099418505
 100.5976810131639258 115.1258955307505011 131.6987937252398727  -0.0297273900581495
 102.3248906995679526 115.4528181519188813 135.3648624250471239  -0.3192273900581494
 101.5765591505351354 117.3501031903758138 135.6332035360639339   0.0790726099418505
 101.0852303557156003 114.1073331445669572 136.3059460397398893   0.0790726099418505
 104.1843812153464545 115.4320311644457557 136.2492542557222495   0.0790726099418505
 104.2524113561676222 116.8379874080831667 131.3718711040715196  -0.3192273900581494
 103.6004558399647924 118.7277135420044186 131.8707588034267221   0.0790726099418505
 106.1685936559637771 116.5847641061377182 132.0805184042919890   0.0790726099418505
 104.2618599868372332 116.6981476741729842 129.3196285226330427   0.0790726099418505
 103.7799798226873092 111.8321028793257686 129.1041997433660119   0.5972726104906286
 101.9885194477299617 112.0645391937980780 127.6623387031840869  -0.5679273917044839
 106.0967840628747623 111.3010898356938991 128.2538229831014432  -0.3479273900581494
 107.3931361907447409 110.8947987169008235 129.5936388120516169   0.2746726099418506
 106.8205491721666067 110.8532247419545590 125.6025372172099159  -0.2637273900581494
 106.7147245086670081 112.6144494987691697 124.5480700344818711   0.1559726099418505
 109.4964013777990933 109.7250582400035691 125.4381310435587876  -0.0007273900581495
 109.5341959004775244 107.9071416991713186 126.4132297286621367   0.0326726099418505
 109.8384418080388484 109.3565616438889245 123.4406905200040202   0.0326726099418505
 111.6639172534067798 111.3388843583723167 126.5001571308225266   0.0389726099418505
 111.5335261501662085 113.2588461104363052 125.7612742124593071   0.0284726099418505
 111.5221877933626806 111.4012453207917203 128.5561791645288371   0.0284726099418505
 114.2339447955396812 110.1918205950821180 125.7556050340575430   0.0485726099418505
 115.7381667981409966 111.3029795618278160 126.6305482340630979   0.0686726099418505
 114.3511078158427945 108.2680793907502824 126.4850393217511649   0.0686726099418505
 114.5589776905741311 110.2466226529658409 122.9871562478629025  -0.5295273900581494
 114.1470173933793050 111.9265891860218259 122.1613459273393200   0.3455726099418505
 114.7082660551539111 108.3304403531696860 121.3941171169673074   0.8075726110394068
 115.0748729251346389 106.0004080300447881 122.1141027739913048  -0.8627273895093713
 115.3640010236245880 105.6224628032605325 123.9471371238949170   0.4477726099418505
 115.1145571739469733 104.5982312386752109 120.8309787290587710   0.4477726099418505
 114.4531530270745459 108.7537390071680402 118.9847162962177005  -0.8627273895093713
 114.1829221899238055 110.5149637639826509 118.3119737925417318   0.4477726099418505
 114.5060653588243385 107.3251060499235732 117.7299381432939866   0.4477726099418505
 105.0631038676198430 108.9767266909707519 124.2646111143936726   0.7340726082955160
 103.9235990088653253 109.5417548050132051 122.3333110055261694  -0.5894273889605932
 104.6095695954787388 106.7978724585595509 125.4438002219605515  -0.4157273900581494
 105.5090792352252530 106.4652806589894068 127.0916414107398830   0.2718726099418505
 102.8521242909319751 104.8949182417008543 124.4479145493840499  -0.0014273900581495
 103.3075482892069963 104.5812237034699189 122.4618123826328104   0.0875726099418505
 103.2092825302430919 102.3910311142551900 125.8973344941016423  -0.0152273900581495
 103.1979441734395638 102.7746455194412098 127.9250106357991329   0.0294726099418505
 101.5671105198655244 101.2080625544204909 125.5174995411834832   0.0294726099418505
 105.5544326624393647 100.8433454105736798 125.2472687040327428  -0.0011273900581495
 105.2464073026102069  98.6285863816179783 123.7770617718419979  -0.1906273900581494
 103.4077037743048173  98.1108014209235536 123.1232165295052380   0.1698726099418505
 107.3024293363165174  97.0468856075258843 123.1855774919246415  -0.2341273900581494
 107.0548752127728465  95.3593601699342184 122.1103233217234443   0.1655726099418506
 109.9253692101992249  97.7687609906838119 124.0964254884746836   0.3225726099418506
 111.9587145302984928  96.3117821414305252 123.5087206608251879  -0.5579273917044839
 113.5914379100064492  97.0960184870078430 123.8337535558596375   0.3991726099418505
 110.1521363462697702 100.1630440023620303 125.6743468102989440  -0.2341273900581494
 111.9454864473610346 100.7110645811991916 126.4037810979925391   0.1655726099418506
 107.9487156741175965 101.5708899721333714 126.2034701277968967  -0.1906273900581494
 108.0904451341616825 103.1941647211717168 127.3902181398994430   0.1698726099418505
 100.0439912559250003 105.7245080144922838 124.5046063334016895   0.5972726104906286
  98.4717391125025174 104.4772887661042506 123.3273069519687409  -0.5679273917044839
  99.3863665613204066 107.7843095004664414 125.8255249010126410  -0.4157273900581494
 100.7885433526899705 108.7990924343821519 126.6343276863309317   0.2718726099418505
  96.8768102554729786 108.9861753216403629 125.7631639385932372  -0.0237273900581495
  95.4576259288981228 107.5783293518690217 125.2907324051129242   0.0879726099418505
  96.1757218597881900 110.0633192179754770 128.3728757295384866   0.0341726099418505
  97.5193171410061972 111.5297466978983615 128.8906606902329113   0.0240726099418505
  94.3407977837506608 110.9722774883915888 128.2481538046996793   0.0240726099418505
  96.1001328144313414 108.1187910261705022 130.5271635222087147   0.0017726099418505
  97.8084452394961597 106.9698375367463867 130.4988176301998950   0.0439726099418505
  96.1171403496366332 109.1864862918360188 132.2902780051572291   0.0439726099418505
  93.3562504679776871 106.0570998140624145 130.6896799697259397  -0.2737273900581494
  93.9023813206809317 103.8215537976335737 128.1574469502714556  -0.0536273900581495
  92.9669668843899035 102.0471009578815182 128.6147606746804071   0.0683726099418505
  93.1200347012375306 104.5490983591932654 126.3962221934568449   0.0683726099418505
  95.9206088317088246 103.4965209025991241 127.9363489926026608   0.0683726099418505
  96.6727198330094756 111.0384179030788396 123.7222597139582884   0.5972726104906286
  94.8037806865613628 111.0667637950876595 122.3352007316600729  -0.5679273917044839
  98.5511076101272130 112.7164947100009078 123.4709261381467436  -0.4157273900581494
 100.0780063263355842 112.5879933328942667 124.6236590798387061   0.2718726099418505
  96.7823239487769213 115.6247832301057171 121.4999417804668926   0.0778726099418505
  98.7079548792426739 113.3930166659447238 118.8429868361736147   0.5972726104906286
  97.1640486278290108 114.0525310866832342 117.2348298962066177  -0.5679273917044839
 100.2613097613259346 111.4182528559970123 118.5141744888713179  -0.4157273900581494
 101.5690002459994413 111.0554254382841316 119.8709978530267699   0.2718726099418505
 100.5712248472890228 110.1256801803948808 116.0896558590503494  -0.0275273900581495
 101.4159324291518275 111.4371501173362211 114.7422811255644950   0.1122726099418506
 102.2039482269969925 107.7408457993862600 116.5091750607808698  -0.0050273900581495
 101.5954564118743443 106.8167697198987597 118.2496128301223415   0.0338726099418505
 101.7655317639272500 106.4426039453823510 114.9709379877689706   0.0338726099418505
 105.0385374278788703 107.8769060810285818 116.5242928698522313  -0.1415273900581494
 106.4633909328554901 109.7685219410837640 115.5718708983559247  -0.1638273900581494
 105.7263977406262007 111.5146288888269998 114.8027523618499684   0.2061726099418505
 108.9427116205601680 108.9861753216403629 115.3942366417673248  -0.3418273900581494
 110.2806377233764113 110.0028479816899901 114.4512633009406155   0.3411726099418505
 109.2375088974518811 106.5163032646052827 116.1520168214697530   0.1379726099418505
 111.2727439436850793 104.8136600179422417 116.0405229795683905  -0.2601273900581494
 112.9753871903481201 105.3219963479670555 115.0937701864738476   0.1571726099418505
 111.0138514633378669 102.3948105665230373 117.1025490668321429  -0.1134273900581494
 112.5350810011444741 101.0682228205103084 117.0118422124039194   0.1416726099418505
 108.7253931151592203 101.6918324447043318 118.2552820085241056  -0.1972273900581494
 108.5383102279010226  99.8455700118632613 119.0508567109049513   0.1446726099418505
 106.6466943678458540 103.3529017164211080 118.2722895437293974  -0.2387273900581495
 104.9024771462365351 102.7519688058341539 119.0735334245120073   0.1699726099418505
 106.8224388983005236 105.8435607609293138 117.1308949588409494   0.1242726099418505
  98.0389918278345523 109.2620753371928672 114.9690482616350403   0.5972726104906286
  97.7234075634697002 109.2771931462642289 112.6654721043850320  -0.5679273917044839
  96.2154061086005376 108.5364205017671059 116.5639771186645791  -0.4157273900581494
  96.5442184559028345 108.7348417458288313 118.4348059912466223   0.2718726099418505
  93.6888422675478312 107.8296629276805531 115.7249387152035384   0.0336726099418505
  93.8759251548060287 106.4237066840431423 114.2320550694057511   0.0822726099418505
  92.2715476671068923 106.5994512144978119 117.9359182918914063  -0.1825273900581494
  90.4215057819979746 105.9569443289645933 117.2971908586260214   0.0602726099418505
  93.3373532066384783 104.9818456438612305 118.6370066875761949   0.0602726099418505
  92.0183243651614438 107.9543848525193605 119.4684861865015416   0.0602726099418505
  92.2507606796337532 110.0784370270468387 114.5797646780472701   0.5972726104906286
  91.4343989897797683 109.9197000317974609 112.4046898979039028  -0.5679273917044839
  91.9408455936706651 112.1609152266280655 115.9800517432829170  -0.4157273900581494
  92.8932675651669719 112.2931960560025537 117.6373415627318462   0.2718726099418505
  90.5689044204438379 114.3983509691908230 115.0427475808579719  -0.0875273900581495
  88.7547673318794344 113.7407262745862294 114.3284311022357385   0.0968726099418505
  89.8867132860982715 116.2502825804336574 117.1913661951264362   0.2984726099418505
  88.7642159625490456 115.2052640283751967 118.5689765467550274  -0.0297273900581495
  92.1638332774733768 117.3312059290366051 118.5992121648977640  -0.3192273900581494
  91.5364442010115198 118.7050368283973626 119.9957197778655772   0.0790726099418505
  93.1408216887106562 115.8118661173639148 119.5743108500011402   0.0790726099418505
  93.4431778701380635 118.2533922823901753 117.2782935972868125   0.0790726099418505
  88.2369823711850097 118.4291368128448583 116.2351647713622822  -0.3192273900581494
  87.6077035685892359 119.5818697545368208 117.8244244499900571   0.0790726099418505
  89.2971187323148320 119.6158848249474047 114.9255845605548588   0.0790726099418505
  86.5796925517360807 117.6675771808745963 115.2789633475981284   0.0790726099418505
  91.9332866891349842 115.5964373380968974 112.7826351246881586   0.5972726104906286
  90.7049647020861732 116.1406784646662251 110.8796809078294486  -0.5679273917044839
  94.4447327211163291 115.7249387152035384 112.8336577303040343  -0.5163273900581494
  95.3612498960681353 115.2317201942500998 114.4512633009406155   0.2935726099418505
  95.3499115392646073 118.6162197001030560 110.3070938892513143   0.0879726099418505
  95.6995108740400432 115.1618003272950153 108.3304403531696860   0.5365726099418505
  95.1987334485509103 116.2030394270856153 106.3065436637400292  -0.5819273917044839
  95.8450197863519762 112.6409056646440593 108.4929568006869108  -0.4157273900581494
  96.2796567971538583 111.8415515099953663 110.1842616905464373   0.2718726099418505
  95.3971546926126359 111.0025131065343390 106.3159922944096268   0.0336726099418505
  96.6538225716702669 111.5958871125856121 104.7928730304691027   0.0822726099418505
  96.0453307565476319 108.2775280214198934 107.0624341173085271  -0.1825273900581494
  95.7184081353792519 107.0114115116926514 105.4750641648146691   0.0602726099418505
  98.0276534710310242 108.1546958227150030 107.6123444222796056   0.0602726099418505
  94.8661416489807664 107.6765951108329261 108.6460246175345381   0.0602726099418505
  92.6702798813642736 111.2103829812656756 105.3163271695652913   0.5972726104906286
  92.2696579409729620 111.0421973553466868 103.0259790952527280  -0.5679273917044839
  90.7748845690412578 111.6091151955230569 106.9547197276750118  -0.4157273900581494
  91.1849551401021670 111.6790350624781415 108.8312177786588189   0.2718726099418505
  88.1670625042299253 112.0947748119408146 106.0835559799373175  -0.0389273900581495
  87.6927412446156954 110.6453548672232222 104.7040559021747961   0.1006726099418505
  86.1167096489253655 111.9209200076200619 108.1414677397775582   0.3653726099418505
  84.3158006432984202 112.2950857821364706 107.2098327557543770   0.0042726099418505
  85.8615966208460001 109.2998698598712846 109.3168773950765767  -0.2438273900581494
  84.5123321612262289 109.3697897268263692 110.8721220032937677   0.0641726099418505
  85.1623979512951418 107.9883999229299443 107.8976930685017208   0.0641726099418505
  87.6700645310086396 108.6327965345970799 110.0179657907613653   0.0641726099418505
  86.3151308929871043 113.7256084655148543 110.0841062054486027  -0.6761273884118151
  88.0272227703197562 114.3889023385212120 110.1785925121446732   0.4101726099418505
  87.9157289284184071 114.6213386529935346 104.7078353544426431   0.5972726104906286
  86.5834720040039143 114.7177146858235223 102.7973222330482656  -0.5679273917044839
  89.2366474960293586 116.5961024629412461 105.5827785544481846  -0.4157273900581494
  90.3005633094270145 116.3617764223350065 107.1663690546741956   0.2718726099418505
  89.3481413379307077 119.0735334245120073 104.3620154719350544  -0.0252273900581495
  87.4565254778755389 119.8842259359642147 104.2599702607033029   0.0697726099418505
  90.5537866113724628 120.3226423990339438 105.4712847125468355   0.0697726099418505
  90.4309544126675858 118.8940094417894770 101.6956118969721654   0.5972726104906286
  89.1383817370654542 119.6064361942777937  99.8928131652112900  -0.5679273917044839
  92.6608312506946624 117.7204895126243889 101.4291605120892723  -0.4157273900581494
  93.6151429483248995 117.2291607178048537 103.0203099168509639   0.2718726099418505
  93.8494689889311257 117.2593963359476038  98.9649576334559559  -0.0518273900581495
  94.2519806554563542 119.0678642461102433  98.0559993630398441   0.0921726099418505
  96.3609150209124706 115.8383222832388178  99.3353439557045309  -0.1102273900581495
  95.9621828066550893 114.0582002650849982 100.2934351056026016   0.0456726099418505
  97.1300335574184269 115.3923469156334079  97.4720739876581686   0.0456726099418505
  98.3904808887439049 117.2726244188850486 100.8509043151093741   0.3530726099418505
  97.6440390658450046 117.8716676033380858 102.6650414036737776  -0.0361273900581495
 100.6146885483692176 115.4962818529990762 101.3214461224557568  -0.4121273900581494
 102.0848954805599491 116.5091750607808698 102.3400085086393144   0.0999726099418505
  99.9778508412377495 113.9013529959695373 102.4571715289424408   0.0999726099418505
 101.3497920144645767 114.8178701709213433  99.5205371168288117   0.0999726099418505
  99.3901460135882404 119.6007670158760296  99.4846323202843109  -0.4121273900581494
 100.8641323980468189 120.5191739169617661 100.5901221086282315   0.0999726099418505
 100.0987933138087098 119.0754231506459242  97.6364801613093237   0.0999726099418505
  97.8556883928441884 120.9349136664244392  99.2144014831335705   0.0999726099418505
  92.1241490286610290 115.7910791298907892  97.1734972584986083   0.5972726104906286
  91.6422688645111048 116.6301175333518299  95.0645628930424920  -0.5679273917044839
  91.1112558208792353 113.6235632542831161  98.0011973051561212  -0.4157273900581494
  91.5534517362168117 113.0169611652943848  99.7643117881046490   0.2718726099418505
  89.5276653206532246 112.0513111108606332  96.3514663902428730  -0.0597273900581495
  90.6085886692561857 111.6506891704693216  94.6450436913119850   0.0868726099418505
  88.8700406260486308 109.5134089130043853  97.6478185181128516   0.1302726099418505
  88.2105262053101201 109.9367075670027528  99.5564419133733122   0.0186726099418505
  86.7195322856462497 108.0791067773581544  96.3061129630287613  -0.3204273900581494
  86.4625295314329542 106.2271751661153336  97.1697178062307747   0.0881726099418505
  84.9507486242959580 109.1203458771487680  96.4761883150816669   0.0881726099418505
  87.1485001180463677 107.8504499151536922  94.3030032610722299   0.0881726099418505
  91.2208599366466677 107.7861992266003583  97.8915931893886889  -0.0430273900581495
  92.7458689267211220 108.8538944922658747  98.7646466632603135   0.0235726099418505
  90.7578770338359658 106.2328443445170976  99.1633788775176949   0.0235726099418505
  92.2583195841694341 106.6485840939797707  95.4273903107553727  -0.0660273900581495
  92.7742148187299419 108.1395780136436413  94.1008025647426573   0.0185726099418505
  93.9458450217611131 105.5449840317697538  95.8544684170215738   0.0185726099418505
  90.8674811496033982 105.4013648455917511  94.5618957414194422   0.0185726099418505
  87.1995227236622436 113.5196283169174478  95.4784129163712484   0.5972726104906286
  86.6080384437449006 113.4345906408909883  93.2315285431388797  -0.5679273917044839
  85.9012808696583479 114.8821208594746640  97.1716075323646916  -0.4157273900581494
  86.5475672074594137 114.9973941536438602  98.9762959902594839   0.2718726099418505
  83.7148677327114528 116.4127990279508822  96.4383937924032495  -0.0275273900581495
  82.3637135469577647 117.4748251152146212  98.7703158416620775  -0.0050273900581495
  81.8686052998703958 115.9158010547295965 100.0250939945857782   0.0338726099418505
  83.6600656748277433 118.7107060067991265  99.7926576801134687   0.0338726099418505
  83.4748725137034625 123.2479384543440453  97.3246753492123187   0.1699726099418505
  84.4254047590658524 118.5217333934069987  94.5864621811604151   0.5972726104906286
  86.5948103608074424 119.7632834633932546  94.9360615159358508  -0.4157273900581494
  87.6870720662139315 119.3078594651182334  96.4516218753406941   0.2718726099418505
  87.5566809629733602 121.7040322029303956  93.2164107340675182  -0.0518273900581495
  86.1091507443896846 123.1534521476479880  92.9877538718630424   0.0921726099418505
  89.8829338338304244 122.9172363809078315  94.4844169699286769  -0.1102273900581495
  89.3008981845826790 123.4879336733520354  96.3760328299838457   0.0456726099418505
  91.3550304921550861 121.4942726020651287  94.7168532844009864   0.0456726099418505
  91.0621229413972900 125.2491584301666463  93.2031826511300600   0.3530726099418505
  89.6051440921440032 126.6759016612772096  92.8989367435687358  -0.0361273900581495
  93.0425559297467519 126.3376406833053018  94.9984224783552546  -0.4121273900581494
  93.8778148809399456 128.0516222867718706  94.2482012031885204   0.0999726099418505
  92.1921791694821967 126.7703879679732669  96.8220081975892557   0.0999726099418505
  94.5392190278123864 124.9505817010070861  95.2818813984434397   0.0999726099418505
  92.3622545215351024 124.6727919593206785  90.6841777146130341  -0.4121273900581494
  93.6945114459495951 126.1581167005827849  90.2060770027309572   0.0999726099418505
  93.4261703349327717 122.9153466547739012  90.8391352575945783   0.0999726099418505
  90.9770852653708304 124.5083857856695233  89.1780659858778020   0.0999726099418505
  88.0971426372748408 120.5928732361846841  90.5934708601848106   0.5972726104906286
  89.6089235444118369 118.5840943558264023  90.4744181137477806  -0.5163273900581494
  90.4177263297301410 117.9888306236411989  92.1184798502592650   0.2935726099418505
  90.4687489353460167 117.4200230573309119  88.1198193508818966   0.0380726099418505
  91.4343989897797683 118.8524354668432125  87.0011014796005180   0.0879726099418505
  92.3471367124637407 115.2770736214642115  88.6829577387904331  -0.0303273900581495
  91.4117222761727125 113.8371023074162168  89.8262420498127846  -0.0122273900581495
  92.9008264697026661 114.4059098737265038  86.8971665422348497  -0.0122273900581495
  94.7395299980080421 116.1255606555948500  90.0454502813476493   0.7993726088442942
  95.9659622589229365 114.4644913838780738  91.1887345923700142  -0.8014273889605932
  95.4387286675589006 118.3705553026933018  89.7846680748665201  -0.8014273889605932
  87.0823597033591303 114.2585112352806541  89.5163269638496965   0.2718726099418505
  82.8437039849737584  97.7593123600142008  98.4528418511632951   0.0822726099418505
  84.8619314960016514 101.5406543539906214  96.5971307876526271   0.0602726099418505
  82.1936381949048454 100.8055508878952624 101.0190899410283629   0.5972726104906286
  83.8773841802286911 100.0723371479338202 102.4420537198710659  -0.5679273917044839
  82.4638690320555858 104.6473641181571697 104.4300456127562221   0.0868726099418505
  78.9811037672387254 107.7578533345915518 106.5144135384713658  -0.3204273900581494
  80.9105141499723251 108.4438239212049655 106.7166142348009384   0.0881726099418505
  81.6248306285945585 108.9559397034976128 101.2571954339024363  -0.0660273900581495
  82.9835437188839274 107.4403793440927696 100.9472803479393481   0.0185726099418505
  81.5719182968447524 110.1502466201358535  99.5791186269803682   0.0185726099418505
  82.2352121698511236 110.1086726451895888 102.8521242909319751   0.0185726099418505
  81.2582237586138307 102.2247352144701182 108.3058739134287133  -0.5679273917044839
  83.2764512696417235  93.9590731046985579 106.4444936715162814  -0.0275273900581495
  82.8172478190988688  92.5946908360074250 107.9203697821087768   0.1122726099418506
  83.3728273024717112  92.5077634338470488 103.9406065440706171  -0.0050273900581495
  83.3728273024717112  93.8437998105293618 102.3740235790498982   0.0338726099418505
  85.1510595944916139  91.4665243340564352 103.8669072248476855   0.0338726099418505
  84.5425677793689655  82.2182046346458317 103.1771571859664248   0.1446726099418505
  83.4295190864893508  86.1412760886663516 103.3491222641532608  -0.2387273900581495
  85.3343630294819644  86.8461439366189738 103.5229770684740137   0.1699726099418505
  85.8540377163103194  95.0645628930424920 107.1758176853438066   0.5972726104906286
  87.3658186234473154  93.7020703504852760 108.2983150088930191  -0.5679273917044839
  86.3567048679333690  97.4890815228634604 106.6466943678458540  -0.4157273900581494
  85.0924780843400574  98.5038644567791710 105.6243525293944494   0.2718726099418505
  88.7585467841472817  98.6890576179034516 107.3817978339412130  -0.0389273900581495
  90.2627687867485970  97.4550664524528767 106.7506293052115223   0.1006726099418505
  89.2120810562883859 101.2194009112240188 106.0230847436518307   0.3653726099418505
  88.9267324100662704 100.9416111695375842 104.0010777803560906   0.0042726099418505
  87.5888063072500271 103.4322702140458036 106.8923587652556080  -0.2438273900581494
  87.8930522148113513 105.0366477017449400 105.6394703384658243   0.0641726099418505
  85.6140424973023157 102.8974777181460869 106.8092108153630788   0.0641726099418505
  88.0820248282034657 103.9821805190168819 108.8160999695874438   0.0641726099418505
  91.7197476360018837 101.9620632818550721 106.4255964101770590  -0.6761273884118151
  91.9540736766081099 103.6401400887771402 105.7717511678403125   0.4101726099418505
  89.0476748826372307  98.8459048870189261 110.2522918313676048   0.5972726104906286
  90.8882681370765236  97.8878137371208419 111.2973103834260520  -0.5679273917044839
  87.1201542260375480  99.7850987755777879 111.5996665648534459  -0.4157273900581494
  85.6121527711683988 100.5164227894053133 110.6869288421694869   0.2718726099418505
  87.1919638191265627  99.8795850822738452 114.3813434339855311  -0.0875273900581495
  88.9437399452715624 100.8187789708327072 114.9255845605548588   0.0968726099418505
  85.0112198605814314 101.4518372256963280 115.5057304836686739   0.2984726099418505
  85.3702678260264784 101.6615968265615815 117.5239579946965802  -0.0297273900581495
  84.9356308152245831 104.1069024438556892 114.3416591851731833  -0.3192273900581494
  83.6052636169440204 105.2842018252886244 115.3847880110977136   0.0790726099418505
  86.7989007832709453 104.9780661915933835 114.4531530270745459   0.0790726099418505
  84.3441465353072401 104.0294236723649105 112.3687851013594022   0.0790726099418505
  82.3920594389665845 100.2499714045224068 115.1995948499734328  -0.3192273900581494
  81.9649813327003832  99.9721816628359856 113.2040440525525957   0.0790726099418505
  82.3032423106722779  98.4452829466276144 116.1841421657464065   0.0790726099418505
  87.3034576610279118  97.2245198641144842 115.5265174711418128   0.5972726104906286
  88.6357145854424046  96.8371260066606308 117.3841182607863977  -0.5679273917044839
  86.0656870433094896  95.3499115392646073 114.3605564465124055  -0.4157273900581494
  85.0074404083135978  95.7637615625933637 112.8279885519022704   0.2718726099418505
  86.2225343124249639  92.7250819392479829 115.1939256715716689   0.0336726099418505
  85.6329397586415244  92.6381545370876067 117.1686894815193803   0.0822726099418505
  84.3876102363874215  91.1093660947453186 113.6349016110866442  -0.1825273900581494
  84.3838307841195879  89.1837351642795660 114.3718948033159334   0.0602726099418505
  82.4827662933948079  91.8860435357869556 113.7690721665950491   0.0602726099418505
  84.9696458856351667  91.0640126675312069 111.6620275272728495   0.0602726099418505
  88.9475193975394095  91.7121887314661895 115.0767626512685558   0.5972726104906286
  89.8715954770268964  90.7181927850236180 116.9683785113237246  -0.5679273917044839
  90.2873352264895697  92.0391113526345694 112.9470412983393004  -0.4157273900581494
  89.5030988809122517  92.9556285275863755 111.4560473786754298   0.2718726099418505
  92.9178340049079580  91.1830654139682501 112.7826351246881586  -0.0014273900581495
  92.9442901707828476  89.2612139357703313 113.5215180430513647   0.0875726099418505
  93.8362409059936809  91.0111003357814143 110.0198555168952822  -0.0152273900581495
  95.0570039885068111  89.3745975038056107 109.9253692101992249   0.0294726099418505
  92.2280839660266973  90.6161475737918666 108.7972027082482350   0.0294726099418505
  95.3688088006038160  93.1823956636569344 108.9219246330870424  -0.0011273900581495
  94.2878854520008682  94.6677204049190274 106.9906245242195124  -0.1906273900581494
  92.4416230191597980  94.2009580498404784 106.3273306512131547   0.1698726099418505
  95.5672300446655550  96.7596472351698655 105.9588340550985102  -0.2341273900581494
  94.7168532844009864  97.9293877120671198 104.5585469898628631   0.1655726099418506
  98.1901699185482492  97.3908157638995561 106.9358224663358031   0.3225726099418506
  99.5073090338913534  99.4033740965256852 106.0419820049910528  -0.5579273917044839
 100.7658666390829146  99.9419460446932489 107.2381786477631970   0.3991726099418505
  99.3334542295706005  95.6163629241475006 108.8746814797390003  -0.2341273900581494
 101.1929447453491158  95.9338369146462694 109.5701006970220250   0.1655726099418506
  97.8764753803173138  93.5830176040482326 109.7628527626820000  -0.1906273900581494
  98.6814987133677709  92.3452469863298103 111.1385733881766608   0.1698726099418505
  94.6979560230617776  92.6929565949713294 114.4909475497529633   0.5972726104906286
  96.4742985889477500  91.5855770804934786 115.4943921268651458  -0.5679273917044839
  94.2122964066440064  95.1344827599975898 114.9236948344209285  -0.4157273900581494
  92.8214579720779705  95.9943081509317562 113.9202502573087460   0.2718726099418505
  95.7184081353792519  96.6519328455363500 116.6886990435033865  -0.0237273900581495
  97.7064000282644082  96.4157170787961935 116.2049291532195456   0.0879726099418505
  95.0494450839711303  99.4676247850790191 116.4619319074328277   0.0341726099418505
  93.0104305854700984  99.7038405518191755 116.6433456162892747   0.0240726099418505
  95.9300574623784357 100.4880768973964934 118.0209559679178658   0.0240726099418505
  95.9206088317088246 100.6732700585207742 113.9674934106567747   0.0017726099418505
  94.8453546615076273  99.8606878209346364 112.4160282547074307   0.0439726099418505
  95.4595156550320397 102.6763797604773055 114.0468619082814703   0.0439726099418505
  99.2408576490084601 100.4011494952361171 113.1473522685349561  -0.2737273900581494
 100.7431899254758586 101.2061728282865606 116.1047736681217109  -0.0536273900581495
 102.7481893535663068 101.4858522961069119 115.7457257026766774   0.0683726099418505
  99.9098207004165818 102.9258236101549068 116.8663333000919864   0.0683726099418505
 100.5050844326017854  99.6717152075425086 117.4578175800093294   0.0683726099418505
  95.4576259288981228  95.7429745751202246 119.4288019376891937   0.5972726104906286
  97.3756979548281946  95.4103827755500807 120.7024773519521166  -0.5679273917044839
  93.1521600455141841  95.1949539962830633 120.3245321251678741  -0.4157273900581494
  91.6233716031718961  95.5162074390496793 119.2095937061543291   0.2718726099418505
  92.7779942709977755  94.1367073612871579 122.8662137752919558  -0.0518273900581495
  93.8097847401187913  95.3026683859165788 124.2154782349117270   0.0921726099418505
  89.9641920575890368  94.1537148964924499 123.6013172413873149  -0.1102273900581495
  88.9097248748609786  93.0179894900057792 122.2407144249640156   0.0456726099418505
  89.8035653362057288  93.2334182692728101 125.4419104958266212   0.0456726099418505
  88.7207522614688508  96.7823239487769213 123.7884001286455258   0.3530726099418505
  88.5015440299339861  97.5892370079612951 121.9175712560634961  -0.0361273900581495
  86.0940329353183095  96.4969753025548060 124.9600303316767107  -0.4121273900581494
  85.1548390467594475  98.3281199263245013 125.0072734850247257   0.0999726099418505
  84.9696458856351667  95.2006231746848272 123.8205254729221793   0.0999726099418505
  86.2527699305677007  95.7637615625933637 126.8781023576067822   0.0999726099418505
  90.2211948118023323  98.6682706304303261 125.3833289856750512  -0.4121273900581494
  89.1516098200028990 100.4143775781735619 125.5987577649420821   0.0999726099418505
  90.6048092169883387  97.8745856541833971 127.2465989537214135   0.0999726099418505
  91.9994271038222216  99.1274740809731943 124.4516940016518835   0.0999726099418505
  93.8986018684130847  91.4740832385921161 123.1156576249695705   0.5972726104906286
  95.1552697474707155  90.9298421120228018 124.9940454020872945  -0.5679273917044839
  93.6094737699231356  89.8526982156876876 121.1975855990394987  -0.4157273900581494
  92.5020942554452846  90.3572550934446541 119.7141505839113090   0.2718726099418505
  94.8982669932574333  87.3941645154561353 121.1371143627539985  -0.0024273900581495
  94.4088279245718285  86.3359178804602299 122.8359781571492056   0.0977726099418505
  94.0743463988677543  85.8748247037834449 118.7976334089595030  -0.0343273900581495
  94.6450436913119850  86.9425199694489614 117.1308949588409494   0.0294726099418505
  95.1288135815958259  84.1041513162992364 118.7881847782898918   0.0294726099418505
  91.2907798036017522  85.2153102830449344 118.4914977752642621   0.0117726099418505
  89.5900262830726281  85.2323178182502262 120.5494095351045027  -0.1256273900581494
  90.2193050856684020  85.7349849698732760 122.3975616940794765   0.1329726099418505
  87.0275576454754076  84.6238260031275780 120.1733540344541772  -0.1704273900581494
  85.7501027789446509  84.6691794303416898 121.7323780949392155   0.1429726099418505
  86.1488349932020324  83.9850985698621930 117.7450559523653615  -0.1072273900581494
  84.2024170752631407  83.5372334761228663 117.4653764845450102   0.1296726099418505
  87.8363604307937115  83.9473040471837755 115.6909236447929545  -0.1704273900581494
  87.1768460100551876  83.4710930614356155 113.8446612119518977   0.1429726099418505
  90.3969393422570019  84.5576855884403406 116.0688688715772104  -0.1256273900581494
  91.6611661258503272  84.5463472316368127 114.5003961804225745   0.1329726099418505
  97.7876582520230207  87.6851823400800147 121.1654602547628184   0.5972726104906286
  99.0840103798929993  86.2206445862910338 122.4183486815526290  -0.5679273917044839
  98.8043309120726479  89.6145927228136008 119.8993437450355898  -0.4157273900581494
  97.6534876965146156  90.7144133327557709 118.8335382055040036   0.2718726099418505
 101.4801831177051480  90.2797763219538888 119.9768225165263551  -0.0252273900581495
 102.6045701673882907  88.6772885603886691 119.3343156309931364   0.0697726099418505
 101.8014365604717640  91.8614770960459695 118.6974779238616683   0.0697726099418505
 102.3834722097195092  91.0564537629955260 122.6092110210786737   0.5972726104906286
 104.3355593060601648  90.1285982312401919 123.4425802461379237  -0.5679273917044839
 100.9321625388679866  92.5946908360074250 123.9962700033768626  -0.4157273900581494
  99.3618001215794205  93.3411326589063122 123.1855774919246415   0.2718726099418505
 101.5198673665174958  93.2542052567459357 126.6324379601970014  -0.0518273900581495
 103.4379393924475675  94.0100957103144338 126.6910194703485713   0.0921726099418505
  99.6471487678015357  95.3253450995236346 127.4790352681937364  -0.1102273900581495
  99.4336097146684352  96.6424842148667388 125.9067831247712399   0.0456726099418505
  97.7971068826926316  94.4806375176608299 127.8154065200317141   0.0456726099418505
 100.4238262088431729  96.8994869690800344 129.8090675913186209   0.3530726099418505
 102.2889859030234387  97.7139589328000890 129.4821449701502677  -0.0361273900581495
  98.5265411703862267  99.0594439401520266 130.1322107602191670  -0.4121273900581494
  99.1274740809731943 100.3066631885400464 131.6591094764275518   0.0999726099418505
  98.4244959591544888 100.1535953716924325 128.3955524431455424   0.0999726099418505
  96.6557122978041970  98.3092226649852924 130.5592888664853682   0.0999726099418505
 100.4578412792537433  95.4519567504963588 132.3129547187642849  -0.4121273900581494
 100.7413001993419419  96.7709855919733934 133.8681993269814894   0.0999726099418505
  98.6814987133677709  94.4447327211163291 132.5661780207097332   0.0999726099418505
 102.0338728749440734  94.1329279090193243 132.3450800630409653   0.0999726099418505
 101.4537269518302450  90.9128345768175099 128.3445298375296667   0.5972726104906286
 103.2187311609127029  90.4404030433371970 129.7750525209080638  -0.5679273917044839
  99.4732939634807830  89.3632591470020828 128.1744544854767476  -0.4157273900581494
  98.0182048403614132  89.8508084895537573 127.0179420915169513   0.2718726099418505
  99.2408576490084601  87.0653521681538385 129.7126915584886601  -0.0275273900581495
  99.5375446520341035  87.5529015107055265 131.6912348207042053   0.1122726099418506
  96.5555568127063625  86.0260027944971552 129.4424607213379199  -0.0050273900581495
  96.2267444654040657  85.5119972860705643 127.4733660897919724   0.0338726099418505
  96.4005992697248184  84.3195800955662538 130.5838553062263545   0.0338726099418505
  94.5089834096696498  87.8023453603831278 130.2739402202632664  -0.1415273900581494
  94.8245676740345017  89.8319112282145486 131.7895005796680962  -0.1638273900581494
  96.6122485967240022  90.4252852342658218 132.5680677468436635   0.2061726099418505
  92.5455579565254663  91.0186592403170949 132.2014608768629357  -0.3418273900581494
  92.3584750692672686  92.5323298735880215 133.3504143662870646   0.3411726099418505
  90.6274859305953945  89.8375804066163125 130.9051087489929706   0.1379726099418505
  87.6700645310086396  86.6439432402894012 127.9382387187365911  -0.1972273900581494
  86.5173315893166771  85.4061726225709791 126.7968441338481565   0.1446726099418505
  90.2741071435521249  86.1601733500055603 128.1971311990838034  -0.2387273900581495
  91.1225941776827634  84.5576855884403406 127.2617167627927752   0.1699726099418505
  91.8199031210997048  87.7494330286333352 129.6767867619441461   0.1242726099418505
 101.2553057077685194  85.0924780843400574 129.0758538513571919   0.5972726104906286
 102.1283591816401305  83.7394341724524389 130.7501512060114130  -0.5679273917044839
 102.1094619203009218  85.0074404083135978 126.7042475532860295  -0.4157273900581494
 101.2364084464293106  86.0940329353183095 125.3871084379429119   0.2718726099418505
 104.3998099946134853  83.6506170441581322 125.9691440871906437  -0.0249273900581495
 104.2731983436407611  81.7230963875584628 126.6815708396789736   0.0842726099418505
 104.6076798693448219  83.5447923806585472 123.0892014590946541   0.2116726099418505
 102.9333825146905876  82.6471724670459497 122.2992959351155856   0.0351726099418505
 104.7512990555228382  85.4534157759190078 122.3314212793922391   0.0351726099418505
 106.7808649233542589  82.1709614812977897 122.3881130634098789  -0.6546273911557058
 106.5049649078017546  80.3946189154118173 122.7207048629800228   0.4274726099418505
 106.7751957449524950  84.8524828653320536 127.1105386720790783   0.5972726104906286
 108.3247711747679221  83.4843211443730603 128.1461085934679277  -0.5679273917044839
 107.0378676775675545  87.3601494450455515 127.1275462072843701  -0.4157273900581494
 105.7452950019654095  88.4372933413806656 126.2091393061986606   0.2718726099418505
 109.1543609475593518  88.6829577387904331 128.3350812068600690   0.0336726099418505
 110.9080267998382683  87.8949419409452682 127.5980880146307798   0.0822726099418505
 109.0938897112738650  91.4854215953956440 127.5961982884968495  -0.1825273900581494
 110.7833048749994743  92.4227257578205892 128.3142942193869165   0.0602726099418505
 109.0655438192650585  91.6725044826538551 125.5420659809244424   0.0602726099418505
 107.4365998918249358  92.4094976748831444 128.3879935386098481   0.0602726099418505
 109.2979801337373679  88.2955638813365662 131.2150238349560585   0.5972726104906286
 111.3483329890419277  88.5072132083357501 132.2789396483537010  -0.5679273917044839
 107.2570759091024191  87.5207761664288596 132.4981478798885657  -0.4157273900581494
 105.5619915669750456  87.5340042493663044 131.6118663230795097   0.2718726099418505
 107.4781738667712005  86.5418980290576498 135.0889624094946196  -0.0518273900581495
 108.4343752905353543  87.9554131772307415 136.2454748034544159   0.0921726099418505
 104.8854696110312431  85.9806493672830435 136.2549234341240135  -0.1102273900581495
 103.9462757224723811  84.5198910657619097 135.1494336457800930   0.0456726099418505
 103.0656633440650756  88.2199748359797179 136.5742871507567262   0.3530726099418505
 102.3286701518357865  88.7982310329596295 134.7431425269870174  -0.0361273900581495
 104.2845367004442891  90.5159920886940453 137.8385139343500378  -0.4121273900581494
 102.8748010045390311  91.9824195686169298 138.1465392941791957   0.0999726099418505
 105.7604128110367846  91.2907798036017522 136.6309789347743658   0.0999726099418505
 109.0844410806042672  84.1287177560402093 135.2628172138153725   0.5972726104906286
 109.2790828723981592  82.6528416454477136 133.2275821675821876  -0.4157273900581494
 108.3890218633212426  83.2764512696417235 131.6515505718918575   0.2718726099418505
 111.1839268153907726  80.6894161923035303 132.8023937874498897   0.0336726099418505
 110.4639411583667752  79.5461318812811788 131.2565978099023098   0.0822726099418505
 113.5952173622742964  81.9441943452272442 131.8121772932751520  -0.1825273900581494
 114.9558201786975955  80.5061127573131664 131.2395902746970180   0.0602726099418505
 113.1322344594635810  83.1101553698566517 130.1775641874332790   0.0602726099418505
 114.4248071350657260  83.1271629050619435 133.2804944993319668   0.0602726099418505
 102.2625297371485491  72.9415390432263947 128.2897277796459572   0.5972726104906286
 101.1268043306618784  74.1263973291950244 126.6456660431344596  -0.5679273917044839
 104.7267326157818519  73.2703513905287050 128.7546004085905759  -0.4157273900581494
 106.3443381864184467  74.9975610769327187 127.3032907377390533  -0.0014273900581495
 105.7037210270191448  76.9326406380680823 127.6169852759699751   0.0875726099418505
 109.0901102590060312  74.7840220237996182 128.2387051740300815  -0.0152273900581495
 109.2450678019875753  75.7232159123584802 130.0641806193979995   0.0294726099418505
 109.5285267220757605  72.8092582138519202 128.5505099861270730   0.0294726099418505
 111.0762124257572707  75.8403789326616067 126.4510242513405812  -0.0011273900581495
 111.1291247575070633  78.4368626406693977 125.9256803861104622  -0.1906273900581494
 109.7647424888159169  79.6557359970486110 126.7968441338481565   0.1698726099418505
 112.9224748585983275  79.4516455745851080 124.2494933053223109  -0.2341273900581494
 112.9564899290089114  81.4566450026755563 123.8526508171988599   0.1655726099418506
 114.6648023540737163  77.8434886346181244 123.0381788534787784   0.3225726099418506
 116.3768942314063816  78.8204770458554175 121.3960068431012109  -0.5579273917044839
 117.3935668914560089  77.5524708099942586 120.6042115929882122   0.3991726099418505
 114.6062208439221597  75.2224384868693473 123.5351768267000775  -0.2341273900581494
 115.9346983160688053  73.9846678691509386 122.6092110210786737   0.1655726099418506
 112.8355474564379512  74.2360014449624566 125.2642762392380347  -0.1906273900581494
 112.8355474564379512  72.2480095520773004 125.6819057148346115   0.1698726099418505
 106.1478066684906380  74.4892247469079051 124.4535837277858138   0.5972726104906286
 105.4353799160023213  76.1843090890352651 123.0249507705413470  -0.5679273917044839
 106.6221279281048677  72.1346259840420210 123.6598987515388848  -0.4157273900581494
 107.1229053535940006  70.8326046777702784 124.9713686884802385   0.2718726099418505
 106.4331553147127533  71.3163745680541193 121.0199513424508854  -0.0275273900581495
 107.5839985302707857  72.5654835425760694 119.8502108655536308   0.1122726099418506
 107.4781738667712005  68.6178456488145767 120.7572794098358393  -0.0050273900581495
 106.6750402598546737  67.4273181844441833 122.2388246988301121   0.0338726099418505
 106.8318875289701348  67.8543962907103845 118.9544806780749639   0.0338726099418505
 110.3070938892513143  68.3759607036726563 120.7969636586481871  -0.1415273900581494
 111.7829699998438098  68.3343867287263917 122.8794418582294140  -0.1638273900581494
 114.5797646780472701  68.0395894518346787 119.6423409908222943   0.1379726099418505
 116.3655558746028537  67.6408572375772838 115.4622667825884923  -0.1134273900581494
 113.9126913527730652  67.7202257352019794 114.4399249441370877  -0.1972273900581494
 113.6651372292293808  67.6106216194345472 112.4141385285735140   0.1446726099418505
 111.7886391782455737  67.9847873939509558 116.0216257182291817  -0.2387273900581495
 109.9197000317974609  68.0641558915756514 115.2090434806430440   0.1699726099418505
 112.0626494676641611  68.1529730198699446 118.6710217579867787   0.1242726099418505
 103.7176188602679055  71.4751115633035105 120.0127273130708693   0.5972726104906286
 103.3529017164211080  72.2763554440861203 117.8641086988024049  -0.5679273917044839
 101.8014365604717640  70.8023690596275416 121.5188390418061148  -0.4157273900581494
 102.1812715133899366  70.1088395684784473 123.2630562634154068   0.2718726099418505
  99.1558199729820006  70.9497676980734049 120.7194848871574084   0.0336726099418505
  98.9385014675810663  69.8461676358633878 118.9922752007533948   0.0822726099418505
  97.4720739876581686  69.7705785905065394 122.7622788379262741  -0.1825273900581494
  97.6723849578538243  70.8023690596275416 124.5329522254105094   0.0602726099418505
  98.3337891047262653  73.6690836047860865 120.1034341674990793   0.5972726104906286
  97.3190061708105547  74.1377356859985523 118.0587504905962833  -0.5679273917044839
  98.8288973518136340  75.4813309672165595 121.7928493312246887  -0.4157273900581494
  99.6698254814085917  75.0032302553344826 123.4539186029414516   0.2718726099418505
  98.2355233457623609  78.1496242683133655 121.3449842374853352  -0.0024273900581495
  96.2834362494217053  78.3102509896966734 120.7175951610234915   0.0977726099418505
  98.5435487055915188  79.6311695573076383 123.8205254729221793  -0.0343273900581495
 100.4861871712625632  79.4138510519066906 124.4724809891250091   0.0294726099418505
  98.2430822502980416  81.6229409024606281 123.4085651757273666   0.0294726099418505
  96.7634266874376991  78.9470886968281415 125.9748132655924076   0.0117726099418505
  94.3048929872061603  78.0135639866710437 125.5231687195852471  -0.1256273900581494
  93.6321504835301914  77.7074283529758026 123.6258836811283010   0.1329726099418505
  92.6683901552303433  77.5052276566462299 127.5546243135505713  -0.1704273900581494
  95.8998218442356857  78.8903969128105019 130.5101559870034229  -0.1704273900581494
  97.5476630330150169  79.3703873508264957 128.4805901191720020  -0.1256273900581494
  99.4241610839988240  80.0771449249130483 128.8566456198223275   0.1329726099418505
  99.8361213811936637  79.2834599486661193 119.2095937061543291   0.5972726104906286
  98.8326768040814678  80.6648497525625574 117.6241134797944014  -0.5679273917044839
 102.2549708326128548  78.5634742916421219 119.0300697234318122  -0.4157273900581494
 102.9749564896368521  77.4353077896911321 120.4039006227925697   0.2718726099418505
 103.9424962702045341  79.3212544713445502 116.9702682374576547  -0.0518273900581495
 104.1106818961235362  81.3772765050508741 116.9948346771986276   0.0921726099418505
 106.5616566918193944  78.1477345421794486 117.4975018288216772  -0.1102273900581495
 107.0567649389067632  78.6107174449901504 119.4269122115552768   0.0456726099418505
 106.4369347669805871  76.0973816868748888 117.4105744266613007   0.0456726099418505
 108.7612979117037343  79.0491339080598931 115.8269839264352899   0.3530726099418505
 108.3928013155890898  80.9558675771864368 115.1429030659557932  -0.0361273900581495
 111.2066035289978285  79.0548030864616570 117.3727799039828698  -0.4121273900581494
 112.8185399212326592  79.5121168108705949 116.1803627134785595   0.0999726099418505
 111.0781021518911874  80.4664285085008320 118.8694430020485043   0.0999726099418505
 111.5146288888269998  77.2028714752188226 118.2193772119795914   0.0999726099418505
 109.1619198520950325  77.2709016160399904 113.5933276361403661  -0.4121273900581494
 110.6907082944373340  77.9606516549212511 112.4046898979039028   0.0999726099418505
 109.6400205639771096  75.3811754821187385 114.2622906875485011   0.0999726099418505
 107.4498279747623806  77.1764153093439331 112.4783892171268344   0.0999726099418505
 102.8540140170658920  78.5351283996333020 114.3945715169229759   0.5972726104906286
 102.5081941345583031  80.1243880782610769 112.7353919713401166  -0.5679273917044839
 102.1623742520507144  76.1276173050176254 114.0808769786920542  -0.4157273900581494
 102.4647304334781217  74.9049644963705783 115.5302969234096600   0.2718726099418505
 101.0398769285015019  75.1411802631107348 111.7432857510314620  -0.0518273900581495
 102.2474119280771740  75.6532960454033955 110.1521363462697702   0.0921726099418505
 100.8773604809842637  72.2385609214076894 111.9058021985487002  -0.1102273900581495
 100.5750042995568698  71.6754225334991662 113.8654481994250367   0.0456726099418505
  99.2219603876692514  71.6149512972136795 110.8456658374188647   0.0456726099418505
 103.1677085552968272  70.8174868686989167 110.8003124102047664   0.3530726099418505
 103.1110167712791876  70.9951211252875167 108.7480698287662761  -0.0361273900581495
 105.7509641803671734  71.7491218527220979 111.6941528715495164  -0.4121273900581494
 107.2343991954953631  70.5094615088697455 110.9855055713290470   0.0999726099418505
 106.0892251583390815  73.6275096298398218 110.9420418702488521   0.0999726099418505
 105.8303326779918690  71.7906958276683626 113.7501749052558404   0.0999726099418505
 102.9617284066994074  68.0150230120936924 111.4692754616128880  -0.4121273900581494
 104.4867373967738618  66.9662250077673982 110.5678760957324435   0.0999726099418505
 103.0864503315382147  67.7769175192196192 113.5139591385156839   0.0999726099418505
 101.1608194010724488  67.2723606414626391 110.8040918624726000   0.0999726099418505
  98.4377240420919336  76.2976926570705445 111.1801473631229389   0.5972726104906286
  97.9104904507278977  76.8816180324522066 108.9918445000421268  -0.5679273917044839
  96.8371260066606308  76.7002043235957731 113.0944399367851635  -0.4157273900581494
  97.3284548014801525  76.1219481266158615 114.8556646935997744   0.2718726099418505
  94.3918203893665365  77.9436441197159591 112.7448406020097276   0.0336726099418505
  93.3165662191653393  76.8929563892557345 111.3332151799705526   0.0822726099418505
  92.9291723617114859  77.8661653482251804 115.2449482771875445  -0.1825273900581494
  91.0640126675312069  78.6995345732844572 114.9841660707064154   0.0602726099418505
  92.7118538563105381  75.9140782518845247 115.8685579013815545   0.0602726099418505
  93.9401758433593492  78.9300811616228497 116.6924784957712203   0.0602726099418505
  94.6922868446600137  80.6667394786964743 111.7584035601028371   0.5972726104906286
  93.3430223850402423  81.4245196583989027 110.0141863384935180  -0.5679273917044839
  96.5177622900279449  82.0934827098070244 112.7769659462863945  -0.4157273900581494
  97.5155376887383634  81.3867251357204717 114.2566215091467372   0.2718726099418505
  97.1073568438113711  84.6521718951363979 111.8812357588077141  -0.0249273900581495
  95.3574704438002881  85.7330952437393591 111.9152508292182980   0.0842726099418505
  98.9951932515987061  85.9749801888812795 113.6556885985597698   0.2116726099418505
  98.9403911937149832  87.9969871521770196 113.2682947411059164   0.0351726099418505
  98.4301651375562527  85.6801829119895665 115.6134448733021892   0.0351726099418505
 101.5198673665174958  85.1529493206255306 113.3476632387306118  -0.6546273911557058
 101.6275817561510113  83.3331430536593634 113.5763201009350742   0.4274726099418505
  98.0371021017006219  84.6408335383328698 109.1279047816844488   0.5972726104906286
  96.9561787530976742  85.9674212843455853 107.5537629121280488  -0.5679273917044839
  99.8474597379971916  83.0043307063570665 108.4476033734727991  -0.4157273900581494
 100.7280721164044837  81.9989964031109671 109.8195445466996263   0.2718726099418505
 100.7375207470740947  82.7359895953402430 105.8284429518579521  -0.0275273900581495
 101.4707344870355370  84.5520164100385767 105.1878257924586370   0.1122726099418506
 102.9239338840209899  80.8424840091511573 105.6923826702156169  -0.0050273900581495
 102.5119735868261504  79.2286578907824098 106.9112560265948302   0.0338726099418505
 103.0354277259223390  80.1224983521271600 103.7629722874820172   0.0338726099418505
 105.4939614261538913  81.8686052998703958 106.3065436637400292  -0.1415273900581494
 106.8961382175234553  81.2431059495424556 108.3436684361071308  -0.1638273900581494
 106.2744183194633621  79.9732099875473800 109.8119856421639454   0.2061726099418505
 109.2526267065232562  82.3561546424220839 108.1849314408577530  -0.3418273900581494
 110.6680315808302782  82.0122244860484119 109.4264815108440089   0.3411726099418505
 109.4775041164598846  83.8036848610057594 106.0306436481875249   0.1379726099418505
 111.4749446400146520  85.2115308307770872 104.9988531790665225  -0.2601273900581494
 113.2569563843023883  85.2568842579911991 105.9361573414914542   0.1571726099418505
 111.1045583177660770  86.5324493983880386 102.7179537354235700  -0.1134273900581494
 112.6144494987691697  87.6077035685892359 101.9148201285070300   0.1416726099418505
 108.7424006503645121  86.4511911746294263 101.4915214745086759  -0.1972273900581494
 108.4721698132137854  87.4754227392147477  99.7756501449081769   0.1446726099418505
 106.7430704006758280  85.0055506821796675 102.4949660516208583  -0.2387273900581495
 104.9705072870577026  84.9148438277514574 101.5387646278567045   0.1699726099418505
 107.0699930218442080  83.5939252601404925 104.8268881008796865   0.1242726099418505
  98.6266966554840614  81.9782094156378280 103.9878496974186458   0.5972726104906286
  98.5227617181183931  82.9665361836786490 101.8826947842303765  -0.5679273917044839
  96.9146047781513961  80.2812353473765378 104.7418504248532270  -0.4157273900581494
  97.1243643790166630  79.4610942052547192 106.4652806589894068   0.2718726099418505
  94.7886628774899877  79.5140065370045118 103.1582599246272160   0.0336726099418505
  95.5237663435853602  78.8696099253373628 101.3441228360628127   0.0822726099418505
  93.4205011565310076  77.2954680557809630 104.4243764343544580  -0.1825273900581494
  91.8576976437781359  76.6737481577208700 103.2338489699840646   0.0602726099418505
  94.7319710934723615  75.7288850907602441 104.6889380931034344   0.0602726099418505
  92.6853976904356351  77.8680550743591107 106.2630799626598342   0.0602726099418505
  92.9915333241308896  81.7325450182280606 102.6272468809953465   0.5972726104906286
  92.3830415090082414  82.2408813482528875 100.4389440179145346  -0.5679273917044839
  92.2016278001517943  83.1177142743923459 104.5831134296038492  -0.4157273900581494
  92.8006709846048315  82.6604005499833945 106.3500073648202106   0.2718726099418505
  90.5518968852385461  85.3097965897409917 104.2731983436407611   0.0336726099418505
  88.8908276135217698  84.7126431314218848 103.2130619825109390   0.0822726099418505
  89.6958509465722267  86.1639528022733939 106.9018073959252192  -0.1825273900581494
  88.7528776057455177  87.9932076999091726 106.7884238278899398   0.0602726099418505
  88.3862707357647899  84.7768938199752053 107.6841540153686203   0.0602726099418505
  91.3229051478784191  86.2867850009782846 108.1603650011167669   0.0602726099418505
  91.8180133949657881  87.4225104074649553 102.7160640092896399   0.5972726104906286
  90.6426037396667696  88.4391830675145825 100.9794056922160151  -0.5679273917044839
  94.2463114770545903  87.9346261897576160 103.1752674598325081  -0.4157273900581494
  95.0929087850513119  87.0615727158859914 104.6624819272285314   0.2718726099418505
  95.8147841682092396  89.6410488886885038 101.6578173742937479  -0.0024273900581495
  95.0740115237121030  91.5591209146185756 101.7957673820700000   0.0977726099418505
  98.4755185647703511  89.5994749137422393 102.8181092205213913  -0.0343273900581495
  98.3829219842082107  90.4120571513283770 104.7116148067104904   0.0294726099418505
  99.0896795582947632  87.6492775435355006 103.0297585475205751   0.0294726099418505
 100.4691796360572712  90.9751955392369135 101.3101077656522289   0.0117726099418505
 101.0531050114389467  93.4998696541557032 101.8921434148999741  -0.1256273900581494
 100.0969035876747929  94.4352840904467181 103.3963654175013028   0.1329726099418505
 102.9390516930923516  94.7735450684186260 100.5315405984766750  -0.1704273900581494
 103.4171524049744285  96.6557122978041970 101.0531050114389467   0.1429726099418505
 104.1900503937482184  93.5546717120394127  98.5227617181183931  -0.1072273900581494
 105.6035655419213237  94.5335498494106225  97.4682945353903349   0.1296726099418505
 103.5910072092951812  91.0356667755223870  97.9199390813975089  -0.1704273900581494
 104.5226421933183623  90.1040317914992058  96.3968198174569848   0.1429726099418505
 101.7636420377933331  89.7317557431167275  99.3410131341062948  -0.1256273900581494
 101.3441228360628127  87.8080145387848918  98.9082658494383296   0.1329726099418505
  95.8431300602180593  88.9191735055305896  98.8345665302153980   0.5972726104906286
  95.3801471574073441  90.5084331841583645  97.1886150675699834  -0.5679273917044839
  96.2550903574128854  86.4946548757096211  98.2374130718962777  -0.4157273900581494
  96.6632712023398779  85.2644431625268798  99.6547076723372166   0.2718726099418505
  96.2664287142164135  85.5573507132846761  95.6295910070849454  -0.0518273900581495
  97.6629363271842133  86.6458329664233181  94.5751238243568870   0.0921726099418505
  97.0620034165972592  82.7586663089472988  95.6295910070849454  -0.1102273900581495
  98.9441706459828304  82.5961498614300740  96.4554013276085413   0.0456726099418505
  95.7580923841915997  81.7079785784870877  96.8295671021249499   0.0456726099418505
  97.0676725949990233  81.5246751434967238  92.9896435979969593   0.3530726099418505
  95.2214101621579663  81.7382141966298245  92.1071414934557371  -0.0361273900581495
  99.0764514753573184  82.6792978113226166  91.2586544593250986  -0.4121273900581494
  99.0915692844286801  81.6947504955496429  89.4520762752963760   0.0999726099418505
  98.6550425474928813  84.6653999780738427  90.9128345768175099   0.0999726099418505
 100.9359419911358202  82.5224505422071423  92.1335976593306401   0.0999726099418505
  97.5854575556934480  78.6938653948826932  93.2239696386031989  -0.4121273900581494
  97.5457733068811002  77.8170324687432348  91.3625893966907669   0.0999726099418505
  99.4317199885345049  78.3858400350535220  94.0856847556712822   0.0999726099418505
  96.1379273371097723  77.8227016471449989  94.4031587461700646   0.0999726099418505
  93.7001806243513591  85.9409651184706957  94.3237902485453690   0.5972726104906286
  93.6208121267266635  86.7063042027088049  92.1260387547949459  -0.5679273917044839
  91.6063640679666043  85.4760924895260635  95.6579368990937651  -0.4157273900581494
  91.8047853120283433  84.8411445085285258  97.4607356308546407   0.2718726099418505
  89.0533440610389947  85.9163986787297230  94.6526025958476659  -0.0597273900581495
  88.8813789828521587  84.9053951970818462  92.8705908515599293   0.0868726099418505
  87.0256679193414907  84.8940568402783184  96.4950855764208891   0.1302726099418505
  87.3903850631882881  85.6877418165252474  98.3602452706011549   0.0186726099418505
  87.1258234044393119  81.9819888679056753  96.7558677829020183  -0.0430273900581495
  88.9550783020750903  81.4339682890685137  97.5041993319348355   0.0235726099418505
  85.7141979824001369  81.4018429447918468  98.1391473129323733   0.0235726099418505
  88.6565015729155301  88.7150830830670868  94.0025368057787530   0.5972726104906286
  87.7116385059549041  89.2801111971095400  91.9465147720724290  -0.5679273917044839
  89.4671940843677511  90.4668592092120865  95.6390396377545563  -0.4157273900581494
  90.2495407038111522  89.8829338338304244  97.2944397310695686   0.2718726099418505
  89.3405824333950268  93.2031826511300600  95.1136957725244508  -0.0875273900581495
  87.3828261586526074  93.6907319936817479  94.7074046537313752   0.0968726099418505
  90.1758413845882206  94.7754347945525429  97.4305000127119039   0.2984726099418505
  92.0674572446433893  94.2066272282422425  98.0049767574239684  -0.0297273900581495
  90.2004078243291932  97.6194726261040319  96.8616924464016035  -0.3192273900581494
  90.6520523703363671  98.6720500826981732  98.5756740498681857   0.0790726099418505
  91.6460483167789521  98.0597788153076777  95.4614053811659564   0.0790726099418505
  88.3617042960238171  98.2260747150927498  96.1587143245828979   0.0790726099418505
  88.3673734744255812  94.3918203893665365  99.6641563030068277  -0.3192273900581494
  89.0533440610389947  95.4349492152910668 101.3044385872504649   0.0790726099418505
  86.4852062450400100  95.0683423453103390  99.1747172343212227   0.0790726099418505
  88.2483207279885378  92.4057182226152972 100.1706029068977246   0.0790726099418505
  90.8731503280051621  93.8815943332077927  92.7477586528550389   0.5972726104906286
  89.8961619167678692  95.1684978304081603  91.0715715720668875  -0.5679273917044839
  93.1842853897908511  92.8913778390330550  92.4926456247756737  -0.4157273900581494
  93.8948224161452374  91.8690360005816637  93.9552936524307243   0.2718726099418505
  94.7792142468203899  93.2882203271565196  90.2589893344807498   0.0212726099418505
  95.1118060463905340  95.3121170165861764  90.0378913768119684   0.1123726099418505
  97.3341239798819164  92.0013168299561519  90.7597667599698827  -0.1231273900581494
  98.1863904662804020  92.8403552334171793  92.4435127452937147   0.1111726099418505
  97.0582239643294121  89.9868687711960927  91.0980277379417905   0.1111726099418505
  99.4354994408023521  92.4340641146241171  88.0820248282034657  -0.3119273900581495
 101.5897872334725802  91.9068305232600812  89.3027879107165960   0.1932726099418505
  93.5168771893609952  92.3622545215351024  87.7966761819813639   0.5972726104906286
  93.4129422519953269  93.7398648731636935  85.9145089525957927  -0.5679273917044839
  92.4057182226152972  90.0889139824278441  87.8042350865170445  -0.4157273900581494
  92.5474476826593830  89.0193289906284108  89.3953844912787364   0.2718726099418505
  94.9001567193913503  84.6238260031275780  85.9182884048636399  -0.4121273900581494
  95.6919519695043489  86.4322939132902174  85.3305835772141306   0.0999726099418505
  94.9058258977931142  84.5312294225654376  87.9724207124360335   0.0999726099418505
  91.4230606329762404  99.9797405673716664  86.7176425595123328  -0.1102273900581495
  90.8448044359963422  99.6358104109980078  88.6678399297190582   0.0456726099418505
  93.1011374398983219  98.8383459824832318  86.3567048679333690   0.0456726099418505
  92.1298182070627929 102.7916530546465017  86.5078829586470659   0.3530726099418505
  92.7590970096585668 103.2036133518413278  84.5898109327169942  -0.0361273900581495
  89.9150591781070914 104.5320908239879735  87.1900740929926458  -0.4121273900581494
  90.5783530511134491 106.4822881941946988  87.2807809474208559   0.0999726099418505
  89.1440509154672182 104.0161955894274657  89.0306673474319387   0.0999726099418505
  94.2803265474651740 103.3566811686889550  88.3522556653542061  -0.4121273900581494
  94.8944875409895863 105.3125477172974443  88.1368268860871886   0.0999726099418505
  93.6548271971372473 103.0732222486007565  90.2948941310252505   0.0999726099418505
  95.8847040351643240 102.1208002771044497  87.9818693431056445   0.0999726099418505
 102.7746455194412098 114.2074886296647782  81.9101792748166605   0.0881726099418505
 105.4221518330648765 116.1917010702820874  82.4733176627251970   0.0881726099418505
 106.8791306823181632 110.2806377233764113  82.4752073888591139  -0.5679273917044839
 102.5100838606922334 107.6142341484135357  82.5659142432873374   0.0921726099418505
  98.7476391280550217 104.0294236723649105  83.1555087970707634  -0.4121273900581494
  97.8481294883085075 102.3532365915767591  83.9359656903802476   0.0999726099418505
 100.2291844170492811 104.6095695954787388  84.4650890078782002   0.0999726099418505
  97.3568006934889724 105.5393148533679896  82.9967718018213856   0.0999726099418505
 105.3484525138419451 103.9462757224723811  83.4068423728822950  -0.5679273917044839
 111.6431302659336407 102.1812715133899366  83.6921910191043969  -0.5679273917044839
 112.9016878711251884 107.3307752283253372  84.2647780376825445  -0.0024273900581495
 114.7347222210288141 106.3991402443021694  84.4121766761283942   0.0977726099418505
 113.3552221432662927 110.1332390849305614  83.6411684134885346  -0.0343273900581495
 111.5448645069697364 111.0573151644180485  83.3218046968558353   0.0294726099418505
 114.7668475653054676 111.6412405397997240  85.6310500325076077   0.0117726099418505
 117.3916771653220920 112.0361933017892581  85.4099520748388262  -0.1256273900581494
 118.6729114841206956 113.5498639350601846  87.1844049145908819  -0.1704273900581494
 120.6779109122111437 113.8919043652999263  86.9878733966630598   0.1429726099418505
 117.3368751074383691 114.6459050927345075  89.2026324256187747  -0.1072273900581494
 118.3081943402738980 115.8024174866943171  90.5821325033812827   0.1296726099418505
 114.7290530426270502 114.2169372603343894  89.4520762752963760  -0.1704273900581494
 113.7086009303095622 115.0389681285901249  91.0205489664510118   0.1429726099418505
 113.4421495454266691 112.7410611497418805  87.6606159003390285  -0.1256273900581494
 111.4258117605326930 112.4727200387250705  87.8514782398650732   0.1329726099418505
 111.5505336853715003 106.9414916447375670  86.8026802355387790   0.5972726104906286
 112.6635823782511152 105.8530093915989250  88.5223310174071252  -0.5679273917044839
 109.1222356032826847 107.6312416836188277  86.9840939443952259  -0.4157273900581494
 108.3096533656965470 108.4853978961512302  85.4685335849903827   0.2718726099418505
 107.5953368870743136 107.3402238589949483  89.2971187323148320  -0.0597273900581495
 108.4135883030622152 108.5080746097582860  90.7881126519787026   0.0868726099418505
 104.8609031712902704 108.2624102123485183  88.8171282942988382   0.1302726099418505
 104.1730428585429266 107.3288855021914204  87.1125953215018671   0.0186726099418505
 103.0618838917972286 107.5480937337262849  90.9922030744422055  -0.3204273900581494
 101.1891652930812686 108.3436684361071308  90.6879571668808813   0.0881726099418505
 102.8540140170658920 105.5052997829574194  91.1358222606202082   0.0881726099418505
 103.7932079056247540 108.2586307600806713  92.7761045448638588   0.0881726099418505
 104.8079908395404778 111.1499117449801887  88.3617042960238171  -0.0430273900581495
 104.9875148222629947 112.1457974175566905  90.1512749448472479   0.0235726099418505
 106.4029196965700032 111.7130501328887254  87.1900740929926458   0.0235726099418505
 102.4023694710587181 112.0343035756553414  87.0124398364040459  -0.0660273900581495
 100.7469693777437058 111.7319473942279341  88.1972981223726619   0.0185726099418505
 102.5611064663081091 114.0449721821475534  86.5985898130752894   0.0185726099418505
 102.1661537043185616 111.0100720110700198  85.2436561750537543   0.0185726099418505
 107.6614773017615644 104.5963415125412940  90.2457612515433050   0.5972726104906286
 108.3682348758481035 104.1239099790609810  92.4076079487492141  -0.5679273917044839
 107.0851108309155831 102.7576379842359178  88.6054789672996544  -0.4157273900581494
 106.5786642270246863 103.2584154097250507  86.8234672230119180   0.2718726099418505
 107.0983389138530279 100.0609987911302921  89.2933392800469982  -0.0597273900581495
 105.8341121302597162  99.8021063107830799  90.8996064938800517   0.0868726099418505
 106.0967840628747623  98.4301651375562527  87.0785802510912833   0.1302726099418505
 107.1134567229244030  98.9725165379916501  85.3664883737586313   0.0186726099418505
 106.5484286088819497  95.5842375798708470  87.5340042493663044  -0.3204273900581494
 105.8000970598491324  94.4655197085894548  85.9806493672830435   0.0881726099418505
 108.5647663937759256  95.1817259133456185  87.6492775435355006   0.0881726099418505
 105.6470292430015051  95.0040916567570185  89.2952290061809151   0.0881726099418505
 103.2414078745197589  98.9271631107775384  86.6760685845660547  -0.0430273900581495
 102.1793817872560064  98.1656034788072763  88.2709974415955936   0.0235726099418505
 102.8974777181460869 100.9548392524750424  86.6174870744144982   0.0235726099418505
 102.1907201440595343  97.8046657872283125  84.2156451582005855  -0.0660273900581495
 102.2133968576665901  95.7486437535219888  84.2780061206199893   0.0185726099418505
 100.2386330477188787  98.4131576023509609  83.9699807607908315   0.0185726099418505
 103.3151071937426769  98.4528418511632951  82.6150471227692961   0.0185726099418505
 109.7307274184053331  99.2106220308657235  90.1777311107221375   0.5972726104906286
 109.9140308533956970  97.8254527747014516  92.0353319003667358  -0.5679273917044839
 111.7546241078349899 100.0666679695320563  88.9286221362001873  -0.4157273900581494
 111.4749446400146520 101.2439673509649915  87.4395179426702471   0.2718726099418505
 114.3662256249141694  99.4714042373468527  89.6278208057510590  -0.0252273900581495
 114.6780304370111745  97.4418383695154319  89.4690838105016680   0.0697726099418505
 115.6323421346413980 100.4389440179145346  88.3239097733453862   0.0697726099418505
 115.0389681285901249 100.3123323669418103  92.3131216420531568   0.5972726104906286
 116.0216257182291817  98.8100000904744119  93.7927772049134995  -0.5679273917044839
 114.3983509691908230 102.6499235946024025  93.0066511332022511  -0.4157273900581494
 113.5441947566584207 103.7913181794908371  91.7235270882697173   0.2718726099418505
 114.7555092085019397 103.5985661138308755  95.5899067582726110  -0.0275273900581495
 116.7113757571104424 103.2867613017338572  96.1587143245828979   0.1122726099418506
 114.2679598659502651 106.4558320283198093  95.6277012809510284  -0.0050273900581495
 112.5445296318140718 106.8885793129877744  94.5807930027586511   0.0338726099418505
 113.9674934106567747 107.0340882252997074  97.5835678295595311   0.0338726099418505
 116.4127990279508822 107.9959588274656252  94.5940210856961093  -0.1415273900581494
 117.0458572828145033 108.2359540464736289  92.1335976593306401  -0.1638273900581494
 116.0518613363719183 107.3950259168786712  90.5764633249795188   0.2061726099418505
 119.1944758970829674 109.6759253605216102  91.8879332619208725  -0.3418273900581494
 119.9069026495712707 110.1937103212160349  90.1928489197935124   0.3411726099418505
 120.0996547152312455 110.4374849924918856  94.1952888714387144   0.1379726099418505
 122.2066993545534317 111.8736768542720333  94.9152745284627119  -0.2601273900581494
 123.4803747688163680 112.5823241544925027  93.5263258200305928   0.1571726099418505
 122.6224391040161051 112.3404392093505823  97.4947507012652244  -0.1134273900581494
 124.2343754962509492 113.4024652966143213  98.0786760766469001   0.1416726099418505
 120.9103472266834531 111.4220323082648594  99.3088877898296279  -0.1972273900581494
 121.2259314910483186 111.8169850702543936 101.2477468032328387   0.1446726099418505
 118.8070820396291006 109.9612740067437256  98.6040199418770054  -0.2387273900581495
 117.5428552560357889 109.2526267065232562 100.0043070071126525   0.1699726099418505
 118.3440991368183988 109.4075842495048001  95.9678519850568532   0.1242726099418505
 113.0982193890529971 102.1793817872560064  97.4966404273991547   0.5972726104906286
 113.9977290287995247 101.4234913336875083  99.5035295816235196  -0.5679273917044839
 110.7228336387139875 101.6502584697580536  96.8427951850623947  -0.4157273900581494
 110.0538705873058658 102.3059934382287305  95.1666081042742434   0.2718726099418505
 108.9710575125689878 100.3520166157541581  98.5435487055915188  -0.0275273900581495
 109.0655438192650585 101.2760926952416584 100.3841419600308251   0.1122726099418506
 106.2479621535884591 100.6827186891903853  97.5835678295595311  -0.0050273900581495
 106.1818217389012219 100.2272946909153508  95.5747889492012358   0.0338726099418505
 105.0687730460216070  99.3088877898296279  98.5397692533236850   0.0338726099418505
 105.0290887972092592 103.2300695177162308  97.9823000438169124  -0.1415273900581494
 106.0476511833928168 105.5052997829574194  97.4153822036405289  -0.1638273900581494
 107.9014725207695545 105.7963176075812852  96.6103588705900853   0.2061726099418505
 104.3185517708548730 107.4063642736821991  97.8462397621745772  -0.3418273900581494
 104.6076798693448219 109.2205013622465890  97.2774321958642768   0.3411726099418505
 102.0962338373634770 106.4747292896590180  98.8175589950101061   0.1379726099418505
  99.8247830243901357 107.6331314097527444  99.5488830088376314  -0.2601273900581494
  99.5999056144535073 109.6267924810396648  99.3674692999811844   0.1571726099418505
  97.8481294883085075 106.1364683116871099 100.5050844326017854  -0.1134273900581494
  96.1152506235027165 107.0019628810230405 101.0644433682424746   0.1416726099418505
  98.1523753958698181 103.5021900810008880 100.7299618425384138  -0.1972273900581494
  96.6538225716702669 102.3815824835855791 101.4896317483747591   0.1446726099418505
 100.4143775781735619 102.3230009734340225  99.9608433060324577  -0.2387273900581495
 100.6127988222352873 100.3255604498792685 100.1290289319514464   0.1699726099418505
 102.4949660516208583 103.8064359885622122  98.9517295505185111   0.1242726099418505
 109.6910431695929853  97.5665602943542393  99.0310980481432067   0.5972726104906286
 109.0806616283364202  96.5876821569830295 101.0493255591710997  -0.5679273917044839
 111.0818816041590212  96.2853259755556222  97.3360137060158467  -0.4157273900581494
 111.4220323082648594  97.1054671176774542  95.6333704593527924   0.2718726099418505
 112.2667398901276506  93.8116744662527082  97.9237185336653559  -0.0875273900581495
 111.0497562598823676  92.8384655072832624  99.2692035410172800   0.0968726099418505
 112.4878378477964456  92.0372216265006525  95.6182526502814173   0.2984726099418505
 113.2758536456415971  90.2570996083468331  96.2947746062252332  -0.0297273900581495
 109.8856849613868771  91.4249503591101707  94.5146525880714137  -0.3192273900581494
 110.0784370270468387  90.0624578165529411  92.9820846934612785   0.0790726099418505
 108.7140547583557058  90.6029194908544218  95.9886389725299923   0.0790726099418505
 108.9880650477742798  93.1332627841749754  93.7889977526456523   0.0790726099418505
 114.2226064387361533  92.9801949673273617  93.5074285586913840  -0.3192273900581494
 114.3643358987802393  91.5477825578150477  92.0334421742328055   0.0790726099418505
 113.4572673544980442  94.6960662969278473  92.6835079643017184   0.0790726099418505
 116.1123325726574052  93.3543607418437704  94.2330833941171455   0.0790726099418505
 114.8348777061266353  94.0422210545911008  99.2484165535441544   0.5972726104906286
 115.4830537700616179  92.3792620567403942 100.7450796516097755  -0.5679273917044839
 116.2672901156389494  96.0850150053599663  98.8081103643404950  -0.4157273900581494
 115.6663572050519818  97.3643595980246665  97.5155376887383634   0.2718726099418505
 118.6634628534510845  96.6046896921883213 100.1176905751479186  -0.0518273900581495
 119.9163512802408816  94.9984224783552546  99.8153343937205247   0.0921726099418505
 119.9201307325087289  98.9479500982506640  98.9214939323757744  -0.1102273900581495
 120.2621711627484705  98.4944158261095732  96.9410609440262991   0.0456726099418505
 118.6218888785048199 100.5390995030123693  98.9668473595898862   0.0456726099418505
 122.4353562167579210  99.7737604187742600 100.1479261932906686   0.3530726099418505
 123.4274624370665620  98.1221397777270815 100.8792502071181940  -0.0361273900581495
 124.1209919282156699 101.0285385716979741  98.1599343004055124  -0.4121273900581494
 125.9011139463694759 101.6067947686778722  99.0216494174735957   0.0999726099418505
 124.5272830470087455  99.6962816472834813  96.6443739410006691   0.0999726099418505
 123.1780185873889741 102.6896078434147503  97.3851465854977921   0.0999726099418505
 122.0725287990450268 101.7088399799096236 102.2757578200859939  -0.4121273900581494
 123.9055631489486389 102.3003242598269665 103.0033023816456721   0.0999726099418505
 121.0766431264685252 103.3717989777603167 101.5727796982672884   0.0999726099418505
 121.0105027117812878 100.9000371945913197 103.8385613328388658   0.0999726099418505
 118.2855176266668422  96.8560232679998395 102.9844051203064633   0.5972726104906286
 119.7727320940628656  95.8128944420753092 104.4300456127562221  -0.5679273917044839
 116.2313853190944352  98.0730068982451359 103.8121051669639762  -0.4157273900581494
 115.1429030659557932  98.9800754425273310 102.5214222174957613   0.2718726099418505
 115.4792743177937843  98.1618240265394293 106.4879573725964628  -0.0014273900581495
 116.8852305614311951  99.1936144956604317 107.5877779825386327   0.0875726099418505
 112.8903495143216606  99.4770734157486166 106.7392909484079944  -0.0152273900581495
 111.7111604067548085  98.9857446209290949 105.1179059255035525   0.0294726099418505
 111.9435967212271177  98.6909473440373819 108.3946910417230065   0.0294726099418505
 112.8865700620538269 102.3343393302375504 107.0227498684961793  -0.0011273900581495
 114.2717393182180989 103.8612380464459215 105.3201066218331252  -0.1906273900581494
 115.3602215713567409 103.0051921077796024 103.8574585941780879   0.1698726099418505
 114.2244961648700702 106.5125238123374355 105.4864025216181972  -0.2341273900581494
 115.2506174555893085 107.6595875756276340 104.1900503937482184   0.1655726099418506
 112.6276775817066145 107.7295074425827321 107.5235272939853122   0.3225726099418506
 112.5577577147515300 110.2692993665728834 107.8050964879395804  -0.5579273917044839
 111.3237665493009416 110.7889740534012383 109.0428671056580027   0.3991726099418505
 111.1895959937925365 106.0174155652500667 109.3036493121391319  -0.2341273900581494
 110.0141863384935180 106.7808649233542589 110.7474000784549604   0.1655726099418506
 111.3955761423899564 103.3925859652334558 108.9729472387029047  -0.1906273900581494
 110.3562267687332731 102.1793817872560064 110.2088281302874100   0.1698726099418505
 115.2506174555893085  95.4954204515765402 107.6047855177439247   0.5972726104906286
 116.3957914927455903  94.8982669932574333 109.5360856266114411  -0.5679273917044839
 113.8276536767466056  93.8400203582615281 106.3348895557488489  -0.4157273900581494
 112.9848358210177313  94.4144971029735925 104.7229531635140183   0.2718726099418505
 113.4667159851676418  91.2416469241198068 107.1852663160134044  -0.0252273900581495
 112.5842138806264196  91.2492058286554875 109.0485362840597666   0.0697726099418505
 112.2138275583778581  90.2873352264895697 105.8662374745363698   0.0697726099418505
 115.9517058512740973  89.7789988964647560 107.3421135851288652   0.5972726104906286
 116.4109093018169520  88.5242207435410421 109.2412883497197281  -0.5679273917044839
 117.6052162184551927  89.9641920575890368 105.4334901898684046  -0.4157273900581494
 117.1611305769836994  91.0696818459329708 103.9273784611331723   0.2718726099418505
 120.0221759437404668  88.5865817059604456 105.4504977250736965  -0.0597273900581495
 119.5743108500011402  86.6779583106999850 106.0684381708659424   0.0868726099418505
 121.1522321718253870  88.3484762130863723 102.7595277103698347   0.1302726099418505
 119.5988772897421128  88.3295789517471501 101.3989248939465356   0.0186726099418505
 122.9153466547739012  90.5367790761671710 102.0319831488101565  -0.3204273900581494
 123.4293521632004923  90.3893804377213211 100.0421015297910700   0.0881726099418505
 121.9610349571436777  92.3263497249906016 102.3173317950322586   0.0881726099418505
 124.6349974366422340  90.4989845534887535 103.1695982814307441   0.0881726099418505
 122.6375569130874936  85.8559274424442361 102.4326050892014547  -0.0430273900581495
 123.7184802616904279  85.9466342968724596 100.6789392369225381   0.0235726099418505
 123.9735932897698066  85.6253808541058436 103.9859599712847289   0.0235726099418505
 120.9424725709601201  83.5088875841140464 102.2644194632824660  -0.0660273900581495
 119.5780903022689738  83.7337649940506750 100.7356310209401779   0.0185726099418505
 122.1103233217234443  81.8553772169329510 101.8770256058286126   0.0185726099418505
 119.9409177199818545  83.1970827720170415 104.0350928507666744   0.0185726099418505
 121.8816664595189821  89.6032543660100729 107.4441587963606166   0.5972726104906286
 123.2403795498083510  88.0952529111409239 108.5855533812490512  -0.5679273917044839
 121.8363130323048703  92.0750161491790700 107.9959588274656252  -0.4157273900581494
 120.7138157087556445  93.2296388170049630 106.9490505492732479   0.2718726099418505
 123.2271514668709197  93.2164107340675182 110.1086726451895888  -0.0518273900581495
 125.2113639074882286  92.7194127608462190 109.9102514011278497   0.0921726099418505
 123.0211713182734864  96.1190300757705502 109.9423767454045167  -0.1102273900581495
 123.8696583524041517  96.7369705215628095 108.1679239056524612   0.0456726099418505
 121.0293999731205100  96.6424842148667388 109.8970233181904049   0.0456726099418505
 124.2721700189293668  97.5722294727560032 112.1420179652888567   0.3530726099418505
 123.3462042133079631  97.0695623211329400 113.9108016266391485  -0.0361273900581495
 127.1010900414094805  97.0166499893831474 112.3876823626986110  -0.4121273900581494
 127.9004441960581737  98.1863904662804020 113.8843454607642455   0.0999726099418505
 127.3939975921672768  95.0437759055693663 112.8941289665895078   0.0999726099418505
 128.0610709174414682  97.4286102865779872 110.6132295229465553   0.0999726099418505
 123.9660343852341123 100.4124878520396450 111.7262782158261702  -0.4121273900581494
 124.7049173035973320 101.4404988688928002 113.3514426909984456   0.0999726099418505
 124.9600303316767107 101.0058618580909181 110.0236349691631292   0.0999726099418505
 121.9667041355454416 100.8698015764485829 111.5316364240322916   0.0999726099418505
 122.3011856612494890  92.1846202649465024 112.6654721043850320   0.5972726104906286
 123.8337535558596375  91.4400681681815322 114.2490626046110429  -0.5679273917044839
 119.8086368906073663  91.9861990208847768 113.0282995220979127  -0.4157273900581494
 118.6275580569065839  92.6986257733730933 111.6941528715495164   0.2718726099418505
 118.7220443636026544  90.8088996394518414 115.2884119782677396  -0.0024273900581495
 119.4684861865015416  91.7858880506891211 116.9419223454488350   0.0977726099418505
 115.8213147480335258  91.1207044515488465 115.2921914305355732  -0.0343273900581495
 115.3791188326959497  93.1181449751036139 115.4641565087224092   0.0294726099418505
 115.0937701864738476  90.4970948273548366 113.4704954374354890   0.0294726099418505
 114.3681153510480863  89.7563221828577002 117.3727799039828698   0.0117726099418505
 112.2931960560025537  88.2029673007744260 116.7472805536549430  -0.1256273900581494
 111.7508446555671563  87.9799796169717278 114.8216496231891906   0.1329726099418505
 110.9004678953025874  86.9595275046542533 118.6445655921118757  -0.1704273900581494
 109.3357746564157854  85.7803383970873877 118.1626854279619652   0.1429726099418505
 111.5599823160410981  87.2883398519565501 121.1975855990394987  -0.1072273900581494
 110.5036254071791230  86.3529254156655220 122.6413363653553272   0.1296726099418505
 113.5971070884082131  88.8681508999147139 121.8419822107066343  -0.1704273900581494
 114.0752078002902902  89.1402714631993711 123.7827309502437619   0.1429726099418505
 114.9973941536438602  90.1002523392313720 119.9390279938479376  -0.1256273900581494
 116.5261825959861482  91.3040078865392104 120.4605924068101959   0.1329726099418505
 119.5062807091799724  88.0177741396501452 115.5473044586149518   0.5972726104906286
 120.2829581502216096  87.2429864247424384 117.6033264923212624  -0.5679273917044839
 119.4911629001085973  86.5456774813254968 113.4704954374354890  -0.4157273900581494
 118.8221998487004757  87.2977884826261479 111.8396617838614494   0.2718726099418505
 120.3547677433106109  83.8943917154339829 113.4988413294443088  -0.0237273900581495
 119.1850272664133564  82.8418142588398417 114.8310982538587881   0.0879726099418505
 120.1828026651237749  82.5696936955551844 110.9004678953025874   0.0341726099418505
 121.4886034236633647  83.4881005966409073 109.5984465890308449   0.0240726099418505
 120.8574348949336605  80.6383935866876544 111.1574706495158830   0.0240726099418505
 117.6316723843300823  82.3901697128326541 109.5379753527453714   0.0017726099418505
 117.0760929009572399  84.2439910502094054 108.8784609320068475   0.0439726099418505
 117.9491463748288511  81.2544443063459836 107.8504499151536922   0.0439726099418505
 114.9879455229742490  80.9766545646595625 111.1877062676586198  -0.2737273900581494
 113.8049769631395499  83.6789629361669521 112.9130262279287165  -0.0536273900581495
 111.9700528871020207  83.2292081162936951 113.7312776439166182   0.0683726099418505
 115.0994393648756117  84.1608431003168762 114.4380352180031708   0.0683726099418505
 113.6008865406760603  85.2852301500000188 111.6412405397997240   0.0683726099418505
 123.1024295420321123  83.6978601975061608 114.4077995998604341   0.5972726104906286
 123.6391117640657592  82.3391471072167919 116.2200469622909073  -0.5679273917044839
 124.8485364897753347  85.0376760264563344 113.1473522685349561  -0.4157273900581494
 124.2759494711972005  86.1809603374786860 111.7149398590226421   0.2718726099418505
 127.5716318487558634  84.8505931391981369 113.6991522996399647  -0.0875273900581495
 128.0402839299683425  82.8455937111076887 113.7501749052558404   0.0968726099418505
 129.1722298841871796  86.0486795081041978 111.5713206728446260   0.2984726099418505
 128.4144497044847377  85.3986137180352983 109.7685219410837640  -0.0297273900581495
 129.1382148137765957  88.9399604930037152 111.5656514944428620  -0.3192273900581494
 130.1567771999601533  89.6486077932241847 109.9215897579313778   0.0790726099418505
 127.1955763481055378  89.5749084740012666 111.4560473786754298   0.0790726099418505
 130.0074888353803597  89.6901817681704628 113.2758536456415971   0.0790726099418505
 128.2179181865569290  85.8861630605869729 116.3220921735226587   0.5972726104906286
 129.9810326695054703  84.9545280765638052 117.5050607333573580  -0.5679273917044839
 126.7307037191609191  87.6776234355443205 117.3047497631617155  -0.4157273900581494
 125.3587625459340920  88.4429625197824296 116.2068188793534625   0.2718726099418505
 126.9555811290975477  88.5544563616837787 119.9087923757052010   0.0212726099418505
 128.9057784993042729  89.0911385837174256 120.2357149968735675   0.1123726099418505
 125.3398652845948698  90.9336215642906354 120.2829581502216096  -0.1231273900581494
 126.1127632733686732  92.4813072679721458 119.1566813744045365   0.1111726099418505
 123.3972268189238388  90.5859119556491298 119.6839149657685724   0.1111726099418505
 125.3889981640768152  91.7651010632159955 123.6145453243247731  -0.3119273900581495
 124.4271275619108974  94.1178100999479491 123.4123446279952004   0.1932726099418505
 126.3036256128947179  86.4908754234417741 121.8476513891083982   0.5972726104906286
 127.8853263869868120  85.8351404549710971 123.4293521632004923  -0.5679273917044839
 123.9584754806984449  85.5497918087489952 121.8041876880282168  -0.4157273900581494
 122.7603891117923706  86.1299377318628237 120.4227978841317785   0.2718726099418505
 122.9361336422470537  83.9869882959961233 123.8545405433327632  -0.0024273900581495
 123.5597432664410636  84.7579965586359831 125.6630084534954162   0.0977726099418505
 120.0354040266779250  84.0663567936208055 123.7959590331812201  -0.0343273900581495
 119.3607717968680260  84.2326526934058775 121.8533205675101622   0.0294726099418505
 119.3059697389843165  82.2843450493330691 124.5329522254105094   0.0294726099418505
 118.9469217735392830  86.1922986942822139 125.3682111766036895   0.0117726099418505
 119.5176190659835003  88.7245317137366978 124.7918447057577217  -0.1256273900581494
 120.6325574849970319  89.1742865336099550 123.1477829692462241   0.1329726099418505
 118.5878738080942361  90.6841777146130341 126.3168536958321493  -0.1704273900581494
 118.9979443791551453  92.6343750848197728 125.8519810668875306   0.1429726099418505
 117.0401881044127393  90.1097009699009698 128.3879935386098481  -0.1072273900581494
 116.2559517588354213  91.6195921509040491 129.4915936008198653   0.1296726099418505
 116.4827188949059668  87.5869165811160968 128.9870367230628988  -0.1704273900581494
 115.3394345838836018  87.1579487487159789 130.6178703766369382   0.1429726099418505
 117.4313614141344398  85.6253808541058436 127.4752558159258757  -0.1256273900581494
 117.0099524862699891  83.6846321145687160 127.9401284448705215   0.1329726099418505
 123.8620994478684574  81.2563340324799138 123.7865104025115957   0.5972726104906286
 124.2211474133134910  80.1243880782610769 125.7839509260663629  -0.5679273917044839
 124.2438241269205469  80.1754106838769526 121.5358465770113800  -0.4157273900581494
 123.9244604102878612  81.2053114268640381 119.9465868983836185   0.2718726099418505
 125.0223912940961142  77.5335735486550498 121.2826232750659583  -0.0031273900581495
 123.7487158798331780  76.3581638933560180 122.4013411463473371   0.0849726099418505
 124.8201905977665416  76.7285502156045928 118.5028361320677900  -0.0036273900581495
 122.8435370616848999  76.8192570700328165 117.9189107566861144   0.0170726099418505
 125.9105625770391005  78.0324612480102524 117.3349853813044523   0.0170726099418505
 123.7562747843688723  73.5368027754115984 114.0525310866832342  -0.6086273911557057
 134.6864507429693776 105.7018313008852281 121.0823123048702891   0.5972726104906286
 133.8322945304369754 106.7487395790775920 119.1925861709490373  -0.5679273917044839
 133.3277376526800087 104.0369825769006046 122.4032308724812404  -0.5163273900581494
 130.9580210807427497 102.9673975851011713 121.4583678055206145   0.0396726099418505
 131.2584875360362401 102.3230009734340225 119.5232882443852643   0.1104726099418506
 130.2266970669152243 100.6676008801190102 123.0703041977554588   0.0559726099418505
 129.6578895006049239 101.3365639315271319 124.9354638919357244  -0.0173273900581495
 128.0799681787806903  99.1312535332410279 121.8627691981797599   0.0135726099418505
 126.9140071541512696 100.3671344248255333 120.7024773519521166  -0.0425273900581495
 128.9001093209025089  97.7101794805322554 120.6117704975239063  -0.0425273900581495
 126.3829941105194135  97.8462397621745772 123.8205254729221793   0.8053726088442941
 124.0888665839390164  97.6024650908987399 123.2876227031563931  -0.8188273878630369
 127.2881729286676916  97.1054671176774542 125.8746577804945864  -0.8188273878630369
 128.8377483584831053 104.9364922166471188 121.3582123204227934   0.5365726099418505
 127.8059578893621164 105.4372696421362517 119.3343156309931364  -0.5819273917044839
 128.2198079126908594 106.1119018719461373 123.5087206608251879  -0.4157273900581494
 129.1571120751157910 105.6772648611442418 125.1168776007921715   0.2718726099418505
 126.2715002686180375 108.0772170512242377 123.5691918971106613  -0.0031273900581495
 124.5896440094281491 107.3232163237896565 122.6677925312302168   0.0849726099418505
 125.4702563878354411 108.7235033890253034 126.2733899947519679  -0.0036273900581495
 124.0038289079125566 110.1729233337429092 126.2015804016629665   0.0170726099418505
 124.5953131878299130 107.0321984991657905 127.0443982573918409   0.0170726099418505
 127.5508448612827377 109.5795493276916361 128.1064243446555799  -0.0645273900581495
 126.6759016612772096 109.7382863229410139 129.9545765036305807   0.0351726099418505
 129.0361696025448443 108.1546958227150030 128.2216976388247897   0.0351726099418505
 128.6922394461711723 112.1552460482263015 127.4998222556668620   0.6950726082955160
 127.4336818409796246 113.8522201164875785 126.5870845329828896  -0.6086273911557057
 131.1262067066617385 112.5105145614034880 127.8380832336387699  -0.9407273895093712
 132.2581526608805754 111.1253453052392160 128.4900387498415997   0.4250726099418505
 131.8083978410073184 114.2263858910039871 127.3845489614976791   0.4250726099418505
 126.9952653779098955 110.3675651255368012 121.9704835878132753   0.5972726104906286
 125.3512036413983977 111.3351049061044695 120.6571239247380046  -0.5679273917044839
 129.4254531861326279 111.0497562598823676 121.8363130323048703  -0.4157273900581494
 130.6915696958598699 110.1918205950821180 122.9739281649254712   0.2718726099418505
 130.3400806349505038 113.0245200698300791 120.1412286901775102  -0.0024273900581495
 129.5010422314894630 114.8235393493231075 120.7062568042199636   0.0977726099418505
 133.2219129891804237 113.2550666581684716 120.3925622659890418  -0.0343273900581495
 133.6584397261162225 114.3870126123872951 122.0611904422414987   0.0294726099418505
 134.0401644051683119 111.3917966901221093 120.7005876258181997   0.0294726099418505
 134.4785808682380411 114.4304763134674899 118.1003244655425614   0.0117726099418505
 134.1554376993375215 117.0175113908056833 117.5957675877855815  -0.1256273900581494
 133.0329403757882822 118.1645751540958819 118.8562149191110595   0.1329726099418505
 135.2344713218065526 118.1003244655425614 115.4244722599100614  -0.1704273900581494
 134.9717993891915065 120.0920958106955515 115.0484167592597359   0.1429726099418505
 136.6120816734351437 116.5866538322716351 113.7312776439166182  -0.1072273900581494
 137.4265536371551983 117.4181333311969816 112.0532008369945501   0.1296726099418505
 136.9068789503268433 113.9882803981299138 114.2093783557986951  -0.1704273900581494
 137.9500077762513870 112.8204296473665761 112.9016878711251884   0.1429726099418505
 135.8410734107952705 112.9092467756608827 116.3920120404777431  -0.1256273900581494
 136.0489432855266072 110.9099165259721986 116.7491702797888599   0.1329726099418505
 129.5161600405608514 112.5199631920730992 117.4030155221256199   0.5972726104906286
 128.2972866841816246 114.1451276672453746 116.2578414849693382  -0.5679273917044839
 129.9999299308446924 110.2371740222962299 116.4090195756830351  -0.4157273900581494
 130.9447929978053184 108.9483807989619320 117.4710456629467742   0.2718726099418505
 129.1079791956338457 109.5266369959418436 113.8900146391660094  -0.0518273900581495
 129.7939497822472592 110.9212548827757265 112.5407501795462380   0.0921726099418505
 130.0906367852728891 106.9036971220591361 113.1057782935886914  -0.1102273900581495
 129.6446614176674925 105.5468737579036839 114.5911030348507980   0.0456726099418505
 129.0569565900179698 106.3311101034810019 111.4144734037291651   0.0456726099418505
 132.9327848906904612 106.7411806745419111 112.5048453830017240   0.3530726099418505
 134.0307157744987142 107.0718827479781249 114.2131578080665423  -0.0361273900581495
 133.5015924570007616 104.0861154563825501 111.5108494365591525  -0.4121273900581494
 133.0064842099133926 102.6914975695486670 112.9432618460714666   0.0999726099418505
 132.4131102038621061 103.7157291341339886 109.8025370114943344   0.0999726099418505
 133.7831616509550298 108.6214581777935520 110.4733897890363864  -0.4121273900581494
 135.7522562825009773 108.2737485691520464 109.9858404464846983   0.0999726099418505
 132.6172006263256091 108.4173677553300625 108.7877540775786239   0.0999726099418505
 133.6357630125091665 110.5451993821253877 111.1877062676586198   0.0999726099418505
 126.2337057459396201 109.6267924810396648 113.7010420257738816   0.5972726104906286
 125.2850632267111603 110.7266130909818347 111.8906843894773253  -0.5679273917044839
 124.8560953943110289 108.5968917380525791 115.5473044586149518  -0.4157273900581494
 125.7518255817897093 107.7143896335113570 116.9967244033325443   0.2718726099418505
 122.0970952387860129 108.7310622935609842 115.5340763756774936  -0.0275273900581495
 121.4092349260386691 107.7276177164488018 113.8673379255589534   0.1122726099418506
 120.9859362720403015 107.4347101656910056 117.8848956862755306  -0.0050273900581495
 121.8741075549832878 108.2076081544648090 119.5705313977332929   0.0338726099418505
 119.0206210927622013 107.9921793751977781 117.9718230884359070   0.0338726099418505
 121.0010540811116900 104.5925620602734470 118.0530813121945194  -0.1415273900581494
 122.2293760681604877 103.1903852689038830 119.8048574383395325  -0.1638273900581494
 123.4709261381467436 103.9217092827314084 121.2448287523875140   0.2061726099418505
 121.6416712405109918 100.6657111539850933 119.5421855057244730  -0.3418273900581494
 122.4221281338204628  99.2881008023564888 120.6590136508719350   0.3411726099418505
 119.9428074461157712 100.2915453794686847 117.6089956707230263   0.1379726099418505
 118.7125957329330434  98.1391473129323733 116.6660223298963307  -0.2601273900581494
 119.0489669847710212  96.3344588550375810 117.4956121026877603   0.1571726099418505
 117.0553059134841008  98.3885911626099746 114.6005516655203958  -0.1134273900581494
 116.1085531203895582  96.7766547703751573 113.8541098426215087   0.1416726099418505
 116.6584634253606364 100.7564180084133034 113.4686057113015721  -0.1972273900581494
 115.4263619860439917 100.9094858252609306 111.8793460326737972   0.1446726099418505
 117.8830059601416137 102.9163749794852956 114.4134687782621981  -0.2387273900581495
 117.6146648491247902 104.6851586408355874 113.5101796862478368   0.1699726099418505
 119.5591930409297650 102.7557482581019877 116.5734257493341903   0.1242726099418505
 121.1541218979592905 111.4862829968181799 115.2959708828034204   0.5972726104906286
 119.6725766089650445 112.0305241233874942 113.5857687316046852  -0.5679273917044839
 122.0970952387860129 113.2645152888380692 116.8304285035474724  -0.4157273900581494
 123.3499836655757967 112.7391714236079636 118.1834724154350907   0.2718726099418505
 121.3449842374853352 115.9517058512740973 116.6546839730928026  -0.0389273900581495
 119.3003005605825526 116.0499716102380016 116.8512154910206115   0.1006726099418505
 122.5884240336055212 117.6127751229908733 118.7239340897365713   0.3653726099418505
 121.6057664439664778 119.4231327592874298 118.6955881977277514   0.0042726099418505
 122.4901582746416303 116.6225586288161357 121.4356910919135587  -0.2438273900581494
 122.9191261070417618 118.1607957018280349 122.7320432197835507   0.0641726099418505
 120.6438958418005598 115.8194250218996091 121.8589897459119261   0.0641726099418505
 123.9471371238949170 115.2430585510536278 121.7777315221533004   0.0641726099418505
 125.1584515757384226 118.1041039178103952 118.2382744733188136  -0.6761273884118151
 126.0768584768241590 116.5280723221200785 118.1003244655425614   0.4101726099418505
 121.9761527662150392 117.1233360543052685 114.0827667048259709   0.5972726104906286
 120.4360259670692233 118.4839388707285678 112.9905049994194952  -0.5679273917044839
 124.1984706997064352 116.5148442391826203 113.0415276050353709  -0.4157273900581494
 125.4003365208803433 115.4206928076422278 114.0544208128171511   0.2718726099418505
 125.0393988293014063 117.4597073061432463 110.5924425354734296  -0.0252273900581495
 125.0167221156943503 119.5195087921174172 110.6000014400091105   0.0697726099418505
 126.9706989381689092 116.8228695990117916 110.2674096404389665   0.0697726099418505
 123.3953370927899084 116.5091750607808698 108.4192574814639794   0.5972726104906286
 122.7528302072566764 117.9831614452394349 106.7355114961401472  -0.5679273917044839
 122.6640130789623832 114.0846564309599012 108.4646109086780911  -0.4157273900581494
 123.2384898236744475 112.9753871903481201 109.9215897579313778   0.2718726099418505
 120.9802670936385376 113.0075125346247870 106.5465388827480193  -0.0237273900581495
 121.7304883688052851 113.5215180430513647 104.7078353544426431   0.0879726099418505
 120.8139711938534791 110.1030034667878248 106.7222834132027024   0.0341726099418505
 119.9900505994638133 109.6078952197004559 108.5458691324367034   0.0240726099418505
 119.5100601614478061 109.4548274028528288 105.2634148378154989   0.0240726099418505
 123.2725048940850314 108.5836636551151345 106.4218169579092254   0.0017726099418505
 124.5480700344818711 109.0088520352474188 107.9638334831889582   0.0439726099418505
 122.7660582901941346 106.5956717622299783 106.6107895713013398   0.0439726099418505
 125.0431782815692399 108.8803506581407643 103.5040798071348049  -0.2737273900581494
 127.0217215437847849 111.5921076603177651 104.1994990244178296  -0.0536273900581495
 128.3936627170116121 111.8358823315936024 102.6820489388790694   0.0683726099418505
 125.8765475066285167 113.2928611808468891 104.3412284844619288   0.0683726099418505
 128.0232763947630507 111.2803028482207602 105.9739518641698851   0.0683726099418505
 118.3157532448095789 114.1470173933793050 106.6939375211938826   0.5972726104906286
 117.2556168836797567 114.7668475653054676 104.7191737112461710  -0.5679273917044839
 117.3104189415634797 114.5495290599045199 108.9842855955064325  -0.4157273900581494
 118.3214224232113428 114.0260749208083446 110.5244123946522621   0.2718726099418505
 113.3703399523376678 114.6515742711362715 108.5099643358922029   0.0863726099418505
 114.7214941380913559 118.3781142072289826 108.1603650011167669   0.5972726104906286
 113.1568008992045673 118.8221998487004757 106.4822881941946988  -0.5679273917044839
 116.4260271108883270 120.0864266322937873 108.9181451808191953  -0.4157273900581494
 117.6883641683477219 119.5818697545368208 110.2768582711085775   0.2718726099418505
 116.3220921735226587 122.7225945891139263 108.0715478728224737  -0.0875273900581495
 114.3926817907890590 123.3764398314506863 108.3909115894551595   0.0968726099418505
 118.0833169303372696 124.4271275619108974 109.6570280991824014   0.2984726099418505
 117.6392312888657763 124.1039843930103779 111.6450199920675576  -0.0297273900581495
 120.9103472266834531 123.9074528750825692 109.2828623246659928  -0.3192273900581494
 121.9950500275542615 125.0186118418282538 110.6359062365536112   0.0790726099418505
 121.3109691670747514 121.9194609821973996 109.6041157674326088   0.0790726099418505
 121.5056109588686565 124.4214583835091335 107.3799081078072961   0.0790726099418505
 117.6146648491247902 127.2258119662482879 109.0976691635417120  -0.3192273900581494
 118.7069265545312795 128.3917729908776819 110.3996904698134547   0.0790726099418505
 118.1589059756941180 127.6906845951929068 107.1663690546741956   0.0790726099418505
 115.6210037778378701 127.6585592509162530 109.3508924654871605   0.0790726099418505
 116.7869648024672908 122.9682589865237072 105.2293997674049151   0.5972726104906286
 115.4320311644457557 124.3798844085628822 103.9727318883472841  -0.5679273917044839
 118.5954327126299304 121.5660821951541300 104.1390277881323427  -0.4157273900581494
 119.6196642772152385 120.3623266478462916 105.2293997674049151   0.2718726099418505
 119.1812478141455092 121.8117465925638840 101.4253810598214250  -0.0875273900581495
 119.2757341208415799 123.8280843774578736 101.0172002148944462   0.0968726099418505
 121.8117465925638840 120.7270437916931027 100.8017714356274151   0.2984726099418505
 123.1194370772374041 121.3279767022800432 102.2757578200859939  -0.0297273900581495
 121.8741075549832878 117.8414319851953492 100.6487036187798015  -0.3192273900581494
 123.8299741035918039 117.2064840041978112 100.5598864904854947   0.0790726099418505
 120.9953849027099261 117.0364086521448921 102.3211112473001056   0.0790726099418505
 120.8631040733354245 117.1819175644568251  98.9800754425273310   0.0790726099418505
 122.7981836344707881 121.7739520698854666  98.2846562252443063  -0.3192273900581494
 124.7049173035973320 121.0728636742006914  97.9426157950045646   0.0790726099418505
 121.5755308258237276 121.1919164206377348  96.7313013431610456   0.0790726099418505
 122.8567651446223581 123.8318638297257074  98.3621349967350850   0.0790726099418505
 117.0836518054929207 120.7440513268983945  99.7491939790332739   0.5972726104906286
 116.5224031437183146 121.8098568664299807  97.7536431816124368  -0.5679273917044839
 115.8628887229797905 118.6785806625224596 100.5334303246106051  -0.4157273900581494
 116.3390997087279507 117.8848956862755306 102.2190660360683540   0.2718726099418505
 113.9429269709158020 117.4445894970718846  98.9914137993308589  -0.0237273900581495
 114.7366119471627310 117.2480579791440759  97.0997979392756903   0.0879726099418505
 113.5007310555782257 114.7970831834482045 100.0836755047373481   0.0341726099418505
 115.3280962270800874 113.9032427221034542 100.4049289475039507   0.0240726099418505
 112.5501988102158358 114.9633790832332763 101.9034817717035021   0.0240726099418505
 112.0191857665839663 113.0528659618388988  98.3262302001905710   0.0017726099418505
 111.3464432629079974 114.1130023229687211  96.6991759988843786   0.0439726099418505
 113.3023098115165001 111.6034460171212929  97.6232520783718655   0.0439726099418505
 109.3584513700228412 111.5127391626930694  99.8115549414526775  -0.2737273900581494
 107.3912464646108240 114.2717393182180989 100.3255604498792685  -0.0536273900581495
 108.0016280058673891 115.2714044430624476 102.0187550658726983   0.0683726099418505
 107.5121889371817843 115.5302969234096600  98.7022857008409098   0.0683726099418505
 105.4391593682701686 113.6689166814972280 100.5334303246106051   0.0683726099418505
 111.5524234115054172 119.0848717813155352  98.7098446053765906   0.5972726104906286
 110.5433096559914708 119.2568368595023577  96.6122485967240022  -0.5679273917044839
 110.6623624024285142 120.3642163739802219 100.7110645811991916  -0.3661673899483938
 111.5070699842913055 120.0240656698743972 102.4685098857459553   0.3114426098869728
 106.8734615039163993 121.4508089009849472  99.3674692999811844   0.2246226102162396
 109.1449123168897407 124.8069625148290834  99.4997501293556726   0.8098826103259952
 108.2926458304912551 125.0280604724978782  97.3870363116317090  -0.6015073898386383
 111.3558918935776086 125.9011139463694759 100.0175350900500973  -0.4157273900581494
 112.3385494832166654 125.3134091187199802 101.5538824369280796   0.2718726099418505
 112.3328803048149015 128.0402839299683425  98.4887466477078093  -0.0518273900581495
 110.9344829657131713 129.5482853848375049  98.6077993941448393   0.0921726099418505
 114.8556646935997744 128.8604250720901611  99.6962816472834813  -0.1102273900581495
 114.4474838486727819 129.2723853692850008 101.6748249094990397   0.0456726099418505
 116.1652449044071978 127.2673859411945392  99.6698254814085917   0.0456726099418505
 116.1898113441481705 131.1847882168133085  98.5435487055915188   0.3530726099418505
 114.7838551005107597 132.5775163775132613  97.9709616870133845  -0.0361273900581495
 117.9113518521504336 132.3753156811836886 100.5428789552802029  -0.4121273900581494
 118.7692875169506831 134.0930767369181179  99.7964371323813159   0.0999726099418505
 116.8153106944761107 132.8666444760032238 102.2133968576665901   0.0999726099418505
 119.3891176888768459 131.0487279351709732 101.0890098079834475   0.0999726099418505
 117.9113518521504336 130.5403916051461461  96.3004437846269973  -0.4121273900581494
 118.9110169769947690 132.2335862211395893  95.6881725172365153   0.0999726099418505
 119.2814032992433438 129.1023100172320815  96.8446849111963116   0.0999726099418505
 116.8153106944761107 129.8582004708005931  94.7055149275974585   0.0999726099418505
 112.5464193579480022 127.4790352681937364  95.6050245673439725   0.5972726104906286
 112.1250104300835649 129.1703401580532492  94.0630080420642398  -0.5679273917044839
 112.9886152732855649 125.1112084223904076  94.8075601388292099  -0.4157273900581494
 113.4251420102213773 123.7846206763776922  96.1171403496366332   0.2718726099418505
 112.7259433406705188 124.3704357778932578  92.1279284809288760  -0.0249273900581495
 113.7520646313897573 125.7726125692628350  91.0299975971206230   0.0842726099418505
 114.0865461570938181 121.8722178288493843  91.5723489975560204   0.2116726099418505
 114.5381907031009920 121.8136363186978144  89.5616803910638084   0.0351726099418505
 115.8534400923101929 121.7909596050907586  92.6305956325519258   0.0351726099418505
 112.5974419635638779 119.7406067497861986  92.1354873854645569  -0.6546273911557058
 112.1344590607531624 119.7991882599377686  93.9174991297522934   0.4274726099418505
 109.9745020896811704 124.3742152301611182  91.1263736299506104   0.5972726104906286
 109.4964013777990933 125.2907324051129242  89.0382262519676196  -0.5679273917044839
 108.1320191091079470 123.4822644949502715  92.6079189189448698  -0.4157273900581494
 108.6214581777935520 122.9739281649254712  94.3899306632326064   0.2718726099418505
 105.4183723807970295 123.8054076638508178  92.1165901241253481  -0.0581273900581495
 104.9818456438612305 123.0117226876038888  90.2759968696860418   0.1359726099418505
 103.8310024283031849 122.3843336111420451  94.0837950295373653  -0.0074273900581495
 104.7834243997994917 122.3068548396512530  95.8979321181017688   0.0366726099418505
 102.0489906840154484 123.3839987359863805  94.3672539496255504   0.0366726099418505
 103.1677085552968272 119.7689526417950185  93.2428668999424076   0.1867726099418505
 101.7163988844453044 119.2568368595023577  91.1169249992809993  -0.5432273900581495
 101.2401878986971444 116.7718469933959159  91.1868448662360839   0.1634726099418506
 100.0704474217998899 115.7816304992211782  89.8338009543484655   0.1434726099418505
 102.3362290563714807 115.7173798106678575  93.2183004602014349  -0.2795273900581494
 102.2228454883362013 113.8654481994250367  93.6907319936817479   0.3338726099418505
 103.5607715911524446 117.5863189571159703  94.5486676584819976  -0.2207273900581494
 104.5113038365148345 117.4086847005273840  96.3420177595732618   0.1861726099418506
 104.6039004170769749 126.5833050807150558  92.0561188878398613   0.5972726104906286
 103.2017236257074111 127.3335263558818034  90.3534756411768205  -0.5679273917044839
 105.5298662226983921 128.1725647593428173  93.7871080265117355  -0.4157273900581494
 106.6599224507832988 127.4790352681937364  95.1741670088099242   0.2718726099418505
 104.8174394702100754 130.8654245001806228  93.8003361094491803  -0.0389273900581495
 102.7595277103698347 130.9561313546088463  93.8022258355830970   0.1006726099418505
 105.7245080144922838 132.3148444448982152  96.1530451461811340   0.3653726099418505
 104.6719305578981426 134.0836281062484934  96.2361930960736766   0.0042726099418505
 105.3484525138419451 130.9107779273947345  98.6380350122875893  -0.2438273900581494
 106.0967840628747623 132.0521725122831691 100.1724926330316413   0.0641726099418505
 103.3491222641532608 130.5403916051461461  98.9555090027863583   0.0641726099418505
 106.3481176386862937 129.1249867308391375  98.6342555600197423   0.0641726099418505
 108.3039841872947830 132.9308951645565308  96.0415513042797849  -0.6761273884118151
 108.6479143436684550 134.0741794755788958  97.4097130252387648   0.4101726099418505
 105.7188388360905199 132.1901225200594079  91.3890455625656565   0.5972726104906286
 104.2486319038997750 133.5677328716879990  90.2098564549988044  -0.5679273917044839
 108.0526506114832648 131.6950142729720389  90.5292201716314901  -0.4157273900581494
 109.2261705406483532 130.6745621606545780  91.6592763997163969   0.2718726099418505
 109.0523157363276003 132.8609752976014598  88.2086364791761900  -0.0875273900581495
 108.4853978961512302 134.8357391075491713  88.2823357983991215   0.0968726099418505
 111.9662734348341737 132.9101081770834052  88.1689522303638422   0.2984726099418505
 112.6201186771709202 133.5242691706078175  90.0246632938745236  -0.0297273900581495
 113.1756981605437760 130.3533087178879620  87.5888063072500271  -0.3192273900581494
 115.2241612897144055 130.4988176301998950  87.7551022070350992   0.0790726099418505
 112.5048453830017240 128.9889264491968023  88.9588577543429374   0.0790726099418505
 112.6919282702599350 129.7183607368904242  85.6896315426591643   0.0790726099418505
 112.9489310244732305 134.8262904768795467  86.2263137646927977  -0.3192273900581494
 114.9992838797777771 134.9529021278522843  86.3529254156655220   0.0790726099418505
 112.4254768853770418 134.2574829105692731  84.3176903694323371   0.0790726099418505
 112.1514665959584545 136.6857809926580753  86.6174870744144982   0.0790726099418505
 107.8712369026268178 131.7724930444628042  85.7897870277569987   0.5972726104906286
 107.4195923566196439 133.2049054539751316  84.0077752834692490  -0.5679273917044839
 107.2211711125579049 129.3234079749008765  85.6688445551860386  -0.4157273900581494
 107.6293519574848974 128.1574469502714556  87.1428309396446037   0.2718726099418505
 105.8983628188130367 128.3124044932530132  83.4257396342215038  -0.0875273900581495
 106.8791306823181632 129.0777435774911223  81.7835676238439363   0.0968726099418505
 106.0967840628747623 125.4154543299517316  83.1914135936152774   0.2984726099418505
 108.0243047194744451 124.8598748465788626  83.6600656748277433  -0.0297273900581495
 104.2807572481764419 123.9452473977609867  84.8846082096087072  -0.3192273900581494
 104.7361812464514631 121.9364685174026914  84.8468136869302897   0.0790726099418505
 104.4886271229077787 124.6274385321065665  86.7951213310030981   0.0790726099418505
 102.3211112473001056 124.2060296042421295  84.3006828342270451   0.0790726099418505
 103.1828263643681889 129.3045107135616544  83.2499951037668339   0.5972726104906286
 101.8411208092841118 129.5917490859176865  85.3797164566960761  -0.4157273900581494
 102.5327605742992894 128.9095579515721067  87.0388960022789355   0.2718726099418505
  99.3958151919900043 130.8843217615198181  85.3891650873656871  -0.0518273900581495
  98.2317438934945137 129.9923710263089982  83.9454143210498452   0.0921726099418505
  98.0654479937094418 130.5422813312800764  87.9516337249629079  -0.1102273900581495
  97.8160041440318406 128.5297229986539475  88.3390275824167613   0.0456726099418505
  99.2767624455529609 131.3302971291252415  89.4218406571536394   0.0456726099418505
  95.4708540118355676 131.8764279818284861  88.0253330441858395   0.3530726099418505
  95.7108492308435711 133.8455226133744336  87.4810919176165118  -0.0361273900581495
  93.5433333552358848 130.6632238038510501  86.2338726692284920  -0.4121273900581494
  93.3279045759688674 128.6638935541623524  86.6817377629678187   0.0999726099418505
  94.3804820325630086 131.9387889442478897  90.6879571668808813  -0.4121273900581494
  93.4696340360129665 133.7491465805444460  91.0356667755223870   0.0999726099418505
  93.0085408593361815 130.4288977632447969  90.9222832074871075   0.0999726099418505
  95.8733656783607961 131.6931245468381088  92.0787956014469172   0.0999726099418505
  99.6773843859442725 133.6867856181250424  84.6805177871452176   0.5972726104906286
 101.6426995652223728 134.9982555550663961  85.5819171530256487  -0.4157273900581494
 102.8029914114500298 134.1478787948018273  86.8593720195564186   0.2718726099418505
 104.5944517864073637 138.5773968527132305  86.1393863625324213   0.0341726099418505
 104.2202860118909687 138.7096776820877321  88.1557241474263974   0.0240726099418505
 106.1345785855531932 137.2545885589683757  85.8615966208460001   0.0240726099418505
 106.4255964101770590 141.4894648250859006  90.7314208679610628   0.0683726099418505
 100.5617762166194250 141.1965572743281043  89.6145927228136008   0.4477726099418505
 101.8071057388735279 139.7131222591999280  92.3962695919456862  -0.8340273900581494
 102.8086605898517937 138.3562988950444626  93.1162552489696836   0.4169726099418505
 102.5233119436296782 141.1757702868549518  93.3449121111741592   0.4169726099418505
  93.9893087228413082 122.1462281182679585 113.6708064076311448  -0.8340273900581494
  94.4220560075092733 123.6258836811283010 114.6345667359309794   0.4169726099418505
  95.2554252325685367 120.9311342141565922 114.2415037000753621   0.4169726099418505
 108.8652328490694028 115.7230489890696215  92.9310620878454028  -0.8340273900581494
 109.3867972620316611 116.5564182141288983  91.3777072057621286   0.4169726099418505
 109.1656993043628797 117.0685339964215590  94.1593840748942138   0.4169726099418505
  98.3054432127174454 121.8665486504476204  87.7834480990439191  -0.8340273900581494
  97.0166499893831474 120.6722417338093798  88.4543008765859575   0.4169726099418505
  99.7151789086227034 121.4073451999047388  88.8889378873878395   0.4169726099418505
  95.4084930494161638 124.8787721079180847 100.3501268896202412  -0.8340273900581494
  96.5347698252332369 124.3798844085628822  99.0046418822683037   0.4169726099418505
  96.6235869535275301 125.8689886020928224 101.4159324291518275   0.4169726099418505
 125.4400207696926910  98.3942603410117385 130.2474840543883768  -0.8340273900581494
 123.9320193148235285  97.3662493241585834 130.2531532327901408   0.4169726099418505
 126.1978009493951327  97.8953726416565360 128.6053120440108093   0.4169726099418505
  97.0941287608739263 120.7572794098358393  93.7587621345029156  -0.8340273900581494
  96.1341478848419253 119.8426519610179502  92.4340641146241171   0.4169726099418505
  98.7986617336708840 120.2224869139361228  93.3127867668974922   0.4169726099418505
 106.1534758468924020 111.9039124724147699  95.0324375487658384  -0.8340273900581494
 107.5915574348064799 111.5939973864516820  96.1303684325740780   0.4169726099418505
 106.8470053380414963 113.2626255627041523  93.9571833785646412   0.4169726099418505
 116.8285387774135555  98.2544206071015697 123.6995830003512326  -0.8340273900581494
 118.1872518677029379  98.7551980325907024 124.8768823817841544   0.4169726099418505
 117.6184443013926375  98.6455939168232701 122.0952055126520826   0.4169726099418505
 115.7438359765427605 108.8047616127839159 113.1945954218829848  -0.8340273900581494
 117.1856970167246723 109.9499356499401975 113.1114474719904553   0.4169726099418505
 115.2884119782677396 108.6365759868649269 111.4333706650683873   0.4169726099418505
 120.9538109277636480  99.7605323358368018 126.2828386254215654  -0.8340273900581494
 122.0933157865181525 100.1668234546298773 127.6604489770501834   0.4169726099418505
 122.1462281182679585  98.8421254347510788 125.1471132189348947   0.4169726099418505
 110.2333945700283827 104.6152387738805027 140.8110531430081544  -0.8340273900581494
 108.8368869570605828 103.4832928196616793 141.1833291913906461   0.4169726099418505
 109.9707226374133366 105.9115909017504815 142.1206333538155778   0.4169726099418505
$end
