$point_charges
  91.6743942087877720 123.0892014590946541 106.2706388671955150   0.3530973593795877
  91.2454263763876404 121.5868691826272556 107.6123444222796056  -0.0361026406204122
  90.8655914234694813 122.1953609977499038 103.6401400887771402  -0.4121026406204121
  91.9276175107332203 120.5040561078903910 103.1242448542166324   0.0999973593795878
  94.5335498494106225 123.5125001130930215 106.1893806434369025  -0.4121026406204121
  95.4689642857016507 121.7342678210731188 105.7471847280993398   0.0999973593795878
  95.0192094658283802 124.9071179999269046 104.7512990555228382   0.0999973593795878
  95.2403074234971750 124.1493378202244896 108.0110766365369869   0.0999973593795878
  92.0466702571702637 125.7310385943165837 111.4749446400146520   0.5972973599283659
  92.5871319314717308 123.8488713649309992 112.7240536145366021  -0.5679026422667466
  93.3997141690578687 127.8607599472458259 111.5562028637732645  -0.4157026406204122
  92.8724805776938462 129.3271874271687101 110.4412644447597193   0.2718973593795878
  95.6484882684241675 128.1631161286732197 113.1265652810618170   0.0212973593795878
  97.0109808109813835 126.7174756362234609 112.5936625112960306   0.1123973593795878
  96.7917725794465190 130.7728279196184689 112.5690960715550579  -0.1231026406204122
  97.4040438468370009 130.8484169649753307 110.5981117138751937   0.1111973593795878
  95.3631396222020520 132.2260273166039218 112.8714522529824518   0.1111973593795878
  99.4714042373468527 131.4228937096873953 114.6100002961900068  -0.3119026406204122
 101.0531050114389467 129.6881251187476740 113.6575783246937000   0.1932973593795878
  95.0381067271676024 127.7303688440052544 115.9365880422027222   0.5972973599283659
  96.2135163824666209 126.1373297131096324 117.1497922201801715  -0.5679026422667466
  93.0557840126842101 128.9473524742505510 116.9343634409131407  -0.4157026406204122
  93.8475792627972088 129.0380593286787745 120.7950739325142568   0.0921973593795878
  91.4608551556546713 125.8822166850302806 120.2073691048647476   0.5972973599283659
  91.9786401163490960 125.0034940327568921 122.3011856612494890  -0.5679026422667466
  90.2627687867485970 124.5272830470087455 118.4385854435144561  -0.4157026406204122
  89.8640365724912155 125.3757700811393838 116.7661778149941517   0.2718973593795878
  89.6334899841528232 121.8325335800370365 118.7522799817453912  -0.0875026406204122
  87.9289570113558519 120.8820013346746466 116.5847641061377182   0.2984973593795878
  88.6999652739957251 121.5037212327347262 114.7800756482429124  -0.0297026406204122
  87.6662850787407924 117.9926100759090461 116.5072853346469395  -0.3192026406204121
  89.4747529889034320 117.1290052327070325 116.0216257182291817   0.0790973593795878
  92.0183243651614438 120.2205971878022058 119.0073930098247565   0.5972973599283659
  92.1430462900002377 118.6521244966475566 120.7175951610234915  -0.5679026422667466
  93.9250580342879877 120.6136602236578232 117.3973463437238559  -0.4157026406204122
  93.7474237776993877 121.9723733139472056 116.0556407886397656   0.2718973593795878
  96.3250102243679700 119.2322704197613851 117.5749806003124559  -0.0518026406204122
  95.9281677362445054 117.2140429087334920 117.6524593718032211   0.0921973593795878
  97.9671822347455373 119.7897396292681576 115.2354996465179336  -0.1102026406204122
  98.1656034788072763 121.8344233061709400 115.0692037467328749   0.0456973593795878
  99.8493494641311085 119.0017238314229925 115.5416352802131879   0.0456973593795878
  96.9259431349549239 118.7409416249418634 112.7278330668044357   0.3530973593795877
  94.9719663124803516 119.3399848093949004 112.4783892171268344  -0.0361026406204122
  98.4717391125025174 119.7595040111254208 110.5111843117148039  -0.4121026406204121
  97.7687609906838119 118.9809368439498669 108.7405109242305954   0.0999973593795878
  98.3186712956548902 121.8098568664299807 110.4507130754293304   0.0999973593795878
 100.4540618269859097 119.2322704197613851 110.7360617216514323   0.0999973593795878
  97.0223191677849114 115.8534400923101929 112.6050008680995587  -0.4121026406204121
  96.2853259755556222 115.2052640283751967 110.7965329579369191   0.0999973593795878
  98.9744062641255670 115.2166023851787248 112.7864145769559923   0.0999973593795878
  95.8941526658339216 115.0276297717865968 114.1111125968347908   0.0999973593795878
  97.7385253725410617 119.8483211394197141 120.0354040266779250   0.5972973599283659
  98.5964610373413114 118.1154422746139231 121.3279767022800432  -0.5679026422667466
  97.8084452394961597 122.2539425079014738 120.8045225631838679  -0.4157026406204122
  97.1980636982395946 123.6239939549943706 119.6083259204117104   0.2718973593795878
  98.9479500982506640 123.0136124137378189 123.2063644793977672   0.0212973593795878
 100.9340522650019033 122.4485842996953522 123.1931363964603358   0.1123973593795878
  98.8175589950101061 125.8973344941016423 123.4954925778877297  -0.1231026406204122
  96.8541335418659226 126.5190543921617219 123.3972268189238388   0.1111973593795878
  99.6074645189891881 126.4207886331978310 125.3285269277913419   0.1111973593795878
 100.6392549881101903 127.4261229364439304 121.0218410685848157  -0.3119026406204122
 100.4049289475039507 129.8090675913186209 121.8211952232335086   0.1932973593795878
  97.6988411237287273 121.6813554893233396 125.4664769355676075   0.5972973599283659
  99.0216494174735957 120.5475198089705724 127.0028242824455628  -0.5679026422667466
  95.1703875565420906 121.7097013813321595 125.6819057148346115  -0.4157026406204122
  94.1272587306175603 122.6224391040161051 124.3534282426879926   0.2718973593795878
  93.8948224161452374 120.4322465148013762 127.7946195325585885  -0.0518026406204122
  94.8623621967129194 121.0293999731205100 129.5142703144269212   0.0921973593795878
  94.1990683237065616 117.5447449821697058 127.6774565122554485   0.5972973599283659
  94.3993792939022174 116.3390997087279507 129.6522203222031600  -0.5679026422667466
  94.3237902485453690 116.4241373847544103 125.4154543299517316  -0.4157026406204122
  94.1234792783497131 117.4823840197503020 123.8299741035918039   0.2718973593795878
  94.8604724705790024 113.7312776439166182 125.1206570530600052   0.0336973593795878
  93.4734134882808002 112.6616926521171983 126.2091393061986606   0.0822973593795878
  94.5807930027586511 113.0018433562230231 122.3314212793922391  -0.1825026406204122
  94.8774800057842943 110.9741672145255191 122.1178822262591386   0.0602973593795878
  92.6910668688373992 113.4818337942390169 121.6662376802519512   0.0602973593795878
  95.9754108895925341 113.9977290287995247 121.1881369683698743   0.0602973593795878
  97.4853020705956268 113.0547556879728157 126.1694550573863128   0.5972973599283659
  97.7460842770767560 111.1499117449801887 127.4809249943276397  -0.5679026422667466
  99.3863665613204066 114.6685818063415633 125.7593844863254036  -0.4157026406204122
  99.1047973673661383 116.1671346305411147 124.5953131878299130   0.2718973593795878
 101.8675769751590014 114.3529975419767112 126.9272352370887278  -0.0024026406204122
 102.4817379686834135 112.4179179808413476 126.5795256284472222   0.0977973593795878
 103.7573031090802533 116.1425681908001420 125.6422214660222637  -0.0343026406204122
 103.9103709259278805 115.6361215869092452 123.6542295731371209   0.0294973593795878
 103.0221996429848942 118.0644196689980474 125.7197002375130558   0.0294973593795878
 106.3764635306951137 116.1047736681217109 126.8025133122499205   0.0117973593795878
 107.8580088196893730 113.8919043652999263 126.7004681010181689  -0.1256026406204122
 107.1701485069420427 112.2516220810562891 125.7480461295218757   0.1329973593795878
 110.2371740222962299 113.8257639506126889 127.8853263869868120  -0.1704026406204122
 111.3502227151758446 112.1439076914227736 127.8172962461656442   0.1429973593795878
 111.1442425665784248 115.9762722910150700 129.1608915273836517  -0.1072026406204122
 112.9394823938036195 115.9271394115331110 130.0774087023354577   0.1296973593795878
 109.6967123479947492 118.2023696767742996 129.2175833114012913  -0.1704026406204122
 110.4034699220813018 119.8388725087501029 130.1662258306297509   0.1429973593795878
 107.3099882408522117 118.2647306391937032 128.0516222867718706  -0.1256026406204122
 106.2026087263743607 119.9484766245175352 128.1347702366643998   0.1329973593795878
 101.8108851911413617 114.6950379722164663 129.8185162219882453   0.5972973599283659
 103.0127510123152832 113.2380591229631796 131.1734498600097806  -0.5679026422667466
 100.2877659272008376 116.4543730028971469 130.8200710729665110  -0.4157026406204122
  99.4033740965256852 117.6656874547406659 129.6257641563282704   0.2718973593795878
  99.8663569993364004 116.6886990435033865 133.5771815023576234  -0.0875026406204122
 101.6975016231060957 116.9645990590558907 134.4804705943719714   0.0968973593795878
  98.1845007401464851 118.9809368439498669 134.2461445537657452   0.2984973593795878
  96.3665841993142345 118.7976334089595030 133.3031712129390226  -0.0297026406204122
  99.4865220464182278 119.2549471333684408 138.1200831283043061   0.0790973593795878
  99.3863665613204066 121.4886034236633647 133.4335623161795939  -0.3192026406204121
  98.0956836118521785 123.0457377580144725 133.8152869952316833   0.0790973593795878
 101.1457015920010871 121.7890698789568283 134.4672425114345132   0.0790973593795878
  99.8153343937205247 121.4734856145920030 131.4285628880891592   0.0790973593795878
  98.7533083064567857 114.2490626046110429 134.6883404691033079   0.5972973599283659
  99.5772289008464513 113.4100242011500156 136.6933398971937426  -0.5679026422667466
  96.9599582053655078 113.0377481527675239 133.3787602582958845  -0.4157026406204122
  96.3306794027697340 113.8427714858179808 131.7573752353914427   0.2718973593795878
  95.9224985578427415 110.5659863695985266 134.1459890686678971  -0.0875026406204122
  94.0403313284571839 110.0122966123596013 130.5536196880836043  -0.0297026406204122
  97.9293877120671198 108.4816184438833830 134.0288260483647840   0.5972973599283659
  98.0767863505129697 106.9414916447375670 135.7617049131705748  -0.5679026422667466
  99.5205371168288117 108.4589417302763272 132.0691800474884610  -0.4157026406204122
  99.2862110762225719 109.7458452274767080 130.6707827083867174   0.2718973593795878
 101.6011255902761083 106.6561429985154516 131.8443026375518326   0.0336973593795878
 100.8320070537701520 104.7531887816567549 132.0238266202743492   0.0822973593795878
 102.7557482581019877 106.9112560265948302 129.2005757761959993  -0.1825026406204122
 103.9859599712847289 105.3012093604939164 128.8528661675544937   0.0602973593795878
 101.2685337907059642 106.9093663004609001 127.7738325450854360   0.0602973593795878
 103.8442305112406297 108.6554732482041359 129.0569565900179698   0.0602973593795878
 103.5872277570273476 106.9736169890142206 133.9570164552757827   0.5972973599283659
 104.6303565829518779 105.1027881164321908 134.8432980120848385  -0.5679026422667466
 104.0313133984988406 109.2847520507999231 134.8848719870311166  -0.4157026406204122
 103.2603051358589676 110.7965329579369191 133.9929212518202967   0.2718973593795878
 105.5846682805821016 109.6910431695929853 137.1468741693348602  -0.0518026406204122
 107.2873115272451557 108.5420896801688698 136.9956960786211633   0.0921973593795878
 106.2233957138474864 112.5199631920730992 137.4378919939587262  -0.1102026406204122
 104.4621709570328891 113.5838790054707683 137.5210399438512554   0.0456973593795878
 107.1739279592098763 112.7769659462863945 139.2501393563892128   0.0456973593795878
 107.8882444378321097 113.6953728473721174 135.3686418773149575   0.3530973593795877
 107.0095217855587345 113.5064002339799896 133.5280486228756512  -0.0361026406204122
 108.2718588430181295 116.5035058823791059 135.9393391697591882  -0.4121026406204121
 109.4737246641920375 117.3463237381079802 134.4974781295772632   0.0999973593795878
 106.4501628499180453 117.4634867584110933 135.9242213606877999   0.0999973593795878
 109.1619198520950325 116.7416113752531791 137.7818221503323982   0.0999973593795878
 110.4658308845007055 112.4273666115109588 135.2873836535563317  -0.4121026406204121
 111.6809247886120582 113.4194728318196133 133.9551267291418524   0.0999973593795878
 111.3067590140956632 112.4727200387250705 137.1657714306740555   0.0999973593795878
 110.2617404620372026 110.4809486935720671 134.6524356725587939   0.0999973593795878
 104.2769777959085949 108.7650773639715681 139.5543852639505370   0.5972973599283659
 105.4391593682701686 107.4422690702266997 141.0718353494892970  -0.5679026422667466
 101.8581283444894038 109.4056945233708832 139.8907565157885145  -0.4157026406204122
 101.0323180239658077 110.5187432162504981 138.5660584959097026   0.2718973593795878
 100.3047734624061295 104.3676846503368184 140.2989373607154936  -0.4157026406204122
 100.5579967643515780 105.2615251116815686 138.6265297321952029   0.2718973593795878
 100.4824077189947294 100.6657111539850933 137.5663933710653672  -0.0074026406204122
  98.7627569371263832 101.2212906373579357 136.5742871507567262   0.0366973593795878
 102.0754468498903380 101.5727796982672884 136.6366481131761298   0.0366973593795878
 103.1884955427699529  96.6387047625989052 137.2319118453613198  -0.5432026406204121
 104.7153942589783240 101.7315166935166796 141.9581169062983529  -0.4157026406204122
 104.8287778270136035 103.4058140481709006 141.0397100052126434   0.2718973593795878
 109.3055390382730486 102.3702441267820510 142.3984230955020124  -0.1102026406204122
 108.9729472387029047 104.2694188913729140 143.1278573831956075   0.0456973593795878
 110.9647185838559081 101.6086844948117891 143.3565142454000965   0.0456973593795878
 109.8837952352529602 102.5346503004332061 139.5506058116826764   0.3530973593795877
 108.2945355566251854 103.3906962390995389 138.5584995913740352  -0.0361026406204122
 112.2062686538421772 104.1994990244178296 139.1651016803627533  -0.4121026406204121
 112.6768104611885600 104.2316243686944831 137.1638817045401522   0.0999973593795878
 111.7602932862367538 106.1081224196782902 139.7943804829585271   0.0999973593795878
 113.8011975108717026 103.4587263799206932 140.2365763982960898   0.0999973593795878
 110.4582719799650113  99.9608433060324577 138.3600783473122962  -0.4121026406204121
 111.0667637950876595 100.2065077034422251 136.4098809771055710   0.0999973593795878
 111.9228097337539788  98.9876343470630118 139.4315530652456598   0.0999973593795878
 108.7442903764984424  98.8156692688761758 138.3241735507677822   0.0999973593795878
 112.1080028948782729  86.3548151417994521 137.2054556794864034   0.3991973593795878
 111.1952651721943005  90.7144133327557709 137.4889145995746019   0.1655973593795878
 144.6207410289934082 117.6486799195353741 126.8516461917318658  -0.0024026406204122
 145.7337897218730231 118.7825155998881279 125.5382865286566088   0.0977973593795878
 144.7473526799661190 114.8991283946799558 125.9483570997175180  -0.0343026406204122
 143.5983991905420170 113.7199392871130903 127.1899071697037739   0.0294973593795878
 143.9253218117103969 114.7838551005107597 124.0605206919301965   0.0294973593795878
 147.4061973503933406 113.8465509380858144 125.8463118884857666   0.0117973593795878
 148.9690008631462125 114.2830776750216268 123.7411569752974837  -0.1256026406204122
 148.2792508242649384 115.3980160940351718 122.1764637364107085   0.1329973593795878
 141.8957559438789494 118.6181094262369861 126.6910194703485713   0.5972973599283659
 141.2381312492743556 119.9276896370444097 124.8806618340520150  -0.5679026422667466
 140.3027168129833541 118.0908758348729504 128.5883045088055175  -0.4157026406204122
 140.9508928769183234 117.0042833078682251 130.0263860967195820   0.2718973593795878
 137.5796214540028254 118.6918087454599044 128.5164949157164893  -0.0024026406204122
 136.7802672993541324 117.7677326659724175 126.8573153701336300   0.0977973593795878
 136.2662617909275415 117.5995470400534285 130.8654245001806228  -0.0343026406204122
 137.1903378704150418 118.3289813277470236 132.5586191161740660   0.0294973593795878
 134.3141746945868859 118.2628409130597863 130.9051087489929706   0.0294973593795878
 136.2039008285081378 114.7328324948948838 130.9542416284749159   0.0117973593795878
 134.6354281373535019 113.3835680352751126 129.2837237260885287  -0.1256026406204122
 133.4940335524650673 114.3926817907890590 127.9420181710044248   0.1329973593795878
 134.5560596397288063 110.7285028171157516 129.3385257839722380  -0.1704026406204122
 133.3919883412333159 109.7099404309321940 128.0062688595577587   0.1429973593795878
 135.9903617753750373 109.4056945233708832 131.1337656111974328  -0.1072026406204122
 135.9298905390895638 107.3647902987359210 131.2225827394917260   0.1296973593795878
 137.4926940518424357 110.7511795307228074 132.8534163930657656  -0.1704026406204122
 138.4923591766867978 109.7382863229410139 134.3009466116494545   0.1429973593795878
 137.6476515948239931 113.3986858443464877 132.7381430988965826  -0.1256026406204122
 138.8230612501230116 114.4002406953247399 134.0647308449092980   0.1329973593795878
 136.9730193650141075 121.5263979463417822 128.2254770910926233   0.5972973599283659
 134.8244007507456432 122.2066993545534317 127.6528900725144891  -0.5679026422667466
 138.8457379637300675 123.1931363964603358 128.5316127247878776  -0.4157026406204122
 140.5710579240001643 122.4882685485077000 128.9397935697148567   0.2718973593795878
 138.6019632924542168 125.9351290167800598 128.2160284604230257  -0.0581026406204122
 138.7380235740965520 126.8195208474552123 125.4438002219605515   0.5972973599283659
 137.6155262505473127 128.7470415040548818 124.7653885398828053  -0.5679026422667466
 139.9871325486185022 125.4097851515499677 123.7543850582349419  -0.4157026406204122
 140.8110531430081544 123.7732823195741643 124.3345309813487704   0.2718973593795878
 140.0778394030467257 126.0428434064135753 121.0369588776561774  -0.0581026406204122
 140.6012935421429143 128.0194969424952169 120.8045225631838679   0.1359973593795878
 142.0903977356728546 124.4271275619108974 119.7084814055095451  -0.0074026406204122
 141.5556052397731380 122.4410253951596849 119.8615492223571589   0.0366973593795878
 142.1074052708781464 124.9146769044625989 117.7072614296869306   0.0366973593795878
 144.7568013106357436 124.6992481251955679 120.6892492690146718   0.1867973593795878
 146.6692041581640513 122.9380233683809572 120.2659506150163176  -0.5432026406204121
 137.5115913131816579 125.6951337977720697 119.7198197623130730   0.5972973599283659
 136.8879816889876480 127.0973105891416469 117.9699333623019901  -0.5679026422667466
 135.9809131447054395 123.8809967092076796 120.5834246055150866  -0.4157026406204122
 136.6083022211673100 122.7849555515333299 122.0158370150273870   0.2718973593795878
 133.5299383490095815 123.2838432508885593 119.4420300206266520  -0.0252026406204122
 133.8058383645620858 122.6848000664355086 117.4880531981520660   0.0697973593795878
 132.6474362444683591 121.7342678210731188 120.4757102158815711   0.0697973593795878
 131.7365882479183170 125.5496248854601367 119.4590375558319438   0.5972973599283659
 131.2093546565542946 126.6759016612772096 117.4975018288216772  -0.5679026422667466
 130.8710936785823867 126.3376406833053018 121.6889143938590070  -0.4157026406204122
 131.4304526142230627 125.4419104958266212 123.2781740724867953   0.2718973593795878
 129.0323901502770105 128.4012216215473064 121.9062328992599682  -0.0275026406204122
 127.4223434841760966 127.9533565278079526 120.7024773519521166   0.1122973593795878
 128.0535120129058007 128.5353921770557114 124.6142104491691083  -0.0050026406204122
 126.7930646815803227 130.1567771999601533 124.7767268966863333   0.0338973593795878
 126.9102277018834360 126.8554256439997265 124.9600303316767107   0.0338973593795878
 130.0018196569785957 128.7016880768407699 126.6588941260719178  -0.1415026406204122
 130.8881012137876785 126.7136961839556271 127.9760332414150086  -0.1638026406204122
 130.3608676224236294 124.7899549796237916 127.7020229519964346   0.2061973593795878
 132.4868095230850378 127.4847044465955003 129.8506415662648988  -0.3418026406204122
 133.2880534038676611 126.2696105424841340 131.0940813623850850   0.3411973593795878
 130.0320552751213460 130.9731388898141381 121.0180616163169821   0.5972973599283659
 128.5410613554574754 132.5075965105581901 120.1109930720347736  -0.5679026422667466
 132.5113759628260239 131.4550190539640488 121.1522321718253870  -0.4157026406204122
 133.6659986306519167 130.1378799386209311 121.9119020776617321   0.2718973593795878
 133.2956123084033551 133.8171767213656137 117.1781381121889915   0.5972973599283659
 134.0363849529004781 131.8235156500786801 115.8175352957656788  -0.4157026406204122
 134.8829822608971863 130.3570881701557956 116.7246038400478872   0.2718973593795878
 133.6867856181250424 131.6836759161685110 113.0490865095710518  -0.0389026406204122
 134.5050370341129575 133.3749808060280239 112.2119378322439413   0.1006973593795878
 135.0492781606822718 129.4027764725255721 111.8850152110755612   0.3653973593795878
 134.6505459464248905 129.3857689373202801 109.8630082477798213   0.0042973593795878
 137.9141029797068728 129.5218292189626155 112.2176070106457053  -0.2438026406204122
 138.7644797399714416 127.8154065200317141 111.4314809389344569   0.0641973593795878
 138.6510961719361622 131.1583320509384189 111.2103829812656756   0.0641973593795878
 138.4224393097316999 129.6748970358102157 114.2055989035308615   0.0641973593795878
 134.1913424958820089 127.1067592198112447 112.8960186927234245  -0.6761026389740777
 134.7185760872460582 126.9952653779098955 114.6459050927345075   0.4101973593795878
 130.8937703921894425 131.6609992025614551 112.2742987946633315   0.5972973599283659
 130.1964614487725011 132.9705794133688787 110.4790589674381503  -0.5679026422667466
 129.2572675602136391 130.3665368008253934 113.7029317519077983  -0.4157026406204122
 129.9678045865680119 129.1967963239281388 115.0484167592597359   0.2718973593795878
 126.5114954876260545 130.4062210496377412 113.2853022763112082  -0.0237026406204122
 126.1203221779043406 129.7750525209080638 111.3634507981132894   0.0879973593795878
 125.1338851359974634 128.5372819031896418 115.0276297717865968   0.0341973593795878
 125.6856851671024719 128.8812120595632868 116.9797168681272524   0.0240973593795878
 123.1024295420321123 128.8604250720901611 114.8802311333407471   0.0240973593795878
 125.6573392750936520 125.7650536647271675 114.3511078158427945   0.0017973593795878
 127.6453311679787948 125.3682111766036895 114.7025968767521472   0.0439973593795878
 124.5556289390175652 124.5820851048924548 115.6228935039718004   0.0439973593795878
 124.9789275930159060 124.7975138841594858 111.1196761268374521  -0.2737026406204122
 121.6000972655647139 125.2888426789789941 110.8929089907669068  -0.0536026406204122
 120.9500314754958144 124.6709022331867482 109.0371979272562386   0.0683973593795878
 120.6363369372648792 124.1852426167689770 112.3385494832166654   0.0683973593795878
 121.1616808024949847 127.2862832025337613 111.1310144836409800   0.0683973593795878
 125.3871084379429119 133.0593965416631986 113.5498639350601846   0.5972973599283659
 123.8866658876094436 133.8511917917761975 111.9568248041645625  -0.5679026422667466
 126.1751242357880769 134.4955884034433329 115.4792743177937843  -0.4157026406204122
 127.3751003308280547 133.7321390453391541 116.7699572672619990   0.2718973593795878
 125.4060056992821072 137.1298666341295684 115.8043072128282340  -0.0518026406204122
 123.3462042133079631 137.1865584181472080 115.8477709139084288   0.0921973593795878
 129.7051326539529660 137.0996310159868183 113.4383700931588355   0.2718973593795878
 132.5057067844242599 137.0618364933084007 109.5908876844951640  -0.0297026406204122
 127.8078476154960198 139.2444701779874489 108.0280841717422787   0.5972973599283659
 127.1955763481055378 136.8539666185770641 107.4762841406372836  -0.4157026406204122
 127.9080031005938677 135.4536795533414170 108.5836636551151345   0.2718973593795878
 125.5118303627817192 136.1453193183565946 105.3635703229133200  -0.0875026406204122
 126.2733899947519679 136.9276659377999958 103.6174633751700842   0.0968973593795878
 125.3776598072732873 133.2464794289213829 105.0687730460216070   0.2984973593795878
 125.0072734850247257 132.3979923947907444 106.9093663004609001  -0.0297026406204122
 123.2951816076920872 132.3809848595854526 103.2432976006536756  -0.3192026406204121
 123.3991165450577422 130.3381909088165735 102.9844051203064633   0.0790973593795878
 121.4394705441814192 132.8137321442534178 104.0218647678292297   0.0790973593795878
 123.5087206608251879 133.3182890220104111 101.4197118814196611   0.0790973593795878
 127.9023339221921038 132.2279170427378253 104.0728873734451053  -0.3192026406204121
 127.8191859722995477 130.1718950090315148 103.9746216144812010   0.0790973593795878
 128.2878380535120271 132.9894766747081008 102.1963893224612983   0.0790973593795878
 129.4311223645343918 132.7457020034322501 105.3503422399758752   0.0790973593795878
 122.8775521320954837 137.2923830816467932 105.6923826702156169   0.5972973599283659
 121.9440274219383857 138.5736174004453969 103.9935188758204097  -0.5679026422667466
 121.7115911074660630 136.9824679956837051 107.9052519730374017  -0.4157026406204122
 122.5695267722663259 135.9166624561521324 109.2564061587911032   0.2718973593795878
 119.2417190504309960 138.0936269624293896 108.4816184438833830  -0.0024026406204122
 117.8452114374631828 137.3207289736556131 107.1833765898794874   0.0977973593795878
 118.5103950366034708 137.3509645917983632 111.1895959937925365  -0.0343026406204122
 117.8622189726684746 135.4007672215916110 111.2198316119352733   0.0294973593795878
 120.1941410219273028 137.4397817200926565 112.3744542797611662   0.0294973593795878
 116.5186236914504674 139.0479386600596402 112.3536672922880271   0.0117973593795878
 113.5347461259888095 137.9311105149121648 109.8025370114943344   0.1329973593795878
 115.6228935039718004 139.3011619620050885 100.4672899099233543   0.0559973593795878
 115.3318756793479210 139.1858886678358789 102.5063044084243864  -0.0173026406204122
 113.7860797018003411 139.0649461952649320  99.5602213656411595  -0.0173026406204122
 117.3217572983670075 137.0920721114511509  99.6377001371319247   0.0135973593795878
 118.6918087454599044 136.6971193494616032 101.1192454261261841  -0.0425026406204122
 116.1406784646662251 135.4121055783951391  99.4487275237397969  -0.0425026406204122
 118.6899190193259875 137.5645036449314639  97.1300335574184269   0.8053973582820314
 117.3312059290366051 137.9141029797068728  95.2081820792205081  -0.8188026384252995
 121.0388486037901075 137.5645036449314639  97.0865698563382321  -0.8188026384252995
 103.3094380153409130 128.6317682098856989  96.1341478848419253  -0.5679026422667466
 103.0562147133954647 132.5397218548348438 101.5009701051782870  -0.5679026422667466
  98.5095336351809349 131.1356553373313631 103.8177743453657401  -0.0252026406204122
 100.0156453639161804 128.8925504163668146 104.8249983747457562   0.5972973599283659
 100.8093303401630960 128.9114476777060368 107.0076320594248044  -0.5679026422667466
 100.4635104576555073 127.0103831869812570 103.2036133518413278  -0.4157026406204122
  99.7756501449081769 127.1634510038288843 101.4291605120892723   0.2718973593795878
 101.9318276637123219 124.7483810046775134 103.8423407851067128  -0.0875026406204122
 101.1154659738583505 123.8791069830737493 105.5223073181627112   0.0968973593795878
 101.9356071159801691 122.7660582901941346 101.7069502537756935   0.2984973593795878
 103.0770017008686037 123.4690364120128401 100.1422570148889047  -0.0297026406204122
 103.0486558088597838 120.2602814366145536 102.6423646900667216  -0.3192026406204121
 103.0940092360738956 118.8902299895216434 101.1079070693226562   0.0790973593795878
 104.9894045483969114 120.5248430953635300 103.2810921233321067   0.0790973593795878
 101.9318276637123219 119.5043909830460421 104.1976092982839127   0.0790973593795878
  99.2956597068921831 122.1896918193481399 100.6770495107886214  -0.3192026406204121
  99.4846323202843109 120.8423170858622988  99.1350329855088751   0.0790973593795878
  98.1126911470574703 121.3789993078959189 102.1510358952471865   0.0790973593795878
  98.4131576023509609 123.8904453398772774  99.9343871401575681   0.0790973593795878
 104.6681511056302953 125.4249029606213294 104.4753990399703339   0.5972973599283659
 105.5903374589838655 124.5764159264906909 106.4218169579092254  -0.5679026422667466
 105.8889141881434256 127.0576263403292991 102.9730667635029354  -0.4157026406204122
 105.0026326313343562 127.7190304872017265 101.4216016075535914   0.2718973593795878
 108.5477588585706338 127.7511558314783800 103.3661297993585528  -0.0518026406204122
 109.7042712525304301 126.0371742280118114 103.3207763721444411   0.0921973593795878
 109.4340404153796897 129.5596237416410330 101.2647543384381305  -0.1102026406204122
 108.1301293829740303 131.1545525986705584 101.1891652930812686   0.0456973593795878
 111.2878617527564409 130.2966169338703222 101.7825392991325418   0.0456973593795878
 109.6362411117092758 128.3823243602080842  98.6134685725466032   0.3530973593795877
 107.8674574503589842 127.4563585545866804  98.1183603254592343  -0.0361026406204122
 110.1426877156001592 130.4988176301998950  96.7010657250182954  -0.4121026406204121
 110.3524473164654261 129.7013532016851322  94.8207882217666546   0.0999973593795878
 108.5609869415080786 131.8140670194090823  96.7067349034200595   0.0999973593795878
 111.8755665804059502 131.4928135766424663  97.2056226027752755   0.0999973593795878
 111.7886391782455737 126.4680317865458730  98.4188267807527248  -0.4121026406204121
 111.9265891860218259 125.7291488681826536  96.5045342070904867   0.0999973593795878
 113.5687611963993934 127.3505338910870952  98.9517295505185111   0.0999973593795878
 111.4447090218719017 124.8768823817841544  99.6868330166138835   0.0999973593795878
 108.9805061432385989 128.9397935697148567 105.9645032335002741   0.5972973599283659
 110.5829939048038186 128.1026448923877463 107.4006950952804352  -0.5679026422667466
 107.4932916758425756 130.8521964172431646 106.6599224507832988  -0.4157026406204122
 106.1383580378210268 131.4417909710265906 105.4542771773415435   0.2718973593795878
 107.7578533345915518 132.0427238816135445 109.1581403998271989  -0.0597026406204122
 109.7552938581463058 132.4698019878797458 109.4340404153796897   0.0868973593795878
 106.2838669501329733 134.5598390919966670 109.2885315030677567   0.1302973593795878
 106.5352005259444914 135.3119500932973178 111.1933754460603837   0.0186973593795878
 107.4554971531641445 136.4741316656588781 107.4328204395570887  -0.3204026406204121
 109.4964013777990933 136.5497207110157399 107.7087204551095930   0.0881973593795878
 107.0643238434424440 135.9166624561521324 105.4882922477521273   0.0881973593795878
 103.4190421311083454 134.2196883878908286 108.8236588741231380  -0.0430026406204122
 103.1072373190113403 133.5979684898307490 106.8847998607199272   0.0235973593795878
 102.6990564740843479 132.7645992647714722 110.0859959315825330   0.0235973593795878
 107.0605443911746104 130.2437046021205162 111.3313254538366359   0.5972973599283659
 108.1357985613757942 130.4836998211285333 113.3741194046055014  -0.5679026422667466
 105.3465627877080282 128.4276777874221959 110.9250343350435603  -0.4157026406204122
 104.6076798693448219 128.2292565433604569 109.1732582088985606   0.2718973593795878
 104.7569682339246021 126.4888187740189987 112.8034221121612841   0.0336973593795878
 104.3525668412654433 127.4110051273725687 114.6024413916543259   0.0822973593795878
 102.3834722097195092 125.0582960906406016 111.9813912439055488  -0.1825026406204122
 101.7825392991325418 123.8243049251900400 113.5158488646496008   0.0602973593795878
 100.8905885639217219 126.3943324673229414 111.5354158763001254   0.0602973593795878
 102.7746455194412098 123.9112323273504030 110.3165425199209253   0.0602973593795878
 107.0095217855587345 124.7030275774634017 113.2418385752310134   0.5972973599283659
 107.8655677242250539 124.4649220845893417 115.3828982849637967  -0.5679026422667466
 108.0469814330815009 123.6202145027265370 111.2103829812656756  -0.5163026406204122
 107.2438478261649609 123.9849316465733345 109.5039602823347876   0.2935973593795878
 110.4242569095544274 122.1726842841428479 111.1404631143105911   0.0396973593795878
 110.2201664870909379 120.3736650046498197 112.1174515255478706   0.1104973593795878
 111.0365281769449229 121.6322226098413674 108.3398889838392972   0.0559973593795878
 109.6249027549057479 120.3302013035696381 107.5915574348064799  -0.0173026406204122
 110.8305480283475030 123.4010062711916724 107.3156574192539756  -0.0173026406204122
 113.6859242167025065 120.5909835100507674 107.7351766209844960   0.0135973593795878
 115.0805421035364028 121.4394705441814192 108.9918445000421268  -0.0425026406204122
 113.7010420257738816 118.5519690115497353 108.0620992421528626  -0.0425026406204122
 114.4663811100119907 121.1692397070306788 104.9912942745308283   0.8053973582820314
 112.7901940292238393 121.2070342297090965 103.3151071937426769  -0.8188026384252995
 116.7567291843245408 121.5698616474219636 104.5717750728003213  -0.8188026384252995
 112.5577577147515300 123.6032069675212452 112.4897275739303623   0.5365973593795877
 113.7388365484523125 122.6299980085517993 114.2433934262092790  -0.5819026422667466
 112.9640488335445922 126.0012694314673240 111.8094261657187128  -0.4157026406204122
 111.9927296007090767 126.6966886487503353 110.3070938892513143   0.2718973593795878
 115.0370784024562080 127.4922633511311678 112.8601138961789239  -0.0014026406204122
 116.7794058979315965 126.4774804172154706 112.5029556568678071   0.0875973593795878
 115.1995948499734328 130.0906367852728891 111.5751001251124732  -0.0152026406204122
 113.4497084499623500 131.1054197191886129 111.9681631609680906   0.0294973593795878
 116.7302730184496512 131.1337656111974328 112.4783892171268344   0.0294973593795878
 115.6663572050519818 130.1832333658350429 108.7367314719627482  -0.0011026406204122
 116.4222476586204799 128.0100483118255925 107.3742389294055322  -0.1906026406204122
 116.6509045208249556 126.2318160198057166 108.2926458304912551   0.1698973593795878
 116.7964134331368886 128.0780784526467600 104.7512990555228382  -0.2341026406204122
 117.2612860620815207 126.3811043843854832 103.7743106442855451   0.1655973593795878
 116.4846086210398835 130.5611785926192986 103.3604606209567889   0.3225973593795878
 116.9305839886453069 130.7766073718863026 100.8414556844397629  -0.5579026422667467
 117.1082182452338934 132.5170451412277878 100.3614652464237693   0.3991973593795878
 115.6625777527841482 132.8364088578604735 104.9043668723704518  -0.2341026406204122
 115.3734496542941857 134.6203103282821402 104.0256442200970767   0.1655973593795878
 115.2657352646606836 132.5208245934956214 107.5121889371817843  -0.1906026406204122
 114.6345667359309794 134.0855178323824237 108.6025609164543433   0.1698973593795878
 114.8405468845283993 127.8210756984334781 115.7287181674713856   0.5972973599283659
 116.7246038400478872 127.5262784215417516 117.0666442702876289  -0.5679026422667466
 112.5898830590281836 128.4522442271631822 116.6905887696373034  -0.4157026406204122
 111.0932199609625491 128.6034223178768790 115.5000613052669098   0.2718973593795878
 112.1873713925029550 128.8453072630187996 119.3985663195464569  -0.0518026406204122
 113.8616687471571895 129.7693833425062999 120.1676848560524132   0.0921973593795878
 109.8743466045833492 130.5706272232888963 119.7840704508663936  -0.1102026406204122
 108.4249266598657433 130.0944162375407495 118.3970114685681914   0.0456973593795878
 109.0844410806042672 130.1813436397011126 121.6492301450466592   0.0456973593795878
 110.4620514322328583 133.4260034116438996 119.6763560612328781   0.3530973593795877
 111.6544686227371688 133.9022143973920732 121.2882924534677222  -0.0361026406204122
 111.7999775350491016 134.3481897649974698 117.2801833234207294  -0.4121026406204121
 112.0569802892623972 136.3909837157663489 117.3519929165097442   0.0999973593795878
 113.6575783246937000 133.4751362911258720 117.1327846849748797   0.0999973593795878
 110.6888185683034038 133.8625301485797254 115.6191140517039532   0.0999973593795878
 107.9902896490638612 134.9094384267721027 119.9182410063747986  -0.4121026406204121
 108.3909115894551595 136.9276659377999958 119.9730430642585215   0.0999973593795878
 106.7733060188185781 134.4918089511754993 118.3081943402738980   0.0999973593795878
 107.0303087730318602 134.3689767524706222 121.6567890495823535   0.0999973593795878
 111.9681631609680906 126.3546482185105936 120.8838910608085635   0.5972973599283659
 112.4972864784660432 126.3811043843854832 123.1477829692462241  -0.5679026422667466
 111.3540021674436917 124.2211474133134910 119.6687971566971973  -0.4157026406204122
 110.8324377544814199 124.3250823506791729 117.8225347238561268   0.2718973593795878
 111.6450199920675576 121.6870246677251037 120.7894047541124928  -0.0875026406204122
 110.7587384352584882 121.6756863109215756 122.6488952698910215   0.0968973593795878
 110.2711890927068136 119.5837594806707377 119.3173080957878446   0.2984973593795878
 110.7190541864461539 119.7103711316434620 117.3123086676973964  -0.0297026406204122
 111.0251898201413948 116.9608196067880437 120.3075245899625823  -0.3192026406204121
 109.8233239989674735 115.5151791143382849 119.4836039955729165   0.0790973593795878
 112.9659385596785225 116.5431901311914401 119.7576142849914906   0.0790973593795878
 110.8532247419545590 116.8795613830294312 122.3597671714010590   0.0790973593795878
 107.3969156430125880 119.8048574383395325 119.6782457873668084  -0.3192026406204121
 106.4388244931145172 118.3818936594968297 118.5406306547462074   0.0790973593795878
 106.9131457527287471 119.5176190659835003 121.6605685018501873   0.0790973593795878
 106.7487395790775920 121.6700171325198117 119.1056587687886608   0.0790973593795878
 114.4418146702710180 121.1068787446112752 121.2240417649143883   0.5972973599283659
 115.2373893726518637 120.7818458495768120 123.3896679143881445  -0.5679026422667466
 115.9762722910150700 121.0993198400755810 119.2190423368239403  -0.4157026406204122
 115.2071537545091271 121.3846684862976830 117.4767148413485381   0.2718973593795878
 118.6653525795850148 120.3850033614533476 119.3721101536715539  -0.0875026406204122
 118.8033025873612669 118.5387409286122905 120.2753992456859153   0.0968973593795878
 119.9560355290532294 120.3887828137211946 116.7548394581906239   0.2984973593795878
 119.8218649735448111 122.2917370305798913 115.9819414694168339  -0.0297026406204122
 122.7641685640602043 119.6480101692240582 116.8342079558153195  -0.3192026406204121
 123.5578535403071333 119.6782457873668084 114.9312537389566228   0.0790973593795878
 123.8488713649309992 120.9575903800314818 117.9926100759090461   0.0790973593795878
 122.9550309035862490 117.7450559523653615 117.6014367661873454   0.0790973593795878
 118.7239340897365713 118.6011018910316943 114.8783414072068168  -0.3192026406204121
 119.5591930409297650 118.8940094417894770 113.0207406175622318   0.0790973593795878
 119.0281799972978955 116.6565736992267195 115.5000613052669098   0.0790973593795878
 116.7057065787086785 118.9582601303428109 114.7441708516984119   0.0790973593795878
 120.1601259515167190 122.2463836033657795 121.0142821640491214   0.5972973599283659
 121.7191500120017573 121.4848239713955309 122.5600781415967013  -0.5679026422667466
 119.6253334556170024 124.7068070297312621 120.8347581813266046  -0.4157026406204122
 118.3403196845505517 125.2756145960415627 119.5251779705191812   0.2718973593795878
 120.7856253018446592 126.5984228897864175 122.4882685485077000  -0.0252026406204122
 122.8227500742117742 126.6116509727238757 122.1840226409463760   0.0697973593795878
 120.0259553960083141 128.4503545010292519 122.0082781104916929   0.0697973593795878
 120.2753992456859153 126.1014249165651453 125.2982913096486185   0.5972973599283659
 122.0252856456969848 126.2280365675378559 126.8270797519909066  -0.5679026422667466
 117.9359182918914063 125.4400207696926910 125.9918208007976994  -0.4157026406204122
 116.5772052016020239 125.2378200733631182 124.6538946979814561   0.2718973593795878
 117.2726244188850486 124.8485364897753347 128.6053120440108093   0.0336973593795878
 117.8376525329275019 126.4283475377335252 129.8015086867829534   0.0822973593795878
 114.4002406953247399 124.5291727731426488 128.8112921926082157  -0.1825026406204122
 113.8881249130320925 124.1228816543496000 130.7652690150827747   0.0602973593795878
 113.4610468067658779 126.2658310902162736 128.2198079126908594   0.0602973593795878
 113.7615132620593682 122.9814870694611386 127.6113160975682112   0.0602973593795878
 118.6634628534510845 122.4958274530433942 129.5747415507123945   0.5972973599283659
 119.6706868828311142 122.5411808802575060 131.6704478332310796  -0.5679026422667466
 118.7919642305577390 120.4757102158815711 128.0610709174414682  -0.4157026406204122
 117.9907203497751292 120.5588581657741003 126.3149639696982458   0.2718973593795878
 120.0013889562673412 118.1003244655425614 128.8547558936883972  -0.0389026406204122
 119.1358943869313974 117.4937223765538301 130.6216498289047720   0.1006973593795878
 119.6253334556170024 115.9630442080776252 126.9121174280173661   0.3653973593795878
 120.4643718590780432 114.2396139739414454 127.6642284293180172   0.0042973593795878
 116.8455463126188473 115.4433695212492836 126.3300817787696075  -0.2438026406204122
 116.1557962737375866 113.9448166970497187 127.5546243135505713   0.0641973593795878
 115.6871441925251209 117.1157771497695877 126.6059817943221118   0.0641973593795878
 116.6338969856196637 114.8821208594746640 124.3666563256254240   0.0641973593795878
 120.8309787290587710 116.4883880733077307 124.6142104491691083  -0.6761026389740777
 120.5947629623186145 115.0824318296703197 123.4822644949502715   0.4101973593795878
 122.7925144560690242 118.5160642150052348 129.3857689373202801   0.5972973599283659
 123.6882446435477047 117.8565497942667107 131.4228937096873953  -0.5679026422667466
 124.1417789156887954 119.7632834633932546 127.6661181554519473  -0.4157026406204122
 123.3046302383616849 120.1431184163114271 125.9767029917263379   0.2718973593795878
 126.8365283826605043 120.2281560923378867 127.9609154323436469  -0.0014026406204122
 127.7133613087999625 118.4574827048536782 128.5523997122610033   0.0875973593795878
 127.9854818720846332 120.7043670780860467 125.3285269277913419  -0.0152026406204122
 126.8119619429195180 122.0196164672952208 124.2589419359919086   0.0294973593795878
 129.8544210185327326 121.5301773986096426 125.5420659809244424   0.0294973593795878
 128.3124044932530132 118.2212669381135217 123.8809967092076796  -0.0011026406204122
 130.4477950245840191 116.7378319229853320 124.4573631800536474  -0.1906026406204122
 131.8102875671412487 117.4672662106789405 125.7518255817897093   0.1698973593795878
 130.7577101105471073 114.3000852102269186 123.4444699722718540  -0.2341026406204122
 132.3035060880946873 113.1568008992045673 123.9906008249750984   0.1655973593795878
 128.8264100016795772 113.2607358365702356 121.5944280871629499   0.3225973593795878
 129.1155381001695397 110.9212548827757265 120.5569684396401836  -0.5579026422667467
 127.9854818720846332 110.6056706184108744 119.1340046607974807   0.3991973593795878
 126.5851948068489861 114.9444818218940676 121.0123924379152179  -0.2341026406204122
 125.1187673269260748 114.2906365795573076 119.7859601770003104   0.1655973593795878
 126.4340167161352892 117.3293162029026884 122.1991404500177645  -0.1906026406204122
 124.8088522409630137 118.4499238003179840 121.8571000197779960   0.1698973593795878
 127.4242332103100269 122.1103233217234443 130.0868573330050553   0.5972973599283659
 129.3234079749008765 121.7626137130819387 131.3850991870089508  -0.5679026422667466
 125.8368632578161689 124.0302850737874462 130.5630683187532021  -0.4157026406204122
 124.3194131722774087 124.3005159109381866 129.4197840077308639   0.2718973593795878
 126.1467783437792570 125.6460009182901241 132.8212910487891120  -0.0875026406204122
 128.0799681787806903 126.3565379446444971 132.8534163930657656   0.0968973593795878
 124.3647665994915205 127.9533565278079526 132.7948348829142224   0.2984973593795878
 122.4466945735614489 127.3316366297478731 132.3620875982462573  -0.0297026406204122
 125.2132536336221590 129.8733182798719548 130.8030635377612190  -0.3192026406204121
 123.8923350660112075 131.4512396016962150 130.7350333969400515   0.0790973593795878
 125.2397097994970486 128.9813675446611348 128.9586908310540789   0.0790973593795878
 125.8122968180751828 124.0926460362068500 135.2344713218065526   0.5972973599283659
 127.3410852604174708 124.3496487904201321 136.9616810082105796  -0.5679026422667466
 123.9301295886896252 122.4107897770169347 135.3402959853061378  -0.4157026406204122
 122.7282637675156903 122.2652808647050017 133.8511917917761975   0.2718973593795878
 123.5465151835036054 120.7232643394252554 137.5134810393155882  -0.0597026406204122
 123.4728158642806737 121.8722178288493843 139.2255729166482267   0.0868973593795878
 120.9953849027099261 119.3097491912521638 137.2942728077807235   0.1302973593795878
 120.8744424301389524 118.4631518832554422 135.4196644829308334   0.0186973593795878
 120.7591691359697562 117.1781381121889915 139.2614777131927407  -0.3204026406204121
 118.9242450599322272 116.2616209372371852 139.1310866099521694   0.0881973593795878
 122.2010301761516678 115.7400565242749135 138.9534523533635829   0.0881973593795878
 121.0048335333795239 117.9396977441592535 141.1644319300514240   0.0881973593795878
 118.7825155998881279 121.1938061467716383 137.6249748812169373  -0.0430026406204122
 118.6218888785048199 121.7229294642695909 139.6110770479681766   0.0235973593795878
 119.1661300050741477 122.9153466547739012 136.5629487939531981   0.0235973593795878
 116.2294955929605183 120.1695745821863302 136.7046782539972707  -0.0660026406204122
 115.6115551471682723 118.5935429864960000 137.8763084570284553   0.0185973593795878
 114.8178701709213433 121.6643479541180478 136.8180618220325499   0.0185973593795878
 116.3863428620759792 119.5478546841262371 134.7450322531209476   0.0185973593795878
 125.8141865442091131 118.9488114996731999 137.8555214695553297   0.5972973599283659
 126.7307037191609191 118.6955881977277514 139.9568969304757519  -0.5679026422667466
 126.8837715360085464 117.8376525329275019 135.8524117675987985  -0.4157026406204122
 126.0692995722884649 118.0493018599266857 134.1289815334626051   0.2718973593795878
 129.1608915273836517 116.2616209372371852 136.1358706876869971  -0.0518026406204122
 128.8490867152866332 114.9784968923046514 137.7213509140469248   0.0921973593795878
 129.6144257995247423 114.6383461881988267 133.7718232941515019  -0.1102026406204122
 130.0641806193979995 115.8704476275154848 132.1825636155237136   0.0456973593795878
 131.2622669883040738 113.4553776283641139 134.1403198902661332   0.0456973593795878
 127.3902181398994430 112.9186954063304805 133.0140431144490869   0.3530973593795877
 125.9464673735835877 114.0355235514779424 132.0975259394972809  -0.0361026406204122
 128.2746099705745689 110.9496007747845464 131.1073094453225432  -0.4121026406204121
 126.6570043999379875 109.8573390693780572 130.4855895472624368   0.0999973593795878
 129.0871922081607200 111.9095816508165340 129.4745860656145734   0.0999973593795878
 129.6919045710155078 109.7193890616018050 131.9595759317210153   0.0999973593795878
 126.1448886176453267 111.4957316274877776 135.2004562513959687  -0.4121026406204121
 124.6368871627761643 110.3203219721887591 134.4521247023631515   0.0999973593795878
 127.5432859567470434 110.3392192335279813 136.1793343887671785   0.0999973593795878
 125.3077399403182163 112.8260988257683401 136.5308234496765177   0.0999973593795878
 131.5287183731869805 117.7866299273116262 136.8690844276484258   0.5972973599283659
 133.2011260017072712 116.7775161717976798 138.1295317589739038  -0.5679026422667466
 131.6439916673561632 120.2187074616682755 136.1963419239724703  -0.4157026406204122
 130.2550429589240442 120.9008985960138554 135.0681754220214671   0.2718973593795878
 120.8045225631838679 110.2636301881711193 144.3240540259677784   0.0341973593795878
 122.5657473199984654 110.6377959626875279 143.3168299965877487   0.0240973593795878
 120.1563464992488854 108.3928013155890898 143.7628053641931453   0.0240973593795878
 118.8259793009683229 112.2157172845117750 143.5058026099798631   0.0017973593795878
 119.5157293398495700 114.0959947877634291 143.9990211309333018   0.0439973593795878
 118.6559039489154036 112.1420179652888567 141.4554497546753168   0.0439973593795878
 115.6928133709268848 111.8264337009240046 144.8607362480013985  -0.2737026406204122
 114.7385016732966477 108.8179896957213741 143.5398176803904470  -0.0536026406204122
 112.8185399212326592 108.3871321371873256 144.1501992216470255   0.0683973593795878
 114.7895242789125236 108.9294835376227232 141.4856853728180400   0.0683973593795878
 115.9970592784882090 107.3213265976557396 144.1785451136558455   0.0683973593795878
 138.5018078073563955  83.0062204324909834 130.6518854470475221   0.0284973593795878
 136.5837357814263238  84.9053951970818462 132.5831855559150252   0.0284973593795878
 139.5279290980756204  87.2618836860816471 129.6125360733908122   0.0686973593795878
 141.5121415386929564  84.2458807763433358 127.5678523964880295   0.4477973593795878
 134.7941651326028931  90.0643475426868580 134.0042596086238246  -0.5894026395228559
 131.7895005796680962  90.9789749915047473 136.9106584025947037  -0.4157026406204122
 129.9583559558984143  92.1732819081429879 135.2099048820655665  -0.0875026406204122
 130.6915696958598699  92.1430462900002377 133.2842739515998272   0.0968973593795878
 127.4128948535064990  90.7635462122377297 135.1777795377889129   0.2984973593795878
 126.3130742435643155  91.4892010476634912 133.5922993114289851  -0.0297026406204122
 127.8040681632281860  87.9327364636236857 134.7809370496654349  -0.3192026406204121
 126.0069386098690880  87.0804699772252136 134.2612623628371067   0.0790973593795878
 129.1684504319193189  87.6511672696694309 133.2842739515998272   0.0790973593795878
 128.5089360111808219  87.0294473716093377 136.4930289269981003   0.0790973593795878
 125.8368632578161689  91.0583434891294427 137.5701728233332278  -0.3192026406204121
 124.0397337044570440  90.0756858994903859 137.3509645917983632   0.0790973593795878
 125.4513591264962189  93.0501148342824462 137.9424488717156927   0.0790973593795878
 129.7164710107564939  94.9492895988732956 135.9771336924376059   0.5972973599283659
 128.3407503852618331  96.4516218753406941 134.5031473079790271  -0.4157026406204122
 127.3486441649531651  95.6938416956382793 133.0669554461988661   0.2718973593795878
 127.9117825528617015  99.1142459980357361 135.1040802185659813  -0.0014026406204122
 128.5316127247878776  99.4449480714719631 137.0334906012995810   0.0875973593795878
 129.4821449701502677 100.8357865060379990 133.3334068310817728  -0.0152026406204122
 129.1760093364550132 100.2499714045224068 131.3813197347411172   0.0294973593795878
 128.8528661675544937 102.7878736023786546 133.5015924570007616   0.0294973593795878
 132.2846088267554650 100.8149995185648599 133.9400089200704907  -0.0011026406204122
 133.0650657200649628 101.0417666546354188 136.4779111179267386  -0.1906026406204122
 131.7252498911147892 101.4045940723482996 137.9707947637245126   0.1698973593795878
 135.5935192872515861 100.6373652619762736 137.1374255386652358  -0.2341026406204122
 137.4000974712803087 100.1649337284959606 135.2533685831457479   0.3225973593795878
 136.6706631835866868 100.1498159194245855 132.6927896716824709  -0.2341026406204122
 138.0898475101615560  99.7378556222297594 131.2962820587146576   0.1655973593795878
 134.1081945459894795 100.4521721008519794 132.0294957986761132  -0.1906026406204122
 133.5393869796791790 100.2839864749329904 130.0792984284693610   0.1698973593795878
 125.1225467791939355  99.7926576801134687 135.2514788570118444   0.5972973599283659
 123.4652569597449794  98.2298541673605968 134.7903856803350595  -0.5679026422667466
 124.7011378513294982 102.1548153475150336 136.0149282151160234  -0.4157026406204122
 126.2299262936717862 103.2017236257074111 136.4457857736500582   0.2718973593795878
 122.2633911385710716 103.2603051358589676 136.5950741382298518   0.0336973593795878
 121.2391595739857500 101.9715119125246697 137.8385139343500378   0.0822973593795878
 122.8416473355509697 105.6904929440817000 138.0898475101615560  -0.1825026406204122
 121.1012095662095113 106.5484286088819497 138.7852667274445673   0.0602973593795878
 124.0000494556446962 105.2312894935388318 139.7357989728069571   0.0602973593795878
 123.8602097217345271 107.0284190468979435 136.9144378548625375   0.0602973593795878
 120.6174396759256704 103.6533681717145850 134.2140192094890647   0.5972973599283659
 120.6779109122111437 102.1737126088542423 132.4244485606656340  -0.5679026422667466
 119.1472327437349255 105.7056107531530617 134.1837835913463414  -0.4157026406204122
 119.3210875480556916 106.8545642425771906 135.6936747723494073   0.2718973593795878
 117.0458572828145033 106.3273306512131547 132.4490150004066201  -0.0875026406204122
 115.4906126745973122 105.0479860585484679 132.8779828328067517   0.0968973593795878
 116.2427236758979631 109.0957794374077951 133.0045944837794625   0.2984973593795878
 114.4323660396014068 109.4472684983171479 132.0824081304258923  -0.0297026406204122
 115.9384777683366391 109.6456897423788735 135.8467425891970346  -0.3192026406204121
 115.3621112974906576 111.5996665648534459 136.1075247956781772   0.0790973593795878
 114.5041756326904216 108.4079191246604513 136.6460967438457275   0.0790973593795878
 117.7053717035530137 109.4283712369779258 136.8766433321841201   0.0790973593795878
 118.1570162495602013 111.0516459860162844 132.0143779896047248  -0.3192026406204121
 117.4899429242859963 112.9546002028749945 132.4320074652013283   0.0790973593795878
 119.9976095039994941 110.7833048749994743 132.8968800941459470   0.0790973593795878
 118.3611066720236906 110.8929089907669068 129.9715840388358725   0.0790973593795878
 117.5315168992322610 106.0722176231337895 129.5955285381855202   0.5972973599283659
 115.7400565242749135 106.3046539376060989 128.1536674980036220  -0.5679026422667466
 119.8483211394197141 105.5412045795019199 128.7451517779209784  -0.3479026406204122
 121.1446732672896927 105.1349134607088444 130.0849676068711251   0.2746973593795878
 120.5720862487115585 105.0933394857625797 126.0938660120294510  -0.2637026406204122
 120.4662615852119601 106.8545642425771906 125.0393988293014063   0.1559973593795878
 123.2951816076920872 104.1182408006592171 125.8859961372981144  -0.0007026406204122
 123.5427357312357717 102.4363845414693018 127.0557366141953688   0.0326973593795878
 123.5937583368516474 103.5758894002238197 123.9187912318860971   0.0326973593795878
 125.2529378824345068 106.1232402287496653 126.6362174124648618   0.0389973593795878
 124.6916892206598738 107.9657232093228886 125.8973344941016423   0.0284973593795878
 125.3323063800591755 106.2252854399814167 128.6903497200372420   0.0284973593795878
 127.8891058392546456 105.4826230693503634 125.6157653001473741   0.0485973593795878
 129.2289216682048192 106.8734615039163993 126.3414201355731354   0.0686973593795878
 128.4503545010292519 103.6250222797057651 126.3055153390286214   0.0686973593795878
 127.9231209096652294 105.5884477328499486 122.8340884310153023  -0.5295026406204122
 127.3089599161408173 107.2287300170935992 122.0404034547683733   0.3455973593795878
 128.4182291567525984 103.7554133829463364 121.2183725865126244   0.8075973604771440
 129.1174278263034432 101.4915214745086759 121.9119020776617321  -0.8627026400716341
 129.2950620828920566 101.1022378909208923 123.7487158798331780   0.4477973593795878
 129.3706511282488916 100.1649337284959606 120.5796451532472394   0.4477973593795878
 128.2292565433604569 104.1787120369446905 118.8203101225665588  -0.8627026400716341
 127.5867496578272517 105.8889141881434256 118.2004799506403827   0.4477973593795878
 128.6714524586980467 102.9031468965478508 117.4748251152146212   0.4477973593795878
 118.8146409441647948 103.2168414347787726 124.7559399092132077   0.7340973577332534
 117.6751360854102771 103.7818695488212259 122.8246398003456777  -0.5894026395228559
 118.3611066720236906 101.0379872023675716 125.9351290167800598  -0.4157026406204122
 119.2606163117702048 100.7053954027974277 127.5829702055593912   0.2718973593795878
 116.6036613674769269  99.1350329855088751 124.9392433442035582  -0.0014026406204122
 117.0590853657519481  98.8213384472779398 122.9531411774523189   0.0875973593795878
 116.9683785113237246  96.6254766796614470 126.3735454798497889  -0.0152026406204122
 116.9948346771986276  96.9996424541778556 128.4012216215473064   0.0294973593795878
 115.3186475964104762  95.4481772982285116 126.0126077882708519   0.0294973593795878
 119.2984108344486359  95.0796807021138671 125.6705673580310834  -0.0011026406204122
 118.9714882132802557  92.9027161958365829 124.1455583679566292  -0.1906026406204122
 117.1252257804391854  92.4132771271509781 123.4917131256198961   0.1698973593795878
 121.0218410685848157  91.3418024092176279 123.4822644949502715  -0.2341026406204122
 120.7648383143715201  89.6920714943043797 122.3540979929992950   0.1655973593795878
 123.6561192992710510  92.0485599833041806 124.3742152301611182   0.3225973593795878
 125.6913543455042359  90.6142578476579497 123.7279288923600525  -0.5579026422667467
 127.3108496422747474  91.4041633716370316 124.1002049407425443   0.3991973593795878
 123.8998939705468749  94.3993792939022174 126.0107180621369218  -0.2341026406204122
 125.7083618807095279  94.9549587772750597 126.7023578271520992   0.1655973593795878
 121.7040322029303956  95.7883280023343366 126.6059817943221118  -0.1906026406204122
 121.8665486504476204  97.4040438468370009 127.8002887109603524   0.1698973593795878
 113.7955283324699521  99.9646227583003047 124.9959351282211978   0.5972973599283659
 112.2232761890474692  98.7174035099122715 123.8186357467882760  -0.5679026422667466
 113.1379036378653449 102.0244242442744623 126.3168536958321493  -0.4157026406204122
 114.5400804292349223 103.0392071781901862 127.1256564811504668   0.2718973593795878
 110.6283473320179304 103.2262900654483838 126.2544927334127723  -0.0237026406204122
 109.2091630054430611 101.8184440956770560 125.7820611999324594   0.0879973593795878
 109.9348178408688226 104.3053236879174148 128.8660942504919251   0.0341973593795878
 111.2557364084797873 105.8038765121169660 129.3517538669096962   0.0240973593795878
 108.0809965034920847 105.1764874356551091 128.7564901347245062   0.0240973593795878
 109.9272589363331418 102.3778030313177452 131.0392793045013755   0.0017973593795878
 111.6506891704693216 101.2496365293667554 130.9825875204837358   0.0439973593795878
 109.9763918158151006 103.4643955583224571 132.7910554306463618   0.0439973593795878
 107.2173916602900713 100.2802070226651568 131.2943923325807273  -0.2737026406204122
 107.6747053846990092  98.0994630641200255 128.6979086245729363  -0.0536026406204122
 106.7468498529436750  96.3155615936983723 129.1438839921783597   0.0683973593795878
 106.8394464335058154  98.8666918744920515 126.9801475688385070   0.0683973593795878
 109.6834842650573044  97.7744301690855759 128.4031113476812098   0.0683973593795878
 110.4242569095544274 105.2785326468868605 124.2135885087777967   0.5972973599283659
 108.5553177631063146 105.3068785388956804 122.8265295264796080  -0.5679026422667466
 112.3026446866721514 106.9566094538089285 123.9622549329662787  -0.5163026406204122
 113.8295434028805225 106.8281080767022876 125.1149878746582412   0.2935973593795878
 110.5338610253218597 109.8648979739137380 121.9912705752864277   0.1104973593795878
 112.4594919557876257 107.6331314097527444 119.3343156309931364   0.5365973593795877
 110.9155857043739625 108.2926458304912551 117.7261586910261528  -0.5819026422667466
 114.0128468378708864 105.6583675998050330 119.0055032836908396  -0.4157026406204122
 115.3205373225443931 105.2955401820921525 120.3623266478462916   0.2718973593795878
 114.3227619238339746 104.3657949242029015 116.5809846538698711  -0.0275026406204122
 115.1674695056967793 105.6772648611442418 115.2336099203840167   0.1122973593795878
 115.9668236603454588 101.9960783522656424 117.0156216646717530  -0.0050026406204122
 115.3413243100175322 101.0625536421085445 118.7447210772097104   0.0338973593795878
 115.5548633631506327 100.7016159505295941 115.4679359609902562   0.0338973593795878
 118.8014128612273366 102.1472564429793527 117.0742031748233232  -0.1415026406204122
 120.2621711627484705 104.1617045017393985 116.4921675255755778  -0.1638026406204122
 119.5837594806707377 106.0495409095267337 116.0972147635860301   0.2061973593795878
 122.7377123981853147 103.3869167868316919 116.1973702486838513  -0.3418026406204122
 124.1020946668764476 104.5490983591932654 115.4622667825884923   0.3411973593795878
 123.0381788534787784 100.8603529457789719 116.7680675411280686   0.1379973593795878
 125.1017597917207830  99.1860555911247508 116.6886990435033865  -0.2601026406204122
 126.8743229053389218  99.7907679539795520 115.9611544819436948   0.1571973593795878
 124.8050727886951531  96.6821684636790866 117.5296271730983441  -0.1134026406204122
 126.3659865753141215  95.4009341448804831 117.4729353890807045   0.1416973593795878
 122.4561432042310464  95.8658067738251018 118.4669313355232758  -0.1972026406204122
 122.2577219601693076  93.9760806399038500 119.1434532914670917   0.1446973593795878
 120.3642163739802219  97.5098685103365995 118.4820491445946509  -0.2387026406204122
 118.5954327126299304  96.8805897077408256 119.2001450754847315   0.1699973593795878
 120.5796451532472394 100.0780063263355842 117.5371860776340250   0.1242973593795878
 111.7905289043794906 103.5021900810008880 115.4603770564545620   0.5972973599283659
 111.4749446400146520 103.5173078900722632 113.1568008992045673  -0.5679026422667466
 109.9669431851454896 102.7765352455751267 117.0553059134841008  -0.4157026406204122
 110.2957555324477864 102.9749564896368521 118.9261347860661440   0.2718973593795878
 107.4403793440927696 102.0697776714885740 116.2162675100230735   0.0336973593795878
 107.6274622313509805 100.6638214278511632 114.7233838642252862   0.0822973593795878
 106.0249744697857608 100.8395659583058462 118.4291368128448583  -0.1825026406204122
 104.1749325846768567 100.1970590727726142 117.7941888318473205   0.0602973593795878
 107.0945594615851807  99.2238501138031683 119.1283354823957166   0.0602973593795878
 105.7774203462420764 102.1944995963273814 119.9617047074549934   0.0602973593795878
 106.0022977561787050 104.3185517708548730 115.0710934728667918   0.5972973599283659
 105.1859360663247201 104.1598147756054818 112.8960186927234245  -0.5679026422667466
 105.6923826702156169 106.4010299704360863 116.4713805381024387  -0.4157026406204122
 106.6448046417119237 106.5333107998105745 118.1286703575513813   0.2718973593795878
 104.3204414969887897 108.6384657129988438 115.5340763756774936  -0.0875026406204122
 102.5063044084243864 107.9808410183942501 114.8197598970552602   0.0968973593795878
 103.6495887194467377 110.4922870503755951 117.6845847160798883   0.2984973593795878
 102.6083496196561378 109.4321506892457728 119.1151073994582720  -0.0297026406204122
 105.9323778892236206 111.6847042408799054 118.9828265700837838  -0.3192026406204121
 105.3087682650295973 112.9942844516873288 120.4416951454709872   0.0790973593795878
 107.0416471298353883 110.2107178564213269 119.8861156620981450   0.0790973593795878
 107.0926697354512640 112.6994871747956158 117.6203340275265542   0.0790973593795878
 101.9015920455695852 112.6050008680995587 116.7567291843245408  -0.3192026406204121
 101.2874310520451729 113.7539543575236742 118.3535477674880099   0.0790973593795878
 102.8861393613425590 113.8068666892734666 115.4055749985708527   0.0790973593795878
 100.2405227738528090 111.7848597259777401 115.8553298184441097   0.0790973593795878
 105.6848237656799360 109.8365520819049183 113.2739639195076804   0.5972973599283659
 104.4565017786311251 110.3807932084742460 111.3710097026489837  -0.5679026422667466
 108.1962697976612811 109.9650534590115727 113.3249865251235560  -0.4157026406204122
 109.1127869726130871 109.4718349380581206 114.9425920957601507   0.2718973593795878
 109.1014486158095592 112.8563344439110767 110.7984226840708360   0.0863973593795878
 109.4510479505849816 109.4019150711030362 108.8217691479892077   0.5972973599283659
 108.9502705250958623 110.4431541708936496 106.7978724585595509  -0.5679026422667466
 109.5965568628969280 106.8810204084520802 108.9842855955064325  -0.4157026406204122
 110.0311938736988101 106.0816662538034006 110.6755904853659590   0.2718973593795878
 109.1486917691575877 105.2426278503423599 106.8073210892291619   0.0336973593795878
 110.4053596482152187 105.8360018563936330 105.2842018252886244   0.0822973593795878
 109.7911986546908063 102.5176427652279143 107.5556526382619658  -0.1825026406204122
 109.4642760335224398 101.2496365293667554 105.9682826857681212   0.0602973593795878
 111.7754110953081289 102.3910311142551900 108.1017834909652104   0.0602973593795878
 108.6157889993917881 101.9185995807748771 109.1411328646219070   0.0602973593795878
 106.4218169579092254 105.4504977250736965 105.8076559643848132   0.5972973599283659
 106.0211950175179138 105.2823120991547077 103.5173078900722632  -0.5679026422667466
 104.5264216455862096 105.8492299393310778 107.4460485224945335  -0.4157026406204122
 104.9364922166471188 105.9191498062861624 109.3225465734783406   0.2718973593795878
 101.9185995807748771 106.3348895557488489 106.5748847747568392  -0.0389026406204122
 101.4442783211606474 104.8854696110312431 105.1953846969943312   0.1006973593795878
  99.8625775470685533 106.1629244775620129 108.6271273561953159   0.3653973593795878
  98.0616685414416080 106.5068546339356715 107.6822642892346900   0.0042973593795878
  99.6225823280605630 103.5569921388845975 109.8365520819049183  -0.2438026406204122
  98.2903254036460703 103.6439195410449738 111.4069144991934843   0.0641973593795878
  98.9120453017061633 102.2285146667379652 108.4419341950710351   0.0641973593795878
 101.4386091427588833 102.8955879920121700 110.5244123946522621   0.0641973593795878
 100.0421015297910700 108.0091869104030700 110.5300815730540260  -0.6761026389740777
 101.7844290252664722 108.5515383108384674 110.7285028171157516   0.4101973593795878
 101.6672660049633457 108.8614533968015555 105.1991641492621649   0.5972973599283659
 100.3350090805488663 108.9578294296315431 103.2886510278677875  -0.5679026422667466
 102.9881845725743104 110.8362172067492669 106.0741073492677064  -0.4157026406204122
 104.0521003859719663 110.6018911661430274 107.6576978494937173   0.2718973593795878
 103.0996784144756595 113.3136481683200282 104.8533442667545761  -0.0252026406204122
 101.2080625544204909 114.1205612275044020 104.7475196032549909   0.0697973593795878
 104.3072134140513449 114.5646468689758950 105.9588340550985102   0.0697973593795878
 104.1824914892125376 113.1341241855975113 102.1869406917917005   0.5972973599283659
 102.8899188136104060 113.8465509380858144 100.3841419600308251  -0.5679026422667466
 106.4123683272396142 111.9606042564324097 101.9204893069087940  -0.4157026406204122
 107.3666800248698513 111.4692754616128880 103.5116387116704992   0.2718973593795878
 107.6010060654760775 111.4995110797556246  99.4562864282754912  -0.0518026406204122
 108.0035177320013060 113.3079789899182642  98.5473281578593658   0.0921973593795878
 110.1200110019931166 110.0727678486450748  99.8323419289258165  -0.1102026406204122
 109.7137198832000411 108.2888663782234213 100.7828741742882064   0.0456973593795878
 110.8891295384990595 109.6249027549057479  97.9709616870133845   0.0456973593795878
 112.1684741311637463 111.4806138184164159 101.3573509190002709   0.3530973593795877
 111.4106939514613315 112.0985542642086619 103.1620393768950633  -0.0361026406204122
 114.3889023385212120 109.6967123479947492 101.8675769751590014  -0.4121026406204121
 115.8345428309709706 110.6907082944373340 102.9466105976280324   0.0999973593795878
 113.7407262745862294 108.0809965034920847 102.9655078589672546   0.0999973593795878
 115.1806975886342241 109.0466465579258363 100.0798960524695011   0.0999973593795878
 113.1832570650794569 113.7955283324699521  99.9778508412377495  -0.4121026406204121
 114.6629126279397993 114.7063763290199942 101.0852303557156003   0.0999973593795878
 113.8994632698356204 113.2512872059006244  98.1391473129323733   0.0999973593795878
 111.6601378011389328 115.1391236136879594  99.6962816472834813   0.0999973593795878
 105.8756861052059808 110.0311938736988101  97.6648260533181436   0.5972973599283659
 105.3938059410560568 110.8702322771598508  95.5558916878620271  -0.5679026422667466
 104.8627928974241873 107.8636779980911370  98.4925260999756429  -0.4157026406204122
 105.3049888127617635 107.2570759091024191 100.2556405829241707   0.2718973593795878
 103.2792023971981763 106.2914258546686541  96.8427951850623947  -0.0597026406204122
 104.3601257458011375 105.8908039142773425  95.1363724861315067   0.0868973593795878
 102.6215777025935826 103.7535236568124196  98.1391473129323733   0.1302973593795878
 101.9620632818550721 104.1768223108107736 100.0458809820589172   0.0186973593795878
 100.4710693621912015 102.3192215211661887  96.7974417578482830  -0.3204026406204121
 100.2159563341118229 100.4672899099233543  97.6629363271842133   0.0881973593795878
  98.7022857008409098 103.3604606209567889  96.9675171099012021   0.0881973593795878
 100.9019269207252498 102.0905646589617131  94.7943320558917516   0.0881973593795878
 104.9742867393255364 102.0263139704083926  98.3829219842082107  -0.0430026406204122
 106.4992957293999907 103.0940092360738956  99.2559754580798353   0.0235973593795878
 104.5094141103809176 100.4729590883251184  99.6547076723372166   0.0235973593795878
 106.0117463868483026 100.8886988377877916  95.9187191055749078  -0.0660026406204122
 106.5257518952748937 102.3778030313177452  94.5940210856961093   0.0185973593795878
 107.6973820983060651  99.7850987755777879  96.3457972118411091   0.0185973593795878
 104.6209079522822667  99.6395898632658416  95.0532245362389641   0.0185973593795878
 100.9510598002071954 107.7597430607254687  95.9697417111907701   0.5972973599283659
 100.3595755202898390 107.6747053846990092  93.7228573379584015  -0.5679026422667466
  99.6528179462032999 109.1222356032826847  97.6629363271842133  -0.4157026406204122
 100.2991042840043655 109.2375088974518811  99.4676247850790191   0.2718973593795878
  97.4664048092564046 110.6529137717589031  96.9297225872227712  -0.0275026406204122
  96.1152506235027165 111.7149398590226421  99.2616446364815992  -0.0050026406204122
  95.6201423764153476 110.1559157985376174 100.5164227894053133   0.0338973593795878
  97.4116027513726951 112.9508207506071474 100.2839864749329904   0.0338973593795878
  93.7625415867707492 113.1832570650794569  98.6455939168232701  -0.1415026406204122
  95.2440868757650222 117.8206449977222101  97.4588459047207238  -0.2387026406204122
  97.2264095902484143 117.4880531981520660  97.8160041440318406   0.1699973593795878
  93.5282155461645231 115.8156455696317619  97.8292322269692854   0.1242973593795878
  98.1769418356108044 112.7618481372150196  95.0777909759799502   0.5972973599283659
 100.3463474373523942 114.0033982072012889  95.4273903107553727  -0.4157026406204122
 101.4386091427588833 113.5479742089262677  96.9429506701602160   0.2718973593795878
 101.3082180395183120 115.9441469467384030  93.7077395288870399  -0.0518026406204122
  99.8606878209346364 117.3935668914560089  93.4790826666825641   0.0921973593795878
 103.6344709103753762 117.1573511247158524  94.9757457647481986  -0.1102026406204122
 103.0524352611276310 117.7280484171600697  96.8673616248033674   0.0456973593795878
 105.1065675687000244 115.7343873458731495  95.2081820792205081   0.0456973593795878
 104.8136600179422417 119.4892731739746804  93.6945114459495951   0.3530973593795877
 103.3566811686889550 120.9160164050852171  93.3902655383882709  -0.0361026406204122
 106.7940930062917037 120.5777554271133226  95.4897512731747763  -0.4121026406204121
 107.6293519574848974 122.2917370305798913  94.7395299980080421   0.0999973593795878
 105.9437162460271485 121.0105027117812878  97.3133369924087908   0.0999973593795878
 108.2907561043573382 119.1906964448151204  95.7732101932629614   0.0999973593795878
 106.1137915980800542 118.9129067031286992  91.1755065094325560  -0.4121026406204121
 107.4460485224945335 120.3982314443908058  90.6974057975504789   0.0999973593795878
 107.1777074114777235 117.1554613985819355  91.3304640524141000   0.0999973593795878
 104.7286223419157822 118.7485005294775440  89.6693947806973237   0.0999973593795878
 101.8486797138197926 114.8329879799927184  91.0847996550043457   0.5972973599283659
 103.3604606209567889 112.8242090996344232  90.9657469085673025  -0.5163026406204122
 104.1692634062750928 112.2289453674492332  92.6098086450787867   0.2935973593795878
 104.2202860118909687 111.6601378011389328  88.6111481457014183   0.0380973593795878
 105.1859360663247201 113.0925502106512332  87.4924302744200397   0.0879973593795878
 106.0986737890086925 109.5171883652722324  89.1742865336099550  -0.0303026406204122
 105.1632593527176643 108.0772170512242377  90.3175708446323063  -0.0122026406204122
 106.6523635462476179 108.6460246175345381  87.3884953370543714  -0.0122026406204122
 108.4910670745529941 110.3656753994028709  90.5367790761671710   0.7993973582820314
 109.7174993354678883 108.7046061276860946  91.6800633871895359  -0.8014026395228560
 109.1902657441038524 112.6106700465013226  90.2759968696860418  -0.8014026395228560
  98.6134685725466032  95.7807690977986557  97.0884595824721622   0.0602973593795878
  97.6289212567736295  94.3124518917418411 102.9333825146905876  -0.5679026422667466
  96.2154061086005376  98.8874788619651906 104.9213744075757438   0.0868973593795878
  92.7326408437836772 101.9979680783995727 107.0057423332908875  -0.3204026406204121
  91.4608551556546713 103.6174633751700842 106.9377121924697198   0.0881973593795878
  92.2620990364372811 100.8811399332521107 108.6724807834094277   0.0881973593795878
  94.6620512265172769 102.6839386650129863 107.2079430296204601   0.0881973593795878
  95.3763677051394968 103.1960544473056471 101.7485242287219714  -0.0660026406204122
  96.7350807954288792 101.6804940879008039 101.4386091427588833   0.0185973593795878
  95.3234553733897042 104.3903613639438743 100.0704474217998899   0.0185973593795878
  95.9867492463960620 104.3487873889976096 103.3434530857514968   0.0185973593795878
  97.0279883461866755  88.1991878485065922 106.9358224663358031  -0.0275026406204122
  96.5687848956438073  86.8348055798154459 108.4116985769282985   0.1122973593795878
  97.1243643790166630  86.7478781776550695 104.4319353388901389  -0.0050026406204122
  97.1243643790166630  88.0839145543373961 102.8653523738694199   0.0338973593795878
  98.9025966710365657  85.7066390778644561 104.3582360196672072   0.0338973593795878
  98.2941048559139175  76.4583193784538526 103.6684859807859601   0.1446973593795878
  97.1810561630343026  80.3813908324743725 103.8404510589727959  -0.2387026406204122
  99.0859001060269162  81.0862586804269947 104.0143058632935488   0.1699973593795878
  99.6055747928552712  89.3046776368505263 107.6671464801633283   0.5972973599283659
 101.1173556999922672  87.9421850942932967 108.7896438037125542  -0.5679026422667466
 100.1082419444783208  91.7291962666714813 107.1380231626653757  -0.4157026406204122
  98.8440151608849957  92.7439792005872053 106.1156813242139845   0.2718973593795878
 102.5100838606922334  92.9291723617114859 107.8731266287607482  -0.0389026406204122
 104.0143058632935488  91.6951811962609108 107.2419581000310440   0.1006973593795878
 102.9636181328333243  95.4595156550320397 106.5144135384713658   0.3653973593795878
 102.6782694866112224  95.1817259133456185 104.4924065751756257   0.0042973593795878
 101.3403433837949789  97.6723849578538243 107.3836875600751432  -0.2438026406204122
 101.6445892913562897  99.2767624455529609 106.1307991332853460   0.0641973593795878
  99.3655795738472675  97.1375924619541077 107.3005396101826005   0.0641973593795878
 101.8335619047484175  98.2222952628249027 109.3074287644069789   0.0641973593795878
 105.4712847125468355  96.2021780256630930 106.9169252049965943  -0.6761026389740777
 105.7056107531530617  97.8802548325851611 106.2630799626598342   0.4101973593795878
 102.7992119591821825  93.0860196308269467 110.7436206261871266   0.5972973599283659
 104.6398052136214756  92.1279284809288760 111.7886391782455737  -0.5679026422667466
 100.8716913025824998  94.0252135193858087 112.0909953596729810  -0.4157026406204122
  99.3636898477133508  94.7565375332133342 111.1782576369890086   0.2718973593795878
 100.9435008956715145  94.1196998260818660 114.8726722288050528  -0.0875026406204122
 102.6952770218165142  95.0588937146407280 115.4169133553743805   0.0968973593795878
  98.7627569371263832  95.6919519695043489 115.9970592784882090   0.2984973593795878
  99.1218049025714303  95.9017115703696158 118.0152867895161019  -0.0297026406204122
  98.6871678917695349  98.3470171876637101 114.8329879799927184  -0.3192026406204121
  97.3568006934889724  99.5243165690966453 115.8761168059172487   0.0790973593795878
 100.5504378598158971  99.2181809354014044 114.9444818218940676   0.0790973593795878
  98.0956836118521785  98.2695384161729446 112.8601138961789239   0.0790973593795878
  96.1435965155115363  94.4900861483304409 115.6909236447929545  -0.3192026406204121
  95.7165184092453352  94.2122964066440064 113.6953728473721174   0.0790973593795878
  96.0547793872172297  92.6853976904356351 116.6754709605659283   0.0790973593795878
 101.0549947375728636  91.4646346079225185 116.0178462659613347   0.5972973599283659
 102.3872516619873430  91.0772407504686517 117.8754470556059328  -0.5679026422667466
  99.8172241198544416  89.5900262830726281 114.8518852413319272  -0.4157026406204122
  98.7589774848585496  90.0038763064013846 113.3193173467217921   0.2718973593795878
  99.9740713889699159  86.9651966830560172 115.6852544663912040   0.0336973593795878
  99.3844768351864762  86.8782692808956273 117.6600182763389020   0.0822973593795878
  98.1391473129323733  85.3494808385533393 114.1262304059061659  -0.1825026406204122
  98.1353678606645263  83.4238499080875868 114.8632235981354553   0.0602973593795878
  96.2343033699397465  86.1261582795949765 114.2604009614145708   0.0602973593795878
  98.7211829621801187  85.3041274113392275 112.1533563220923712   0.0602973593795878
 102.6990564740843479  85.9523034752742238 115.5680914460880775   0.5972973599283659
 103.6231325535718483  84.9583075288316388 117.4597073061432463  -0.5679026422667466
 104.0388723030345215  86.2792260964425903 113.4383700931588355  -0.4157026406204122
 103.2546359574572037  87.1957432713944098 111.9473761734949649   0.2718973593795878
 106.6693710814529098  85.4231801577762710 113.2739639195076804  -0.0014026406204122
 106.6958272473277994  83.5013286795783521 114.0128468378708864   0.0875973593795878
 107.5783293518690217  85.2493253534555182 110.5092945855808870  -0.0152026406204122
 108.7310622935609842  83.5693588203995198 110.3921315652777739   0.0294973593795878
 105.9550546028306764  84.9280719106889022 109.2809725985320759   0.0294973593795878
 109.1883760179699355  87.3752672541169266 109.4378198676475368  -0.0011026406204122
 108.1471369181793221  88.9380707668697985 107.5462040075923682  -0.1906026406204122
 106.2819772239990429  88.5544563616837787 106.8942484913895384   0.1698973593795878
 109.5001808300669405  90.9959825267100391 106.5370902520784216  -0.2341026406204122
 108.6819294140790389  92.2261942398927804 105.1689285311194282   0.1655973593795878
 112.1609152266280655  91.4948702260652551 107.4857327713068813   0.3225973593795878
 113.5555331134619486  93.4545162269415914 106.5918923099621311  -0.5579026422667467
 114.8310982538587881  93.9458450217611131 107.7899786788682053   0.3991973593795878
 113.2531769320345413  89.6410488886885038 109.3811280836298971  -0.2341026406204122
 115.1353441614201123  89.8697057508929796 110.0595397657076300   0.1655973593795878
 111.7187193112904893  87.6587261742051117 110.2598507359032857  -0.1906026406204122
 112.4840583955285984  86.3718226770047441 111.6147843739248210   0.1698973593795878
 108.4494930996067294  86.9330713387793503 114.9822763445724851   0.5972973599283659
 110.2258356654927018  85.8256918243014995 115.9857209216846810  -0.5679026422667466
 107.9638334831889582  89.3745975038056107 115.4150236292404636  -0.4157026406204122
 106.5729950486229223  90.2344228947397771 114.4115790521282677   0.2718973593795878
 109.4699452119242037  90.8920475893443709 117.1800278383229082  -0.0237026406204122
 111.4579371048093599  90.6558318226042144 116.6962579480390673   0.0879973593795878
 108.8217691479892077  93.7134087072888039 116.9551504283862798   0.0341973593795878
 106.7922032801577870  93.9741909137699331 117.1913661951264362   0.0240973593795878
 109.7590733104141528  94.7281916412045142 118.4839388707285678   0.0240973593795878
 109.6419102901110397  94.9077156239270311 114.4361454918692540   0.0017973593795878
 108.4759492654816190  94.1537148964924499 112.9243645847322444   0.0439973593795878
 109.2658547894607010  96.9259431349549239 114.5457496076366863   0.0439973593795878
 112.9073570495269526  94.5033142312678857 113.4704954374354890  -0.2737026406204122
 114.5533085121723671  95.3895957880769551 116.3183127212548116  -0.0536026406204122
 116.5413004050575233  95.6371499116206396 115.8553298184441097   0.0683973593795878
 113.7766310711307300  97.1451513664897886 117.0590853657519481   0.0683973593795878
 114.3624461726463224  93.9080504990826957 117.7374970478296807   0.0683973593795878
 109.2091630054430611  89.9830893189282455 119.9201307325087289   0.5972973599283659
 111.1272350313731329  89.6504975193581150 121.1938061467716383  -0.5679026422667466
 106.9036971220591361  89.4350687400910842 120.8158609199873958  -0.4157026406204122
 105.3749086797168481  89.7563221828577002 119.7009225009738642   0.2718973593795878
 106.5295313475427275  88.3768221050951922 123.3575425701114909  -0.0518026406204122
 107.5613218166637297  89.5427831297245995 124.7068070297312621   0.0921973593795878
 103.7157291341339886  88.3938296403004842 124.0926460362068500  -0.1102026406204122
 102.6612619514059304  87.2581042338138001 122.7320432197835507   0.0456973593795878
 103.5551024127506806  87.4735330130808309 125.9332392906461563   0.0456973593795878
 102.4722893380138026  91.0224386925849422 124.2797289234650609   0.3530973593795877
 102.2530811064789379  91.8293517517693159 122.4089000508830044  -0.0361026406204122
  99.8455700118632613  90.7370900463628267 125.4513591264962189  -0.4121026406204121
  98.9063761233043993  92.5682346701325220 125.4986022798442610   0.0999973593795878
  98.7211829621801187  89.4407379184928481 124.3118542677417146   0.0999973593795878
 100.0043070071126525  90.0038763064013846 127.3694311524262905   0.0999973593795878
 103.9727318883472841  92.9083853742383468 125.8746577804945864  -0.4121026406204121
 102.9031468965478508  94.6544923219815826 126.0900865597616174   0.0999973593795878
 104.3563462935332905  92.1147003979914178 127.7379277485409486   0.0999973593795878
 105.7509641803671734  93.3675888247812152 124.9430227964714186   0.0999973593795878
 107.6501389449580365  85.7141979824001369 123.6069864197890788   0.5972973599283659
 108.9068068240156673  85.1699568558308226 125.4853741969068028  -0.5679026422667466
 107.3610108464680874  84.0928129594957085 121.6889143938590070  -0.4157026406204122
 106.2536313319902232  84.5973698372526884 120.2054793787308307   0.2718973593795878
 108.6498040698023717  81.6342792592641562 121.6284431575735336  -0.0024026406204122
 108.1603650011167669  80.5760326242682642 123.3273069519687409   0.0977973593795878
 107.8258834754127061  80.1149394475914792 119.2889622037790247  -0.0343026406204122
 108.3965807678569234  81.1826347132569823 117.6222237536604845   0.0294973593795878
 108.8803506581407643  78.3442660601072573 119.2795135731094135   0.0294973593795878
 105.0423168801467040  79.4554250268529553 118.9828265700837838   0.0117973593795878
 103.3415633596175799  79.4724325620582471 121.0407383299240378  -0.1256026406204122
 103.9708421622133540  79.9750997136812969 122.8888904888990116   0.1329973593795878
 100.7790947220203594  78.8639407469355989 120.6646828292736989  -0.1704026406204122
  99.5016398554896029  78.9092941741497106 122.2237068897587238   0.1429973593795878
  99.9003720697469842  78.2252133136702273 118.2363847471848832  -0.1072026406204122
  97.9539541518080927  77.7773482199308872 117.9567052793645453   0.1296973593795878
 101.5878975073386635  78.1874187909917964 116.1822524396124896  -0.1704026406204122
 100.9283830866001394  77.7112078052436364 114.3359900067714194   0.1429973593795878
 104.1484764188019537  78.7978003322483615 116.5601976663967321  -0.1256026406204122
 105.4127032023952656  78.7864619754448336 114.9917249752420962   0.1329973593795878
 111.5391953285679725  81.9252970838880354 121.6567890495823535   0.5972973599283659
 112.8355474564379512  80.4607593300990681 122.9096774763721372  -0.5679026422667466
 112.5558679886175997  83.8547074666216351 120.3906725398551115  -0.4157026406204122
 111.4050247730595675  84.9545280765638052 119.3248670003235255   0.2718973593795878
 115.2317201942500998  84.5198910657619097 120.4681513113458902  -0.0252026406204122
 116.3579969700671594  82.9174033041966900 119.8237546996787414   0.0697973593795878
 115.5529736370167158  86.1015918398540038 119.1888067186812035   0.0697973593795878
 116.1350092862644612  85.2965685068035469 123.1005398158981820   0.5972973599283659
 118.0870963826051032  84.3687129750482128 123.9339090409574588  -0.5679026422667466
 114.6836996154129384  86.8348055798154459 124.4875987981963977  -0.4157026406204122
 113.1133371981243722  87.5812474027143329 123.6769062867441767   0.2718973593795878
 115.2714044430624476  87.4943200005539566 127.1237667550165365  -0.0518026406204122
 117.1894764689925193  88.2502104541224679 127.1823482651681064   0.0921973593795878
 113.4005755704804044  89.5692392955995025 127.9665846107454109  -0.1102026406204122
 113.1889262434812208  90.8844886848086900 126.3905530150550809   0.0456973593795878
 111.5505336853715003  88.7283111660045450 128.3048455887173189   0.0456973593795878
 114.1791427376559585  91.1528297958255000 130.2890580293346281   0.3530973593795877
 116.0405229795683905  91.9691914856794850 129.9564662297644840  -0.0361026406204122
 112.2761885207972618  93.3052278623618114 130.6159806505030081  -0.4121026406204121
 112.8809008836520630  94.5600060152855255 132.1334307360417680   0.0999973593795878
 112.1665844050298294  94.3974895677683007 128.8774326072954531   0.0999973593795878
 110.4091391004830657  92.5531168610611471 131.0506176613049036   0.0999973593795878
 114.2226064387361533  89.7052995772418245 132.7948348829142224  -0.4121026406204121
 114.5079550849582554  91.0299975971206230 134.3463000388635663   0.0999973593795878
 112.4500433251180145  88.6942960955939612 133.0537273632614347   0.0999973593795878
 115.8043072128282340  88.3957193664344009 132.8231807749230422   0.0999973593795878
 115.2052640283751967  85.1529493206255306 128.8358586323492018   0.5972973599283659
 116.9702682374576547  84.6805177871452176 130.2663813157275721  -0.5679026422667466
 113.2248310400257214  83.6033738908101037 128.6657832802962827  -0.4157026406204122
 111.7697419169063650  84.0909232333617916 127.5092708863364596   0.2718973593795878
 112.9923947255534121  81.3054669119618593 130.2040203533081684  -0.0275026406204122
 113.2890817285790553  81.7930162545135474 132.1825636155237136   0.1122973593795878
 110.3070938892513143  80.2661175383051761 129.9337895161574282  -0.0050026406204122
 109.9782815419490175  79.7521120298785986 127.9646948846114807   0.0338973593795878
 110.1521363462697702  78.5596948393742881 131.0751841010458628   0.0338973593795878
 108.2605204862146016  82.0424601041911485 130.7652690150827747  -0.1415026406204122
 108.5761047505794537  84.0720259720225694 132.2808293744876313  -0.1638026406204122
 110.3637856732689540  84.6653999780738427 133.0593965416631986   0.2061973593795878
 106.2970950330704180  85.2587739841251158 132.6927896716824709  -0.3418026406204122
 106.1100121458122205  86.7724446173960423 133.8417431611065729   0.3411973593795878
 104.3790230071403463  84.0776951504243334 131.3964375438124789   0.1379973593795878
 101.4216016075535914  80.8840579840974221 128.4295675135561263  -0.1972026406204122
 104.0256442200970767  80.4002880938135812 128.6884599939033387  -0.2387026406204122
 104.8741312542277152  78.7978003322483615 127.7530455576123103   0.1699973593795878
 105.5714401976446568  81.9895477724413561 130.1681155567636812   0.1242973593795878
 115.0068427843134714  79.3325928281480780 129.5671826461767004   0.5972973599283659
 115.8798962581850825  77.9795489162604598 131.2414800008309481  -0.5679026422667466
 115.8609989968458736  79.2475551521216185 127.1955763481055378  -0.4157026406204122
 114.9879455229742490  80.3341476791263438 125.8784372327624202   0.2718973593795878
 118.1513470711584371  77.8907317879661665 126.4604728820101788  -0.0249026406204122
 118.0247354201857131  75.9632111313664837 127.1728996344984819   0.0842973593795878
 118.3648861242915378  77.7849071244665678 123.5805302539141892   0.2116973593795878
 116.6830298651016225  76.9042947460592626 122.7849555515333299   0.0351973593795878
 118.5274025718087626  79.6935305197270285 122.8246398003456777   0.0351973593795878
 120.5248430953635300  76.3883995114987680 122.8851110366311780  -0.6546026417179684
 120.2319355446057337  74.6158363978806292 123.2177028362012951   0.4274973593795878
 120.5267328214974468  79.0925976091400745 127.6018674668986134   0.5972973599283659
 122.0763082513128604  77.7244358881810946 128.6374373882874628  -0.5679026422667466
 120.7894047541124928  81.6002641888535724 127.6188750021039054  -0.4157026406204122
 119.4968320785103613  82.6774080851886865 126.7004681010181689   0.2718973593795878
 122.9058980241043036  82.9230724825984540 128.8264100016795772   0.0336973593795878
 124.6595638763832201  82.1350566847532889 128.0894168094502881   0.0822973593795878
 122.8454267878188302  85.7255363392036648 128.0875270833163846  -0.1825026406204122
 124.5348419515444127  86.6628405016286099 128.8056230142064518   0.0602973593795878
 122.8170808958100103  85.9126192264618759 126.0333947757439776   0.0602973593795878
 121.1881369683698743  86.6496124186911651 128.8793223334293833   0.0602973593795878
 123.0495172102823063  82.5356786251446005 131.7063526297755670   0.5972973599283659
 125.0998700655868795  82.7473279521437709 132.7702684431732361  -0.5679026422667466
 121.0086129856473575  81.7608909102368803 132.9894766747081008  -0.4157026406204122
 119.3135286435199974  81.7741189931743385 132.1031951178990448   0.2718973593795878
 121.2297109433161523  80.7820127728656707 135.5802912043141279  -0.0518026406204122
 122.1859123670803063  82.1955279210387758 136.7368035982739510   0.0921973593795878
 118.6370066875761949  80.2207641110910643 136.7462522289435486  -0.1102026406204122
 117.6978127990173331  78.7600058095699306 135.6407624405996281   0.0456973593795878
 116.8172004206100276  82.4600895797877522 137.0656159455762345   0.3530973593795877
 116.0802072283807383  83.0383457767676503 135.2344713218065526  -0.0361026406204122
 118.0360737769892409  84.7561068325020662 138.3298427291695461  -0.4121026406204121
 116.6263380810839829  86.2225343124249639 138.6378680889987308   0.0999973593795878
 119.5119498875817364  85.5308945474097865 137.1223077295938741   0.0999973593795878
 122.8359781571492056  78.3688324998482300 135.7541460086348808   0.5972973599283659
 123.0306199489431110  76.8929563892557345 133.7189109624016959  -0.4157026406204122
 122.1405589398661943  77.5165660134497578 132.1428793667113926   0.2718973593795878
 124.9354638919357244  74.9295309361115646 133.2937225822694250   0.0336973593795878
 124.2154782349117270  73.7862466250891996 131.7479266047218449   0.0822973593795878
 127.3467544388192348  76.1843090890352651 132.3035060880946873  -0.1825026406204122
 128.7073572552425340  74.7462275011212005 131.7309190695165531   0.0602973593795878
 126.8837715360085464  77.3502701136646860 130.6688929822528141   0.0602973593795878
 128.1763442116106779  77.3672776488699778 133.7718232941515019   0.0602973593795878
 116.0140668136935009  67.1816537870344290 128.7810565744654655   0.5972973599283659
 114.8783414072068168  68.3665120730030453 127.1369948379539947  -0.5679026422667466
 118.4782696923268039  67.5104661343367259 129.2459292034101112  -0.4157026406204122
 120.0958752629633985  69.2376758207407530 127.7946195325585885  -0.0014026406204122
 119.4552581035640968  71.1727553818761032 128.1083140707895102   0.0875973593795878
 122.8416473355509697  69.0241367676076525 128.7300339688495898  -0.0152026406204122
 122.9966048785325271  69.9633306561665143 130.5555094142175346   0.0294973593795878
 123.2800637986206988  67.0493729576599408 129.0418387809466083   0.0294973593795878
 124.8277495023022090  70.0804936764696275 126.9423530461600895  -0.0011026406204122
 124.8806618340520150  72.6769773844774320 126.4170091809299974  -0.1906026406204122
 123.5162795653608553  73.8958507408566319 127.2881729286676916   0.1698973593795878
 126.6740119351432795  73.6917603183931423 124.7408221001418460  -0.2341026406204122
 126.7080270055538632  75.6967597464835906 124.3439796120183682   0.1655973593795878
 128.4163394306186680  72.0836033784261587 123.5295076482983135   0.3225973593795878
 130.1284313079513334  73.0605917896634382 121.8873356379207460  -0.5579026422667467
 131.1451039680009607  71.7925855538022795 121.0955403878077474   0.3991973593795878
 128.3577579204671249  69.4625532306773816 124.0265056215196126  -0.2341026406204122
 129.6862353926137436  68.2247826129589593 123.1005398158981820   0.1655973593795878
 126.5870845329828896  68.4761161887704775 125.7556050340575430  -0.1906026406204122
 126.5870845329828896  66.4881242958853213 126.1732345096541466   0.1698973593795878
 119.8993437450355898  68.7293394907159258 124.9449125226053221   0.5972973599283659
 119.1869169925472733  70.4244238328432993 123.5162795653608553  -0.5679026422667466
 120.3736650046498197  66.3747407278500553 124.1512275463583931  -0.4157026406204122
 120.8744424301389524  65.0727194215783127 125.4626974832997468   0.2718973593795878
 120.1846923912576917  65.5564893118621536 121.5112801372704205  -0.0275026406204122
 121.3355356068157375  66.8055982863840903 120.3415396603731662   0.1122973593795878
 121.2297109433161523  62.8579603926225976 121.2486082046553744  -0.0050026406204122
 120.4265773363996123  61.6674329282522176 122.7301534936496206   0.0338973593795878
 120.5834246055150866  62.0945110345184188 119.4458094728944856   0.0338973593795878
 124.0586309657962661  62.6160754474806771 121.2882924534677222  -0.1415026406204122
 125.5345070763887750  62.5745014725344124 123.3707706530489223  -0.1638026406204122
 128.3313017545922085  62.2797041956426994 120.1336697856418294   0.1379973593795878
 130.1170929511478055  61.8809719813853181 115.9535955774080140  -0.1134026406204122
 127.6642284293180172  61.9603404790100003 114.9312537389566228  -0.1972026406204122
 127.4166743057743326  61.8507363632425681 112.9054673233930357   0.1446973593795878
 125.5401762547905389  62.2249021377589767 116.5129545130487034  -0.2387026406204122
 123.6712371083424127  62.3042706353836723 115.7003722754625657   0.1699973593795878
 125.8141865442091131  62.3930877636779789 119.1623505528063004   0.1242973593795878
 117.4691559368128572  65.7152263071115314 120.5040561078903910   0.5972973599283659
 117.1044387929660598  66.5164701878941412 118.3554374936219266  -0.5679026422667466
 115.5529736370167158  65.0424838034355625 122.0101678366256231  -0.4157026406204122
 115.9328085899348749  64.3489543122864681 123.7543850582349419   0.2718973593795878
 112.9073570495269526  65.1898824418814258 121.2108136819769301   0.0336973593795878
 112.6900385441260182  64.0862823796714087 119.4836039955729165   0.0822973593795878
 111.2236110642031204  64.0106933343145603 123.2536076327458092  -0.1825026406204122
 111.4239220343987763  65.0424838034355625 125.0242810202300177   0.0602973593795878
 112.0853261812712171  67.9091983485941072 120.5947629623186145   0.5972973599283659
 111.0705432473555067  68.3778504298065732 118.5500792854158186  -0.5679026422667466
 112.5804344283585858  69.7214457110245938 122.2841781260441970  -0.4157026406204122
 113.4213625579535435  69.2433449991425169 123.9452473977609867   0.2718973593795878
 111.9870604223073127  72.3897390121213998 121.8363130323048703  -0.0024026406204122
 110.0349733259666571  72.5503657335047077 121.2089239558430266   0.0977973593795878
 112.2950857821364706  73.8712843011156592 124.3118542677417146  -0.0343026406204122
 114.2377242478075150  73.6539657957147114 124.9638097839445443   0.0294973593795878
 111.9946193268429936  75.8630556462686624 123.8998939705468749   0.0294973593795878
 110.5149637639826509  73.1872034406361624 126.4661420604119427   0.0117973593795878
 108.0564300637510986  72.2536787304790644 126.0144975144047554  -0.1256026406204122
 107.3836875600751432  71.9475430967838234 124.1172124759478361   0.1329973593795878
 106.4199272317752951  71.7453424004542508 128.0459531083701065  -0.1704026406204122
 109.6513589207806375  73.1305116566185228 131.0014847818229312  -0.1704026406204122
 111.2992001095599689  73.6105020946345300 128.9719189139915102  -0.1256026406204122
 113.1756981605437760  74.3172596687210691 129.3479744146418358   0.1329973593795878
 113.5876584577386021  73.5235746924741401 119.7009225009738642   0.5972973599283659
 112.5842138806264196  74.9049644963705783 118.1154422746139231  -0.5679026422667466
 116.0065079091578066  72.8035890354501562 119.5213985182513341  -0.4157026406204122
 116.7264935661818041  71.6754225334991662 120.8952294176120914   0.2718973593795878
 117.6940333467494858  73.5613692151525710 117.4615970322771766  -0.0518026406204122
 117.8622189726684746  75.6173912488588950 117.4861634720181493   0.0921973593795878
 120.3131937683643462  72.3878492859874695 117.9850511713733653  -0.1102026406204122
 120.8120814677195488  72.8451630103964207 119.9144615541069649   0.0456973593795878
 120.1903615696594558  70.3356067045489928 117.8905648646772945   0.0456973593795878
 122.5109452621147559  73.2949178302696779 116.3145332689869778   0.3530973593795877
 122.1386692137322642  75.2035412255301385 115.6361215869092452  -0.0361026406204122
 124.9581406055427803  73.2968075564035946 117.8546600681327940  -0.4121026406204121
 126.5681872716436943  73.7616801853482269 116.6641326037624004   0.0999973593795878
 124.8315289545700695  74.7027638000410057 119.3569923446001924   0.0999973593795878
 125.2699454176397988  71.4429862190268435 118.6974779238616683   0.0999973593795878
 122.9096774763721372  71.5242444427854558 114.0733180741563733  -0.4121026406204121
 124.4365761925805220  72.2215533862024108 112.8865700620538269   0.0999973593795878
 123.3896679143881445  69.6345183088642040 114.7366119471627310   0.0999973593795878
 121.1956958729055684  71.4354273144911627 112.9583796551428283   0.0999973593795878
 116.6055510936108438  72.7752431434413363 114.8859003117425110   0.5972973599283659
 116.2597312111032551  74.3645028220690978 113.2267207661596517  -0.5679026422667466
 115.9139113285956662  70.3677320488256597 114.5722057735115759  -0.4157026406204122
 116.2162675100230735  69.1450792401786126 116.0216257182291817   0.2718973593795878
 114.7914140050464403  69.3812950069187691 112.2346145458509971  -0.0518026406204122
 115.9989490046221257  69.8934107892114164 110.6434651410892921   0.0921973593795878
 114.6288975575292155  66.4786756652157235 112.3971309933682219  -0.1102026406204122
 114.3265413761018216  65.9155372773071871 114.3567769942445584   0.0456973593795878
 112.9734974642142034  65.8550660410217002 111.3369946322383998   0.0456973593795878
 116.9192456318417790  65.0576016125069376 111.2916412050242881   0.3530973593795877
 116.8625538478241394  65.2352358690955375 109.2393986235858114  -0.0361026406204122
 119.5025012569121252  65.9892365965301187 112.1854816663690383  -0.4121026406204121
 120.9859362720403015  64.7495762526777798 111.4768343661485689   0.0999973593795878
 119.8407622348840333  67.8676243736478427 111.4333706650683873   0.0999973593795878
 119.5818697545368208  66.0308105714763834 114.2415037000753621   0.0999973593795878
 116.7132654832443593  62.2551377559017267 111.9606042564324097  -0.4121026406204121
 118.2382744733188136  61.2063397515754325 111.0592048905519786   0.0999973593795878
 116.8379874080831667  62.0170322630276399 114.0052879333352056   0.0999973593795878
 114.9123564776174006  61.5124753852706734 111.2954206572921351   0.0999973593795878
 112.1892611186368854  70.5378074008785654 111.6714761579424607   0.5972973599283659
 111.6620275272728495  71.1217327762602409 109.4831732948616485  -0.5679026422667466
 110.5886630832055826  70.9403190674037937 113.5857687316046852  -0.4157026406204122
 111.0799918780251043  70.3620628704238958 115.3469934884192961   0.2718973593795878
 108.1433574659114751  72.1837588635239799 113.2361693968292493   0.0336973593795878
 107.0681032957102913  71.1330711330637688 111.8245439747900745   0.0822973593795878
 106.6807094382564379  72.1062800920332012 115.7362770720070663  -0.1825026406204122
 104.8155497440761587  72.9396493170924780 115.4754948655259371   0.0602973593795878
 106.4633909328554901  70.1541929956925590 116.3598866962010896   0.0602973593795878
 107.6917129199043010  73.1701959054308706 117.1838072905907554   0.0602973593795878
 108.4438239212049655  74.9068542225045086 112.2497323549223588   0.5972973599283659
 107.0945594615851807  75.6646344022069234 110.5055151333130399  -0.5679026422667466
 110.2692993665728834  76.3335974536150453 113.2682947411059164  -0.4157026406204122
 111.2670747652833154  75.6268398795285059 114.7479503039662589   0.2718973593795878
 110.8588939203563229  78.8922866389444188 112.3725645536272493  -0.0249026406204122
 109.1090075203452399  79.9732099875473800 112.4065796240378197   0.0842973593795878
 112.7467303281436445  80.2150949326893004 114.1470173933793050   0.2116973593795878
 112.6938179963938519  82.2371018959850405 113.7615132620593682   0.0351973593795878
 112.1835919402351214  79.9202976557975874 116.1047736681217109   0.0351973593795878
 115.2695147169285174  79.3911743382996348 113.8352125812822865  -0.6546026417179684
 115.3828982849637967  77.5751475236013144 114.0714283480224430   0.4274973593795878
 111.7886391782455737  78.8809482821408907 109.6192335765039839   0.5972973599283659
 110.7077158296426260  80.2075360281536196 108.0450917069475707  -0.5679026422667466
 113.5989968145421300  77.2444454501650874 108.9389321682923342  -0.4157026406204122
 114.4796091929494355  76.2391111469189880 110.3108733415191614   0.2718973593795878
 114.4890578236190466  76.9761043391482773 106.3197717466774740  -0.0275026406204122
 115.2222715635804888  78.7921311538465976 105.6791545872781721   0.1122973593795878
 116.6754709605659283  75.0825987529591782 106.1837114650351386  -0.0050026406204122
 116.2654003895050190  73.4725520868582779 107.4063642736821991   0.0338973593795878
 116.7831853501994438  74.3588336436673337 104.2561908084354692   0.0338973593795878
 119.2473882288327600  76.1106097698123470 106.7903135540238701  -0.1415026406204122
 120.6476752940684071  75.5021179546896986 108.8349972309266659  -0.1638026406204122
 120.0240656698743972  74.2473398017659845 110.3146527937869952   0.2061973593795878
 123.0022740569342911  76.6189460998371605 108.6705910572755108  -0.3418026406204122
 124.4120097528395357  76.2995823832044614 109.9253692101992249   0.3411973593795878
 123.2271514668709197  78.0494687832155442 106.5068546339356715   0.1379973593795878
 125.2227022642917567  79.4592044791208023 105.4712847125468355  -0.2601026406204122
 127.0009345563116595  79.5215654415402061 106.4161477795074615   0.1571973593795878
 124.8523159420431951  80.7668949637943090 103.1828263643681889  -0.1134026406204122
 126.3584276707784274  81.8478183123972567 102.3815824835855791   0.1416973593795878
 122.4958274530433942  80.6667394786964743 101.9507249250515440  -0.1972026406204122
 122.2237068897587238  81.6853018648800319 100.2310741431831978   0.1446973593795878
 120.4983869294886270  79.2192092601127988 102.9579489544315603  -0.2387026406204122
 118.7258238158704882  79.1228332272828112 101.9998578045334896   0.1699973593795878
 120.8234198245230767  77.8245913732789157 105.3012093604939164   0.1242973593795878
 112.3782337320290132  76.2183241594458489 104.4791784922381675   0.5972973599283659
 112.2742987946633315  77.2066509274866697 102.3740235790498982  -0.5679026422667466
 110.6661418546963479  74.5213500911845721 105.2331792196727487  -0.4157026406204122
 110.8759014555616147  73.7012089490627401 106.9566094538089285   0.2718973593795878
 108.5401999540349395  73.7541212808125461 103.6495887194467377   0.0336973593795878
 109.2753034201303119  73.1097246691453971 101.8354516308823478   0.0822973593795878
 107.1720382330759596  71.5355827995889839 104.9157052291739799  -0.1825026406204122
 105.6092347203230877  70.9138629015289043 103.7251777648035997   0.0602973593795878
 108.4835081700172999  69.9689998345682784 105.1802668879229561   0.0602973593795878
 106.4369347669805871  72.1081698181671316 106.7544087574793559   0.0602973593795878
 106.7430704006758280  75.9726597620360949 103.1185756758148682   0.5972973599283659
 106.1345785855531932  76.4809960920609084 100.9302728127340563  -0.5679026422667466
 105.9531648766967461  77.3578290182003666 105.0744422244233709  -0.4157026406204122
 106.5522080611497833  76.9005152937914288 106.8413361596397324   0.2718973593795878
 104.3034339617834979  79.5499113335490124 104.7645271384602830   0.0336973593795878
 102.6423646900667216  78.9527578752299055 103.7043907773304607   0.0822973593795878
 103.4473880231171651  80.4040675460814282 107.3931361907447409  -0.1825026406204122
 102.5044146822904695  82.2333224437171933 107.2797526227094749   0.0602973593795878
 102.1378078123097417  79.0170085637832261 108.1754828101881420   0.0602973593795878
 105.0744422244233709  80.5268997447863053 108.6516937959363020   0.0602973593795878
 105.5695504715107399  81.6626251512729759 103.2073928041091750   0.5972973599283659
 104.3941408162117214  82.6792978113226166 101.4707344870355370  -0.5679026422667466
 107.9978485535995421  82.1747409335656367 103.6665962546520298  -0.4157026406204122
 108.8444458615962637  81.3016874596940255 105.1538107220480665   0.2718973593795878
 109.5663212447541779  83.8811636324965247 102.1491461691132696  -0.0024026406204122
 108.8255486002570549  85.7992356584265965 102.2870961768895218   0.0977973593795878
 112.2346145458509971  83.8339204791484960 103.2924304801356211  -0.0343026406204122
 112.1571357743602184  84.6502821690024810 105.1840463401908033   0.0294973593795878
 112.8468858132414791  81.8837231089417709 103.5078592594026520   0.0294973593795878
 114.2207167126022230  85.2020822001074896 101.7636420377933331   0.0117973593795878
 114.8008626357160515  87.7305357672941131 102.3286701518357865  -0.1256026406204122
 113.8522201164875785  88.6678399297190582 103.8328921544371018   0.1329973593795878
 116.6754709605659283  89.0023214554231190 100.9548392524750424  -0.1704026406204122
 117.1535716724480052  90.8863784109426069 101.4745139393033840   0.1429973593795878
 117.9208004828200448  87.7815583729099888  98.9441706459828304  -0.1072026406204122
 119.3286464525913725  88.7604365102811986  97.8840342848530081   0.1296973593795878
 117.3217572983670075  85.2587739841251158  98.3526863660654740  -0.1704026406204122
 118.2477231039884113  84.3252492739680179  96.8276773759910196   0.1429973593795878
 115.5057304836686739  83.9567526778533733  99.7907679539795520  -0.1256026406204122
 115.0881010080720837  82.0292320212537039  99.3674692999811844   0.1329973593795878
 109.5946671367629977  83.1592882493386105  99.3258953250349197   0.5972973599283659
 109.1316842339522959  84.7485479279663854  97.6799438623895051  -0.5679026422667466
 110.0066274339578374  80.7347696195176420  98.7287418667157994  -0.4157026406204122
 110.4148082788848297  79.5045579063349140 100.1460364671567383   0.2718973593795878
 110.0179657907613653  79.7974654570926969  96.1209198019044805  -0.0518026406204122
 111.4144734037291651  80.8859477102313390  95.0664526191764223   0.0921973593795878
 110.8135404931422112  76.9987810527553331  96.1209198019044805  -0.1102026406204122
 112.6957077225277822  76.8362646052380949  96.9467301224280630   0.0456973593795878
 109.5096294607365515  75.9480933222951086  97.3208958969444716   0.0456973593795878
 110.8192096715439751  75.7647898873047581  93.4809723928164944   0.3530973593795877
 108.9729472387029047  75.9783289404378588  92.5984702882752588  -0.0361026406204122
 112.8279885519022704  76.9194125551306375  91.7499832541446203  -0.4121026406204121
 112.8431063609736319  75.9348652393576638  89.9434050701158977   0.0999973593795878
 112.4065796240378197  78.9055147218818770  91.4041633716370316   0.0999973593795878
 114.6874790676807720  76.7625652860151766  92.6249264541501619   0.0999973593795878
 111.3369946322383998  72.9339801386907141  93.7152984334227206  -0.4121026406204121
 111.2973103834260520  72.0571472125512557  91.8539181915102886   0.0999973593795878
 113.1832570650794569  72.6259547788615563  94.5770135504908173   0.0999973593795878
 109.8894644136547243  72.0628163909530196  94.8944875409895863   0.0999973593795878
 107.4517177008962975  80.1810798622787166  94.8151190433648907   0.5972973599283659
 107.3723492032716153  80.9464189465168258  92.6173675496144810  -0.5679026422667466
 105.3579011445115561  79.7162072333340844  96.1492656939133004  -0.4157026406204122
 105.5563223885732816  79.0812592523365466  97.9520644256741758   0.2718973593795878
 102.8048811375839465  80.1565134225377439  95.1439313906671876  -0.0597026406204122
 102.6329160593971105  79.1455099408898671  93.3619196463794510   0.0868973593795878
 100.7772049958864424  79.1341715840863392  96.9864143712404108   0.1302973593795878
 101.1419221397332401  79.9278565603332682  98.8515740654206900   0.0186973593795878
  97.8821445587190778  81.9952169508431200  96.4856369457512779   0.0881973593795878
 100.8773604809842637  76.2221036117136961  97.2471965777215400  -0.0430026406204122
 102.7066153786200421  75.6740830328765346  97.9955281267543572   0.0235973593795878
  99.4657350589450887  75.6419576885998677  98.6304761077518950   0.0235973593795878
 102.4080386494604821  82.9551978268751209  94.4938656005982747   0.5972973599283659
 101.4631755824998561  83.5202259409175743  92.4378435668919507  -0.5679026422667466
 103.2187311609127029  84.7069739530201207  96.1303684325740780  -0.4157026406204122
 104.0010777803560906  84.1230485776384451  97.7857685258891038   0.2718973593795878
 103.0921195099399786  87.4432973949380941  95.6050245673439725  -0.0875026406204122
 101.1343632351975592  87.9308467374897688  95.1987334485509103   0.0968973593795878
 103.9273784611331723  89.0155495383605638  97.9218288075314256   0.2984973593795878
 105.8189943211883411  88.4467419720502766  98.4963055522434901  -0.0297026406204122
 103.9519449008741450  91.8595873699120526  97.3530212412211386  -0.3192026406204121
 104.4035894468813191  92.9121648265061940  99.0670028446877074   0.0790973593795878
 105.3975853933239039  92.2998935591157120  95.9527341759854917   0.0790973593795878
 102.1132413725687690  92.4661894589007707  96.6500431194024331   0.0790973593795878
 102.1189105509705330  88.6319351331745574 100.1554850978263494  -0.3192026406204121
 102.8048811375839465  89.6750639590990877 101.7957673820700000   0.0790973593795878
 100.2367433215849620  89.3084570891183599  99.6660460291407446   0.0790973593795878
 101.9998578045334896  86.6458329664233181 100.6619317017172463   0.0790973593795878
 104.6246874045501139  88.1217090770158135  93.2390874476745740   0.5972973599283659
 103.6476989933128210  89.4086125742161946  91.5629003668864228  -0.5679026422667466
 106.9358224663358031  87.1314925828410759  92.9839744195951954  -0.4157026406204122
 107.6463594926901892  86.1091507443896846  94.4466224472502460   0.2718973593795878
 108.5307513233653419  87.5283350709645403  90.7503181293002849   0.0212973593795878
 108.8633431229354724  89.5522317603942107  90.5292201716314901   0.1123973593795878
 111.0856610564268682  86.2414315737641728  91.2510955547894044  -0.1231026406204122
 111.9379275428253538  87.0804699772252136  92.9348415401132498   0.1111973593795878
 110.8097610408743639  84.2269835150041136  91.5893565327613122   0.1111973593795878
 113.1870365173473039  86.6741788584321380  88.5733536230230009  -0.3119026406204122
 115.3413243100175322  86.1469452670681155  89.7941167055361311   0.1932973593795878
 107.2684142659059470  86.6023692653431367  88.2880049768008856   0.5972973599283659
 107.1644793285402787  87.9799796169717278  86.4058377474153144  -0.5679026422667466
 106.1572552991602490  84.3290287262358650  88.2955638813365662  -0.4157026406204122
 106.2989847592043350  83.2594437344364317  89.8867132860982715   0.2718973593795878
 109.4434890460493007  80.6724086570982383  85.8219123720336523   0.0999973593795878
 108.6573629743380660  78.7713441663734585  88.4637495072555686   0.0999973593795878
 105.1745977095211922  94.2198553111797007  87.2089713543318545  -0.1102026406204122
 104.5963415125412940  93.8759251548060287  89.1591687245385799   0.0456973593795878
 106.8526745164432602  93.0784607262912661  86.8480336627528907   0.0456973593795878
 105.8813552836077447  97.0317677984545226  86.9992117534665877   0.3530973593795877
 104.3298901276584009 100.7224029380027197  87.7721097422403910   0.0999973593795878
 102.8955879920121700  98.2563103332354864  89.5219961422514606   0.0999973593795878
 108.0318636240101259  97.5967959124969759  88.8435844601737412  -0.4121026406204121
 108.6460246175345381  99.5526624611054652  88.6281556809067104   0.0999973593795878
 107.4063642736821991  97.3133369924087908  90.7862229258447857   0.0999973593795878
 109.6362411117092758  96.3609150209124706  88.4731981379251662   0.0999973593795878
 119.1736889096098285 110.4318158140901217  82.9646464575447187   0.0881973593795878
 120.6306677588631152 104.5207524671844456  82.9665361836786490  -0.5679026422667466
 116.2616209372371852 101.8543488922215566  83.0572430381068591   0.0921973593795878
 112.4991762045999601  98.2695384161729446  83.6468375918902985  -0.4121026406204121
 111.5996665648534459  96.5933513353847934  84.4272944851997693   0.0999973593795878
 113.9807214935942329  98.8496843392867597  84.9564178026977219   0.0999973593795878
 111.1083377700339242  99.7794295971760239  83.4881005966409073   0.0999973593795878
 119.0999895903868969  98.1863904662804020  83.8981711677018167  -0.5679026422667466
 125.3946673424785791  96.4213862571979574  84.1835198139239320  -0.5679026422667466
 126.6532249476701538 101.5708899721333714  84.7561068325020662  -0.0024026406204122
 128.4862592975737659 100.6392549881101903  84.9035054709479293   0.0977973593795878
 127.1067592198112447 104.3733538287385823  84.1324972083080563  -0.0343026406204122
 125.2964015835146882 105.2974299082260692  83.8131334916753572   0.0294973593795878
 128.5183846418504194 105.8813552836077447  86.1223788273271294   0.0117973593795878
 131.1432142418670303 106.2763080455972790  85.9012808696583479  -0.1256026406204122
 132.4244485606656340 107.7899786788682053  87.6757337094104036  -0.1704026406204122
 134.4294479887560957 108.1320191091079470  87.4792021914825949   0.1429973593795878
 131.0884121839833210 108.8860198365425282  89.6939612204382964  -0.1072026406204122
 132.0597314168188366 110.0425322305023379  91.0734612982008178   0.1296973593795878
 128.4805901191720020 108.4570520041424103  89.9434050701158977  -0.1704026406204122
 127.4601380068545142 109.2790828723981592  91.5118777612705470   0.1429973593795878
 127.1936866219716343 106.9811758935499148  88.1519446951585636  -0.1256026406204122
 125.1773488370776450 106.7128347825330914  88.3428070346846083   0.1329973593795878
 125.3020707619164523 101.1816063885455879  87.2940090303583141   0.5972973599283659
 126.4151194547960670 100.0931241354069457  89.0136598122266469  -0.5679026422667466
 122.8737726798276501 101.8713564274268486  87.4754227392147477  -0.4157026406204122
 122.0611904422414987 102.7255126399592509  85.9598623798099044   0.2718973593795878
 121.3468739636192653 101.5803386028029692  89.7884475271343671  -0.0597026406204122
 122.1651253796071806 102.7481893535663068  91.2794414467982243   0.0868973593795878
 118.6124402478352222 102.5025249561565392  89.3084570891183599   0.1302973593795878
 117.9245799350878784 101.5690002459994413  87.6039241163213888   0.0186973593795878
 116.8134209683421804 101.7882084775343058  91.4835318692617272  -0.3204026406204121
 114.9407023696262205 102.5837831799151517  91.1792859617004030   0.0881973593795878
 116.6055510936108438  99.7454145267654402  91.6271510554397433   0.0881973593795878
 117.5447449821697058 102.4987455038887056  93.2674333396833805   0.0881973593795878
 118.5595279160854162 105.3900264887882230  88.8530330908433390  -0.0430026406204122
 118.7390518988079465 106.3859121613647112  90.6426037396667696   0.0235973593795878
 120.1544567731149550 105.9531648766967461  87.6814028878121675   0.0235973593795878
 116.1539065476036699 106.2744183194633621  87.5037686312235676  -0.0660026406204122
 114.4985064542886576 105.9720621380359684  88.6886269171921972   0.0185973593795878
 116.3126435428530477 108.2850869259555743  87.0899186078948111   0.0185973593795878
 115.9176907808635134 105.2501867548780407  85.7349849698732760   0.0185973593795878
 121.4130143783065027  98.8364562563493149  90.7370900463628267   0.5972973599283659
 122.1197719523930689  98.3640247228690019  92.8989367435687358  -0.5679026422667466
 120.8366479074605349  96.9977527280439387  89.0968077621191895  -0.4157026406204122
 120.3302013035696381  97.4985301535330716  87.3147960178314397   0.2718973593795878
 120.8498759903979797  94.3011135349383130  89.7846680748665201  -0.0597026406204122
 119.5856492068046546  94.0422210545911008  91.3909352886995868   0.0868973593795878
 119.8483211394197141  92.6702798813642736  87.5699090459108184   0.1302973593795878
 120.8649937994693548  93.2126312817996710  85.8578171685781530   0.0186973593795878
 120.2999656854268880  89.8243523236788679  88.0253330441858395  -0.3204026406204121
 119.5516341363940842  88.7056344523974891  86.4719781621025652   0.0881973593795878
 122.3163034703208776  89.4218406571536394  88.1406063383550357   0.0881973593795878
 119.3985663195464569  89.2442064005650394  89.7865578010004368   0.0881973593795878
 116.9929449510646972  93.1672778545855593  87.1673973793855898  -0.0430026406204122
 115.9309188638009582  92.4057182226152972  88.7623262364151153   0.0235973593795878
 116.6490147946910387  95.1949539962830633  87.1088158692340199   0.0235973593795878
 115.9422572206044861  92.0447805310363334  84.7069739530201207  -0.0660026406204122
 115.9649339342115421  89.9887584973300094  84.7693349154395110   0.0185973593795878
 113.9901701242638307  92.6532723461589816  84.4613095556103532   0.0185973593795878
 117.0666442702876289  92.6929565949713294  83.1063759175888179   0.0185973593795878
 123.4822644949502715  93.4507367746737444  90.6690599055416592   0.5972973599283659
 123.6655679299406488  92.0655675185094724  92.5266606951862575  -0.5679026422667466
 125.5061611843799553  94.3067827133400770  89.4199509310197225  -0.4157026406204122
 125.2264817165595903  95.4840820947730124  87.9308467374897688   0.2718973593795878
 128.1177627014591078  93.7115189811548870  90.1191496005705809  -0.0252026406204122
 128.4295675135561263  91.6819531133234526  89.9604126053211897   0.0697973593795878
 129.3838792111863498  94.6790587617225555  88.8152385681649213   0.0697973593795878
 128.7905052051350901  94.5524471107498312  92.8044504368726785   0.5972973599283659
 129.7731627947741335  93.0501148342824462  94.2841059997330212  -0.5679026422667466
 128.1498880457357615  96.8900383384104234  93.4979799280217730  -0.4157026406204122
 127.2957318332033591  98.0314329232988580  92.2148558830892525   0.2718973593795878
 128.5070462850468915  97.8386808576388963  96.0812355530921327  -0.0275026406204122
 130.4629128336553808  97.5268760455418915  96.6500431194024331   0.1122973593795878
 128.0308352992987450 100.6978364982617468  96.1209198019044805  -0.0050026406204122
 126.3055153390286214 101.1381426874654063  95.0796807021138671   0.0338973593795878
 127.7379277485409486 101.2798721475094922  98.0767863505129697   0.0338973593795878
 130.1775641874332790 102.2304043928718821  95.0796807021138671  -0.1415026406204122
 130.8106224422968864 102.4571715289424408  92.6173675496144810  -0.1638026406204122
 129.8128470435864813 101.6105742209457193  91.0677921197990539   0.2061973593795878
 132.9592410565653508 103.8971428429904223  92.3622545215351024  -0.3418026406204122
 133.6678883567858202 104.4130380775509301  90.6671701794077423   0.3411973593795878
 133.8644198747136289 104.6700408317642257  94.6658306787851107   0.1379973593795878
 135.9714645140358419 106.1119018719461373  95.3744779790055801  -0.2601026406204122
 137.2413604760309175 106.8167697198987597  93.9798600921716970   0.1571973593795878
 136.3890939896324454 106.5956717622299783  97.9482849734063286  -0.1134026406204122
 137.9972509295994290 107.6690362062972452  98.5303206226540740   0.1416973593795878
 134.6807815645676137 105.6848237656799360  99.7699809665064129  -0.1972026406204122
 134.9925863766646321 106.0948943367408454 101.7088399799096236   0.1446973593795878
 132.5775163775132613 104.2183962857570383  99.0783412014912353  -0.2387026406204122
 131.3170690461877833 103.5267565207418607 100.4899666235304103   0.1699973593795878
 132.1107540224347123 103.6495887194467377  96.4459526969389301   0.1242973593795878
 126.8497564655979625  96.4194965310640405  97.9879692222186764   0.5972973599283659
 127.7492661053444767  95.6636060774955292  99.9948583764430413  -0.5679026422667466
 124.4743707152589395  95.8903732135660879  97.3341239798819164  -0.4157026406204122
 123.8054076638508178  96.5461081820367648  95.6579368990937651   0.2718973593795878
 122.7225945891139263  94.5921313595621790  99.0348775004110405  -0.0275026406204122
 122.8170808958100103  95.5162074390496793 100.8754707548503468   0.1122973593795878
 120.0013889562673412  94.9303923375340869  98.0805658027808168  -0.0050026406204122
 119.9276896370444097  94.4692991608573020  96.0736766485564518   0.0338973593795878
 118.8165306702987117  93.5678997949768709  99.0443261310806515   0.0338973593795878
 118.7976334089595030  97.4853020705956268  98.4774082909042814  -0.1415026406204122
 119.8332033303483390  99.7529734313011209  97.9067109984600641  -0.1638026406204122
 121.6926938461268677 100.0326528991214724  97.1111362960792182   0.2061973593795878
 118.1173320007478535 101.6653762788294288  98.3337891047262653  -0.3418026406204122
 118.4385854435144561 103.4795133673938321  97.7895479781569376   0.3411973593795878
 115.8893448888546935 100.7526385561454698  99.3051083375617808   0.1379973593795878
 113.6235632542831161 101.9280482114444882 100.0307631729875421  -0.2601026406204122
 113.4138036534178492 103.9235990088653253  99.8455700118632613   0.1571973593795878
 111.6412405397997240 100.4483926485841456 101.0001926796891541  -0.1134026406204122
 109.9159205795296137 101.3290050269914510 101.5576618891959132   0.1416973593795878
 111.9341480905575067  97.8141144178979237 101.2496365293667554  -0.1972026406204122
 110.4355952663579553  96.7105143556879065 102.0263139704083926   0.1446973593795878
 114.1885913683255695  96.6198075012596830 100.4880768973964934  -0.2387026406204122
 114.3870126123872951  94.6242567038388460 100.6846084153243021   0.1699973593795878
 116.2729592940407133  98.0824555289147337  99.4562864282754912   0.1242973593795878
 123.4425802461379237  91.8066750381622600  99.5224268429627284   0.5972973599283659
 122.8321987048813720  90.8277969007910504 101.5406543539906214  -0.5679026422667466
 124.8334186807039730  90.5254407193636565  97.8273425008353685  -0.4157026406204122
 125.1735693848098112  91.3455818614854751  96.1246992541723141   0.2718973593795878
 126.0182769666726159  88.0517892100607291  98.4150473284848776  -0.0875026406204122
 124.8012933364273194  87.0785802510912833  99.7605323358368018   0.0968973593795878
 126.2355954720735502  86.2773363703086734  96.1114711712348693   0.2984973593795878
 127.0236112699187152  84.4953246260209370  96.7879931271786852  -0.0297026406204122
 123.6315528595300649  85.6669548290521083  95.0097608351587825  -0.3192026406204121
 123.8224151990561097  84.2969033819591980  93.4828621189504113   0.0790973593795878
 122.4580329303649768  84.8543725914659705  96.4875266718851948   0.0790973593795878
 122.7396021243192182  87.3733775279829963  94.2784368213312572   0.0790973593795878
 127.9703640630132447  87.2165302588675354  93.9968676273769890  -0.3192026406204121
 128.1083140707895102  85.7822281232213047  92.5247709690523406   0.0790973593795878
 127.2088044310429960  88.9342913146019513  93.1767264852551704   0.0790973593795878
 129.8619799230684269  87.5869165811160968  94.7225224628027503   0.0790973593795878
 128.5864147826715871  88.2823357983991215  99.7397453483636761   0.5972973599283659
 129.2345908466065832  86.6193768005484285 101.2364084464293106  -0.5679026422667466
 130.0188271921838877  90.3251297491680006  99.2994391591600167  -0.4157026406204122
 129.4178942815969336  91.6044743418326874  98.0068664835578851   0.2718973593795878
 132.4149999299960365  90.8448044359963422 100.6090193699674537  -0.0518026406204122
 133.6678883567858202  89.2385372221632755 100.3066631885400464   0.0921973593795878
 133.6716678090536807  93.1880648420586983  99.4128227271952961  -0.1102026406204122
 134.0137082392934223  92.7345305699175941  97.4323897388458208   0.0456973593795878
 132.3734259550497852  94.7792142468203899  99.4581761544094079   0.0456973593795878
 136.1868932933028459  94.0138751625822809 100.6392549881101903   0.3530973593795877
 137.1789995136115138  92.3622545215351024 101.3705790019377157  -0.0361026406204122
 137.8725290047606217  95.2686533155059949  98.6512630952250341  -0.4121026406204121
 139.6526510229144277  95.8469095124858931  99.5129782122931174   0.0999973593795878
 138.2788201235536973  93.9363963910915156  97.1357027358201908   0.0999973593795878
 136.9295556639338991  96.9297225872227712  97.8764753803173138   0.0999973593795878
 135.8240658755899786  95.9489547237176445 102.7670866149055156  -0.4121026406204121
 137.6571002254935909  96.5404390036350008 103.4946311764652072   0.0999973593795878
 134.8281802030134770  97.6119137215683510 102.0641084930868101   0.0999973593795878
 134.7620397883262396  95.1401519383993404 104.3298901276584009   0.0999973593795878
 132.0370547032117806  91.0961380118078738 103.4757339151259850   0.5972973599283659
 133.5242691706078175  90.0530091858833435 104.9213744075757438  -0.5679026422667466
 129.9829223956394004  92.3131216420531568 104.3034339617834979  -0.4157026406204122
 128.8944401425007450  93.2201901863353519 103.0127510123152832   0.2718973593795878
 129.2308113943387227  92.4019387703474502 106.9792861674159845  -0.0014026406204122
 130.6367676379761337  93.4337292394684524 108.0791067773581544   0.0875973593795878
 126.6626735783397514  93.7493135038333045 107.2551861829684888  -0.0152026406204122
 125.4797050185050387  93.2938895055582835 105.6300217077962133   0.0294973593795878
 125.7121413329773615  92.9575182537203058 108.9049170978817506   0.0294973593795878
 126.7023578271520992  96.6046896921883213 107.5783293518690217  -0.0011026406204122
 127.8494215904422978  98.1485959436019845 105.7207285622244368  -0.1906026406204122
 128.7886154790011598  97.3019986356052629 104.1579250494715649   0.1698973593795878
 127.7454866530766161 100.8017714356274151 105.8605682961346058  -0.2341026406204122
 128.5750764258680593 101.9658427341229057 104.4413839695597500   0.1655973593795878
 126.3924427411890111 102.0130858874709344 108.0772170512242377   0.3225973593795878
 126.1543372483149245 104.5547675375950295 108.2567410339467544  -0.5579026422667467
 125.9956002530655601 105.1235751039053165 110.0085171600917541   0.3991973593795878
 125.2453789778988125 100.2802070226651568 110.0368630521005740  -0.2341026406204122
 124.2627213882597691 101.0568844637067805 111.6128946477909041   0.1655973593795878
 125.4494694003623155  97.6553774226485325 109.6967123479947492  -0.1906026406204122
 124.5877542832942187  96.4440629708050134 111.0629843428198124   0.1698973593795878
 129.0021545321342605  89.7355351953845611 108.0961143125634464   0.5972973599283659
 130.1473285692905287  89.1383817370654542 110.0274144214309628  -0.5679026422667466
 127.5791907532915576  88.0801351020695488 106.8262183505683707  -0.4157026406204122
 126.7363728975626831  88.6546118467816134 105.2142819583335400   0.2718973593795878
 127.2182530617125938  85.4817616679278275 107.6765951108329261  -0.0252026406204122
 126.3395304094392051  85.4931000247313556 109.5398650788792883   0.0697973593795878
 125.9615851826549762  84.5293396964315207 106.3613457216237385   0.0697973593795878
 129.7032429278190357  84.0191136402727768 107.8334423799484004   0.5972973599283659
 130.1624463783619172  82.7643354873490628 109.7326171445392498  -0.5679026422667466
 131.3567532950001311  84.2043068013970576 105.9248189846879263  -0.4157026406204122
 130.9126676535286378  85.3097965897409917 104.4187072559526941   0.2718973593795878
 133.7737130202854322  82.8266964497684665 105.9418265198932182  -0.0597026406204122
 133.3258479265460785  80.9180730545080059 106.5597669656854775   0.0868973593795878
 134.9094384267721027  82.5753628739569483 103.2546359574572037   0.1302973593795878
 133.3579732708227321  82.5016635547340169 101.8959228671678213   0.0186973593795878
 136.6215303041047412  84.7939013551804971 102.5006352300226225  -0.3204026406204121
 137.1393152647991661  84.6389438121989531 100.5126433371374662   0.0881973593795878
 135.6256446315282396  86.5626850165307889 102.7727557933072795   0.0881973593795878
 138.3411810859730740  84.8109088903857891 103.6382503626432233   0.0881973593795878
 136.4627933088553502  80.1206086259932431 102.9579489544315603  -0.0430026406204122
 137.5210399438512554  80.2094257542875365 101.1910550192151989   0.0235973593795878
 137.8215063991447460  79.9580921784760049 104.4980757535773897   0.0235973593795878
 134.8395185598170049  77.7187667097793305 102.8540140170658920  -0.0660026406204122
 133.4449006729831219  77.8775037050287082 101.3460125621967430   0.0185973593795878
 136.0527227377944408  76.0973816868748888 102.4703996118798856   0.0185973593795878
 133.8795376837850172  77.4031824454144786 104.6454743920232396   0.0185973593795878
 135.6332035360639339  83.8433691098181072 107.9354875911801383   0.5972973599283659
 136.9919166263533028  82.3353676549489448 109.0768821760685729  -0.5679026422667466
 135.5878501088498221  86.3151308929871043 108.4872876222851469  -0.4157026406204122
 134.4653527853006097  87.4697535608129837 107.4403793440927696   0.2718973593795878
 136.9786885434158715  87.4565254778755389 110.6000014400091105  -0.0518026406204122
 138.9629009840331806  86.9595275046542533 110.4015801959473715   0.0921973593795878
 136.7727083948184382  90.3591448195785844 110.4337055402240386  -0.1102026406204122
 137.6211954289490767  90.9770852653708304 108.6592527004719829   0.0456973593795878
 134.7809370496654349  90.8825989586747731 110.3883521130099267   0.0456973593795878
 138.0237070954743186  91.8123442165640241 112.6333467601083784   0.3530973593795877
 137.0977412898529149  91.3096770649409743 114.4021304214586702  -0.0361026406204122
 140.8526271179544325  91.2567647331911683 112.8790111575181327  -0.4121026406204121
 141.6519812726031255  92.4265052100884228 114.3756742555837672   0.0999973593795878
 141.1455346687122286  89.2838906493773872 113.3854577614090295   0.0999973593795878
 141.8126079939864200  91.6687250303860078 111.1045583177660770   0.0999973593795878
 137.7175714617790641  94.6526025958476659 112.2176070106457053  -0.4121026406204121
 138.4564543801422838  95.6806136127008210 113.8427714858179808   0.0999973593795878
 138.7115674082216625  95.2459766018989390 110.5149637639826509   0.0999973593795878
 135.7182412120903934  95.1099163202566037 112.0229652188518133   0.0999973593795878
 136.0527227377944408  86.4247350087545367 113.1568008992045673   0.5972973599283659
 137.5852906324045895  85.6801829119895665 114.7403913994305780  -0.5679026422667466
 133.5601739671523315  86.2263137646927977 113.5196283169174478  -0.4157026406204122
 132.3790951334515491  86.9387405171811142 112.1854816663690383   0.2718973593795878
 132.4735814401476064  85.0490143832598623 115.7797407730872613  -0.0024026406204122
 133.2200232630464933  86.0260027944971552 117.4332511402683567   0.0977973593795878
 129.5728518245784644  85.3513705646872562 115.7929688560247061  -0.0343026406204122
 129.1174278263034432  87.3450316359741764 115.9535955774080140   0.0294973593795878
 128.8358586323492018  84.7088636791540376 113.9826112197281498   0.0294973593795878
 128.1404394150661638  84.0039958312014153 117.8981237692129888   0.0117973593795878
 126.1089838211008127  82.3807210821630566 117.3047497631617155  -0.1256026406204122
 125.5798605036028599  82.1048210666105523 115.3847880110977136   0.1329973593795878
 124.7370426478739855  81.1561785473820793 119.2284909674935513  -0.1704026406204122
 123.2044747532638637  79.9278565603332682 118.7692875169506831   0.1429973593795878
 125.3682111766036895  81.5756977491125997 121.7739520698854666  -0.1072026406204122
 124.3213028984113122  80.6610703002947104 123.2384898236744475   0.1296973593795878
 127.3543133433549290  83.2310978424276118 122.3862233372759486  -0.1704026406204122
 127.8040681632281860  83.5825869033369646 124.3213028984113122   0.1429973593795878
 128.7394825995192144  84.4424122942711444 120.4587026806762792  -0.1256026406204122
 130.2248073407813208  85.7104185301323031 120.9557006538975783   0.1329973593795878
 133.2578177857249108  82.2578888834581795 116.0386332534344735   0.5972973599283659
 134.0344952267665480  81.4831011685504593 118.0946552871407975  -0.5679026422667466
 133.2426999766535491  80.7857922251335177 113.9618242322550107  -0.4157026406204122
 132.5737369252454275  81.5379032264341820 112.3309905786809711   0.2718973593795878
 134.1063048198555493  78.1345064592420038 113.9901701242638307  -0.0237026406204122
 132.9365643429582948  77.0819290026478623 115.3224270486783234   0.0879973593795878
 133.9400089200704907  76.8116981654971222 111.3899069639881924   0.0341973593795878
 135.2458096786100805  77.7319947927167752 110.0916651099842969   0.0240973593795878
 134.6165308760143066  74.8803980566296056 111.6450199920675576   0.0240973593795878
 131.3926580915446451  76.6283947305067583 110.0179657907613653   0.0017973593795878
 130.8332991559039424  78.4822160678835094 109.3660102745585354   0.0439973593795878
 131.7195807127130252  75.5002282285557819 108.3266609009018390   0.0439973593795878
 128.7508209563227423  75.1959823209944577 111.6544686227371688  -0.2737026406204122
 127.5470654090149039  77.9001804186357642 113.3608913216680566  -0.0536026406204122
 125.7159207852451951  77.4428666942268262 114.1829221899238055   0.0683973593795878
 128.8396380846170355  78.4047372963927441 114.8802311333407471   0.0683973593795878
 127.3278571774800394  79.4951092756653031 112.0777672767355228   0.0683973593795878
 136.8539666185770641  77.9379749413141951 114.8991283946799558   0.5972973599283659
 137.3906488406106841  76.5792618510248127 116.7113757571104424  -0.5679026422667466
 138.6000735663202865  79.2777907702643553 113.6386810633544778  -0.4157026406204122
 138.0274865477421523  80.4210750812867203 112.2062686538421772   0.2718973593795878
 141.3231689253008151  79.0907078830061576 114.1904810944594864  -0.0875026406204122
 141.7918210065132945  77.0857084549157096 114.2415037000753621   0.0968973593795878
 142.9237669607321314  80.2887942519122321 112.0626494676641611   0.2984973593795878
 142.1659867810296895  79.6387284618433191 110.2598507359032857  -0.0297026406204122
 142.8897518903215475  83.1800752368117495 112.0569802892623972  -0.3192026406204121
 143.9083142765051051  83.8887225370322190 110.4129185527508995   0.0790973593795878
 140.9471134246504896  83.8150232178092873 111.9473761734949649   0.0790973593795878
 143.7590259119253117  83.9302965119784837 113.7671824404611324   0.0790973593795878
 141.9694552631018808  80.1262778043950072 116.8134209683421804   0.5972973599283659
 143.7325697460504221  79.1946428203718261 117.9963895281768931  -0.5679026422667466
 140.4822407957058709  81.9177381793523412 117.7960785579812374  -0.4157026406204122
 139.1102996224790437  82.6830772635904504 116.6981476741729842   0.2718973593795878
 140.7071182056424995  82.7945711054918130 120.4001211705247227   0.0212973593795878
 142.6573155758492248  83.3312533275254465 120.7270437916931027   0.1123973593795878
 139.0914023611398216  85.1737363080986697 120.7742869450411313  -0.1231026406204122
 139.8643003499136249  86.7214220117801665 119.6480101692240582   0.1111973593795878
 137.1487638954687637  84.8260266994571506 120.1752437605880941   0.1111973593795878
 139.1405352406217672  86.0052158070240163 124.1058741191443082  -0.3119026406204122
 138.1786646384558492  88.3579248437559700 123.9036734228147087   0.1932973593795878
 140.0551626894396697  80.7309901672497948 122.3389801839279334   0.5972973599283659
 141.6368634635317369  80.0752551987791314 123.9206809580200006  -0.5679026422667466
 137.7100125572433969  79.7899065525570161 122.2955164828477251  -0.4157026406204122
 136.5119261883373224  80.3700524756708444 120.9141266789513002   0.2718973593795878
 136.6876707187919786  78.2271030398041442 124.3458693381522983  -0.0024026406204122
 137.3112803429860154  78.9981113024440172 126.1543372483149245   0.0977973593795878
 133.7869411032228634  78.3064715374288398 124.2872878280007283  -0.0343026406204122
 133.1123088734129778  78.4727674372139118 122.3446493623296973   0.0294973593795878
 133.0575068155292685  76.5244597931410898 125.0242810202300177   0.0294973593795878
 132.6984588500842348  80.4324134380902482 125.8595399714232248   0.0117973593795878
 133.2691561425284387  82.9646464575447187 125.2831735005772300  -0.1256026406204122
 134.3840945615419837  83.4144012774179757 123.6391117640657592   0.1329973593795878
 132.3394108846392013  84.9242924584210550 126.8081824906516844  -0.1704026406204122
 132.7494814557001107  86.8744898286277937 126.3433098617070657   0.1429973593795878
 130.7917251809576911  84.3498157137090040 128.8793223334293833  -0.1072026406204122
 130.0074888353803597  85.8597068947120833 129.9829223956394004   0.1296973593795878
 130.2342559714509186  81.8270313249241311 129.4783655178824071  -0.1704026406204122
 129.0909716604285536  81.3980634925239997 131.1091991714564467   0.1429973593795878
 131.1828984906793781  79.8654955979138645 127.9665846107454109  -0.1256026406204122
 130.7614895628149411  77.9247468583767369 128.4314572396900297   0.1329973593795878
 137.6136365244134092  75.4964487762879347 124.2778391973311308   0.5972973599283659
 137.9726844898584429  74.3645028220690978 126.2752797208858980  -0.5679026422667466
 137.9953612034654987  74.4155254276849735 122.0271753718309151  -0.4157026406204122
 137.6759974868328130  75.4454261706720590 120.4379156932031402   0.2718973593795878
 138.7739283706410660  71.7736882924630705 121.7739520698854666  -0.0031026406204122
 137.5002529563781300  70.5982786371640523 122.8926699411668454   0.0849973593795878
 138.5717276743114666  70.9686649594126137 118.9941649268873117  -0.0036026406204122
 136.5950741382298518  71.0593718138408371 118.4102395515056362   0.0170973593795878
 139.6620996535840523  72.2725759918182731 117.8263141761239740   0.0170973593795878
 137.5078118609138240  67.7769175192196192 114.5438598815027559  -0.6086026417179684
 147.5838316069819272 100.9888543228856263 119.6839149657685724  -0.5679026422667466
 144.7095581572877015  97.2075123289091922 121.9496966003401498   0.0396973593795878
 145.0100246125811919  96.5631157172420432 120.0146170392047860   0.1104973593795878
 143.9782341434601761  94.9077156239270311 123.5616329925749671   0.0559973593795878
 143.4094265771498757  95.5766786753351528 125.4267926867552597  -0.0173026406204122
 141.8315052553256421  93.3713682770490488 122.3540979929992950   0.0135973593795878
 140.6655442306962214  94.6072491686335541 121.1938061467716383  -0.0425026406204122
 142.6516463974474607  91.9502942243402763 121.1030992923434146  -0.0425026406204122
 140.1345311870643653  92.0863545059825981 124.3118542677417146   0.8053973582820314
 137.8404036604839413  91.8425798347067607 123.7789514979759282  -0.8188026384252995
 141.0397100052126434  91.3455818614854751 126.3659865753141215  -0.8188026384252995
 142.5892854350280571  99.1766069604551397 121.8495411152423286   0.5365973593795877
 141.5574949659070682  99.6773843859442725 119.8256444258126582  -0.5819026422667466
 141.9713449892358112 100.3520166157541581 124.0000494556446962  -0.4157026406204122
 142.9086491516607428  99.9173796049522761 125.6082063956116798   0.2718973593795878
 140.0230373451629893 102.3173317950322586 124.0605206919301965  -0.0031026406204122
 138.3411810859730740 101.5633310675976772 123.1591213260497519   0.0849973593795878
 139.2217934643803929 102.9636181328333243 126.7647187895715030  -0.0036026406204122
 137.7553659844575086 104.4130380775509301 126.6929091964825016   0.0170973593795878
 138.3468502643748380 101.2723132429738114 127.5357270522113760   0.0170973593795878
 141.3023819378276895 103.8196640714996570 128.5977531394751150  -0.0645026406204122
 140.4274387378221614 103.9784010667490480 130.4459052984500890   0.0351973593795878
 142.7877066790897961 102.3948105665230373 128.7130264336442980   0.0351973593795878
 142.4437765227161241 106.3953607920343224 127.9911510504863972   0.6950973577332533
 141.1852189175245764 108.0923348602956126 127.0784133278024247  -0.6086026417179684
 144.8777437832066903 106.7506293052115223 128.3294120284583050  -0.9407026400716340
 145.5599349175522702 108.4665006348120212 127.8758777563171874   0.4250973593795878
 140.7468024544548473 104.6076798693448219 122.4618123826328104   0.5972973599283659
 139.1027407179433495 105.5752196499125038 121.1484527195575265  -0.5679026422667466
 143.1769902626775797 105.2898710036903883 122.3276418271244055  -0.4157026406204122
 144.4431067724048217 104.4319353388901389 123.4652569597449794   0.2718973593795878
 144.0916177114954556 107.2646348136381000 120.6325574849970319  -0.0024026406204122
 143.2525793080344148 109.0636540931311282 121.1975855990394987   0.0977973593795878
 146.9734500657253755 107.4951814019764923 120.8838910608085635  -0.0343026406204122
 147.4099768026611743 108.6271273561953159 122.5525192370610341   0.0294973593795878
 147.7917014817132637 105.6319114339301434 121.1919164206377348   0.0294973593795878
 148.2301179447829928 108.6705910572755108 118.5916532603620831   0.0117973593795878
 147.9069747758824735 111.2576261346137042 118.0870963826051032  -0.1256026406204122
 146.7844774523332342 112.4046898979039028 119.3475437139305812   0.1329973593795878
 148.9860083983515044 112.3404392093505823 115.9158010547295965  -0.1704026406204122
 148.7233364657364315 114.3322105545035856 115.5397455540792576   0.1429973593795878
 150.3636187499800955 110.8267685760796560 114.2226064387361533  -0.1072026406204122
 151.1780907137001501 111.6582480750050159 112.5445296318140718   0.1296973593795878
 150.6584160268717951 108.2283951419379346 114.7007071506182302  -0.1704026406204122
 151.7015448527963388 107.0605443911746104 113.3930166659447238   0.1429973593795878
 149.5926104873402224 107.1493615194689036 116.8833408352972650  -0.1256026406204122
 149.8004803620715590 105.1500312697802195 117.2404990746083816   0.1329973593795878
 143.2676971171057765 106.7600779358811198 117.8943443169451418   0.5972973599283659
 142.0488237607265764 108.3852424110533955 116.7491702797888599  -0.5679026422667466
 143.7514670073896174 104.4772887661042506 116.9003483705025568  -0.4157026406204122
 144.6963300743502433 103.1884955427699529 117.9623744577663093   0.2718973593795878
 142.8595162721787975 103.7667517397498644 114.3813434339855311  -0.0518026406204122
 143.5454868587922110 105.1613696265837474 113.0320789743657599   0.0921973593795878
 143.8383944095500073 101.1419221397332401 113.5971070884082131  -0.1102026406204122
 143.3886395896767501  99.7850987755777879 115.0824318296703197   0.0456973593795878
 142.8028244881611576 100.5731145734229395 111.9058021985487002   0.0456973593795878
 146.6805425149675792 100.9775159660820984 112.9980639039551761   0.3530973593795877
 147.7784733987758055 101.3063283133843952 114.7044866028860641  -0.0361026406204122
 147.2493500812778797  98.3205610217888205 112.0040679575126046  -0.4121026406204121
 146.7485726557887469  96.9297225872227712 113.4383700931588355   0.0999973593795878
 146.1551986497374602  97.9520644256741758 110.2976452585817032   0.0999973593795878
 147.5346987274999816 102.8540140170658920 110.9666083099898248  -0.4121026406204121
 149.5037933590459291 102.5044146822904695 110.4771692413042334   0.0999973593795878
 146.3649582506027273 102.6537030468702495 109.2809725985320759   0.0999973593795878
 147.3873000890541185 104.7777552213977278 111.6790350624781415   0.0999973593795878
 139.9852428224845718 103.8669072248476855 114.1923708205934033   0.5972973599283659
 139.0366003032561121 104.9667278347898556 112.3820131842968470  -0.5679026422667466
 138.6076324708559807 102.8370064818606000 116.0386332534344735  -0.4157026406204122
 139.5033626583346611 101.9545043773193778 117.4880531981520660   0.2718973593795878
 135.8486323153309647 102.9711770373690185 116.0254051704970288  -0.0275026406204122
 135.1607720025836209 101.9677324602568360 114.3586667203784751   0.1122973593795878
 134.7091274565764336 101.6634865526955118 118.3535477674880099  -0.0050026406204122
 135.5254891464304184 102.4703996118798856 120.0580807402849676   0.0338973593795878
 132.7230252898251943 102.1661537043185616 118.3667758504254547   0.0338973593795878
 134.7752678712636710  98.8213384472779398 118.5368512024783604  -0.1415026406204122
 135.9846925969732731  97.4550664524528767 120.3283115774357079  -0.1638026406204122
 137.1676611568079859  98.2204055366909858 121.7966287834925225   0.2061973593795878
 135.4385617442700555  94.9209437068644759 120.0769780016241898  -0.3418026406204122
 136.1982316501063738  93.5660100688429406 121.2353801217179162   0.3411973593795878
 133.7812719248210995  94.5033142312678857 118.1211114530156871   0.1379973593795878
 132.5964136388524834  92.3206805465888377 117.1970353735282002  -0.2601026406204122
 132.9308951645565308  90.5386688023011013 118.0719785735337415   0.1571973593795878
 130.9806977943498055  92.5172120645166463 115.0956599126077645  -0.1134026406204122
 130.0660703455319298  90.8882681370765236 114.3567769942445584   0.1416973593795878
 130.5725169494228265  94.8604724705790024 113.9221399834426629  -0.1972026406204122
 129.3612024975792940  94.9833046692838795 112.3158727696096096   0.1446973593795878
 131.7441471524539845  97.0525547859276482 114.8556646935997744  -0.2387026406204122
 131.4417909710265906  98.8043309120726479 113.9240297095765933   0.1699973593795878
 133.3882088889654821  96.9486198485619799 117.0439675566805729   0.1242973593795878
 134.9056589745042423 105.7263977406262007 115.7872996776229421   0.5972973599283659
 133.4241136855099963 106.2706388671955150 114.0770975264242069  -0.5679026422667466
 135.8486323153309647 107.5046300326461035 117.3217572983670075  -0.4157026406204122
 137.1015207421207485 106.9792861674159845 118.6748012102546125   0.2718973593795878
 135.0965213140302870 110.1918205950821180 117.1460127679123245  -0.0389026406204122
 133.0518376371275046 110.2900863540460223 117.3425442858401332   0.1006973593795878
 136.3078357658738195 111.8604487713345885 119.2171526106900234   0.3653973593795878
 135.3384062591722074 113.6783653121668256 119.1623505528063004   0.0042973593795878
 136.1150837002138446 110.8588939203563229 121.9156815299295659  -0.2438026406204122
 136.2813795999989299 112.4405946944484036 123.2214822884691557   0.0641973593795878
 134.3236233252565105 109.8837952352529602 122.1934712716160004   0.0641973593795878
 137.6627694038953548 109.5927774106290809 122.3484288145975311   0.0641973593795878
 138.9024297477477072 112.3120933173417624 118.7881847782898918  -0.6761026389740777
 139.7603654125479433 110.7114952819104596 118.5803149035585552   0.4101973593795878
 135.7276898427599912 111.3634507981132894 114.5740954996455062   0.5972973599283659
 134.1875630436141751 112.7240536145366021 113.4818337942390169  -0.5679026422667466
 137.9500077762513870 110.7549589829906546 113.5328563998548926  -0.4157026406204122
 139.1518735974252950 109.6608075514502485 114.5457496076366863   0.2718973593795878
 138.7909359058463312 111.6998220499512806 111.0837713302929515  -0.0252026406204122
 138.7607002877036078 113.7596235359254381 111.0932199609625491   0.0697973593795878
 140.7222360147138610 111.0648740689537426 110.7606281613924186   0.0697973593795878
 137.1468741693348602 110.7492898045888905 108.9105862762835145   0.5972973599283659
 136.5043672838016282 112.2232761890474692 107.2268402909596689  -0.5679026422667466
 136.4155501555073350 108.3247711747679221 108.9559397034976128  -0.4157026406204122
 136.9900269002193993 107.2155019341561410 110.4129185527508995   0.2718973593795878
 134.7318041701834894 107.2476272784328079 107.0378676775675545  -0.0237026406204122
 135.4820254453502369 107.7616327868593856 105.1991641492621649   0.0879973593795878
 134.5447212829252784 104.3450079367297624 107.2211711125579049   0.0341973593795878
 133.7208006885356262 103.8612380464459215 109.0485362840597666   0.0240973593795878
 133.2294718937160909 103.7025010511965438 105.7698614417063822   0.0240973593795878
 136.9938063524872331 102.8067708637178634 106.9207046572644280   0.0017973593795878
 138.2655920406162391 103.2244003393144668 108.4665006348120212   0.0439973593795878
 136.4665727611232107 100.8225584231005542 107.1153464490583197   0.0439973593795878
 138.7795975490428033 103.0788914270025204 104.0029675064900209  -0.2737026406204122
 140.7203462885799309 105.8208840473222580 104.6794894624338234  -0.0536026406204122
 142.1168539015477442 106.0495409095267337 103.1828263643681889   0.0683973593795878
 139.5562749900844403 107.5140786633157012 104.7664168645941997   0.0683973593795878
 141.6878860691476126 105.5582121147072120 106.4785087419268516   0.0683973593795878
 132.0672903213545308 108.3871321371873256 107.1852663160134044   0.5972973599283659
 131.0071539602246951 109.0069623091134885 105.2105025060656929  -0.5679026422667466
 131.0619560181084314 108.7896438037125542 109.4756143903259679  -0.5163026406204122
 132.0729594997562948 108.2661896646163655 111.0157411894717838   0.2935973593795878
 127.1218770288826062 108.8916890149442923 109.0012931307117246   0.0879973593795878
 128.4730312146363077 112.6182289510370035 108.6516937959363020   0.5365973593795877
 126.9083379757495057 113.0623145925084966 106.9736169890142206  -0.5819026422667466
 130.1775641874332790 114.3265413761018216 109.4094739756387171  -0.4157026406204122
 131.4399012448926871 113.8219844983448417 110.7681870659280994   0.2718973593795878
 130.0736292500675971 116.9627093329219606 108.5628766676419955  -0.0875026406204122
 128.1442188673340242 117.6165545752587206 108.8822403842746946   0.0968973593795878
 131.8348540068822080 118.6559039489154036 110.1578055246715343   0.2984973593795878
 131.3983272699464092 118.3233121493452597 112.1439076914227736  -0.0297026406204122
 134.6618843032284183 118.1513470711584371 109.7685219410837640  -0.3192026406204121
 135.7484768302331166 119.2511676811005938 111.1310144836409800   0.0790973593795878
 135.0625062436197032 116.1595757260054339 110.0784370270468387   0.0790973593795878
 135.2495891308779143 118.6766909363885427 107.8674574503589842   0.0790973593795878
 131.3586430211340614 121.4602575316545448 109.6154541242361367  -0.3192026406204121
 132.4584636310762179 122.6186596517482714 110.9174754305078795   0.0790973593795878
 131.8820971602302500 121.9326890651348578 107.6822642892346900   0.0790973593795878
 129.3649819498471276 121.8816664595189821 109.8932438659225579   0.0790973593795878
 130.5385018790122428 117.2083737303317281 105.7207285622244368   0.5972973599283659
 129.1835682409907075 118.6199991523709030 104.4640606831668058  -0.5679026422667466
 132.3469697891748687 115.8061969389621509 104.6303565829518779  -0.4157026406204122
 133.3712013537601903 114.6024413916543259 105.7207285622244368   0.2718973593795878
 132.9327848906904612 116.0518613363719183 101.9167098546409604  -0.0875026406204122
 133.0272711973865183 118.0681991212658945 101.5085290097139679   0.0968973593795878
 135.5613939429749325 114.9652688093672066 101.2968796827147841   0.2984973593795878
 136.8709741537823559 115.5662017199541606 102.7727557933072795  -0.0297026406204122
 135.6256446315282396 112.0796570028694531 101.1438118658671702  -0.3192026406204121
 137.5796214540028254 111.4409295696040681 101.0606639159746276   0.0790973593795878
 134.7431425269870174 111.2784131220868433 102.8143297682535442   0.0790973593795878
 134.6127514237464461 111.4201425821309291  99.4751836896146999   0.0790973593795878
 136.5516104371496702 116.0102873614256538  98.7816541984656054  -0.3192026406204121
 138.4583441062762141 115.3073092396069483  98.4415034943597806   0.0790973593795878
 135.3289576285026097 115.4263619860439917  97.2282993163823312   0.0790973593795878
 136.6101919473012133 118.0663093951319776  98.8610226960902876   0.0790973593795878
 130.8351888820378725 114.9841660707064154 100.2405227738528090   0.5972973599283659
 130.2739402202632664 116.0499716102380016  98.2449719764319585  -0.5679026422667466
 129.6144257995247423 112.9186954063304805 101.0247591194301270  -0.4157026406204122
 130.0906367852728891 112.1250104300835649 102.7103948308878759   0.2718973593795878
 127.6944640474607404 111.6847042408799054  99.4827425941503808  -0.0237026406204122
 128.4881490237076694 111.4881727229520968  97.5911267340952120   0.0879973593795878
 127.2277016923821914 109.0334184749883915 100.5598864904854947   0.0341973593795878
 129.0399490548126780 108.1357985613757942 100.9453906218054314   0.0240973593795878
 126.2091393061986606 109.1959349225056163 102.3437879609071616   0.0240973593795878
 125.8141865442091131 107.3080985147182814  98.7249624144479657   0.0017973593795878
 125.0318399247657120 108.4268163859996734  97.1923945198378307   0.0439973593795878
 127.1691201822306482 105.9966285777769411  97.8972623677904529   0.0439973593795878
 123.2800637986206988 105.5128586874931002 100.1460364671567383  -0.2737026406204122
 121.1371143627539985 108.1055629432330574 100.7961022572256512  -0.0536026406204122
 121.8211952232335086 109.1864862918360188 102.4099283755943988   0.0683973593795878
 121.0161718901830517 109.3433335609514797  99.1595994252498478   0.0683973593795878
 119.2681752163058856 107.3496724896645595 101.2099522805544076   0.0683973593795878
 125.3039604880503825 113.3249865251235560  99.2011734001961123   0.5972973599283659
 124.2948467325364226 113.4969516033103920  97.1035773915435239  -0.5679026422667466
 124.4138994789734660 114.6043311177882428 101.2023933760187268  -0.3661426405106565
 125.2586070608362707 114.2641804136824180 102.9598386805654906   0.3114673593247100
 120.6249985804613511 115.6909236447929545  99.8587980948007195   0.2246473596539769
 122.8964493934347059 119.0470772586371043  99.9910789241751943   0.8099073597637324
 122.0441829070362069 119.2681752163058856  97.8783651064512442  -0.6014826404009009
 125.1074289701225469 120.1412286901775102 100.5088638848696190  -0.4157026406204122
 126.0900865597616174 119.5535238625280011 102.0452112317476013   0.2718973593795878
 126.0844173813598533 122.2803986737763634  98.9800754425273310  -0.0518026406204122
 124.6860200422581097 123.7884001286455258  99.0991281889643744   0.0921973593795878
 128.6090914962786431 123.0986500897642785 100.1876104421030164  -0.1102026406204122
 128.1952414729498733 123.5465151835036054 102.1567050736489505   0.0456973593795878
 129.9016641718807747 121.4923828759311983 100.1951693466386972   0.0456973593795878
 129.9734737649697760 125.3852187118089816  98.9970829777326230   0.3530973593795877
 128.5864147826715871 126.7798365986428645  98.3848117103421410  -0.0361026406204122
 131.6893450945702750 126.6059817943221118 100.9850748706177792  -0.4121026406204121
 132.5775163775132613 128.2935072319137910 100.2065077034422251   0.0999973593795878
 130.5838553062263545 127.1464434686235925 102.6329160593971105   0.0999973593795878
 133.1444342176896314 125.2718351437737021 101.5784488766690523   0.0999973593795878
 131.7063526297755670 124.6765714115885121  96.7823239487769213  -0.4121026406204121
 132.7268047420930547 126.3470893139748993  96.1417067893776061   0.0999973593795878
 133.0575068155292685 123.2366000975405172  97.3700287764264306   0.0999973593795878
 130.6159806505030081 123.9679241113680426  95.1968437224169802   0.0999973593795878
 126.2979564344929540 121.7191500120017573  96.0963533621634944   0.5972973599283659
 125.8765475066285167 123.4104549018612701  94.5543368368837615  -0.5679026422667466
 126.7401523498305167 119.3513231661984285  95.2988889336487316  -0.4157026406204122
 127.1766790867663425 118.0247354201857131  96.6084691444561551   0.2718973593795878
 126.4774804172154706 118.6105505217012919  92.6192572757483979  -0.0249026406204122
 127.5036017079346956 120.0127273130708693  91.5213263919401447   0.0842973593795878
 127.8399729597727002 116.1142222987913221  92.0655675185094724   0.2116973593795878
 128.3048455887173189 116.0594202409075992  90.0586783642850941   0.0351973593795878
 129.6011977165872841 116.0272948966309457  93.1370422364428226   0.0351973593795878
 126.3451995878409692 113.9807214935942329  92.6154778234805507  -0.6546026417179684
 125.8954447679677120 114.0260749208083446  94.4031587461700646   0.4274973593795878
 123.7260391662261222 118.6143299739691391  91.6177024247701322   0.5972973599283659
 123.2479384543440453 119.5308471489209451  89.5295550467871547  -0.5679026422667466
 121.8835561856529124 117.7223792387583058  93.0992477137643915  -0.4157026406204122
 122.3729952543385172 117.2140429087334920  94.8812594580521415   0.2718973593795878
 119.1699094573419813 118.0455224076588385  92.6079189189448698  -0.0581026406204122
 118.7333827204061825 117.2518374314119095  90.7673256645055635   0.1359973593795878
 117.5693114219106919 116.6509045208249556  94.5807930027586511  -0.0074026406204122
 118.4839388707285678 116.6376764378875108  96.4157170787961935   0.0366973593795878
 115.7646229640158862 117.6260032059283181  94.8037806865613628   0.0366973593795878
 116.9589298806541268 114.0071776594691225  93.8041155617170274   0.1867973593795878
 115.4414797951153532 113.4081344750160853  91.7462038018767733  -0.5432026406204121
 115.0843215558042366 110.9042473475704347  91.8671462744477334   0.1634973593795878
 113.9183605311748293 109.8441109864406124  90.5670146943099210   0.1434973593795878
 116.3220921735226587 109.9253692101992249  93.8570278934668200  -0.2795026406204121
 116.3806736836742152 108.0677684205546265  94.3181210701436051   0.3338973593795878
 117.5107299117591220 111.8661179497363524  95.1155854986583677  -0.2207026406204121
 118.5614176422193465 111.7584035601028371  96.8579129941337698   0.1861973593795878
 118.3554374936219266 120.8234198245230767  92.5474476826593830   0.5972973599283659
 116.9532607022523629 121.5736410996898243  90.8448044359963422  -0.5679026422667466
 119.2814032992433438 122.4126795031508650  94.2784368213312572  -0.4157026406204122
 120.4114595273282506 121.7191500120017573  95.6654958036294593   0.2718973593795878
 118.5689765467550274 125.1055392439886436  94.2916649042687020  -0.0389026406204122
 116.5110647869147865 125.1962460984168671  94.2935546304026322   0.1006973593795878
 119.4741553649033055 126.5568489148401662  96.6443739410006691   0.3653973593795878
 118.4121292776395665 128.3199633977886806  96.7331910692949625   0.0042973593795878
 119.1151073994582720 125.1508926712027554  99.1293638071071110  -0.2438026406204122
 119.8691081268928532 126.2941769822250933 100.6619317017172463   0.0641973593795878
 117.1176668759035046 124.7786166228202635  99.4600658805433248   0.0641973593795878
 120.1166622504365376 123.3669912007810887  99.1218049025714303   0.0641973593795878
 122.0498520854379709 127.1880174435698704  96.5215417422957787  -0.6761026389740777
 122.4221281338204628 128.2160284604230257  97.9709616870133845   0.4101973593795878
 119.4703759126354583 126.4302372638674287  91.8803743573851916   0.5972973599283659
 118.0001689804447268 127.8078476154960198  90.7011852498183261  -0.5679026422667466
 121.8041876880282168 125.9351290167800598  91.0205489664510118  -0.4157026406204122
 122.9777076171933050 124.9146769044625989  92.1506051945359320   0.2718973593795878
 122.8038528128725521 127.1010900414094805  88.6999652739957251  -0.0875026406204122
 122.2369349726961820 129.0758538513571919  88.7736645932186434   0.0968973593795878
 125.7178105113791255 127.1502229208914261  88.6602810251833773   0.2984973593795878
 126.3716557537158856 127.7624941882819081  90.5159920886940453  -0.0297026406204122
 126.9291249632226581 124.5934234616959829  88.0782453759356321  -0.3192026406204121
 128.9756983662593709 124.7370426478739855  88.2483207279885378   0.0790973593795878
 126.2563824595466758 123.2290411930048230  89.4501865491624593   0.0790973593795878
 126.4434653468048869 123.9584754806984449  86.1809603374786860   0.0790973593795878
 126.7004681010181689 129.0664052206875944  86.7195322856462497  -0.3192026406204121
 128.7527106824566458 129.1911271455263749  86.8480336627528907   0.0790973593795878
 126.1770139619219802 128.4975976543772940  84.8090191642518588   0.0790973593795878
 125.9030036725034063 130.9258957364660962  87.1125953215018671   0.0790973593795878
 121.6227739791717696 126.0126077882708519  86.2811158225765206   0.5972973599283659
 121.1711294331645823 127.4450201977831525  84.4991040782887841  -0.5679026422667466
 120.9727081891028701 123.5635227187088974  86.1601733500055603  -0.4157026406204122
 121.3808890340298492 122.3975616940794765  87.6341597344641389   0.2718973593795878
 119.6498998953579885 122.5525192370610341  83.9170684290410255  -0.0875026406204122
 120.6306677588631152 123.3178583212991431  82.2748964186634580   0.0968973593795878
 119.8483211394197141 119.6555690737597525  83.6827423884347993   0.2984973593795878
 121.7758417960193969 119.0999895903868969  84.1513944696472650  -0.0297026406204122
 118.0322943247213939 118.1853621415690076  85.3759370044282423  -0.3192026406204121
 118.4877183229964148 116.1765832612107257  85.3381424817498114   0.0790973593795878
 118.2401641994527305 118.8675532759145874  87.2864501258226198   0.0790973593795878
 116.0726483238450574 118.4461443480501501  84.7920116290465668   0.0790973593795878
 116.9343634409131407 123.5446254573696750  83.7413238985863558   0.5972973599283659
 115.5926578858290502 123.8318638297257074  85.8710452515156112  -0.4157026406204122
 116.2842976508442278 123.1496726953801544  87.5302247970984706   0.2718973593795878
 113.1473522685349561 125.1244365053278390  85.8804938821852090  -0.0518026406204122
 111.9832809700394655 124.2324857701170190  84.4367431158693805   0.0921973593795878
 111.8169850702543936 124.7823960750880973  88.4429625197824296  -0.1102026406204122
 111.5675412205767924 122.7698377424619682  88.8303563772362830   0.0456973593795878
 113.0282995220979127 125.5704118729332623  89.9131694519731611   0.0456973593795878
 109.2223910883805194 126.1165427256365068  88.5166618390053612   0.3530973593795877
 109.4623863073885097 128.0856373571824543  87.9724207124360335  -0.0361026406204122
 107.2948704317808366 124.9033385476590708  86.7252014640480137  -0.4121026406204121
 107.0794416525138192 122.9040082979703733  87.1730665577873540   0.0999973593795878
 108.1320191091079470 126.1789036880559106  91.1792859617004030  -0.4121026406204121
 107.2211711125579049 127.9892613243524668  91.5269955703419087   0.0999973593795878
 106.7600779358811198 124.6690125070528178  91.4136120023066426   0.0999973593795878
 109.6249027549057479 125.9332392906461563  92.5701243962664389   0.0999973593795878
 113.4289214624892243 127.9269003619330632  85.1718465819647395   0.5972973599283659
 115.3942366417673248 129.2383702988744170  86.0732459478451839  -0.4157026406204122
 116.5545284879949681 128.3879935386098481  87.3507008143759403   0.2718973593795878
 118.3459888629523157 132.8175115965212782  86.6307151573519564   0.0341973593795878
 117.9718230884359070 132.9497924258957530  88.6470529422459191   0.0240973593795878
 119.8861156620981450 131.4947033027763966  86.3529254156655220   0.0240973593795878
 120.1771334867220110 135.7295795688939213  91.2227496627805979   0.0683973593795878
 115.5586428154184799 133.9532370030079489  92.8875983867652213  -0.8340026406204122
 116.5601976663967321 132.5964136388524834  93.6075840437892053   0.4169973593795878
 116.2748490201746300 135.4158850306629995  93.8362409059936809   0.4169973593795878
 106.4142580533735311 116.3390997087279507 112.6994871747956158  -0.8340026406204122
 105.2350689458066790 116.6414558901553444 111.3464432629079974   0.4169973593795878
 106.4974060032660738 117.9548155532306150 113.5423050305245038   0.4169973593795878
 122.7282637675156903 109.9574945544758784  93.3260148498349505  -0.8340026406204122
 123.4104549018612701 110.8532247419545590  91.8709257267155807   0.4169973593795878
 122.9077877502382339 111.2500672300780234  94.6355950606423739   0.4169973593795878
 112.0569802892623972 116.1066633942556413  88.2747768938634408  -0.8340026406204122
 110.7681870659280994 114.9123564776174006  88.9456296714054792   0.4169973593795878
 113.4667159851676418 115.6474599437127731  89.3802666822073747   0.4169973593795878
 109.1600301259611158 119.1188868517261056 100.8414556844397629  -0.8340026406204122
 110.2863069017781753 118.6199991523709030  99.4959706770878390   0.4169973593795878
 110.3751240300724821 120.1091033459008433 101.9072612239713492   0.4169973593795878
 139.1915578462376428  92.6343750848197728 130.7388128492078851  -0.8340026406204122
 137.6835563913684805  91.6063640679666043 130.7444820276096490   0.4169973593795878
 139.9493380259400845  92.1354873854645569 129.0966408388303176   0.4169973593795878
 110.8456658374188647 114.9973941536438602  94.2500909293224373  -0.8340026406204122
 109.8856849613868771 114.0827667048259709  92.9253929094436388   0.4169973593795878
 112.5501988102158358 114.4626016577441436  93.8041155617170274   0.4169973593795878
 120.1147725243026072 106.0552100879284976  95.3555807176663714  -0.8340026406204122
 121.5339568508774765 105.6621470520728803  96.4535116014746110   0.4169973593795878
 120.8555451687997436 107.4384896179588527  94.3464669621524248   0.4169973593795878
 130.5800758539584939  92.4945353509095906 124.1909117951707409  -0.8340026406204122
 131.9387889442478897  92.9953127763987233 125.3682111766036895   0.4169973593795878
 131.3699813779375893  92.8857086606312910 122.5865343074716177   0.4169973593795878
 129.6843456664798403 102.9466105976280324 113.8106461415413138  -0.8340026406204122
 131.0014847818229312 104.2354038209623302 113.5971070884082131   0.4169973593795878
 128.1876825684142058 103.9651729838115898 113.3419940603288479   0.4169973593795878
 134.7053480043086000  94.0006470796448361 126.7741674202411005  -0.8340026406204122
 135.8448528630631043  94.4069381984378982 128.1517777718696917   0.4169973593795878
 135.8977651948129103  93.0822401785590997 125.6384420137544299   0.4169973593795878
$end
