$point_charges
  80.7820127728656707 129.2723853692850008 105.6980518486173808  -0.4121273900581494
  81.7174272091566989 127.4941530772650979 105.2558559332798047   0.0999726099418505
  81.4887703469522232 129.9092230764164688 107.5197478417174652   0.0999726099418505
  78.8355948549267924 129.6087566211229784 112.2327248197170668  -0.5679273917044839
  81.8969511918792157 133.9230013848651989 112.6352364862422953   0.0212726099418505
  83.2594437344364317 132.4773608924154400 112.1023337164765089   0.1123726099418505
  85.7198671608019009 137.1827789658793476 114.1186715013704850  -0.3119273900581495
  87.3015679348939949 135.4480103749396531 113.1662495298741648   0.1932726099418505
  81.2865696506226506 133.4902541001972337 115.4452592473832005   0.5972726104906286
  82.4619793059216691 131.8972149693016115 116.6584634253606364  -0.5679273917044839
  75.7232159123584802 122.8888904888990116 115.5302969234096600   0.0790726099418505
  78.2667872886164920 125.9804824439941715 118.5160642150052348   0.5972726104906286
  78.3915092134552859 124.4120097528395357 120.2262663662039698  -0.5679273917044839
  80.1735209577430357 126.3735454798497889 116.9060175489043208  -0.4157273900581494
  79.9958867011544358 127.7322585701391847 115.5643119938202439   0.2718726099418505
  82.5734731478230182 124.9921556759533642 117.0836518054929207  -0.0518273900581495
  82.1766306596995536 122.9739281649254712 117.1611305769836994   0.0921726099418505
  84.2156451582005855 125.5496248854601367 114.7441708516984119  -0.1102273900581495
  84.4140664022623245 127.5943085623629191 114.5778749519133398   0.0456726099418505
  86.0978123875861566 124.7616090876149716 115.0503064853936528   0.0456726099418505
  83.1744060584099856 124.5008268811338291 112.2365042719849140   0.3530726099418505
  81.2204292359353998 125.0998700655868795 111.9870604223073127  -0.0361273900581495
  84.7202020359575654 125.5193892673173865 110.0198555168952822  -0.4121273900581494
  84.0172239141388601 124.7408221001418460 108.2491821294110737   0.0999726099418505
  84.5671342191099384 127.5697421226219599 109.9593842806098087   0.0999726099418505
  86.7025247504409577 124.9921556759533642 110.2447329268319106   0.0999726099418505
  83.2707820912399596 121.6133253485021721 112.1136720732800370  -0.4121273900581494
  82.5337888990106704 120.9651492845671761 110.3052041631173974   0.0999726099418505
  85.2228691875806152 120.9764876413707040 112.2950857821364706   0.0999726099418505
  82.1426155892889832 120.7875150279785761 113.6197838020152691   0.0999726099418505
  83.9869882959961233 125.6082063956116798 119.5440752318583899   0.5972726104906286
  84.8449239607963728 123.8753275308059157 120.8366479074605349  -0.5679273917044839
  84.0569081629512077 128.0138277640934529 120.3131937683643462  -0.4157273900581494
  83.4465266216946428 129.3838792111863498 119.1169971255921887   0.2718726099418505
  85.1964130217057256 128.7734976699297983 122.7150356845782589   0.0212726099418505
  87.1825151884569515 128.2084695558873315 122.7018076016408007   0.1123726099418505
  85.0660219184651544 131.6572197502936214 123.0041637830681946  -0.1231273900581494
  83.1025964653209708 132.2789396483537010 122.9058980241043036   0.1111726099418505
  85.8559274424442361 132.1806738893898101 124.8371981329718334   0.1111726099418505
  86.8877179115652385 133.1860081926359095 120.5305122737652806  -0.3119273900581495
  86.6533918709589989 135.5689528475106000 121.3298664284139735   0.1932726099418505
  83.9473040471837755 127.4412407455152921 124.9751481407480722   0.5972726104906286
  85.2701123409286439 126.3074050651625515 126.5114954876260545  -0.5679273917044839
  81.4188504799971388 127.4695866375241118 125.1905769200151032  -0.4157273900581494
  80.3757216540726085 128.3823243602080842 123.8620994478684574   0.2718726099418505
  80.1432853396002857 126.1921317709933688 127.3032907377390533  -0.0518273900581495
  81.1108251201679674 126.7892852293124622 129.0229415196073859   0.0921726099418505
  80.4475312471616099 123.3046302383616849 127.1861277174359401   0.5972726104906286
  80.6478422173572656 122.0989849649199164 129.1608915273836517  -0.5679273917044839
  80.5722531720004172 122.1840226409463760 124.9241255351321965  -0.4157273900581494
  80.3719422018047613 123.2422692759422812 123.3386453087722688   0.2718726099418505
  81.1089353940340507 119.4911629001085973 124.6293282582404700   0.0336726099418505
  79.7218764117358484 118.4215779083091640 125.7178105113791255   0.0822726099418505
  80.8292559262137126 118.7617286124149888 121.8400924845727040  -0.1825273900581494
  81.1259429292393425 116.7340524707174982 121.6265534314396034   0.0602726099418505
  78.9395297922924607 119.2417190504309960 121.1749088854324429   0.0602726099418505
  82.2238738130475957 119.7576142849914906 120.6968081735503524   0.0602726099418505
  83.7337649940506750 118.8146409441647948 125.6781262625667777   0.5972726104906286
  83.9945472005318042 116.9097970011721680 126.9895961995081314  -0.5679273917044839
  85.6348294847754548 120.4284670625335424 125.2680556915058685  -0.4157273900581494
  85.3532602908211865 121.9270198867330938 124.1039843930103779   0.2718726099418505
  88.1160398986140496 120.1128827981686903 126.4359064422691927  -0.0024273900581495
  88.7302008921384617 118.1778032370333267 126.0881968336276871   0.0977726099418505
  90.0246632938745236 121.8759972811172181 125.1433337666670611  -0.0343273900581495
  90.0719064472225523 121.4583678055206145 123.1269959817730984   0.0294726099418505
  89.3972742174126667 123.8261946513239433 125.3587625459340920   0.0294726099418505
  92.6778387858999545 121.6114356223682417 126.1978009493951327   0.0117726099418505
  93.9326169388236683 119.2625060379041217 126.0711892984223950  -0.1256273900581494
  93.0690120956216549 117.7015922512851667 125.1319954098635330   0.1329726099418505
  96.2891054278234692 118.9450320474053527 127.2598270366588717  -0.1704273900581494
  97.2037328766413586 117.1479024940462412 127.2220325139804274   0.1429726099418505
  97.4040438468370009 120.9878259981742318 128.5429510815914057  -0.1072273900581494
  99.1633788775176949 120.7421616007644644 129.4915936008198653   0.1296726099418505
  96.2021780256630930 123.3575425701114909 128.5996428656090454  -0.1704273900581494
  97.0620034165972592 124.9071179999269046 129.5615134677749631   0.1429726099418505
  93.8305717275919170 123.6655679299406488 127.4393510193813886  -0.1256273900581494
  92.8894881128991381 125.4475796742283851 127.5432859567470434   0.1329726099418505
  88.0593481145964098 120.4549232284084320 129.3271874271687101   0.5972726104906286
  89.2612139357703313 118.9979443791551453 130.6821210651902455  -0.5679273917044839
  86.5362288506558859 122.2142582590891260 130.3287422781469757  -0.4157273900581494
  85.6518370199807466 123.4255727109326318 129.1344353615087351   0.2718726099418505
  86.1148199227914486 122.4485842996953522 133.0858527075380882  -0.0875273900581495
  87.9459645465611439 122.7244843152478565 133.9891417995524362   0.0968726099418505
  84.4329636636015333 124.7408221001418460 133.7548157589462099   0.2984726099418505
  82.6150471227692961 124.5575186651514687 132.8118424181195143  -0.0297273900581495
  83.9454143210498452 124.9562508794088500 136.6083022211673100  -0.3192273900581494
  85.7349849698732760 125.0148323895604200 137.6287543334847709   0.0790726099418505
  85.6348294847754548 127.2484886798553438 132.9422335213600587  -0.3192273900581494
  84.3441465353072401 128.8056230142064518 133.3239582004121750   0.0790726099418505
  87.3941645154561353 127.5489551351488074 133.9759137166150049   0.0790726099418505
  86.0637973171755729 127.2333708707839553 130.9372340932696241   0.0790726099418505
  85.0017712299118337 120.0089478608030220 134.1970116742837728   0.5972726104906286
  85.8256918243014995 119.1699094573419813 136.2020111023742343  -0.5679273917044839
  83.2084211288205560 118.7976334089595030 132.8874314634763494  -0.4157273900581494
  82.5791423262247822 119.6026567420099465 131.2660464405719076   0.2718726099418505
  82.1709614812977897 116.3258716257905059 133.6546602738483888  -0.0875273900581495
  81.5794772013804467 116.4505935506292998 135.6237549053943363   0.0968726099418505
  79.8277010752354470 115.6285626823735644 132.0616211429527667   0.2984726099418505
  80.2887942519122321 115.7721818685515804 130.0622908932640692  -0.0297273900581495
  80.2604483599034122 111.5543131376393342 131.9501273010514176   0.0790726099418505
  84.1778506355221680 114.2415037000753621 133.5374972535452757   0.5972726104906286
  84.3252492739680179 112.7013769009295461 135.2703761183510397  -0.5679273917044839
  85.7690000402838599 114.2188269864683063 131.5778512526689258  -0.4157273900581494
  85.5346739996776201 115.5057304836686739 130.1794539135672091   0.2718726099418505
  87.8495885137311563 112.4160282547074307 131.3529738427322972   0.0336726099418505
  87.0804699772252136 110.5130740378487340 131.5324978254548141   0.0822726099418505
  89.0042111815570357 112.6711412827867961 128.7092469813764642  -0.1825273900581494
  90.2344228947397771 111.0610946166858955 128.3615373727349585   0.0602726099418505
  87.5169967141610124 112.6692515566528792 127.2825037502659277   0.0602726099418505
  90.0926934346956779 114.4153585043961150 128.5656277951984615   0.0602726099418505
  89.8356906804823958 112.7335022452061997 133.4656876604562474   0.5972726104906286
  90.8788195064069261 110.8626733726241565 134.3519692172653302  -0.5679273917044839
  90.2797763219538888 115.0446373069918888 134.3935431922115815  -0.4157273900581494
  89.5087680593140158 116.5564182141288983 133.5015924570007616   0.2718726099418505
  91.8331312040371496 115.4509284257849644 136.6555453745153251  -0.0518273900581495
  93.5357744507002039 114.3019749363608355 136.5043672838016282   0.0921726099418505
  92.5795730269360501 118.2552820085241056 136.9182173071303712  -0.1102273900581495
  90.8769297802730092 119.4099046763499850 137.0391597797013449   0.0456726099418505
  93.5867970563160796 118.4499238003179840 138.7077879559538018   0.0456726099418505
  94.2746573690634100 119.3267567264574556 134.8092829416742548   0.3530726099418505
  93.1805059375230040 119.6574587998936694 133.1066396950112139  -0.0361273900581495
  95.4141622278179279 121.8419822107066343 135.6691083326084481  -0.4121273900581494
  96.5272109206975426 122.6583439005606192 134.1422096164000633   0.0999726099418505
  93.9004915945470014 123.1534521476479880 136.1509884967583586   0.0999726099418505
  96.6216972273936134 121.5566335644845322 137.3131700691199189   0.0999726099418505
  96.4365040662693191 117.5239579946965802 134.1856733174802449  -0.4121273900581494
  97.8500192144424242 118.4914977752642621 133.0575068155292685   0.0999726099418505
  97.2698732913285959 116.8493257648866946 135.9393391697591882   0.0999726099418505
  95.7108492308435711 115.9290291376670413 133.1009705166094499   0.0999726099418505
  90.5254407193636565 114.5249626201635472 139.0630564691310017   0.5972726104906286
  91.6876222917252168 113.2021543264186790 140.5805065546697618  -0.5679273917044839
  88.1065912679444518 115.1655797795628489 139.3994277209689794  -0.4157273900581494
  87.2807809474208559 116.2786284724424638 138.0747297010901943   0.2718726099418505
  86.5532363858611777 110.1275699065287975 139.8076085658959853  -0.4157273900581494
  86.8064596878066260 111.0214103678735477 138.1352009373756678   0.2718726099418505
  86.7308706424497776 106.4255964101770590 137.0750645762458589  -0.0074273900581495
  85.0112198605814314 106.9811758935499148 136.0829583559371911   0.0366726099418505
  88.3239097733453862 107.3326649544592675 136.1453193183565946   0.0366726099418505
  91.0772407504686517 109.1656993043628797 140.5483812103931083   0.2718726099418505
  95.5540019617280968 108.1301293829740303 141.9070943006824773  -0.1102273900581495
  95.2214101621579663 110.0293041475648931 142.6365285883760992   0.0456726099418505
  97.2131815073109561 107.3685697510037682 142.8651854505805614   0.0456726099418505
  96.1322581587080084 108.2945355566251854 139.0592770168631681   0.3530726099418505
  94.5429984800802335 109.1505814952915046 138.0671707965545001  -0.0361273900581495
  98.4547315772972254 109.9593842806098087 138.6737728855432181  -0.4121273900581494
  98.9252733846436081 109.9915096248864623 136.6725529097206171   0.0999726099418505
  98.0087562096918020 111.8680076758702693 139.3030516881389920   0.0999726099418505
 100.0496604343267643 109.2186116361126723 139.7452476034765815   0.0999726099418505
  96.7067349034200595 105.7207285622244368 137.8687495524927610  -0.4121273900581494
  97.3152267185427077 105.9663929596342043 135.9185521822860359   0.0999726099418505
  98.1712726572090403 104.7475196032549909 138.9402242704261247   0.0999726099418505
  94.9927532999534906 104.5755545250681549 137.8328447559482739   0.0999726099418505
  96.6462636671345860  91.5647900930203396 136.9692399127462469  -0.5579273917044839
  98.3564658183333211  92.1147003979914178 136.7141268846668951   0.3991726099418505
  97.4437280956493487  96.4742985889477500 136.9975858047550668   0.1655726099418506
 129.1684504319193189 113.3911269398107934 134.3481897649974698   0.0135726099418505
 128.2651613399049711 114.8122009925195794 135.5387172293678768  -0.0425273900581495
 128.8698737027597589 113.8654481994250367 132.3677567766480212  -0.0425273900581495
 127.9873715982185365 110.8418863851510309 134.8905411654328806   0.8053726088442941
 126.1618961528506187 110.7700767920620161 136.3834248112306815  -0.8188273878630369
 128.9284552129113288 108.9011376456139033 133.9211116587312685  -0.8188273878630369
 130.3665368008253934 118.8996786201912410 132.2562629347466452  -0.5819273917044839
 130.8692039524484564 123.4085651757273666 126.3603173969123575  -0.0024273900581495
 131.9822526453280711 124.5424008560801070 125.0469577338370735   0.0977726099418505
 130.9958156034211672 120.6590136508719350 125.4570283048979829  -0.0343273900581495
 129.8468621139970652 119.4798245433050694 126.6985783748842656   0.0294726099418505
 130.1737847351654451 120.5437403567027388 123.5691918971106613   0.0294726099418505
 133.6546602738483888 119.6064361942777937 125.3549830936662313   0.0117726099418505
 135.2174637866012605 120.0429629312136059 123.2498281804779754  -0.1256273900581494
 134.5277137477199866 121.1579013502271509 121.6851349415911734   0.1329726099418505
 128.1442188673340242 124.3779946824289518 126.1996906755290362   0.5972726104906286
 127.4865941727294038 125.6875748932363754 124.3893330392324799  -0.5679273917044839
 126.5511797364384023 123.8507610910649296 128.0969757139859823  -0.4157273900581494
 127.1993558003733983 122.7641685640602043 129.5350573019000467   0.2718726099418505
 123.8280843774578736 124.4516940016518835 128.0251661208969810  -0.0024273900581495
 123.0287302228091807 123.5276179221643832 126.3659865753141215   0.0977726099418505
 122.5147247143825896 123.3594322962453944 130.3740957053610876  -0.0343273900581495
 123.4388007938700900 124.0888665839390164 132.0672903213545308   0.0294726099418505
 120.5626376180419475 124.0227261692517521 130.4137799541734354   0.0294726099418505
 122.4523637519632128 120.4927177510868631 130.4629128336553808   0.0117726099418505
 120.8838910608085635 119.1434532914670917 128.7923949312689936  -0.1256273900581494
 119.7424964759201289 120.1525670469810381 127.4506893761849165   0.1329726099418505
 120.8045225631838679 116.4883880733077307 128.8471969891527297  -0.1704273900581494
 119.6404512646883774 115.4698256871241731 127.5149400647382235   0.1429726099418505
 122.2388246988301121 115.1655797795628489 130.6424368163778977  -0.1072273900581494
 122.1783534625446120 113.1246755549279001 130.7312539446722177   0.1296726099418505
 123.7411569752974837 116.5110647869147865 132.3620875982462573  -0.1704273900581494
 124.7408221001418460 115.4981715791329931 133.8096178168299194   0.1429726099418505
 123.8961145182790413 119.1585711005384534 132.2468143040770475  -0.1256273900581494
 125.0715241735780598 120.1601259515167190 133.5734020500897629   0.1329726099418505
 123.2214822884691557 127.2862832025337613 127.7341482962730882   0.5972726104906286
 121.0728636742006914 127.9665846107454109 127.1615612776949540  -0.5679273917044839
 125.0942008871851156 128.9530216526523149 128.0402839299683425  -0.4157273900581494
 126.8195208474552123 128.2481538046996793 128.4484647748953216   0.2718726099418505
 122.9966048785325271 132.2543732086127418 128.3672065511367225   0.1359726099418505
 124.9864864975516002 132.5794061036471916 124.9524714271410164   0.5972726104906286
 123.8639891740023878 134.5069267602468610 124.2740597450632970  -0.5679273917044839
 126.2355954720735502 131.1696704077419468 123.2630562634154068  -0.4157273900581494
 127.0595160664632026 129.5331675757661434 123.8432021865292353   0.2718726099418505
 126.3263023265017739 131.8027286626055544 120.5456300828366555  -0.0581273900581495
 126.8497564655979625 133.7793821986871962 120.3131937683643462   0.1359726099418505
 128.3388606591279028 130.1870128181028765 119.2171526106900234  -0.0074273900581495
 127.8040681632281860 128.2009106513516372 119.3702204275376372   0.0366726099418505
 128.3558681943331946 130.6745621606545780 117.2159326348674089   0.0366726099418505
 131.0052642340907916 130.4591333813875472 120.1979204741951499   0.1867726099418505
 132.9176670816190995 128.6979086245729363 119.7746218201967825  -0.5432273900581495
 123.7600542366367061 131.4550190539640488 119.2284909674935513   0.5972726104906286
 123.1364446124426962 132.8571958453336260 117.4786045674824684  -0.5679273917044839
 122.2293760681604877 129.6408819653996319 120.0920958106955515  -0.4157273900581494
 122.8567651446223581 128.5448408077253090 121.5245082202078787   0.2718726099418505
 119.7784012724646295 129.0437285070805384 118.9507012258071168  -0.0252273900581495
 120.0543012880171338 128.4446853226274880 116.9967244033325443   0.0697726099418505
 118.8958991679234073 127.4941530772650979 119.9843814210620494   0.0697726099418505
 117.9850511713733653 131.3095101416521158 118.9677087610124087   0.5972726104906286
 117.4578175800093294 132.4357869174691619 117.0061730340021555  -0.5679273917044839
 117.1195566020374215 132.0975259394972809 121.1975855990394987  -0.4157273900581494
 117.6789155376781241 131.2017957520186003 122.7868452776672602   0.2718726099418505
 115.2808530737320453 134.1611068777392855 121.4149041044404331  -0.0275273900581495
 113.6708064076311448 133.7132417839999320 120.2111485571325947   0.1122726099418506
 114.3019749363608355 134.2952774332476906 124.1228816543496000  -0.0050273900581495
 113.0415276050353709 135.9166624561521324 124.2853981018668251   0.0338726099418505
 113.1586906253384840 132.6153109001917056 124.4687015368571755   0.0338726099418505
 116.2502825804336574 134.4615733330327492 126.1675653312523827  -0.1415273900581494
 117.1365641372427133 132.4735814401476064 127.4847044465955003  -0.1638273900581494
 116.6093305458786909 130.5498402358157707 127.2106941571768995   0.2061726099418505
 118.7352724465400992 133.2445897027874794 129.3593127714453637  -0.3418273900581494
 119.5365163273227091 132.0294957986761132 130.6027525675655499   0.3411726099418505
 116.2805181985763942 136.7330241460060904 120.5267328214974468   0.5972726104906286
 114.7895242789125236 138.2674817667501694 119.6196642772152385  -0.5679273917044839
 118.7598388862810721 137.2149043101560279 120.6609033770058519  -0.4157273900581494
 119.9144615541069649 135.8977651948129103 121.4205732828421970   0.2718726099418505
 120.2848478763555263 137.5834009062706592 115.3262065009461571  -0.4157273900581494
 121.1314451843522345 136.1169734263477747 116.2332750452283655   0.2718726099418505
 119.9352485415800904 137.4435611723604902 112.5577577147515300  -0.0389273900581495
 120.7534999575679923 139.1348660622200030 111.7206090374244060   0.1006726099418505
 121.2977410841373200 135.1626617287175512 111.3936864162560395   0.3653726099418505
 120.8990088698799253 135.1456541935122592 109.3716794529602994   0.0042726099418505
 124.1625659031619210 135.2817144751545678 111.7262782158261702  -0.2438273900581494
 125.0129426634264898 133.5752917762236932 110.9401521441149352   0.0641726099418505
 124.8995590953912104 136.9182173071303712 110.7190541864461539   0.0641726099418505
 124.6709022331867482 135.4347822920021949 113.7142701087113264   0.0641726099418505
 120.4398054193370705 132.8666444760032238 112.4046898979039028  -0.6761273884118151
 120.9670390107011062 132.7551506341018746 114.1545762979149858   0.4101726099418505
 117.1422333156444773 137.4208844587534344 111.7829699998438098   0.5972726104906286
 116.4449243722275357 138.7304646695608578 109.9877301726186286  -0.5679273917044839
 115.5057304836686739 136.1264220570173725 113.2116029570882766  -0.4157273900581494
 116.2162675100230735 134.9566815801201180 114.5570879644402142   0.2718726099418505
 112.7599584110811027 136.1661063058297203 112.7939734814916865  -0.0237273900581495
 112.3687851013594022 135.5349377771000161 110.8721220032937677   0.0879726099418505
 111.3766788810507476 134.3217335991225802 114.5570879644402142   0.0341726099418505
 111.9190302814861450 134.6996788259068358 116.5053956085130226   0.0240726099418505
 109.3471130132193133 134.6448767680231265 114.3983509691908230   0.0240726099418505
 111.8925741156112420 131.5324978254548141 113.9410372447818851   0.0017726099418505
 113.8767865562285646 131.1356553373313631 114.3038646624947658   0.0439726099418505
 110.7833048749994743 130.3892135144324492 115.2411688249196975   0.0439726099418505
 111.2122727073995925 130.4799203688606726 110.7398411739192795  -0.2737273900581494
 107.8674574503589842 131.1432142418670303 110.4374849924918856  -0.0536273900581495
 107.1984943989508491 130.4440155723161855 108.6176787255257182   0.0683726099418505
 106.8318875289701348 130.2002409010403347 111.9435967212271177   0.0683726099418505
 107.5405348291906042 133.1765595619663119 110.5357507514557900   0.0683726099418505
 111.6355713613979599 138.8192817978551509 113.0585351402406629   0.5972726104906286
 110.1351288110644783 139.6110770479681766 111.4654960093450408  -0.5679273917044839
 112.4235871592431115 140.2554736596353122 114.9879455229742490  -0.4157273900581494
 113.6235632542831161 139.4920243015311332 116.2786284724424638   0.2718726099418505
 111.6544686227371688 142.8897518903215475 115.3129784180087123  -0.0518273900581495
 109.5946671367629977 142.9464436743391873 115.3564421190888937   0.0921726099418505
 115.9535955774080140 142.8595162721787975 112.9470412983393004   0.2718726099418505
 118.7541697078793080 142.8217217495003800 109.0995588896756289  -0.0297273900581495
 114.0563105389510813 145.0043554341794280 107.5367553769227570   0.5972726104906286
 113.4440392715605860 142.6138518747690432 106.9849553458177484  -0.4157273900581494
 114.1564660240489025 141.2135648095333963 108.0923348602956126   0.2718726099418505
 111.7602932862367538 141.9052045745485738 104.8722415280937983  -0.0875273900581495
 112.5218529182070159 142.6875511939919749 103.1261345803505625   0.0968726099418505
 111.6261227307283489 139.0063646851133621 104.5774442512020853   0.2984726099418505
 111.2557364084797873 138.1578776509827235 106.4180375056413784  -0.0297273900581495
 109.5436445311471354 138.1408701157774317 102.7519688058341539  -0.3192273900581494
 109.6475794685128037 136.0980761650085526 102.4930763254869416   0.0790726099418505
 107.6879334676364540 138.5736174004453969 103.5305359730097079   0.0790726099418505
 109.7571835842802361 139.0781742782023634 100.9283830866001394   0.0790726099418505
 114.1507968456471386 137.9878022989298045 103.5815585786255836  -0.3192273900581494
 114.0676488957546094 135.9317802652234941 103.4832928196616793   0.0790726099418505
 114.5363009769670751 138.7493619309000799 101.7050605276417766   0.0790726099418505
 115.6795852879894400 138.5055872596242292 104.8590134451563401   0.0790726099418505
 109.1260150555505319 143.0522683378387723 105.2010538753960952   0.5972726104906286
 108.1924903453934339 144.3335026566373760 103.5021900810008880  -0.5679273917044839
 107.9600540309211246 142.7423532518756844 107.4139231782178800  -0.4157273900581494
 108.8179896957213741 141.6765477123440847 108.7650773639715681   0.2718726099418505
 105.4901819738860443 143.8535122186213688 107.9902896490638612  -0.0024273900581495
 104.0936743609182444 143.0806142298475922 106.6920477950599657   0.0977726099418505
 104.7588579600585188 143.1108498479903155 110.6982671989730148  -0.0343273900581495
 104.1106818961235362 141.1606524777835903 110.7285028171157516   0.0294726099418505
 106.4426039453823510 143.1996669762846356 111.8831254849416445   0.0294726099418505
 102.7670866149055156 144.8078239162516193 111.8623384974685054   0.0117726099418505
 100.3028837362722128 144.9004204968137463 110.8645630987580869  -0.1256273900581494
  99.7832090494438577 143.6909957711041439 109.3112082166748127   0.1329726099418505
 101.8713564274268486 145.0610472181970676  99.9759611151038326   0.0559726099418505
 101.5803386028029692 144.9457739240278580 102.0149756136048647  -0.0173273900581495
 100.0345426252553891 144.8248314514569111  99.0688925708216243  -0.0173273900581495
 103.5702202218220557 142.8519573676431032  99.1463713423124030   0.0135726099418505
 104.9402716689149526 142.4570046056535823 100.6279166313066624  -0.0425273900581495
 102.3891413881212733 141.1719908345871182  98.9573987289202752  -0.0425273900581495
 104.9383819427810357 143.3243889011234162  96.6387047625989052   0.8053726088442941
 103.5796688524916533 143.6739882358988521  94.7168532844009864  -0.8188273878630369
 107.2873115272451557 143.3243889011234162  96.5952410615187103  -0.8188273878630369
  89.5579009387959746 134.3916534660776780  95.6428190900224036  -0.5679273917044839
  89.3046776368505263 138.2996071110268229 101.0096413103587519  -0.5679273917044839
  86.2641082873712286 134.6524356725587939 104.3336695799262345   0.5972726104906286
  87.0577932636181576 134.6713329338980161 106.5163032646052827  -0.5679273917044839
  86.7119733811105689 132.7702684431732361 102.7122845570218061  -0.4157273900581494
  86.0241130683632251 132.9233362600208634 100.9378317172697506   0.2718726099418505
  88.1802905871673701 130.5082662608694926 103.3510119902871911  -0.0875273900581495
  87.3639288973133985 129.6389922392657286 105.0309785233431761   0.0968726099418505
  88.1840700394352171 128.5259435463861137 101.2156214589561716   0.2984726099418505
  89.3254646243236519 129.2289216682048192  99.6509282200693695  -0.0297273900581495
  89.2971187323148320 126.0201666928065193 102.1510358952471865  -0.3192273900581494
  89.3424721595289438 124.6501152457136225 100.6165782745031345   0.0790726099418505
  91.2378674718519596 126.2847283515554957 102.7897633285125715   0.0790726099418505
  88.1802905871673701 125.2642762392380347 103.7062805034643776   0.0790726099418505
  85.5441226303472313 127.9495770755401190 100.1857207159690861  -0.3192273900581494
  85.7330952437393591 126.6022023420542780  98.6437041906893532   0.0790726099418505
  84.3611540705125319 127.1388845640878982 101.6597071004276648   0.0790726099418505
  84.6616205258060089 129.6503305960692565  99.4430583453380330   0.0790726099418505
  90.9166140290853435 131.1847882168133085 103.9840702451508122   0.5972726104906286
  91.8388003824389135 130.3363011826826700 105.9304881630896903  -0.5679273917044839
  92.1373771115984738 132.8175115965212782 102.4817379686834135  -0.4157273900581494
  91.2510955547894044 133.4789157433937056 100.9302728127340563   0.2718726099418505
  94.7962217820256820 133.5110410876703591 102.8748010045390311  -0.0518273900581495
  95.9527341759854917 131.7970594842037905 102.8294475773249192   0.0921726099418505
  95.6825033388347514 135.3195089978330121 100.7734255436185954  -0.1102273900581495
  94.3785923064290783 136.9144378548625375 100.6978364982617468   0.0456726099418505
  97.5363246762114891 136.0565021900623015 101.2912105043130201   0.0456726099418505
  95.8847040351643240 134.1422096164000633  98.1221397777270815   0.3530726099418505
  94.1159203738140322 133.2162438107786595  97.6270315306397126  -0.0361273900581495
  96.3911506390552208 136.2587028863918741  96.2097369301987736  -0.4121273900581494
  96.6009102399204743 135.4612384578771113  94.3294594269471329   0.0999726099418505
  94.8094498649631268 137.5739522756010614  96.2154061086005376   0.0999726099418505
  98.1240295038609984 137.2526988328344454  96.7142938079557536   0.0999726099418505
  98.0371021017006219 132.2279170427378253  97.9274979859331897  -0.4121273900581494
  98.1750521094768741 131.4890341243746327  96.0132054122709650   0.0999726099418505
  99.8172241198544416 133.1104191472790477  98.4604007556989894   0.0999726099418505
  97.6931719453269634 130.6367676379761337  99.1955042217943484   0.0999726099418505
  95.2289690666936471 134.6996788259068358 105.4731744386807524   0.5972726104906286
  96.8314568282588668 133.8625301485797254 106.9093663004609001  -0.5679273917044839
  93.7417545992976236 136.6120816734351437 106.1685936559637771  -0.4157273900581494
  92.3868209612760885 137.2016762272185697 104.9629483825220084   0.2718726099418505
  94.0063162580466000 137.8026091378055237 108.6668116050076637  -0.0597273900581495
  96.0037567816013540 138.2296872440717249 108.9427116205601680   0.0868726099418505
  92.5323298735880215 140.3197243481886461 108.7972027082482350   0.1302726099418505
  92.7836634493995395 141.0718353494892970 110.7020466512408620   0.0186726099418505
  93.7039600766191927 142.2340169218508572 106.9414916447375670  -0.3204273900581494
  95.7448643012541415 142.3096059672077192 107.2173916602900713   0.0881726099418505
  93.3127867668974922 141.6765477123440847 104.9969634529325922   0.0881726099418505
  88.9475193975394095 138.5244845209634513 109.5946671367629977   0.0235726099418505
  93.3090073146296584 136.0035898583124955 110.8399966590171142   0.5972726104906286
  94.3842614848308424 136.2435850773204856 112.8827906097859797  -0.5679273917044839
  91.5950257111630764 134.1875630436141751 110.4337055402240386  -0.4157273900581494
  90.8561427927998701 133.9891417995524362 108.6819294140790389   0.2718726099418505
  91.0054311573796503 132.2487040302109778 112.3120933173417624   0.0336726099418505
  90.6010297647205049 133.1708903835645478 114.1111125968347908   0.0822726099418505
  88.6319351331745574 130.8181813468325807 111.4900624490860137  -0.1825273900581494
  88.0310022225876035 129.5841901813819923 113.0245200698300791   0.0602726099418505
  87.1390514873767701 132.1542177235149205 111.0440870814806037   0.0602726099418505
  89.0231084428962580 129.6711175835423821 109.8252137251013902   0.0602726099418505
  93.2579847090137827 130.4629128336553808 112.7505097804114915   0.5972726104906286
  94.1140306476801021 130.2248073407813208 114.8915694901442750  -0.5679273917044839
  94.2954443565365491 129.3800997589185161 110.7190541864461539  -0.5163273900581494
  93.4923107496200089 129.7448169027653138 109.0126314875152525   0.2935726099418505
  96.6727198330094756 127.9325695403348272 110.6491343194910560   0.0396726099418505
  96.4686294105459861 126.1335502608417988 111.6261227307283489   0.1104726099418506
  97.2717630174625127 127.3807695092298186 107.8504499151536922   0.0559726099418505
  95.7864382762004196 126.1826831403237442 107.0699930218442080  -0.0173273900581495
  97.2131815073109561 129.1684504319193189 106.8413361596397324  -0.0173273900581495
  99.8455700118632613 126.1505577960470906 107.3005396101826005   0.0135726099418505
 101.2496365293667554 126.8176311213212822 108.6554732482041359  -0.0425273900581495
  99.6811638382121196 124.1058741191443082 107.5310861985209931  -0.0425273900581495
 100.7772049958864424 126.7855057770446284 104.6227976784161836   0.8053726088442941
  99.2125117569996404 126.7987338599820868 102.8407859341284472  -0.8188273878630369
 103.0845606054042846 127.2295914185161217 104.3695743764707353  -0.8188273878630369
  98.8062206382065783 129.3630922237132243 111.9983987791108406   0.5365726099418505
  99.9872994719073607 128.3898832647437785 113.7520646313897573  -0.5819273917044839
  99.2125117569996404 131.7611546876592763 111.3180973708991777  -0.4157273900581494
  98.2411925241641249 132.4565739049423144 109.8157650944317926   0.2718726099418505
 101.2855413259112562 133.2521486073231469 112.3687851013594022  -0.0014273900581495
 103.0278688213866582 132.2373656734074499 112.0116268620482854   0.0875726099418505
 101.4480577734284810 135.8467425891970346 111.0799918780251043  -0.0152273900581495
  99.6962816472834813 136.8634152492466619 111.4692754616128880   0.0294726099418505
 102.9768462157707825 136.8955405935233154 111.9832809700394655   0.0294726099418505
 101.9223790330427243 135.9336699913574243 108.2416232248753928  -0.0011273900581495
 102.6612619514059304 133.7510363066783763 106.8810204084520802  -0.1906273900581494
 102.8691318261372670 131.9709142885245432 107.7994273095378165   0.1698726099418505
 103.0316482736544920 133.8133972690977798 104.2580805345693861  -0.2341273900581494
 103.4776236412599153 132.1126437485686426 103.2810921233321067   0.1655726099418506
 102.7368509967627789 136.3021665874720555 102.8653523738694199   0.3225726099418506
 103.1790469121003551 136.5119261883373224 100.3463474373523942  -0.5579273917044839
 103.2980996585373851 138.2542536838127112  99.8512391902650253   0.3991726099418505
 101.9356071159801691 138.5811763049810912 104.4092586252830831  -0.2341273900581494
 101.6540379220259009 140.3688572276705915 103.5305359730097079   0.1655726099418506
 101.5368749017227876 138.2731509451519333 107.0151909639604987  -0.1906273900581494
 100.9132652775287779 139.8416236363065692 108.1036732170991407   0.1698726099418505
 101.0890098079834475 133.5809609546254572 115.2373893726518637   0.5972726104906286
 102.9730667635029354 133.2861636777337307 116.5753154754681072  -0.5679273917044839
  98.8383459824832318 134.2121294833551614 116.1992599748177817  -0.4157273900581494
  97.3416828844176107 134.3633075740688583 115.0087325104473881   0.2718726099418505
  98.4358343159580167 134.6051925192107787 118.9072375247269352  -0.0518273900581495
 100.1101316706122377 135.5292685986982522 119.6763560612328781   0.0921726099418505
  96.1228095280383974 136.3305124794808754 119.2927416560468717  -0.1102273900581495
  94.6733895833207913 135.8543014937327287 117.9056826737486696   0.0456726099418505
  95.3329040040593154 135.9412288958930917 121.1579013502271509   0.0456726099418505
  96.7105143556879065 139.1858886678358789 119.1850272664133564   0.3530726099418505
  97.9029315461922168 139.6620996535840523 120.7969636586481871  -0.0361273900581495
  98.0484404585041498 140.1080750211894489 116.7888545286012077  -0.4121273900581494
  98.3054432127174454 142.1508689719583280 116.8606641216902225   0.0999726099418505
  99.9060412481487482 139.2350215473178511 116.6414558901553444   0.0999726099418505
  96.9372814917584518 139.6224154047717045 115.1277852568844315   0.0999726099418505
  94.2387525725189094 140.6693236829640552 119.4269122115552768  -0.4121273900581494
  93.0217689422736263 140.2516942073674784 117.8168655454543629   0.0999726099418505
  93.2787716964869084 140.1288620086626013 121.1654602547628184   0.0999726099418505
  98.2166260844231386 132.1145334747025727 120.3925622659890418   0.5972726104906286
  98.7457494019210914 132.1409896405774623 122.6564541744266889  -0.5679273917044839
  97.6024650908987399 129.9810326695054703 119.1774683618776756  -0.4157273900581494
  97.0809006779364681 130.0849676068711251 117.3312059290366051   0.2718726099418505
  97.8934829155226059 127.4469099239170560 120.2980759592929711  -0.0875273900581495
  97.0072013587135499 127.4355715671135548 122.1575664750714864   0.0968726099418505
  96.4648499582781389 125.3436447368627034 118.8883402633877131   0.2984726099418505
  96.9146047781513961 125.3889981640768152 116.8795613830294312  -0.0297273900581495
  97.1621589016950804 122.7471610288549124 119.9806019687942023  -0.3192273900581494
  95.9130499271731439 121.3034102625390839 119.2209320629578570   0.0790726099418505
  99.0896795582947632 122.2596116863032377 119.4514786512962495   0.0790726099418505
  96.9901938235082578 122.7547199333906067 122.0347342763666093   0.0790726099418505
  93.6000251392535244 125.6535598228257916 119.2681752163058856  -0.3192273900581494
  92.5776833008021332 124.1965809735725049 118.2344950210509665   0.0790726099418505
  93.1275936057732115 125.5004920059781911 121.2693951921285001   0.0790726099418505
  92.9839744195951954 127.4960428033990282 118.5954327126299304   0.0790726099418505
 100.6902775937260662 126.8667640008032544 120.7327129700948666   0.5972726104906286
 101.4858522961069119 126.5417311057687779 122.8983391195686094  -0.5679273917044839
 102.2247352144701182 126.8592050962675601 118.7277135420044186  -0.4157273900581494
 101.4556166779641753 127.1445537424896621 116.9853860465290164   0.2718726099418505
 104.9138155030400630 126.1448886176453267 118.8807813588520322  -0.0875273900581495
 105.0517655108163151 124.2986261848042562 119.7840704508663936   0.0968726099418505
 106.0967840628747623 125.9596954565210459 116.2200469622909073   0.2984726099418505
 105.8945833665451895 127.7795017234871999 115.2808530737320453  -0.0297273900581495
 108.9162554546852784 125.2699454176397988 116.2975257337816860  -0.3192273900581494
 109.6608075514502485 125.1697899325419507 114.3775639817176975   0.0790726099418505
 109.9933993510203926 126.6966886487503353 117.3179778460991603   0.0790726099418505
 109.1732582088985606 123.4463596984057841 117.2197120871352560   0.0790726099418505
 104.7966524827369499 123.9339090409574588 114.6100002961900068  -0.3192273900581494
 105.6300217077962133 123.8961145182790413 112.7259433406705188   0.0790726099418505
 105.0253093449414121 122.0895363342503187 115.4962818529990762   0.0790726099418505
 102.7878736023786546 124.3326412552148401 114.4077995998604341   0.0790726099418505
 106.4085888749717672 128.0062688595577587 120.5229533692295997   0.5972726104906286
 107.9676129354568053 127.2447092275874832 122.0687493467771930  -0.5679273917044839
 105.8737963790720641 130.4666922859232415 120.3434293865070829  -0.4157273900581494
 104.5887826080055997 131.0354998522335150 119.0338491756996595   0.2718726099418505
 107.0340882252997074 132.3583081459783966 121.9969397536881917  -0.0252273900581495
 109.0712129976668224 132.3715362289158548 121.6926938461268677   0.0697726099418505
 106.2744183194633621 134.2102397572212310 121.5169493156721844   0.0697726099418505
 106.5238621691409634 131.8613101727571244 124.8069625148290834   0.5972726104906286
 108.2737485691520464 131.9879218237298352 126.3357509571713714  -0.5679273917044839
 104.1843812153464545 131.1999060258846702 125.5004920059781911  -0.4157273900581494
 102.8256681250570721 130.9977053295550975 124.1625659031619210   0.2718726099418505
 103.5210873423400968 130.6084217459673138 128.1139832491912742   0.0336726099418505
 104.0861154563825501 132.1882327939254775 129.3101798919634183   0.0822726099418505
 100.6487036187798015 130.2890580293346281 128.3199633977886806  -0.1825273900581494
 100.1365878364871407 129.8827669105415523 130.2739402202632664   0.0602726099418505
  99.7095097302209395 132.0257163464082527 127.7284791178713242   0.0602726099418505
 100.0099761855144165 128.7413723256531177 127.1199873027487029   0.0602726099418505
 104.9119257769061461 128.2557127092353734 129.0834127558928862   0.5972726104906286
 105.9191498062861624 128.3010661364494853 131.1791190384115445  -0.5679273917044839
 105.0404271540127873 126.2355954720735502 127.5697421226219599  -0.4157273900581494
 104.2391832732301774 126.3187434219660796 125.8236351748787107   0.2718726099418505
 106.2498518797223894 123.8602097217345271 128.3634270988688889  -0.0389273900581495
 105.3843573103864591 123.2536076327458092 130.1303210340852369   0.1006726099418505
 105.8076559643848132 121.7626137130819387 126.4056708241264693   0.3653726099418505
 106.5881128576942974 120.0070581346691053 127.1483331947575226   0.0042726099418505
 103.0014126555117552 121.3506534158870992 125.8406427100840025  -0.2438273900581494
 102.4212667323979269 119.5365163273227091 126.6097612465899454   0.0641726099418505
 101.8335619047484175 122.8151911696760801 126.6872400180807377   0.0641726099418505
 102.6442544162006386 121.3827787601637795 123.8129665683865121   0.0641726099418505
 107.0170806900944154 122.2520527817675435 124.0907563100729197  -0.6761273884118151
 106.5276416214088106 123.9169015057521670 123.5200590176287158   0.4101726099418505
 109.0409773795240724 124.2759494711972005 128.8944401425007450   0.5972726104906286
 109.9367075670027528 123.6164350504587034 130.9315649148678602  -0.5679273917044839
 110.3902418391438436 125.5231687195852471 127.1747893606324122  -0.4157273900581494
 109.5530931618167331 125.9030036725034063 125.4853741969068028   0.2718726099418505
 113.0849913061155523 125.9880413485298658 127.4695866375241118  -0.0014273900581495
 113.9618242322550107 124.2173679610456573 128.0610709174414682   0.0875726099418505
 114.1526865717810555 126.7004681010181689 124.8617645727127929  -0.0152273900581495
 112.8487755393753958 127.9306798142008969 123.8450919126631656   0.0294726099418505
 115.9290291376670413 127.6887948690589764 125.0582960906406016   0.0294726099418505
 114.7573989346358567 124.3798844085628822 123.3273069519687409  -0.0011273900581495
 117.2197120871352560 123.3953370927899084 123.5521843619053693  -0.1906273900581494
 118.5973224387638471 124.3761049562950217 124.6576741502492899   0.1698726099418505
 117.8641086988024049 121.0860917571381228 122.4448048474275185  -0.2341273900581494
 119.6971430487060172 120.3415396603731662 122.6942486971051332   0.1655726099418506
 115.8628887229797905 119.6234437294830855 121.0180616163169821   0.3225726099418506
 116.3220921735226587 117.2782935972868125 120.1147725243026072  -0.5579273917044839
 114.7933037311803706 116.2635106633711021 120.2432739014092618   0.3991726099418505
 113.2682947411059164 120.8026328370499510 120.7761766711750480  -0.2341273900581494
 111.7829699998438098 119.8483211394197141 119.8067471644734494   0.1655726099418506
 112.8468858132414791 123.1496726953801544 121.9345787912687881  -0.1906273900581494
 111.0157411894717838 123.9622549329662787 121.8306438539031064   0.1698726099418505
 113.6726961337650617 127.8702085779154234 129.5955285381855202   0.5972726104906286
 115.5718708983559247 127.5224989692739178 130.8937703921894425  -0.5679273917044839
 112.0853261812712171 129.7901703299794255 130.0717395239336938  -0.4157273900581494
 110.5678760957324435 130.0604011671301657 128.9284552129113288   0.2718726099418505
 112.3952412672342918 131.4058861744821033 132.3299622539695767  -0.0875273900581495
 114.3284311022357385 132.1164232008364762 132.3620875982462573   0.0968726099418505
 110.6132295229465553 133.7132417839999320 132.3035060880946873   0.2984726099418505
 108.6951574970164837 133.0915218859398522 131.8707588034267221  -0.0297273900581495
 110.5622069173306796 135.1513233719140233 134.8244007507456432  -0.3192273900581494
 109.7609630365480697 133.9702445382132409 136.3097254920077498   0.0790726099418505
 111.4617165570771938 135.6332035360639339 130.3117347429416839  -0.3192273900581494
 110.1407979894662423 137.2111248578881675 130.2437046021205162   0.0790726099418505
 113.3495529648645287 136.3324022056148058 130.7501512060114130   0.0790726099418505
 111.4881727229520968 134.7412528008531140 128.4673620362345437   0.0790726099418505
 112.0607597415302310 129.8525312923988291 134.7431425269870174   0.5972726104906286
 113.5895481838725324 130.1095340466121112 136.4703522133910443  -0.5679273917044839
 110.1785925121446732 128.1706750332089138 134.8489671904866026  -0.4157273900581494
 108.9767266909707519 128.0251661208969810 133.3598629969566624   0.2718726099418505
 109.7949781069586536 126.4831495956172348 137.0221522444960529  -0.0597273900581495
 109.7212787877357219 127.6321030850413636 138.7342441218287184   0.0868726099418505
 107.2438478261649609 125.0696344474441295 136.8029440129611884   0.1302726099418505
 107.1229053535940006 124.2230371394474213 134.9283356881112980   0.0186726099418505
 107.0076320594248044 122.9380233683809572 138.7701489183732056  -0.3204273900581494
 105.1727079833872753 122.0215061934291511 138.6397578151326343   0.0881726099418505
 108.4494930996067294 121.4999417804668926 138.4621235585440478   0.0881726099418505
 107.2532964568345719 123.6995830003512326 140.6731031352319157   0.0881726099418505
 105.0309785233431761 126.9536914029636174 137.1336460863974020  -0.0430273900581495
 104.8703518019598680 127.4828147204615700 139.1197482531486415   0.0235726099418505
 105.4145929285291959 128.6752319109658803 136.0716199991336630   0.0235726099418505
 102.4779585164155665 125.9294598383782959 136.2133494591777624  -0.0660273900581495
 101.8600180706233205 124.3534282426879926 137.3849796622089202   0.0185726099418505
 101.0663330943763915 127.4242332103100269 136.3267330272130416   0.0185726099418505
 102.6348057855310274 125.3077399403182163 134.2537034583014124   0.0185726099418505
 112.0626494676641611 124.7086967558651656 137.3641926747357945   0.5972726104906286
 112.9791666426159673 124.4554734539197173 139.4655681356562437  -0.5679273917044839
 113.1322344594635810 123.5975377891194811 135.3610829727792634  -0.4157273900581494
 112.3177624957435263 123.8091871161186514 133.6376527386430968   0.2718726099418505
 115.4093544508386997 122.0215061934291511 135.6445418928674618  -0.0518273900581495
 115.0975496387416814 120.7383821484966306 137.2300221192273896   0.0921726099418505
 115.8628887229797905 120.3982314443908058 133.2804944993319668  -0.1102273900581495
 116.3126435428530477 121.6303328837074639 131.6912348207042053   0.0456726099418505
 117.5107299117591220 119.2152628845560930 133.6489910954466249   0.0456726099418505
 113.6386810633544778 118.6785806625224596 132.5227143196295518   0.3530726099418505
 112.1949302970386493 119.7954088076699215 131.6061971446777458  -0.0361273900581495
 114.5230728940296303 116.7094860309765121 130.6159806505030081  -0.4121273900581494
 112.9054673233930357 115.6172243255700365 129.9942607524429285   0.0999726099418505
 115.3356551316157682 117.6694669070085132 128.9832572707950383   0.0999726099418505
 115.9403674944705692 115.4792743177937843 131.4682471369014802   0.0999726099418505
 112.3933515411003749 117.2556168836797567 134.7091274565764336  -0.4121273900581494
 110.8853500862312125 116.0802072283807383 133.9607959075436163   0.0999726099418505
 113.7917488802021051 116.0991044897199470 135.6880055939476434   0.0999726099418505
 111.5562028637732645 118.5859840819603192 136.0394946548570095   0.0999726099418505
 117.7771812966420285 123.5465151835036054 136.3777556328289175   0.5972726104906286
 119.4495889251623328 122.5374014279896455 137.6382029641543685  -0.5679273917044839
 117.8924545908112249 125.9785927178602682 135.7050131291529352  -0.4157273900581494
 116.5035058823791059 126.6607838522058211 134.5768466272019588   0.2718726099418505
 119.8483211394197141 127.7322585701391847 136.5818460552923934  -0.0252273900581495
 121.6983630245286316 126.8875509882763800 136.2757104215971659   0.0697726099418505
 119.7217094884469899 129.4575785304092814 135.4669076362788752   0.0697726099418505
 111.0648740689537426 121.1087684707451787 143.6172964518812123  -0.5679273917044839
 107.0529854866389162 116.0235154443630986 143.8327252311482431   0.0341726099418505
 108.8142102434535269 116.3976812188795072 142.8255012017682136   0.0240726099418505
 106.4048094227039336 114.1526865717810555 143.2714765693736370   0.0240726099418505
 105.0744422244233709 117.9756025407037541 143.0144738151603549   0.0017726099418505
 105.7641922633046316 119.8558800439553950 143.5076923361137935   0.0439726099418505
 104.9043668723704518 117.9019032214808224 140.9641209598557816   0.0439726099418505
 101.9412762943819330 117.5863189571159703 144.3694074531818902  -0.2737273900581494
 100.9869645967516959 114.5778749519133398 143.0484888855709119  -0.0536273900581495
  99.0670028446877074 114.1470173933793050 143.6588704268274904   0.0683726099418505
 101.0379872023675716 114.6893687938147024 140.9943565779985317   0.0683726099418505
 102.2455222019432571 113.0812118538477187 143.6872163188363103   0.0683726099418505
 103.6458092671789041 102.3343393302375504 141.0056949348020596   0.1429726099418505
 124.7502707308114438  88.7661056886829625 130.1605566522279869   0.0284726099418505
 122.8321987048813720  90.6652804532738254 132.0918567610955169   0.0284726099418505
 125.7763920215306954  93.0217689422736263 129.1212072785713039   0.0686726099418505
 127.7606044621480046  90.0057660325353015 127.0765236016684944   0.4477726099418505
 121.0426280560579413  95.8242327988788371 133.5129308138042895  -0.5894273889605932
 118.0379635031231578  96.7388602476967264 136.4193296077751686  -0.4157273900581494
 116.2068188793534625  97.9331671643349537 134.7185760872460582  -0.0875273900581495
 116.9400326193149047  97.9029315461922168 132.7929451567802921   0.0968726099418505
 113.6613577769615338  96.5234314684297090 134.6864507429693776   0.2984726099418505
 112.5615371670193637  97.2490863038554703 133.1009705166094499  -0.0297273900581495
 114.0525310866832342  93.6926217198156648 134.2896082548459266  -0.3192273900581494
 112.2554015333241228  92.8403552334171793 133.7699335680175716   0.0790726099418505
 115.4169133553743805  93.4110525258613966 132.7929451567802921   0.0790726099418505
 114.7573989346358567  92.7893326278013036 136.0017001321785651   0.0790726099418505
 112.0853261812712171  96.8182287453214220 137.0788440285136927  -0.3192273900581494
 110.2881966279121056  95.8355711556823650 136.8596357969788280   0.0790726099418505
 111.6998220499512806  98.8100000904744119 137.4511200768961844   0.0790726099418505
 115.9649339342115421 100.7091748550652749 135.4858048976180707   0.5972726104906286
 117.0420778305466560 101.4934112006425928 137.3906488406106841  -0.5679273917044839
 114.5892133087168677 102.2115071315326734 134.0118185131594920  -0.4157273900581494
 113.5971070884082131 101.4537269518302450 132.5756266513793578   0.2718726099418505
 114.1602454763167497 104.8741312542277152 134.6127514237464461  -0.0014273900581495
 114.7800756482429124 105.2048333276639288 136.5421618064800458   0.0875726099418505
 115.7306078936053023 106.5956717622299783 132.8420780362622375  -0.0152273900581495
 115.4244722599100614 106.0098566607143859 130.8899909399215820   0.0294726099418505
 115.1013290910095285 108.5477588585706338 133.0102636621812264   0.0294726099418505
 118.5330717502105266 106.5748847747568392 133.4486801252509556  -0.0011273900581495
 119.3135286435199974 106.8016519108273980 135.9865823231072034  -0.1906273900581494
 117.9737128145698372 107.1644793285402787 137.4794659689050043   0.1698726099418505
 121.8419822107066343 106.3972505181682393 136.6460967438457275  -0.2341273900581494
 122.4032308724812404 106.4029196965700032 138.5962941140524527   0.1655726099418506
 123.6485603947353569 105.9248189846879263 134.7620397883262396   0.3225726099418506
 126.0522920370831729 105.3390038831723473 135.4234439351986670  -0.5579273917044839
 127.1955763481055378 106.6939375211938826 134.8168418462099489   0.3991726099418505
 122.9191261070417618 105.9097011756165646 132.2014608768629357  -0.2341273900581494
 124.3383104336166040 105.4977408784217251 130.8049532638951225   0.1655726099418506
 120.3566574694445277 106.2120573570439585 131.5381670038565780  -0.1906273900581494
 119.7878499031342407 106.0438717311249697 129.5879696336498527   0.1698726099418505
 111.3710097026489837 105.5525429363054478 134.7601500621923093   0.5972726104906286
 109.7137198832000411 103.9897394235525761 134.2990568855155242  -0.5679273917044839
 110.9496007747845464 107.9147006037070127 135.5235994202964882  -0.4157273900581494
 112.4783892171268344 108.9616088818993768 135.9544569788305499   0.2718726099418505
 108.5118540620261196 109.0201903920509467 136.1037453434103165   0.0336726099418505
 107.4876224974408116 107.7313971687166488 137.3471851395305027   0.0822726099418505
 109.0901102590060312 111.4503782002736659 137.5985187153420209  -0.1825273900581494
 107.3496724896645595 112.3083138650739154 138.2939379326250590   0.0602726099418505
 110.2485123790997578 110.9911747497308111 139.2444701779874489   0.0602726099418505
 110.1086726451895888 112.7883043030899226 136.4231090600430024   0.0602726099418505
 106.8659025993807185 109.4132534279065641 133.7226904146695564   0.5972726104906286
 106.9263738356661919 107.9335978650462216 131.9331197658461257  -0.5679273917044839
 105.3956956671899870 111.4654960093450408 133.6924547965268063  -0.4157273900581494
 105.5695504715107399 112.6144494987691697 135.2023459775298990   0.2718726099418505
 103.2943202062695515 112.0872159074051340 131.9576862055870850  -0.0875273900581495
 101.7390755980523604 110.8078713147404472 132.3866540379872165   0.0968726099418505
 102.4628407073441914 114.8462160629301632 132.5170451412277878   0.2984726099418505
 100.6184680006370512 115.1391236136879594 131.6534402980257878  -0.0297273900581495
 102.2493016542110909 115.4225825337761445 135.3629726989131935  -0.3192273900581494
 101.5085290097139679 117.3255367506348412 135.6313138099300035   0.0790726099418505
 100.9699570615464041 114.0808769786920542 136.2530337079901102   0.0790726099418505
 104.0804462779807862 115.3696702020263519 136.3021665874720555   0.0790726099418505
 104.2883161527121228 116.8342079558153195 131.4342320664909232  -0.3192273900581494
 103.6212428274379314 118.7239340897365713 131.9161122306408339   0.0790726099418505
 106.1799320127673050 116.5809846538698711 132.2090197813986300   0.0790726099418505
 104.3695743764707353 116.6981476741729842 129.3857689373202801   0.0790726099418505
 103.7799798226873092 111.8321028793257686 129.1041997433660119   0.5972726104906286
 101.9885194477299617 112.0645391937980780 127.6623387031840869  -0.5679273917044839
 106.0967840628747623 111.3010898356938991 128.2538229831014432  -0.3479273900581494
 107.3931361907447409 110.8947987169008235 129.5936388120516169   0.2746726099418506
 106.8205491721666067 110.8532247419545590 125.6025372172099159  -0.2637273900581494
 106.7147245086670081 112.6144494987691697 124.5480700344818711   0.1559726099418505
 109.5266369959418436 109.8063164637621815 125.4475796742283851  -0.0007273900581495
 109.6249027549057479 107.9940691013317083 126.4264578115995949   0.0326726099418505
 109.9026924965921691 109.4604965812545927 123.4539186029414516   0.0326726099418505
 111.5883282080499180 111.5448645069697364 126.5341722012331104   0.0389726099418505
 111.3766788810507476 113.4364803670249052 125.7442666772540151   0.0284726099418505
 111.3653405242472197 111.6544686227371688 128.5807456042698232   0.0284726099418505
 114.2528420568788902 110.5433096559914708 125.9351290167800598   0.0485726099418505
 115.6417907653110091 111.8132056179865464 126.7836160509106983   0.0686726099418505
 114.4777194668155186 108.6781499618111916 126.7817263247767948   0.0686726099418505
 114.6591331756719523 110.4639411583667752 123.1799083135228776  -0.5295273900581494
 114.2906365795573076 112.1023337164765089 122.2501630556336134   0.3455726099418505
 114.7725167437072316 108.4551622780084934 121.7078116551982292   0.8075726110394068
 115.1977051238395161 106.1761525604994577 122.5525192370610341  -0.8627273895093713
 115.6153345994361061 105.9285984369557734 124.3836638608307160   0.4477726099418505
 115.2789633475981284 104.7078353544426431 121.3506534158870992   0.4477726099418505
 114.3737845294498503 108.7140547583557058 119.3003005605825526  -0.8627273895093713
 114.0052879333352056 110.4431541708936496 118.5689765467550274   0.4477726099418505
 114.1867016421916393 107.1758176853438066 118.2061491290421466   0.4477726099418505
 105.0631038676198430 108.9767266909707519 124.2646111143936726   0.7340726082955160
 103.9235990088653253 109.5417548050132051 122.3333110055261694  -0.5894273889605932
 104.6095695954787388 106.7978724585595509 125.4438002219605515  -0.4157273900581494
 105.5090792352252530 106.4652806589894068 127.0916414107398830   0.2718726099418505
 102.8521242909319751 104.8949182417008543 124.4479145493840499  -0.0014273900581495
 103.3075482892069963 104.5812237034699189 122.4618123826328104   0.0875726099418505
 103.2187311609127029 102.3872516619873430 125.8841064111641841  -0.0152273900581495
 103.2432976006536756 102.7576379842359178 127.9117825528617015   0.0294726099418505
 101.5727796982672884 101.2023933760187268 125.5212789934513168   0.0294726099418505
 105.5525429363054478 100.8546837673772077 125.1697899325419507  -0.0011273900581495
 105.2407381242084430  98.7457494019210914 123.5540740880392996  -0.1906273900581494
 103.4020345959030668  98.2865459513782366 122.8529856923544976   0.1698726099418505
 107.2910909795130030  97.1980636982395946 122.8662137752919558  -0.2341273900581494
 107.0435368559693184  95.5917964844065279 121.6719068586537152   0.1655726099418506
 109.9121411272617667  97.8386808576388963 123.8469816387970958   0.3225726099418506
 111.9435967212271177  96.4213862571979574 123.1647905044515159  -0.5579273917044839
 113.5725406486672404  97.1357027358201908 123.6372220379318289   0.3991726099418505
 110.1389082633323256 100.1176905751479186 125.5855296820046239  -0.2341273900581494
 111.9322583644235898 100.6109090961013706 126.3584276707784274   0.1655726099418506
 107.9411567695819023 101.5028598313122039 126.1902420448594384  -0.1906273900581494
 108.0847759557599185 103.0524352611276310 127.4733660897919724   0.1698726099418505
 100.0439912559250003 105.7245080144922838 124.5046063334016895   0.5972726104906286
  98.4717391125025174 104.4772887661042506 123.3273069519687409  -0.5679273917044839
  99.3863665613204066 107.7843095004664414 125.8255249010126410  -0.4157273900581494
 100.7885433526899705 108.7990924343821519 126.6343276863309317   0.2718726099418505
  96.8768102554729786 108.9861753216403629 125.7631639385932372  -0.0237273900581495
  95.4576259288981228 107.5783293518690217 125.2907324051129242   0.0879726099418505
  96.1738321336542731 110.0652089441093939 128.3728757295384866   0.0341726099418505
  97.5268760455418915 111.5184083410948334 128.8982195947685786   0.0240726099418505
  94.3464669621524248 110.9892850235968808 128.2405949001639850   0.0240726099418505
  96.0680074701546879 108.1150115739026686 130.5214943438069508   0.0017726099418505
  97.7744301690855759 106.9622786322106927 130.5082662608694926   0.0439726099418505
  96.0680074701546879 109.1789273873003245 132.2864985528893953   0.0439726099418505
  93.3184559452992562 106.0608792663302616 130.6443265425118278  -0.2737273900581494
  93.9174991297522934 103.8045462624282819 128.1423291412000941  -0.0536273900581495
  92.9877538718630424 102.0263139704083926 128.6053120440108093   0.0683726099418505
  93.1578292239159481 104.5075243842469874 126.3622071230462610   0.0683726099418505
  95.9413958191819636 103.4908517241973601 127.9552462539418830   0.0683726099418505
  96.6727198330094756 111.0384179030788396 123.7222597139582884   0.5972726104906286
  94.8037806865613628 111.0667637950876595 122.3352007316600729  -0.5679273917044839
  98.5511076101272130 112.7164947100009078 123.4709261381467436  -0.4157273900581494
 100.0780063263355842 112.5879933328942667 124.6236590798387061   0.2718726099418505
  96.7823239487769213 115.6247832301057171 121.4999417804668926   0.0778726099418505
  98.7079548792426739 113.3930166659447238 118.8429868361736147   0.5972726104906286
  97.1640486278290108 114.0525310866832342 117.2348298962066177  -0.5679273917044839
 100.2613097613259346 111.4182528559970123 118.5141744888713179  -0.4157273900581494
 101.5690002459994413 111.0554254382841316 119.8709978530267699   0.2718726099418505
 100.5712248472890228 110.1256801803948808 116.0896558590503494  -0.0275273900581495
 101.4159324291518275 111.4371501173362211 114.7422811255644950   0.1122726099418506
 102.2360735712736461 107.7635225129933159 116.5016161562451755  -0.0050273900581495
 101.6823838140347206 106.8488950641754266 118.2666203653276335   0.0338726099418505
 101.7844290252664722 106.4388244931145172 114.9879455229742490   0.0338726099418505
 105.0631038676198430 107.9770615661264164 116.4468140983614660  -0.1415273900581494
 106.4029196965700032 109.9310383886009888 115.5000613052669098  -0.1638273900581494
 105.5922271851177956 111.6733658840763776 114.8065318141178154   0.2061726099418505
 108.8973581933460563 109.2337294451840472 115.2487277294553918  -0.3418273900581494
 110.1899308689482013 110.2938658063138695 114.3152030192982937   0.3411726099418505
 109.3017595860052150 106.7751957449524950 115.9743825648811531   0.1379726099418505
 111.4106939514613315 105.1689285311194282 115.8250942003013730  -0.2601273900581494
 113.0755426754459548 105.7604128110367846 114.8537749674658441   0.1571726099418505
 111.2708542175511490 102.7444099012984596 116.9003483705025568  -0.1134273900581494
 112.8449960871075622 101.4839625699729952 116.7964134331368886   0.1416726099418505
 109.0334184749883915 101.9469454727836970 118.0908758348729504  -0.1972273900581494
 108.9483807989619320 100.0987933138087098 118.8958991679234073   0.1446726099418505
 106.8791306823181632 103.5116387116704992 118.1400087143549092  -0.2387273900581495
 105.1821566140568730 102.8445653863962943 118.9903854746194644   0.1699726099418505
 106.9320430140679558 106.0041874823126219 116.9948346771986276   0.1242726099418505
  98.0389918278345523 109.2620753371928672 114.9690482616350403   0.5972726104906286
  97.7234075634697002 109.2771931462642289 112.6654721043850320  -0.5679273917044839
  96.2154061086005376 108.5364205017671059 116.5639771186645791  -0.4157273900581494
  96.5442184559028345 108.7348417458288313 118.4348059912466223   0.2718726099418505
  93.6888422675478312 107.8296629276805531 115.7249387152035384   0.0336726099418505
  93.8759251548060287 106.4237066840431423 114.2320550694057511   0.0822726099418505
  92.2715476671068923 106.5994512144978119 117.9359182918914063  -0.1825273900581494
  90.4215057819979746 105.9569443289645933 117.2990805847599516   0.0602726099418505
  93.3373532066384783 104.9818456438612305 118.6370066875761949   0.0602726099418505
  92.0183243651614438 107.9543848525193605 119.4684861865015416   0.0602726099418505
  92.2507606796337532 110.0784370270468387 114.5797646780472701   0.5972726104906286
  91.4343989897797683 109.9197000317974609 112.4046898979039028  -0.5679273917044839
  91.9408455936706651 112.1609152266280655 115.9800517432829170  -0.4157273900581494
  92.8932675651669719 112.2931960560025537 117.6373415627318462   0.2718726099418505
  90.5689044204438379 114.3983509691908230 115.0427475808579719  -0.0875273900581495
  88.7547673318794344 113.7407262745862294 114.3284311022357385   0.0968726099418505
  89.9075002735713971 116.2691798417728661 117.1838072905907554   0.2984726099418505
  88.7604365102811986 115.2506174555893085 118.5595279160854162  -0.0297273900581495
  92.1978483478839606 117.3217572983670075 118.5916532603620831  -0.3192273900581494
  91.5874668066273955 118.6936984715938347 119.9976095039994941   0.0790726099418505
  93.1634984023177122 115.7891894037568723 119.5573033147958481   0.0790726099418505
  93.4828621189504113 118.2401641994527305 117.2726244188850486   0.0790726099418505
  88.3106816904079414 118.4782696923268039 116.2087086054873792  -0.3192273900581494
  87.6814028878121675 119.6404512646883774 117.7904093795794733   0.0790726099418505
  89.4086125742161946 119.6480101692240582 114.9142462037513309   0.0790726099418505
  86.6552815970929291 117.7469456784992784 115.2260510158483358   0.0790726099418505
  91.9332866891349842 115.5964373380968974 112.7826351246881586   0.5972726104906286
  90.7049647020861732 116.1406784646662251 110.8796809078294486  -0.5679273917044839
  94.4447327211163291 115.7249387152035384 112.8336577303040343  -0.5163273900581494
  95.3612498960681353 115.2317201942500998 114.4512633009406155   0.2935726099418505
  95.3499115392646073 118.6162197001030560 110.3070938892513143   0.0879726099418505
  95.6995108740400432 115.1618003272950153 108.3304403531696860   0.5365726099418505
  95.1987334485509103 116.2030394270856153 106.3065436637400292  -0.5819273917044839
  95.8450197863519762 112.6409056646440593 108.4929568006869108  -0.4157273900581494
  96.2796567971538583 111.8415515099953663 110.1842616905464373   0.2718726099418505
  95.3971546926126359 111.0025131065343390 106.3159922944096268   0.0336726099418505
  96.6538225716702669 111.5958871125856121 104.7928730304691027   0.0822726099418505
  96.0453307565476319 108.2775280214198934 107.0624341173085271  -0.1825273900581494
  95.7221875876470992 107.0133012378265683 105.4712847125468355   0.0602726099418505
  98.0257637448970940 108.1546958227150030 107.6180136006813695   0.0602726099418505
  94.8623621967129194 107.6747053846990092 108.6422451652666911   0.0602726099418505
  92.6702798813642736 111.2103829812656756 105.3163271695652913   0.5972726104906286
  92.2696579409729620 111.0421973553466868 103.0259790952527280  -0.5679273917044839
  90.7748845690412578 111.6091151955230569 106.9547197276750118  -0.4157273900581494
  91.1849551401021670 111.6790350624781415 108.8312177786588189   0.2718726099418505
  88.1670625042299253 112.0947748119408146 106.0835559799373175  -0.0389273900581495
  87.6927412446156954 110.6453548672232222 104.7040559021747961   0.1006726099418505
  86.1167096489253655 111.9209200076200619 108.1414677397775582   0.3653726099418505
  84.3158006432984202 112.2988652344043176 107.2117224818883074   0.0042726099418505
  85.8615966208460001 109.2979801337373679 109.3130979428087294  -0.2438273900581494
  84.5104424350922986 109.3641205484246053 110.8664528248920038   0.0641726099418505
  85.1661774035629754 107.9883999229299443 107.8901341639660400   0.0641726099418505
  87.6700645310086396 108.6327965345970799 110.0160760646274484   0.0641726099418505
  86.3189103452549381 113.7218290132470205 110.0859959315825330  -0.6761273884118151
  88.0291124964536731 114.3870126123872951 110.1804822382785901   0.4101726099418505
  87.9157289284184071 114.6213386529935346 104.7078353544426431   0.5972726104906286
  86.5834720040039143 114.7177146858235223 102.7973222330482656  -0.5679273917044839
  89.2366474960293586 116.5961024629412461 105.5827785544481846  -0.4157273900581494
  90.3005633094270145 116.3617764223350065 107.1663690546741956   0.2718726099418505
  89.3481413379307077 119.0735334245120073 104.3620154719350544  -0.0252273900581495
  87.4565254778755389 119.8823362098302980 104.2580805345693861   0.0697726099418505
  90.5518968852385461 120.3245321251678741 105.4712847125468355   0.0697726099418505
  90.4309544126675858 118.8940094417894770 101.6956118969721654   0.5972726104906286
  89.1383817370654542 119.6064361942777937  99.8928131652112900  -0.5679273917044839
  92.6608312506946624 117.7204895126243889 101.4291605120892723  -0.4157273900581494
  93.6151429483248995 117.2291607178048537 103.0203099168509639   0.2718726099418505
  93.8494689889311257 117.2593963359476038  98.9649576334559559  -0.0518273900581495
  94.2519806554563542 119.0678642461102433  98.0559993630398441   0.0921726099418505
  96.3665841993142345 115.8515503661762626  99.3296747773027669  -0.1102273900581495
  95.9791903418603811 114.0733180741563733 100.2972145578704486   0.0456726099418505
  97.1300335574184269 115.4055749985708527  97.4645150831224877   0.0456726099418505
  98.3829219842082107 117.3141983938313133 100.8320070537701520   0.3530726099418505
  97.6364801613093237 117.9094621260165167 102.6480338684684856  -0.0361273900581495
 100.6146885483692176 115.5510839108827857 101.2968796827147841  -0.4121273900581494
 102.0830057544260322 116.5772052016020239 102.3022139859608969   0.0999726099418505
  99.9797405673716664 113.9618242322550107 102.4382742676032187   0.0999726099418505
 101.3460125621967430 114.8670030504032889  99.4959706770878390   0.0999726099418505
  99.3712487522490316 119.6423409908222943  99.4562864282754912  -0.4121273900581494
 100.8187789708327072 120.5890937839168505 100.5750042995568698   0.0999726099418505
 100.1082419444783208 119.1113279471904248  97.6232520783718655   0.0999726099418505
  97.8254527747014516 120.9538109277636480  99.1558199729820006   0.0999726099418505
  92.1241490286610290 115.7910791298907892  97.1734972584986083   0.5972726104906286
  91.6422688645111048 116.6301175333518299  95.0645628930424920  -0.5679273917044839
  91.1112558208792353 113.6235632542831161  98.0011973051561212  -0.4157273900581494
  91.5534517362168117 113.0169611652943848  99.7643117881046490   0.2718726099418505
  89.5276653206532246 112.0513111108606332  96.3514663902428730  -0.0597273900581495
  90.6085886692561857 111.6506891704693216  94.6450436913119850   0.0868726099418505
  88.8681508999147139 109.5134089130043853  97.6478185181128516   0.1302726099418505
  88.2086364791761900 109.9367075670027528  99.5545521872393955   0.0186726099418505
  86.7176425595123328 108.0791067773581544  96.3042232368948444  -0.3204273900581494
  86.4625295314329542 106.2271751661153336  97.1697178062307747   0.0881726099418505
  84.9488588981620413 109.1222356032826847  96.4742985889477500   0.0881726099418505
  87.1485001180463677 107.8523396412876091  94.3011135349383130   0.0881726099418505
  91.2208599366466677 107.7861992266003583  97.8915931893886889  -0.0430273900581495
  92.7458689267211220 108.8538944922658747  98.7646466632603135   0.0235726099418505
  90.7559873077020490 106.2328443445170976  99.1652686036516118   0.0235726099418505
  92.2564298580355172 106.6466943678458540  95.4273903107553727  -0.0660273900581495
  92.7704353664620947 108.1357985613757942  94.1008025647426573   0.0185726099418505
  93.9439552956271964 105.5430943056358368  95.8544684170215738   0.0185726099418505
  90.8655914234694813 105.3994751194578208  94.5637854675533591   0.0185726099418505
  87.1995227236622436 113.5196283169174478  95.4784129163712484   0.5972726104906286
  86.6080384437449006 113.4345906408909883  93.2315285431388797  -0.5679273917044839
  85.9012808696583479 114.8821208594746640  97.1716075323646916  -0.4157273900581494
  86.5475672074594137 114.9973941536438602  98.9762959902594839   0.2718726099418505
  83.7148677327114528 116.4127990279508822  96.4383937924032495  -0.0275273900581495
  82.3826108082969735 115.1995948499734328  95.4406183936928309   0.1122726099418506
  82.3637135469577647 117.4748251152146212  98.7703158416620775  -0.0050273900581495
  81.8686052998703958 115.9158010547295965 100.0250939945857782   0.0338726099418505
  83.6600656748277433 118.7107060067991265  99.7926576801134687   0.0338726099418505
  83.4748725137034625 123.2479384543440453  97.3246753492123187   0.1699726099418505
  84.4254047590658524 118.5217333934069987  94.5864621811604151   0.5972726104906286
  86.5948103608074424 119.7632834633932546  94.9360615159358508  -0.4157273900581494
  87.6870720662139315 119.3078594651182334  96.4516218753406941   0.2718726099418505
  87.5566809629733602 121.7040322029303956  93.2164107340675182  -0.0518273900581495
  86.1091507443896846 123.1534521476479880  92.9877538718630424   0.0921726099418505
  89.8829338338304244 122.9172363809078315  94.4844169699286769  -0.1102273900581495
  89.3008981845826790 123.4879336733520354  96.3760328299838457   0.0456726099418505
  91.3550304921550861 121.4942726020651287  94.7168532844009864   0.0456726099418505
  91.0621229413972900 125.2491584301666463  93.2031826511300600   0.3530726099418505
  89.6051440921440032 126.6759016612772096  92.8989367435687358  -0.0361273900581495
  93.0425559297467519 126.3376406833053018  94.9984224783552546  -0.4121273900581494
  93.8778148809399456 128.0516222867718706  94.2482012031885204   0.0999726099418505
  92.1921791694821967 126.7703879679732669  96.8220081975892557   0.0999726099418505
  94.5392190278123864 124.9505817010070861  95.2818813984434397   0.0999726099418505
  92.3622545215351024 124.6727919593206785  90.6841777146130341  -0.4121273900581494
  93.6945114459495951 126.1581167005827849  90.2060770027309572   0.0999726099418505
  93.4261703349327717 122.9153466547739012  90.8391352575945783   0.0999726099418505
  90.9770852653708304 124.5083857856695233  89.1780659858778020   0.0999726099418505
  88.0971426372748408 120.5928732361846841  90.5934708601848106   0.5972726104906286
  89.6089235444118369 118.5840943558264023  90.4744181137477806  -0.5163273900581494
  90.4177263297301410 117.9888306236411989  92.1184798502592650   0.2935726099418505
  90.4687489353460167 117.4200230573309119  88.1198193508818966   0.0380726099418505
  91.4343989897797683 118.8524354668432125  87.0011014796005180   0.0879726099418505
  92.3471367124637407 115.2770736214642115  88.6829577387904331  -0.0303273900581495
  91.4117222761727125 113.8371023074162168  89.8262420498127846  -0.0122273900581495
  92.9008264697026661 114.4059098737265038  86.8971665422348497  -0.0122273900581495
  94.7395299980080421 116.1255606555948500  90.0454502813476493   0.7993726088442942
  95.9659622589229365 114.4644913838780738  91.1887345923700142  -0.8014273889605932
  95.4387286675589006 118.3705553026933018  89.7846680748665201  -0.8014273889605932
  87.0823597033591303 114.2585112352806541  89.5163269638496965   0.2718726099418505
  82.8437039849737584  97.7593123600142008  98.4528418511632951   0.0822726099418505
  82.8626012463129671 101.1683783056081431  96.2664287142164135  -0.1825273900581494
  84.8619314960016514 101.5406543539906214  96.5971307876526271   0.0602726099418505
  82.1936381949048454 100.8055508878952624 101.0190899410283629   0.5972726104906286
  83.8773841802286911 100.0723371479338202 102.4420537198710659  -0.5679273917044839
  80.5646942674647363 103.9028120213921862 104.1390277881323427  -0.0597273900581495
  82.4638690320555858 104.6473641181571697 104.4300456127562221   0.0868726099418505
  78.9811037672387254 107.7578533345915518 106.5144135384713658  -0.3204273900581494
  80.9105141499723251 108.4438239212049655 106.7166142348009384   0.0881726099418505
  81.6248306285945585 108.9559397034976128 101.2571954339024363  -0.0660273900581495
  82.9835437188839274 107.4403793440927696 100.9472803479393481   0.0185726099418505
  81.5719182968447524 110.1502466201358535  99.5791186269803682   0.0185726099418505
  82.2352121698511236 110.1086726451895888 102.8521242909319751   0.0185726099418505
  81.2582237586138307 102.2247352144701182 108.3058739134287133  -0.5679273917044839
  83.2764512696417235  93.9590731046985579 106.4444936715162814  -0.0275273900581495
  82.8172478190988688  92.5946908360074250 107.9203697821087768   0.1122726099418506
  83.3728273024717112  92.5077634338470488 103.9406065440706171  -0.0050273900581495
  83.3728273024717112  93.8437998105293618 102.3740235790498982   0.0338726099418505
  85.1510595944916139  91.4665243340564352 103.8669072248476855   0.0338726099418505
  84.5425677793689655  82.2182046346458317 103.1771571859664248   0.1446726099418505
  83.4295190864893508  86.1412760886663516 103.3491222641532608  -0.2387273900581495
  85.3343630294819644  86.8461439366189738 103.5229770684740137   0.1699726099418505
  85.8540377163103194  95.0645628930424920 107.1758176853438066   0.5972726104906286
  87.3658186234473154  93.7020703504852760 108.2983150088930191  -0.5679273917044839
  86.3567048679333690  97.4890815228634604 106.6466943678458540  -0.4157273900581494
  85.0924780843400574  98.5038644567791710 105.6243525293944494   0.2718726099418505
  88.7585467841472817  98.6890576179034516 107.3817978339412130  -0.0389273900581495
  90.2627687867485970  97.4550664524528767 106.7506293052115223   0.1006726099418505
  89.2120810562883859 101.2194009112240188 106.0230847436518307   0.3653726099418505
  88.9267324100662704 100.9416111695375842 104.0010777803560906   0.0042726099418505
  87.5888063072500271 103.4322702140458036 106.8923587652556080  -0.2438273900581494
  87.8930522148113513 105.0366477017449400 105.6394703384658243   0.0641726099418505
  85.6140424973023157 102.8974777181460869 106.8092108153630788   0.0641726099418505
  88.0820248282034657 103.9821805190168819 108.8160999695874438   0.0641726099418505
  91.7197476360018837 101.9620632818550721 106.4255964101770590  -0.6761273884118151
  91.9540736766081099 103.6401400887771402 105.7717511678403125   0.4101726099418505
  89.0476748826372307  98.8459048870189261 110.2522918313676048   0.5972726104906286
  90.8882681370765236  97.8878137371208419 111.2973103834260520  -0.5679273917044839
  87.1201542260375480  99.7850987755777879 111.5996665648534459  -0.4157273900581494
  85.6121527711683988 100.5164227894053133 110.6869288421694869   0.2718726099418505
  87.1919638191265627  99.8795850822738452 114.3813434339855311  -0.0875273900581495
  88.9437399452715624 100.8187789708327072 114.9255845605548588   0.0968726099418505
  85.0112198605814314 101.4518372256963280 115.5057304836686739   0.2984726099418505
  85.3702678260264784 101.6615968265615815 117.5239579946965802  -0.0297273900581495
  84.9356308152245831 104.1069024438556892 114.3416591851731833  -0.3192273900581494
  83.6052636169440204 105.2842018252886244 115.3847880110977136   0.0790726099418505
  86.7989007832709453 104.9780661915933835 114.4531530270745459   0.0790726099418505
  84.3441465353072401 104.0294236723649105 112.3687851013594022   0.0790726099418505
  82.3920594389665845 100.2499714045224068 115.1995948499734328  -0.3192273900581494
  81.9649813327003832  99.9721816628359856 113.2040440525525957   0.0790726099418505
  82.3032423106722779  98.4452829466276144 116.1841421657464065   0.0790726099418505
  87.3034576610279118  97.2245198641144842 115.5265174711418128   0.5972726104906286
  88.6357145854424046  96.8371260066606308 117.3841182607863977  -0.5679273917044839
  86.0656870433094896  95.3499115392646073 114.3605564465124055  -0.4157273900581494
  85.0074404083135978  95.7637615625933637 112.8279885519022704   0.2718726099418505
  86.2225343124249639  92.7250819392479829 115.1939256715716689   0.0336726099418505
  85.6329397586415244  92.6381545370876067 117.1686894815193803   0.0822726099418505
  84.3876102363874215  91.1093660947453186 113.6349016110866442  -0.1825273900581494
  84.3838307841195879  89.1837351642795660 114.3718948033159334   0.0602726099418505
  82.4827662933948079  91.8860435357869556 113.7690721665950491   0.0602726099418505
  84.9696458856351667  91.0640126675312069 111.6620275272728495   0.0602726099418505
  88.9475193975394095  91.7121887314661895 115.0767626512685558   0.5972726104906286
  89.8715954770268964  90.7181927850236180 116.9683785113237246  -0.5679273917044839
  90.2873352264895697  92.0391113526345694 112.9470412983393004  -0.4157273900581494
  89.5030988809122517  92.9556285275863755 111.4560473786754298   0.2718726099418505
  92.9178340049079580  91.1830654139682501 112.7826351246881586  -0.0014273900581495
  92.9442901707828476  89.2612139357703313 113.5215180430513647   0.0875726099418505
  93.8419100843954449  91.0129900619153310 110.0198555168952822  -0.0152273900581495
  95.0815704282477838  89.3916050390109025 109.9329281147349057   0.0294726099418505
  92.2375325966963084  90.5953605863187409 108.7990924343821519   0.0294726099418505
  95.3480218131306905  93.1975134727282959 108.9143657285513481  -0.0011273900581495
  94.2557601077242013  94.6507128697137490 106.9622786322106927  -0.1906273900581494
  92.4170565794188251  94.1593840748942138 106.2970950330704180   0.1698726099418505
  95.5162074390496793  96.7483088783663374 105.9134806278843982  -0.2341273900581494
  94.6563820481155129  97.8915931893886889 104.4980757535773897   0.1655726099418506
  98.1240295038609984  97.4229411081762230 106.8961382175234553   0.3225726099418506
  99.4203816317309770  99.4430583453380330 105.9909593993751771  -0.5579273917044839
 100.6770495107886214 100.0005275548448055 107.1795971376116402   0.3991726099418505
  99.2805418978208079  95.6843930649686681 108.8595636706676386  -0.2341273900581494
 101.1343632351975592  96.0321026736101737 109.5606520663524140   0.1655726099418506
  97.8462397621745772  93.6397093880658722 109.7590733104141528  -0.1906273900581494
  98.6644911781624789  92.4227257578205892 111.1461322927123551   0.1698726099418505
  94.6979560230617776  92.6929565949713294 114.4909475497529633   0.5972726104906286
  96.4742985889477500  91.5855770804934786 115.4943921268651458  -0.5679273917044839
  94.2122964066440064  95.1344827599975898 114.9236948344209285  -0.4157273900581494
  92.8214579720779705  95.9943081509317562 113.9202502573087460   0.2718726099418505
  95.7184081353792519  96.6519328455363500 116.6886990435033865  -0.0237273900581495
  97.7064000282644082  96.4157170787961935 116.2049291532195456   0.0879726099418505
  95.0437759055693663  99.4657350589450887 116.4600421812989108   0.0341726099418505
  93.0009819548004872  99.6962816472834813 116.6093305458786909   0.0240726099418505
  95.8960423919678519 100.4880768973964934 118.0341840508553106   0.0240726099418505
  95.9489547237176445 100.6732700585207742 113.9807214935942329   0.0017726099418505
  94.9209437068644759  99.8361213811936637 112.4084693501717500   0.0439726099418505
  95.4538464766302757 102.6688208559416112 114.0374132776118591   0.0439726099418505
  99.2937699807582527 100.4502823747180625 113.2399488490970965  -0.2737273900581494
 100.7224029380027197 101.2534159816346026 116.2351647713622822  -0.0536273900581495
 102.7349612706288620 101.5425440801245517 115.9309188638009582   0.0683726099418505
  99.8644672732024700 102.9673975851011713 116.9834963203950995   0.0683726099418505
 100.4559515531198264  99.7132891824887731 117.5787600525802897   0.0683726099418505
  95.4576259288981228  95.7429745751202246 119.4288019376891937   0.5972726104906286
  97.3756979548281946  95.4103827755500807 120.7024773519521166  -0.5679273917044839
  93.1521600455141841  95.1949539962830633 120.3245321251678741  -0.4157273900581494
  91.6233716031718961  95.5162074390496793 119.2095937061543291   0.2718726099418505
  92.7779942709977755  94.1367073612871579 122.8662137752919558  -0.0518273900581495
  93.8097847401187913  95.3026683859165788 124.2154782349117270   0.0921726099418505
  89.9641920575890368  94.1537148964924499 123.6013172413873149  -0.1102273900581495
  88.9097248748609786  93.0179894900057792 122.2407144249640156   0.0456726099418505
  89.8035653362057288  93.2334182692728101 125.4419104958266212   0.0456726099418505
  88.7207522614688508  96.7823239487769213 123.7884001286455258   0.3530726099418505
  88.5015440299339861  97.5892370079612951 121.9175712560634961  -0.0361273900581495
  86.0940329353183095  96.4969753025548060 124.9600303316767107  -0.4121273900581494
  85.1548390467594475  98.3281199263245013 125.0072734850247257   0.0999726099418505
  84.9696458856351667  95.2006231746848272 123.8205254729221793   0.0999726099418505
  86.2527699305677007  95.7637615625933637 126.8781023576067822   0.0999726099418505
  90.2211948118023323  98.6682706304303261 125.3833289856750512  -0.4121273900581494
  89.1516098200028990 100.4143775781735619 125.5987577649420821   0.0999726099418505
  90.6048092169883387  97.8745856541833971 127.2465989537214135   0.0999726099418505
  91.9994271038222216  99.1274740809731943 124.4516940016518835   0.0999726099418505
  93.8986018684130847  91.4740832385921161 123.1156576249695705   0.5972726104906286
  95.1552697474707155  90.9298421120228018 124.9940454020872945  -0.5679273917044839
  93.6094737699231356  89.8526982156876876 121.1975855990394987  -0.4157273900581494
  92.5020942554452846  90.3572550934446541 119.7141505839113090   0.2718726099418505
  94.8982669932574333  87.3941645154561353 121.1371143627539985  -0.0024273900581495
  94.4088279245718285  86.3359178804602299 122.8359781571492056   0.0977726099418505
  94.0743463988677543  85.8748247037834449 118.7976334089595030  -0.0343273900581495
  94.6450436913119850  86.9425199694489614 117.1308949588409494   0.0294726099418505
  95.1288135815958259  84.1041513162992364 118.7881847782898918   0.0294726099418505
  91.2907798036017522  85.2153102830449344 118.4914977752642621   0.0117726099418505
  89.5900262830726281  85.2323178182502262 120.5494095351045027  -0.1256273900581494
  90.2193050856684020  85.7349849698732760 122.3975616940794765   0.1329726099418505
  87.0275576454754076  84.6238260031275780 120.1733540344541772  -0.1704273900581494
  85.7501027789446509  84.6691794303416898 121.7323780949392155   0.1429726099418505
  86.1488349932020324  83.9850985698621930 117.7450559523653615  -0.1072273900581494
  84.2024170752631407  83.5372334761228663 117.4653764845450102   0.1296726099418505
  87.8363604307937115  83.9473040471837755 115.6909236447929545  -0.1704273900581494
  87.1768460100551876  83.4710930614356155 113.8446612119518977   0.1429726099418505
  90.3969393422570019  84.5576855884403406 116.0688688715772104  -0.1256273900581494
  91.6611661258503272  84.5463472316368127 114.5003961804225745   0.1329726099418505
  97.7876582520230207  87.6851823400800147 121.1654602547628184   0.5972726104906286
  99.0840103798929993  86.2206445862910338 122.4183486815526290  -0.5679273917044839
  98.8043309120726479  89.6145927228136008 119.8993437450355898  -0.4157273900581494
  97.6534876965146156  90.7144133327557709 118.8335382055040036   0.2718726099418505
 101.4801831177051480  90.2797763219538888 119.9768225165263551  -0.0252273900581495
 102.6045701673882907  88.6753988342547390 119.3343156309931364   0.0697726099418505
 101.8014365604717640  91.8595873699120526 118.6955881977277514   0.0697726099418505
 102.3834722097195092  91.0564537629955260 122.6092110210786737   0.5972726104906286
 104.3355593060601648  90.1285982312401919 123.4425802461379237  -0.5679273917044839
 100.9321625388679866  92.5946908360074250 123.9962700033768626  -0.4157273900581494
  99.3618001215794205  93.3411326589063122 123.1855774919246415   0.2718726099418505
 101.5198673665174958  93.2542052567459357 126.6324379601970014  -0.0518273900581495
 103.4379393924475675  94.0100957103144338 126.6910194703485713   0.0921726099418505
  99.6509282200693695  95.3291245517914684 127.4790352681937364  -0.1102273900581495
  99.4430583453380330  96.6481533932685029 125.9067831247712399   0.0456726099418505
  97.7971068826926316  94.4863066960625938 127.8116270677638803   0.0456726099418505
 100.4294953872449368  96.8975972429461176 129.8109573174525510   0.3530726099418505
 102.2965448075591329  97.7026205759965611 129.4897038746859350  -0.0361273900581495
  98.5416589794576019  99.0651131185537905 130.1322107602191670  -0.4121273900581494
  99.1444816161784861 100.3104426408078934 131.6591094764275518   0.0999726099418505
  98.4471726727615311 100.1611542762281134 128.3955524431455424   0.0999726099418505
  96.6670506546077251  98.3243404740566541 130.5555094142175346   0.0999726099418505
 100.4502823747180625  95.4481772982285116 132.3148444448982152  -0.4121273900581494
 100.7375207470740947  96.7672061397055462 133.8700890531153928   0.0999726099418505
  98.6663809042964092  94.4522916256520100 132.5661780207097332   0.0999726099418505
 102.0168653397387814  94.1215895522157964 132.3507492414427292   0.0999726099418505
 101.4537269518302450  90.9128345768175099 128.3445298375296667   0.5972726104906286
 103.2187311609127029  90.4404030433371970 129.7750525209080638  -0.5679273917044839
  99.4732939634807830  89.3632591470020828 128.1744544854767476  -0.4157273900581494
  98.0182048403614132  89.8508084895537573 127.0179420915169513   0.2718726099418505
  99.2408576490084601  87.0653521681538385 129.7126915584886601  -0.0275273900581495
  99.5375446520341035  87.5529015107055265 131.6912348207042053   0.1122726099418506
  96.5555568127063625  86.0260027944971552 129.4424607213379199  -0.0050273900581495
  96.2267444654040657  85.5119972860705643 127.4733660897919724   0.0338726099418505
  96.4005992697248184  84.3195800955662538 130.5838553062263545   0.0338726099418505
  94.5089834096696498  87.8023453603831278 130.2739402202632664  -0.1415273900581494
  94.8245676740345017  89.8319112282145486 131.7895005796680962  -0.1638273900581494
  96.6122485967240022  90.4252852342658218 132.5680677468436635   0.2061726099418505
  92.5455579565254663  91.0186592403170949 132.2014608768629357  -0.3418273900581494
  92.3584750692672686  92.5323298735880215 133.3504143662870646   0.3411726099418505
  90.6274859305953945  89.8375804066163125 130.9051087489929706   0.1379726099418505
  88.0366714009893674  90.3326886537036814 130.6670032561188838  -0.2601273900581494
  87.6700645310086396  86.6439432402894012 127.9382387187365911  -0.1972273900581494
  86.5173315893166771  85.4061726225709791 126.7968441338481565   0.1446726099418505
  90.2741071435521249  86.1601733500055603 128.1971311990838034  -0.2387273900581495
  91.1225941776827634  84.5576855884403406 127.2617167627927752   0.1699726099418505
  91.8199031210997048  87.7494330286333352 129.6767867619441461   0.1242726099418505
 101.2553057077685194  85.0924780843400574 129.0758538513571919   0.5972726104906286
 102.1283591816401305  83.7394341724524389 130.7501512060114130  -0.5679273917044839
 102.1094619203009218  85.0074404083135978 126.7042475532860295  -0.4157273900581494
 101.2364084464293106  86.0940329353183095 125.3871084379429119   0.2718726099418505
 104.3998099946134853  83.6506170441581322 125.9691440871906437  -0.0249273900581495
 104.2731983436407611  81.7230963875584628 126.6815708396789736   0.0842726099418505
 104.6076798693448219  83.5429026545246303 123.0892014590946541   0.2116726099418505
 102.9333825146905876  82.6452827409120330 122.2992959351155856   0.0351726099418505
 104.7494093293889078  85.4534157759190078 122.3314212793922391   0.0351726099418505
 106.7808649233542589  82.1709614812977897 122.3862233372759486  -0.6546273911557058
 106.5068546339356715  80.3946189154118173 122.7207048629800228   0.4274726099418505
 106.7751957449524950  84.8524828653320536 127.1105386720790783   0.5972726104906286
 108.3247711747679221  83.4843211443730603 128.1461085934679277  -0.5679273917044839
 107.0378676775675545  87.3601494450455515 127.1275462072843701  -0.4157273900581494
 105.7452950019654095  88.4372933413806656 126.2091393061986606   0.2718726099418505
 109.1543609475593518  88.6829577387904331 128.3350812068600690   0.0336726099418505
 110.9080267998382683  87.8949419409452682 127.5980880146307798   0.0822726099418505
 109.0938897112738650  91.4854215953956440 127.5961982884968495  -0.1825273900581494
 110.7833048749994743  92.4227257578205892 128.3142942193869165   0.0602726099418505
 109.0655438192650585  91.6725044826538551 125.5420659809244424   0.0602726099418505
 107.4365998918249358  92.4094976748831444 128.3879935386098481   0.0602726099418505
 109.2979801337373679  88.2955638813365662 131.2150238349560585   0.5972726104906286
 111.3483329890419277  88.5072132083357501 132.2789396483537010  -0.5679273917044839
 107.2570759091024191  87.5207761664288596 132.4981478798885657  -0.4157273900581494
 105.5619915669750456  87.5340042493663044 131.6118663230795097   0.2718726099418505
 107.4781738667712005  86.5418980290576498 135.0889624094946196  -0.0518273900581495
 108.4343752905353543  87.9554131772307415 136.2454748034544159   0.0921726099418505
 104.8854696110312431  85.9806493672830435 136.2549234341240135  -0.1102273900581495
 103.9462757224723811  84.5198910657619097 135.1494336457800930   0.0456726099418505
 103.0656633440650756  88.2199748359797179 136.5742871507567262   0.3530726099418505
 102.3286701518357865  88.7982310329596295 134.7431425269870174  -0.0361273900581495
 104.2845367004442891  90.5159920886940453 137.8385139343500378  -0.4121273900581494
 102.8748010045390311  91.9824195686169298 138.1465392941791957   0.0999726099418505
 105.7604128110367846  91.2907798036017522 136.6309789347743658   0.0999726099418505
 109.0844410806042672  84.1287177560402093 135.2628172138153725   0.5972726104906286
 109.2790828723981592  82.6528416454477136 133.2275821675821876  -0.4157273900581494
 108.3890218633212426  83.2764512696417235 131.6515505718918575   0.2718726099418505
 111.1839268153907726  80.6894161923035303 132.8023937874498897   0.0336726099418505
 110.4639411583667752  79.5461318812811788 131.2565978099023098   0.0822726099418505
 113.5952173622742964  81.9441943452272442 131.8121772932751520  -0.1825273900581494
 114.9558201786975955  80.5061127573131664 131.2395902746970180   0.0602726099418505
 113.1322344594635810  83.1101553698566517 130.1775641874332790   0.0602726099418505
 114.4248071350657260  83.1271629050619435 133.2804944993319668   0.0602726099418505
 102.2625297371485491  72.9415390432263947 128.2897277796459572   0.5972726104906286
 101.1268043306618784  74.1263973291950244 126.6456660431344596  -0.5679273917044839
 104.7267326157818519  73.2703513905287050 128.7546004085905759  -0.4157273900581494
 106.3443381864184467  74.9975610769327187 127.3032907377390533  -0.0014273900581495
 105.7037210270191448  76.9326406380680823 127.6169852759699751   0.0875726099418505
 109.0901102590060312  74.7840220237996182 128.2387051740300815  -0.0152273900581495
 109.2450678019875753  75.7232159123584802 130.0641806193979995   0.0294726099418505
 109.5285267220757605  72.8092582138519202 128.5505099861270730   0.0294726099418505
 111.0762124257572707  75.8403789326616067 126.4510242513405812  -0.0011273900581495
 111.1291247575070633  78.4368626406693977 125.9256803861104622  -0.1906273900581494
 109.7647424888159169  79.6557359970486110 126.7968441338481565   0.1698726099418505
 112.9224748585983275  79.4516455745851080 124.2494933053223109  -0.2341273900581494
 112.9564899290089114  81.4566450026755563 123.8526508171988599   0.1655726099418506
 114.6648023540737163  77.8434886346181244 123.0381788534787784   0.3225726099418506
 116.3768942314063816  78.8204770458554175 121.3960068431012109  -0.5579273917044839
 117.3935668914560089  77.5524708099942586 120.6042115929882122   0.3991726099418505
 114.6062208439221597  75.2224384868693473 123.5351768267000775  -0.2341273900581494
 115.9346983160688053  73.9846678691509386 122.6092110210786737   0.1655726099418506
 112.8355474564379512  74.2360014449624566 125.2642762392380347  -0.1906273900581494
 112.8355474564379512  72.2480095520773004 125.6819057148346115   0.1698726099418505
 106.1478066684906380  74.4892247469079051 124.4535837277858138   0.5972726104906286
 105.4353799160023213  76.1843090890352651 123.0249507705413470  -0.5679273917044839
 106.6221279281048677  72.1346259840420210 123.6598987515388848  -0.4157273900581494
 107.1229053535940006  70.8326046777702784 124.9713686884802385   0.2718726099418505
 106.4331553147127533  71.3163745680541193 121.0199513424508854  -0.0275273900581495
 107.5839985302707857  72.5654835425760694 119.8502108655536308   0.1122726099418506
 107.4781738667712005  68.6178456488145767 120.7572794098358393  -0.0050273900581495
 106.6750402598546737  67.4273181844441833 122.2388246988301121   0.0338726099418505
 106.8318875289701348  67.8543962907103845 118.9544806780749639   0.0338726099418505
 110.3070938892513143  68.3759607036726563 120.7969636586481871  -0.1415273900581494
 111.7829699998438098  68.3343867287263917 122.8794418582294140  -0.1638273900581494
 114.5797646780472701  68.0395894518346787 119.6423409908222943   0.1379726099418505
 116.3655558746028537  67.6408572375772838 115.4622667825884923  -0.1134273900581494
 113.9126913527730652  67.7202257352019794 114.4399249441370877  -0.1972273900581494
 113.6651372292293808  67.6106216194345472 112.4141385285735140   0.1446726099418505
 111.7886391782455737  67.9847873939509558 116.0216257182291817  -0.2387273900581495
 109.9197000317974609  68.0641558915756514 115.2090434806430440   0.1699726099418505
 112.0626494676641611  68.1529730198699446 118.6710217579867787   0.1242726099418505
 103.7176188602679055  71.4751115633035105 120.0127273130708693   0.5972726104906286
 103.3529017164211080  72.2763554440861203 117.8641086988024049  -0.5679273917044839
 101.8014365604717640  70.8023690596275416 121.5188390418061148  -0.4157273900581494
 102.1812715133899366  70.1088395684784473 123.2630562634154068   0.2718726099418505
  99.1558199729820006  70.9497676980734049 120.7194848871574084   0.0336726099418505
  98.9385014675810663  69.8461676358633878 118.9922752007533948   0.0822726099418505
  97.4720739876581686  69.7705785905065394 122.7622788379262741  -0.1825273900581494
  97.6723849578538243  70.8023690596275416 124.5329522254105094   0.0602726099418505
  98.3337891047262653  73.6690836047860865 120.1034341674990793   0.5972726104906286
  97.3190061708105547  74.1377356859985523 118.0587504905962833  -0.5679273917044839
  98.8288973518136340  75.4813309672165595 121.7928493312246887  -0.4157273900581494
  99.6698254814085917  75.0032302553344826 123.4539186029414516   0.2718726099418505
  98.2355233457623609  78.1496242683133655 121.3449842374853352  -0.0024273900581495
  96.2834362494217053  78.3102509896966734 120.7175951610234915   0.0977726099418505
  98.5435487055915188  79.6311695573076383 123.8205254729221793  -0.0343273900581495
 100.4861871712625632  79.4138510519066906 124.4724809891250091   0.0294726099418505
  98.2430822502980416  81.6229409024606281 123.4085651757273666   0.0294726099418505
  96.7634266874376991  78.9470886968281415 125.9748132655924076   0.0117726099418505
  94.3048929872061603  78.0135639866710437 125.5231687195852471  -0.1256273900581494
  93.6321504835301914  77.7074283529758026 123.6258836811283010   0.1329726099418505
  92.6683901552303433  77.5052276566462299 127.5546243135505713  -0.1704273900581494
  95.8998218442356857  78.8903969128105019 130.5101559870034229  -0.1704273900581494
  97.5476630330150169  79.3703873508264957 128.4805901191720020  -0.1256273900581494
  99.4241610839988240  80.0771449249130483 128.8566456198223275   0.1329726099418505
  99.8361213811936637  79.2834599486661193 119.2095937061543291   0.5972726104906286
  98.8326768040814678  80.6648497525625574 117.6241134797944014  -0.5679273917044839
 102.2549708326128548  78.5634742916421219 119.0300697234318122  -0.4157273900581494
 102.9749564896368521  77.4353077896911321 120.4039006227925697   0.2718726099418505
 103.9424962702045341  79.3212544713445502 116.9702682374576547  -0.0518273900581495
 104.1106818961235362  81.3772765050508741 116.9948346771986276   0.0921726099418505
 106.5616566918193944  78.1477345421794486 117.4956121026877603  -0.1102273900581495
 107.0586546650406801  78.6107174449901504 119.4250224854213599   0.0456726099418505
 106.4369347669805871  76.0973816868748888 117.4105744266613007   0.0456726099418505
 108.7612979117037343  79.0472441819259628 115.8250942003013730   0.3530726099418505
 108.3928013155890898  80.9577573033203537 115.1447927920897235  -0.0361273900581495
 111.2066035289978285  79.0472441819259628 117.3671107255811059  -0.4121273900581494
 112.8185399212326592  79.5045579063349140 116.1765832612107257   0.0999726099418505
 111.0837713302929515  80.4569798778312208 118.8675532759145874   0.0999726099418505
 111.5146288888269998  77.1934228445492115 118.2118183074439106   0.0999726099418505
 109.1562506736932685  77.2746810683078374 113.5857687316046852  -0.4121273900581494
 110.6869288421694869  77.9663208333230150 112.3990207195021388   0.0999726099418505
 109.6324616594414287  75.3830652082526552 114.2509523307449732   0.0999726099418505
 107.4441587963606166  77.1858639400135308 112.4708303125911536   0.0999726099418505
 102.8540140170658920  78.5351283996333020 114.3945715169229759   0.5972726104906286
 102.5081941345583031  80.1243880782610769 112.7353919713401166  -0.5679273917044839
 102.1623742520507144  76.1276173050176254 114.0808769786920542  -0.4157273900581494
 102.4647304334781217  74.9049644963705783 115.5302969234096600   0.2718726099418505
 101.0398769285015019  75.1411802631107348 111.7432857510314620  -0.0518273900581495
 102.2474119280771740  75.6532960454033955 110.1521363462697702   0.0921726099418505
 100.8773604809842637  72.2385609214076894 111.9058021985487002  -0.1102273900581495
 100.5750042995568698  71.6754225334991662 113.8654481994250367   0.0456726099418505
  99.2219603876692514  71.6149512972136795 110.8456658374188647   0.0456726099418505
 103.1677085552968272  70.8174868686989167 110.8003124102047664   0.3530726099418505
 103.1110167712791876  70.9951211252875167 108.7480698287662761  -0.0361273900581495
 105.7509641803671734  71.7491218527220979 111.6941528715495164  -0.4121273900581494
 107.2343991954953631  70.5094615088697455 110.9855055713290470   0.0999726099418505
 106.0892251583390815  73.6275096298398218 110.9420418702488521   0.0999726099418505
 105.8303326779918690  71.7906958276683626 113.7501749052558404   0.0999726099418505
 102.9617284066994074  68.0150230120936924 111.4692754616128880  -0.4121273900581494
 104.4867373967738618  66.9662250077673982 110.5678760957324435   0.0999726099418505
 103.0864503315382147  67.7769175192196192 113.5139591385156839   0.0999726099418505
 101.1608194010724488  67.2723606414626391 110.8040918624726000   0.0999726099418505
  98.4377240420919336  76.2976926570705445 111.1801473631229389   0.5972726104906286
  97.9104904507278977  76.8816180324522066 108.9918445000421268  -0.5679273917044839
  96.8371260066606308  76.7002043235957731 113.0944399367851635  -0.4157273900581494
  97.3284548014801525  76.1219481266158615 114.8556646935997744   0.2718726099418505
  94.3918203893665365  77.9436441197159591 112.7448406020097276   0.0336726099418505
  93.3165662191653393  76.8929563892557345 111.3332151799705526   0.0822726099418505
  92.9291723617114859  77.8661653482251804 115.2449482771875445  -0.1825273900581494
  91.0640126675312069  78.6995345732844572 114.9841660707064154   0.0602726099418505
  92.7118538563105381  75.9140782518845247 115.8685579013815545   0.0602726099418505
  93.9401758433593492  78.9300811616228497 116.6924784957712203   0.0602726099418505
  94.6922868446600137  80.6667394786964743 111.7584035601028371   0.5972726104906286
  93.3430223850402423  81.4245196583989027 110.0141863384935180  -0.5679273917044839
  96.5177622900279449  82.0934827098070244 112.7769659462863945  -0.4157273900581494
  97.5155376887383634  81.3867251357204717 114.2566215091467372   0.2718726099418505
  97.1073568438113711  84.6521718951363979 111.8812357588077141  -0.0249273900581495
  95.3574704438002881  85.7330952437393591 111.9152508292182980   0.0842726099418505
  98.9951932515987061  85.9749801888812795 113.6556885985597698   0.2116726099418505
  98.9403911937149832  87.9988768783109365 113.2664050149719995   0.0351726099418505
  98.4320548636901696  85.6801829119895665 115.6115551471682723   0.0351726099418505
 101.5179776403835654  85.1529493206255306 113.3476632387306118  -0.6546273911557058
 101.6294714822849280  83.3350327797932801 113.5782098270690044   0.4274726099418505
  98.0371021017006219  84.6408335383328698 109.1279047816844488   0.5972726104906286
  96.9561787530976742  85.9674212843455853 107.5537629121280488  -0.5679273917044839
  99.8474597379971916  83.0043307063570665 108.4476033734727991  -0.4157273900581494
 100.7280721164044837  81.9989964031109671 109.8195445466996263   0.2718726099418505
 100.7375207470740947  82.7359895953402430 105.8284429518579521  -0.0275273900581495
 101.4707344870355370  84.5520164100385767 105.1878257924586370   0.1122726099418506
 102.9258236101549068  80.8443737352850743 105.6942723963495338  -0.0050273900581495
 102.5157530390939974  79.2324373430502436 106.9131457527287471   0.0338726099418505
 103.0354277259223390  80.1224983521271600 103.7648620136159341   0.0338726099418505
 105.4958511522878082  81.8761642044060766 106.3065436637400292  -0.1415273900581494
 106.8961382175234553  81.2601134847477476 108.3474478883749780  -0.1638273900581494
 106.2725285933294454  79.9977764272883527 109.8214342728335566   0.2061726099418505
 109.2526267065232562  82.3750519037612926 108.1868211669916699  -0.3418273900581494
 110.6661418546963479  82.0367909257893846 109.4321506892457728   0.3411726099418505
 109.4775041164598846  83.8112437655414403 106.0249744697857608   0.1379726099418505
 111.4768343661485689  85.2153102830449344 104.9894045483969114  -0.2601273900581494
 113.2569563843023883  85.2663328886608101 105.9304881630896903   0.1571726099418505
 111.1102274961678409  86.5211110415845107 102.6990564740843479  -0.1134273900581494
 112.6220084033048505  87.5925857595178609 101.8921434148999741   0.1416726099418505
 108.7518492810341233  86.4304041871563007 101.4688447609016201  -0.1972273900581494
 108.4835081700172999  87.4432973949380941  99.7454145267654402   0.1446726099418505
 106.7506293052115223  84.9885431469743755 102.4779585164155665  -0.2387273900581495
 104.9799559177273004  84.8921671141444014 101.5179776403835654   0.1699726099418505
 107.0737724741120552  83.5920355340065756 104.8193291963440057   0.1242726099418505
  98.6266966554840614  81.9782094156378280 103.9878496974186458   0.5972726104906286
  98.5227617181183931  82.9665361836786490 101.8826947842303765  -0.5679273917044839
  96.9146047781513961  80.2812353473765378 104.7418504248532270  -0.4157273900581494
  97.1243643790166630  79.4610942052547192 106.4652806589894068   0.2718726099418505
  94.7886628774899877  79.5140065370045118 103.1582599246272160   0.0336726099418505
  95.5237663435853602  78.8696099253373628 101.3441228360628127   0.0822726099418505
  93.4205011565310076  77.2954680557809630 104.4243764343544580  -0.1825273900581494
  91.8576976437781359  76.6737481577208700 103.2338489699840646   0.0602726099418505
  94.7319710934723615  75.7288850907602441 104.6889380931034344   0.0602726099418505
  92.6853976904356351  77.8680550743591107 106.2630799626598342   0.0602726099418505
  92.9915333241308896  81.7325450182280606 102.6272468809953465   0.5972726104906286
  92.3830415090082414  82.2408813482528875 100.4389440179145346  -0.5679273917044839
  92.2016278001517943  83.1177142743923459 104.5831134296038492  -0.4157273900581494
  92.8006709846048315  82.6604005499833945 106.3500073648202106   0.2718726099418505
  90.5518968852385461  85.3097965897409917 104.2731983436407611   0.0336726099418505
  88.8908276135217698  84.7126431314218848 103.2130619825109390   0.0822726099418505
  89.6958509465722267  86.1639528022733939 106.9018073959252192  -0.1825273900581494
  88.7528776057455177  87.9932076999091726 106.7884238278899398   0.0602726099418505
  88.3862707357647899  84.7768938199752053 107.6841540153686203   0.0602726099418505
  91.3229051478784191  86.2867850009782846 108.1603650011167669   0.0602726099418505
  91.8180133949657881  87.4225104074649553 102.7160640092896399   0.5972726104906286
  90.6426037396667696  88.4391830675145825 100.9794056922160151  -0.5679273917044839
  94.2463114770545903  87.9346261897576160 103.1752674598325081  -0.4157273900581494
  95.0929087850513119  87.0615727158859914 104.6624819272285314   0.2718726099418505
  95.8147841682092396  89.6410488886885038 101.6578173742937479  -0.0024273900581495
  95.0740115237121030  91.5591209146185756 101.7957673820700000   0.0977726099418505
  98.4736288386364341  89.5994749137422393 102.8199989466553082  -0.0343273900581495
  98.3791425319403770  90.4120571513283770 104.7135045328444071   0.0294726099418505
  99.0859001060269162  87.6492775435355006 103.0354277259223390   0.0294726099418505
 100.4729590883251184  90.9714160869690665 101.3138872179200759   0.0117726099418505
 101.0587741898407107  93.4942004757539392 101.8940331410339044  -0.1256273900581494
 100.1025727660765569  94.4315046381788709 103.3963654175013028   0.1329726099418505
 102.9428311453601986  94.7659861638829451 100.5277611462088412  -0.1704273900581494
 103.4190421311083454  96.6500431194024331 101.0436563807693358   0.1429726099418505
 104.1919401198821487  93.5452230813698149  98.5208719919844628  -0.1072273900581494
 105.6016758157873934  94.5222114926070946  97.4626253569885708   0.1296726099418505
 103.5910072092951812  91.0243284187188591  97.9218288075314256  -0.1704273900581494
 104.5207524671844456  90.0908037085617610  96.3987095435909017   0.1429726099418505
 101.7636420377933331  89.7241968385810332  99.3447925863741286  -0.1256273900581494
 101.3403433837949789  87.8004556342492109  98.9120453017061633   0.1329726099418505
  95.8431300602180593  88.9191735055305896  98.8345665302153980   0.5972726104906286
  95.3801471574073441  90.5084331841583645  97.1886150675699834  -0.5679273917044839
  96.2550903574128854  86.4946548757096211  98.2374130718962777  -0.4157273900581494
  96.6632712023398779  85.2644431625268798  99.6547076723372166   0.2718726099418505
  96.2664287142164135  85.5573507132846761  95.6295910070849454  -0.0518273900581495
  97.6629363271842133  86.6458329664233181  94.5751238243568870   0.0921726099418505
  97.0620034165972592  82.7586663089472988  95.6295910070849454  -0.1102273900581495
  98.9441706459828304  82.5961498614300740  96.4554013276085413   0.0456726099418505
  95.7580923841915997  81.7079785784870877  96.8295671021249499   0.0456726099418505
  97.0676725949990233  81.5246751434967238  92.9896435979969593   0.3530726099418505
  95.2214101621579663  81.7382141966298245  92.1071414934557371  -0.0361273900581495
  99.0764514753573184  82.6792978113226166  91.2586544593250986  -0.4121273900581494
  99.0915692844286801  81.6947504955496429  89.4520762752963760   0.0999726099418505
  98.6550425474928813  84.6653999780738427  90.9128345768175099   0.0999726099418505
 100.9359419911358202  82.5224505422071423  92.1335976593306401   0.0999726099418505
  97.5854575556934480  78.6938653948826932  93.2239696386031989  -0.4121273900581494
  97.5457733068811002  77.8170324687432348  91.3625893966907669   0.0999726099418505
  99.4317199885345049  78.3858400350535220  94.0856847556712822   0.0999726099418505
  96.1379273371097723  77.8227016471449989  94.4031587461700646   0.0999726099418505
  93.7001806243513591  85.9409651184706957  94.3237902485453690   0.5972726104906286
  93.6208121267266635  86.7063042027088049  92.1260387547949459  -0.5679273917044839
  91.6063640679666043  85.4760924895260635  95.6579368990937651  -0.4157273900581494
  91.8047853120283433  84.8411445085285258  97.4607356308546407   0.2718726099418505
  89.0533440610389947  85.9163986787297230  94.6526025958476659  -0.0597273900581495
  88.8813789828521587  84.9053951970818462  92.8705908515599293   0.0868726099418505
  87.0256679193414907  84.8940568402783184  96.4950855764208891   0.1302726099418505
  87.3903850631882881  85.6877418165252474  98.3602452706011549   0.0186726099418505
  87.1258234044393119  81.9819888679056753  96.7558677829020183  -0.0430273900581495
  88.9550783020750903  81.4339682890685137  97.5041993319348355   0.0235726099418505
  85.7141979824001369  81.4018429447918468  98.1391473129323733   0.0235726099418505
  88.6565015729155301  88.7150830830670868  94.0025368057787530   0.5972726104906286
  87.7116385059549041  89.2801111971095400  91.9465147720724290  -0.5679273917044839
  89.4671940843677511  90.4668592092120865  95.6390396377545563  -0.4157273900581494
  90.2495407038111522  89.8829338338304244  97.2944397310695686   0.2718726099418505
  89.3405824333950268  93.2031826511300600  95.1136957725244508  -0.0875273900581495
  87.3828261586526074  93.6907319936817479  94.7074046537313752   0.0968726099418505
  90.1758413845882206  94.7754347945525429  97.4305000127119039   0.2984726099418505
  92.0674572446433893  94.2066272282422425  98.0049767574239684  -0.0297273900581495
  90.2004078243291932  97.6194726261040319  96.8616924464016035  -0.3192273900581494
  90.6520523703363671  98.6720500826981732  98.5756740498681857   0.0790726099418505
  91.6460483167789521  98.0597788153076777  95.4614053811659564   0.0790726099418505
  88.3617042960238171  98.2260747150927498  96.1587143245828979   0.0790726099418505
  88.3673734744255812  94.3918203893665365  99.6641563030068277  -0.3192273900581494
  89.0533440610389947  95.4349492152910668 101.3044385872504649   0.0790726099418505
  86.4852062450400100  95.0683423453103390  99.1747172343212227   0.0790726099418505
  88.2483207279885378  92.4057182226152972 100.1706029068977246   0.0790726099418505
  90.8731503280051621  93.8815943332077927  92.7477586528550389   0.5972726104906286
  89.8961619167678692  95.1684978304081603  91.0715715720668875  -0.5679273917044839
  93.1842853897908511  92.8913778390330550  92.4926456247756737  -0.4157273900581494
  93.8948224161452374  91.8690360005816637  93.9552936524307243   0.2718726099418505
  94.7792142468203899  93.2882203271565196  90.2589893344807498   0.0212726099418505
  95.1118060463905340  95.3121170165861764  90.0378913768119684   0.1123726099418505
  97.3341239798819164  92.0013168299561519  90.7597667599698827  -0.1231273900581494
  98.1863904662804020  92.8403552334171793  92.4435127452937147   0.1111726099418505
  97.0582239643294121  89.9868687711960927  91.0980277379417905   0.1111726099418505
  99.4354994408023521  92.4340641146241171  88.0820248282034657  -0.3119273900581495
 101.5897872334725802  91.9068305232600812  89.3027879107165960   0.1932726099418505
  93.5168771893609952  92.3622545215351024  87.7966761819813639   0.5972726104906286
  93.4129422519953269  93.7398648731636935  85.9145089525957927  -0.5679273917044839
  92.4057182226152972  90.0889139824278441  87.8042350865170445  -0.4157273900581494
  92.5474476826593830  89.0193289906284108  89.3953844912787364   0.2718726099418505
  94.9001567193913503  84.6238260031275780  85.9182884048636399  -0.4121273900581494
  95.6919519695043489  86.4322939132902174  85.3305835772141306   0.0999726099418505
  94.9058258977931142  84.5312294225654376  87.9724207124360335   0.0999726099418505
  91.4230606329762404  99.9797405673716664  86.7176425595123328  -0.1102273900581495
  90.8448044359963422  99.6358104109980078  88.6678399297190582   0.0456726099418505
  93.1011374398983219  98.8383459824832318  86.3567048679333690   0.0456726099418505
  92.1298182070627929 102.7916530546465017  86.5078829586470659   0.3530726099418505
  92.7590970096585668 103.2036133518413278  84.5898109327169942  -0.0361273900581495
  89.9150591781070914 104.5320908239879735  87.1900740929926458  -0.4121273900581494
  90.5783530511134491 106.4822881941946988  87.2807809474208559   0.0999726099418505
  89.1440509154672182 104.0161955894274657  89.0306673474319387   0.0999726099418505
  94.2803265474651740 103.3566811686889550  88.3522556653542061  -0.4121273900581494
  94.8944875409895863 105.3125477172974443  88.1368268860871886   0.0999726099418505
  93.6548271971372473 103.0732222486007565  90.2948941310252505   0.0999726099418505
  95.8847040351643240 102.1208002771044497  87.9818693431056445   0.0999726099418505
 102.7746455194412098 114.2074886296647782  81.9101792748166605   0.0881726099418505
 105.4221518330648765 116.1917010702820874  82.4733176627251970   0.0881726099418505
 106.8791306823181632 110.2806377233764113  82.4752073888591139  -0.5679273917044839
 102.5100838606922334 107.6142341484135357  82.5659142432873374   0.0921726099418505
  98.7476391280550217 104.0294236723649105  83.1555087970707634  -0.4121273900581494
  97.8481294883085075 102.3532365915767591  83.9359656903802476   0.0999726099418505
 100.2291844170492811 104.6095695954787388  84.4650890078782002   0.0999726099418505
  97.3568006934889724 105.5393148533679896  82.9967718018213856   0.0999726099418505
 105.3484525138419451 103.9462757224723811  83.4068423728822950  -0.5679273917044839
 111.6431302659336407 102.1812715133899366  83.6921910191043969  -0.5679273917044839
 112.9016878711251884 107.3307752283253372  84.2647780376825445  -0.0024273900581495
 114.7347222210288141 106.3991402443021694  84.4121766761283942   0.0977726099418505
 113.3552221432662927 110.1332390849305614  83.6411684134885346  -0.0343273900581495
 111.5448645069697364 111.0573151644180485  83.3218046968558353   0.0294726099418505
 114.7668475653054676 111.6412405397997240  85.6310500325076077   0.0117726099418505
 117.3916771653220920 112.0361933017892581  85.4099520748388262  -0.1256273900581494
 118.6729114841206956 113.5498639350601846  87.1844049145908819  -0.1704273900581494
 120.6779109122111437 113.8919043652999263  86.9878733966630598   0.1429726099418505
 117.3368751074383691 114.6459050927345075  89.2026324256187747  -0.1072273900581494
 118.3081943402738980 115.8024174866943171  90.5821325033812827   0.1296726099418505
 114.7290530426270502 114.2169372603343894  89.4520762752963760  -0.1704273900581494
 113.7086009303095622 115.0389681285901249  91.0205489664510118   0.1429726099418505
 113.4421495454266691 112.7410611497418805  87.6606159003390285  -0.1256273900581494
 111.4258117605326930 112.4727200387250705  87.8514782398650732   0.1329726099418505
 111.5505336853715003 106.9414916447375670  86.8026802355387790   0.5972726104906286
 112.6635823782511152 105.8530093915989250  88.5223310174071252  -0.5679273917044839
 109.1222356032826847 107.6312416836188277  86.9840939443952259  -0.4157273900581494
 108.3096533656965470 108.4853978961512302  85.4685335849903827   0.2718726099418505
 107.5953368870743136 107.3402238589949483  89.2971187323148320  -0.0597273900581495
 108.4135883030622152 108.5080746097582860  90.7881126519787026   0.0868726099418505
 104.8609031712902704 108.2624102123485183  88.8171282942988382   0.1302726099418505
 104.1730428585429266 107.3288855021914204  87.1125953215018671   0.0186726099418505
 103.0618838917972286 107.5480937337262849  90.9922030744422055  -0.3204273900581494
 101.1891652930812686 108.3436684361071308  90.6879571668808813   0.0881726099418505
 102.8540140170658920 105.5052997829574194  91.1358222606202082   0.0881726099418505
 103.7932079056247540 108.2586307600806713  92.7761045448638588   0.0881726099418505
 104.8079908395404778 111.1499117449801887  88.3617042960238171  -0.0430273900581495
 104.9875148222629947 112.1457974175566905  90.1512749448472479   0.0235726099418505
 106.4029196965700032 111.7130501328887254  87.1900740929926458   0.0235726099418505
 102.4023694710587181 112.0343035756553414  87.0124398364040459  -0.0660273900581495
 100.7469693777437058 111.7319473942279341  88.1972981223726619   0.0185726099418505
 102.5611064663081091 114.0449721821475534  86.5985898130752894   0.0185726099418505
 102.1661537043185616 111.0100720110700198  85.2436561750537543   0.0185726099418505
 107.6614773017615644 104.5963415125412940  90.2457612515433050   0.5972726104906286
 108.3682348758481035 104.1239099790609810  92.4076079487492141  -0.5679273917044839
 107.0851108309155831 102.7576379842359178  88.6054789672996544  -0.4157273900581494
 106.5786642270246863 103.2584154097250507  86.8234672230119180   0.2718726099418505
 107.0983389138530279 100.0609987911302921  89.2933392800469982  -0.0597273900581495
 105.8341121302597162  99.8021063107830799  90.8996064938800517   0.0868726099418505
 106.0967840628747623  98.4301651375562527  87.0785802510912833   0.1302726099418505
 107.1134567229244030  98.9725165379916501  85.3664883737586313   0.0186726099418505
 106.5484286088819497  95.5842375798708470  87.5340042493663044  -0.3204273900581494
 105.8000970598491324  94.4655197085894548  85.9806493672830435   0.0881726099418505
 108.5647663937759256  95.1817259133456185  87.6492775435355006   0.0881726099418505
 105.6470292430015051  95.0040916567570185  89.2952290061809151   0.0881726099418505
 103.2414078745197589  98.9271631107775384  86.6760685845660547  -0.0430273900581495
 102.1793817872560064  98.1656034788072763  88.2709974415955936   0.0235726099418505
 102.8974777181460869 100.9548392524750424  86.6174870744144982   0.0235726099418505
 102.1907201440595343  97.8046657872283125  84.2156451582005855  -0.0660273900581495
 102.2133968576665901  95.7486437535219888  84.2780061206199893   0.0185726099418505
 100.2386330477188787  98.4131576023509609  83.9699807607908315   0.0185726099418505
 103.3151071937426769  98.4528418511632951  82.6150471227692961   0.0185726099418505
 109.7307274184053331  99.2106220308657235  90.1777311107221375   0.5972726104906286
 109.9140308533956970  97.8254527747014516  92.0353319003667358  -0.5679273917044839
 111.7546241078349899 100.0666679695320563  88.9286221362001873  -0.4157273900581494
 111.4749446400146520 101.2439673509649915  87.4395179426702471   0.2718726099418505
 114.3662256249141694  99.4714042373468527  89.6278208057510590  -0.0252273900581495
 114.6780304370111745  97.4418383695154319  89.4690838105016680   0.0697726099418505
 115.6323421346413980 100.4389440179145346  88.3239097733453862   0.0697726099418505
 115.0389681285901249 100.3123323669418103  92.3131216420531568   0.5972726104906286
 116.0216257182291817  98.8100000904744119  93.7927772049134995  -0.5679273917044839
 114.3983509691908230 102.6499235946024025  93.0066511332022511  -0.4157273900581494
 113.5441947566584207 103.7913181794908371  91.7235270882697173   0.2718726099418505
 114.7555092085019397 103.5985661138308755  95.5899067582726110  -0.0275273900581495
 116.7113757571104424 103.2867613017338572  96.1587143245828979   0.1122726099418506
 114.2622906875485011 106.4539423021858789  95.6295910070849454  -0.0050273900581495
 112.5388604534123079 106.8829101345860105  94.5807930027586511   0.0338726099418505
 113.9599345061210938 107.0321984991657905  97.5835678295595311   0.0338726099418505
 116.4014606711473543 107.9997382797334724  94.5978005379639430  -0.1415273900581494
 117.0326291998770450 108.2454026771432265  92.1354873854645569  -0.1638273900581494
 116.0405229795683905 107.4063642736821991  90.5764633249795188   0.2061726099418505
 119.1755786357437452 109.6929328957269020  91.8879332619208725  -0.3418273900581494
 119.8842259359642147 110.2144973086891739  90.1947386459274293   0.3411726099418505
 120.0788677277581067 110.4563822538310944  94.1952888714387144   0.1379726099418505
 122.1783534625446120 111.9020227462808532  94.9152745284627119  -0.2601273900581494
 123.4463596984057841 112.6201186771709202  93.5263258200305928   0.1571726099418505
 122.5978726642751458 112.3612261968237214  97.4947507012652244  -0.1134273900581494
 124.2098090565099631 113.4251420102213773  98.0786760766469001   0.1416726099418505
 120.8971191437460083 111.4258117605326930  99.3107775159635448  -0.1972273900581494
 121.2221520387804580 111.8094261657187128 101.2496365293667554   0.1446726099418505
 118.8033025873612669 109.9518253760741145  98.6077993941448393  -0.2387273900581495
 117.5579730651071640 109.2186116361126723 100.0080864593804861   0.1699726099418505
 118.3327607800148709 109.4132534279065641  95.9697417111907701   0.1242726099418505
 113.0982193890529971 102.1793817872560064  97.4966404273991547   0.5972726104906286
 113.9977290287995247 101.4234913336875083  99.5035295816235196  -0.5679273917044839
 110.7228336387139875 101.6502584697580536  96.8427951850623947  -0.4157273900581494
 110.0538705873058658 102.3059934382287305  95.1666081042742434   0.2718726099418505
 108.9710575125689878 100.3520166157541581  98.5435487055915188  -0.0275273900581495
 109.0655438192650585 101.2760926952416584 100.3841419600308251   0.1122726099418506
 106.2479621535884591 100.6864981414582190  97.5873472818273647  -0.0050273900581495
 106.1799320127673050 100.2272946909153508  95.5785684014690831   0.0338726099418505
 105.0668833198876767  99.3164466943653087  98.5454384317254489   0.0338726099418505
 105.0347579756110231 103.2395181483858285  97.9841897699508293  -0.1415273900581494
 106.0608792663302616 105.5128586874931002  97.4153822036405289  -0.1638273900581494
 107.9165903298409296 105.7944278814473685  96.6103588705900853   0.2061726099418505
 104.3393387583279985 107.4195923566196439  97.8481294883085075  -0.3418273900581494
 104.6322463090857948 109.2318397190501171  97.2755424697303599   0.3411726099418505
 102.1132413725687690 106.4936265509982267  98.8137795427422589   0.1379726099418505
  99.8417905595954277 107.6595875756276340  99.5394343781680204  -0.2601273900581494
  99.6244720541944799 109.6551383730484845  99.3580206693115868   0.1571726099418505
  97.8613575712459523 106.1685936559637771 100.4937460757982573  -0.1134273900581494
  96.1265889803062444 107.0397574037014714 101.0455461069032525   0.1416726099418505
  98.1542651220037484 103.5343154252775416 100.7167337596009556  -0.1972273900581494
  96.6500431194024331 102.4174872801300930 101.4707344870355370   0.1446726099418505
 100.4143775781735619 102.3475674131749952  99.9513946753628599  -0.2387273900581495
 100.6052399176996065 100.3482371634863111 100.1195803012818487   0.1699726099418505
 102.5025249561565392 103.8234435237675041  98.9479500982506640   0.1242726099418505
 109.6910431695929853  97.5665602943542393  99.0310980481432067   0.5972726104906286
 109.0806616283364202  96.5876821569830295 101.0493255591710997  -0.5679273917044839
 111.0818816041590212  96.2853259755556222  97.3360137060158467  -0.4157273900581494
 111.4220323082648594  97.1054671176774542  95.6333704593527924   0.2718726099418505
 112.2667398901276506  93.8116744662527082  97.9237185336653559  -0.0875273900581495
 111.0497562598823676  92.8384655072832624  99.2692035410172800   0.0968726099418505
 112.4859481216625153  92.0372216265006525  95.6201423764153476   0.2984726099418505
 113.2758536456415971  90.2570996083468331  96.2947746062252332  -0.0297273900581495
 109.8837952352529602  91.4249503591101707  94.5146525880714137  -0.3192273900581494
 110.0784370270468387  90.0624578165529411  92.9839744195951954   0.0790726099418505
 108.7121650322217755  90.6029194908544218  95.9886389725299923   0.0790726099418505
 108.9899547739081967  93.1332627841749754  93.7871080265117355   0.0790726099418505
 114.2226064387361533  92.9801949673273617  93.5074285586913840  -0.3192273900581494
 114.3643358987802393  91.5458928316811308  92.0353319003667358   0.0790726099418505
 113.4572673544980442  94.6960662969278473  92.6835079643017184   0.0790726099418505
 116.1142222987913221  93.3524710157098400  94.2330833941171455   0.0790726099418505
 114.8348777061266353  94.0422210545911008  99.2484165535441544   0.5972726104906286
 115.4830537700616179  92.3792620567403942 100.7450796516097755  -0.5679273917044839
 116.2672901156389494  96.0850150053599663  98.8081103643404950  -0.4157273900581494
 115.6663572050519818  97.3643595980246665  97.5155376887383634   0.2718726099418505
 118.6634628534510845  96.6046896921883213 100.1176905751479186  -0.0518273900581495
 119.9163512802408816  94.9984224783552546  99.8153343937205247   0.0921726099418505
 119.9201307325087289  98.9479500982506640  98.9214939323757744  -0.1102273900581495
 120.2621711627484705  98.4944158261095732  96.9410609440262991   0.0456726099418505
 118.6218888785048199 100.5390995030123693  98.9668473595898862   0.0456726099418505
 122.4353562167579210  99.7737604187742600 100.1479261932906686   0.3530726099418505
 123.4274624370665620  98.1221397777270815 100.8792502071181940  -0.0361273900581495
 124.1209919282156699 101.0285385716979741  98.1599343004055124  -0.4121273900581494
 125.9011139463694759 101.6067947686778722  99.0216494174735957   0.0999726099418505
 124.5272830470087455  99.6962816472834813  96.6443739410006691   0.0999726099418505
 123.1780185873889741 102.6896078434147503  97.3851465854977921   0.0999726099418505
 122.0725287990450268 101.7088399799096236 102.2757578200859939  -0.4121273900581494
 123.9055631489486389 102.3003242598269665 103.0033023816456721   0.0999726099418505
 121.0766431264685252 103.3717989777603167 101.5727796982672884   0.0999726099418505
 121.0105027117812878 100.9000371945913197 103.8385613328388658   0.0999726099418505
 118.2855176266668422  96.8560232679998395 102.9844051203064633   0.5972726104906286
 119.7727320940628656  95.8128944420753092 104.4300456127562221  -0.5679273917044839
 116.2313853190944352  98.0730068982451359 103.8121051669639762  -0.4157273900581494
 115.1429030659557932  98.9800754425273310 102.5214222174957613   0.2718726099418505
 115.4792743177937843  98.1618240265394293 106.4879573725964628  -0.0014273900581495
 116.8852305614311951  99.1936144956604317 107.5877779825386327   0.0875726099418505
 112.8997981449912717  99.5129782122931174 106.7865341017560228  -0.0152273900581495
 111.6450199920675576  98.8969274926348017 105.2671942900833326   0.0294726099418505
 112.0532008369945501  98.8156692688761758 108.5326410494992586   0.0294726099418505
 112.8053118382952144 102.4004797449248012 106.8942484913895384  -0.0011273900581495
 114.0600899912189151 103.8706866771155327 105.0498757846823982  -0.1906273900581494
 115.2071537545091271 102.9655078589672546 103.6684859807859601   0.1698726099418505
 113.8011975108717026 106.5181929907391994 104.9459408473167165  -0.2341273900581494
 114.7385016732966477 107.5802190780029519 103.5154181639383328   0.1655726099418506
 112.1609152266280655 107.8315526538144700 106.8961382175234553   0.3225726099418506
 111.8396617838614494 110.3902418391438436 106.8545642425771906  -0.5579273917044839
 112.1382385130210097 111.0195206417396308 105.1727079833872753   0.3991726099418505
 110.8985781691686707 106.1799320127673050 108.8709020274711667  -0.2341273900581494
 109.6910431695929853 106.9906245242195124 110.2655199143050496   0.1655726099418506
 111.2765233959529130 103.5475435082149998 108.7707465423733320  -0.1906273900581494
 110.3222116983226895 102.3910311142551900 110.1237904542609504   0.1698726099418505
 115.2506174555893085  95.4954204515765402 107.6047855177439247   0.5972726104906286
 116.3957914927455903  94.8982669932574333 109.5360856266114411  -0.5679273917044839
 113.8276536767466056  93.8400203582615281 106.3348895557488489  -0.4157273900581494
 112.9848358210177313  94.4144971029735925 104.7229531635140183   0.2718726099418505
 113.4667159851676418  91.2416469241198068 107.1852663160134044  -0.0252273900581495
 112.5861036067603500  91.2492058286554875 109.0485362840597666   0.0697726099418505
 112.2157172845117750  90.2873352264895697 105.8662374745363698   0.0697726099418505
 115.9517058512740973  89.7789988964647560 107.3421135851288652   0.5972726104906286
 116.4109093018169520  88.5242207435410421 109.2412883497197281  -0.5679273917044839
 117.6052162184551927  89.9641920575890368 105.4334901898684046  -0.4157273900581494
 117.1611305769836994  91.0696818459329708 103.9273784611331723   0.2718726099418505
 120.0221759437404668  88.5865817059604456 105.4504977250736965  -0.0597273900581495
 119.5743108500011402  86.6779583106999850 106.0684381708659424   0.0868726099418505
 121.1522321718253870  88.3503659392202892 102.7595277103698347   0.1302726099418505
 119.5988772897421128  88.3371378562828444 101.3989248939465356   0.0186726099418505
 122.9210158331756651  90.5348893500332541 102.0357626010779902  -0.3204273900581494
 123.4369110677361597  90.3856009854534740 100.0458809820589172   0.0881726099418505
 121.9723733139472056  92.3263497249906016 102.3230009734340225   0.0881726099418505
 124.6406666150439979  90.4895359228191423 103.1714880075646608   0.0881726099418505
 122.6299980085517993  85.8521479901763891 102.4288256369336211  -0.0430273900581495
 123.7147008094225941  85.9428548446046126 100.6770495107886214   0.0235726099418505
 123.9603652068323484  85.6140424973023157 103.9859599712847289   0.0235726099418505
 120.9235753096209114  83.5126670363818800 102.2530811064789379  -0.0660273900581495
 119.5686416715993760  83.7451033508542029 100.7186234857348859   0.0185726099418505
 122.0857568819824850  81.8553772169329510 101.8675769751590014   0.0185726099418505
 119.9125718279730346  83.2046416765527222 104.0180853155613824   0.0185726099418505
 121.8816664595189821  89.6032543660100729 107.4441587963606166   0.5972726104906286
 123.2403795498083510  88.0952529111409239 108.5855533812490512  -0.5679273917044839
 121.8363130323048703  92.0750161491790700 107.9959588274656252  -0.4157273900581494
 120.7138157087556445  93.2296388170049630 106.9490505492732479   0.2718726099418505
 123.2271514668709197  93.2164107340675182 110.1086726451895888  -0.0518273900581495
 125.2113639074882286  92.7194127608462190 109.9102514011278497   0.0921726099418505
 123.0211713182734864  96.1190300757705502 109.9423767454045167  -0.1102273900581495
 123.8696583524041517  96.7369705215628095 108.1679239056524612   0.0456726099418505
 121.0293999731205100  96.6424842148667388 109.8970233181904049   0.0456726099418505
 124.2721700189293668  97.5722294727560032 112.1420179652888567   0.3530726099418505
 123.3462042133079631  97.0695623211329400 113.9108016266391485  -0.0361273900581495
 127.1010900414094805  97.0166499893831474 112.3876823626986110  -0.4121273900581494
 127.9004441960581737  98.1863904662804020 113.8843454607642455   0.0999726099418505
 127.3939975921672768  95.0437759055693663 112.8941289665895078   0.0999726099418505
 128.0610709174414682  97.4286102865779872 110.6132295229465553   0.0999726099418505
 123.9660343852341123 100.4124878520396450 111.7262782158261702  -0.4121273900581494
 124.7049173035973320 101.4404988688928002 113.3514426909984456   0.0999726099418505
 124.9600303316767107 101.0058618580909181 110.0236349691631292   0.0999726099418505
 121.9667041355454416 100.8698015764485829 111.5316364240322916   0.0999726099418505
 122.3011856612494890  92.1846202649465024 112.6654721043850320   0.5972726104906286
 123.8337535558596375  91.4400681681815322 114.2490626046110429  -0.5679273917044839
 119.8086368906073663  91.9861990208847768 113.0282995220979127  -0.4157273900581494
 118.6275580569065839  92.6986257733730933 111.6941528715495164   0.2718726099418505
 118.7220443636026544  90.8088996394518414 115.2884119782677396  -0.0024273900581495
 119.4684861865015416  91.7858880506891211 116.9419223454488350   0.0977726099418505
 115.8213147480335258  91.1131455470131656 115.2959708828034204  -0.0343273900581495
 115.3677804758924218  93.1068066183000858 115.4830537700616179   0.0294726099418505
 115.0937701864738476  90.4989845534887535 113.4723851635694058   0.0294726099418505
 114.3681153510480863  89.7355351953845611 117.3708901778489529   0.0117726099418505
 112.2856371514668594  88.1954083962387452 116.7397216491192623  -0.1256273900581494
 111.7395062987636284  87.9875385215074084 114.8140907186534963   0.1329726099418505
 110.8929089907669068  86.9462994217167951 118.6332272353083478  -0.1704273900581494
 109.3206568473444237  85.7765589448195405 118.1456778927566732   0.1429726099418505
 111.5599823160410981  87.2524350554120360 121.1862472422359708  -0.1072273900581494
 110.5036254071791230  86.3132411668531742 122.6262185562839655   0.1296726099418505
 113.6065557190778243  88.8209077465666852 121.8344233061709400  -0.1704273900581494
 114.0903256093616651  89.0741310485121337 123.7770617718419979   0.1429726099418505
 115.0068427843134714  90.0586783642850941 119.9390279938479376  -0.1256273900581494
 116.5431901311914401  91.2529852809233347 120.4643718590780432   0.1329726099418505
 119.5062807091799724  88.0177741396501452 115.5473044586149518   0.5972726104906286
 120.2829581502216096  87.2429864247424384 117.6033264923212624  -0.5679273917044839
 119.4911629001085973  86.5456774813254968 113.4704954374354890  -0.4157273900581494
 118.8221998487004757  87.2977884826261479 111.8396617838614494   0.2718726099418505
 120.3547677433106109  83.8943917154339829 113.4988413294443088  -0.0237273900581495
 119.1850272664133564  82.8418142588398417 114.8310982538587881   0.0879726099418505
 120.1809129389898580  82.5678039694212541 110.9004678953025874   0.0341726099418505
 121.4867136975294344  83.4862108705069904 109.5984465890308449   0.0240726099418505
 120.8536554426658269  80.6365038605537377 111.1574706495158830   0.0240726099418505
 117.6297826581961654  82.3920594389665845 109.5379753527453714   0.0017726099418505
 117.0779826270911568  84.2439910502094054 108.8784609320068475   0.0439726099418505
 117.9472566486949342  81.2525545802120667 107.8504499151536922   0.0439726099418505
 114.9822763445724851  80.9823237430613264 111.1877062676586198  -0.2737273900581494
 113.8106461415413138  83.6808526623008690 112.9243645847322444  -0.0536273900581495
 111.9738323393698545  83.2348772946954590 113.7388365484523125   0.0683726099418505
 115.1069982694112924  84.1513944696472650 114.4531530270745459   0.0683726099418505
 113.6141146236135051  85.2927890545356997 111.6601378011389328   0.0683726099418505
 123.1024295420321123  83.6978601975061608 114.4077995998604341   0.5972726104906286
 123.6391117640657592  82.3391471072167919 116.2200469622909073  -0.5679273917044839
 124.8485364897753347  85.0376760264563344 113.1473522685349561  -0.4157273900581494
 124.2759494711972005  86.1809603374786860 111.7149398590226421   0.2718726099418505
 127.5716318487558634  84.8505931391981369 113.6991522996399647  -0.0875273900581495
 128.0402839299683425  82.8455937111076887 113.7501749052558404   0.0968726099418505
 129.1722298841871796  86.0486795081041978 111.5713206728446260   0.2984726099418505
 128.4144497044847377  85.3986137180352983 109.7685219410837640  -0.0297273900581495
 129.1382148137765957  88.9399604930037152 111.5656514944428620  -0.3192273900581494
 130.1567771999601533  89.6486077932241847 109.9215897579313778   0.0790726099418505
 127.1955763481055378  89.5749084740012666 111.4560473786754298   0.0790726099418505
 130.0074888353803597  89.6901817681704628 113.2758536456415971   0.0790726099418505
 128.2179181865569290  85.8861630605869729 116.3220921735226587   0.5972726104906286
 129.9810326695054703  84.9545280765638052 117.5050607333573580  -0.5679273917044839
 126.7307037191609191  87.6776234355443205 117.3047497631617155  -0.4157273900581494
 125.3587625459340920  88.4429625197824296 116.2068188793534625   0.2718726099418505
 126.9555811290975477  88.5544563616837787 119.9087923757052010   0.0212726099418505
 128.9057784993042729  89.0911385837174256 120.2357149968735675   0.1123726099418505
 125.3398652845948698  90.9336215642906354 120.2829581502216096  -0.1231273900581494
 126.1127632733686732  92.4813072679721458 119.1566813744045365   0.1111726099418505
 123.3972268189238388  90.5859119556491298 119.6839149657685724   0.1111726099418505
 125.3889981640768152  91.7651010632159955 123.6145453243247731  -0.3119273900581495
 124.4271275619108974  94.1178100999479491 123.4123446279952004   0.1932726099418505
 126.3036256128947179  86.4908754234417741 121.8476513891083982   0.5972726104906286
 127.8853263869868120  85.8351404549710971 123.4293521632004923  -0.5679273917044839
 123.9584754806984449  85.5497918087489952 121.8041876880282168  -0.4157273900581494
 122.7603891117923706  86.1299377318628237 120.4227978841317785   0.2718726099418505
 122.9361336422470537  83.9869882959961233 123.8545405433327632  -0.0024273900581495
 123.5597432664410636  84.7579965586359831 125.6630084534954162   0.0977726099418505
 120.0354040266779250  84.0663567936208055 123.7959590331812201  -0.0343273900581495
 119.3607717968680260  84.2326526934058775 121.8533205675101622   0.0294726099418505
 119.3059697389843165  82.2843450493330691 124.5329522254105094   0.0294726099418505
 118.9469217735392830  86.1922986942822139 125.3682111766036895   0.0117726099418505
 119.5176190659835003  88.7245317137366978 124.7918447057577217  -0.1256273900581494
 120.6325574849970319  89.1742865336099550 123.1477829692462241   0.1329726099418505
 118.5878738080942361  90.6841777146130341 126.3168536958321493  -0.1704273900581494
 118.9979443791551453  92.6343750848197728 125.8519810668875306   0.1429726099418505
 117.0401881044127393  90.1097009699009698 128.3879935386098481  -0.1072273900581494
 116.2559517588354213  91.6195921509040491 129.4915936008198653   0.1296726099418505
 116.4827188949059668  87.5869165811160968 128.9870367230628988  -0.1704273900581494
 115.3394345838836018  87.1579487487159789 130.6178703766369382   0.1429726099418505
 117.4313614141344398  85.6253808541058436 127.4752558159258757  -0.1256273900581494
 117.0099524862699891  83.6846321145687160 127.9401284448705215   0.1329726099418505
 123.8620994478684574  81.2563340324799138 123.7865104025115957   0.5972726104906286
 124.2211474133134910  80.1243880782610769 125.7839509260663629  -0.5679273917044839
 124.2438241269205469  80.1754106838769526 121.5358465770113800  -0.4157273900581494
 123.9244604102878612  81.2053114268640381 119.9465868983836185   0.2718726099418505
 125.0223912940961142  77.5335735486550498 121.2826232750659583  -0.0031273900581495
 123.7487158798331780  76.3581638933560180 122.4013411463473371   0.0849726099418505
 124.8201905977665416  76.7285502156045928 118.5028361320677900  -0.0036273900581495
 122.8435370616848999  76.8192570700328165 117.9189107566861144   0.0170726099418505
 125.9105625770391005  78.0324612480102524 117.3349853813044523   0.0170726099418505
 123.7562747843688723  73.5368027754115984 114.0525310866832342  -0.6086273911557057
 133.8322945304369754 106.7487395790775920 119.1925861709490373  -0.5679273917044839
 130.9580210807427497 102.9673975851011713 121.4583678055206145   0.0396726099418505
 131.2584875360362401 102.3230009734340225 119.5232882443852643   0.1104726099418506
 130.2266970669152243 100.6676008801190102 123.0703041977554588   0.0559726099418505
 129.6578895006049239 101.3365639315271319 124.9354638919357244  -0.0173273900581495
 128.0799681787806903  99.1312535332410279 121.8627691981797599   0.0135726099418505
 126.9140071541512696 100.3671344248255333 120.7024773519521166  -0.0425273900581495
 128.9001093209025089  97.7101794805322554 120.6117704975239063  -0.0425273900581495
 126.3829941105194135  97.8462397621745772 123.8205254729221793   0.8053726088442941
 124.0888665839390164  97.6024650908987399 123.2876227031563931  -0.8188273878630369
 127.2881729286676916  97.1054671176774542 125.8746577804945864  -0.8188273878630369
 128.8377483584831053 104.9364922166471188 121.3582123204227934   0.5365726099418505
 127.8059578893621164 105.4372696421362517 119.3343156309931364  -0.5819273917044839
 128.2198079126908594 106.1119018719461373 123.5087206608251879  -0.4157273900581494
 129.1571120751157910 105.6772648611442418 125.1168776007921715   0.2718726099418505
 126.2715002686180375 108.0772170512242377 123.5691918971106613  -0.0031273900581495
 124.5896440094281491 107.3232163237896565 122.6677925312302168   0.0849726099418505
 125.4702563878354411 108.7235033890253034 126.2733899947519679  -0.0036273900581495
 124.0038289079125566 110.1729233337429092 126.2015804016629665   0.0170726099418505
 124.5953131878299130 107.0321984991657905 127.0443982573918409   0.0170726099418505
 127.5508448612827377 109.5795493276916361 128.1064243446555799  -0.0645273900581495
 126.6759016612772096 109.7382863229410139 129.9545765036305807   0.0351726099418505
 129.0361696025448443 108.1546958227150030 128.2216976388247897   0.0351726099418505
 128.6922394461711723 112.1552460482263015 127.4998222556668620   0.6950726082955160
 127.4336818409796246 113.8522201164875785 126.5870845329828896  -0.6086273911557057
 131.1262067066617385 112.5105145614034880 127.8380832336387699  -0.9407273895093712
 132.2581526608805754 111.1253453052392160 128.4900387498415997   0.4250726099418505
 131.8083978410073184 114.2263858910039871 127.3845489614976791   0.4250726099418505
 126.9952653779098955 110.3675651255368012 121.9704835878132753   0.5972726104906286
 125.3512036413983977 111.3351049061044695 120.6571239247380046  -0.5679273917044839
 129.4254531861326279 111.0497562598823676 121.8363130323048703  -0.4157273900581494
 130.6915696958598699 110.1918205950821180 122.9739281649254712   0.2718726099418505
 130.3400806349505038 113.0245200698300791 120.1412286901775102  -0.0024273900581495
 129.5010422314894630 114.8235393493231075 120.7062568042199636   0.0977726099418505
 133.2219129891804237 113.2550666581684716 120.3925622659890418  -0.0343273900581495
 133.6584397261162225 114.3870126123872951 122.0611904422414987   0.0294726099418505
 134.0401644051683119 111.3917966901221093 120.7005876258181997   0.0294726099418505
 134.4785808682380411 114.4304763134674899 118.1003244655425614   0.0117726099418505
 134.1554376993375215 117.0175113908056833 117.5957675877855815  -0.1256273900581494
 133.0329403757882822 118.1645751540958819 118.8562149191110595   0.1329726099418505
 135.2344713218065526 118.1003244655425614 115.4244722599100614  -0.1704273900581494
 134.9717993891915065 120.0920958106955515 115.0484167592597359   0.1429726099418505
 136.6120816734351437 116.5866538322716351 113.7312776439166182  -0.1072273900581494
 137.4265536371551983 117.4181333311969816 112.0532008369945501   0.1296726099418505
 136.9068789503268433 113.9882803981299138 114.2093783557986951  -0.1704273900581494
 137.9500077762513870 112.8204296473665761 112.9016878711251884   0.1429726099418505
 135.8410734107952705 112.9092467756608827 116.3920120404777431  -0.1256273900581494
 136.0489432855266072 110.9099165259721986 116.7491702797888599   0.1329726099418505
 129.5161600405608514 112.5199631920730992 117.4030155221256199   0.5972726104906286
 128.2972866841816246 114.1451276672453746 116.2578414849693382  -0.5679273917044839
 129.9999299308446924 110.2371740222962299 116.4090195756830351  -0.4157273900581494
 130.9447929978053184 108.9483807989619320 117.4710456629467742   0.2718726099418505
 129.1079791956338457 109.5266369959418436 113.8900146391660094  -0.0518273900581495
 129.7939497822472592 110.9212548827757265 112.5407501795462380   0.0921726099418505
 130.0887470591389856 106.9036971220591361 113.1057782935886914  -0.1102273900581495
 129.6427716915335622 105.5468737579036839 114.5911030348507980   0.0456726099418505
 129.0550668638840665 106.3311101034810019 111.4144734037291651   0.0456726099418505
 132.9327848906904612 106.7411806745419111 112.5048453830017240   0.3530726099418505
 134.0307157744987142 107.0699930218442080 114.2112680819326254  -0.0361273900581495
 133.5015924570007616 104.0861154563825501 111.5108494365591525  -0.4121273900581494
 133.0045944837794625 102.6914975695486670 112.9432618460714666   0.0999726099418505
 132.4112204777282026 103.7157291341339886 109.8025370114943344   0.0999726099418505
 133.7812719248210995 108.6195684516596351 110.4715000629024695  -0.4121273900581494
 135.7503665563670470 108.2718588430181295 109.9820609942168645   0.0999726099418505
 132.6134211740577753 108.4173677553300625 108.7877540775786239   0.0999726099418505
 133.6357630125091665 110.5451993821253877 111.1858165415247029   0.0999726099418505
 126.2337057459396201 109.6267924810396648 113.7010420257738816   0.5972726104906286
 125.2850632267111603 110.7266130909818347 111.8906843894773253  -0.5679273917044839
 124.8560953943110289 108.5968917380525791 115.5473044586149518  -0.4157273900581494
 125.7518255817897093 107.7143896335113570 116.9967244033325443   0.2718726099418505
 122.0970952387860129 108.7310622935609842 115.5340763756774936  -0.0275273900581495
 121.4092349260386691 107.7276177164488018 113.8673379255589534   0.1122726099418506
 120.9575903800314818 107.4441587963606166 117.8830059601416137  -0.0050273900581495
 121.8136363186978144 108.2416232248753928 119.5724211238672098   0.0338726099418505
 118.9790471178159366 107.9808410183942501 117.9321388396235592   0.0338726099418505
 120.9953849027099261 104.6020106909430580 118.0833169303372696  -0.1415273900581494
 122.2369349726961820 103.2262900654483838 119.8483211394197141  -0.1638273900581494
 123.4690364120128401 103.9765113406151179 121.2845130011998618   0.2061726099418505
 121.6926938461268677 100.6883878675921359 119.5932081113403489  -0.3418273900581494
 122.4901582746416303  99.3277850511688366 120.7194848871574084   0.3411726099418505
 120.0240656698743972 100.2745378442633929 117.6467901934014572   0.1379726099418505
 118.8618840975128235  98.0919041595843449 116.6943682219051504  -0.2601273900581494
 119.2492779549666769  96.2966643323591501 117.5220682685626498   0.1571726099418505
 117.2178223610013393  98.2978843081817645 114.6156694745917707  -0.1134273900581494
 116.3353202564601035  96.6613814762059612 113.8541098426215087   0.1416726099418505
 116.7435011013870960 100.6600419755833294 113.5007310555782257  -0.1972273900581494
 115.5095099359365209 100.7885433526899705 111.9095816508165340   0.1446726099418505
 117.8848956862755306 102.8521242909319751 114.4720502884137546  -0.2387273900581495
 117.5428552560357889 104.6209079522822667 113.5989968145421300   0.1699726099418505
 119.5818697545368208 102.7311818183610148 116.6168894504143717   0.1242726099418505
 121.1541218979592905 111.4862829968181799 115.2959708828034204   0.5972726104906286
 119.6725766089650445 112.0305241233874942 113.5857687316046852  -0.5679273917044839
 122.0970952387860129 113.2645152888380692 116.8304285035474724  -0.4157273900581494
 123.3499836655757967 112.7391714236079636 118.1834724154350907   0.2718726099418505
 121.3449842374853352 115.9517058512740973 116.6546839730928026  -0.0389273900581495
 119.3003005605825526 116.0499716102380016 116.8512154910206115   0.1006726099418505
 122.5940932120072852 117.6165545752587206 118.7239340897365713   0.3653726099418505
 121.6000972655647139 119.4212430331535129 118.7031471022634323   0.0042726099418505
 122.5544089631949374 116.6338969856196637 121.4413602703153226  -0.2438273900581494
 122.9928254262646665 118.1740237847654797 122.7320432197835507   0.0641726099418505
 120.7289335178270196 115.8099763912299979 121.9081226253938717   0.0641726099418505
 124.0340645260552800 115.2751838953302814 121.7607239869480352   0.0641726099418505
 125.1584515757384226 118.1267806314174510 118.2137080335778275  -0.6761273884118151
 126.0787482029580893 116.5507490357271343 118.0757580258015753   0.4101726099418505
 121.9761527662150392 117.1233360543052685 114.0827667048259709   0.5972726104906286
 120.4360259670692233 118.4839388707285678 112.9905049994194952  -0.5679273917044839
 124.1984706997064352 116.5148442391826203 113.0415276050353709  -0.4157273900581494
 125.4003365208803433 115.4206928076422278 114.0544208128171511   0.2718726099418505
 125.0393988293014063 117.4597073061432463 110.5924425354734296  -0.0252273900581495
 125.0167221156943503 119.5195087921174172 110.6018911661430274   0.0697726099418505
 126.9706989381689092 116.8209798728778747 110.2692993665728834   0.0697726099418505
 123.3953370927899084 116.5091750607808698 108.4192574814639794   0.5972726104906286
 122.7528302072566764 117.9831614452394349 106.7355114961401472  -0.5679273917044839
 122.6640130789623832 114.0846564309599012 108.4646109086780911  -0.4157273900581494
 123.2384898236744475 112.9753871903481201 109.9215897579313778   0.2718726099418505
 120.9802670936385376 113.0075125346247870 106.5465388827480193  -0.0237273900581495
 121.7304883688052851 113.5215180430513647 104.7078353544426431   0.0879726099418505
 120.8820013346746466 110.1011137406538945 106.6901580689260354   0.0341726099418505
 120.1317800595078993 109.5757698754237889 108.5269718710974947   0.0240726099418505
 119.5629724931976121 109.4283712369779258 105.2577456594137348   0.0240726099418505
 123.3783295575846166 108.6479143436684550 106.3481176386862937   0.0017726099418505
 124.6444460673118586 109.0712129976668224 107.8976930685017208   0.0439726099418505
 122.9172363809078315 106.6448046417119237 106.4992957293999907   0.0439726099418505
 125.1452234928009914 109.0409773795240724 103.4379393924475675  -0.2737273900581494
 127.0689646971328270 111.7754110953081289 104.1938298460160657  -0.0536273900581495
 128.4579134055649462 112.0626494676641611 102.6990564740843479   0.0683726099418505
 125.8935550418338085 113.4572673544980442 104.3393387583279985   0.0683726099418505
 128.0516222867718706 111.4617165570771938 105.9777313164377323   0.0683726099418505
 118.3157532448095789 114.1470173933793050 106.6939375211938826   0.5972726104906286
 117.2556168836797567 114.7668475653054676 104.7191737112461710  -0.5679273917044839
 117.3104189415634797 114.5495290599045199 108.9842855955064325  -0.4157273900581494
 118.3214224232113428 114.0260749208083446 110.5244123946522621   0.2718726099418505
 113.3703399523376678 114.6515742711362715 108.5099643358922029   0.0863726099418505
 114.7214941380913559 118.3781142072289826 108.1603650011167669   0.5972726104906286
 113.1568008992045673 118.8221998487004757 106.4822881941946988  -0.5679273917044839
 116.4260271108883270 120.0864266322937873 108.9181451808191953  -0.4157273900581494
 117.6883641683477219 119.5818697545368208 110.2768582711085775   0.2718726099418505
 116.3220921735226587 122.7225945891139263 108.0715478728224737  -0.0875273900581495
 114.3926817907890590 123.3764398314506863 108.3909115894551595   0.0968726099418505
 118.0833169303372696 124.4252378357769939 109.6589178253163318   0.2984726099418505
 117.6392312888657763 124.1039843930103779 111.6469097182014880  -0.0297273900581495
 120.9103472266834531 123.9074528750825692 109.2809725985320759  -0.3192273900581494
 121.9950500275542615 125.0186118418282538 110.6340165104196943   0.0790726099418505
 121.3128588932086817 121.9194609821973996 109.6041157674326088   0.0790726099418505
 121.5056109588686565 124.4233481096430636 107.3780183816733792   0.0790726099418505
 117.6127751229908733 127.2258119662482879 109.0995588896756289  -0.3192273900581494
 118.7069265545312795 128.3898832647437785 110.3996904698134547   0.0790726099418505
 118.1551265234262709 127.6906845951929068 107.1682587808081123   0.0790726099418505
 115.6191140517039532 127.6585592509162530 109.3565616438889245   0.0790726099418505
 116.7869648024672908 122.9682589865237072 105.2293997674049151   0.5972726104906286
 115.4320311644457557 124.3798844085628822 103.9727318883472841  -0.5679273917044839
 118.5954327126299304 121.5660821951541300 104.1390277881323427  -0.4157273900581494
 119.6196642772152385 120.3623266478462916 105.2293997674049151   0.2718726099418505
 119.1812478141455092 121.8117465925638840 101.4253810598214250  -0.0875273900581495
 119.2757341208415799 123.8280843774578736 101.0172002148944462   0.0968726099418505
 121.8117465925638840 120.7308232439609363 100.8017714356274151   0.2984726099418505
 123.1194370772374041 121.3317561545479038 102.2776475462199108  -0.0297273900581495
 121.8759972811172181 117.8452114374631828 100.6524830710476351  -0.3192273900581494
 123.8318638297257074 117.2102634564656450 100.5617762166194250   0.0790726099418505
 121.0010540811116900 117.0401881044127393 102.3248906995679526   0.0790726099418505
 120.8649937994693548 117.1856970167246723  98.9838548947951782   0.0790726099418505
 122.7962939083368578 121.7739520698854666  98.2846562252443063  -0.3192273900581494
 124.7049173035973320 121.0747534003345949  97.9426157950045646   0.0790726099418505
 121.5755308258237276 121.1919164206377348  96.7313013431610456   0.0790726099418505
 122.8567651446223581 123.8318638297257074  98.3602452706011549   0.0790726099418505
 117.0836518054929207 120.7440513268983945  99.7491939790332739   0.5972726104906286
 116.5224031437183146 121.8098568664299807  97.7536431816124368  -0.5679273917044839
 115.8628887229797905 118.6785806625224596 100.5334303246106051  -0.4157273900581494
 116.3390997087279507 117.8848956862755306 102.2190660360683540   0.2718726099418505
 113.9429269709158020 117.4445894970718846  98.9914137993308589  -0.0237273900581495
 114.7366119471627310 117.2480579791440759  97.0997979392756903   0.0879726099418505
 113.5139591385156839 114.8065318141178154 100.1082419444783208   0.0341726099418505
 115.3451037622853658 113.9051324482373845 100.3803625077629780   0.0240726099418505
 112.6257878555726842 115.0030633320456241 101.9582838295872249   0.0240726099418505
 111.9568248041645625 113.0434173311692878  98.4396137682258503   0.0017726099418505
 111.2198316119352733 114.0808769786920542  96.8257876498571027   0.0439726099418505
 113.2021543264186790 111.5732103989785563  97.7101794805322554   0.0439726099418505
 109.3565616438889245 111.5580925899071812 100.0798960524695011  -0.2737273900581494
 107.3742389294055322 114.3265413761018216 100.4654001837894376  -0.0536273900581495
 108.0054074581352364 115.4320311644457557 102.0848954805599491   0.0683726099418505
 107.4536074270302278 115.4925024007312291  98.7703158416620775   0.0683726099418505
 105.4334901898684046 113.7256084655148543 100.7413001993419419   0.0683726099418505
 111.5524234115054172 119.0848717813155352  98.7098446053765906   0.5972726104906286
 110.5433096559914708 119.2568368595023577  96.6122485967240022  -0.5679273917044839
 110.6623624024285142 120.3642163739802219 100.7110645811991916  -0.3661673899483938
 111.5070699842913055 120.0240656698743972 102.4685098857459553   0.3114426098869728
 106.8734615039163993 121.4508089009849472  99.3674692999811844   0.2246226102162396
 109.1449123168897407 124.8069625148290834  99.4997501293556726   0.8098826103259952
 108.2926458304912551 125.0280604724978782  97.3870363116317090  -0.6015073898386383
 111.3558918935776086 125.9011139463694759 100.0175350900500973  -0.4157273900581494
 112.3385494832166654 125.3134091187199802 101.5538824369280796   0.2718726099418505
 112.3328803048149015 128.0402839299683425  98.4887466477078093  -0.0518273900581495
 110.9344829657131713 129.5482853848375049  98.6077993941448393   0.0921726099418505
 114.8556646935997744 128.8623147982240914  99.6962816472834813  -0.1102273900581495
 114.4474838486727819 129.2686059170171670 101.6767146356329566   0.0456726099418505
 116.1671346305411147 127.2711653934623998  99.6660460291407446   0.0456726099418505
 116.1860318918803235 131.1904573952150724  98.5492178839932827   0.3530726099418505
 114.7781859221089955 132.5850752820489556  97.9841897699508293  -0.0361273900581495
 117.9075723998825866 132.3772054073176188 100.5523275859498140  -0.4121273900581494
 118.7636183385489191 134.0968561891859516  99.8115549414526775   0.0999726099418505
 116.8153106944761107 132.8590855714675295 102.2266249406040349   0.0999726099418505
 119.3891176888768459 131.0506176613049036 101.0908995341173642   0.0999726099418505
 117.9056826737486696 130.5536196880836043  96.3042232368948444  -0.4121273900581494
 118.9034580724590882 132.2505937563448813  95.6957314217721962   0.0999726099418505
 119.2795135731094135 129.1155381001695397  96.8409054589284778   0.0999726099418505
 116.8077517899404165 129.8752080060058851  94.7074046537313752   0.0999726099418505
 112.5464193579480022 127.4790352681937364  95.6050245673439725   0.5972726104906286
 112.1250104300835649 129.1703401580532492  94.0630080420642398  -0.5679273917044839
 112.9886152732855649 125.1112084223904076  94.8075601388292099  -0.4157273900581494
 113.4251420102213773 123.7846206763776922  96.1171403496366332   0.2718726099418505
 112.7259433406705188 124.3704357778932578  92.1279284809288760  -0.0249273900581495
 113.7520646313897573 125.7726125692628350  91.0299975971206230   0.0842726099418505
 114.0884358832277350 121.8759972811172181  91.5685695452881868   0.2116726099418505
 114.5325215246992281 121.8155260448317447  89.5560112126620443   0.0351726099418505
 115.8628887229797905 121.8022979618942865  92.6192572757483979   0.0351726099418505
 112.6087803203674057 119.7406067497861986  92.1430462900002377  -0.6546273911557058
 112.1439076914227736 119.8086368906073663  93.9250580342879877   0.4274726099418505
 109.9745020896811704 124.3742152301611182  91.1263736299506104   0.5972726104906286
 109.4964013777990933 125.2907324051129242  89.0382262519676196  -0.5679273917044839
 108.1320191091079470 123.4822644949502715  92.6079189189448698  -0.4157273900581494
 108.6214581777935520 122.9739281649254712  94.3899306632326064   0.2718726099418505
 105.4183723807970295 123.8054076638508178  92.1165901241253481  -0.0581273900581495
 104.9818456438612305 123.0117226876038888  90.2759968696860418   0.1359726099418505
 103.8347818805710320 122.3748849804724207  94.0800155772695182  -0.0074273900581495
 104.7928730304691027 122.2841781260441970  95.8903732135660879   0.0366726099418505
 102.0565495885511292 123.3745501053167828  94.3767025802951616   0.0366726099418505
 103.1677085552968272 119.7613937372593377  93.2258593647371158   0.1867726099418505
 101.7277372412488323 119.2662854901719687  91.0885791072721795  -0.5432273900581495
 101.2250700896257827 116.7850750763333607  91.1490503435576664   0.1634726099418506
 100.0458809820589172 115.8137558434978451  89.7922269794022008   0.1434726099418505
 102.2927653552912857 115.7173798106678575  93.1880648420586983  -0.2795273900581494
 102.1189105509705330 113.8730071039607174  93.6718347323425392   0.3338726099418505
 103.5286462468757776 117.5712011480446088  94.5316601232767056  -0.2207273900581494
 104.4546120524971948 117.3803388085185641  96.3363485811714979   0.1861726099418506
 104.6039004170769749 126.5833050807150558  92.0561188878398613   0.5972726104906286
 103.2017236257074111 127.3335263558818034  90.3534756411768205  -0.5679273917044839
 105.5298662226983921 128.1725647593428173  93.7871080265117355  -0.4157273900581494
 106.6599224507832988 127.4790352681937364  95.1741670088099242   0.2718726099418505
 104.8174394702100754 130.8654245001806228  93.8003361094491803  -0.0389273900581495
 102.7595277103698347 130.9561313546088463  93.8022258355830970   0.1006726099418505
 105.7263977406262007 132.3167341710321455  96.1530451461811340   0.3653726099418505
 104.6757100101659896 134.0855178323824237  96.2324136438058296   0.0042726099418505
 105.3503422399758752 130.9126676535286378  98.6361452861536592  -0.2438273900581494
 106.0967840628747623 132.0559519645510028 100.1706029068977246   0.0641726099418505
 103.3491222641532608 130.5422813312800764  98.9555090027863583   0.0641726099418505
 106.3518970909541410 129.1287661831069711  98.6342555600197423   0.0641726099418505
 108.3058739134287133 132.9271157122886970  96.0396615781458680  -0.6761273884118151
 108.6479143436684550 134.0798486539806597  97.4002643945691672   0.4101726099418505
 105.7188388360905199 132.1901225200594079  91.3890455625656565   0.5972726104906286
 104.2486319038997750 133.5677328716879990  90.2098564549988044  -0.5679273917044839
 108.0526506114832648 131.6950142729720389  90.5292201716314901  -0.4157273900581494
 109.2261705406483532 130.6745621606545780  91.6592763997163969   0.2718726099418505
 109.0523157363276003 132.8609752976014598  88.2086364791761900  -0.0875273900581495
 108.4853978961512302 134.8357391075491713  88.2823357983991215   0.0968726099418505
 111.9662734348341737 132.9101081770834052  88.1689522303638422   0.2984726099418505
 112.6201186771709202 133.5242691706078175  90.0246632938745236  -0.0297273900581495
 113.1756981605437760 130.3533087178879620  87.5869165811160968  -0.3192273900581494
 115.2241612897144055 130.4988176301998950  87.7551022070350992   0.0790726099418505
 112.5048453830017240 128.9889264491968023  88.9588577543429374   0.0790726099418505
 112.6919282702599350 129.7183607368904242  85.6896315426591643   0.0790726099418505
 112.9470412983393004 134.8262904768795467  86.2263137646927977  -0.3192273900581494
 114.9992838797777771 134.9529021278522843  86.3529254156655220   0.0790726099418505
 112.4254768853770418 134.2574829105692731  84.3176903694323371   0.0790726099418505
 112.1514665959584545 136.6857809926580753  86.6193768005484285   0.0790726099418505
 107.8712369026268178 131.7724930444628042  85.7897870277569987   0.5972726104906286
 107.4195923566196439 133.2049054539751316  84.0077752834692490  -0.5679273917044839
 107.2211711125579049 129.3234079749008765  85.6688445551860386  -0.4157273900581494
 107.6293519574848974 128.1574469502714556  87.1428309396446037   0.2718726099418505
 105.8983628188130367 128.3124044932530132  83.4257396342215038  -0.0875273900581495
 106.8791306823181632 129.0777435774911223  81.7835676238439363   0.0968726099418505
 106.0967840628747623 125.4154543299517316  83.1914135936152774   0.2984726099418505
 108.0243047194744451 124.8598748465788626  83.6600656748277433  -0.0297273900581495
 104.2807572481764419 123.9452473977609867  84.8846082096087072  -0.3192273900581494
 104.7361812464514631 121.9364685174026914  84.8468136869302897   0.0790726099418505
 104.4886271229077787 124.6274385321065665  86.7951213310030981   0.0790726099418505
 102.3211112473001056 124.2060296042421295  84.3006828342270451   0.0790726099418505
 103.1828263643681889 129.3045107135616544  83.2499951037668339   0.5972726104906286
 101.8411208092841118 129.5917490859176865  85.3797164566960761  -0.4157273900581494
 102.5327605742992894 128.9095579515721067  87.0388960022789355   0.2718726099418505
  99.3958151919900043 130.8843217615198181  85.3891650873656871  -0.0518273900581495
  98.2317438934945137 129.9923710263089982  83.9454143210498452   0.0921726099418505
  98.0654479937094418 130.5422813312800764  87.9516337249629079  -0.1102273900581495
  97.8160041440318406 128.5297229986539475  88.3390275824167613   0.0456726099418505
  99.2767624455529609 131.3302971291252415  89.4218406571536394   0.0456726099418505
  95.4708540118355676 131.8764279818284861  88.0253330441858395   0.3530726099418505
  95.7108492308435711 133.8455226133744336  87.4810919176165118  -0.0361273900581495
  93.5433333552358848 130.6632238038510501  86.2338726692284920  -0.4121273900581494
  93.3279045759688674 128.6638935541623524  86.6817377629678187   0.0999726099418505
  94.3804820325630086 131.9387889442478897  90.6879571668808813  -0.4121273900581494
  93.4696340360129665 133.7491465805444460  91.0356667755223870   0.0999726099418505
  93.0085408593361815 130.4288977632447969  90.9222832074871075   0.0999726099418505
  95.8733656783607961 131.6931245468381088  92.0787956014469172   0.0999726099418505
  99.6773843859442725 133.6867856181250424  84.6805177871452176   0.5972726104906286
 101.6426995652223728 134.9982555550663961  85.5819171530256487  -0.4157273900581494
 102.8029914114500298 134.1478787948018273  86.8593720195564186   0.2718726099418505
 104.5944517864073637 138.5773968527132305  86.1393863625324213   0.0341726099418505
 104.2202860118909687 138.7096776820877321  88.1557241474263974   0.0240726099418505
 106.1345785855531932 137.2545885589683757  85.8615966208460001   0.0240726099418505
 106.4255964101770590 141.4894648250859006  90.7314208679610628   0.0683726099418505
 100.5617762166194250 141.1965572743281043  89.6145927228136008   0.4477726099418505
 101.8071057388735279 139.7131222591999280  92.3962695919456862  -0.8340273900581494
 102.8086605898517937 138.3562988950444626  93.1162552489696836   0.4169726099418505
 102.5233119436296782 141.1757702868549518  93.3449121111741592   0.4169726099418505
  94.0157648887161978 122.1764637364107085 113.5668714702654765  -0.8340273900581494
  94.1423765396889218 123.6221042288604673 114.6572434495380354   0.4169726099418505
  95.3593601699342184 121.0823123048702891 114.1961502728612503   0.4169726099418505
 108.8501150399980276 115.7154900845339408  92.9745257889255976  -0.8340273900581494
 109.2753034201303119 116.5148442391826203  91.3758174796282117   0.4169726099418505
 109.1940451963716996 117.0968798884303789  94.1537148964924499   0.4169726099418505
  98.3054432127174454 121.8665486504476204  87.7834480990439191  -0.8340273900581494
  97.0166499893831474 120.6722417338093798  88.4543008765859575   0.4169726099418505
  99.7151789086227034 121.4073451999047388  88.8889378873878395   0.4169726099418505
  95.4084930494161638 124.8787721079180847 100.3501268896202412  -0.8340273900581494
  96.5347698252332369 124.3798844085628822  99.0046418822683037   0.4169726099418505
  96.6235869535275301 125.8689886020928224 101.4159324291518275   0.4169726099418505
 125.4400207696926910  98.3942603410117385 130.2474840543883768  -0.8340273900581494
 123.9320193148235285  97.3662493241585834 130.2531532327901408   0.4169726099418505
 126.1978009493951327  97.8953726416565360 128.6053120440108093   0.4169726099418505
  97.0941287608739263 120.7572794098358393  93.7587621345029156  -0.8340273900581494
  96.1341478848419253 119.8426519610179502  92.4340641146241171   0.4169726099418505
  98.7986617336708840 120.2224869139361228  93.3127867668974922   0.4169726099418505
 106.1874909173029858 111.9133611030843811  95.1420416645332707  -0.8340273900581494
 107.6747053846990092 111.5826590296481539  96.1624937768507452   0.4169726099418505
 106.8299978028362045 113.2853022763112082  94.0516696852607117   0.4169726099418505
 116.8285387774135555  98.2544206071015697 123.6995830003512326  -0.8340273900581494
 118.1872518677029379  98.7551980325907024 124.8768823817841544   0.4169726099418505
 117.6184443013926375  98.6455939168232701 122.0952055126520826   0.4169726099418505
 116.6168894504143717 108.5080746097582860 111.5769898512463899  -0.8340273900581494
 117.7261586910261528 109.8082061898960984 112.2478426287884419   0.4169726099418505
 114.9671585355011235 109.2564061587911032 111.7413960248975451   0.4169726099418505
 120.9538109277636480  99.7605323358368018 126.2828386254215654  -0.8340273900581494
 122.0933157865181525 100.1668234546298773 127.6604489770501834   0.4169726099418505
 122.1462281182679585  98.8421254347510788 125.1471132189348947   0.4169726099418505
 110.2333945700283827 104.6152387738805027 140.8110531430081544  -0.8340273900581494
 108.8368869570605828 103.4832928196616793 141.1833291913906461   0.4169726099418505
 109.9707226374133366 105.9115909017504815 142.1206333538155778   0.4169726099418505
$end
