$point_charges
 321.5444605912366850 353.1935938821497933 338.5784519624028683  -0.4121026406204121
 322.4798750275277132 351.4153615901299442 338.1362560470652785   0.0999973593795878
 322.2512181653232241 353.8304315892812882 340.4001479555029525   0.0999973593795878
 319.5980426732977933 353.5299651339878247 345.1131249335025543  -0.5679026422667466
 322.6593990102502300 357.8442098977300181 345.5156366000277692   0.0212973593795878
 324.0218915528074594 356.3985694052802863 344.9827338302619559   0.1123973593795878
 326.4823149791729152 361.1039874787441670 346.9990716151559455  -0.3119026406204122
 328.0640157532650361 359.3692188878044457 346.0466496436596521   0.1932973593795878
 322.0490174689936515 357.4114626130620261 348.3256593611686609   0.5972973599283659
 323.2244271242926968 355.8184234821664310 349.5388635391460969  -0.5679026422667466
 319.0292351069875197 349.9016909568589910 351.3964643287906952   0.5972973599283659
 319.1539570318263271 348.3332182657043820 353.1066664799894302  -0.5679026422667466
 320.9359687761140366 350.2947539927146084 349.7864176626897812  -0.4157026406204122
 320.7583345195254501 351.6534670830039773 348.4447121076057311   0.2718973593795878
 323.3359209661940459 348.9133641888181837 349.9640519192784216  -0.0518026406204122
 322.9390784780705679 346.8951366777902638 350.0415306907691869   0.0921973593795878
 324.9780929765716132 349.4708333983249292 347.6245709654839126  -0.1102026406204122
 325.1765142206333254 351.5155170752277654 347.4582750656988002   0.0456973593795878
 326.8602602059571979 348.6828176004797643 347.9307065991791132   0.0456973593795878
 323.9368538767809730 348.4220353939986752 345.1169043857703611   0.3530973593795877
 321.9828770543064141 349.0210785784516721 344.8674605360928000  -0.0361026406204122
 325.4826498543285797 349.4405977801822059 342.9002556306807828  -0.4121026406204121
 324.7796717325099013 348.6620306130066386 341.1295822431965475   0.0999973593795878
 325.3295820374809795 351.4909506354867793 342.8397843943952826   0.0999973593795878
 327.4649725688119854 348.9133641888181837 343.1251330406174115   0.0999973593795878
 324.0332299096109873 345.5345338613669645 344.9940721870654840  -0.4121026406204121
 323.2962367173816713 344.8863577974319953 343.1856042769028579   0.0999973593795878
 325.9853170059516161 344.8976961542355234 345.1754858959219310   0.0999973593795878
 322.9050634076599841 344.7087235408434088 346.5001839158007698   0.0999973593795878
 324.7494361143671242 349.5294149084764993 352.4244753456438772   0.5972973599283659
 325.6073717791673871 347.7965360436707083 353.7170480212460087  -0.5679026422667466
 324.8193559813222222 351.9350362769582456 353.1935938821497933  -0.4157026406204122
 324.2089744400656437 353.3050877240511961 351.9973972393776762   0.2718973593795878
 325.9588608400767533 352.6947061827946175 355.5954357983637328   0.0212973593795878
 327.9449630068279658 352.1296780687521508 355.5822077154262745   0.1123973593795878
 325.8284697368361552 355.5784282631584141 355.8845638968536684  -0.1231026406204122
 323.8650442836919985 356.2001481612185205 355.7862981378897775   0.1111973593795878
 326.6183752608152504 356.1018824022546296 357.7175982467572807   0.1111973593795878
 327.6501657299362394 357.1072167055007558 353.4109123875507544  -0.3119026406204122
 327.4158396893300132 359.4901613603754463 354.2102665421994474   0.1932973593795878
 324.7097518655548032 351.3624492583801114 357.8555482545335462   0.5972973599283659
 326.0325601592996582 350.2286135780273710 359.3918956014115015  -0.5679026422667466
 322.1812982983681799 351.3907951503889581 358.0709770338005770  -0.4157026406204122
 321.1381694724436094 352.3035328730729305 356.7424995616539313   0.2718973593795878
 320.9057331579713134 350.1133402838581614 360.1836908515245272  -0.0518026406204122
 321.8732729385389953 350.7104937421772817 361.9033416333928600   0.0921973593795878
 321.2099790655326376 347.2258387512265044 360.0665278312213873   0.5972973599283659
 321.4102900357282799 346.0201934777847357 362.0412916411691255  -0.5679026422667466
 321.3347009903714449 346.1052311538112222 357.8045256489176973  -0.4157026406204122
 321.1343900201758024 347.1634777888071275 356.2190454225577158   0.2718973593795878
 321.8713832124050649 343.4123714129734168 357.5097283720259707   0.0336973593795878
 320.4843242301068492 342.3427864211739835 358.5982106251645995   0.0822973593795878
 321.5917037445847269 342.6829371252798217 354.7204925983582048  -0.1825026406204122
 321.8883907476103836 340.6552609835823043 354.5069535452251041   0.0602973593795878
 319.7019776106634750 343.1629275632958021 354.0553089992179168   0.0602973593795878
 322.9863216314186100 343.6788227978562965 353.5772082873358131   0.0602973593795878
 324.4962128124217027 342.7358494570296009 358.5585263763522786   0.5972973599283659
 324.7569950189028453 340.8310055140370141 359.8699963132936054  -0.5679026422667466
 326.3972773031464825 344.3496755753983753 358.1484558052913423  -0.4157026406204122
 326.1157081091922142 345.8482283995978865 356.9843845067958249   0.2718973593795878
 328.8784877169850639 344.0340913110335232 359.3163065560546665  -0.0024026406204122
 329.4926487105095029 342.0990117498981596 358.9685969474131609   0.0977973593795878
 330.7852213861116344 345.7972057939820374 358.0237338804525350  -0.0343026406204122
 330.8324645394596228 345.3795763183854340 356.0055063694246153   0.0294973593795878
 330.1578323096497372 347.7492928903226662 358.2410523858534961   0.0294973593795878
 333.4383968781370653 345.5326441352330880 359.0744216109127729   0.0117973593795878
 334.6950647571946826 343.1837145507689277 358.9383613292704377  -0.1256026406204122
 333.8333496401266129 341.6228007641499862 357.9953879884437421   0.1329973593795878
 337.0610018768641081 342.8700200125380060 360.1043223538998316  -0.1704026406204122
 337.9888574086194152 341.0785596375806987 360.0419613914804549   0.1429973593795878
 338.1834992004133206 344.9147036894407884 361.3798874942966982  -0.1072026406204122
 339.9541725878975022 344.6690392920310342 362.3058532999180749   0.1296973593795878
 336.9797436531054822 347.2825305352441440 361.4479176351178657  -0.1704026406204122
 337.8565765792449406 348.8377751434613485 362.3890012498106312   0.1429973593795878
 334.5986887243647220 347.5886661689393984 360.3065230502294042  -0.1256026406204122
 333.6632742880736938 349.3725676393610384 360.4066785353272255   0.1329973593795878
 328.8217959329674243 344.3761317412732381 362.2075875409541840   0.5972973599283659
 330.0236617541413321 342.9191528920199782 363.5625211789757462  -0.5679026422667466
 327.2986766690269270 346.1354667719539455 363.2091423919324497  -0.4157026406204122
 326.4142848383517475 347.3467812237974511 362.0148354752942091   0.2718973593795878
 326.8772677411624629 346.3697928125601716 365.9662528213235623  -0.0875026406204122
 328.7084123649321448 346.6456928281127028 366.8695419133379369   0.0968973593795878
 325.1954114819725744 348.6620306130066386 366.6352158727316571   0.2984973593795878
 323.3774949411402970 348.4787271780163150 365.6922425319049613  -0.0297026406204122
 324.7078621394208731 348.8774593922736695 369.4887023349527839  -0.3192026406204121
 326.4974327882443037 348.9360409024252394 370.5091544472702448   0.0790973593795878
 326.3972773031464825 351.1696971927201365 365.8226336351455596  -0.3192026406204121
 325.1065943536782276 352.7268315270712711 366.2043583141976489   0.0790973593795878
 328.1566123338271362 351.4701636480136537 366.8563138304004787   0.0790973593795878
 326.8262451355466140 351.1545793836488016 363.8176342070550980   0.0790973593795878
 325.7642190482828482 343.9301563736678415 367.0774117880692467   0.5972973599283659
 326.5881396426725272 343.0911179702068276 369.0824112161597083  -0.5679026422667466
 323.9708689471915569 342.7188419218243359 365.7678315772618501  -0.4157026406204122
 323.3415901445957830 343.5238652548747659 364.1464465543574082   0.2718973593795878
 322.9334092996688308 340.2470801386552983 366.5350603876338358  -0.0875026406204122
 322.3419250197514476 340.3718020634941057 368.5041550191797833   0.0968973593795878
 320.5901488936064613 339.5497711952383568 364.9420212567382407   0.2984973593795878
 321.0512420702832464 339.6933903814164133 362.9426910070495699  -0.0297026406204122
 321.0228961782743996 335.4755216505041805 364.8305274148368916   0.0790973593795878
 324.9402984538931689 338.1627122129401949 366.4178973673307496   0.5972973599283659
 325.0876970923390323 336.6225854137943790 368.1507762321365406  -0.5679026422667466
 326.5314478586548876 338.1400354993331390 364.4582513664543997  -0.4157026406204122
 326.2971218180486612 339.4269389965334798 363.0598540273526563   0.2718973593795878
 328.6120363321021842 336.3372367675722502 364.2333739565177713   0.0336973593795878
 327.8429177955962145 334.4342825507135400 364.4128979392402879   0.0822973593795878
 329.7666589999280502 336.5923497956516020 361.5896470951619382  -0.1825026406204122
 330.9968707131108048 334.9823031295506882 361.2419374865204326   0.0602973593795878
 328.2794445325320132 336.5904600695177255 360.1629038640514016   0.0602973593795878
 330.8551412530666788 338.3365670172609208 361.4460279089839355   0.0602973593795878
 330.5981384988533967 336.6547107580710325 366.3460877742417214   0.5972973599283659
 331.6412673247779672 334.7838818854889760 367.2323693310507774  -0.5679026422667466
 331.0422241403249166 338.9658458198566949 367.2739433059970822  -0.4157026406204122
 330.2712158776850167 340.4776267269937177 366.3819925707862354   0.2718973593795878
 332.5955790224081907 339.3721369386497705 369.5359454883008260  -0.0518026406204122
 334.2982222690712048 338.2231834492256416 369.3847673975871022   0.0921973593795878
 333.3798153679854953 342.1670418907193273 369.7759407073087893  -0.1102026406204122
 331.6941796565277464 343.3462309982861794 369.9101112628171943   0.0456973593795878
 334.4116058371064843 342.3541247779775114 371.5522832731947617   0.0456973593795878
 335.0654510794432442 343.1931631814385790 367.6329912714421159   0.3530973593795877
 333.9316153990905039 343.6240207399725872 365.9813706303949506  -0.0361026406204122
 336.3618032073132363 345.6290201680630486 368.5022652930458530  -0.4121026406204121
 337.4559546388536558 346.4227051443099508 366.9470206848287022   0.0999973593795878
 334.9388394284705066 347.0009613412898758 369.0767420377579174   0.0999973593795878
 337.6222505386387143 345.2397365844752919 370.0858557932719042   0.0999973593795878
 337.1158039347478176 341.3091062259190642 366.8846597224092718  -0.4121026406204121
 338.5406574397244238 342.2426309360761623 365.7413754113869337   0.0999973593795878
 337.9737395995480805 340.5343185110113575 368.5835235168044789   0.0999973593795878
 336.2824347096885408 339.7878766881124436 365.7735007556635872   0.0999973593795878
 331.2878885377346708 338.4461711330283935 371.9434565829165026   0.5972973599283659
 332.4500701100962579 337.1233628392834849 373.4609066684552625  -0.5679026422667466
 328.8690390863154661 339.0867882924276953 372.2798278347544801  -0.4157026406204122
 328.0432287657918567 340.1998369853073101 370.9551298148756414   0.2718973593795878
 327.5689075061776673 334.9426188807383672 371.0156010511611416   0.2718973593795878
 327.4933184608207785 330.3468049230419053 369.9554646900313061  -0.0074026406204122
 325.7736676789524457 330.9023844064147207 368.9633584697226918   0.0366973593795878
 329.0863575917164273 331.2538734673240869 369.0257194321420685   0.0366973593795878
 331.8396885688396794 333.0869078172276992 373.4287813241786090   0.2718973593795878
 336.3164497800991245 332.0513378958388496 374.7874944144679779  -0.1102026406204122
 335.9838579805289537 333.9505126604296992 375.5169287021615731   0.0456973593795878
 337.9756293256819570 331.2897782638686009 375.7455855643660621   0.0456973593795878
 336.8947059770789958 332.2157440694899779 371.9396771306486419   0.3530973593795877
 335.3054462984512612 333.0717900081563106 370.9475709103399739  -0.0361026406204122
 339.2171793956682397 333.8805927934746011 371.5541729993286920  -0.4121026406204121
 339.6877212030146225 333.9127181377513086 369.5529530235060910   0.0999973593795878
 338.7712040280628432 335.7892161887351022 372.1834518019244658   0.0999973593795878
 340.8121082526977651 333.1398201489774782 372.6256477172620556   0.0999973593795878
 337.4691827217910604 329.6419370750892428 370.7491496662782619  -0.4121026406204121
 338.0776745369137086 329.8876014724989969 368.7989522960715098   0.0999973593795878
 338.9337204755800411 328.6687281161198238 371.8206243842115717   0.0999973593795878
 335.7552011183245184 328.4967630379329744 370.7132448697337478   0.0999973593795878
 337.4087114855056138 315.4859986058851724 369.8496400265317477  -0.5579026422667467
 339.1189136367043488 316.0359089108562507 369.5945269984523423   0.3991973593795878
 338.2061759140203764 320.3955071018125561 369.8779859185405406   0.1655973593795878
 369.9308982502903198 337.3123354526755995 367.2285898787829704   0.0135973593795878
 369.0276091582759988 338.7334095053843988 368.4191173431533506  -0.0425026406204122
 369.6323215211307866 337.7866567122898426 365.2481568904334951  -0.0425026406204122
 368.7498194165895374 334.7630948980158503 367.7709412792183815   0.8053973582820314
 366.9243439712216464 334.6912853049268222 369.2638249250161553  -0.8188026384252995
 371.1289846191964211 342.8208871330560873 365.1366630485321459  -0.5819026422667466
 371.6316517708194573 347.3297736885921861 359.2407175106978316  -0.0024026406204122
 372.7447004636990722 348.4636093689449265 357.9273578476225744   0.0977973593795878
 371.7582634217921949 344.5802221637367410 358.3374284186834567  -0.0343026406204122
 370.6093099323680660 343.4010330561698889 359.5789784886697394   0.0294973593795878
 370.9362325535364460 344.4649488695675312 356.4495920108961352   0.0294973593795878
 374.4171080922194166 343.5276447071426264 358.2353832074517054   0.0117973593795878
 375.9799116049722884 343.9641714440784254 356.1302282942634226  -0.1256026406204122
 375.2901615660910143 345.0791098630919704 354.5655350553766204   0.1329973593795878
 368.9066666857050521 348.2992031952937982 359.0800907893145101   0.5972973599283659
 368.2490419911004315 349.6087834061011949 357.2697331530179538  -0.5679026422667466
 367.3136275548094032 347.7719696039297220 360.9773758277714294  -0.4157026406204122
 367.9618036187444262 346.6853770769250237 362.4154574156855476   0.2718973593795878
 364.5905321958288745 348.3729025145167030 360.9055662346824549  -0.0024026406204122
 363.7911780411801815 347.4488264350292027 359.2463866890995687   0.0977973593795878
 363.2771725327536173 347.2806408091102137 363.2544958191465615  -0.0343026406204122
 364.2012486122411178 348.0100750968038088 364.9476904351400315   0.0294973593795878
 361.3250854364129886 347.9439346821165714 363.2941800679589361   0.0294973593795878
 363.2148115703342405 344.4139262639516824 363.3433129474408547   0.0117973593795878
 361.6463388791795779 343.0646618043319112 361.6727950450544943  -0.1256026406204122
 360.5049442942911164 344.0737755598458442 360.3310894899703903   0.1329973593795878
 361.5669703815548822 340.4095965861725502 361.7275971029382038  -0.1704026406204122
 360.4028990830594187 339.3910341999890194 360.3953401785236976   0.1429973593795878
 363.0012725172011400 339.0867882924276953 363.5228369301633715  -0.1072026406204122
 362.9408012809156397 337.0458840677927196 363.6116540584576647   0.1296973593795878
 364.5036047936685116 340.4322732997796060 365.2424877120317043  -0.1704026406204122
 365.5032699185128469 339.4193800919978123 366.6900179306154201   0.1429973593795878
 364.6585623366500422 343.0797796134032997 365.1272144178625484  -0.1256026406204122
 365.8339719919490875 344.0813344643815653 366.4538021638752636   0.1329973593795878
 363.9839301068401566 351.2074917153985808 360.6145484100585889   0.5972973599283659
 361.8353114925716923 351.8877931236102572 360.0419613914804549  -0.5679026422667466
 365.8566487055561433 352.8742301655171344 360.9206840437538434  -0.4157026406204122
 367.5819686658262132 352.1693623175645254 361.3288648886807954   0.2718973593795878
 365.6128740342802657 355.6162227858368584 360.6050997793889913  -0.0581026406204122
 363.7590526969035280 356.1755817214775344 361.2476066649221697   0.1359973593795878
 365.7489343159226011 356.5006146165119841 357.8328715409264902   0.5972973599283659
 364.6264369923733887 358.4281352731116802 357.1544598588487442  -0.5679026422667466
 366.9980432904445511 355.0908789206067663 356.1434563772008809  -0.4157026406204122
 367.8219638848342303 353.4543760886309358 356.7236023003147360   0.2718973593795878
 367.0887501448727747 355.7239371754704007 353.4260301966221429  -0.0581026406204122
 367.6122042839689902 357.7005907115520155 353.1935938821497933   0.1359973593795878
 369.1013084774989036 354.1082213309676960 352.0975527244754972  -0.0074026406204122
 368.5665159815992137 352.1221191642164835 352.2506205413230976   0.0366973593795878
 369.1183160127042223 354.5957706735193975 350.0963327486528962   0.0366973593795878
 371.7677120524617925 354.3803418942523665 353.0783205879806373   0.1867973593795878
 373.6801148999901004 352.6191171374377826 352.6550219339822429  -0.5432026406204121
 364.5225020550077069 355.3762275668288413 352.1088910812790253   0.5972973599283659
 363.8988924308137239 356.7784043581984455 350.3590046812679154  -0.5679026422667466
 362.9918238865314886 353.5620904782644782 352.9724959244810253  -0.4157026406204122
 363.6192129629933858 352.4660493205901285 354.4049083339933527   0.2718973593795878
 360.5408490908356304 352.9649370199453579 351.8311013395926175  -0.0252026406204122
 360.8167491063881615 352.3658938354923073 349.8771245171180049   0.0697973593795878
 359.6583469862944351 351.4153615901299442 352.8647815348475366   0.0697973593795878
 358.7474989897443930 355.2307186545169085 351.8481088747978825   0.5972973599283659
 358.2202653983803705 356.3569954303339814 349.8865731477876025  -0.5679026422667466
 357.8820044204084626 356.0187344523620735 354.0779857128249726  -0.4157026406204122
 358.4413633560491385 355.1230042648834198 355.6672453914527609   0.2718973593795878
 356.0433008921030596 358.0823153906041049 354.2953042182259338  -0.0275026406204122
 354.4332542260021456 357.6344502968647781 353.0915486709180955   0.1122973593795878
 355.0644227547318498 358.2164859461125100 357.0032817681350741  -0.0050026406204122
 353.8039754234063718 359.8378709690169519 357.1657982156522721   0.0338973593795878
 353.9211384437095117 356.5365194130564982 357.3491016506426494   0.0338973593795878
 357.0127303988046716 358.3827818458975685 359.0479654450378565  -0.1415026406204122
 357.8990119556137276 356.3947899530124257 360.3651045603809742  -0.1638026406204122
 357.3717783642497051 354.4710487486805901 360.0910942709623734   0.2061973593795878
 359.4977202649111135 357.1657982156522721 362.2397128852308377  -0.3418026406204122
 360.2989641456937368 355.9507043115409058 363.4831526813510506   0.3411973593795878
 357.0429660169473950 360.6542326588709098 353.4071329352828940   0.5972973599283659
 355.5519720972835513 362.1886902796149887 352.5000643910007123  -0.5679026422667466
 359.5222867046520998 361.1361128230208206 353.5413034907913525  -0.4157026406204122
 360.6769093724779658 359.8189737076777027 354.3009733966276709   0.2718973593795878
 361.0472956947265272 361.5046094191355055 348.2066066147316443  -0.4157026406204122
 361.8938930027232622 360.0381819392125942 349.1136751590138260   0.2718973593795878
 360.6976963599510914 361.3647696852253096 345.4381578285370039  -0.0389026406204122
 361.5159477759390334 363.0560745750848493 344.6010091512098666   0.1006973593795878
 362.0601889025083208 359.0838702415823707 344.2740865300414865   0.3653973593795878
 361.6614566882509664 359.0668627063770518 342.2520795667457600   0.0042973593795878
 364.9250137215329756 359.2029229880193871 344.6066783296116574  -0.2438026406204122
 365.7753904817975175 357.4965002890885125 343.8205522579004227   0.0641973593795878
 365.6620069137622381 360.8394258199952175 343.5994543002316009   0.0641973593795878
 365.4333500515577490 359.3559908048670412 346.5946702224968002   0.0641973593795878
 361.2022532377080579 356.7878529888680431 345.2850900116894037  -0.6761026389740777
 361.7294868290721339 356.6763591469666939 347.0349764117004597   0.4101973593795878
 357.9046811340155184 361.3420929716182536 344.6633701136292971   0.5972973599283659
 357.2073721905985770 362.6516731824257041 342.8681302864040757  -0.5679026422667466
 356.2681783020396882 360.0476305698821920 346.0920030708737641  -0.4157026406204122
 356.9787153283940878 358.8778900929849374 347.4374880782256746   0.2718973593795878
 353.5224062294521035 360.0873148186945666 345.6743735952771604  -0.0237026406204122
 353.1312329197304165 359.4561462899648624 343.7525221170792550   0.0879973593795878
 352.1447958778235393 358.2240448506481775 347.4242599952882164   0.0341973593795878
 352.6984856350624245 358.5774236376914739 349.3744573654949686   0.0240973593795878
 350.1152300099920915 358.5490777456826271 347.2787510829762836   0.0240973593795878
 352.6644705646518943 355.4480371599178696 346.7609661222818589   0.0017973593795878
 354.6524624575370371 355.0493049456604613 347.1105654570572946   0.0439973593795878
 351.5627602285757538 354.2726275046188780 348.0440901672143927   0.0439973593795878
 351.9747205257706202 354.4616001180109924 343.5389830639461545  -0.2737026406204122
 348.6091182812568595 355.0247385059195288 343.3008775710720677  -0.0536026406204122
 347.9401552298487646 354.3633343590470478 341.4659534950345253   0.0683973593795878
 347.6226812393499822 353.9967274890663468 344.7843125862002440   0.0683973593795878
 348.2179449715351724 357.0410762908134647 343.4690631969910564   0.0683973593795878
 352.3980191797689608 362.7404903107199972 345.9389352540261099   0.5972973599283659
 350.8975766294355195 363.5322855608329693 344.3458961231305148  -0.5679026422667466
 353.1860349776141258 364.1766821725001315 347.8683456367597365  -0.4157026406204122
 354.3860110726541036 363.4132328143959527 349.1590285862279377   0.2718973593795878
 352.4169164411082099 366.8109604031863670 348.1933785317941861  -0.0518026406204122
 350.3571149551340390 366.8676521872040066 348.2368422328743677   0.0921973593795878
 356.7160433957790149 366.7807247850436438 345.8274414121247608   0.2718973593795878
 359.5166175262503090 366.7429302623651993 341.9799590034610894  -0.0297026406204122
 354.8187583573220958 368.9255639470442474 340.4171554907082174   0.5972973599283659
 354.2064870899315869 366.5350603876338358 339.8653554596032089  -0.4157026406204122
 354.9189138424199168 365.1347733223982156 340.9727349740810867   0.2718973593795878
 352.5227411046077681 365.8264130874133664 337.7526416418792587  -0.0875026406204122
 353.2843007365780167 366.6087597068567943 336.0065346941360095   0.0968973593795878
 352.3885705490993632 362.9275731979781815 337.4578443649875323   0.2984973593795878
 352.0181842268508016 362.0790861638475699 339.2984376194268656  -0.0297026406204122
 350.3060923495181363 362.0620786286422512 335.6323689196196413  -0.3192026406204121
 350.4100272868838180 360.0192846778733989 335.3734764392724289   0.0790973593795878
 348.4503812860074682 362.4948259133102432 336.4109360867951550   0.0790973593795878
 350.5196314026512370 362.9993827910672097 333.8087832003856268   0.0790973593795878
 354.9132446640181797 361.9090108117946508 336.4619586924110575  -0.3192026406204121
 354.8300967141256237 359.8529887780882866 336.3636929334471666   0.0790973593795878
 355.2987487953380760 362.6705704437648994 334.5854606414272638   0.0790973593795878
 356.4420331063604677 362.4267957724890755 337.7394135589418005   0.0790973593795878
 349.8884628739215328 366.9734768507035650 338.0814539891815690   0.5972973599283659
 348.9549381637644347 368.2547111695022223 336.3825901947863619  -0.5679026422667466
 348.7225018492921389 366.6635617647405037 340.2943232920033404  -0.4157026406204122
 349.5804375140924018 365.5977562252089310 341.6454774777570420   0.2718973593795878
 346.2526297922570854 367.7747207314861882 340.8706897628493351  -0.0024026406204122
 344.8561221792892721 367.0018227427124117 339.5724479088454127   0.0977973593795878
 345.5213057784295602 367.0320583608551349 343.5786673127584754  -0.0343026406204122
 344.8731297144945371 365.0818609906484366 343.6089029309012523   0.0294973593795878
 347.2050517637533787 367.1208754891494283 344.7635255987271183   0.0294973593795878
 343.5295344332765567 368.7290324291164119 344.7427386112539927   0.0117973593795878
 341.0653315546432405 368.8216290096785656 343.7449632125435339  -0.1256026406204122
 340.5456568678148855 367.6122042839689902 342.1916083304603134   0.1329973593795878
 342.6338042457978495 368.9822557310618871 332.8563612288892798   0.0559973593795878
 342.3427864211739835 368.8669824368926775 334.8953757273903251  -0.0173026406204122
 340.7969904436264305 368.7460399643217306 331.9492926846070982  -0.0173026406204122
 344.3326680401930566 366.7731658805079226 332.0267714560978635   0.0135973593795878
 345.7027194872859535 366.3782131185183750 333.5083167450921631  -0.0425026406204122
 343.1515892064922742 365.0931993474519645 331.8377988427057491  -0.0425026406204122
 345.7008297611520768 367.2455974139882356 329.5191048763843656   0.8053973582820314
 344.3421166708626542 367.5951967487636714 327.5972533981864602  -0.8188026384252995
 348.0497593456161834 367.2455974139882356 329.4756411753041842  -0.8188026384252995
 330.3203487571669889 358.3128619789424706 328.5232192038078908  -0.5679026422667466
 330.0671254552215138 362.2208156238916422 333.8900414241442526  -0.5679026422667466
 327.0265561057422563 358.5736441854236132 337.2140696937117086   0.5972973599283659
 327.8202410819891585 358.5925414467628085 339.3967033783907566  -0.5679026422667466
 327.4744211994815832 356.6914769560380288 335.5926846708072667  -0.4157026406204122
 326.7865608867342394 356.8445447728856829 333.8182318310552244   0.2718973593795878
 328.9427384055383710 354.4294747737343388 336.2314121040726381  -0.0875026406204122
 328.1263767156844130 353.5602007521305479 337.9113786371286499   0.0968973593795878
 328.9465178578062316 352.4471520592509332 334.0960215727416322   0.2984973593795878
 330.0879124426946931 353.1501301810696118 332.5313283338548300  -0.0297026406204122
 330.0595665506858463 349.9413752056713657 335.0314360090326604  -0.3192026406204121
 330.1049199778999581 348.5713237585784151 333.4969783882886352   0.0790973593795878
 332.0003152902230007 350.2059368644203152 335.6701634422980320   0.0790973593795878
 328.9427384055383710 349.1854847521028541 336.5866806172498648   0.0790973593795878
 326.3065704487182590 351.8707855884049385 333.0661208297545735  -0.3192026406204121
 326.4955430621103734 350.5234108549190974 331.5241043044748273   0.0790973593795878
 325.1236018888835462 351.0600930769527175 334.5401072142131521   0.0790973593795878
 325.4240683441770098 353.5715391089340759 332.3234584591235202   0.0790973593795878
 331.6790618474563578 355.1059967296781011 336.8644703589362726   0.5972973599283659
 332.6012482008099280 354.2575096955474894 338.8108882768751641  -0.5679026422667466
 332.8998249299695149 356.7387201093860709 335.3621380824689010  -0.4157026406204122
 332.0135433731604052 357.4001242562584982 333.8106729265195570   0.2718973593795878
 335.5586696003966828 357.4322496005352054 335.7552011183245184  -0.0518026406204122
 336.7151819943564790 355.7182679970686098 335.7098476911104066   0.0921973593795878
 336.4449511572057388 359.2407175106978316 333.6538256574040961  -0.1102026406204122
 335.1410401248000792 360.8356463677273570 333.5782366120472075   0.0456973593795878
 338.2987724945825302 359.9777107029270939 334.1716106180985208   0.0456973593795878
 336.6471518535353115 358.0634181292649096 331.0025398915125419   0.3530973593795877
 334.8783681921850601 357.1374523236434790 330.5074316444251732  -0.0361026406204122
 337.1535984574262083 360.1799113992566665 329.0901370439842343  -0.4121026406204121
 337.3633580582915020 359.3824469707419039 327.2098595407325800   0.0999973593795878
 335.5718976833341411 361.4951607884658541 329.0958062223860250   0.0999973593795878
 338.8864773222319993 361.1739073456992649 329.5946939217412008   0.0999973593795878
 338.7995499200716362 356.1491255556026716 330.8078980997186904  -0.4121026406204121
 338.9374999278479018 355.4102426372394251 328.8936055260564524   0.0999973593795878
 340.5796719382254693 357.0316276601438670 331.3408008694844500   0.0999973593795878
 338.4556197636979911 354.5579761508409530 332.0759043355798359   0.0999973593795878
 335.9914168850646748 358.6208873387716553 338.3535745524662397   0.5972973599283659
 337.5939046466298677 357.7837386614445180 339.7897664142463739  -0.5679026422667466
 334.5042024176686381 360.5332901862999631 339.0489937697492509  -0.4157026406204122
 333.1492687796470759 361.1228847400834160 337.8433484963074824   0.2718973593795878
 334.7687640764175875 361.7238176506703431 341.5472117187931510  -0.0597026406204122
 336.7662045999723817 362.1508957569365444 341.8231117343456285   0.0868973593795878
 333.2947776919590626 364.2409328610534387 341.6776028220336955   0.1302973593795878
 333.5461112677705539 364.9930438623540896 343.5824467650263359   0.0186973593795878
 334.4664078949901936 366.1552254347156767 339.8218917585230275  -0.3204026406204121
 336.5073121196251692 366.2308144800725117 340.0977917740755586   0.0881973593795878
 334.0752345852685065 365.5977562252089310 337.8773635667180661   0.0881973593795878
 329.7099672159104104 362.4456930338282708 342.4750672505484583   0.0235973593795878
 334.0714551330006459 359.9247983711773148 343.7203967728026014   0.5972973599283659
 335.1467093032018701 360.1647935901853319 345.7631907235714538  -0.5679026422667466
 332.3574735295341041 358.1087715564789677 343.3141056540095259  -0.4157026406204122
 331.6185906111709112 357.9103503124172555 341.5623295278645395   0.2718973593795878
 331.7678789757506512 356.1699125430757973 345.1924934311272498   0.0336973593795878
 331.3634775830915058 357.0920988964293672 346.9915127106202780   0.0822973593795878
 329.3943829515455583 354.7393898596974001 344.3704625628715009  -0.1825026406204122
 328.7934500409586312 353.5053986942468386 345.9049201836155261   0.0602973593795878
 327.9014993057477844 356.0754262363797131 343.9244871952661044   0.0602973593795878
 329.7855562612672455 353.5923260964072014 342.7056138388868776   0.0602973593795878
 334.0204325273847970 354.3841213465202271 345.6309098941969790   0.5972973599283659
 334.8764784660511298 354.1460158536461403 347.7719696039297220  -0.5679026422667466
 335.0578921749075768 353.3013082717833356 343.5994543002316009  -0.5163026406204122
 334.2547585679910234 353.6660254156301062 341.8930316013007263   0.2935973593795878
 337.4351676513804765 351.8537780531996735 343.5295344332765567   0.0396973593795878
 337.2310772289170272 350.0547587737066451 344.5065228445138362   0.1104973593795878
 338.0361005619674573 351.3095369266303322 340.7289603028052627   0.0559973593795878
 336.5791217127141974 350.0679868566440497 339.9617314924332233  -0.0173026406204122
 337.9094889109947198 353.0934383970519720 339.7141773688895390  -0.0173026406204122
 340.6401431745109157 350.1624731633401336 340.1431452012896703   0.0135973593795878
 342.0479891442822571 350.8994663555693961 341.4583945904988578  -0.0425026406204122
 340.5551054984844830 348.1158997603034208 340.4020376816368828  -0.0425026406204122
 341.5018582915790393 350.7917519659359074 337.4370573775144068   0.8053973582820314
 339.8899218993441952 350.8257670363464913 335.6985093343068787  -0.8188026384252995
 343.8035447226951038 351.2207197983360390 337.1120244824799570  -0.8188026384252995
 339.5686684565776060 353.2843007365780167 344.8787988928963279   0.5365973593795877
 340.7497472902783884 352.3110917776085979 346.6324647451752445  -0.5819026422667466
 339.9749595753706815 355.6823632005240958 344.1984974846846515  -0.4157026406204122
 339.0036403425351392 356.3777824178071070 342.6961652082172799   0.2718973593795878
 342.0479891442822571 357.1733571201879932 345.2491852151448895  -0.0014026406204122
 343.7903166397576456 356.1585741862722692 344.8920269758337324   0.0875973593795878
 342.2105055917995087 359.7698408281957842 343.9622817179444950  -0.0152026406204122
 340.4606191917883991 360.7865134882453846 344.3553447538001124   0.0294973593795878
 343.7392940341417968 360.8148593802542314 344.8655708099588697   0.0294973593795878
 342.6791576730119612 359.8624374087579380 341.1239130647947568  -0.0011026406204122
 343.4237097697769447 357.6835831763466968 339.7595307961036507  -0.1906026406204122
 343.6391385490439755 355.9034611581929174 340.6779376971893602   0.1698973593795878
 343.7922063658915759 357.7516133171678645 337.1365909222209431  -0.2341026406204122
 344.2438509118987633 356.0508597966387271 336.1577127848497335   0.1655973593795878
 343.4917399105981124 360.2366031832743064 335.7476422137887972   0.3225973593795878
 343.9339358259357020 360.4520319625413372 333.2267475511378949  -0.5579026422667467
 344.0907830950511630 362.1905800057489190 332.7410879347201237   0.3991973593795878
 342.6848268514137520 362.5137231746494385 337.2934381913364040  -0.2341026406204122
 342.3994782051916231 364.3014040973389388 336.4166052651969457   0.1655973593795878
 342.2879843632902740 362.2000286364185167 339.8993705300137927  -0.1906026406204122
 341.6605952868284305 363.7666116014392491 340.9916322354202820   0.1698973593795878
 341.8514576263544752 357.5021694674902496 348.1177894864373512   0.5972973599283659
 343.7355145818739363 357.2073721905985770 349.4557155892535945  -0.5679026422667466
 339.6007938008542595 358.1333379962199538 349.0796600886032421  -0.4157026406204122
 338.1041307027886250 358.2845160869336776 347.8891326242328621   0.2718973593795878
 339.1982821343290444 358.5264010320755712 351.7876376385123822  -0.0518026406204122
 340.8725794889832654 359.4504771115630716 352.5567561750183520   0.0921973593795878
 336.8852573464093983 360.2517209923456949 352.1731417698323324  -0.1102026406204122
 335.4358374016918058 359.7755100065975213 350.7860827875341167   0.0456973593795878
 336.0953518224303566 359.8624374087579380 354.0383014640125980   0.0456973593795878
 337.4729621740589208 363.1070971807006982 352.0654273801988437   0.3530973593795877
 338.6653793645632311 363.5833081664488718 353.6773637724336341  -0.0361026406204122
 338.8108882768751641 364.0292835340542683 349.6692546423866950  -0.4121026406204121
 339.0678910310884463 366.0720774848231743 349.7410642354756695   0.0999973593795878
 340.6684890665197625 363.1562300601826706 349.5218560039408319   0.0999973593795878
 337.6997293101294797 363.5436239176364971 348.0081853706698785   0.0999973593795878
 335.0012003908899372 364.5905321958288745 352.3073123253407373  -0.4121026406204121
 333.7842167606446405 364.1729027202322710 350.6972656592398235   0.0999973593795878
 334.0412195148579227 364.0500705215273940 354.0458603685483190   0.0999973593795878
 338.9790739027941531 356.0357419875673922 353.2729623797744889   0.5972973599283659
 339.5081972202921057 356.0621981534422549 355.5368542882121628  -0.5679026422667466
 338.3649129092697676 353.9022411823702627 352.0578684756631226  -0.4157026406204122
 337.8433484963074824 354.0061761197359444 350.2116060428221060   0.2718973593795878
 338.6559307338936336 351.3681184367819021 353.1784760730784586  -0.0875026406204122
 337.7696491770845776 351.3567800799783742 355.0379665888569334   0.0968973593795878
 337.2329669550509039 349.2629635235936194 351.7630711987714498   0.2984973593795878
 337.6978395839955494 349.3045374985398707 349.7561820445470580  -0.0297026406204122
 337.9132683632625803 346.6664798155858284 352.8628918087136065  -0.3192026406204121
 336.6962847330172837 345.2189495970021124 352.0616479279309832   0.0790973593795878
 339.8615760073354021 346.1902688298376550 352.3885705490993632   0.0790973593795878
 337.6827217749241609 346.6608106371840376 354.9113549378842494   0.0790973593795878
 334.3643626837584422 349.5690991572888739 352.1202294380825532  -0.3192026406204121
 333.3533592021105789 348.0988922250981022 351.0941081473633013   0.0790973593795878
 333.8824825196085315 349.4311491495126084 354.1176699616372935   0.0790973593795878
 333.7483119641001266 351.4040232333264163 351.4285896730673487   0.0790973593795878
 341.4527254120970671 350.7879725136680470 353.6131130838803271   0.5972973599283659
 342.2483001144779530 350.4629396186335971 355.7787392333541100  -0.5679026422667466
 342.9871830328411459 350.7804136091323796 351.6081136557898656  -0.4157026406204122
 342.2180644963351762 351.0657622553545084 349.8657861603144768   0.2718973593795878
 345.6762633214110907 350.0660971305101730 351.7611814726375197  -0.0875026406204122
 345.8142133291873563 348.2198346976691025 352.6644705646518943   0.0968973593795878
 346.8516729767100824 349.8695656125823375 349.1004470760763677   0.2984973593795878
 346.6645900894518981 351.6969307840842124 348.1725915443210605  -0.0297026406204122
 349.6654751901188345 349.1571388600940074 349.1665874907636051  -0.3192026406204121
 350.4081375607498878 349.0664320056657839 347.2447360125656997   0.0790973593795878
 350.7558471693913935 350.5630951037314184 350.2040471382863849   0.0790973593795878
 349.9073601352607818 347.3203250579225883 350.0698765827779798   0.0790973593795878
 345.5269749568312973 347.8702353628936668 347.4733928747701888  -0.3192026406204121
 346.3792414432297694 347.8532278276883479 345.6006742760542019   0.0790973593795878
 345.7235064747591328 346.0088551209812078 348.3351079918382587   0.0790973593795878
 343.5276447071426264 348.3010929214276748 347.2636332739049487   0.0790973593795878
 347.1710366933427949 351.9274773724225781 353.4033534830150870   0.5972973599283659
 348.7300607538278062 351.1659177404523295 354.9491494605626402  -0.5679026422667466
 346.6362441974430513 354.3879007987880339 353.2238295002925703  -0.4157026406204122
 345.3512304263766409 354.9567083650983613 351.9142492894851199   0.2718973593795878
 347.7965360436707083 356.2795166588432161 354.8773398674736657  -0.0252026406204122
 349.8336608160378233 356.2927447417806743 354.5730939599123415   0.0697973593795878
 347.0368661378343900 358.1314482700860237 354.3973494294576317   0.0697973593795878
 347.2863099875120047 355.7825186856219170 357.6873626286145572   0.5972973599283659
 349.0361963875230607 355.9091303365946545 359.2161510709568453  -0.5679026422667466
 344.9468290337174956 355.1211145387494894 358.3808921197636383  -0.4157026406204122
 343.5881159434280730 354.9189138424199168 357.0429660169473950   0.2718973593795878
 344.2835351607111379 354.5296302588321601 360.9943833629767480   0.0336973593795878
 344.8485632747535510 356.1094413067902970 362.1905800057489190   0.0822973593795878
 341.4111514371508158 354.2102665421994474 361.2003635115741813  -0.1825026406204122
 340.8990356548581282 353.8039754234063718 363.1543403340487403   0.0602973593795878
 340.4719575485919270 355.9469248592730990 360.6088792316567981   0.0602973593795878
 340.7724240038854442 352.6625808385179640 360.0003874165341499   0.0602973593795878
 345.6743735952771604 352.1769212221001928 361.9638128696783602   0.5972973599283659
 346.6815976246571633 352.2222746493143046 364.0595191521969916  -0.5679026422667466
 345.8028749723838284 350.1568039849383428 360.4501422364074069  -0.4157026406204122
 345.0016310916012051 350.2399519348308989 358.7040352886642116   0.2718973593795878
 347.0122996980934037 347.7814182345993734 361.2438272126543627  -0.0389026406204122
 346.1468051287574734 347.1748161456106555 363.0107211478707376   0.1006973593795878
 346.6041188531663978 345.6384687987326464 359.3257551867242643   0.3653973593795878
 347.3316634147261164 343.8961413032572577 360.1534552333818040   0.0042973593795878
 343.8073241749629645 345.2775311071536826 358.6945866579945601  -0.2438026406204122
 343.2082809905099138 343.4142611391073471 359.3219757344564573   0.0641973593795878
 342.6413631503335706 346.6853770769250237 359.6318908204195186   0.0641973593795878
 343.4766221015267239 345.4778420773493249 356.6706899685649031   0.0641973593795878
 347.9118093378399179 346.0504290959275128 357.0543043737509230  -0.6761026389740777
 348.0157442752055996 344.4819564047728501 356.1453461033348110   0.4101973593795878
 349.8034251978951001 348.1971579840620468 361.7748402562862458   0.5972973599283659
 350.6991553853737536 347.5376435633234958 363.8119650286533072  -0.5679026422667466
 351.1526896575148713 349.4443772324500666 360.0551894744178592  -0.4157026406204122
 350.3155409801877340 349.8242121853682257 358.3657743106923035   0.2718973593795878
 353.8474391244865534 349.9092498613946584 360.3499867513095858  -0.0014026406204122
 354.7242720506260116 348.1385764739104768 360.9414710312269688   0.0875973593795878
 354.9019063072146518 350.6349046968204466 357.7383852342304061  -0.0152026406204122
 353.5828774657376039 351.8499986009318128 356.7198228480468755   0.0294973593795878
 356.6688002424310267 351.6402390000665728 357.9216886692207836   0.0294973593795878
 355.5274056575425652 348.3199901827669238 356.2114865180220484  -0.0011026406204122
 357.9783804532384232 347.3241045101903953 356.5006146165119841  -0.1906026406204122
 359.3370935435277922 348.3029826475616051 357.6287811184629873   0.1698973593795878
 358.6265565171733924 344.9959619131994144 355.4404782553822022  -0.2341026406204122
 360.4406936057378093 344.2211741982917075 355.7409447106756657   0.1655973593795878
 356.6517927072257078 343.5370933378122242 353.9778302277271515   0.3225973593795878
 357.1261139668399511 341.1806048488123964 353.1255637413286794  -0.5579026422667467
 355.5274056575425652 340.2867643874676730 352.9063555097937879   0.3991973593795878
 354.0798754389589029 344.7427386112539927 353.6414589758891738  -0.2341026406204122
 352.6323452203751871 343.7751988306863110 352.6285657681073802   0.1655973593795878
 353.6395692497552435 347.1011168263876971 354.7715152039740537  -0.1906026406204122
 351.8140938043872987 347.9231476946434458 354.6184473871264533   0.1698973593795878
 354.4351439521360760 351.7914170907802429 362.4759286519709942   0.5972973599283659
 356.3343187167269256 351.4437074821387373 363.7741705059749165  -0.5679026422667466
 352.8477739996422180 353.7113788428442180 362.9521396377191676  -0.4157026406204122
 351.3303239141034578 353.9816096799949583 361.8088553266968295   0.2718973593795878
 353.1576890856053329 355.3270946873469227 365.2103623677550508  -0.0875026406204122
 355.0908789206067663 356.0376317137013225 365.2424877120317043   0.0968973593795878
 351.3756773413175696 357.6344502968647781 365.1839062018801880   0.2984973593795878
 349.4576053153875248 357.0127303988046716 364.7511589172121960  -0.0297026406204122
 351.3246547357017207 359.0725318847788426 367.7048008645310904  -0.3192026406204121
 350.5234108549190974 357.8914530510780602 369.1901256057931968   0.0790973593795878
 352.2241643754482349 359.5544120489287533 363.1921348567271847  -0.3192026406204121
 350.9032458078372566 361.1323333707530136 363.1241047159060170   0.0790973593795878
 354.1120007832355565 360.2536107184796250 363.6305513197969139   0.0790973593795878
 352.2506205413230976 358.6624613137179066 361.3477621500200446   0.0790973593795878
 352.8232075599012319 353.7737398052636486 367.6235426407725181   0.5972973599283659
 354.3519960022435199 354.0307425594769307 369.3507523271765184  -0.5679026422667466
 350.9410403305157011 352.0918835460737064 367.7293673042720765  -0.4157026406204122
 349.7391745093417930 351.9463746337617734 366.2402631107421631   0.2718973593795878
 350.5574259253296813 350.4043581084820272 369.9025523582815269  -0.0597026406204122
 350.4837266061067228 351.5533115979061561 371.6146442356141923   0.0868973593795878
 348.0062956445360020 348.9908429603089489 369.6833441267466354   0.1302973593795878
 347.8853531719650015 348.1442456523122139 367.8087358018967721   0.0186973593795878
 347.7700798777958456 346.8592318812458035 371.6505490321587063  -0.3204026406204121
 345.9351558017583030 345.9427147062939704 371.5201579289181081   0.0881973593795878
 349.2119409179777169 345.4211502933316852 371.3425236723295216   0.0881973593795878
 348.0157442752055996 347.6207915132160521 373.5535032490173627   0.0881973593795878
 345.7934263417141769 350.8748999158284637 370.0140462001828761  -0.0430026406204122
 345.6327996203309093 351.4040232333264163 372.0001483669341422   0.0235973593795878
 346.1770407469001967 352.5964404238307266 368.9520201129191639   0.0235973593795878
 343.2404063347865674 349.8506683512431422 369.0937495729632362  -0.0660026406204122
 342.6224658889943214 348.2746367555528121 370.2653797759944209   0.0185973593795878
 341.8287809127474192 351.3454417231748463 369.2071331409985157   0.0185973593795878
 343.3972536039020283 349.2289484531830356 367.1341035720868865   0.0185973593795878
 352.8250972860351620 348.6299052687299851 370.2445927885212954   0.5972973599283659
 353.7416144609869950 348.3766819667845634 372.3459682494417175  -0.5679026422667466
 353.8946822778345953 347.5187463019843005 368.2414830865647641  -0.4157026406204122
 353.0802103141145677 347.7303956289834709 366.5180528524285709   0.2718973593795878
 356.1718022692097274 345.9427147062939704 368.5249420066529090  -0.0518026406204122
 355.8599974571126823 344.6595906613614366 370.1104222330128903   0.0921973593795878
 356.6253365413507914 344.3194399572555984 366.1608946131174675  -0.1102026406204122
 357.0750913612240486 345.5515413965722834 364.5716349344896791   0.0456973593795878
 358.2731777301301497 343.1364713974209393 366.5293912092320987   0.0456973593795878
 354.4011288817254921 342.5997891753872656 365.4031144334150256   0.3530973593795877
 352.9573781154096368 343.7166173205347410 364.4865972584631928  -0.0361026406204122
 355.2855207124006178 340.6306945438413182 363.4963807642885087  -0.4121026406204121
 353.6679151417640365 339.5384328384348289 362.8746608662284023   0.0999973593795878
 356.0981029499867691 341.5906754198733326 361.8636573845805390   0.0999973593795878
 356.7028153128415567 339.4004828306586170 364.3486472506869809   0.0999973593795878
 353.1557993594714026 341.1768253965445896 367.5895275703619343  -0.4121026406204121
 351.6477979046022402 340.0014157412455443 366.8411960213290902   0.0999973593795878
 354.5541966985731462 340.0203130025847933 368.5684057077331441   0.0999973593795878
 352.3186506821442654 342.5071925948251655 368.9198947686424565   0.0999973593795878
 358.5396291150130294 347.4677236963684517 369.2581557466143645   0.5972973599283659
 360.2120367435333739 346.4586099408544650 370.5186030779398426  -0.5679026422667466
 358.6549024091822392 349.8998012307250607 368.5854132429384091  -0.4157026406204122
 357.2659537007500931 350.5819923650706674 367.4572467409874058   0.2718973593795878
 360.6107689577907284 351.6534670830039773 369.4622461690778675  -0.0252026406204122
 362.4608108428996593 350.8087595011411726 369.1561105353826130   0.0697973593795878
 351.8273218873247569 345.0299769836099980 376.4976965656667132  -0.5679026422667466
 347.8154333050099573 339.9447239572279045 376.7131253449337440   0.0341973593795878
 349.5766580618245412 340.3188897317443265 375.7059013155536875   0.0240973593795878
 347.1672572410749344 338.0738950846459018 376.1518766831590840   0.0240973593795878
 345.8368900427943584 341.8968110535685870 375.8948739289458019   0.0017973593795878
 346.5266400816756325 343.7770885568202411 376.3880924498992405   0.0439973593795878
 345.6668146907414930 341.8231117343456285 373.8445210736412823   0.0439973593795878
 342.7037241127529473 341.5075274699807764 377.2498075669673640  -0.2737026406204122
 341.7494124151227236 338.4990834647781727 375.9288889993563857  -0.0536026406204122
 339.8294506630587486 338.0682259062441108 376.5392705406129643   0.0683973593795878
 341.8004350207385727 338.6105773066795218 373.8747566917840055   0.0683973593795878
 343.0079700203142715 337.0024203667125382 376.5676164326217573   0.0683973593795878
 344.4082570855498916 326.2555478431023565 373.8860950485875336   0.1429973593795878
 365.5127185491824446 312.6873142015478088 363.0409567660134608   0.0284973593795878
 363.5946465232523997 314.5864889661386583 364.9722568748809640   0.0284973593795878
 366.5388398399016963 316.9429774551384323 362.0016073923567509   0.0686973593795878
 368.5230522805190323 313.9269745454001075 359.9569237154539683   0.4477973593795878
 361.8050758744289691 319.7454413117436566 366.3933309275897635  -0.5894026395228559
 358.8004113214941722 320.6600687605615591 369.2997297215606695  -0.4157026406204122
 356.9692666977244902 321.8543756771998000 367.5989762010315320  -0.0875026406204122
 357.7024804376859458 321.8241400590570229 365.6733452705657660   0.0968973593795878
 354.4238055953325481 320.4446399812945283 367.5668508567548785   0.2984973593795878
 353.3239849853903914 321.1702948167202629 365.9813706303949506  -0.0297026406204122
 354.8149789050542351 317.6138302326805111 367.1700083686314005  -0.3192026406204121
 353.0178493516951370 316.7615637462819853 366.6503336818030455   0.0790973593795878
 356.1793611737453948 317.3322610387262429 365.6733452705657660   0.0790973593795878
 355.5198467530068978 316.7105411406661363 368.8821002459640658   0.0790973593795878
 352.8477739996422180 320.7394372581862547 369.9592441422991665  -0.3192026406204121
 351.0506444462831199 319.7567796685471845 369.7400359107642751   0.0790973593795878
 352.4622698683222680 322.7312086033392582 370.3315201906816583   0.0790973593795878
 356.7273817525825430 324.6303833679301076 368.3662050114035715   0.5972973599283659
 357.8045256489176973 325.4146197135074122 370.2710489543961582  -0.5679026422667466
 355.3516611270879088 326.1327156443974792 366.8922186269449929  -0.4157026406204122
 354.3595549067792410 325.3749354646950913 365.4560267651648048   0.2718973593795878
 354.9226932946877775 328.7953397670925615 367.4931515375319200  -0.0014026406204122
 355.5425234666139536 329.1260418405287483 369.4225619202655465   0.0875973593795878
 356.4930557119763166 330.5168802750947707 365.7224781500477384  -0.0152026406204122
 356.1869200782810623 329.9310651735792322 363.7703910537070559   0.0294973593795878
 355.8637769093805428 332.4689673714354532 365.8906637759667271   0.0294973593795878
 359.2955195685815409 330.4960932876216451 366.3290802390364563  -0.0011026406204122
 360.0759764618910385 330.7228604236922040 368.8669824368926775  -0.1906026406204122
 358.7361606329408651 331.0856878414050982 370.3598660826904514   0.1698973593795878
 362.6044300290776620 330.3184590310330586 369.5264968576311745  -0.2341026406204122
 364.4110082131063578 329.8460274975527456 367.6424399021117135   0.3225973593795878
 363.6815739254127627 329.8309096884813573 365.0818609906484366  -0.2341026406204122
 365.1007582519876319 329.4189493912865446 363.6853533776806232   0.1655973593795878
 361.1191052878155554 330.1332658699088048 364.4185671176420789  -0.1906026406204122
 360.5502977215052281 329.9650802439898158 362.4683697474353267   0.1698973593795878
 352.1334575210200114 329.4737514491702539 367.6405501759777831   0.5972973599283659
 350.4761677015710554 327.9109479364173820 367.1794569993009982  -0.5679026422667466
 351.7120485931555473 331.8359091165718187 368.4039995340819621  -0.4157026406204122
 353.2408370354978353 332.8828173947641962 368.8348570926160238   0.2718973593795878
 349.2743018803971475 332.9413989049157662 368.9841454571958174   0.0336973593795878
 348.2500703158118260 331.6526056815814414 370.2275852533159766   0.0822973593795878
 349.8525580773770186 335.3715867131384986 370.4789188291275216  -0.1825026406204122
 348.1121203080355604 336.2295223779387617 371.1743380464105328   0.0602973593795878
 351.0109601974707989 334.9123832625956438 372.1248702917728959   0.0602973593795878
 350.8711204635606030 336.7095128159547419 369.3035091738284763   0.0602973593795878
 347.6283504177517193 333.3344619407713836 366.6030905284550036   0.5972973599283659
 347.6888216540372196 331.8548063779110677 364.8135198796315727  -0.5679026422667466
 346.1581434855610012 335.3867045222098871 366.5728549103122802  -0.4157026406204122
 346.3319982898817273 336.5356580116339623 368.0827460913153729   0.2718973593795878
 344.0567680246405792 336.0084244202699398 364.8380863193725590  -0.0875026406204122
 342.5015234164233747 334.7290798276052665 365.2670541517726904   0.0968973593795878
 343.2271782518491092 338.7674245757949827 365.3898863504775674   0.2984973593795878
 341.3865849974098297 339.0546629481509880 364.5149431504720395  -0.0297026406204122
 342.9985213896446738 339.3456807727749077 368.2339241820290430  -0.3192026406204121
 342.2142850440673694 341.2316274544282989 368.4928166623762554   0.0790973593795878
 341.7513021412566540 337.9756293256819570 369.1220954649720293   0.0790973593795878
 344.8334454656822162 339.3286732375695888 369.1655591660522644   0.0790973593795878
 345.0507639710831236 340.7610856470819163 364.3127424541424669  -0.3192026406204121
 344.3704625628715009 342.6508117810031682 364.7757253569531821   0.0790973593795878
 346.9404901050043755 340.5192007019399690 365.1007582519876319   0.0790973593795878
 345.1509194561809449 340.6117972825021228 362.2623895988378935   0.0790973593795878
 344.5424276410583504 335.7533113921905880 361.9845998571514857   0.5972973599283659
 342.7509672661009894 335.9857477066628841 360.5427388169695607  -0.5679026422667466
 346.8592318812458035 335.2222983485587051 361.1342230968869439  -0.3479026406204122
 348.1555840091157418 334.8160072297656295 362.4740389258370639   0.2746973593795878
 347.5829969905376076 334.7744332548193782 358.4829373309953897  -0.2637026406204122
 347.4771723270380492 336.5356580116339623 357.4284701482673450   0.1559973593795878
 350.2853053620450106 333.7331941550287917 358.2712880039962194  -0.0007026406204122
 350.4818368799728463 332.0399995390353217 359.4315798502238763   0.0326973593795878
 350.5517567469278905 333.1851735761915901 356.3021933724502719   0.0326973593795878
 352.3545554786887793 335.6285894673517807 359.0063914700916052   0.0389973593795878
 351.9652718951010224 337.4578443649875323 358.1390071746217448   0.0284973593795878
 352.3526657525548490 335.8477976988866722 361.0529648731283180   0.0284973593795878
 354.9718261741696960 334.7064031139982107 358.1465660791574120   0.0485973593795878
 356.3891207746106349 336.0462189429483844 358.8193085828333675   0.0686973593795878
 355.3611097577575066 332.8714790379606682 358.9988325655558841   0.0686973593795878
 355.1173350864816290 334.5892400936950706 355.3648892100253134  -0.5295026406204122
 354.6071090303229254 336.2011764859299149 354.4332542260021456   0.3455973593795878
 355.3554405793557158 332.6012482008099280 353.8795644687632069   0.8075973604771440
 355.8278721128360288 330.3335768401044471 354.7318309551617327  -0.8627026400716341
 356.0943234977189621 330.0746843597572348 356.5818728402706100   0.4477973593795878
 355.9412556808713080 328.8973849783242592 353.4997295158450478   0.4477973593795878
 355.1135556342138222 332.8412434198179450 351.4550458389422652  -0.8627026400716341
 354.7412795858313303 334.5627839278202081 350.6575814104275025   0.4477973593795878
 355.2250494761151713 331.3748159398950336 350.2645183745718852   0.4477973593795878
 345.8255516859908305 332.8979352038355846 357.1450112281791464   0.7340973577332534
 344.6860468272363530 333.4629633178780514 355.2137111193116433  -0.5894026395228559
 345.3720174138497665 330.7190809714243434 358.3242003357459985  -0.4157026406204122
 346.2715270535962807 330.3864891718542263 359.9720415245253568   0.2718973593795878
 343.6145721093029894 328.8161267545656870 357.3283146631695237  -0.0014026406204122
 344.0699961075780374 328.5024322163347652 355.3422124964182576   0.0875973593795878
 343.9811789792836904 326.3065704487182590 358.7607270726818512  -0.0152026406204122
 344.0095248712925371 326.6769567709668204 360.7884032143793149   0.0294973593795878
 342.3333377905043858 325.1254916150174765 358.3978996549689570   0.0294973593795878
 346.3131010285425320 324.7664436495724430 358.0483003201935211  -0.0011026406204122
 345.9899578596420125 322.6253839398396462 356.4741584506371213  -0.1906026406204122
 344.1493646052027330 322.1586215847611240 355.7919673162915146   0.1698973593795878
 348.0422004410804623 321.0701393316224417 355.7957467685593752  -0.2341026406204122
 347.7889771391350409 319.4487543087179998 354.6278960177960510   0.1655973593795878
 350.6708094933649607 321.7466612875662576 356.7273817525825430   0.3225973593795878
 352.7041548134642153 320.3199180564557209 356.0621981534422549  -0.5579026422667467
 354.3274295625025873 321.0852571406938302 356.4703789983692608   0.3991973593795878
 350.9089149862390475 324.0596860754859037 358.4186866424420827  -0.2341026406204122
 352.7098239918659524 324.5869196668499262 359.1462312040017474   0.1655973593795878
 348.7111634924886108 325.4448553316501354 359.0233990052968704  -0.1906026406204122
 348.8661210354701416 327.0322252841439934 360.2573901707474320   0.1698973593795878
 340.8064390742960280 329.6457165273571033 357.3850064471871634   0.5972973599283659
 339.2341869308735049 328.3984972789690835 356.2077070657542416  -0.5679026422667466
 340.1488143796914074 331.7055180133312743 358.7059250147980880  -0.4157026406204122
 341.5509911710610117 332.7203009472469983 359.5147278001164324   0.2718973593795878
 337.6392580738439795 332.9073838345051823 358.6435640523787113  -0.0237026406204122
 336.2200737472691102 331.4995378647338410 358.1711325188983983   0.0879973593795878
 336.9381696781592311 333.9864174569742132 361.2532758433239605   0.0341973593795878
 338.2817649593772115 335.4528449368971245 361.7672813517505248   0.0240973593795878
 335.1032456021216885 334.8972654535242555 361.1247744662172925   0.0240973593795878
 336.8569114544006052 332.0437789913031823 363.4075636359941617   0.0017973593795878
 338.5746725101350076 330.9080535848165116 363.3924458269228271   0.0439973593795878
 336.8550217282666749 333.1152537092364921 365.1687883928087995   0.0439973593795878
 334.1281469170182857 329.9575213394540947 363.5568520005739554  -0.2737026406204122
 334.7234106492034757 327.7295342275609350 361.0302881595212622  -0.0536026406204122
 333.8220112833230851 325.9361841264696974 361.4857121577962563   0.0683973593795878
 333.9353948513583643 328.4381815277814045 359.2652839504388177   0.0683973593795878
 336.7491970647670628 327.4422958552049296 360.8148593802542314   0.0683973593795878
 337.4351676513804765 334.9596264159436322 356.6026598277437356   0.5972973599283659
 335.5662285049324040 334.9879723079524790 355.2156008454455736  -0.5679026422667466
 339.3135554284982003 336.6377032228657137 356.3513262519322443  -0.5163026406204122
 340.8404541447066119 336.5092018457590995 357.5040591936241799   0.2935973593795878
 337.5447717671479490 339.5459917429705500 354.3803418942523665   0.1104973593795878
 339.4704026976136614 337.3142251788095296 351.7233869499590752   0.5365973593795877
 337.9264964462000385 337.9737395995480805 350.1152300099920915  -0.5819026422667466
 341.0237575796969355 335.3394613688618450 351.3945746026567649  -0.4157026406204122
 342.3314480643704556 334.9766339511489511 352.7513979668122574   0.2718973593795878
 341.3336726656600505 334.0468886932597135 348.9700559728358233  -0.0275026406204122
 342.1783802475228552 335.3583586302010404 347.6226812393499822   0.1122973593795878
 343.0023008419124806 331.6828412997242185 349.3839059961645663  -0.0050026406204122
 342.4693980721467212 330.7965597429151625 351.1696971927201365   0.0338973593795878
 342.4996336902894444 330.3468049230419053 347.8985812549024597   0.0338973593795878
 345.8425592211961493 331.8037837722951652 349.2648532497275497  -0.1415026406204122
 347.2806408091102137 333.7407530595644591 348.4258148462664821  -0.1638026406204122
 346.5984496747646607 335.5907949446733364 347.9042504333042505   0.2061973593795878
 349.7372847832078627 332.9376194526479056 348.0781052376249765  -0.3418026406204122
 351.0941081473633013 334.0544475977953809 347.2598538216370883   0.3411973593795878
 350.0396409646352566 330.4431809558718659 348.7489580151670553   0.1379973593795878
 352.0729862847345111 328.7405377092087983 348.5902210199176641  -0.2601026406204122
 353.7756295313975789 329.2809993835102790 347.6604757620283729   0.1571973593795878
 351.8311013395926175 326.3046807225843287 349.6220114890386531  -0.1134026406204122
 353.3674486864705730 324.9988799640447389 349.5161868255390411   0.1416973593795878
 349.5615402527531528 325.5828053394264010 350.7993108704715749  -0.1972026406204122
 349.4028032575037616 323.7403223588531912 351.6005547512541982   0.1446973593795878
 347.4828415054397865 327.2438746111431638 350.8692307374266727  -0.2387026406204122
 345.7650804497053839 326.6656184141632925 351.7385047590304637   0.1699973593795878
 347.6377990484213171 329.7477617385888547 349.7505128661453209   0.1242973593795878
 338.8014396462055666 333.1832838500576598 347.8494483754205411   0.5972973599283659
 338.4858553818407145 333.1984016591290483 345.5458722181704926  -0.5679026422667466
 336.9778539269715521 332.4576290146319252 349.4443772324500666  -0.4157026406204122
 337.3066662742738622 332.6560502586936373 351.3152061050320693   0.2718973593795878
 334.4512900859188589 331.7508714405453860 348.6053388289889988   0.0336973593795878
 334.6383729731770430 330.3449151969079750 347.1124551831912249   0.0822973593795878
 333.0358852116118501 330.5225494534965615 350.8163184056768937  -0.1825026406204122
 331.1839536003689891 329.8781528418293993 350.1813704246793289   0.0602973593795878
 334.1035804772773533 328.9049438828599803 351.5192965274955722   0.0602973593795878
 332.7864413619342354 331.8774830915181237 352.3488863002870422   0.0602973593795878
 333.0132084980047944 333.9996455399116714 347.4601647918327306   0.5972973599283659
 332.1968468081507826 333.8409085446622804 345.2850900116894037  -0.5679026422667466
 332.7032934120416794 336.0821237394928983 348.8604518570684045  -0.4157026406204122
 333.6557153835379728 336.2144045688673731 350.5177416765173067   0.2718973593795878
 331.3313522388148522 338.3195594820556558 347.9231476946434458  -0.0875026406204122
 329.5172151502504355 337.6619347874510352 347.2088312160212392   0.0968973593795878
 330.6718378180763551 340.1866089023698519 350.0660971305101730   0.2984973593795878
 329.5361124115896845 339.1623773377845304 351.4474869344065977  -0.0297026406204122
 332.9602961662549615 341.2524144419014246 351.4644944696118629  -0.3192026406204121
 332.3499146249984366 342.6262453412621821 352.8704507132492737   0.0790973593795878
 333.9353948513583643 339.7255157256930669 352.4320342501795446   0.0790973593795878
 334.2415304850535652 342.1708213429871341 350.1435759020009383   0.0790973593795878
 329.0542322474397201 342.3843603961202346 349.0985573499424911  -0.3192026406204121
 328.4287328971118067 343.5446522423478916 350.6840375763024190   0.0790973593795878
 330.1389350483105419 343.5597700514192799 347.7984257698046384   0.0790973593795878
 327.3950527018568876 341.6416980254891815 348.1291278432408791   0.0790973593795878
 332.6957345075060120 339.5176458509617033 345.6630352384736325   0.5972973599283659
 331.4674125204571875 340.0618869775310446 343.7600810216149224  -0.5679026422667466
 335.2071805394873166 339.6461472280683712 345.7140578440894814  -0.4157026406204122
 336.1236977144391496 339.1529287071149326 347.3316634147261164   0.2718973593795878
 336.1123593576356215 342.5374282129678887 343.1874940030367882   0.0863973593795878
 336.4619586924110575 339.0830088401598348 341.2108404669551733   0.5972973599283659
 335.9611812669218978 340.1242479399504213 339.1869437775255165  -0.5679026422667466
 336.6074676047229905 336.5621141775088787 341.3733569144723715  -0.4157026406204122
 337.0421046155248591 335.7627600228601858 343.0646618043319112   0.2718973593795878
 336.1596025109836636 334.9237216193991719 339.1963924081951141   0.0336973593795878
 337.4162703900412812 335.5170956254504316 337.6732731442545633   0.0822973593795878
 336.8077785749186328 332.1987365342847129 339.9409445049600977  -0.1825026406204122
 336.4865251321520436 330.9345097506913744 338.3497951001983790   0.0602973593795878
 338.7901012894020385 332.0759043355798359 340.4946342621989827   0.0602973593795878
 335.6285894673517807 331.5940241714299251 341.5207555529182346   0.0602973593795878
 333.4327276997352745 335.1315914941304816 338.1967272833507788   0.5972973599283659
 333.0321057593439897 334.9634058682114928 335.9063792090381885  -0.5679026422667466
 331.5373323874122855 335.5303237083878898 339.8351198414604857  -0.4157026406204122
 331.9474029584731679 335.6002435753429878 341.7116178924442793   0.2718973593795878
 328.9295103226009664 336.0159833248056609 338.9639560937228182  -0.0389026406204122
 328.4551890629867231 334.5665633800880149 337.5844560159602700   0.1006973593795878
 326.8772677411624629 335.8440182466188115 341.0199781274291287   0.3653973593795878
 325.0782484616694345 336.2068456643317057 340.0826739650041700   0.0042973593795878
 326.6259341653509179 333.2267475511378949 342.2029466872638413  -0.2438026406204122
 325.2785594318650770 333.2985571442268694 343.7600810216149224   0.0641973593795878
 325.9286252219339763 331.9096084357947772 340.7894315390907094   0.0641973593795878
 328.4362918016474741 332.5653434042654138 342.9059248090825200   0.0641973593795878
 327.0624609022867705 337.6619347874510352 342.9493885101627014  -0.6761026389740777
 328.7821116841551033 338.2968827684486001 343.0778898872693694   0.4101973593795878
 328.6781767467894214 338.5425471658583541 337.5882354682281306   0.5972973599283659
 327.3459198223749152 338.6389231986883147 335.6777223468337531  -0.5679026422667466
 329.9990953144003460 340.5173109758060387 338.4631786682336585  -0.4157026406204122
 331.0630111277980422 340.2829849351998125 340.0467691684596561   0.2718973593795878
 330.1105891563017488 342.9947419373768133 337.2424155857205551  -0.0252026406204122
 328.2189732962465666 343.8054344488290342 337.1403703744888037   0.0697973593795878
 331.3162344297434637 344.2438509118987633 338.3516848263323094   0.0697973593795878
 331.1934022310385867 342.8152179546542965 334.5760120107576663   0.5972973599283659
 329.9008295554364551 343.5276447071426264 332.7732132789967772  -0.5679026422667466
 333.4232790690656767 341.6416980254891815 334.3095606258747327  -0.4157026406204122
 334.3775907666959004 341.1503692306696732 335.9007100306364514   0.2718973593795878
 334.6119168073021266 341.1806048488123964 331.8453577472414165  -0.0518026406204122
 335.0144284738273954 342.9890727589750760 330.9363994768253045   0.0921973593795878
 337.1271422915513455 339.7538616177018597 332.2214132478917687  -0.1102026406204122
 336.7189614466243396 337.9661806950123594 333.1624968625845341   0.0456973593795878
 337.9057094587269128 339.3192246068999913 330.3600330059793099   0.0456973593795878
 339.1642670639184605 341.1598178613392708 333.7634297731715149   0.3530973593795877
 338.4027074319481582 341.7588610457923214 335.5700079572002107  -0.0361026406204122
 341.3828055451419690 339.3740266647837006 334.2604277463928142  -0.4121026406204121
 342.8322254898596151 340.3661328850923686 335.3300127381922475   0.0999973593795878
 340.7346294812069999 337.7583108202810497 335.3583586302010404   0.0999973593795878
 342.1557035339157992 338.7239608747148011 332.4651879191675926   0.0999973593795878
 340.1733808194323937 343.4917399105981124 332.4103858612838833  -0.4121026406204121
 341.6511466561588327 344.3950290026124871 333.5234345541634980   0.0999973593795878
 340.8820281196528632 342.9758446760376178 330.5603439761750060   0.0999973593795878
 338.6445923770901057 344.8334454656822162 332.1496036548027405   0.0999973593795878
 332.8865968470320567 339.7122876427556086 330.0538973722841092   0.5972973599283659
 332.4047166828821462 340.5513260462166226 327.9449630068279658  -0.5679026422667466
 331.8737036392502630 337.5447717671479490 330.8815974189415952  -0.4157026406204122
 332.3158995545878528 336.9381696781592311 332.6447119018901094   0.2718973593795878
 330.2901131390242657 335.9725196237254259 329.2318665040283603  -0.0597026406204122
 331.3710364876272269 335.5718976833341411 327.5254438050974320   0.0868973593795878
 329.6324884444196451 333.4346174258692048 330.5282186318982986   0.1302973593795878
 328.9748637498150781 333.8598058060014757 332.4368420271587997   0.0186973593795878
 327.4782006517494437 332.0022050163568774 329.1884028029481788  -0.3204026406204121
 327.2249773498039685 330.1502734051140698 330.0538973722841092   0.0881973593795878
 325.7113067165330690 333.0453338422814479 329.3622576072689047   0.0881973593795878
 327.9071684841495215 331.7735481541524420 327.1852931009916475   0.0881973593795878
 331.9833077550176820 331.7074077394652046 330.7701035770402461  -0.0430026406204122
 333.5102064712260398 332.7751030051307076 331.6393775986440369   0.0235973593795878
 331.5203248522069666 330.1540528573819304 332.0456687174371125   0.0235973593795878
 333.0150982241386708 330.5660131545767431 328.3059006984069297  -0.0660026406204122
 333.5272140064313584 332.0551173481067102 326.9774232262602841   0.0185973593795878
 334.7026236617303501 329.4624130923667260 328.7310890785392006   0.0185973593795878
 331.6223700634387182 329.3187939061887233 327.4441855813388600   0.0185973593795878
 327.9619705420332847 337.4408368297822673 328.3588130301567088   0.5972973599283659
 327.3704862621159015 337.3557991537557809 326.1119286569243538  -0.5679026422667466
 326.6637286880293622 338.8033293723394967 330.0520076461501789  -0.4157026406204122
 327.3100150258304549 338.9186026665087065 331.8566961040449444   0.2718973593795878
 324.4773155510824537 340.3340075408157151 329.3187939061887233  -0.0275026406204122
 323.1261613653288059 341.3960336280794272 331.6507159554475648  -0.0050026406204122
 322.6310531182414369 339.8370095675944160 332.9054941083712520   0.0338973593795878
 324.4225134931987442 342.6319145196639192 332.6730577938989562   0.0338973593795878
 324.2373203320744902 347.1691469672088646 330.2050754629977793   0.1699973593795878
 325.1878525774368533 342.4429419062718047 327.4668622949459157   0.5972973599283659
 327.3572581791784433 343.6844919762580873 327.8164616297213517  -0.4157026406204122
 328.4495198845849323 343.2290679779830395 329.3320219891261815   0.2718973593795878
 328.3191287813443879 345.6252407157951882 326.0968108478529653  -0.0518026406204122
 326.8715985627607258 347.0746606605127806 325.8681539856485299   0.0921973593795878
 330.6453816522014387 346.8384448937726242 327.3648170837141644  -0.1102026406204122
 330.0633460029537068 347.4091421862168817 329.2564329437693464   0.0456973593795878
 332.1174783105260870 345.4154811149299481 327.5972533981864602   0.0456973593795878
 331.8245707597682908 349.1703669430314656 326.0835827649155607   0.3530973593795877
 330.3675919105150310 350.5971101741420023 325.7793368573542365  -0.0361026406204122
 333.8050037481177662 350.2588491961700942 327.8788225921407284  -0.4121026406204121
 334.6402626993109733 351.9728307996366899 327.1286013169740079   0.0999973593795878
 332.9546269878532244 350.6915964808380864 329.7024083113747429   0.0999973593795878
 335.3016668461834007 348.8717902138719324 328.1622815122289270   0.0999973593795878
 333.1247023399061435 348.5940004721854709 323.5645778283985350  -0.4121026406204121
 334.4569592643205960 350.0793252134475775 323.0864771165164312   0.0999973593795878
 334.1886181533037860 346.8365551676387475 323.7195353713800655   0.0999973593795878
 331.7395330837418581 348.4295942985343426 322.0584660996632490   0.0999973593795878
 328.8595904556458686 344.5140817490495036 323.4738709739703115   0.5972973599283659
 330.3713713627828377 342.5053028686912352 323.3548182275332412  -0.5163026406204122
 331.1801741481011284 341.9100391365060452 324.9988799640447389   0.2935973593795878
 331.2311967537170310 341.3412315701957179 321.0002194646673975   0.0380973593795878
 332.1968468081507826 342.7736439797080452 319.8815015933859918   0.0879973593795878
 333.1095845308347550 339.1982821343290444 321.5633578525758803  -0.0303026406204122
 332.1741700945437268 337.7583108202810497 322.7066421635982721  -0.0122026406204122
 333.6632742880736938 338.3271183865913233 319.7775666560203101  -0.0122026406204122
 335.5019778163790430 340.0467691684596561 322.9258503951331097   0.7993973582820314
 336.7284100772939374 338.3856998967428932 324.0691347061555015  -0.8014026395228560
 336.2011764859299149 342.2917638155581347 322.6650681886520208  -0.8014026395228560
 325.6243793143726523 325.4618628668554543 329.4775309014381145   0.0602973593795878
 322.9560860132758868 324.7267594007600684 333.8994900548138503   0.5972973599283659
 324.6398319985997054 323.9935456607986127 335.3224538336565264  -0.5679026422667466
 323.2263168504266269 328.5685726310220026 337.3104457265417228   0.0868973593795878
 319.7435515856097263 331.6790618474563578 339.3948136522568262  -0.3204026406204121
 321.6729619683433528 332.3650324340697715 339.5970143485863988   0.0881973593795878
 322.3872784469655594 332.8771482163624591 334.1375955476879371  -0.0660026406204122
 323.7459915372549283 331.3615878569575754 333.8276804617248222   0.0185973593795878
 322.3343661152157802 334.0714551330006459 332.4595187407658555   0.0185973593795878
 322.9976599882221379 334.0298811580543948 335.7325244047174624   0.0185973593795878
 322.0206715769848584 326.1459437273349375 341.1862740272141872  -0.5679026422667466
 324.0388990880127244 317.8802816175633908 339.3248937853017284  -0.0275026406204122
 323.5796956374698697 316.5158993488722311 340.8007698958942372   0.1122973593795878
 324.1352751208427389 316.4289719467118681 336.8210066578560910  -0.0050026406204122
 324.1352751208427389 317.7650083233941812 335.2544236928353587   0.0338973593795878
 325.9135074128626416 315.3877328469212278 336.7473073386331864   0.0338973593795878
 325.3050155977399934 306.1394131475106644 336.0575572997519122   0.1446973593795878
 324.1919669048603785 310.0624846015311711 336.2295223779387617  -0.2387026406204122
 326.0968108478529653 310.7673524494837798 336.4033771822594875   0.1699973593795878
 326.6164855346813203 318.9857714059073383 340.0562177991292536   0.5972973599283659
 328.1282664418183432 317.6232788633501087 341.1787151226785197  -0.5679026422667466
 327.1191526863044101 321.4102900357282799 339.5270944816313010  -0.4157026406204122
 325.8549259027110717 322.4250729696440037 338.5047526431799098   0.2718973593795878
 329.5209946025182960 322.6102661307682576 340.2621979477266869  -0.0389026406204122
 331.0252166051195979 321.3762749653176960 339.6310294189969827   0.1006973593795878
 329.9745288746594136 325.1406094240888112 338.9034848574373179   0.3653973593795878
 329.6891802284372847 324.8628196824024036 336.8814778941415913   0.0042973593795878
 328.3512541256210414 327.3534787269106363 339.7727588790411089  -0.2438026406204122
 328.6555000331823656 328.9578562146097595 338.5198704522512983   0.0641973593795878
 326.3764903156733568 326.8186862310108929 339.6896109291485527   0.0641973593795878
 328.8444726465744800 327.9033890318817147 341.6965000833729447   0.0641973593795878
 332.4821954543729114 325.8832717947198646 339.3059965239625331  -0.6761026389740777
 332.7165214949791376 327.5613486016419462 338.6521512816257729   0.4101973593795878
 329.8101227010082316 322.7671133998837185 343.1326919451530789   0.5972973599283659
 331.6507159554475648 321.8090222499856880 344.1777104972115259  -0.5679026422667466
 327.8826020444085891 323.7063072884426073 344.4800666786389197  -0.4157026406204122
 326.3746005895394267 324.4376313022701327 343.5673289559549473   0.2718973593795878
 327.9544116374975636 323.8007935951386915 347.2617435477710184  -0.0875026406204122
 329.7061877636426036 324.7399874836975266 347.8059846743403059   0.0968973593795878
 325.7736676789524457 325.3730457385611609 348.3861305974541612   0.2984973593795878
 326.1327156443974792 325.5828053394264010 350.4043581084820272  -0.0297026406204122
 325.6980786335956108 328.0281109567205221 347.2220592989586438  -0.3192026406204121
 324.3677114353150347 329.2054103381534439 348.2651881248832143   0.0790973593795878
 327.5613486016419462 328.8992747044581895 347.3335531408599929   0.0790973593795878
 325.1065943536782276 327.9506321852297566 345.2491852151448895   0.0790973593795878
 323.1545072573375988 324.1711799173872529 348.0799949637589069  -0.3192026406204121
 322.7274291510713975 323.8933901757007916 346.0844441663380429   0.0790973593795878
 323.0656901290433056 322.3664914594924337 349.0645422795319074   0.0790973593795878
 328.0659054793989127 321.1457283769793305 348.4069175849272868   0.5972973599283659
 329.3981624038134189 320.7583345195254501 350.2645183745718852  -0.5679026422667466
 326.8281348616804905 319.2711200521294133 347.2409565602978928  -0.4157026406204122
 325.7698882266845853 319.6849700754581563 345.7083886656877443   0.2718973593795878
 326.9849821307959514 316.6462904521128292 348.0743257853571697   0.0336973593795878
 326.3953875770125521 316.5593630499524125 350.0490895953048541   0.0822973593795878
 325.1500580547584627 315.0305746076101245 346.5153017248721046  -0.1825026406204122
 325.1462786024906022 313.1049436771443586 347.2522949171014208   0.0602973593795878
 323.2452141117658223 315.8072520486517616 346.6494722803805097   0.0602973593795878
 325.7320937040061944 314.9852211803960127 344.5424276410583504   0.0602973593795878
 329.7099672159104104 315.6333972443310358 347.9571627650540296   0.5972973599283659
 330.6340432953979107 314.6394012978884374 349.8487786251092118  -0.5679026422667466
 331.0497830448605840 315.9603198654994157 345.8274414121247608  -0.4157026406204122
 330.2655466992832796 316.8768370404511949 344.3364474924609171   0.2718973593795878
 333.6802818232789589 315.1042739268330830 345.6630352384736325  -0.0014026406204122
 333.7067379891538753 313.1824224486351775 346.4019181568368252   0.0875973593795878
 334.6005784504985987 314.9266396702444428 342.9021453568146595  -0.0152026406204122
 335.8459079727527418 313.3071443734739312 342.8189974069221569   0.0294973593795878
 332.9962009627994755 314.4976718378443651 341.6851617265694166   0.0294973593795878
 336.0972415485642332 317.1073836287896143 341.7777583071315167  -0.0011026406204122
 334.9974209386220765 318.5454652167036788 339.8200020323890971  -0.1906026406204122
 333.1549379580488667 318.0522466957502402 339.1699362423201976   0.1698973593795878
 336.2559785438136244 320.6298331424187822 338.7466375883218571  -0.2341026406204122
 335.3923737006116242 321.7655585489054529 337.3255635356130577   0.1655973593795878
 338.8732492392945947 321.3063550983625982 339.7066184643538179   0.3225973593795878
 340.1696013671645331 323.3132442525869900 338.7712040280628432  -0.5579026422667467
 341.3979233542133576 323.9122874370400406 339.9674006708349605   0.3991973593795878
 340.0373205377900583 319.5829248642264586 341.6776028220336955  -0.2341026406204122
 341.8949213274346566 319.9363036512697013 342.3654631347810393   0.1655973593795878
 338.6011286760099241 317.5514692702610805 342.6092378060568632  -0.1906026406204122
 339.4231595442656730 316.3514931752211028 344.0076351451586068   0.1698973593795878
 335.4604038414327919 316.6141651078361220 347.3713476635384374   0.5972973599283659
 337.2367464073187643 315.5067855933582981 348.3747922406506333  -0.5679026422667466
 334.9747442250150207 319.0556912728623825 347.8040949482064294  -0.4157026406204122
 333.5839057904489983 319.9155166637965757 346.8006503710942335   0.2718973593795878
 336.4808559537502528 320.5731413584011426 349.5690991572888739  -0.0237026406204122
 338.4688478466354493 320.3369255916609861 349.0853292670050329   0.0879973593795878
 335.8156723546099650 323.3907230240777552 349.3461114734861757   0.0341973593795878
 333.7804373083767801 323.6326079692196488 349.5558710743514157   0.0240973593795878
 336.7189614466243396 324.4092854102612860 350.8919074510337287   0.0240973593795878
 336.6547107580710325 324.5944785713855936 346.8422243460404846   0.0017973593795878
 335.5530004219949457 323.7932346906029704 345.3058769991625291   0.0439973593795878
 336.2125148427334428 326.5994779994760551 346.9291517482008476   0.0439973593795878
 339.9579520401653627 324.2977915683599369 345.9653914199010264  -0.2737026406204122
 341.5056377438468999 325.1632861376958672 348.8812388445415299  -0.0536026406204122
 343.4955193628659728 325.4732012236589822 348.4787271780163150   0.0683973593795878
 340.6609301619840950 326.8810471934303233 349.6371292981100415   0.0683973593795878
 341.3166651304547316 323.6458360521571070 350.2607389223040245   0.0683973593795878
 336.2200737472691102 319.6641830879850307 352.3092020514746676   0.5972973599283659
 338.1381457731992088 319.3315912884149136 353.5828774657376039  -0.5679026422667466
 333.9146078638851850 319.1161625091478827 353.2049322389533212  -0.4157026406204122
 332.3858194215428970 319.4374159519144719 352.0899938199398300   0.2718973593795878
 333.5404420893688166 318.0579158741519774 355.7466138890774028  -0.0518026406204122
 334.5722325584898056 319.2238768987813712 357.0958783486972279   0.0921973593795878
 330.7266398759600645 318.0749234093572962 356.4817173551727887  -0.1102026406204122
 329.6721726932320197 316.9391980028706255 355.1211145387494894   0.0456973593795878
 330.5660131545767431 317.1546267821376027 358.3223106096121221   0.0456973593795878
 329.4832000798398516 320.7035324616417407 356.6688002424310267   0.3530973593795877
 329.2639918483050138 321.5104455208261011 354.7979713698489701  -0.0361026406204122
 326.8564807536893372 320.4181838154196119 357.8404304454621577  -0.4121026406204121
 325.9172868651304484 322.2493284391892938 357.8876735988101997   0.0999973593795878
 325.7320937040061944 319.1218316875496735 356.7009255867076802   0.0999973593795878
 327.0152177489387284 319.6849700754581563 359.7585024713922563   0.0999973593795878
 330.9836426301733466 322.5894791432951320 358.2637290994605521  -0.4121026406204121
 329.9140576383739133 324.3355860910383812 358.4791578787275829   0.0999973593795878
 331.3672570353593664 321.7957941670482298 360.1269990675068876   0.0999973593795878
 332.7618749221932493 323.0486825938379867 357.3320941154373844   0.0999973593795878
 334.6610496867840990 315.3952917514569489 355.9960577387550175   0.5972973599283659
 335.9177175658417163 314.8510506248876078 357.8744455158727415  -0.5679026422667466
 334.3719215882941633 313.7739067285525071 354.0779857128249726  -0.4157026406204122
 333.2645420738162855 314.2784636063094736 352.5945506976967965   0.2718973593795878
 335.6607148116284342 311.3153730283209816 354.0175144765394725  -0.0024026406204122
 335.1712757429428562 310.2571263933250763 355.7163782709346796   0.0977973593795878
 334.8367942172387552 309.7960332166482912 351.6780335227449634  -0.0343026406204122
 335.4074915096830127 310.8637284823137941 350.0112950726264098   0.0294973593795878
 335.8912613999668536 308.0253598291640559 351.6685848920753659   0.0294973593795878
 332.0532276219727799 309.1365187959097404 351.3718978890497091   0.0117973593795878
 330.3524741014436424 309.1535263311150591 353.4298096488899497  -0.1256026406204122
 330.9817529040394163 309.6561934827380953 355.2779618078649505   0.1329973593795878
 327.7900054638464353 308.5450345159924109 353.0537541482396512  -0.1704026406204122
 326.5125505973156384 308.5903879432065226 354.6127782087246625   0.1429973593795878
 326.9112828115730467 307.9063070827270393 350.6254560661508490  -0.1072026406204122
 324.9648648936341550 307.4584419889876588 350.3457765983305109   0.1296973593795878
 328.5988082491647260 307.8685125600485950 348.5713237585784151  -0.1704026406204122
 327.9392938284262287 307.3923015743004214 346.7250613257373983   0.1429973593795878
 331.1593871606280028 308.4788941013051735 348.9492689853626976  -0.1256026406204122
 332.4236139442213415 308.4675557445016456 347.3807962942080350   0.1329973593795878
 338.5501060703940215 311.6063908529448474 354.0458603685483190   0.5972973599283659
 339.8464581982640136 310.1418530991558665 355.2987487953380760  -0.5679026422667466
 339.5667787304436757 313.5358012356784203 352.7797438588210502  -0.4157026406204122
 338.4159355148856164 314.6356218456205770 351.7139383192894776   0.2718973593795878
 342.2426309360761623 314.2009848348187083 352.8572226303118155  -0.0252026406204122
 343.3689077118932354 312.5984970732534618 352.2128260186447070   0.0697973593795878
 342.5638843788427514 315.7826856089107755 351.5778780376471422   0.0697973593795878
 343.1459200280905371 314.9776622758603453 355.4896111348641207   0.5972973599283659
 345.0980071244311657 314.0498067441049845 356.3229803599233975  -0.5679026422667466
 341.6946103572390143 316.5158993488722311 356.8766701171623364  -0.4157026406204122
 340.1242479399504213 317.2623411717711449 356.0659776057101154   0.2718973593795878
 342.2823151848884832 317.1754137696107820 359.5128380739825021  -0.0518026406204122
 344.2003872108185819 317.9313042231792397 359.5714195841340183   0.0921973593795878
 340.4152657645742873 319.2522227907902180 360.3594353819791834  -0.1102026406204122
 340.2130650682447145 320.5731413584011426 358.7871832385567139   0.0456973593795878
 338.5614444271975494 318.4131843873292041 360.6901374554154240   0.0456973593795878
 341.1957226578837849 320.8206954819448270 362.6913574312380250   0.3530973593795877
 343.0665515304658415 321.6219393627274503 362.3701039884714358  -0.0361026406204122
 339.3097759762303935 322.9901010836864704 363.0145006001385444  -0.4121026406204121
 339.9182677913530417 324.2354306059405601 364.5395095902130256   0.0999973593795878
 339.2171793956682397 324.0861422413607665 361.2778422830649466   0.0999973593795878
 337.4332779252465999 322.2512181653232241 363.4377992541369388   0.0999973593795878
 341.2127301930891036 319.3693858110933042 365.1952445586836622  -0.4121026406204121
 341.5018582915790393 320.6884146525703522 366.7504891669008667   0.0999973593795878
 339.4288287226674101 318.3753898646507597 365.4427986822273466   0.0999973593795878
 342.7812028842437126 318.0427980650805888 365.2311493552281764   0.0999973593795878
 342.2161747702012458 314.8340430896823426 361.2249299513151137   0.5972973599283659
 343.9811789792836904 314.3616115562020296 362.6554526346935109  -0.5679026422667466
 340.2357417818517705 313.2844676598668752 361.0548545992622483  -0.4157026406204122
 338.7806526587324409 313.7720170024185768 359.8983422053023983   0.2718973593795878
 340.0033054673794744 310.9865606810186713 362.5930916722741341  -0.0275026406204122
 340.2999924704051312 311.4741100235703190 364.5716349344896791   0.1122973593795878
 337.3180046310773903 309.9472113073619613 362.3228608351233938  -0.0050026406204122
 336.9891922837750800 309.4332057989353970 360.3537662035774463   0.0338973593795878
 337.1630470880958595 308.2407886084310867 363.4642554200118016   0.0338973593795878
 335.2714312280406775 311.7235538732479337 363.1543403340487403  -0.1415026406204122
 335.5870154924055296 313.7531197410793815 364.6699006934535701  -0.1638026406204122
 337.3746964150950299 314.3464937471306413 365.4484678606291376   0.2061973593795878
 333.3080057748964671 314.9398677531819010 365.0818609906484366  -0.3418026406204122
 333.1209228876382828 316.4535383864528544 366.2308144800725117   0.3411973593795878
 331.3899337489664222 313.7587889194811185 363.7855088627784444   0.1379973593795878
 328.4325123493796673 310.5651517531542072 360.8186388325220918  -0.1972026406204122
 327.2797794076876780 309.3273811354357852 359.6772442476336304   0.1446973593795878
 331.0365549619231258 310.0813818628703664 361.0775313128693043  -0.2387026406204122
 331.8850419960537911 308.4788941013051735 360.1421168765782759   0.1699973593795878
 332.5823509394707325 311.6706415414981545 362.5571868757296199   0.1242973593795878
 342.0177535261395337 309.0136865972048632 361.9562539651426392   0.5972973599283659
 342.8908070000111314 307.6606426853172314 363.6305513197969139  -0.5679026422667466
 342.8719097386719361 308.9286489211784305 359.5846476670714766  -0.4157026406204122
 341.9988562648003383 310.0152414481831290 358.2675085517283589   0.2718973593795878
 345.1622578129844728 307.5718255570229382 358.8495442009761444  -0.0249026406204122
 345.0356461620117890 305.6443049004232957 359.5619709534644208   0.0842973593795878
 345.3720174138497665 307.4660008935233798 355.9696015728801548   0.2116973593795878
 343.6901611546598246 306.5834987889821308 355.1759165966331989   0.0351973593795878
 345.5383133136348252 309.3746242887838271 355.2137111193116433   0.0351973593795878
 347.5338641110556891 306.0676035544216363 355.2741823555970899  -0.6546026417179684
 347.2409565602978928 304.2950404408035245 355.6067741551672606   0.4274973593795878
 347.5376435633234958 308.7736913781968463 359.9909387858645521   0.5972973599283659
 349.0872189931389632 307.4055296572378796 361.0265087072534016  -0.5679026422667466
 347.8003154959385687 311.2813579579103978 360.0079463210698710  -0.4157026406204122
 346.5077428203364372 312.3585018542454985 359.0895394199841078   0.2718973593795878
 349.9168087659303795 312.6041662516552526 361.2154813206455162   0.0336973593795878
 351.6704746182092960 311.8161504538100875 360.4784881284162536   0.0822973593795878
 349.8563375296448793 315.4066301082604768 360.4765984022823233  -0.1825026406204122
 351.5457526933704887 316.3439342706853817 361.1946943331723905   0.0602973593795878
 349.8279916376360862 315.5937129955186611 358.4224660947099431   0.0602973593795878
 348.1990477101959232 316.3307061877479771 361.2683936523953490   0.0602973593795878
 350.0604279521083822 312.2167723942013723 364.0954239487415057   0.5972973599283659
 352.1107808074129554 312.4284217212005964 365.1593397621392019  -0.5679026422667466
 348.0195237274734066 311.4419846792936654 365.3785479936740395  -0.4157026406204122
 346.3244393853460599 311.4552127622311237 364.4922664368649836   0.2718973593795878
 348.2406216851422282 310.4631065419224557 367.9693625232800934  -0.0518026406204122
 349.1968231089063820 311.8766216900955878 369.1258749172398897   0.0921973593795878
 345.6479174294022440 309.9018578801478495 369.1353235479094875  -0.1102026406204122
 344.7087235408434088 308.4410995786267292 368.0298337595655400   0.0456973593795878
 343.8281111624360901 312.1411833488445373 369.4546872645422000   0.3530973593795877
 343.0911179702068276 312.7194395458244623 367.6235426407725181  -0.0361026406204122
 345.0469845188153169 314.4372006015588648 370.7189140481354849  -0.4121026406204121
 343.6372488229100454 315.9036280814817759 371.0269394079646695   0.0999973593795878
 346.5228606294078257 315.2119883164665717 369.5113790485598397   0.0999973593795878
 349.8468888989752815 308.0499262689050420 368.1432173276008195   0.5972973599283659
 350.0415306907691869 306.5740501583125331 366.1079822813676346  -0.4157026406204122
 349.1514696816922703 307.1976597825065698 364.5319506856773045   0.2718973593795878
 351.9463746337617734 304.6106247051683766 365.6827939012353637   0.0336973593795878
 351.2263889767377761 303.4673403941459848 364.1369979236878107   0.0822973593795878
 354.3576651806453107 305.8654028580920636 364.6925774070606260  -0.1825026406204122
 355.7182679970686098 304.4273212701779991 364.1199903884824918   0.0602973593795878
 353.8946822778345953 307.0313638827214575 363.0579643012187797   0.0602973593795878
 355.1872549534367269 307.0483714179267764 366.1608946131174675   0.0602973593795878
 343.0249775555195365 296.8627475560912008 361.1701278934314044   0.5972973599283659
 341.8892521490328659 298.0476058420598439 359.5260661569199066  -0.5679026422667466
 345.4891804341528528 297.1915599033935111 361.6350005223760500  -0.4157026406204122
 347.1067860047894878 298.9187695897975650 360.1836908515245272  -0.0014026406204122
 346.4661688453901861 300.8538491509329286 360.4973853897554490   0.0875973593795878
 349.8525580773770186 298.7052305366644645 361.1191052878155554  -0.0152026406204122
 350.0075156203586030 299.6444244252232994 362.9445807331835002   0.0294973593795878
 350.2909745404468016 296.7304667267167260 361.4309100999125470   0.0294973593795878
 351.8386602441282850 299.7615874455264393 359.3314243651260551  -0.0011026406204122
 351.8915725758780641 302.3580711535342306 358.8060804998959629  -0.1906026406204122
 350.5271903071869581 303.5769445099134036 359.6772442476336304   0.1698973593795878
 353.6849226769693552 303.3728540874499543 357.1298934191078116  -0.2341026406204122
 353.7189377473799391 305.3778535155403621 356.7330509309843337   0.1655973593795878
 355.4272501724447440 301.7646971474829707 355.9185789672642523   0.3225973593795878
 357.1393420497774093 302.7416855587202502 354.2764069568866848  -0.5579026422667467
 358.1560147098270098 301.4736793228590510 353.4846117067737129   0.3991973593795878
 355.3686686622931740 299.1436469997341936 356.4155769404855513  -0.2341026406204122
 356.6971461344398196 297.9058763820157713 355.4896111348641207   0.1655973593795878
 353.5979952748089924 298.1572099578272627 358.1446763530234819  -0.1906026406204122
 353.5979952748089924 296.1692180649421199 358.5623058286200853   0.1698973593795878
 346.9102544868616523 298.4104332597727378 357.3339838415712608   0.5972973599283659
 346.1978277343733222 300.1055176019000845 355.9053508843267941  -0.5679026422667466
 347.3845757464758956 296.0558344969068404 356.5402988653243587  -0.4157026406204122
 347.8853531719650015 294.7538131906351113 357.8517688022656855   0.2718973593795878
 347.1956031330837810 295.2375830809189522 353.9003514562363862  -0.0275026406204122
 348.3464463486417866 296.4866920554409023 352.7306109793391317   0.1122973593795878
 348.2406216851422282 292.5390541616794096 353.6376795236213133  -0.0050026406204122
 347.4374880782256746 291.3485266973090296 355.1192248126155593   0.0338973593795878
 347.5943353473411357 291.7756048035752308 351.8348807918604243   0.0338973593795878
 351.0695417076223152 292.2971692165374623 353.6773637724336341  -0.1415026406204122
 352.5454178182148241 292.2555952415912110 355.7598419720148611  -0.1638026406204122
 355.3422124964182576 291.9607979646994846 352.5227411046077681   0.1379973593795878
 357.1280036929738814 291.5620657504421301 348.3426668963739798  -0.1134026406204122
 354.6751391711440929 291.6414342480668257 347.3203250579225883  -0.1972026406204122
 354.4275850476004085 291.5318301322993532 345.2945386423590012   0.1446973593795878
 352.5510869966166149 291.9059959068157753 348.9020258320146556  -0.2387026406204122
 350.6821478501684886 291.9853644044404709 348.0894435944285044   0.1699973593795878
 352.8250972860351620 292.0741815327347640 351.5514218717722258   0.1242973593795878
 344.4800666786389197 295.3963200761683434 352.8931274268563297   0.5972973599283659
 344.1153495347921491 296.1975639569509666 350.7445088125878654  -0.5679026422667466
 342.5638843788427514 294.7235775724923879 354.3992391555915618  -0.4157026406204122
 342.9437193317609643 294.0300480813432533 356.1434563772008809   0.2718973593795878
 339.9182677913530417 294.8709762109381975 353.5998850009428688   0.0336973593795878
 339.7009492859520808 293.7673761487282341 351.8726753145388688   0.0822973593795878
 338.2345218060291694 293.6917871033713452 355.6426789517117748  -0.1825026406204122
 338.4348327762248656 294.7235775724923879 357.4133523391959565   0.0602973593795878
 339.0962369230972930 297.5902921176509192 352.9838342812845532   0.5972973599283659
 338.0814539891815690 298.0589441988633718 350.9391506043817708  -0.5679026422667466
 339.5913451701846618 299.4025394800814058 354.6732494450101628  -0.4157026406204122
 340.4322732997796060 298.9244387681993021 356.3343187167269256   0.2718973593795878
 338.9979711641333484 302.0708327811781714 354.2253843512708359  -0.0024026406204122
 337.0458840677927196 302.2314595025614929 353.5979952748089924   0.0977973593795878
 339.3059965239625331 303.5523780701724712 356.7009255867076802  -0.0343026406204122
 341.2486349896335641 303.3350595647715100 357.3528811029105098   0.0294973593795878
 339.0055300686690695 305.5441494153254745 356.2889652895128137   0.0294973593795878
 337.5258745058087000 302.8682972096929342 358.8552133793778814   0.0117973593795878
 335.0673408055771746 301.9347724995358361 358.4035688333706941  -0.1256026406204122
 334.3945983019012191 301.6286368658406354 356.5062837949137748   0.1329973593795878
 333.4308379736013442 301.4264361695110628 360.4350244273360722  -0.1704026406204122
 336.6622696626067000 302.8116054256753482 363.3905561007888967  -0.1704026406204122
 338.3101108513860583 303.2915958636913284 361.3609902329574490  -0.1256026406204122
 340.1866089023698519 303.9983534377778677 361.7370457336078013   0.1329973593795878
 340.5985691995646646 303.2046684615309656 352.0899938199398300   0.5972973599283659
 339.5951246224524687 304.5860582654273903 350.5045135935799021  -0.5679026422667466
 343.0174186509838691 302.4846828045069682 351.9104698372173131  -0.4157026406204122
 343.7374043080078664 301.3565163025559648 353.2843007365780167   0.2718973593795878
 344.7049440885755484 303.2424629842093562 349.8506683512431422  -0.0518026406204122
 344.8731297144945371 305.2984850179156665 349.8752347909840746   0.0921973593795878
 347.3241045101903953 302.0670533289103646 350.3722327642053737  -0.1102026406204122
 347.8229922095456247 302.5281465055871497 352.3016431469390002   0.0456973593795878
 347.1993825853515880 300.0167004736057914 350.2834156359110805   0.0456973593795878
 349.5218560039408319 302.9703424209246855 348.7017148618190133   0.3530973593795877
 349.1590285862279377 304.8827452684529934 348.0308620842769345  -0.0361026406204122
 351.9709410735027597 302.9571143379872812 350.2399519348308989  -0.4121026406204121
 353.5809877396036735 303.4144280623962056 349.0475347443265886   0.0999973593795878
 351.8537780531996735 304.3592911293568316 351.7460636635661311   0.0999973593795878
 352.2751869810640837 301.0976238222087525 351.0771006121580363   0.0999973593795878
 349.9092498613946584 301.2034484857083109 346.4529407624527279  -0.4121026406204121
 351.4399280298708766 301.8969779768574455 345.2680824764840848   0.0999973593795878
 350.3816813948749714 299.3080531733853219 347.1105654570572946   0.0999973593795878
 348.1952682579281164 301.1259697142175454 345.3398920695731130   0.0999973593795878
 343.6164618354369197 302.4563369124981215 347.2749716307084766   0.5972973599283659
 343.2706419529293445 304.0455965911259098 345.6157920851255904  -0.5679026422667466
 342.9248220704217153 300.0488258178824449 346.9612770924775548  -0.4157026406204122
 343.2271782518491092 298.8261730092354112 348.4106970371951473   0.2718973593795878
 341.8023247468725028 299.0623887759755677 344.6236858648169224  -0.0518026406204122
 343.0098597464482017 299.5745045582682016 343.0325364600552576   0.0921973593795878
 341.6398082993553048 296.1597694342725221 344.7862023123341743  -0.1102026406204122
 341.3374521179278573 295.5966310463639857 346.7458483132105240   0.0456973593795878
 339.9844082060402791 295.5361598100784854 343.7260659512043386   0.0456973593795878
 343.9301563736678415 294.7386953815637228 343.6807125239902268   0.3530973593795877
 343.8734645896502019 294.9163296381523093 341.6284699425517769  -0.0361026406204122
 346.5134119987381743 295.6703303655868905 344.5745529853350039  -0.4121026406204121
 347.9968470138663506 294.4306700217345918 343.8659056851145344   0.0999973593795878
 346.8516729767100824 297.5487181427046145 343.8224419840343530   0.0999973593795878
 346.5927804963628699 295.7119043405331955 346.6305750190413142   0.0999973593795878
 343.7241762250704082 291.9362315249584985 344.3496755753983753  -0.4121026406204121
 345.2491852151448895 290.8874335206322445 343.4482762095179308   0.0999973593795878
 343.8488981499092156 291.6981260320844653 346.3943592523011577   0.0999973593795878
 341.9232672194434497 291.1935691543274452 343.6844919762580873   0.0999973593795878
 339.2001718604629747 300.2189011699353640 344.0605474769083860   0.5972973599283659
 338.6729382690988986 300.8028265453170261 341.8722446138276009  -0.5679026422667466
 337.5995738250316585 300.6214128364605789 345.9748400505706240  -0.4157026406204122
 338.0909026198511668 300.0431566394807078 347.7360648073852617   0.2718973593795878
 335.1542682077375374 301.8648526325807919 345.6252407157951882   0.0336973593795878
 334.0790140375363670 300.8141649021205540 344.2136152937560400   0.0822973593795878
 333.6916201800824867 301.7873738610900267 348.1253483909730186  -0.1825026406204122
 331.8264604859022212 302.6207430861492498 347.8645661844918758   0.0602973593795878
 333.4743016746815794 299.8352867647493442 348.7489580151670553   0.0602973593795878
 334.7026236617303501 302.8512896744876692 349.5728786095566807   0.0602973593795878
 335.4547346630310011 304.5879479915613206 344.6388036738883110   0.5972973599283659
 334.1054702034112298 305.3457281712637086 342.8945864522789921  -0.5679026422667466
 337.2802101083989458 306.0146912226718571 345.6573660600718417  -0.4157026406204122
 338.2779855071093509 305.3079336485853180 347.1370216229322110   0.2718973593795878
 337.8698046621823988 308.5733804080012038 344.7616358725931880  -0.0249026406204122
 336.1199182621712890 309.6543037566041651 344.7956509430037718   0.0842973593795878
 339.7557513438357901 309.8999681540139192 346.5341989862112999   0.2116973593795878
 339.7103979166216783 311.9200853911757692 346.1392462242218059   0.0351973593795878
 339.1888335036594468 309.6108400555239835 348.4919552609537195   0.0351973593795878
 342.2766460064867461 309.0628194766868356 346.2318428047839061  -0.6546026417179684
 342.3824706699863581 307.2449029358545582 346.4699482976579929   0.4274973593795878
 338.7995499200716362 308.5620420511976759 342.0083048954699361   0.5972973599283659
 337.7186265714686751 309.8886297972103913 340.4341630259135363  -0.5679026422667466
 340.6099075563681925 306.9255392192218994 341.3280034872582597  -0.4157026406204122
 341.4905199347755114 305.9202049159757731 342.6999446604850867   0.2718973593795878
 341.4999685654451090 306.6571981082050893 338.7088430656434127  -0.0275026406204122
 342.2331823054065647 308.4732249229033827 338.0682259062441108   0.1122973593795878
 343.6901611546598246 304.7655822481499071 338.5746725101350076  -0.0050026406204122
 343.2838700358667488 303.1574253081829235 339.7992150449159717   0.0338973593795878
 343.7978755442933667 304.0399274127241188 336.6471518535353115   0.0338973593795878
 346.2601886967927528 305.8030418956726869 339.1793848729897954  -0.1415026406204122
 347.6566963097605661 305.2172267941570945 341.2316274544282989  -0.1638026406204122
 347.0311969594325990 303.9775664503047421 342.7245111002260730   0.2061973593795878
 350.0094053464925334 306.3359446654384463 341.0634418285093102  -0.3418026406204122
 351.4172513162638208 306.0298090317431920 342.3238891598347882   0.3411973593795878
 350.2361724825630384 307.7494598136115784 338.8883670483659294   0.1379973593795878
 352.2317232799839023 309.1554160572489894 337.8471279485753429  -0.2601026406204122
 354.0080658458698747 309.2272256503379639 338.7938807416698991   0.1571973593795878
 351.8632266838692711 310.4442092805832603 335.5473312435931550  -0.1134026406204122
 353.3693384126045031 311.5251326291862217 334.7404181844087946   0.1416973593795878
 349.5086279210033736 310.3308257125479811 334.3133400781425933  -0.1972026406204122
 349.2383970838526333 311.3361600157941071 332.5842406656046628   0.1446973593795878
 347.5111873974486331 308.8870749462321257 335.3262332859243868  -0.2387026406204122
 345.7424037360983281 308.7812502827325674 334.3662524098923725   0.1699973593795878
 347.8362202924830829 307.5113543207374916 337.6789423226563541   0.1242973593795878
 339.3891444738550891 305.8994179285026475 336.8682498112041331   0.5972973599283659
 339.2852095364894074 306.8877446965434549 334.7630948980158503  -0.5679026422667466
 337.6770525965224238 304.2024438602413707 337.6222505386387143  -0.4157026406204122
 337.8868121973876638 303.3823027181195521 339.3456807727749077   0.2718973593795878
 335.5511106958610154 303.4352150498693313 336.0386600384127169   0.0336973593795878
 336.2862141619564013 302.7908184382021689 334.2245229498483000   0.0822973593795878
 334.1829489749020489 301.2166765686457691 337.3047765481399320  -0.1825026406204122
 332.6201454621491233 300.5949566705857163 336.1142490837695519   0.0602973593795878
 335.4944189118433758 299.6500936036250904 337.5693382068888814   0.0602973593795878
 333.4478455088066630 301.7892635872239031 339.1434800764453351   0.0602973593795878
 333.7539811425019174 305.6537535310928932 335.5076469947808340   0.5972973599283659
 333.1454893273792691 306.1620898611177204 333.3193441316999950  -0.5679026422667466
 332.9640756185228220 307.0389227872571786 337.4635135433893233  -0.4157026406204122
 333.5631188029758726 306.5816090628482005 339.2304074786056979   0.2718973593795878
 331.3143447036095872 309.2310051026058244 337.1535984574262083   0.0336973593795878
 329.6532754318927707 308.6338516442867041 336.0934620962964262   0.0822973593795878
 330.4582987649432544 310.0851613151382268 339.7822075097107065  -0.1825026406204122
 329.5153254241165589 311.9144162127739784 339.6688239416754270   0.0602973593795878
 329.1487185541358042 308.6981023328400111 340.5645541291540808   0.0602973593795878
 332.0853529662494334 310.2079935138431039 341.0407651149022542   0.0602973593795878
 332.5804612133368024 311.3437189203297745 335.5964641230751272   0.5972973599283659
 331.4050515580378107 312.3603915803794286 333.8598058060014757  -0.5679026422667466
 335.0087592954256046 311.8558347026224085 336.0556675736179819  -0.4157026406204122
 335.8553566034223396 310.9827812287508107 337.5428820410140187   0.2718973593795878
 336.5772319865802673 313.5622574015533367 334.5382174880792218  -0.0024026406204122
 335.8364593420831443 315.4803294274833816 334.6761674958554873   0.0977973593795878
 339.2379663831413653 313.5206834266070317 335.6947298820390181  -0.0343026406204122
 339.1491492548470722 314.3427142948627807 337.5844560159602700   0.0294973593795878
 339.8483479243979439 311.5704860564003335 335.9177175658417163   0.0294973593795878
 341.2372966328300360 314.8812862430303310 334.1791695226341883   0.0117973593795878
 341.8363398172830867 317.4040706318152174 334.7536462673462528  -0.1256026406204122
 340.8895870241885304 318.3470439726419130 336.2578682699475545   0.1329973593795878
 343.7317351296061293 318.6607385108728348 333.3911537247890232  -0.1704026406204122
 344.2268433766934983 320.5391262879906124 333.9146078638851850   0.1429973593795878
 344.9770646518602188 317.4305267976901338 331.3880440228324919  -0.1072026406204122
 346.3981387045690184 318.3961768521238852 330.3354665662383774   0.1296973593795878
 344.3610139322019032 314.9115218611731081 330.7908905645133715  -0.1704026406204122
 345.2907591900911408 313.9704382464802889 329.2734404789746116   0.1429973593795878
 342.5242001300304305 313.6246183639727136 332.2138543433561014  -0.1256026406204122
 342.0952322976302991 311.7008771596408779 331.7886659632237767   0.1329973593795878
 336.6055778785890602 312.8403820183954090 331.7149666440008720   0.5972973599283659
 336.1425949757783450 314.4296416970231973 330.0690151813554439  -0.5679026422667466
 337.0175381757839267 310.4158633885744138 331.1178131856817517  -0.4157026406204122
 337.4257190207108787 309.1856516753917126 332.5351077861226906   0.2718973593795878
 337.0288765325874546 309.4785592261495089 328.5099911208704326  -0.0518026406204122
 338.4253841455552142 310.5670414792881376 327.4555239381423879   0.0921973593795878
 337.8244512349682871 306.6798748218121451 328.5099911208704326  -0.1102026406204122
 339.7066184643538179 306.5173583742948935 329.3358014413939883   0.0456973593795878
 336.5205402025626275 305.6291870913519071 329.7099672159104104   0.0456973593795878
 337.8301204133700242 305.4458836563615299 325.8700437117824602   0.3530973593795877
 335.9838579805289537 305.6594227094946306 324.9875416072412110  -0.0361026406204122
 339.8388992937283463 306.6005063241874495 324.1390545731105457  -0.4121026406204121
 339.8540171027996810 305.6159590084144489 322.3324763890818500   0.0999973593795878
 339.4174903658638822 308.5866084909386620 323.7932346906029704   0.0999973593795878
 341.6983898095068211 306.4436590550719886 325.0139977731161274   0.0999973593795878
 338.3479053740644489 302.6150739077475127 326.1043697523886863  -0.4121026406204121
 338.3082211252521279 301.7382409816080543 324.2429895104762274   0.0999973593795878
 340.1941678069055192 302.3070485479183278 326.9660848694567560   0.0999973593795878
 336.9003751554807866 301.7439101600097914 327.2835588599555385   0.0999973593795878
 334.4626284427223868 309.8621736313355285 327.2041903623308428   0.5972973599283659
 334.3832599450976912 310.6275127155736376 325.0064388685804063  -0.5679026422667466
 332.3688118863376320 309.3973010023908830 328.5383370128792257  -0.4157026406204122
 332.5672331303993441 308.7623530213933184 330.3411357446401145   0.2718973593795878
 329.8157918794100224 309.8376071915945424 327.5330027096331532  -0.0597026406204122
 329.6438268012231730 308.8266037099466791 325.7509909653453899   0.0868973593795878
 327.7881157377125050 308.8152653531431512 329.3754856902063630   0.1302973593795878
 328.1528328815593294 309.6089503293900534 331.2406453843866287   0.0186973593795878
 327.8882712228103262 305.9031973807705080 329.6362678966875056  -0.0430026406204122
 329.7175261204461315 305.3551768019333064 330.3845994457202960   0.0235973593795878
 326.4766458007711781 305.3230514576566528 331.0195474267178608   0.0235973593795878
 329.4189493912865446 312.6362915959319061 326.8829369195642537   0.5972973599283659
 328.4740863243259186 313.2013197099743729 324.8269148858578895  -0.5679026422667466
 330.2296419027387654 314.3880677220768924 328.5194397515400304  -0.4157026406204122
 331.0119885221821397 313.8041423466952303 330.1748398448550559   0.2718973593795878
 330.1030302517660277 317.1243911639948793 327.9940958863099382  -0.0875026406204122
 328.1452739770236083 317.6119405065465808 327.5878047675168626   0.0968973593795878
 330.9382892029592348 318.6966433074173490 330.3109001264973913   0.2984973593795878
 332.8299050630144170 318.1278357411070752 330.8853768712094557  -0.0297026406204122
 330.9628556427002209 321.5406811389688243 329.7420925601870639  -0.3192026406204121
 331.4145001887074083 322.5932585955629926 331.4560741636536596   0.0790973593795878
 332.4084961351499529 321.9809873281724838 328.3418054949514439   0.0790973593795878
 329.1241521143948179 322.1472832279575961 329.0391144383683852   0.0790973593795878
 329.1298212927966089 318.3130289022313291 332.5445564167922882  -0.3192026406204121
 329.8157918794100224 319.3561577281558997 334.1848387010359254   0.0790973593795878
 327.2476540634110243 318.9895508581751451 332.0551173481067102   0.0790973593795878
 329.0107685463595387 316.3269267354801167 333.0510030206831850   0.0790973593795878
 331.6355981463761764 317.8028028460726255 325.6281587666405127   0.5972973599283659
 330.6586097351388970 319.0897063432729663 323.9519716858523616  -0.5679026422667466
 333.9467332081618924 316.8125863518978879 325.3730457385611609  -0.4157026406204122
 334.6572702345162383 315.7902445134464966 326.8356937662162116   0.2718973593795878
 335.5416620651914177 317.2094288400213657 323.1393894482662104   0.0212973593795878
 335.8742538647615349 319.2333255294510227 322.9182914905974423   0.1123973593795878
 338.0965717982529576 315.9225253428209712 323.6401668737553699  -0.1231026406204122
 338.9488382846514297 316.7615637462819853 325.3239128590791887   0.1111973593795878
 337.8206717827004265 313.9080772840609120 323.9784278517272780   0.1111973593795878
 340.1979472591733798 316.3552726274889096 320.9624249419889530  -0.3119026406204122
 342.3522350518435811 315.8280390361248873 322.1831880245020564   0.1932973593795878
 334.2793250077320095 316.2834630343999351 320.6770762957668243   0.5972973599283659
 334.1753900703663278 317.6610733860284993 318.7949090663812935  -0.5679026422667466
 333.1681660409863249 314.0101224952926636 320.6846352003025454  -0.4157026406204122
 333.3098955010303975 312.9405375034932303 322.2757846050642102   0.2718973593795878
 335.6626045377623646 308.5450345159924109 318.7986885186491003  -0.4121026406204121
 336.4543997878753901 310.3535024261550369 318.2109836909995778   0.0999973593795878
 335.6682737161641017 308.4524379354302571 320.8528208262215342   0.0999973593795878
 332.1855084513472547 323.9009490802365127 319.5980426732977933  -0.1102026406204122
 331.6072522543673833 323.5570189238628139 321.5482400435045454   0.0456973593795878
 333.8635852582693362 322.7595544953480511 319.2371049817188294   0.0456973593795878
 332.8922660254337938 326.7128615675113346 319.3882830724325532   0.3530973593795877
 330.6775069964780923 328.4532993368527930 320.0704742067781063  -0.4121026406204121
 331.3408008694844500 330.4034967070595451 320.1611810612063297   0.0999973593795878
 329.9064987338382459 327.9374041022922984 321.9110674612174396   0.0999973593795878
 335.0427743658361883 327.2778896815537477 321.2326557791396933  -0.4121026406204121
 335.6569353593606274 329.2337562301622906 321.0172269998726625   0.0999973593795878
 334.4172750155082751 326.9944307614656028 323.1752942448107244   0.0999973593795878
 336.6471518535353115 326.0420087899692557 320.8622694568911319   0.0999973593795878
 346.1845996514359179 340.1129095831468934 315.3537177765106440   0.0881973593795878
 347.6415785006891775 334.2018462362412442 315.3556075026445743  -0.5679026422667466
 343.2725316790632209 331.5354426612783552 315.4463143570727978   0.0921973593795878
 339.5100869464260360 327.9506321852297566 316.0359089108562507  -0.4121026406204121
 338.6105773066795218 326.2744451044416054 316.8163658041656947   0.0999973593795878
 340.9916322354202820 328.5307781083435583 317.3454891216636472   0.0999973593795878
 338.1192485118600135 329.4605233662327957 315.8771719156068595   0.0999973593795878
 346.1109003322129594 327.8674842353372006 316.2872424866677957  -0.5679026422667466
 352.4055780843046819 326.1024800262547560 316.5725911328898707  -0.5679026422667466
 353.6641356894962298 331.2519837411901566 317.1451781514680049  -0.0024026406204122
 355.4971700393998418 330.3203487571669889 317.2925767899138683   0.0977973593795878
 354.1176699616372935 334.0544475977953809 316.5215685272740219  -0.0343026406204122
 352.3073123253407373 334.9785236772828812 316.2022048106413093   0.0294973593795878
 355.5292953836764953 335.5624490526645433 318.5114501462930950   0.0117973593795878
 358.1541249836930794 335.9574018146540910 318.2903521886242732  -0.1256026406204122
 359.4353593024917368 337.4710724479249905 320.0648050283763691  -0.1704026406204122
 361.4403587305821446 337.8131128781647590 319.8682735104485336   0.1429973593795878
 358.0993229258093701 338.5671136055993402 322.0830325394042353  -0.1072026406204122
 359.0706421586449125 339.7236259995591365 323.4625326171667834   0.1296973593795878
 355.4915008609980510 338.1381457731992088 322.3324763890818500  -0.1704026406204122
 354.4710487486805901 338.9601766414549576 323.9009490802365127   0.1429973593795878
 354.2045973637977103 336.6622696626067000 320.5410160141244891  -0.1256026406204122
 352.1882595789037207 336.3939285515898900 320.7318783536505336   0.1329973593795878
 352.3129815037425281 330.8627001576023999 319.6830803493242797   0.5972973599283659
 353.4260301966221429 329.7742179044637174 321.4027311311926124  -0.5679026422667466
 349.8846834216537260 331.5524501964836202 319.8644940581806732  -0.4157026406204122
 349.0721011840675747 332.4066064090160226 318.3489336987758433   0.2718973593795878
 348.3577847054453144 331.2614323718597544 322.1775188461003193  -0.0597026406204122
 349.1760361214332566 332.4292831226230786 323.6685127657641630   0.0868973593795878
 345.6233509896612579 332.1836187252133243 321.6975284080843389   0.1302973593795878
 344.9354906769139677 331.2500940150562263 319.9929954352873410   0.0186973593795878
 343.8243317101682295 331.4693022465911178 323.8726031882276660  -0.3204026406204121
 341.9516131114522965 332.2648769489719503 323.5683572806663418   0.0881973593795878
 343.6164618354369197 329.4265082958222118 324.0162223744056686   0.0881973593795878
 344.5556557239957549 332.1798392729455175 325.6565046586493595   0.0881973593795878
 345.5704386579114787 335.0711202578450350 321.2421044098092911  -0.0430026406204122
 345.7499626406339955 336.0670059304215098 323.0316750586327217   0.0235973593795878
 347.1653675149410041 335.6342586457535715 320.0704742067781063   0.0235973593795878
 343.1648172894297324 335.9555120885201607 319.8928399501895197  -0.0660026406204122
 341.5094171961147067 335.6531559070927668 321.0776982361581628   0.0185973593795878
 343.3235542846791234 337.9661806950123594 319.4789899268607767   0.0185973593795878
 342.9286015226895759 334.9312805239348391 318.1240562888392147   0.0185973593795878
 348.4239251201325518 328.5175500254061001 323.1261613653288059   0.5972973599283659
 349.1306826942191446 328.0451184919257871 325.2880080625346745  -0.5679026422667466
 347.8475586492866108 326.6788464971007507 321.4858790810851150  -0.4157026406204122
 347.3411120453957140 327.1796239225898567 319.7038673367974053   0.2718973593795878
 347.8607867322240690 323.9822073039950848 322.1737393938324588  -0.0597026406204122
 346.5965599486307306 323.7233148236478723 323.7800066076655122   0.0868973593795878
 346.8592318812458035 322.3513736504210453 319.9589803648767571   0.1302973593795878
 347.8759045412954039 322.8937250508564562 318.2468884875440918   0.0186973593795878
 347.3108764272529371 319.5054460927356395 320.4144043631518051  -0.3204026406204121
 346.5625448782201467 318.3867282214542876 318.8610494810685309   0.0881973593795878
 349.3272142121469265 319.1029344262104245 320.5296776573209610   0.0881973593795878
 346.4094770613725463 318.9253001696218380 322.1756291199663890   0.0881973593795878
 344.0038556928907463 322.8483716236423444 319.5564686983515422  -0.0430026406204122
 342.9418296056270341 322.0868119916720958 321.1513975553810676   0.0235973593795878
 343.6599255365171012 324.8760477653398619 319.4978871881999722   0.0235973593795878
 342.9531679624305620 321.7258743000931319 317.0960452719860864  -0.0660026406204122
 342.9758446760376178 319.6698522663868214 317.1584062344054631   0.0185973593795878
 341.0010808660898796 322.3343661152157802 316.8503808745762785   0.0185973593795878
 344.0775550121137048 322.3740503640281011 315.4954472365547702   0.0185973593795878
 350.4931752367763742 323.1318305437305430 323.0581312245076382   0.5972973599283659
 350.6764786717666978 321.7466612875662576 324.9157320141521828  -0.5679026422667466
 352.5170719262060310 323.9878764823968756 321.8090222499856880  -0.4157026406204122
 352.2373924583856394 325.1651758638297975 320.3199180564557209   0.2718973593795878
 355.1286734432851569 323.3926127502116856 322.5082209195365062  -0.0252026406204122
 355.4404782553822022 321.3630468823802378 322.3494839242871687   0.0697973593795878
 356.3947899530124257 324.3601525307793675 321.2043098871308466   0.0697973593795878
 355.8014159469611660 324.2335408798066298 325.1935217558386443   0.5972973599283659
 356.7840735366001826 322.7312086033392582 326.6731773186989599  -0.5679026422667466
 355.1607987875618643 326.5711321074672085 325.8870512469877252  -0.4157026406204122
 354.3066425750294618 327.7125266923556700 324.6039272020551912   0.2718973593795878
 355.5179570268729675 327.5197746266956949 328.4703068720580580  -0.0275026406204122
 357.4738235754814567 327.2079698145987035 329.0391144383683852   0.1122973593795878
 355.0322974104551963 330.3770405411846287 328.5137705731382933  -0.0050026406204122
 353.3107569024529332 330.8154570042543578 327.4687520210797924   0.0338973593795878
 354.7318309551617327 330.9515172858966931 330.4715268478806590   0.0338973593795878
 357.1790262985897303 331.9190570664643750 327.4876492824190414  -0.1415026406204122
 357.7912975659802391 332.1968468081507826 325.0253361299196553  -0.1638026406204122
 356.7708454536627244 331.3937132012342828 323.4663120694345904   0.2061973593795878
 359.9455853586504404 333.6292592176631100 324.7834511847777081  -0.3418026406204122
 360.6410045759334516 334.1772797965002579 323.0940360210520985   0.3411973593795878
 360.8715511642718710 334.3549140530888445 327.0945862465634240   0.1379973593795878
 362.9842649819958212 335.7816572841993811 327.8164616297213517  -0.2601026406204122
 364.2466020394552295 336.5110915718930299 326.4294026474231360   0.1571973593795878
 363.4189019927976898 336.2162942950013035 330.3978275286577542  -0.1134026406204122
 365.0308383850325339 337.2764306561311390 330.9893118085750837   0.1416973593795878
 361.7219279245364128 335.2733209541746076 332.2119646172221711  -0.1972026406204122
 362.0450710934369860 335.6474867286909760 334.1564928090271325   0.1446973593795878
 359.6111038329463930 333.8239010094569615 331.5070967692695084  -0.2387026406204122
 358.3582154061565824 333.1114742569686853 332.9130530129069195   0.1699973593795878
 359.1273339426625521 333.3042263226286601 328.8671493601815360   0.1242973593795878
 353.8606672074240116 326.1005903001208257 330.3770405411846287   0.5972973599283659
 354.7601768471705256 325.3446998465523142 332.3839296954089668  -0.5679026422667466
 351.4852814570849885 325.5714669826228731 329.7231952988478686  -0.4157026406204122
 350.8163184056768937 326.2272019510935634 328.0470082180597174   0.2718973593795878
 349.7335053309400022 324.2732251286190044 331.4239488193770060  -0.0275026406204122
 349.8279916376360862 325.1973012081064510 333.2645420738162855   0.1122973593795878
 347.0122996980934037 324.5944785713855936 330.4564090388093241  -0.0050026406204122
 346.9556079140757641 324.1371648469766692 328.4476301584510020   0.0338973593795878
 345.8350003166604819 323.2168682197569757 331.4088310103056175   0.0338973593795878
 345.7820879849106491 327.1361602215096751 330.8494720746649417  -0.1415026406204122
 346.8006503710942335 329.4170596651526143 330.2957823174260028  -0.1638026406204122
 348.6639203391405689 329.7194158465800081 329.5172151502504355   0.2061973593795878
 345.0621023278866515 331.3124549774756569 330.7228604236922040  -0.3418026406204122
 345.3606790570462386 333.1322612444418109 330.1842884755246537   0.3411973593795878
 342.8378946682613523 330.3694816366489613 331.6809515735902882   0.1379973593795878
 340.5607746768862740 331.5203248522069666 332.4103858612838833  -0.2601026406204122
 340.3358972669496454 333.5158756496278305 332.2478694137666853   0.1571973593795878
 338.5860108669385355 330.0123233973378042 333.3552489282445092  -0.1134026406204122
 336.8531320021327447 330.8740385144059278 333.9202770422869760   0.1416973593795878
 338.8959259529016505 327.3780451666516226 333.5668982552436794  -0.1972026406204122
 337.4011525809698926 326.2517683908345495 334.3227887088121909   0.1446973593795878
 341.1635973136071314 326.2101944158882447 332.8015591710055703  -0.2387026406204122
 341.3733569144723715 324.2127538923335041 332.9716345230584894   0.1699973593795878
 343.2441857870544280 327.7030780616860722 331.8056734984290955   0.1242973593795878
 350.4534909879639996 321.4877688072190451 331.9114981619286539   0.5972973599283659
 349.8431094467074211 320.5088906698478353 333.9297256729565735  -0.5679026422667466
 351.8443294225300221 320.2065344884204417 330.2164138198013072  -0.4157026406204122
 352.1844801266358602 321.0266756305422603 328.5137705731382933   0.2718973593795878
 353.0291877084986649 317.7328829791175277 330.8041186474508298  -0.0875026406204122
 351.8122040782533685 316.7596740201481087 332.1496036548027405   0.0968973593795878
 353.2502856661674329 315.9584301393654854 328.5005424902008350   0.2984973593795878
 354.0401911901465283 314.1783081212116523 329.1751747200107207  -0.0297026406204122
 350.6500225058918351 315.3461588719749766 327.3931629757229573  -0.3192026406204121
 350.8446642976856866 313.9836663294177471 325.8605950811128088   0.0790973593795878
 349.4783923028606502 314.5241280037192278 328.8652596340476057   0.0790973593795878
 349.7542923184131277 317.0544712970397815 326.6656184141632925   0.0790973593795878
 354.9869439832410845 316.9014034801921810 326.3878286724768849  -0.3192026406204121
 355.1286734432851569 315.4689910706798538 324.9138422880183062   0.0790973593795878
 354.2216048990029754 318.6191645359265835 325.5657978042211360   0.0790973593795878
 356.8766701171623364 317.2755692547086031 327.1153732340365497   0.0790973593795878
 355.5973255244976631 317.9634295674558932 332.1288166673296150   0.5972973599283659
 356.2455015884326322 316.3004705696052002 333.6254797653952494  -0.5679026422667466
 357.0297379340099367 320.0062235182247992 331.6885104781259556  -0.4157026406204122
 356.4288050234230096 321.2855681108894725 330.3959378025238240   0.2718973593795878
 359.4259106718220854 320.5258982050531542 332.9980906889334058  -0.0518026406204122
 360.6787990986118959 318.9196309912200472 332.6957345075060120   0.0921973593795878
 360.6825785508797566 322.8691586111154701 331.8018940461612349  -0.1102026406204122
 361.0246189811194714 322.4156243389744061 329.8214610578117595   0.0456973593795878
 359.3843366968758342 324.4603080158771885 331.8472474733753466   0.0456973593795878
 363.1978040351289219 323.6949689316390794 333.0283263070761290   0.3530973593795877
 364.1899102554375897 322.0433482905919144 333.7596503209036544  -0.0361026406204122
 364.8834397465866708 324.9497470845627667 331.0403344141909862  -0.4121026406204121
 366.6635617647405037 325.5280032815426917 331.9020495312590561   0.0999973593795878
 365.2897308653797464 323.6174901601483141 329.5247740547861564   0.0999973593795878
 363.9404664057599750 326.6108163562795832 330.2655466992832796   0.0999973593795878
 362.8349766174160277 325.6300484927744431 335.1561579338714677  -0.4121026406204121
 364.6680109673196398 326.2215327726917726 335.8837024954311325   0.0999973593795878
 361.8390909448395529 327.2930074906251362 334.4531798120527890   0.0999973593795878
 361.7729505301523155 324.8212457074561524 336.7189614466243396   0.0999973593795878
 359.0479654450378565 320.7772317808646456 335.8648052340919372   0.5972973599283659
 360.5351799124338933 319.7341029549401287 337.3104457265417228  -0.5679026422667466
 356.9938331374654763 321.9942154111099420 336.6925052807494232  -0.4157026406204122
 355.9053508843267941 322.9012839553921773 335.4018223312812220   0.2718973593795878
 356.2417221361647718 322.0830325394042353 339.3683574863819635  -0.0014026406204122
 357.6476783798021826 323.1148230085252778 340.4681780963241202   0.0875973593795878
 353.6716945940318970 323.4360764512918670 339.6555958587379688  -0.0152026406204122
 352.4358137024474053 322.8710483372494002 338.1041307027886250   0.0294973593795878
 352.7873027633567714 322.7198702465357303 341.3771363667402319   0.0294973593795878
 353.6527973326927017 326.3141293532539264 339.8162225801212903  -0.0011026406204122
 354.8433247970630819 327.7900054638464353 337.9302758984678453  -0.1906026406204122
 355.9034611581929174 326.8942752763677815 336.4789662276163225   0.1698973593795878
 354.6467932791352463 330.4431809558718659 337.8943711019233849  -0.2341026406204122
 355.5122878484711767 331.5486707442158134 336.4525100617414599   0.1655973593795878
 353.1633582640070700 331.7452022621435952 339.9674006708349605   0.3225973593795878
 352.8591123564457459 334.2887736384016071 340.0014157412455443  -0.5579026422667467
 352.7759644065532435 334.9123832625956438 341.7437432367209329   0.3991973593795878
 351.9992869655116063 330.0898021688285695 341.9837384557289500  -0.2341026406204122
 350.9467095089174382 330.9307302984235674 343.4804015537945845   0.1655973593795878
 352.2865253378676116 327.4536342120084575 341.8136631036760309  -0.1906026406204122
 351.4096924117281534 326.3046807225843287 343.2215090734473721   0.1698973593795878
 356.0130652739603364 319.4166289644413463 340.4851856315293852   0.5972973599283659
 357.1582393111166046 318.8194755061222260 342.4164857403969420  -0.5679026422667466
 354.5901014951176065 317.7612288711263206 339.2152896695343096  -0.4157026406204122
 353.7472836393887322 318.3357056158383851 337.6033532772994653   0.2718973593795878
 354.2291638035386427 315.1628554369845993 340.0656664297989051  -0.0252026406204122
 353.3485514251313777 315.1723040676542507 341.9289363978452405   0.0697973593795878
 352.9762753767488858 314.2085437393543758 338.7466375883218571   0.0697973593795878
 356.7141536696450848 313.7002074093295486 340.2225136989143659   0.5972973599283659
 357.1733571201879932 312.4454292564058613 342.1216884635052156  -0.5679026422667466
 358.3676640368261802 313.8854005704538562 338.3138903036538651  -0.4157026406204122
 357.9235783953547137 314.9908903587978035 336.8077785749186328   0.2718973593795878
 360.7846237621115080 312.5077902188252920 338.3308978388591837  -0.0597026406204122
 360.3367586683721274 310.5991668235647911 338.9488382846514297   0.0868973593795878
 361.9127902640624576 312.2753539043529422 335.6380380980213785   0.1302973593795878
 360.3594353819791834 312.2753539043529422 334.2793250077320095   0.0186973593795878
 363.6948020083502209 314.4523184106302533 334.9199421671313112  -0.3204026406204121
 364.2088075167767850 314.3086992244521968 332.9300605481122381   0.0881973593795878
 362.7556081197913321 316.2494479639893514 335.2128497178891076   0.0881973593795878
 365.4125630640846234 314.3956266266126135 336.0575572997519122   0.0881973593795878
 363.3735485655835781 309.7695770507733747 335.3016668461834007  -0.0430026406204122
 364.4639205448561907 309.8583941790676681 333.5536701723062212   0.0235973593795878
 364.7001363115963471 309.5144640226940229 336.8588011805345355   0.0235973593795878
 361.6520080575813150 307.4414344537823937 335.1108045066573560  -0.0660026406204122
 360.3046333240954739 307.6889885773260781 333.5725674336454704   0.0185973593795878
 362.8028512731393742 305.7765857297977705 334.7271901014713364   0.0185973593795878
 360.6315559452638541 307.1371885462210695 336.8720292634719400   0.0185973593795878
 362.6441142778899830 313.5244628788748924 340.3245589101461175   0.5972973599283659
 364.0028273681794056 312.0164614240057300 341.4659534950345253  -0.5679026422667466
 362.5987608506758712 315.9962246620438761 340.8763589412510722  -0.4157026406204122
 361.4762635271266588 317.1508473298697957 339.8294506630587486   0.2718973593795878
 363.9895992852419474 317.1376192469323375 342.9890727589750760  -0.0518026406204122
 365.9738117258592295 316.6406212737110384 342.7906515149133104   0.0921973593795878
 363.7836191366445141 320.0402385886353830 342.8227768591899639  -0.1102026406204122
 364.6321061707751794 320.6581790344276290 341.0483240194379216   0.0456973593795878
 361.7918477914915108 320.5636927277315449 342.7774234319758522   0.0456973593795878
 365.0346178373003946 321.4934379856208359 345.0224180790743308   0.3530973593795877
 364.1086520316789640 320.9907708339977461 346.7912017404246358  -0.0361026406204122
 367.8635378597804814 320.9378585022479669 345.2680824764840848  -0.4121026406204121
 368.6628920144291745 322.1075989791452214 346.7647455745497193   0.0999973593795878
 368.1564454105382777 318.9649844184341590 345.7745290803749816   0.0999973593795878
 368.8235187358124959 321.3498187994427796 343.4936296367320427   0.0999973593795878
 364.7284822036051400 324.3336963649044510 344.6066783296116574  -0.4121026406204121
 365.4673651219683329 325.3617073817576330 346.2318428047839061   0.0999973593795878
 365.7224781500477384 324.9270703709557107 342.9040350829485896   0.0999973593795878
 362.7291519539164693 324.7910100893134291 344.4120365378177522   0.0999973593795878
 363.0636334796205167 316.1058287778113487 345.5458722181704926   0.5972973599283659
 364.5962013742306652 315.3612766810463651 347.1294627183965438  -0.5679026422667466
 360.5710847089784075 315.9074075337495829 345.9086996358833866  -0.4157026406204122
 359.3900058752776250 316.6198342862379128 344.5745529853350039   0.2718973593795878
 359.4844921819736553 314.7301081523166609 348.1688120920532000  -0.0024026406204122
 360.2309340048725693 315.7070965635539404 349.8223224592342954   0.0977973593795878
 356.5837625664045403 315.0362437860119154 348.1763709965889211  -0.0343026406204122
 356.1321180203973528 317.0280151311649187 348.3691230622488423   0.0294973593795878
 355.8543282787109452 314.4258622447553369 346.3508955512209763   0.0294973593795878
 355.1305631694190872 313.6586334343832973 350.2494005655004966   0.0117973593795878
 353.0461952437039838 312.1185066352374814 349.6201217629047228  -0.1256026406204122
 352.5000643910007123 311.9144162127739784 347.6944908324389567   0.1329973593795878
 351.6553568091379076 310.8693976607155314 351.5136273490938351  -0.1704026406204122
 350.0812149395815079 309.7053263622200677 351.0260780065421338   0.1429973593795878
 352.3186506821442654 311.1812024728125229 354.0666473560214447  -0.1072026406204122
 351.2585143210144296 310.2495674887893551 355.5085083962033697   0.1296973593795878
 354.3633343590470478 312.7534546162350460 354.7148234199564139  -0.1704026406204122
 354.8414350709291515 313.0199060011179259 356.6555721594935685   0.1429973593795878
 355.7636214242827217 313.9893355078195379 352.8175383814994948  -0.1256026406204122
 357.2924098666250098 315.1930910551273763 353.3428822467295867   0.1329973593795878
 360.2687285275509599 311.9389826525149647 348.4277045724004125   0.5972973599283659
 361.0454059685925969 311.1641949376072579 350.4837266061067228  -0.5679026422667466
 360.2536107184796250 310.4668859941903163 346.3508955512209763  -0.4157026406204122
 359.5846476670714766 311.2189969954909672 344.7200618976469369   0.2718973593795878
 361.1172155616816253 307.8156002282988158 346.3792414432297694  -0.0237026406204122
 359.9474750847843707 306.7630227717046475 347.7114983676442756   0.0879973593795878
 360.9433607573608455 306.4909022084199770 343.7808680090880481   0.0341973593795878
 362.2453820636326285 307.4111988356396706 342.4788467028163187   0.0240973593795878
 361.6179929871707848 304.5596020995524739 344.0340913110335232   0.0240973593795878
 358.3884510242993595 306.3132679518313905 342.4221549187986791   0.0017973593795878
 357.8328715409264902 308.1670892892081282 341.7626404980601819   0.0439973593795878
 358.7040352886642116 305.1775425453447198 340.7327397550730695   0.0439973593795878
 355.7466138890774028 304.8997528036583121 344.0756652859797745  -0.2737026406204122
 354.5749836860462718 307.6020611751657153 345.8104338769194956  -0.0536026406204122
 352.7381698838747991 307.1598652598281255 346.6267955667734538   0.0683973593795878
 355.8713358139162102 308.0763824347799047 347.3354428669939232   0.0683973593795878
 354.3765624419845060 309.2139975674005057 344.5424276410583504   0.0683973593795878
 363.8648773604031400 307.6190687103709803 347.2881997136458812   0.5972973599283659
 364.4015595824367601 306.2603556200816113 349.1004470760763677  -0.5679026422667466
 365.6109843081463892 308.9588845393211539 346.0277523823204568  -0.4157026406204122
 365.0383972895682013 310.1021688503434918 344.5953399728081295   0.2718973593795878
 368.3340796671268642 308.7718016520629696 346.5795524134254117  -0.0875026406204122
 368.8027317483393702 306.7668022239725082 346.6305750190413142   0.0968973593795878
 369.9346777025581804 309.9698880209690172 344.4517207866301269   0.2984973593795878
 369.1768975228557923 309.3198222309001177 342.6489220548692378  -0.0297026406204122
 369.9006626321475966 312.8611690058685347 344.4460516082283359  -0.3192026406204121
 370.9192250183311810 313.5698163060890041 342.8019898717168383   0.0790973593795878
 367.9580241664765655 313.4961169868660993 344.3364474924609171   0.0790973593795878
 370.7699366537513876 313.6113902810352554 346.1562537594270711   0.0790973593795878
 368.9803660049279568 309.8073715734518192 349.2024922873081191   0.5972973599283659
 370.7434804878764711 308.8757365894285977 350.3854608471428319  -0.5679026422667466
 367.4931515375319200 311.5988319484091263 350.1851498769471896  -0.4157026406204122
 366.1212103643050929 312.3641710326472356 349.0872189931389632   0.2718973593795878
 367.7180289474685486 312.4756648745485847 352.7891924894906480   0.0212973593795878
 369.6682263176753006 313.0123470965822585 353.1161151106590280   0.1123973593795878
 366.1023131029658975 314.8548300771554683 353.1633582640070700  -0.1231026406204122
 366.8752110917396740 316.4025157808369516 352.0370814881899969   0.1111973593795878
 364.1596746372948665 314.5071204685139626 352.5643150795540194   0.1111973593795878
 366.1514459824478160 315.6863095760808147 356.4949454381102469  -0.3119026406204122
 365.1895753802819251 318.0390186128127820 356.2927447417806743   0.1932973593795878
 367.0660734312657188 310.4120839363066068 354.7280515028938721   0.5972973599283659
 368.6477742053578397 309.7563489678359165 356.3097522769859393  -0.5679026422667466
 364.7209232990694726 309.4710003216137879 354.6845878018136907  -0.4157026406204122
 363.5228369301633715 310.0511462447276430 353.3031979979172659   0.2718973593795878
 363.6985814606180814 307.9081968088609159 356.7349406571182641  -0.0024026406204122
 364.3221910848120645 308.6792050715008158 358.5434085672808900   0.0977973593795878
 360.7978518450489125 307.9875653064856116 356.6763591469666939  -0.0343026406204122
 360.1232196152390269 308.1538612062707239 354.7337206812956631   0.0294973593795878
 360.0684175573553174 306.2055535621979018 357.4133523391959565   0.0294973593795878
 359.7093695919102839 310.1135072071470199 358.2486112903891636   0.0117973593795878
 360.2800668843544878 312.6457402266015038 357.6722448195431689  -0.1256026406204122
 361.3950053033680328 313.0954950464747608 356.0281830830316711   0.1329973593795878
 359.3503216264652504 314.6053862274778536 359.1972538096176500  -0.1704026406204122
 359.7603921975261864 316.5555835976846057 358.7323811806730044   0.1429973593795878
 357.8026359227837670 314.0309094827657892 361.2683936523953490  -0.1072026406204122
 357.0183995772064088 315.5408006637688819 362.3719937146053123   0.1296973593795878
 357.2451667132769677 311.5081250939809028 361.8674368368483458  -0.1704026406204122
 356.1018824022546296 311.0791572615808251 363.4982704904223854   0.1429973593795878
 358.1938092325054541 309.5465893669706765 360.3556559297113766  -0.1256026406204122
 357.7724003046409900 307.6058406274335221 360.8205285586559685   0.1329973593795878
 364.6245472662394583 305.1775425453447198 356.6669105162970964   0.5972973599283659
 364.9835952316844918 304.0455965911259098 358.6643510398518367  -0.5679026422667466
 365.0062719452915478 304.0966191967417586 354.4162466907968806  -0.4157026406204122
 364.6869082286588889 305.1265199397288710 352.8269870121690923   0.2718973593795878
 365.7848391124671151 301.4547820615198557 354.1630233888514053  -0.0031026406204122
 364.5111636982041789 300.2793724062208643 355.2817412601328110   0.0849973593795878
 365.5826384161375425 300.6497587284694256 351.3832362458532370  -0.0036026406204122
 363.6059848800559276 300.7404655828976491 350.7993108704715749   0.0170973593795878
 366.6730103954101014 301.9536697608750851 350.2153854950899128   0.0170973593795878
 364.5187226027399000 297.4580112882763908 346.9329312004687081  -0.6086026417179684
 374.5947423488080031 330.6699480919424248 352.0729862847345111  -0.5679026422667466
 371.7204688991137506 326.8886060979659908 354.3387679193061154   0.0396973593795878
 372.0209353544072678 326.2442094862988284 352.4036883581707517   0.1104973593795878
 370.9891448852862252 324.5888093929838029 355.9507043115409058   0.0559973593795878
 370.4203373189759516 325.2577724443919513 357.8158640057212252  -0.0173026406204122
 368.8424159971516912 323.0524620461058474 354.7431693119652606   0.0135973593795878
 367.6764549725222973 324.2883429376903391 353.5828774657376039  -0.0425026406204122
 369.6625571392735098 321.6313879933970478 353.4921706113093803  -0.0425026406204122
 367.1454419288904144 321.7674482750393833 356.7009255867076802   0.8053973582820314
 364.8513144023100173 321.5236736037635593 356.1680228169418670  -0.8188026384252995
 368.0506207470387194 321.0266756305422603 358.7550578942800604  -0.8188026384252995
 369.6001961768541330 328.8577007295119382 354.2386124342082941   0.5365973593795877
 368.5684057077331441 329.3584781550010443 352.2147157447785835  -0.5819026422667466
 368.9822557310618871 330.0331103848109299 356.3891207746106349  -0.4157026406204122
 369.9195598934867919 329.5984733740090612 357.9972777145776185   0.2718973593795878
 367.0339480869890652 331.9984255640890704 356.4495920108961352  -0.0031026406204122
 365.3520918277991768 331.2444248366544892 355.5481926450156907   0.0849973593795878
 366.2327042062064420 332.6447119018901094 359.1537901085374686  -0.0036026406204122
 364.7662767262835845 334.0941318466077019 359.0819805154484404   0.0170973593795878
 365.3577610062009139 330.9534070120306234 359.9247983711773148   0.0170973593795878
 368.3132926796537386 333.5007578405564420 360.9868244584410808  -0.0645026406204122
 367.4383494796482105 333.6594948358058332 362.8349766174160277   0.0351973593795878
 369.7986174209158452 332.0759043355798359 361.1020977526102367   0.0351973593795878
 369.4546872645422000 336.0764545610911076 360.3802223694523627   0.6950973577332533
 368.1961296593506524 337.7734286293523844 359.4674846467683903  -0.6086026417179684
 371.8886545250327394 336.4317230742683343 360.7184833474242169  -0.9407026400716340
 373.0206004792516033 335.0465538181040489 361.3704388636271004   0.4250973593795878
 372.5708456593783461 338.1475944038688064 360.2649490752831531   0.4250973593795878
 367.7577131962809232 334.2887736384016071 354.8508837015987493   0.5972973599283659
 366.1136514597694254 335.2563134189692890 353.5375240385234921  -0.5679026422667466
 370.1879010045036556 334.9709647727471601 354.7167131460903442  -0.4157026406204122
 371.4540175142308708 334.1130291079469509 355.8543282787109452   0.2718973593795878
 371.1025284533215047 336.9457285826948983 353.0216288039629975  -0.0024026406204122
 370.2634900498604907 338.7447478621879267 353.5866569180054643   0.0977973593795878
 373.9843608075514245 337.1762751710332641 353.2729623797744889  -0.0343026406204122
 374.4208875444872233 338.3082211252521279 354.9415905560269728   0.0294973593795878
 374.8026122235393128 335.3130052029869286 353.5809877396036735   0.0294973593795878
 375.2410286866090419 338.3516848263323094 350.9807245793280219   0.0117973593795878
 374.9178855177085224 340.9387199036705028 350.4761677015710554  -0.1256026406204122
 373.7953881941593099 342.0857836669607014 351.7366150328965334   0.1329973593795878
 375.9969191401775535 342.0215329784073943 348.3048723736955352  -0.1704026406204122
 375.7342472075625342 344.0133043235603976 347.9288168730452367   0.1429973593795878
 377.3745294918061714 340.5078623451364411 346.6116777577021189  -0.1072026406204122
 378.1890014555261992 341.3393418440617876 344.9336009507800374   0.1296973593795878
 377.6693267686978978 337.9094889109947198 347.0897784695841690  -0.1704026406204122
 378.7124555946224147 336.7416381602313956 345.7820879849106491   0.1429973593795878
 376.6035212291662713 336.8304552885256888 349.2724121542632172  -0.1256026406204122
 376.8113911038976349 334.8311250388370181 349.6295703935743203   0.1329973593795878
 370.2786078589318793 336.4411717049379318 350.2834156359110805   0.5972973599283659
 369.0597345025526524 338.0663361801101807 349.1382415987548121  -0.5679026422667466
 370.7623777492157201 334.1583825351610626 349.2894196894685358  -0.4157026406204122
 371.7072408161763461 332.8695893118267380 350.3514457767322480   0.2718973593795878
 369.8704270140048734 333.4478455088066630 346.7704147529514564  -0.0518026406204122
 370.5563976006182869 334.8424633956405460 345.4211502933316852   0.0921973593795878
 370.8474154252421529 330.8230159087900253 345.9861784073741520  -0.1102026406204122
 370.3976606053688957 329.4680822707685168 347.4715031486362584   0.0456973593795878
 369.8118455038533034 330.2542083424797515 344.2948735175146660   0.0456973593795878
 373.6895635306596981 330.6567200090049666 345.3871352229211014   0.3530973593795877
 374.7893841406019083 330.9855323563072769 347.0935579218520296  -0.0361026406204122
 374.2583710969700253 328.0016547908456057 344.3931392764785567  -0.4121026406204121
 373.7575936714808656 326.6089266301456528 345.8274414121247608   0.0999973593795878
 373.1642196654296059 327.6312684685970441 342.6867165775476823   0.0999973593795878
 374.5456094693260307 332.5332180599887603 343.3537899028218468  -0.4121026406204121
 376.5147041008719782 332.1855084513472547 342.8643508341362687   0.0999973593795878
 373.3739792662948460 332.3347968159270481 341.6700439174980281   0.0999973593795878
 374.3982108308801676 334.4588489904545262 344.0681063814441071   0.0999973593795878
 366.9961535643106209 333.5480009939044841 346.5814421395593420   0.5972973599283659
 366.0475110450821880 334.6478216038466408 344.7710845032627857  -0.5679026422667466
 365.6185432126820567 332.5181002509174254 348.4277045724004125  -0.4157026406204122
 366.5142734001607102 331.6355981463761764 349.8771245171180049   0.2718973593795878
 362.8595430571570138 332.6522708064258305 348.4144764894629543  -0.0275026406204122
 362.1716827444096700 331.6488262293136346 346.7477380393444543   0.1122973593795878
 361.7389354597417317 331.3445803217523104 350.7577368955253236  -0.0050026406204122
 362.5930916722741341 332.1401550241331429 352.4471520592509332   0.0338973593795878
 359.7603921975261864 331.8680344608484723 350.8182081318108239   0.0338973593795878
 361.7956272437593713 328.4986527640669047 350.9429300566496312  -0.1415026406204122
 362.9993827910672097 327.1286013169740079 352.7362801577408688  -0.1638026406204122
 364.1842410770357989 327.8901609489442565 354.2027076376637799   0.2061973593795878
 362.4551416644978686 324.5925888452516633 352.4792774035275867  -0.3418026406204122
 363.2223704748699080 323.2376552072301550 353.6301206190856459   0.3411973593795878
 360.8016312973167732 324.1768490957889900 350.5215211287851671   0.1379973593795878
 359.6224421897499209 321.9942154111099420 349.5842169663602086  -0.2601026406204122
 359.9682620722574964 320.2084242145543718 350.4478218095622625   0.1571973593795878
 358.0048366191133397 322.1945263813055845 347.4847312315737167  -0.1134026406204122
 357.0939886225632976 320.5655824538654752 346.7401791348087332   0.1416973593795878
 357.5985455003202641 324.5415662396358145 346.3168804808103924  -0.1972026406204122
 356.3910105007445652 324.6719573428763589 344.7049440885755484   0.1446973593795878
 358.7758448817531859 326.7260896504487391 347.2579640955031579  -0.2387026406204122
 358.4980551400667783 328.4797555027277094 346.3263291114799902   0.1699973593795878
 360.4085682614611558 326.6259341653509179 349.4500464108518037   0.1242973593795878
 361.9165697163303182 335.4074915096830127 348.1763709965889211   0.5972973599283659
 360.4350244273360722 335.9517326362523002 346.4661688453901861  -0.5679026422667466
 362.8595430571570138 337.1857238017029155 349.7108286173329463  -0.4157026406204122
 364.1124314839468244 336.6603799364727697 351.0638725292205781   0.2718973593795878
 362.1074320558563629 339.8729143641389300 349.5350840868782901  -0.0389026406204122
 360.0627483789535803 339.9711801231028209 349.7316156048060719   0.1006973593795878
 363.3584307565122432 341.5415425403913602 351.5986650251202678   0.3653973593795878
 362.3625450839357147 343.3462309982861794 351.5835472160489331   0.0042973593795878
 363.3395334951729942 340.5626644030201504 354.3198706579668664  -0.2438026406204122
 363.7590526969035280 342.1122398328356178 355.6029947028994002   0.0641973593795878
 361.5272861327425613 339.7122876427556086 354.7866330130454420   0.0641973593795878
 364.8380863193725590 339.2209588479361003 354.6335651961977881   0.0641973593795878
 365.9303480247790481 342.0460994181483267 351.0922184212293710  -0.6761026389740777
 366.8109604031863670 340.4568397395205921 350.8767896419623402   0.4101973593795878
 362.7386005845860671 341.0445445671701148 346.9631668186114315   0.5972973599283659
 361.1984737854402510 342.4051473835934141 345.8709051132049422  -0.5679026422667466
 364.9609185180774361 340.4360527520474666 345.9219277188208448  -0.4157026406204122
 366.1627843392513441 339.3419013205070471 346.9348209266026384   0.2718973593795878
 365.8018466476724340 341.3809158190080926 343.4728426492589171  -0.0252026406204122
 365.7716110295296569 343.4407173049822635 343.4841810060624450   0.0697973593795878
 367.7331467565399369 340.7440781118765976 343.1496994803583439   0.0697973593795878
 364.1577849111609362 340.4303835736456757 341.2996575952494666   0.5972973599283659
 363.5152780256277041 341.9043699581042544 339.6159116099256480  -0.5679026422667466
 363.4264608973334109 338.0058649438247341 341.3450110224635784  -0.4157026406204122
 364.0009376420454753 336.8965957032129261 342.8019898717168383   0.2718973593795878
 361.7427149120095385 336.9287210474895797 339.4269389965334798  -0.0237026406204122
 362.4929361871763129 337.4427265559161976 337.5882354682281306   0.0879973593795878
 361.5480731202156869 334.0261017057865341 339.6064629792559966   0.0341973593795878
 360.7033655383528822 333.5442215416366236 341.4243795200882740   0.0240973593795878
 360.2403826355421668 333.3911537247890232 338.1438149516009460   0.0240973593795878
 363.9839301068401566 332.4632981930336623 339.3286732375695888   0.0017973593795878
 365.2103623677550508 332.8091180755412914 340.9273815468669749   0.0439973593795878
 363.4226814450655503 330.4828652046841869 339.4458362578727288   0.0439973593795878
 365.8717665146274781 332.7921105403359726 336.4808559537502528  -0.2737026406204122
 367.7803899098879790 335.5284339822539594 337.2669820254614876  -0.0536026406204122
 369.2619351988822250 335.7495319399227276 335.8534668772884093   0.0683973593795878
 366.6182083375263919 337.2235183243813061 337.2802101083989458   0.0683973593795878
 368.6383255746881882 335.2638723235049564 339.1208033628382791   0.0683973593795878
 359.0782010631805797 338.0682259062441108 339.5743376349793431   0.5972973599283659
 358.0180647020507979 338.6880560781702871 337.5995738250316585  -0.5679026422667466
 358.0728667599345074 338.4707375727693259 341.8646857092919334  -0.5163026406204122
 359.0838702415823707 337.9472834336731641 343.4048125084377494   0.2935973593795878
 354.1327877707086821 338.5727827840010773 341.3903644496776901   0.0879973593795878
 355.4839419564623836 342.2993227200938021 341.0407651149022542   0.5365973593795877
 353.9192487175755816 342.7434083615653220 339.3626883079801727  -0.5819026422667466
 357.1884749292593279 344.0076351451586068 341.7985452946046960  -0.4157026406204122
 358.4508119867187362 343.5030782674016403 343.1572583848940650   0.2718973593795878
 357.0845399918936998 346.6438031019787724 340.9519479866079610  -0.0875026406204122
 355.1551296091600733 347.2976483443155326 341.2713117032406199   0.0968973593795878
 358.8457647487082839 348.3388874441061191 342.5468768436374865   0.2984973593795878
 358.4073482856385548 348.0062956445360020 344.5329790103886989  -0.0297026406204122
 361.6727950450544943 347.8324408402152223 342.1575932600497295  -0.3192026406204121
 362.7574978459252624 348.9341511762913091 343.5200858026069053   0.0790973593795878
 362.0734169854457791 345.8406694950622190 342.4693980721467212   0.0790973593795878
 362.2604998727039632 348.3558949793114380 340.2565287693249498   0.0790973593795878
 358.3676640368261802 351.1413513007113434 342.0026357170681453  -0.3192026406204121
 359.4674846467683903 352.2997534208050698 343.3046570233399281   0.0790973593795878
 358.8948976281902561 351.6137828341916564 340.0694458820667118   0.0790973593795878
 356.3740029655393002 351.5646499547096840 342.2766460064867461   0.0790973593795878
 357.5494126208382917 346.8894674993885267 338.1097998811903621   0.5972973599283659
 356.1944789828167834 348.3010929214276748 336.8531320021327447  -0.5679026422667466
 359.3578805310009178 345.4872907080189763 337.0194279019178032  -0.4157026406204122
 360.3821120955862394 344.2835351607111379 338.1097998811903621   0.2718973593795878
 359.9436956325165101 345.7329551054287304 334.3057811736069259  -0.0875026406204122
 360.0381819392125942 347.7492928903226662 333.8976003286799200   0.0968973593795878
 362.5704149586670781 344.6406934000222413 333.6859510016807496   0.2984973593795878
 363.8799951694744747 345.2378468583413616 335.1599373861393284  -0.0297026406204122
 362.6308861949525248 341.7550815935244607 333.5291037325652888  -0.3192026406204121
 364.5867527435610677 341.1144644341251590 333.4440660565388024   0.0790973593795878
 361.7502738165452595 340.9519479866079610 335.1996216349516493   0.0790973593795878
 361.6198827133046614 341.0936774466520334 331.8604755563128048   0.0790973593795878
 363.5625211789757462 345.6876016782146186 331.1707255174315309  -0.3192026406204121
 365.4673651219683329 344.9808441041280795 330.8305748133257464   0.0790973593795878
 362.3398683703286588 345.1074557551007635 329.6173706353482566   0.0790973593795878
 363.6248821413951229 347.7436237119209291 331.2519837411901566   0.0790973593795878
 357.8460996238639485 344.6652598397632274 332.6295940928187746   0.5972973599283659
 357.2848509620893423 345.7310653792948002 330.6340432953979107  -0.5679026422667466
 356.6253365413507914 342.5997891753872656 333.4138304383960792  -0.4157026406204122
 357.1015475270989650 341.8061041991403635 335.0994661498538281   0.2718973593795878
 354.7053747892868163 341.3657980099367040 331.8718139131163329  -0.0237026406204122
 355.4990597655337721 341.1692664920088685 329.9801980530611507   0.0879973593795878
 354.2688480523510173 338.7088430656434127 332.9489578094514336   0.0341973593795878
 356.0981029499867691 337.8244512349682871 333.2872187874233415   0.0240973593795878
 353.2975288195154750 338.8524622518214154 334.7612051718819200   0.0240973593795878
 352.8269870121690923 336.9684052963019543 331.1499385299584052   0.0017973593795878
 352.1995979357072488 338.0361005619674573 329.5096562457147681   0.0439973593795878
 354.1271185923068913 335.5227648038521687 330.4753063001485197   0.0439973593795878
 350.1227889145277590 335.4226093187543476 332.5445564167922882  -0.2737026406204122
 348.1839299011245885 338.1872786526811810 333.1190331615043527  -0.0536026406204122
 348.8755696661397392 339.1926129559272536 334.7782127070872389   0.0683973593795878
 348.2425114112761585 339.4363876272031312 331.4863097817963828   0.0683973593795878
 346.2431811615874340 337.5901251943620607 333.4251687951996070   0.0683973593795878
 352.3148712298764584 343.0060802941803412 331.5902447191620647   0.5972973599283659
 351.3057574743624717 343.1780453723671906 329.4926487105095029  -0.5679026422667466
 351.4248102207995419 344.2854248868450145 333.5914646949846657  -0.3661426405106565
 352.2695178026623466 343.9452741827392300 335.3489099995314428   0.3114673593247100
 347.6359093222874404 345.3720174138497665 332.2478694137666853   0.2246473596539769
 349.9073601352607818 348.7281710276938760 332.3801502431411599   0.8099073597637324
 349.0550936488622560 348.9492689853626976 330.2674364254172097  -0.6014826404009009
 352.1183397119486229 349.8223224592342954 332.8979352038355846  -0.4157026406204122
 353.1009973015876931 349.2346176315847727 334.4342825507135400   0.2718973593795878
 353.0953281231859023 351.9614924428331620 331.3691467614932965  -0.0518026406204122
 351.6969307840842124 353.4694938977023244 331.4881995079303131   0.0921973593795878
 355.6181125119707887 352.7797438588210502 332.5804612133368024  -0.1102026406204122
 355.2099316670437828 353.1728068946766676 334.5646736539541382   0.0456973593795878
 356.9295824489121156 351.1904841801933158 332.5407769645244814   0.0456973593795878
 356.9428105318495738 355.1173350864816290 331.4485152591179921   0.3530973593795877
 355.5330748359443023 356.5138426994494422 330.8967152280129836  -0.0361026406204122
 358.6681304921196974 356.2927447417806743 333.4554044133423303  -0.4121026406204121
 359.5203969785181695 358.0180647020507979 332.7278598517826655   0.0999973593795878
 357.5777585128471384 356.7595070968591965 335.1372606725322724   0.0999973593795878
 360.1496757811139433 354.9604878173661681 333.9845277308402831   0.0999973593795878
 358.6586818614500996 354.5012843668233133 329.1940719813499160  -0.4121026406204121
 359.6545675340265746 356.2020378873524508 328.5988082491647260   0.0999973593795878
 360.0306230346769268 353.0575336005075117 329.7175261204461315   0.0999973593795878
 357.5569715253740128 353.8361007676830253 327.5953636720525299   0.0999973593795878
 353.3088671763190030 351.4002437810585558 328.4854246811294465   0.5972973599283659
 352.8874582484545926 353.0915486709180955 326.9434081558497003  -0.5679026422667466
 353.7510630916565926 349.0324169352552000 327.6879602526146837  -0.4157026406204122
 354.1875898285923916 347.7058291892424848 328.9975404634221341   0.2718973593795878
 353.4883911590415197 348.2916442907580770 325.0083285947143366  -0.0249026406204122
 354.5145124497607716 349.6938210821276813 323.9103977109061103   0.0842973593795878
 354.8452145231970122 345.7915366155803003 324.4565285636093281   0.2116973593795878
 355.3119768782755342 345.7367345576965373 322.4496394093849899   0.0351973593795878
 356.6064392800115961 345.7027194872859535 325.5261135554087614   0.0351973593795878
 353.3447719728635170 343.6618152626510315 325.0026594163125995  -0.6546026417179684
 352.8987966052581205 343.7052789637312129 326.7922300651360302   0.4274973593795878
 350.7369499080521981 348.2954237430259377 324.0067737437360709   0.5972973599283659
 350.2588491961700942 349.2119409179777169 321.9186263657531070  -0.5679026422667466
 348.8944669274789881 347.4034730078150909 325.4883190327303707  -0.4157026406204122
 349.3839059961645663 346.8951366777902638 327.2703307770180802   0.2718973593795878
 346.1808201991680572 347.7266161767156103 324.9969902379108086  -0.0581026406204122
 345.7442934622322584 346.9329312004687081 323.1563969834715291   0.1359973593795878
 344.5896707944063386 346.3093215762746714 326.9623054171888956  -0.0074026406204122
 345.5439824920366159 346.2261736263821690 328.7764425057533123   0.0366973593795878
 342.8114385023864358 347.3146558795207976 327.2533232418128152   0.0366973593795878
 343.9188180168643136 343.6958303330616153 326.1213772875939514   0.1867973593795878
 342.4731775244145816 343.1837145507689277 323.9897662085308059  -0.5432026406204121
 341.9969665386664082 340.6968349585285555 324.0615758016197804   0.1634973593795878
 340.8291157879030840 339.7066184643538179 322.7085318897322022   0.1434973593795878
 343.0873385179389669 339.6442575019344409 326.0949211217190886  -0.2795026406204121
 342.9815138544393551 337.7923258906916334 326.5673526551994016   0.3338973593795878
 344.3062118743181939 341.5150863745164975 327.4290677722674714  -0.2207026406204121
 345.2529646674126963 341.3355623917939806 329.2243075994926392   0.1861973593795878
 345.3663482354479757 350.5045135935799021 324.9365190016253621   0.5972973599283659
 343.9641714440784254 351.2547348687466229 323.2338757549622943  -0.5679026422667466
 346.2923140410694063 352.0937732722076368 326.6675081402972228  -0.4157026406204122
 347.4223702691543399 351.4002437810585558 328.0545671225953847   0.2718973593795878
 345.5798872885810764 354.7866330130454420 326.6807362232346810  -0.0389026406204122
 343.5219755287408356 354.8773398674736657 326.6826259493685577   0.1006973593795878
 346.4869558328633115 356.2379426838969648 329.0334452599665944   0.3653973593795878
 345.4268194717334760 358.0010571668454792 329.1222623882608878   0.0042973593795878
 346.1222386890164873 354.8300967141256237 331.5184351260730363  -0.2438026406204122
 346.8686805119154010 355.9733810251479618 333.0528927468171153   0.0641973593795878
 344.1247981654617467 354.4502617612074645 331.8415782949736095   0.0641973593795878
 347.1294627183965438 353.0499746959717906 331.5127659476712992   0.0641973593795878
 349.0626525533979771 356.8634420342248782 328.9162822396635082  -0.6761026389740777
 349.4292594233786780 357.9103503124172555 330.3524741014436424   0.4101973593795878
 346.4812866544615208 356.1113310329242273 324.2694456763511438   0.5972973599283659
 345.0110797222708027 357.4889413845528453 323.0902565687842917  -0.5679026422667466
 348.8150984298542927 355.6162227858368584 323.4096202854169506  -0.4157026406204122
 349.9886183590193540 354.5957706735193975 324.5396765135018841   0.2718973593795878
 349.8147635546986280 356.7821838104662523 321.0890365929616907  -0.0875026406204122
 349.2478457145222311 358.7569476204139905 321.1627359121845955   0.0968973593795878
 352.7287212532052014 356.8313166899482247 321.0493523441493161   0.2984973593795878
 353.3825664955419613 357.4435879573387335 322.9050634076599841  -0.0297026406204122
 353.9381459789147769 354.2745172307527544 320.4673166949015843  -0.3192026406204121
 355.9866091080854200 354.4181364169308110 320.6373920469545034   0.0790973593795878
 353.2672932013727518 352.9101349620616484 321.8373681419944811   0.0790973593795878
 353.4543760886309358 353.6395692497552435 318.5700316564446649   0.0790973593795878
 353.7113788428442180 358.7474989897443930 319.1086036046122153  -0.3192026406204121
 355.7617316981487914 358.8722209145832003 319.2352152555848991   0.0790973593795878
 353.1879247037480561 358.1786914234340655 317.1980904832178378   0.0790973593795878
 352.9139144143294554 360.6069895055228678 319.5016666404678327   0.0790973593795878
 348.6336847209978456 355.6937015573276237 318.6701871415424862   0.5972973599283659
 348.1820401749906582 357.1261139668399511 316.8881753972547228  -0.5679026422667466
 347.9836189309289461 353.2446164877656958 318.5492446689714856  -0.4157026406204122
 348.3917997758558983 352.0786554631363019 320.0232310534300642   0.2718973593795878
 346.6608106371840376 352.2336130061178326 316.3061397480069910  -0.0875026406204122
 347.6415785006891775 352.9989520903559417 314.6639677376294235   0.0968973593795878
 346.8592318812458035 349.3366628428165242 316.0718137074007649   0.2984973593795878
 348.7867525378454460 348.7810833594437089 316.5404657886132172  -0.0297026406204122
 345.0432050665474562 347.8664559106258062 317.7650083233941812  -0.3192026406204121
 345.4986290648225042 345.8576770302675377 317.7272138007157367   0.0790973593795878
 345.2510749412788198 348.5486470449713592 319.6755214447885586   0.0790973593795878
 343.0835590656711065 348.1272381171069487 317.1810829480125191   0.0790973593795878
 343.9452741827392300 353.2257192264265005 316.1303952175522811   0.5972973599283659
 342.6035686276551261 353.5129575987825060 318.2601165704815500  -0.4157026406204122
 343.2952083926702769 352.8307664644369530 319.9192961160644361   0.2718973593795878
 340.1582630103610052 354.8055302743846376 318.2695652011511477  -0.0518026406204122
 338.9941917118655414 353.9135795391737906 316.8258144348353461   0.0921973593795878
 338.8278958120804830 354.4634898441449227 320.8320338387483549  -0.1102026406204122
 338.5784519624028683 352.4509315115187399 321.2194276962022351   0.0456973593795878
 340.0392102639239886 355.2515056419900878 322.3022407709391266   0.0456973593795878
 336.2333018302065684 355.7976364946933054 320.9057331579713134   0.3530973593795877
 336.4732970492145854 357.7667311262392529 320.3614920314019722  -0.0361026406204122
 334.3057811736069259 354.5844323167158694 319.1142727830139524  -0.4121026406204121
 334.0903523943398951 352.5851020670271987 319.5621378767532793   0.0999973593795878
 335.1429298509340095 355.8599974571126823 323.5683572806663418  -0.4121026406204121
 334.2320818543839674 357.6703550934092386 323.9160668893078474   0.0999973593795878
 333.7709886777071824 354.3501062761096433 323.8026833212725679   0.0999973593795878
 336.6358134967317836 355.6143330597029281 324.9591957152324179   0.0999973593795878
 340.4398322043152734 357.6079941309898616 317.5609179009306783   0.5972973599283659
 342.4051473835934141 358.9194640679311885 318.4623172668111226  -0.4157026406204122
 343.5654392298210170 358.0690873076666467 319.7397721333419195   0.2718973593795878
 345.3568996047783782 362.4986053655780500 319.0197864763179221   0.0341973593795878
 344.9827338302619559 362.6308861949525248 321.0361242612118578   0.0240973593795878
 346.8970264039241941 361.1757970718331952 318.7419967346314607   0.0240973593795878
 347.1880442285480599 365.4106733379506931 323.6118209817465234   0.0683973593795878
 341.3242240349904527 365.1177657871928970 322.4949928365991017   0.4477973593795878
 342.5695535572445422 363.6343307720647207 325.2766697057311467  -0.8340026406204122
 343.5711084082228080 362.2775074079092820 325.9966553627551440   0.4169973593795878
 343.2857597620006791 365.0969787997197713 326.2253122249596330   0.4169973593795878
 334.9180524409973809 346.0012962164455404 346.5077428203364372  -0.8340026406204122
 335.0786791623807024 347.4034730078150909 347.6548065836266358   0.4169973593795878
 336.3107806016973337 344.9052550587711907 347.0633223037092525   0.4169973593795878
 349.6201217629047228 339.6744931200771643 325.8209108323004878  -0.8340026406204122
 350.2153854950899128 340.5513260462166226 324.3185785558331162   0.4169973593795878
 349.9205882181981863 340.9613966172775586 327.1134835079026194   0.4169973593795878
 339.0678910310884463 345.7877571633124399 320.6638482128293661  -0.8340026406204122
 337.7790978077541751 344.5934502466741992 321.3347009903714449   0.4169973593795878
 340.4776267269937177 345.3285537127695851 321.7693380011733134   0.4169973593795878
 336.1709408677871917 348.7999806207829042 333.2305270034057018  -0.8340026406204122
 337.2972176436042646 348.3010929214276748 331.8850419960537911   0.4169973593795878
 337.3860347718985578 349.7901971149576419 334.2963325429372745   0.4169973593795878
 366.2024685880637188 322.3154688538765849 363.1278841681738238  -0.8340026406204122
 364.6944671331945562 321.2874578370234029 363.1335533465756146   0.4169973593795878
 366.9602487677661604 321.8165811545213555 361.4857121577962563   0.4169973593795878
 337.8565765792449406 344.6784879227006319 326.6391622482883761  -0.8340026406204122
 336.8965957032129261 343.7638604738827829 325.3144642284095910   0.4169973593795878
 339.5611095520418849 344.1436954268009420 326.1931868806829795   0.4169973593795878
 346.8762394164510685 335.8345696159492140 327.8599253308015331  -0.8340026406204122
 348.2746367555528121 335.5416620651914177 329.0183274508952598   0.4169973593795878
 347.6018942518768568 337.2027313369081805 326.8167965048769626   0.4169973593795878
 357.5909865957845966 322.1756291199663890 356.5799831141366796  -0.8340026406204122
 358.9496996860739656 322.6764065454554950 357.7572824955696553   0.4169973593795878
 358.3808921197636383 322.5668024296880762 354.9756056264375566   0.4169973593795878
 356.7576173707253198 332.4992029895781764 345.6705941430092999  -0.8340026406204122
 357.9538140134974371 333.8994900548138503 345.8595667564014144   0.4169973593795878
 355.2137111193116433 333.4516249610745235 345.2624132980823477   0.4169973593795878
 361.7162587461346757 323.6817408487016212 359.1632387392070661  -0.8340026406204122
 362.8557636048891533 324.0880319674946968 360.5408490908356304   0.4169973593795878
 362.9086759366389862 322.7633339476159117 358.0275133327203956   0.4169973593795878
 350.9958423883994104 328.5364472867453491 373.6914532567936282  -0.8340026406204122
 349.5993347754315971 327.4045013325264853 374.0637293051761202   0.4169973593795878
 350.7331704557843375 329.8327994146152874 375.0010334676010786   0.4169973593795878
$end
