$point_charges
  92.0315524480988886 124.6406666150439979 113.8484406642197447   0.0186340135089254
  94.0686772204660038 124.6992481251955679 114.1451276672453746   0.0102340135089254
  91.2435366502537235 123.0041637830681946 114.8197598970552602   0.0102340135089254
  92.7250819392479829 122.9966048785325271 110.2428432006979939   0.0620340135089254
  93.5074285586913840 126.5228338444295825 118.8581046452449764   0.7340340118625910
  94.2954443565365491 124.4176789312412996 119.4439197467605687  -0.5894659853935182
  94.9889738476856434 128.5864147826715871 118.9922752007533948  -0.4157659864910745
  97.5741191988899200 128.3823243602080842 119.7784012724646295   0.0212340135089254
  98.5737843237342554 127.1653407299628146 118.4518135264519143   0.1123340135089254
  98.9233836585096913 130.9523519023409856 119.8766670314285338  -0.1231659864910745
 100.8943680161895555 130.7350333969400515 120.4322465148013762   0.1111340135089254
  98.9611781811881222 132.5435013071026774 116.8417668603510003  -0.3119659864910745
  97.6308109829075598 127.3826592353637489 122.4240178599543929   0.5972340140577036
  99.1029076412322080 125.6951337977720697 123.0419583057466389  -0.5679659881374090
  96.4440629708050134 123.7581645105027758 128.6034223178768790  -0.5679659881374090
  91.4967599521991720 120.5342917260331276 121.3997862953690714  -0.3192659864910745
  93.1105860705679196 119.2870724776451078 121.1125479230130392   0.0790340135089254
  92.0069860083579159 122.4542534780971163 120.8536554426658269   0.0790340135089254
  95.1496005690689515 119.7613937372593377 125.2510481563005764   0.5972340140577036
  95.6503779945580844 117.9321388396235592 126.5927537113846536  -0.5679659881374090
  96.5876821569830295 120.4001211705247227 123.2460487282101150  -0.4157659864910745
  96.1643835029846619 121.9345787912687881 122.1915815454820702   0.2718340135089254
  98.7438596757871745 118.9072375247269352 122.5392911541235758  -0.0518659864910745
  98.1259192299949285 116.9589298806541268 122.2785089476424331   0.0921340135089254
 100.0250939945857782 119.8143060690091303 120.0864266322937873  -0.1102659864910745
 100.2083974295761420 121.8400924845727040 120.4171287057300145   0.0456340135089254
 101.8959228671678213 118.9884957484855477 119.8388725087501029   0.0456340135089254
  98.4396137682258503 119.3626615230019564 117.6864744422138050   0.3530340135089254
  96.6727198330094756 120.4057903489264866 117.8622189726684746  -0.0361659864910746
  99.8512391902650253 120.2451636275431785 115.3035297873391011  -0.4121659864910745
 101.6181331254814001 119.2020348016186482 115.1258955307505011   0.0999340135089254
  98.6814987133677709 119.8993437450355898 113.6443502417562418   0.0999340135089254
 100.2556405829241707 122.2596116863032377 115.4509284257849644   0.0999340135089254
  97.5722294727560032 116.5942127368073159 117.5069504594912883  -0.4121659864910745
  96.4232759833318743 116.1255606555948500 119.1510121960027726   0.0999340135089254
  96.4572910537424582 116.3334305303261866 115.7948585821586364   0.0999340135089254
  99.2200706615353347 115.3602215713567409 117.4483689493397318   0.0999340135089254
 100.6883878675921359 118.9771573916820198 124.5990926400977468   0.5972340140577036
 101.8071057388735279 117.0382983782788090 125.2264817165595903  -0.5679659881374090
 101.1343632351975592 121.2183725865126244 125.7215899636469593  -0.4157659864910745
 100.1309186580853768 122.7566096595245100 125.2038050029525346   0.2718340135089254
 103.0146407384491999 121.5018315066008229 127.6642284293180172   0.0212340135089254
 104.8382264576832144 120.9122369528173835 126.9102277018834360   0.1123340135089254
 103.2414078745197589 124.2419344007866166 128.6090914962786431  -0.1231659864910745
 101.4253810598214250 124.9543611532749467 129.2723853692850008   0.1111340135089254
 104.6322463090857948 124.3950022176342439 130.1208724034156391   0.1111340135089254
 104.2713086175068309 126.4037810979925391 126.1448886176453267  -0.3119659864910745
 104.2505216300337053 128.4673620362345437 127.5791907532915576   0.1932340135089254
 102.3645749483802870 119.8823362098302980 129.9073333502825386   0.5972340140577036
 104.0086366848917849 118.6124402478352222 130.9523519023409856  -0.5679659881374090
  99.9476152230950129 119.8785567575624507 130.7104669571990652  -0.4157659864910745
  98.6342555600197423 120.8914499653442444 129.7656038902384392   0.2718340135089254
  99.1539302468480839 118.4442546219162200 132.8836520112085156  -0.0875659864910746
  99.4808528680164639 115.6909236447929545 132.3469697891748687   0.5972340140577036
 100.1951693466386972 114.2320550694057511 134.0099287870255887  -0.5679659881374090
  98.9441706459828304 114.9104667514834837 129.9885915740411644  -0.4157659864910745
  98.4509521250293784 116.1784729873446426 128.6506654712248942   0.2718340135089254
  99.1218049025714303 112.2988652344043176 129.2818339999545984   0.0336340135089254
  97.9029315461922168 111.1253453052392160 130.4553539291197134   0.0822340135089254
  98.4433932204936975 111.8434412361292967 126.4925982262868323  -0.1825659864910745
  99.6603768507389805 112.9923947255534121 125.2926221312468546   0.0602340135089254
  98.7117343315105075 109.8535596171102101 126.0352845018778810   0.0602340135089254
  96.4761883150816669 112.3612261968237214 126.1694550573863128   0.0602340135089254
 101.8071057388735279 111.4730549138807216 129.6333230608639647   0.5972340140577036
 102.3022139859608969 109.3716794529602994 130.4931484517981309  -0.5679659881374090
 103.6174633751700842 113.1227858287939834 128.9549113787862184  -0.4157659864910745
 103.1166859496809515 114.8254290754570242 128.2519332569675129   0.2718340135089254
 106.2555210581241533 112.5520885363497661 129.1797887887228470  -0.0014659864910746
 106.6655916291850627 110.8154302192761279 128.1498880457357615   0.0875340135089254
 107.9109211514391656 114.6893687938147024 128.0969757139859823  -0.0152659864910746
 107.4895122235747284 115.0125119627152353 126.1070940949669092   0.0294340135089254
 107.5329759246549234 116.4090195756830351 129.1646709796514853   0.0294340135089254
 110.6207884274822361 113.9882803981299138 128.3785449079402506  -0.0011659864910746
 111.6450199920675576 112.0928850858068979 126.9234557848208942  -0.1906659864910745
 110.4488233492954135 111.1026685916321602 125.5704118729332623   0.1698340135089254
 114.1489071195132217 111.4428192957379850 127.1634510038288843  -0.2341659864910745
 114.9350331912244566 109.9234794840652945 126.0163872405386857   0.1655340135089255
 115.6587983005163010 112.7070460793313101 128.8585353459562310   0.3225340135089255
 118.2307155687831193 112.0475316585927862 129.1136483740356096  -0.5579659881374089
 118.7277135420044186 110.6925980205712509 128.0138277640934529   0.3991340135089254
 114.6572434495380354 114.6213386529935346 130.2985066600042257  -0.2341659864910745
 115.8515503661762626 115.6304524085074813 131.6383224889543993   0.1655340135089255
 112.1514665959584545 115.2638455385267533 130.0509525364605413  -0.1906659864910745
 111.3634507981132894 116.7926339808690547 131.1828984906793781   0.1698340135089254
 106.8583436948450242 112.2024892015743302 131.9217814090425978   0.5972340140577036
 108.2888663782234213 110.5092945855808870 132.6153109001917056  -0.5679659881374090
 105.7623025371707013 113.8049769631395499 133.5677328716879990  -0.4157659864910745
 104.5642161682646271 115.1561311488932514 132.9516821520296833   0.2718340135089254
 106.2593005103919871 113.6424605156223250 136.2322467205169577  -0.0252659864910746
 108.2737485691520464 113.8673379255589534 136.6007433166316158   0.0697340135089254
 102.2757578200859939 111.1877062676586198 134.9264459619773947   0.2718340135089254
 105.1557004481819834 106.0155258391161498 133.8530815179101008  -0.4157659864910745
 104.7966524827369499 107.5821088041368688 132.8250705010569457   0.2718340135089254
 106.8299978028362045 104.1503661449358706 132.8137321442534178   0.0336340135089254
 105.8643477484024529 102.3324496041036335 132.7192458375573605   0.0822340135089254
 107.7767505959307607 104.8382264576832144 130.1529977476922927  -0.1825659864910745
 108.7631876378376512 106.6448046417119237 130.2191381623795569   0.0602340135089254
 109.0655438192650585 103.3774681561620807 129.4821449701502677   0.0602340135089254
 106.1723731082316107 104.9799559177273004 128.8679839766258554   0.0602340135089254
 109.1090075203452399 103.8933633907225885 134.4710219637023736   0.5972340140577036
 110.1011137406538945 106.0136361129822329 135.4612384578771113  -0.4157659864910745
 109.4434890460493007 107.7313971687166488 134.9491226755844505   0.2718340135089254
 115.0918804603399309 109.2545164326571729 135.2136843343334269   0.3530340135089254
 116.5035058823791059 107.8050964879395804 134.8300699291474073  -0.0361659864910746
 113.3930166659447238 109.5852185060934001 132.8912109157441830  -0.4121659864910745
 111.9813912439055488 111.0365281769449229 133.2729355947962993   0.0999340135089254
 114.5381907031009920 110.1521363462697702 131.2754950712415320   0.0999340135089254
 112.4481535989840978 107.8032067618056501 132.4716917140136761   0.0999340135089254
 116.7416113752531791 111.5713206728446260 135.7617049131705748  -0.4121659864910745
 118.0568607644623666 111.1347939359088272 137.2867139032450293   0.0999340135089254
 117.7998580102490845 112.0777672767355228 134.0685102971771318   0.0999340135089254
 115.5435250063471048 113.1511317208028031 136.3210638488112777   0.0999340135089254
 147.5517062627052736 114.2811879488877099 117.9699333623019901   0.0142340135089254
 148.3321631560147444 115.5850989812933693 116.5790949277359542   0.1047340135089254
 146.9980165054663347 111.7470652032993090 116.6603531514945667  -0.2041659864910745
 146.5614897685305359 110.2806377233764113 118.0398532292570746   0.0796340135089254
 145.4295438143116989 111.9341480905575067 115.3394345838836018   0.0796340135089254
 149.3469460899304682 110.9609391315880743 115.1939256715716689   0.7129340135089254
 150.2237790160699264 108.8179896957213741 115.3866777372316439  -0.5931659848447400
 150.3976338203906793 112.7467303281436445 113.6745858598989920  -0.9191659848447400
 149.6133974748133479 114.4833886452172825 113.5687611963993934   0.4195340135089254
 145.0232526955186233 115.4055749985708527 118.6804703886563765   0.5972340140577036
 143.9801238695941064 116.9268045363774599 117.2669552404832846  -0.5679659881374090
 143.9990211309333018 114.7706270175733149 120.9160164050852171  -0.4157659864910745
 145.0553780397953037 113.7161598348452565 122.1046541433216804   0.2718340135089254
 141.4403319456039282 115.3734496542941857 121.6492301450466592  -0.0024659864910746
 140.1534284484035606 114.6137797484578540 120.2319355446057337   0.0977340135089254
 140.7184565624460274 114.2736290443520156 124.2457138530544773  -0.0343659864910746
 142.1508689719583280 114.6062208439221597 125.6875748932363754   0.0294340135089254
 138.8892016648102490 114.9255845605548588 124.9316844396678907   0.0294340135089254
 140.5143661399825245 111.4730549138807216 123.9395782193592227   0.0117340135089254
 138.3997625961246440 110.4223671834205105 122.8492062400866638  -0.1256659864910745
 136.8823125105858840 111.6620275272728495 122.2142582590891260   0.1329340135089254
 138.1843338168576131 107.8485601890197621 122.5544089631949374  -0.1704659864910745
 136.4986981053998642 107.0473163082371522 121.6851349415911734   0.1429340135089254
 140.0967366643859210 106.2876464024008069 123.3575425701114909  -0.1072659864910745
 139.9417791214043902 104.2467421777658581 123.1288857079070019   0.1296340135089254
 142.2151196605116619 107.3137676931200453 124.4535837277858138  -0.1704659864910745
 143.7363491983182557 106.0835559799373175 125.0942008871851156   0.1429340135089254
 142.4173203568412345 109.8913541397886410 124.7427118262757495  -0.1256659864910745
 140.9244367110434338 118.1683546063637157 121.6605685018501873   0.5972340140577036
 138.7361338479626217 118.9336936906018248 121.4904931497972950  -0.5679659881374090
 142.8765238073840893 119.7462759281879626 122.0404034547683733  -0.4157659864910745
 141.9203223836199355 123.6050966936551753 119.6498998953579885   0.5972340140577036
 140.6466469693570261 125.5477351593262064 119.5837594806707377  -0.5679659881374090
 142.7385737996078506 122.4996069053112280 117.5163990901608859  -0.4157659864910745
 143.7495772812557139 120.8820013346746466 117.5882086832499007   0.2718340135089254
 142.2226785650473293 123.5899788845837868 115.0786523774024727  -0.0581659864910746
 142.9180977823303674 125.5288378979870111 115.0540859376614998   0.1359340135089254
 143.4963539793102656 122.1197719523930689 112.9205851324644108  -0.0074659864910746
 142.9596717572766185 120.1317800595078993 112.9923947255534121   0.0366340135089255
 142.9728998402140769 122.9058980241043036 111.0894405086947155   0.0366340135089255
 146.3252740017903794 122.2010301761516678 113.0585351402406629   0.1867340135089255
 147.9031953236146129 120.6287780327291983 111.7111604067548085  -0.5432659864910745
 139.4334427913795633 123.6504501208692871 114.5306317985653112   0.5972340140577036
 138.5131461641599234 125.4570283048979829 113.3911269398107934  -0.5679659881374090
 138.0085892864029569 121.6813554893233396 115.2959708828034204  -0.4157659864910745
 138.7323543956947881 120.2999656854268880 116.3957914927455903   0.2718340135089254
 135.3969877693237774 121.5037212327347262 114.5551982383062838  -0.0252659864910746
 135.3213987239669156 121.4470294487170866 112.4972864784660432   0.0697340135089254
 134.6373178634874322 119.7462759281879626 115.3167578702765593   0.0697340135089254
 133.8115075429638497 123.6731268344763162 115.4792743177937843   0.5972340140577036
 132.6153109001917056 124.9619200578106140 113.9618242322550107  -0.5679659881374090
 133.8190664474995172 124.2098090565099631 117.9661539100341431  -0.4157659864910745
 134.8300699291474073 123.1345548863087658 119.1755786357437452   0.2718340135089254
 132.2222478643360614 126.1543372483149245 118.9960546530212286  -0.0275659864910745
 130.3098450168077535 125.8727680543606562 118.2836279005329253   0.1122340135089255
 132.1409896405774623 126.1505577960470906 121.9251301605991635  -0.0050659864910746
 131.2055752042864341 127.8872161131207154 122.5203938927843535   0.0338340135089254
 131.0581765658405708 124.5272830470087455 122.5846445813376876   0.0338340135089254
 134.6524356725587939 126.0655201200206311 123.2876227031563931  -0.1415659864910745
 136.0413843809909129 124.0038289079125566 123.9754830159037369  -0.1638659864910745
 135.2741555706189004 122.1575664750714864 123.4822644949502715   0.2061340135089254
 132.9705794133688787 128.6884599939033387 117.9869408975072820   0.5972340140577036
 131.3473046643305333 130.2833888509328640 117.5277374469644138  -0.5679659881374090
 135.4385617442700555 129.1533326228479574 117.6108853968569566  -0.4157659864910745
 136.7745981209523685 127.8305243291030756 117.9396977441592535   0.2718340135089254
 135.1305363844408709 132.0597314168188366 114.1186715013704850   0.5972340140577036
 135.2873836535563317 130.1851230919689730 112.4028001717699859  -0.4157659864910745
 135.9752439663036756 128.4843695714398358 112.9262543108661747   0.2718340135089254
 134.3878740138098175 130.4836998211285333 109.8554493432441404  -0.0249659864910746
 135.3894288647880831 132.0502827861492388 108.9710575125689878   0.0842340135089254
 134.8073932155403513 128.0894168094502881 108.2548513078128376   0.2116340135089254
 133.7793821986871962 126.5247235705634858 109.1127869726130871   0.0351340135089254
 134.0855178323824237 128.4238983351543623 106.3537868170880577   0.0351340135089254
 137.4152152803516702 127.4809249943276397 108.1263499307061965  -0.6546659875886308
 137.6382029641543685 125.9861516223959355 107.1229053535940006   0.4274340135089254
 131.5929690617402875 130.8994395705912066 109.9121411272617667   0.5972340140577036
 130.5895244846281185 132.4565739049423144 108.5061848836243556  -0.5679659881374090
 130.2304765191830850 129.5331675757661434 111.4352603912023042  -0.4157659864910745
 131.1866779429472388 128.1423291412000941 112.3498878400201935   0.2718340135089254
 127.4828147204615700 129.7202504630243275 111.7943083566473377  -0.0237659864910746
 126.5511797364384023 129.4178942815969336 109.9820609942168645   0.0879340135089254
 126.4812598694833044 127.5602934919523353 113.4591570806319610   0.0341340135089254
 127.5338373260774457 127.4941530772650979 115.2279407419822527   0.0240340135089254
 124.4951577027320651 127.9023339221921038 113.8937940914338564   0.0240340135089254
 126.6929091964825016 124.9959351282211978 112.0966645380747450   0.0017340135089254
 128.6733421848319502 124.6368871627761643 111.6828145147459885   0.0439340135089254
 126.0522920370831729 123.5181692914947855 113.3741194046055014   0.0439340135089254
 124.9770378668820025 124.7049173035973320 109.1260150555505319  -0.2737659864910745
 121.8722178288493843 123.7789514979759282 110.1956000473499652  -0.0536659864910745
 120.5229533692295997 123.9887110988411683 108.6535835220702189   0.0683340135089254
 121.9062328992599682 121.8060774141621201 110.7568487091245713   0.0683340135089254
 121.3109691670747514 124.9486919748731826 111.7924186305134210   0.0683340135089254
 126.6626735783397514 132.3280725278356734 112.7429508758758108   0.5972340140577036
 124.8542056681770986 133.4089958764386078 111.7546241078349899  -0.5679659881374090
 128.2028003774855673 133.3504143662870646 114.3586667203784751  -0.4157659864910745
 129.7315888198278554 132.4565739049423144 115.0710934728667918   0.2718340135089254
 127.5943085623629191 135.8146172449203809 115.3129784180087123   0.0336340135089254
 125.6611187273614858 135.8278453278578122 116.0254051704970288   0.0822340135089254
 127.7908400802907278 137.6892255697702444 113.2021543264186790   0.5972340140577036
 129.7108018323547299 137.3906488406106841 111.5599823160410981  -0.4157659864910745
 130.9372340932696241 135.9412288958930917 111.7565138339689202   0.2718340135089254
 132.3242930755678128 136.6064124950333797 107.2740834443077109  -0.0297659864910745
 127.8456421381744642 139.0271516725864877 107.7578533345915518   0.5972340140577036
 126.9291249632226581 136.7405830505417846 107.1134567229244030  -0.4157659864910745
 127.6982434997286008 135.1418747412443987 107.8164348447431083   0.2718340135089254
 124.8334186807039730 136.5157056406051562 105.3994751194578208  -0.0875659864910746
 125.1735693848098112 137.5210399438512554 103.6344709103753762   0.0968340135089254
 124.1909117951707409 133.8077280906960159 104.7966524827369499   0.2984340135089255
 123.9074528750825692 132.7570403602357779 106.5465388827480193  -0.0297659864910745
 121.7512753562784108 133.7340287714730844 103.2149517086448559  -0.3192659864910745
 122.0347342763666093 134.7828267757993652 101.4650653086337728   0.0790340135089254
 121.2769540966641943 131.7781622228645683 102.7727557933072795   0.0790340135089254
 120.2130382832665116 134.5881849840054867 104.2845367004442891   0.0790340135089254
 126.4774804172154706 132.5983033649864138 103.4625058321885402  -0.3192659864910745
 128.1177627014591078 132.6738924103432487 104.7059456283087264   0.0790340135089254
 126.0504023109492696 130.6348779118422302 103.0089715600474360   0.0790340135089254
 126.8856612621424497 133.6300938341074025 101.7258475151149156   0.0790340135089254
 122.5411808802575060 137.7232406401808282 106.5484286088819497   0.5972340140577036
 121.1919164206377348 139.1386455144878637 105.2917607298243187  -0.5679659881374090
 122.0763082513128604 137.2413604760309175 109.0012931307117246  -0.4157659864910745
 123.2932918815581570 136.1717754842314842 110.0104068862256844   0.2718340135089254
 119.8936745666338259 138.2429153270091831 110.2636301881711193  -0.0024659864910746
 118.2061491290421466 137.5626139187975336 109.2998698598712846   0.0977340135089254
 119.7481656543218929 137.4548995291640180 113.0566454141067326  -0.0343659864910746
 119.3210875480556916 135.4574590056092508 113.3249865251235560   0.0294340135089254
 121.4470294487170866 137.9405591455817892 114.1148920491026380   0.0294340135089254
 117.6297826581961654 138.8967605693459432 114.2263858910039871   0.0117340135089254
 115.1636900534289322 138.1748851861880156 113.8389920335501337  -0.1256659864910745
 114.7687372914393845 136.5289337235426144 112.6635823782511152   0.1329340135089254
 126.7930646815803227 140.3329524311260775 100.9208241820644585   0.0185340135089254
 114.1130023229687211 140.9130983542399058 104.0709976473111884   0.0559340135089254
 114.4833886452172825 140.6107421728125121 106.0741073492677064  -0.0173659864910746
 112.0815467290033699 141.0529380881500748 103.7629722874820172  -0.0173659864910746
 115.1655797795628489 138.6926701468824403 102.5516578356384981   0.0135340135089254
 117.1497922201801715 138.3714167041158243 102.9995229293778384  -0.0425659864910745
 114.0846564309599012 136.9862474479515389 102.9598386805654906  -0.0425659864910745
 114.9066872992156367 139.3446256630852699  99.7662015142385657   0.8053340124113690
 112.7410611497418805 139.8737489805832227  98.9290528369114553  -0.8188659842959619
 116.8852305614311951 139.3408462108174363  98.4433932204936975  -0.8188659842959619
  99.2824316239547248 130.8276299775021783  96.6122485967240022   0.0796340135089254
 100.4143775781735619 131.1696704077419468 101.7730906684629441  -0.5679659881374090
 101.9620632818550721 134.4048815490151094 107.2495170045667248  -0.5679659881374090
  99.7302967176940651 130.4855895472624368 110.5735452741342075   0.5972340140577036
 101.0852303557156003 130.1832333658350429 112.4405946944484036  -0.5679659881374090
  99.6055747928552712 128.7886154790011598 108.6875985924808028  -0.4157659864910745
  98.5000850045113372 129.1892374193924714 107.1852663160134044   0.2718340135089254
 100.9794056922160151 126.4491345252066509 108.6857088663468859   0.0336340135089254
 100.4729590883251184 125.3644317243358559 110.3618959471350373   0.0822340135089254
 100.3992597691021868 124.8466467636414312 106.3311101034810019  -0.1825659864910745
 100.9132652775287779 125.9011139463694759 104.6379154874875587   0.0602340135089254
 101.4839625699729952 123.0967603636303484 106.4048094227039336   0.0602340135089254
  98.3885911626099746 124.4044508483038414 106.2800874978651262   0.0602340135089254
 103.7705311920176981 126.9140071541512696 108.6951574970164837   0.5972340140577036
 105.1594799004498305 125.6630084534954162 110.0765473009129218  -0.5679659881374090
 104.6738202840320593 128.7489312301888120 107.1795971376116402  -0.4157659864910745
 103.4946311764652072 129.8279648526578430 106.1364683116871099   0.2718340135089254
 107.3477827635306292 129.1533326228479574 106.9301532879340391  -0.0518659864910745
 108.2208362374022538 127.3807695092298186 106.3500073648202106   0.0921340135089254
 108.0261944456083618 131.2055752042864341 104.9799559177273004  -0.1102659864910745
 106.8148799937648428 132.7664889909054025 105.5582121147072120   0.0456340135089254
 109.9990685294221565 131.7876108535341927 105.1008983902982605   0.0456340135089254
 107.4006950952804352 130.4572436552536169 102.2322941190057988   0.3530340135089254
 105.3654600490472369 130.1775641874332790 102.0773365760242683  -0.0361659864910746
 108.2416232248753928 132.5113759628260239 100.3539063418880750  -0.4121659864910745
 110.2768582711085775 132.7910554306463618 100.5069741587357021   0.0999340135089254
 107.7729711436629135 131.9236711351765280  98.4358343159580167   0.0999340135089254
 107.2721937181737806 134.2763801719084684 100.7866536265560536   0.0999340135089254
 108.4721698132137854 127.8361935075048396 101.5708899721333714  -0.4121659864910745
 107.6614773017615644 126.4226783593317613 102.8313373034588361   0.0999340135089254
 107.9959588274656252 127.3713208785602209  99.6225823280605630   0.0999340135089254
 110.5206329423844149 127.8550907688440619 101.7900982036682361   0.0999340135089254
 108.5061848836243556 129.8563107446666627 109.4170328801744113   0.5972340140577036
 110.4280363618222745 128.7886154790011598 110.1672541553411453  -0.5679659881374090
 107.3156574192539756 131.6137560492134400 110.8022021363386831  -0.4157659864910745
 105.6583675998050330 132.2959471835589930 110.1464671678680062   0.2718340135089254
 108.2208362374022538 132.5151554150938575 113.2002646002847487  -0.0024659864910746
 110.0727678486450748 133.3863191628315518 112.9734974642142034   0.0977340135089254
 106.3802429829629473 134.5069267602468610 114.2792982227537796  -0.0343659864910746
 106.3670149000255025 136.1490987706244283 113.0377481527675239   0.0294340135089254
 104.4640606831668058 133.7737130202854322 114.4682708361459076   0.0294340135089254
 107.1455820672010565 135.4328925658682916 116.8342079558153195   0.0117340135089254
 106.7449601268097583 133.9683548120793106 118.9450320474053527  -0.1256659864910745
 105.8851347358755785 132.1088642963008088 118.7277135420044186   0.1329340135089254
 107.4139231782178800 134.8225110246117130 121.3052999886729874  -0.1704659864910745
 107.0964491877191110 133.6300938341074025 122.9550309035862490   0.1429340135089254
 108.3039841872947830 130.3363011826826700 115.0125119627152353   0.5972340140577036
 110.0746575747790049 130.0944162375407495 116.4940572517094947  -0.5679659881374090
 106.3481176386862937 128.7092469813764642 114.9860557968403323  -0.4157659864910745
 104.9138155030400630 128.9322346651791624 113.7463954529879933   0.2718340135089254
 106.2479621535884591 126.6097612465899454 116.7057065787086785   0.0336340135089254
 106.4048094227039336 127.2995112854712195 118.6407861398440287   0.0822340135089254
 103.7894284533569202 125.0771933519798237 116.4619319074328277  -0.1825659864910745
 103.6136839229022372 124.3590974210897565 114.5381907031009920   0.0602340135089254
 103.8310024283031849 123.4973823040216600 117.7828504750437926   0.0602340135089254
 102.1793817872560064 126.2885078038233294 116.8908997398329591   0.0602340135089254
 108.4060293985265346 124.8466467636414312 116.1879216180142538   0.5972340140577036
 109.7439555013427779 124.0680795964658639 117.9170210305521975  -0.5679659881374090
 108.6913780447486498 123.9017836966808053 113.8730071039607174  -0.5163659864910745
 107.4932916758425756 124.5594083912853990 112.5237426443409462   0.2935340135089254
 110.8532247419545590 122.4145692292847685 112.9451515722053835   0.0396340135089254
 110.7870843272673082 120.4889382988190159 113.6651372292293808   0.1104340135089255
 110.7927535056690721 122.1348897614644304 110.0689883963772410   0.0559340135089254
 109.0296390227205445 121.1975855990394987 109.5587623402184971  -0.0173659864910746
 110.8683425510259205 123.9735932897698066 109.1430225907558237  -0.0173659864910746
 113.0377481527675239 120.5040561078903910 109.2072732793091442   0.0135340135089254
 114.7082660551539111 121.6945835722607710 108.9578294296315431  -0.0425659864910745
 113.4704954374354890 119.0943204119851329 110.6566932240267503  -0.0425659864910745
 112.4349255160466396 119.1264457562617999 106.7525190313454392   0.8053340124113690
 111.6374610875318768 120.4227978841317785 104.9497202995845636  -0.8188659842959619
 112.7580686849471724 116.7812956240655269 106.7147245086670081  -0.8188659842959619
 113.3665605000698208 123.5465151835036054 113.8541098426215087   0.5365340135089255
 114.8972386685460389 122.2709500431067658 115.0559756637954167  -0.5819659881374090
 113.7426160007201461 126.0560714893510335 113.5385255782566566  -0.4157659864910745
 112.4783892171268344 127.0538468880614386 112.5539782624836828   0.2718340135089254
 116.1539065476036699 127.1804585390341761 114.1243406797722490  -0.0014659864910746
 117.6127751229908733 126.1241016301722010 113.1322344594635810   0.0875340135089254
 116.3920120404777431 130.0131580137821238 113.4742748897033361  -0.0152659864910746
 114.9728277139028875 131.0865224578493907 114.5155139894939360   0.0294340135089254
 118.2590614607919392 130.6896799697259397 114.0336338253440255   0.0294340135089254
 116.0839866806485853 130.4364566677804912 110.6982671989730148  -0.0011659864910746
 117.5900984093838176 129.2156935852673610 108.9578294296315431  -0.1906659864910745
 118.8543251929771426 127.8191859722995477 109.5436445311471354   0.1698340135089254
 117.2934114063581876 129.6484408699353262 106.4066991488378503  -0.2341659864910745
 118.4026806469699553 128.6128709485464767 105.0838908550929687   0.1655340135089255
 115.5095099359365209 131.3359663075270054 105.5638812931089759   0.3225340135089255
 115.2033743022412800 131.7857211274002624 102.9522797760297964  -0.5579659881374089
 116.5942127368073159 131.1545525986705584 101.9809605431942808   0.3991340135089254
 114.0355235514779424 132.6001930911203171 107.2892012533790726  -0.2341659864910745
 112.7769659462863945 134.0326055006326445 106.6466943678458540   0.1655340135089255
 114.3397694590392664 132.1579971757827543 109.8327726296370845  -0.1906659864910745
 113.2342796706953326 133.1784492881002152 111.1329042097748969   0.1698340135089254
 116.7075963048425952 126.9593605813653813 116.8833408352972650   0.5972340140577036
 118.8184203964326286 126.3281920526356772 117.6278929320622485  -0.5679659881374090
 114.8159804447874266 127.5262784215417516 118.4744902400589701  -0.4157659864910745
 113.1662495298741648 128.1498880457357615 117.7469456784992784   0.2718340135089254
 115.0899907342060006 127.4639174591223478 121.1692397070306788  -0.0024659864910746
 116.8455463126188473 128.4144497044847377 121.6794657631894095   0.0977340135089254
 112.8941289665895078 128.7734976699297983 122.5392911541235758  -0.0343659864910746
 111.0440870814806037 128.3672065511367225 121.7304883688052851   0.0294340135089254
 112.8506652655093262 128.4144497044847377 124.5669672958210933   0.0294340135089254
 113.3249865251235560 131.5457259083922723 122.2199274374908900   0.0117340135089254
 112.9338132154018556 132.7192458375573605 119.9333588154461737  -0.1256659864910745
 112.2931960560025537 131.5967485140081480 118.3289813277470236   0.1329340135089254
 113.3382146080610008 135.2703761183510397 119.6536793476258222  -0.1704659864910745
 113.0245200698300791 136.1679960319636506 117.8263141761239740   0.1429340135089254
 114.1243406797722490 132.9875869485741705 124.2343754962509492  -0.1256659864910745
 114.4342557657353237 132.0767389520241284 126.0560714893510335   0.1329340135089254
 115.4093544508386997 124.7937344318916252 122.1027644171877769   0.5972340140577036
 116.6943682219051504 124.3893330392324799 123.9924905511090287  -0.5679659881374090
 114.1659146547185137 122.8945596673007757 120.9368033925583561  -0.4157659864910745
 112.8884597881877436 123.1515624215140577 119.5421855057244730   0.2718340135089254
 114.6081105700560899 120.3642163739802219 121.8306438539031064  -0.0597659864910745
 114.4833886452172825 120.2999656854268880 123.8866658876094436   0.0868340135089254
 112.6541337475815041 118.4007909208360384 120.8479862642640628   0.1302340135089254
 112.1665844050298294 118.8259793009683229 118.8902299895216434   0.0186340135089254
 113.7104906564434926 115.6795852879894400 120.9500314754958144  -0.3204659864910745
 114.3341002806375025 115.2354996465179336 122.8662137752919558   0.0881340135089254
 112.2761885207972618 114.3189824715661273 120.3868930875872779   0.0881340135089254
 115.2959708828034204 115.4584873303206453 119.6536793476258222   0.0881340135089254
 110.2296151177605491 118.3233121493452597 122.4939377269094641  -0.0430659864910745
 109.1959349225056163 116.5866538322716351 122.0952055126520826   0.0235340135089254
 110.7625178875263353 118.2760689959972310 124.4857090720624674   0.0235340135089254
 108.3398889838392972 120.4662615852119601 122.0914260603842490  -0.0660659864910746
 107.6784848369668562 120.4416951454709872 120.1431184163114271   0.0185340135089254
 106.7185039609348553 120.1657951299184829 123.3178583212991431   0.0185340135089254
 109.1978246486395333 122.2803986737763634 122.5525192370610341   0.0185340135089254
 117.2990805847599516 119.5818697545368208 121.3525431420210293   0.5972340140577036
 118.5973224387638471 118.7503902556114743 123.0910911852285844  -0.5679659881374090
 118.2590614607919392 119.8955642927677428 118.9507012258071168  -0.4157659864910745
 117.0779826270911568 120.4794896681494183 117.5466347083036361   0.2718340135089254
 120.8328684551926879 119.0867615074494521 118.2571717346580223  -0.0875659864910746
 121.0728636742006914 117.1157771497695877 118.8070820396291006   0.0968340135089254
 121.1938061467716383 119.2984108344486359 115.3810085588298800   0.2984340135089255
 120.8933396914781611 121.2599465614589025 114.8329879799927184  -0.0297659864910745
 123.8450919126631656 118.4858285968624979 114.5438598815027559  -0.3192659864910745
 124.0076083601803904 118.5519690115497353 112.4916173000642792   0.0790340135089254
 125.2680556915058685 119.7406067497861986 115.3413243100175322   0.0790340135089254
 124.1890220690368374 116.5639771186645791 115.1788078625003072   0.0790340135089254
 119.3248670003235255 117.6241134797944014 113.9259194357105100  -0.3192659864910745
 119.5894286590725017 117.9170210305521975 111.9076919246826171   0.0790340135089254
 119.6272231817509326 115.6417907653110091 114.3964612430569062   0.0790340135089254
 117.3822285346524810 118.1230011791496174 114.3870126123872951   0.0790340135089254
 122.8397576094170662 120.6155499497917401 119.6820252396346421   0.5972340140577036
 124.6935789467938039 119.5686416715993760 120.6136602236578232  -0.5679659881374090
 122.2936267567138216 123.0155021398717224 120.1998102003290668  -0.4157659864910745
 120.7308232439609363 123.8980042444129448 119.5516341363940842   0.2718340135089254
 124.1323302850191978 124.4819296197946337 121.5509643860827683  -0.0252659864910746
 125.9578057303871158 124.3855535869646461 120.6004321407203784   0.0697340135089254
 123.5257281960304797 126.4472447990727206 121.6719068586537152   0.0697340135089254
 124.4006713960360078 123.4369110677361597 124.1682350815636849   0.5972340140577036
 126.5001571308225266 123.2403795498083510 125.1452234928009914  -0.5679659881374090
 122.2652808647050017 122.7547199333906067 125.3738803550054537  -0.4157659864910745
 120.5985424145864481 122.8378678832831359 124.4498042755179532   0.2718340135089254
 122.2747294953745995 121.8400924845727040 127.9325695403348272  -0.0237659864910746
 123.1591213260497519 123.2630562634154068 129.1287661831069711   0.0879340135089254
 119.6102156465456407 121.2845130011998618 128.9624702833219127   0.0341340135089254
 118.7031471022634323 119.9994992301334111 127.6321030850413636   0.0240340135089254
 119.8483211394197141 120.3377602081053189 130.7766073718863026   0.0240340135089254
 117.9604847316323790 123.6315528595300649 129.3120696180973484   0.0017340135089254
 117.8792265078737666 124.5915337355620525 127.4922633511311678   0.0439340135089254
 116.0764277761128912 122.9777076171933050 129.8279648526578430   0.0439340135089254
 119.0848717813155352 125.8311940794144049 131.7006834513738029  -0.2737659864910745
 118.0322943247213939 123.9943802772429322 134.4048815490151094  -0.0536659864910745
 118.9525909519410470 122.1518972966697224 134.3840945615419837   0.0683340135089254
 115.9895003739525148 123.7430467014314140 134.3122849684529824   0.0683340135089254
 123.6882446435477047 119.3872279627429290 128.1234318798608719   0.5972340140577036
 125.1338851359974634 119.0073930098247565 129.9054436241486083  -0.5679659881374090
 123.3065199644956153 117.6335621104640124 126.3168536958321493  -0.4157659864910745
 122.1972507238838342 117.9680436361680732 124.8012933364273194   0.2718340135089254
 124.5008268811338291 115.2033743022412800 126.5285030228313465  -0.0389659864910746
 124.0359542521892104 114.3794537078516142 128.3577579204671249   0.1006340135089254
 123.7071419048869001 113.3363248819270839 124.4157892051073695   0.3653340135089254
 124.5386214038122734 111.5070699842913055 124.8768823817841544   0.0042340135089254
 120.8668835256032717 112.9508207506071474 124.1398891895548652  -0.2438659864910745
 119.8086368906073663 114.3870126123872951 125.1641207541401868   0.0641340135089254
 120.3037451376947351 113.0490865095710518 122.1594562012054167   0.0641340135089254
 120.4039006227925697 111.0913302348286322 124.8712132033823905   0.0641340135089254
 124.5650775696871630 113.9580447799871769 121.9610349571436777  -0.6761659848447401
 126.3848838366533170 113.9467064231836490 121.9307993390009274   0.4101340135089254
 127.3108496422747474 115.4698256871241731 126.3811043843854832   0.5972340140577036
 128.6884599939033387 114.3851228862533782 127.9042236483260073  -0.5679659881374090
 128.2538229831014432 116.9797168681272524 124.5537392128836351  -0.4157659864910745
 127.0292804483204792 117.6505696456693044 123.2328206452726836   0.2718340135089254
 130.9561313546088463 117.3104189415634797 124.1663453554297816  -0.0014659864910746
 131.8291848284804440 115.4433695212492836 124.2287063178491852   0.0875340135089254
 131.4720265891693406 118.3176429709434958 121.4867136975294344  -0.0152659864910746
 130.1662258306297509 119.8445416871518669 121.0256205208526493   0.0294340135089254
 133.3900986150994124 119.0621950677084794 121.3978965692351412   0.0294340135089254
 131.2736053451076016 116.1728038089428787 119.5837594806707377  -0.0011659864910746
 133.2502588811892434 114.3870126123872951 119.5440752318583899  -0.1906659864910745
 134.9018795222364086 114.7668475653054676 120.6401163895327262   0.1698340135089254
 133.0291609235204486 112.0909953596729810 118.2231566642474384  -0.2341659864910745
 134.4653527853006097 110.6944877467051678 118.3422094106844819   0.1655340135089255
 130.6499957209135919 111.5883282080499180 116.7000374003069145   0.3225340135089255
 130.2626018634597385 109.3622308222906884 115.4736051393920202  -0.5579659881374089
 128.4692517623684741 109.0806616283364202 115.1788078625003072   0.3991340135089254
 128.6544449234927549 113.6443502417562418 116.6905887696373034  -0.2341659864910745
 126.9518016768297139 113.3911269398107934 115.6512393959806201   0.1655340135089255
 129.0569565900179698 115.8364325571049009 118.1437881666227430  -0.1906659864910745
 127.6245441805056694 117.2404990746083816 118.2099285813099937   0.1698340135089254
 132.2203581382021579 118.8089717657630309 126.3017358867607876   0.5972340140577036
 134.3670870263366919 118.2023696767742996 126.9669194859010756  -0.5679659881374090
 130.7747176457523993 120.3793341830515836 127.5602934919523353  -0.4157659864910745
 129.0342798764109140 120.8801116085407163 126.9555811290975477   0.2718340135089254
 129.1060894694999154 124.7578296353471380 126.9650297597671453   0.0235340135089254
 128.5467305338592393 118.1796929631672436 131.2660464405719076   0.2718340135089254
 126.9480222245618534 113.2134926832221935 132.6228698047273730  -0.0430659864910745
 125.0431782815692399 112.6522440214475872 133.1671109312966873   0.0235340135089254
 126.8516461917318658 114.4871680974851297 131.0071539602246951   0.0235340135089254
 128.4730312146363077 110.8702322771598508 131.9104430522390698  -0.0660659864910746
 127.5621832180862656 109.9102514011278497 130.3325217304148095   0.0185340135089254
 130.3778751576289213 111.4295912128005402 131.3643121995358253   0.0185340135089254
 131.8820971602302500 114.3492180897088776 129.8279648526578430   0.2718340135089254
 135.2174637866012605 111.4541576525415129 127.7946195325585885   0.0341340135089254
 135.1040802185659813 113.2607358365702356 126.8100722167856147   0.0240340135089254
 137.0750645762458589 110.6188987013483192 127.4847044465955003   0.0240340135089254
 133.1822287403680759 109.6759253605216102 126.7779468725089344   0.0017340135089254
 131.3699813779375893 110.3618959471350373 127.4752558159258757   0.0439340135089254
 133.2238027153143270 109.8138753682978623 124.7238145649365542   0.0439340135089254
 133.5752917762236932 106.3915813397664753 127.6982434997286008  -0.2737659864910745
 131.6043074185438154 105.1783771617890394 125.1679002064080472  -0.0536659864910745
 132.4055512993264387 105.7226182883583537 123.3499836655757967   0.0683340135089254
 131.5154902902495223 103.1242448542166324 125.2907324051129242   0.0683340135089254
 129.7051326539529660 105.9588340550985102 125.3417550107288001   0.0683340135089254
 134.0458335835700759  72.7884712263787811 122.2293760681604877   0.0641340135089254
 143.3036019136502905  84.1948581707274599 113.4969516033103920  -0.8627659859422964
 142.5439320078139454  85.6310500325076077 114.4985064542886576   0.4477340135089254
 143.2053361546863996  84.1891889923256959 111.5902179341838481   0.4477340135089254
 138.0274865477421523  85.8540377163103194 123.2914021554242267  -0.5894659853935182
 134.0477233097040062  88.2313131927832458 126.1505577960470906  -0.0875659864910746
 134.0477233097040062  88.4127269016396929 124.0983152146086139   0.0968340135089254
 131.6704478332310796  86.9085048990383776 126.9423530461600895   0.2984340135089255
 130.0244963705856517  87.9421850942932967 126.2582721856806062  -0.0297659864910745
 131.6855656423024414  84.2383218718076415 125.7896201044681268  -0.3192659864910745
 133.3296273788139390  83.2046416765527222 126.4718112388137067   0.0790340135089254
 129.9696943127019422  83.2405464730972230 126.3433098617070657   0.0790340135089254
 131.7668238660610402  84.3762718795838936 123.7354877968957198   0.0790340135089254
 134.0344952267665480  90.8334660791928143 127.3240777252121788   0.5972340140577036
 132.2732704699519371  92.5342195997219382 126.5492900103044719  -0.4157659864910745
 131.0090436863586254  92.1071414934557371 125.1849077416133391   0.2718340135089254
 132.2940574574250896  95.0740115237121030 127.5432859567470434  -0.0014659864910746
 133.1954568233055072  97.1035773915435239 125.6630084534954162  -0.0152659864910746
 132.2184684120682276  96.9164945042853264 123.8583199956006238   0.0294340135089254
 132.9479026997618227  99.0178699652057619 126.3811043843854832   0.0294340135089254
 135.9393391697591882  96.5857924308490992 125.3020707619164523  -0.0011659864910746
 139.4353325175134936  95.3952649664787190 122.7112562323104251  -0.2341659864910745
 140.1779948881445467  94.8113395910970435 120.8801116085407163   0.1655340135089255
 136.8936508673894119  95.8639170476911849 122.9928254262646665  -0.1906659864910745
 135.6256446315282396  95.6636060774955292 121.3827787601637795   0.1698340135089254
 129.7523758073010079  95.8242327988788371 128.5580688906627672   0.5972340140577036
 127.9155620051295352  94.4031587461700646 128.4503545010292519  -0.5679659881374090
 129.3706511282488916 103.5532126866167637 130.5536196880836043  -0.3192659864910745
 127.8834366608528816 104.0502106598380494 129.2194730375351948   0.0790340135089254
 130.9844772466176393 102.7897633285125715 129.5274983973643795   0.0790340135089254
 125.3833289856750512  99.9268282356218738 129.2686059170171670   0.5972340140577036
 124.8258597761683055  98.6361452861536592 127.4242332103100269  -0.5679659881374090
 124.1587864508940874 102.0848954805599491 129.8582004708005931  -0.4157659864910745
 125.1508926712027554 103.0902297838060485 131.1413245157331270   0.2718340135089254
 121.7456061778766468 103.0562147133954647 129.0380593286787745  -0.0875659864910746
 120.1809129389898580 101.8411208092841118 129.6030874427212144   0.0968340135089254
 121.2486082046553744 105.6867134918138529 130.0037093831125261   0.2984340135089255
 119.4325813899570408 106.3575662693558915 129.3007312612938205  -0.0297659864910745
 121.1975855990394987 105.6243525293944494 132.9063287248155716  -0.3192659864910745
 123.0136124137378189 104.9534997518524108 133.6111965727681804   0.0790340135089254
 120.8385376335944518 107.5197478417174652 133.6282041079734724   0.0790340135089254
 119.7047019532416980 104.3544565673993736 133.5412767058131094   0.0790340135089254
 123.2536076327458092 107.4876224974408116 128.9095579515721067  -0.3192659864910745
 123.1440035169783904 107.4706149622355196 126.8535359178657961   0.0790340135089254
 122.9096774763721372 109.3981356188351890 129.5974182643194505   0.0790340135089254
 125.1282159575956994 106.8715717777824824 129.5029319576233932   0.0790340135089254
 121.4167938305743634 103.1129064974131043 126.2072495800647305   0.5972340140577036
 119.3191978219217613 103.5928969354291115 125.3285269277913419  -0.5679659881374090
 123.3896679143881445 102.9012571704139341 124.6671227809189143  -0.3479659864910745
 124.9619200578106140 102.2474119280771740 125.5269481718530807   0.2746340135089254
 123.3499836655757967 102.8634626477355030 121.8835561856529124  -0.2637659864910745
 123.0948706374964180 104.7739757691298940 121.1673499808967487   0.1559340135089254
 125.9691440871906437 101.8260030002127367 121.0993198400755810  -0.0007659864910746
 127.4204537580421664 102.9485003237619626 122.0385137286344430   0.0326340135089254
 126.1543372483149245  99.8814748084077621 121.7626137130819387   0.0326340135089254
 126.5171646660278184 101.8883639626321404 118.2590614607919392   0.0389340135089254
 125.0753036258458934 100.7979919833595815 117.2782935972868125   0.0284340135089254
 126.4226783593317613 103.8480099635084768 117.6241134797944014   0.0284340135089254
 129.1552223489818876 100.8263378753683880 117.6297826581961654   0.0485340135089254
 129.7769422470419673 101.6691557310972758 115.8496606400423457   0.0686340135089254
 130.4893689995302972 101.3951454416786884 119.0999895903868969   0.0686340135089254
 129.1552223489818876  98.0484404585041498 117.3349853813044523  -0.5295659864910744
 127.4658071852562782  97.2075123289091922 117.0779826270911568   0.3455340135089254
 131.1677806816080166  96.5857924308490992 117.0288497476092112   0.8075340146064817
 133.4864746479293999  97.3738082286942642 117.2820730495546597  -0.8627659859422964
 133.8757582315171568  99.0745617492233883 118.0776477519355056   0.4477340135089254
 134.8810925347632830  96.1095814451009526 116.9627093329219606   0.4477340135089254
 130.9391238194035544  94.2028477759744087 116.4789394426381196  -0.8627659859422964
 129.2515983818118752  93.3335737543706313 116.4581524551649939   0.4477340135089254
 132.5397218548348438  93.1578292239159481 116.2937462815138388   0.4477340135089254
 121.1711294331645823 101.2798721475094922 120.8158609199873958   0.7340340118625910
 119.6026567420099465 102.1812715133899366 119.3739998798054842  -0.5894659853935182
 120.8914499653442444  98.9536192766524280 121.7418267256088130  -0.4157659864910745
 122.1689048318750143  98.3337891047262653 123.0136124137378189   0.2718340135089254
 118.7995231350934199  97.2887705526678047 120.9972746288438296  -0.0014659864910746
 118.6880292931920708  97.2849911003999709 118.9374731428696720   0.0875340135089254
 119.3154183696539277  94.6015799902317900 121.9591452310097474  -0.0152659864910746
 119.0999895903868969  94.6053594424996372 124.0094980863143208   0.0294340135089254
 117.8641086988024049  93.3486915634420062 121.2013650513073325   0.0294340135089254
 121.8778870072511483  93.4828621189504113 121.3015205364051536  -0.0011659864910746
 122.4183486815526290  92.8970470174348189 118.7503902556114743  -0.1906659864910745
 121.0407383299240378  93.3014484100939644 117.3312059290366051   0.1698340135089254
 124.6916892206598738  91.7027401007965917 118.0549710383284497  -0.2341659864910745
 125.0469577338370735  91.1811756878343199 116.1406784646662251   0.1655340135089255
 126.5625180932419304  91.0016517051118031 120.1147725243026072   0.3225340135089255
 128.7432620517870480  89.7771091703308392 119.5497444102601539  -0.5579659881374089
 129.1873476932585411  88.5922508843622096 120.8536554426658269   0.3991340135089254
 125.9086728509051702  91.7254168144036477 122.8114117174082463  -0.2341659864910745
 127.1407742902218283  91.2775517206643074 124.3439796120183682   0.1655340135089255
 123.5994275152534114  92.9499593491846115 123.2762843463528650  -0.1906659864910745
 123.1307754340409322  93.4205011565310076 125.1867974677472425   0.1698340135089254
 116.1746935350767956  98.1807212878786380 121.9383582435366217   0.5972340140577036
 114.2604009614145708  97.1848356153021364 121.0671944957989274  -0.5679659881374090
 116.0575305147736823  99.8417905595954277 123.7581645105027758  -0.4157659864910745
 117.5806497787142064  99.9797405673716664 124.8995590953912104   0.2718340135089254
 113.7671824404611324 101.1627091272063792 124.4819296197946337  -0.0237659864910746
 112.1628049527619824  99.8871439868095260 124.2740597450632970   0.0879340135089254
 113.8522201164875785 101.8921434148999741 127.2957318332033591   0.0341340135089254
 115.6795852879894400 102.6688208559416112 127.8040681632281860   0.0240340135089254
 112.4935070261982096 103.3906962390995389 127.6188750021039054   0.0240340135089254
 113.2815228240433612  99.6830535643460365 129.0909716604285536   0.0017340135089254
 114.7139352335556750  98.2222952628249027 128.8509764414205635   0.0439340135089254
 113.4345906408909883 100.3917008645665059 131.0222717692960836   0.0439340135089254
 110.1653644292072150  98.2752075945747087 128.7583798608584097  -0.2737659864910745
 110.9420418702488521  95.3669190744698993 127.1369948379539947  -0.0536659864910745
 112.0645391937980780  94.1763916100995057 128.3861038124759180   0.0683340135089254
 109.2034938270412972  94.3785923064290783 126.6456660431344596   0.0683340135089254
 112.0040679575126046  95.7732101932629614 125.4211235083534955   0.0683340135089254
 113.1511317208028031 103.4266010356440395 122.8303089787474416   0.5972340140577036
 110.9703877622576721 103.7743106442855451 122.0970952387860129  -0.5679659881374090
 115.0540859376614998 105.4070340239935150 122.3333110055261694  -0.4157659864910745
 116.7831853501994438 105.1897155185925673 123.1062089942999459   0.2718340135089254
 114.5665365951098119 107.5291964723870762 120.6382266633987959   0.0336340135089254
 112.9413721199375362 108.6157889993917881 121.3808890340298492   0.0822340135089254
 116.8871202875651121 109.2356191713179642 120.5475198089705724  -0.1825659864910745
 117.1724689337872275 110.0236349691631292 122.4145692292847685   0.0602340135089254
 118.5538587376836522 108.1679239056524612 119.9711533381245911   0.0602340135089254
 116.5677565709324263 110.7776356965977104 119.2171526106900234   0.0602340135089254
 113.8503303903536616 106.6126792974352701 118.0341840508553106   0.5972340140577036
 112.0758775506016059 107.6482492188241196 117.0364086521448921  -0.5679659881374090
 115.2033743022412800 104.7531887816567549 117.0194011169396002  -0.4157659864910745
 116.7945237070029717 104.1390277881323427 117.9000134953469057   0.2718340135089254
 114.7649578391715507 103.8574585941780879 114.4399249441370877  -0.0275659864910745
 115.3148681441426292 105.3446730615741113 113.1208961026600531   0.1122340135089255
 116.3183127212548116 101.4650653086337728 113.9013529959695373  -0.0050659864910746
 116.0178462659613347 100.1195803012818487 115.4377003428475196   0.0338340135089254
 115.5718708983559247 100.5976810131639258 112.1854816663690383   0.0338340135089254
 119.1056587687886608 101.7485242287219714 113.4950618771764617  -0.1415659864910745
 120.4398054193370705 103.9273784611331723 113.4988413294443088  -0.1638659864910745
 119.6555690737597525 105.7887587030456043 113.8371023074162168   0.2061340135089254
 122.9512514513184154 103.4209318572422755 113.0075125346247870  -0.3418659864910745
 124.2797289234650609 104.7966524827369499 112.9186954063304805   0.3411340135089254
 123.3613220223793246 100.8811399332521107 112.5955522374299475   0.1379340135089255
 125.5250584457191506  99.4543967021415608 112.0097371359143685  -0.2601659864910745
 127.2995112854712195 100.3652446986916029 111.7243884896922533   0.1571340135089254
 125.3266372016574116  96.8087801146518109 111.7980878089151849  -0.1134659864910745
 126.9555811290975477  95.7051800524418071 111.3407740845062334   0.1416340135089255
 122.9814870694611386  95.6031348412100558 112.1495768698245376  -0.1972659864910745
 122.8548754184884279  93.5962456869856908 111.9624939825663266   0.1446340135089255
 120.8007431109160209  97.0242088939188417 112.7127152577330740  -0.2387659864910746
 119.0187313666282844  96.1095814451009526 112.9527104767410643   0.1699340135089255
 120.9386931186922731  99.7529734313011209 112.9602693812767586   0.1242340135089254
 111.9719426132359376 103.2603051358589676 113.9410372447818851   0.5972340140577036
 111.0573151644180485 103.6552578978485019 111.8396617838614494  -0.5679659881374090
 110.3902418391438436 102.2908756291573690 116.0745380499789743  -0.4157659864910745
 111.1196761268374521 101.9488351989176139 117.8055271886508484   0.2718340135089254
 107.7313971687166488 101.8203338218109727 115.6739161095876761  -0.0518659864910745
 107.5972266132082439 100.5579967643515780 114.0525310866832342   0.0921340135089254
 106.2177265354457224 100.8509043151093741 118.0285148724535467  -0.1102659864910745
 106.3991402443021694 102.2549708326128548 119.5289574227870282   0.0456340135089254
 104.2391832732301774 100.8943680161895555 117.4445894970718846   0.0456340135089254
 106.4766190157929349  98.3318993785923350 119.4042354979482209   0.3530340135089254
 106.4955162771321436  96.7709855919733934 118.0814272042033393  -0.0361659864910746
 108.7858643514447071  98.3413480092619459 121.0747534003345949  -0.4121659864910745
 108.4759492654816190  99.5942364360517433 122.6791308880337447   0.0999340135089254
 109.1732582088985606  96.4383937924032495 121.7626137130819387   0.0999340135089254
 110.3694548516707179  99.0310980481432067 119.9843814210620494   0.0999340135089254
 104.2486319038997750  98.0673377198433720 121.2334903955839861  -0.4121659864910745
 102.5781140015133877  97.4475075479171959 120.2262663662039698   0.0999340135089254
 104.7021661760408792  96.7105143556879065 122.7018076016408007   0.0999340135089254
 103.8517894157763240  99.8606878209346364 122.1689048318750143   0.0999340135089254
 106.3084333898739459 104.2543010823015389 115.2619558123928366   0.5972340140577036
 104.9346024905132021 104.5131935626487514 113.4024652966143213  -0.5679659881374090
 106.5843334054264502 106.1383580378210268 116.9929449510646972  -0.4157659864910745
 107.9506054002515134 105.9739518641698851 118.3270916016131069   0.2718340135089254
 105.1783771617890394 108.5364205017671059 116.8058620638064995  -0.0875659864910746
 103.1960544473056471 108.0564300637510986 116.5261825959861482   0.0968340135089254
 105.2539662071458878 110.0576500395737131 119.2965211083147056   0.2984340135089255
 104.4187072559526941 108.8784609320068475 120.7648383143715201  -0.0297659864910745
 107.9071416991713186 110.7833048749994743 120.1828026651237749  -0.3192659864910745
 107.7767505959307607 111.9246994598879090 121.8930048163225100   0.0790340135089254
 108.9483807989619320 109.0712129976668224 120.6325574849970319   0.0790340135089254
 108.8954684672121394 111.8528898667988942 118.7314929942722522   0.0790340135089254
 103.6552578978485019 112.4651611341893897 119.1207765778600359  -0.3192659864910745
 103.5494332343489167 113.3722296784715847 120.9708184629689400   0.0790340135089254
 104.4697298615685699 113.7879694279342578 117.7696223921063344   0.0790340135089254
 101.7466345025880411 111.9662734348341737 118.5311820240765963   0.0790340135089254
 105.9758415903038020 110.0406425043684210 114.4588222054763098   0.5972340140577036
 104.3298901276584009 110.9193651566417964 113.0660940447763436  -0.5679659881374090
 108.4135883030622152 110.0859959315825330 113.8408817596840504  -0.4157659864910745
 109.6891534434590684 109.3130979428087294 115.0559756637954167   0.2718340135089254
 108.8217691479892077 113.3174276205878752 111.6147843739248210   0.0863340135089254
 108.3852424110533955 110.2163870348230909 109.1335739600862128   0.5972340140577036
 107.4422690702266997 111.5845487557820842 107.4989608542443395  -0.5679659881374090
 108.3871321371873256 107.6992718244399818 108.8784609320068475  -0.4157659864910745
 109.1959349225056163 106.6259073803727149 110.2504021052336745   0.2718340135089254
 107.2608553613702527 106.4463833976501981 106.6920477950599657   0.0336340135089254
 108.1074526693669743 107.2381786477631970 104.9875148222629947   0.0822340135089254
 107.8750163548946651 103.6174633751700842 106.8186594460326900  -0.1825659864910745
 107.0510957605049992 102.6499235946024025 105.1972744231282481   0.0602340135089254
 109.9159205795296137 103.3358941812158160 106.7997621846934676   0.0602340135089254
 107.0907800093173470 102.8029914114500298 108.5439794063027867   0.0602340135089254
 104.3884716378099574 106.8923587652556080 106.5163032646052827   0.5972340140577036
 103.3831373345638446 107.1058978183887088 104.4243764343544580  -0.5679659881374090
 102.9503900498958795 107.2457375522988910 108.7707465423733320  -0.4157659864910745
 103.8045462624282819 107.0775519263798888 110.4696103367685392   0.2718340135089254
 100.2915453794686847 107.8485601890197621 108.7159444844896225   0.0212340135089254
  99.3202261466331557 106.3991402443021694 107.6217930529492166   0.1123340135089254
  99.1558199729820006 107.6444697665562725 111.3785686071846645  -0.1231659864910745
 100.3576857941559221 108.5836636551151345 112.7580686849471724   0.1111340135089254
  97.2944397310695686 108.5326410494992586 111.3917966901221093   0.1111340135089254
  98.7948822814030502 104.3261106753905537 112.1892611186368854  -0.3119659864910745
  97.9804103176829821 104.6416949397554058 114.5589776905741311   0.1932340135089254
  99.9891891980412774 110.4563822538310944 107.6558081233598004   0.5972340140577036
  98.2582000593694167 110.9382624179810185 106.1856011911690689  -0.5679659881374090
 101.5444338062584684 112.2629604378598036 108.4986259790886748  -0.4157659864910745
 102.9711770373690185 111.7470652032993090 109.6778150866555405   0.2718340135089254
 101.5066392835800510 114.9010181208138727 107.6709259324311621  -0.0252659864910746
  99.7189583608905372 115.7702921424176501 108.2076081544648090   0.0697340135089254
 103.0505455349937007 115.9195805069974301 108.5779944767133704   0.0697340135089254
 101.8278927263466536 115.1202263523487372 104.8136600179422417   0.5972340140577036
 100.1573748239602664 116.1501270953358227 103.5569921388845975  -0.5679659881374090
 103.8158846192318098 113.9391475186479548 103.7780900965533923  -0.4157659864910745
 105.1216853777713996 113.1700289821420121 104.9591689302541747   0.2718340135089254
 104.2731983436407611 113.8446612119518977 101.0436563807693358  -0.0518659864910745
 104.5490983591932654 115.7627332378819693 100.3350090805488663   0.0921340135089254
 106.6807094382564379 112.3083138650739154 100.4124878520396450  -0.1102659864910745
 106.3915813397664753 110.3448884119297452 100.9718467876803344   0.0456340135089254
 106.8810204084520802 112.3347700309488184  98.3602452706011549   0.0456340135089254
 109.1959349225056163 113.2172721354900405 101.5746694244012053   0.3530340135089254
 109.2885315030677567 112.6031111419656418 103.5229770684740137  -0.0361659864910746
 111.4503782002736659 111.9870604223073127 100.2443022261206426  -0.4121659864910745
 113.2021543264186790 112.6333467601083784 101.1097967954565866   0.0999340135089254
 111.3237665493009416 109.9499356499401975 100.4389440179145346   0.0999340135089254
 111.4673857354789577 112.4821686693946815  98.2506411548337225   0.0999340135089254
 109.4812835687277318 116.0839866806485853 101.5595516153298436  -0.4121659864910745
 111.4654960093450408 116.6168894504143717 101.7220680628470684   0.0999340135089254
 108.6668116050076637 116.9513709761184325  99.8928131652112900   0.0999340135089254
 108.5194129665618138 116.8115312422082637 103.2225106131805367   0.0999340135089254
 102.0319831488101565 112.7353919713401166  99.5961261621856600   0.5972340140577036
 101.0701125466442388 113.9164708050408990  97.8462397621745772  -0.5679659881374090
 101.0020824058230710 110.5905528093394995 100.4672899099233543  -0.4157659864910745
 101.6729351833651096 109.7345068706731801 102.0357626010779902   0.2718340135089254
  99.0254288697414427 109.3622308222906884  99.0783412014912353  -0.0597659864910745
  99.5942364360517433 109.0995588896756289  97.1168054744809821   0.0868340135089254
  98.4944158261095732 106.7260628654705362 100.2424124999867259   0.1302340135089254
  98.5133130874487820 106.9301532879340391 102.2946550814252026   0.0186340135089254
  95.8884834874321576 105.6224628032605325  99.5640008179089931  -0.3204659864910745
  95.6371499116206396 105.5960066373856294  97.5193171410061972   0.0881340135089254
  95.7391951228523776 103.7081702295983079 100.3104426408078934   0.0881340135089254
  94.3937101155004534 106.7581882097472031 100.4124878520396450   0.0881340135089254
 100.6033501915656897 104.8231086486118395  99.5356549259001732  -0.0430659864910745
 102.4326050892014547 105.6829340395460059  99.9230487833540400   0.0235340135089254
 100.4294953872449368 103.1771571859664248 100.7620871868150675   0.0235340135089254
 100.6468138926458712 103.8914736645886584  96.7842136749108382  -0.0660659864910746
 100.8149995185648599 105.4788436170825164  95.4840820947730124   0.0185340135089254
 102.2738680939520770 102.6555927730041664  96.5177622900279449   0.0185340135089254
  98.9385014675810663 102.8237783989231552  96.3552458425107066   0.0185340135089254
  96.7501986045002543 111.0346384508109925  99.0310980481432067   0.5972340140577036
  95.5615608662637911 111.3464432629079974  97.0582239643294121  -0.5679659881374090
  96.0887944576278135 112.1835919402351214 101.1986139237508797  -0.4157659864910745
  97.1243643790166630 111.9795015177716185 102.7897633285125715   0.2718340135089254
  93.8778148809399456 113.7463954529879933 101.2968796827147841  -0.0249659864910746
  92.2583195841694341 112.6314570339744483 100.6864981414582190   0.0842340135089254
  93.3411326589063122 114.7838551005107597 103.9632832576776731   0.2116340135089254
  93.1275936057732115 113.2116029570882766 105.2766429207529437   0.0351340135089254
  94.9152745284627119 115.9706031126133060 104.5623264421307101   0.0351340135089254
  94.2104066805100895 115.9687133864793891  99.5621110917750762   0.5972340140577036
  96.5007547548226530 117.0931004361625319  99.4789631418825469  -0.4157659864910745
  97.9671822347455373 116.3731147791385344 100.4672899099233543   0.2718340135089254
  96.9448403962941461 119.2832930253772608  97.9218288075314256  -0.0518659864910745
  95.5842375798708470 120.7421616007644644  98.4358343159580167   0.0921340135089254
  99.6263617803283968 120.3642163739802219  98.2317438934945137  -0.1102659864910745
  99.6169131496587991 120.8517657165318966 100.2329638693171147   0.0456340135089254
 101.1268043306618784 119.0017238314229925  97.8632472973798690   0.0456340135089254
 100.0874549570051817 122.7679480163280381  96.6500431194024331   0.3530340135089254
  99.3920357397221571 122.4410253951596849  94.7395299980080421  -0.0361659864910746
  98.7192932360462018 125.0601858167745317  97.7989966088265485  -0.4121659864910745
  99.4147124533292130 125.3889981640768152  99.7095097302209395   0.0999340135089254
  99.0802309276251522 126.7269242668930853  96.6424842148667388   0.0999340135089254
  96.6935068204826147 124.6916892206598738  97.8594678451120220   0.0999340135089254
 102.9088160749496148 123.2139233839334614  96.1643835029846619  -0.4121659864910745
 103.6930524205269328 121.6076561701004081  95.1401519383993404   0.0999340135089254
 103.1507010200915354 124.9260152612661268  95.0437759055693663   0.0999340135089254
 103.8914736645886584 123.4255727109326318  97.9634027824777037   0.0999340135089254
  96.7105143556879065 118.6143299739691391  95.1647183781403266   0.5972340140577036
  97.9974178528882741 116.5639771186645791  94.3596950450898696  -0.5163659864910745
  98.8780302312955796 115.4547078780527980  95.6390396377545563   0.2935340135089254
  98.1372575867984566 115.8666681752476377  91.7348654450732452   0.0380340135089254
  98.9101555755722465 117.4426997709379677  90.6577215487381311   0.0879340135089254
  99.8380111073275805 113.5328563998548926  91.3210154217445022  -0.0303659864910745
  99.1822761388569036 111.9662734348341737  92.4850867202399928  -0.0122659864910746
  99.7662015142385657 112.9886152732855649  89.3349132549932629  -0.0122659864910746
 102.5497681095045812 114.1923708205934033  92.0372216265006525   0.7993340124113690
 103.1658188291629103 116.4883880733077307  92.1373771115984738  -0.8014659853935182
 104.0388723030345215 112.3971309933682219  92.5153223383827294  -0.8014659853935182
  94.9473998727393789 112.8638933484467710  93.6604963755390113   0.2718340135089254
  91.9635223072777209  98.9536192766524280  99.4506172498737270   0.3653340135089254
  94.0176546148501279  99.0537747617502626  99.3240055989010030   0.0042340135089254
  91.5364442010115198 102.6234674287274995  99.1539302468480839   0.4101340135089254
  92.2526504057676699  97.5646705682203090 103.7950976317586842   0.5972340140577036
  94.2160758589118535  96.5857924308490992 104.5679956205324743  -0.5679659881374090
  91.7877777768230512 100.1309186580853768 107.6010060654760775  -0.0024659864910746
  93.6699450062086089 100.9416111695375842 107.4025848214143521   0.0977340135089254
  92.0995825889200563 108.4022499462586873 106.0854457060712343  -0.1704659864910745
  93.4658545837451195 109.8781260568511962 106.5276416214088106   0.1429340135089254
  91.9162791539296924 106.3046539376060989 107.6047855177439247  -0.1256659864910745
  93.1389319625767393 106.1156813242139845 109.2526267065232562   0.1329340135089254
  93.6982908982174288  97.6988411237287273 110.8362172067492669  -0.5679659881374090
  94.3483566882863417  90.0246632938745236 107.5102992110478674  -0.0275659864910745
  94.1952888714387144  88.3711529266934282 108.7291725674270673   0.1122340135089255
  94.0252135193858087  89.1761762597438717 104.7456298771210740  -0.0050659864910746
  93.8532484411989727  90.7937818303804665 103.4814030935277490   0.0338340135089254
  95.6503779945580844  88.0404508532572010 104.1862709414803848   0.0338340135089254
  93.0860196308269467  80.6705189309643215 103.5021900810008880  -0.1972659864910745
  94.6223669777049291  79.2985777577374944 103.4681750105903042   0.1446340135089255
  93.6888422675478312  83.1687368800082216 103.9160401043296445  -0.2387659864910746
  95.6560471729598484  83.7148677327114528 104.1900503937482184   0.1699340135089255
  97.0298780723205922  90.9052756722818157 107.9109211514391656   0.5972340140577036
  98.6588219997607149  89.3594796947342356 108.5118540620261196  -0.5679659881374090
  97.6043548170326568  93.3656990986472848 107.5329759246549234  -0.4157659864910745
  96.2494211790111214  94.6355950606423739 107.0907800093173470   0.2718340135089254
 100.1857207159690861  94.2406422986528262 107.7257279903148848   0.0336340135089254
 101.3044385872504649  93.1389319625767393 106.3915813397664753   0.0822340135089254
 100.5031947064678551  97.0620034165972592 107.0983389138530279  -0.1825659864910745
  99.4071535487935322  98.1901699185482492 108.4287061121335904   0.0602340135089254
 102.4930763254869416  97.5778986511577672 107.2362889216292800   0.0602340135089254
  99.8342316550597334  97.4191616559083760 105.1840463401908033   0.0602340135089254
 101.2212906373579357  93.8589176196007369 110.3411089596618982   0.5972340140577036
 103.3113277414748433  92.8800394822295271 110.6453548672232222  -0.5679659881374090
  99.7699809665064129  94.5751238243568870 112.3102035912078457  -0.4157659864910745
  98.0276534710310242  95.2969992075148147 112.0191857665839663   0.2718340135089254
 100.6449241665119542  94.3181210701436051 114.8670030504032889  -0.0875659864910746
 102.4722893380138026  95.2289690666936471 115.1429030659557932   0.0968340135089254
  98.8270076256797037  95.3234553733897042 116.8077517899404165   0.2984340135089255
  99.5356549259001732  94.9209437068644759 118.6993676499955986  -0.0297659864910745
  98.5700048714664218  98.1977288230839299 116.4600421812989108  -0.3192659864910745
  97.8613575712459523  98.6002404896091584 114.5684263212437420   0.0790340135089254
  97.2547554822572342  98.9441706459828304 117.8584395204006410   0.0790340135089254
 100.4105981259057147  99.0877898321608465 116.7057065787086785   0.0790340135089254
  96.3212307721001228  93.8778148809399456 116.5639771186645791  -0.3192659864910745
  96.6519328455363500  91.8709257267155807 116.8852305614311951   0.0790340135089254
  95.5502225094602632  94.1518251703585330 114.6742509847433272   0.0790340135089254
 101.0247591194301270  91.5666798191542565 115.3810085588298800   0.5972340140577036
 102.7973222330482656  90.8410249837284952 116.6962579480390673  -0.5679659881374090
  99.3599103954455035  89.9509639746515920 114.3378797329053497  -0.4157659864910745
  97.9936384006204403  90.5840222295152130 113.1662495298741648   0.2718340135089254
  99.5073090338913534  87.2883398519565501 114.8216496231891906   0.0336340135089254
  99.3372336818384478  86.9274021603775863 116.8417668603510003   0.0822340135089254
  97.4305000127119039  85.8011253845605268 113.4345906408909883  -0.1825659864910745
  97.5873472818273647  86.1299377318628237 111.4069144991934843   0.0602340135089254
  97.6497082442467685  83.7904567780683146 113.8219844983448417   0.0602340135089254
  95.5804581276029998  86.4285144610223703 114.0903256093616651   0.0602340135089254
 101.9960783522656424  86.2811158225765206 113.9089119005052181   0.5972340140577036
 103.2697537665285786  84.9072849232157631 115.2846325259998923  -0.5679659881374090
 102.7444099012984596  86.8215774968780011 111.6110049216569738  -0.4157659864910745
 101.6597071004276648  87.9894282476413253 110.5433096559914708   0.2718340135089254
 105.1670388049855113  85.9258473093993207 110.6113397968126385  -0.0014659864910746
 105.2501867548780407  83.9113992506392749 111.0233000940074646   0.0875340135089254
 105.3541216922437090  86.2697774657729926 107.7276177164488018  -0.0152659864910746
 106.1232402287496653  84.5368986009672016 106.9698375367463867   0.0294340135089254
 103.4587263799206932  86.4814267927721763 106.9660580844785397   0.0294340135089254
 106.9830656196838315  88.3994988187022481 106.6958272473277994  -0.0011659864910746
 105.7490744542332567  90.5329996238993374 105.7056107531530617  -0.1906659864910745
 103.7459647522767254  90.5046537318905174 105.6413600645997412   0.1698340135089254
 107.0851108309155831  92.6570517984268154 104.8420059099510482  -0.2341659864910745
 106.1307991332853460  94.3105621656079108 104.2202860118909687   0.1655340135089255
 109.9404870192705866  92.5663449439986053 104.8476750883528122   0.3225340135089255
 111.3199870970331080  94.5316601232767056 103.9538346270080619  -0.5579659881374089
 113.0831015799816356  94.3181210701436051 104.3393387583279985   0.3991340135089254
 111.1895959937925365  90.1626133016507758 105.7944278814473685  -0.2341659864910745
 113.1908159696151509  89.9849790450621758 105.8038765121169660   0.1655340135089255
 109.6475794685128037  88.1878494917030643 106.6844888905242715  -0.1906659864910745
 110.5130740378487340  86.5078829586470659 107.3855772862090601   0.1698340135089254
 107.4403793440927696  87.0899186078948111 111.9700528871020207   0.5972340140577036
 109.3357746564157854  85.7841178493552348 112.2761885207972618  -0.5679659881374090
 107.2797526227094749  89.4142817526179585 112.9073570495269526  -0.4157659864910745
 105.6848237656799360  90.4120571513283770 112.5936625112960306   0.2718340135089254
 109.2998698598712846  90.5953605863187409 114.3700050771820032  -0.0597659864910745
 111.0762124257572707  90.3591448195785844 113.2966406331147361   0.0868340135089254
 108.9597191557654599  93.4753032144147305 114.5759852257794229   0.1302340135089254
 107.0756622002459719  93.8249025491901530 115.3243167748122402   0.0186340135089254
 110.9363726918470882  94.5959108118300261 116.3957914927455903  -0.3204659864910745
 110.5376404775897069  94.0157648887161978 118.3308710538809540   0.0881340135089254
 112.8298782780361871  93.9382861172254325 115.9139113285956662   0.0881340135089254
 110.9042473475704347  96.6500431194024331 116.3050846383173669   0.0881340135089254
 109.1619198520950325  94.8264574001684186 111.9813912439055488  -0.0430659864910745
 108.4457136473388824  96.7445294260984904 112.2024892015743302   0.0235340135089254
 107.9411567695819023  93.8853737854756399 110.6207884274822361   0.0235340135089254
 111.8132056179865464  95.0040916567570185 110.8003124102047664  -0.0660659864910746
 113.0793221277137884  96.0963533621634944 112.0021782313786744   0.0185340135089254
 112.5917727851621139  93.1219244273714475 110.5017356810452061   0.0185340135089254
 111.6752556102102943  95.9678519850568532 108.9861753216403629   0.0185340135089254
 109.6759253605216102  89.2574344835024842 116.8606641216902225   0.5972340140577036
 111.8585590452006582  88.6942960955939612 117.5409655299018720  -0.5679659881374090
 107.5915574348064799  88.4958748515322222 118.2004799506403827  -0.4157659864910745
 105.8397813086614802  89.0231084428962580 117.6581285502049853   0.2718340135089254
 107.8617882719572203  87.1201542260375480 120.5399609044348916  -0.0518659864910745
 109.1959349225056163  88.1519446951585636 121.7229294642695909   0.0921340135089254
 105.3824675842525287  86.7592165344585975 122.0309548240987487  -0.1102659864910745
 104.0426517553023687  86.3907199383439529 120.5116150124260718   0.0456340135089254
 105.4656155341450716  85.1246034286167109 123.2819535247546290   0.0456340135089254
 104.5188627410505153  89.0949180359852594 123.5408460051018414   0.3530340135089254
 102.6480338684684856  88.7283111660045450 124.3213028984113122  -0.0361659864910746
 106.3745738045611833  89.6656153284294767 125.7008029761738336  -0.4121659864910745
 108.2454026771432265  90.0322221984102045 124.9203460828643628   0.0999340135089254
 105.7282874667601176  91.3210154217445022 126.7420420759644470   0.0999340135089254
 106.4671703851233371  88.0480097577928953 126.9725886643028396   0.0999340135089254
 104.0521003859719663  91.3871558364317396 121.8268644016352726  -0.4121659864910745
 102.5856729060490820  90.9317318381567187 120.4549232284084320   0.0999340135089254
 103.4473880231171651  92.9896435979969593 122.9720384387915410   0.0999340135089254
 105.7925381553134381  91.8709257267155807 120.8366479074605349   0.0999340135089254
 108.9238143592209593  84.5406780532350488 120.0089478608030220   0.5972340140577036
 110.5433096559914708  83.6354992350867706 121.4092349260386691  -0.5679659881374090
 108.0715478728224737  83.2726718173738899 117.9718230884359070  -0.4157659864910745
 106.7846443756221061  84.0304519970763047 116.7831853501994438   0.2718340135089254
 109.0371979272562386  80.7952408558031289 117.4143538789291479  -0.0024659864910746
 108.6951574970164837  79.6141620221023465 119.0659745199763130   0.0977340135089254
 107.8598985458232900  79.5026681802009839 115.0862112819381669  -0.0343659864910746
 107.7313971687166488  80.8273662000797824 113.5139591385156839   0.0294340135089254
 108.8595636706676386  77.8075838380736238 114.4758297406816018   0.0294340135089254
 105.2256203151370679  78.7108729300879850 115.6890339186590378   0.0117340135089254
 104.7777552213977278  76.8230365223006501 117.4219127834648288  -0.1256659864910745
 106.3689046261594194  75.9178577041523719 118.3667758504254547   0.1329340135089254
 102.3456776870410783  76.0765946994017631 117.9642641839002262  -0.1704659864910745
 102.0111961613370175  74.5931596842735734 119.3551026184662621   0.1429340135089254
 100.3406782589506302  77.1990920229509756 116.7548394581906239  -0.1072659864910745
  98.4131576023509609  76.6170563737032302 117.1875867428585890   0.1296340135089254
 100.7715358174846785  79.0604722648634210 114.9955044275099433  -0.1704659864910745
  99.1917247695265148  79.9524230000742409 114.0204057424065807   0.1429340135089254
 103.2055030779752447  79.7955757309587800 114.4663811100119907  -0.1256659864910745
 103.5569921388845975  81.2582237586138307 113.0604248663745796   0.1329340135089254
 111.8056467134508656  81.0371258009450493 116.8795613830294312   0.5972340140577036
 113.2682947411059164  79.3439311849516061 117.5031710072234411  -0.5679659881374090
 112.6031111419656418  83.0629122165086230 115.5378558279453409  -0.4157659864910745
 111.2916412050242881  84.3535951659768377 114.9992838797777771   0.2718340135089254
 115.2430585510536278  83.6279403305510764 114.9766071661707345  -0.0252659864910746
 116.0348538011666265  82.1104902450123162 113.8314331290144529   0.0697340135089254
 115.3262065009461571  85.3816061828300064 113.9013529959695373   0.0697340135089254
 116.8663333000919864  83.9454143210498452 117.3463237381079802   0.5972340140577036
 118.8977888940573242  82.8380348065719944 117.4691559368128572  -0.5679659881374090
 115.7929688560247061  85.0698013707330014 119.3380950832609837  -0.4157659864910745
 114.1167817752365547  85.9031705957922648 119.1321149346635638   0.2718340135089254
 117.1535716724480052  85.3986137180352983 121.6832452154572431  -0.0518659864910745
 119.0281799972978955  86.1696219806751579 121.2939616318694862   0.0921340135089254
 115.6663572050519818  87.3204651962332037 123.3008507860938513  -0.1102659864910745
 115.2695147169285174  88.9399604930037152 122.0857568819824850   0.0456340135089254
 113.8503303903536616  86.5097726847809963 123.8432021865292353   0.0456340135089254
 117.0005038556003915  88.3276892256132334 125.6894646193703058   0.3530340135089254
 118.9223553337982969  88.8964967919235338 125.2151433597560625  -0.0361659864910746
 115.5605325415523966  90.6558318226042144 126.6267687817952374  -0.4121659864910745
 113.6594680508276169  90.1078112437670528 127.1993558003733983   0.0999340135089254
 116.5450798573253704  91.4854215953956440 128.2330359956283176   0.0999340135089254
 115.4282517121779084  92.0636777923755555 125.1319954098635330   0.0999340135089254
 117.0590853657519481  86.4644192575668845 127.9042236483260073  -0.4121659864910745
 118.3384299584166348  84.9072849232157631 127.5073811602025563   0.0999340135089254
 117.7620634875706536  87.4073925983935801 129.5955285381855202   0.0999340135089254
 115.1712489579646131  85.7349849698732760 128.2821688751102630   0.0999340135089254
 117.4597073061432463  82.8682704247147312 122.9323541899791932   0.5972340140577036
 119.5062807091799724  82.2238738130475957 123.8280843774578736  -0.5679659881374090
 115.4150236292404636  81.3564895175777350 122.9928254262646665  -0.4157659864910745
 113.8030872370056330  81.9876580463074392 122.1915815454820702   0.2718340135089254
 115.3885674633655606  78.9168530786854049 124.1909117951707409  -0.0275659864910745
 116.0197359920952648  79.1209435011488944 126.1411091653774931   0.1122340135089255
 112.7372816974740469  77.7301050665828585 124.1928015213046712  -0.0050659864910746
 111.8585590452006582  77.8283708255467629 122.3333110055261694   0.0338340135089254
 112.8053118382952144  75.7685693395725919 124.8164111454986811   0.0338340135089254
 110.9968439281325751  79.0963770614079216 125.9899310746637961  -0.1415659864910745
 111.6393508136657937  80.8027997603388096 127.8116270677638803  -0.1638659864910745
 113.6405707894884081  81.2431059495424556 128.0138277640934529   0.2061340135089254
 109.5152986391383157  81.6267203547284754 129.0475079593483722  -0.3418659864910745
 109.4680554857902736  82.8871676860539534 130.4799203688606726   0.3411340135089254
 107.4422690702266997  80.4418620687598457 128.0062688595577587   0.1379340135089255
 104.1220202529270507  77.6016036894762040 125.2812837744433267  -0.1972659864910745
 106.6561429985154516  77.4088516238162425 124.7049173035973320  -0.2387659864910746
 107.2684142659059470  76.1484042924907645 123.1950261225942393   0.1699340135089255
 108.2945355566251854  78.8450434855963901 126.0900865597616174   0.1242340135089254
 117.2027045519299641  77.2331070933615593 122.8189706219439138   0.5972340140577036
 118.3837833856307466  75.5890453568500751 123.9528063022966809  -0.5679659881374090
 117.4011257959916897  77.5184557395836747 120.3018554115608183  -0.4157659864910745
 116.2748490201746300  78.7411085482307219 119.4193533070195960   0.2718340135089254
 119.2190423368239403  76.0992714130088189 118.8675532759145874  -0.0249659864910746
 119.0659745199763130  74.0923822587844405 119.3003005605825526   0.0842340135089254
 118.7503902556114743  76.4696577352573805 116.0310743488987929   0.2116340135089254
 116.9419223454488350  75.6419576885998677 115.5076202098026040   0.0351340135089254
 118.6785806625224596  78.4822160678835094 115.6058859687665084   0.0351340135089254
 120.6968081735503524  75.3811754821187385 114.5608674167080480  -0.6546659875886308
 120.7100362564878106  73.5651486674204181 114.8027523618499684   0.4274340135089254
 121.8287541277691761  77.0006707788892500 119.5724211238672098   0.5972340140577036
 123.6239939549943706  75.5285741205646016 119.6990327748399339  -0.5679659881374090
 122.0952055126520826  79.4781017404600110 120.0864266322937873  -0.4157659864910745
 120.5437403567027388  80.5854812549378620 120.0013889562673412   0.2718340135089254
 124.4705912629911057  80.6327244082858905 120.7440513268983945   0.0336340135089254
 125.8406427100840025  80.2623380860373291 119.2511676811005938   0.0822340135089254
 124.2797289234650609  83.5107773102479633 121.1390040888879288  -0.1825659864910745
 122.9285747377113594  83.9113992506392749 122.6413363653553272   0.0602340135089254
 126.1259913563061045  84.2572191331468636 121.6624582279841174   0.0602340135089254
 123.6485603947353569  84.4046177715927134 119.3928971411446930   0.0602340135089254
 125.4305721390230933  79.4837709188617750 123.1610110521836823   0.5972340140577036
 127.7058024042642683  79.5083373586027479 123.6239939549943706  -0.5679659881374090
 123.7165905355565245  78.5672537439099690 124.8220803239004451  -0.4157659864910745
 121.8571000197779960  78.6749681335434845 124.4044508483038414   0.2718340135089254
 124.4460248232501196  77.4220797067536873 127.1823482651681064  -0.0875659864910746
 125.6082063956116798  78.7203215607575828 128.2821688751102630   0.0968340135089254
 122.2898473044459612  76.5339084238107010 128.8075127403403819   0.2984340135089255
 120.7478307791662283  77.8964009663679170 128.7168058859121584  -0.0297659864910745
 121.3619917726906270  73.9601014294099523 127.8437524120405338  -0.3192659864910745
 120.7251540655591723  74.1452945905342331 125.8935550418338085   0.0790340135089254
 126.0447331325475054  75.1619672505838738 126.5587386409740697   0.5972340140577036
 125.4740358401032747  73.8750637533835062 124.4384659187144253  -0.4157659864910745
 123.7789514979759282  74.2435603494981375 123.6428912163335928   0.2718340135089254
 127.0481777096596745  71.9607711797212682 123.2989610599599210  -0.0249659864910746
 125.9899310746637961  71.0272464695641702 121.7985185096264529   0.0842340135089254
 129.4821449701502677  73.0794890510026469 122.1632356534732503   0.2116340135089254
 130.6140909243690778  73.9052993715262430 123.6731268344763162   0.0351340135089254
 130.5517299619496740  71.5752670484013317 121.2486082046553744   0.0351340135089254
 128.8812120595632868  74.9729946371917460 120.3604369217123749  -0.6546659875886308
 130.4118902280395051  75.6551857715373124 119.6669074305632804   0.4274340135089254
 117.7941888318473205  64.7968194060258084 119.7198197623130730   0.5972340140577036
 116.1917010702820874  66.1933270189936083 118.7655080646828360  -0.5679659881374090
 120.2886273286233736  65.2144488816223985 119.4533683774301798  -0.4157659864910745
 121.5679719212880603  63.9747885377700595 120.1393389640435933   0.2718340135089254
 121.1938061467716383  67.3611777697569459 118.0795374780694224  -0.0581659864910746
 120.6609033770058519  69.0751593732235147 119.0886512335833690   0.1359340135089254
 124.0850871316711557  67.3252729732124451 117.7696223921063344  -0.0074659864910746
 125.0167221156943503  67.3649572220247929 119.6064361942777937   0.0366340135089255
 124.6501152457136225  65.6264091788172380 116.7510600059227768   0.0366340135089255
 125.0979803394529494  69.5268039192307021 116.2994154599156029   0.1867340135089255
 125.0790830781137272  69.6647539270069542 113.6991522996399647  -0.5432659864910745
 126.1656756051184523  71.9021896695697117 113.0679837709102605   0.1634340135089254
 126.3111845174303853  72.3311575019698432 111.0592048905519786   0.1434340135089255
 126.8762126314728521  73.2042109758414542 115.0767626512685558  -0.2795659864910745
 127.7246996656034904  74.9087439486384255 115.2090434806430440   0.3338340135089254
 126.2015804016629665  71.7037684255079861 117.1082182452338934  -0.2207659864910745
 126.5814153545811257  72.3406061326394408 119.0300697234318122   0.1861340135089254
 120.1204417027043712  67.2629120107930416 115.4717154132580900   0.5972340140577036
 119.1604608266723837  69.1488586924464462 114.5060653588243385  -0.5679659881374090
 120.2357149968735675  65.0292557204981177 114.2717393182180989  -0.4157659864910745
 121.0010540811116900  63.5136953610932744 115.1447927920897235   0.2718340135089254
 119.3399848093949004  64.7325687174724879 111.7300576680940172  -0.0275659864910745
 120.2565019843467066  66.1441941395116627 110.5433096559914708   0.1122340135089255
 119.8898951143659786  62.0982904867862524 110.6321267842857640  -0.0050659864910746
 119.2228217890917873  60.6375321852651321 111.9209200076200619   0.0338340135089254
 118.9601498564767278  61.8771925291174711 108.8066513389178462   0.0338340135089254
 122.6677925312302168  61.6012925135649668 110.1993794996177988  -0.1415659864910745
 126.4907085001529288  61.4066507217710748 108.2302848680718648   0.1379340135089255
 128.2273668172265536  61.6731021066539815 106.3405587341506129  -0.2601659864910745
 127.3977770444351105  62.6614288746947889 104.0766668257129524  -0.1134659864910745
 128.7262545165817562  62.8976446414349454 102.5195324913618312   0.1416340135089255
 124.9108974521947383  63.3625172703795775 103.7327366693392806  -0.1972659864910745
 124.2759494711972005  64.1429741636890483 101.9356071159801691   0.1446340135089255
 123.1553418737819183  63.0998453377645180 105.6394703384658243  -0.2387659864910746
 121.2032547774412627  63.6743220824765825 105.3163271695652913   0.1699340135089255
 123.9773727420376402  62.1152980219915443 107.8787958071625121   0.1242340135089254
 116.5375209527896761  65.1709851805422170 111.5864384819160011   0.5972340140577036
 115.6361215869092452  66.3388359313055413 109.7893089285568896  -0.5679659881374090
 115.0786523774024727  64.2431296487868829 113.4553776283641139  -0.4157659864910745
 115.8591092707119569  63.4097604237276061 114.9841660707064154   0.2718340135089254
 112.3706748274933189  64.4453303451164556 113.3401043341949177  -0.0597659864910745
 111.6128946477909041  63.6554248211373738 111.5958871125856121   0.0868340135089254
 111.0951096870964794  63.2283467148711726 115.5605325415523966   0.1302340135089254
 111.8755665804059502  63.9653399071004483 117.3198675722330772   0.0186340135089254
 108.2605204862146016  63.8481768867973353 115.4244722599100614  -0.3204659864910745
 107.9997382797334724  65.8909708375662144 115.4887229484633819   0.0881340135089254
 111.5694309467107091  67.1646462518291372 113.3363248819270839   0.5972340140577036
 110.0160760646274484  67.9375442406029272 111.7867494521116568  -0.5679659881374090
 112.6163392249030866  68.7047730509749532 115.0654242944650279  -0.4157659864910745
 113.9202502573087460  68.0433689041025123 116.2918565553799221   0.2718340135089254
 111.8944638417451723  71.3163745680541193 115.2373893726518637  -0.0024659864910746
 109.8403315341727653  71.4089711486162597 115.3564421190888937   0.0977340135089254
 113.0207406175622318  72.6920951935487935 117.5390758037679419  -0.0343659864910746
 115.0446373069918888  72.3538342155768856 117.7280484171600697   0.0294340135089254
 112.6579131998493513  74.7197713352462975 117.5674216957767616   0.0294340135089254
 111.8056467134508656  71.6243999278832905 119.8464314132857972   0.0117340135089254
 109.3017595860052150  72.1043903658992843 120.3547677433106109  -0.1256659864910745
 108.2151670590004898  73.2665719382608580 119.0470772586371043   0.1329340135089254
 108.1679239056524612  71.1368505853316026 122.4844890962398663  -0.1704659864910745
 106.1799320127673050  71.5204649905176222 122.8605445968901919   0.1429340135089254
 112.0513111108606332  69.2131093809997669 123.6580090254049545  -0.1704659864910745
 113.1738084344098591  70.1844286138352958 121.5245082202078787  -0.1256659864910745
 115.1655797795628489  69.8159320177206511 121.1503424456914567   0.1329340135089254
 112.7467303281436445  72.6675287538078208 112.9073570495269526   0.5972340140577036
 111.4352603912023042  74.3248185732567634 111.9398172689592707  -0.5679659881374090
 114.8953489424121088  72.1988766725953550 112.1476871436906072  -0.4157659864910745
 115.8704476275154848  70.8439430345738063 113.0906604845173165   0.2718340135089254
 116.0254051704970288  73.2268876894485102 109.8384418080388484  -0.0518659864910745
 116.3409894348618674  75.2470049266103334 110.1181212758591865   0.0921340135089254
 118.6181094262369861  71.9739992626587265 109.3924664404334250  -0.1102659864910745
 119.8275341519465751  72.5314684721654856 110.9514905009184633   0.0456340135089254
 118.4385854435144561  69.9387642164255282 109.5115191868704684   0.0456340135089254
 119.9919403255977302  72.6032780652545003 106.9036971220591361   0.3530340135089254
 119.5232882443852643  74.5137911866488778 106.2952053069365011  -0.0361659864910746
 122.8321987048813720  72.4558794268086370 107.3836875600751432  -0.4121659864910745
 123.8866658876094436  72.6259547788615563 105.6300217077962133   0.0999340135089254
 123.3858884621203109  73.9903370475527026 108.6384657129988438   0.0999340135089254
 123.3065199644956153  70.6455217905120807 108.2510718555449904   0.0999340135089254
 119.4250224854213599  70.7286697404046101 104.7683065907281300  -0.4121659864910745
 120.5229533692295997  71.2237779874919789 103.0958989622078125   0.0999340135089254
 119.9257999109104928  68.8181566190102326 105.3597908706454730   0.0999340135089254
 117.4370305925362037  70.7683539892169579 104.2637497129711501   0.0999340135089254
 114.2396139739414454  72.8961856160122964 107.5726601734672578   0.5972340140577036
 113.5800995532029213  74.7424480488533535 106.3235511989453211  -0.5679659881374090
 113.3117584421861112  70.5756019235569963 107.1777074114777235  -0.4157659864910745
 113.7728516188628963  69.1375203356429183 108.3455581622410611   0.2718340135089254
 111.6733658840763776  70.0521477844608076 105.0706627721555239  -0.0249659864910746
 112.5955522374299475  70.6946546699940263 103.3453428118854272   0.0842340135089254
 111.0554254382841316  67.2270072142485408 104.7966524827369499   0.2116340135089254
 109.8648979739137380  66.9511071986960365 103.1393626632880073   0.0351340135089254
 112.8072015644291313  66.1687605792526356 104.5661058943985574   0.0351340135089254
 109.7647424888159169  66.3539537403769162 106.9792861674159845  -0.6546659875886308
 109.3867972620316611  64.5889495312944717 106.7922032801577870   0.4274340135089254
 109.2242808145144363  71.4467656712946906 105.3597908706454730   0.5972340140577036
 108.2019389760630450  72.4350924393355115 103.5191976162061799  -0.5679659881374090
 108.2227259635361707  71.5790465006691788 107.6936026460382179  -0.4157659864910745
 109.1600301259611158  70.8533916652434175 109.1883760179699355   0.2718340135089254
 105.8284429518579521  72.7828020479770172 108.1357985613757942   0.0212340135089254
 104.3941408162117214  71.8398287071503079 106.9981834287552067   0.1123340135089254
 105.0215298926735783  72.6750876583435016 110.9269240611774904  -0.1231659864910745
 106.4766190157929349  73.4687726345904306 112.1514665959584545   0.1111340135089254
 103.2508565051893564  73.6823116877235313 111.2255007903370373   0.1111340135089254
 104.4905168490416954  69.4606635045434513 112.0343035756553414  -0.3119659864910745
 103.8593483203120048  70.0937217594070721 114.3832331601194614   0.1932340135089254
 106.0193052913839969  75.5247946682967546 107.4177026304857270   0.5972340140577036
 104.2920956049799700  76.5641440419534376 106.2593005103919871  -0.5679659881374090
 108.0261944456083618  76.8986255676574985 108.2813074736877272  -0.4157659864910745
 109.3679000006924524  75.9518727745629558 109.2526267065232562   0.2718340135089254
 108.4570520041424103  79.5442421551472618 107.6255725052170638   0.0336340135089254
 106.8205491721666067  80.6686292048304046 108.2794177475538103   0.0822340135089254
 110.9118062521061155  80.4286339858224009 108.9030273717478202  -0.1825659864910745
 110.8853500862312125  80.0091147840918806 110.9136959782400322   0.0602340135089254
 112.5313015488766270  79.4573147529868720 108.0772170512242377   0.0602340135089254
 111.1442425665784248  82.4563101275199049 108.6441348914006078   0.0602340135089254
 108.6422451652666911  79.8787236808513227 104.7985422088708666   0.5972340140577036
 107.2892012533790726  81.5019984298896680 103.7705311920176981  -0.5679659881374090
 110.0916651099842969  78.3499352385090212 103.3963654175013028  -0.4157659864910745
 111.2311699687388012  77.1121646207905992 104.3128825924531089   0.2718340135089254
 110.2333945700283827  78.4803263417495925 100.6241371790388154  -0.0275659864910745
 110.8985781691686707  80.3530449404655525 100.0798960524695011   0.1122340135089255
 112.1514665959584545  76.5452467806142289  99.6301412325962439  -0.0050659864910746
 111.9133611030843811  74.7651247624604094 100.6411447142441072   0.0338340135089254
 111.7130501328887254  76.1673015538299732  97.6497082442467685   0.0338340135089254
 114.8802311333407471  77.3162550432541021  99.7019508256852452  -0.1415659864910745
 116.6943682219051504  76.2523392298564328 101.1513707704028511  -0.1638659864910745
 116.3655558746028537  74.7462275011212005 102.4949660516208583   0.2061340135089254
 119.0244005450300483  77.2727913421739071 100.5542173120837308  -0.3418659864910745
 120.6722417338093798  76.6189460998371605 101.2742029691077281   0.3411340135089254
 118.8297587532361565  79.0642517171312546  98.6739398088320901   0.1379340135089255
 120.6231088543274344  80.5287894709202222  97.3775876809621113  -0.2601659864910745
 122.5808651290698538  80.3303682268584966  97.8084452394961597   0.1571340135089254
 119.8161957951430606  82.2068662778423037  95.4746334641034146  -0.1134659864910745
 121.1692397070306788  83.3085766139183907  94.4541813517859269   0.1416340135089255
 117.2272709916709368  82.4298539616450019  94.8982669932574333  -0.1972659864910745
 116.6320072594857468  83.7054191020418551  93.4526265008076747   0.1446340135089255
 115.4188030815082975  80.9558675771864368  96.1832807643238841  -0.2387659864910746
 113.4629365328998082  81.0938175849626755  95.7051800524418071   0.1699340135089255
 116.1879216180142538  79.1795250113004510  98.1315884083966925   0.1242340135089254
 107.6614773017615644  78.0910427581618089  99.3391234079723645   0.5972340140577036
 107.0737724741120552  79.4062921473710097  97.5117582364705164  -0.5679659881374090
 106.0665484447320255  76.4280837603111158 100.3671344248255333  -0.4157659864910745
 106.5805539531586032  75.3736165775830576 101.8732461535607653   0.2718340135089254
 103.6306914581075290  75.9707700359021645  99.2446371012763074  -0.0518659864910745
 103.9009222952582693  75.5115665853593098  97.2547554822572342   0.0921340135089254
 102.1869406917917005  73.7862466250891996 100.5145330632713830  -0.1102659864910745
 103.4322702140458036  72.1875383157918270 100.1498159194245855   0.0456340135089254
 101.9828502693281976  74.0451391054364119 102.5478783833706509   0.0456340135089254
  99.5734494485786042  73.2703513905287050  99.3334542295706005   0.3530340135089254
  98.4736288386364341  75.0107891598701769  99.3844768351864762  -0.0361659864910746
  99.8228932982562055  72.3632828462464968  96.5876821569830295  -0.4121659864910745
 100.9227139081983754  70.6228450769050249  96.5366595513671538   0.0999340135089254
  97.9501746995402455  72.0155732376049912  95.8053355375396284   0.0999340135089254
 100.7753152697525257  73.8089233386962554  95.4708540118355676   0.0999340135089254
  97.9879692222186764  71.4675526587678296 100.9718467876803344  -0.4121659864910745
  97.7026205759965611  72.3009218838270930 102.8332270295927664   0.0999340135089254
  98.9744062641255670  69.6704231054087181 101.1683783056081431   0.0999340135089254
 102.0300934226762262  78.2989126328931455  99.4940809509539086   0.5972340140577036
 100.9359419911358202  79.1644072022290893  97.6421493397110877  -0.5679659881374090
 101.9204893069087940  79.4270791348441354 101.7749803945968610  -0.4157659864910745
 103.0335379997884221  78.7864619754448336 103.1884955427699529   0.2718340135089254
 100.3331193544149494  81.5851463797822107 102.2587502848807018  -0.0389659864910746
  98.3602452706011549  81.1353915599089537 101.8713564274268486   0.1006340135089254
 100.5542173120837308  82.4506409491181410 104.9497202995845636   0.3653340135089254
 102.5081941345583031  82.9589772791429547 105.3560114183776392   0.0042340135089254
  98.8477946131528428  84.7674451893055941 105.3484525138419451  -0.2438659864910745
  96.8938177906782704  84.2591088592807806 104.9440511211827996   0.0641340135089254
  99.0008624300004700  85.4061726225709791 107.3005396101826005   0.0641340135089254
  99.4392788930701991  86.2830055487104373 104.0842257302486332   0.0641340135089254
  99.8587980948007195  80.4683182346347487 106.6183484758370341  -0.6761659848447401
 100.0061967332465694  81.0409052532128829 108.3323300793036029   0.4101340135089254
 101.1778269362777407  83.7432136247202726 100.6316960835745095   0.5972340140577036
  99.6301412325962439  85.0886986320722101  99.5375446520341035  -0.5679659881374090
 103.6628168023841960  84.2269835150041136 100.6373652619762736  -0.4157659864910745
 104.8079908395404778  83.1007067391870539 101.6918324447043318   0.2718340135089254
 104.8911387894330070  86.1072610182557677  99.0159802390718317  -0.0024659864910746
 104.3525668412654433  87.9988768783109365  99.6320309587301608   0.0977340135089254
 107.7521841561897879  85.8162431936318883  99.3788076567847123  -0.0343659864910746
 108.2208362374022538  86.2565493828355478 101.3384536576610488   0.0294340135089254
 108.2831971998216574  83.8565971927555520  99.0537747617502626   0.0294340135089254
 109.3301054780140215  87.4527460256076919  97.6534876965146156   0.0117340135089254
 110.0992240145199778  89.8621468463572854  98.4641802079668232  -0.1256659864910745
 109.5701006970220250  90.5197715409618926 100.2896556533347546   0.1329340135089254
 111.5807693035142372  91.3871558364317396  96.8768102554729786  -0.1704659864910745
 112.2005994754404133  93.1823956636569344  97.5382144023454194   0.1429340135089254
 112.2289453674492332  90.5367790761671710  94.4390635427145652  -0.1072659864910745
 113.3193173467217921  91.7027401007965917  93.2069621033979071   0.1296340135089254
 111.4333706650683873  88.1368268860871886  93.6151429483248995  -0.1704659864910745
 111.8887946633434084  87.4962097266878867  91.7613216109481482   0.1429340135089254
 110.0179657907613653  86.5796925517360807  95.2346382450954111  -0.1256659864910745
 109.4302609631118561  84.7523273802342190  94.6129183470353181   0.1329340135089254
 104.1163510745252868  85.8483685379085553  96.2191855608683848   0.5972340140577036
 103.3491222641532608  87.6927412446156954  95.0135402874266297  -0.5679659881374090
 104.0653284689094245  83.4805416921052265  95.2497560541667862  -0.4157659864910745
 104.5585469898628631  81.9744299633699810  96.3136718675644419   0.2718340135089254
 103.3963654175013028  83.0591327642407894  92.6476031677572176  -0.0252659864910746
 104.6379154874875587  84.1627328264507929  91.4306195375119346   0.0697340135089254
 103.5985661138308755  81.0579127884181750  92.1997380740178773   0.0697340135089254
 100.7129543073331220  83.8414793836841769  92.1808408126786686   0.5972340140577036
 100.1498159194245855  84.9658664333673331  90.2230845379362492  -0.5679659881374090
  98.9725165379916501  83.2499951037668339  93.9420655694932795  -0.4157659864910745
  99.4449480714719631  82.2805655970652219  95.5162074390496793   0.2718340135089254
  96.3628047470464009  83.8981711677018167  93.5641203427090239  -0.0518659864910745
  95.7788793716647254  83.1517293448029296  91.7348654450732452   0.0921340135089254
  94.5694546459551230  82.8512628895094526  95.6125834718796533  -0.1102659864910745
  95.6825033388347514  83.1422807141333186  97.3208958969444716   0.0456340135089254
  92.8138990675422897  83.9189581551749558  95.7486437535219888   0.0456340135089254
  93.9590731046985579  80.0091147840918806  95.3215656472557875   0.3530340135089254
  96.3439074857071787  78.3688324998482300  95.4236108584875389  -0.4121659864910745
  97.2887705526678047  78.6409530631329006  97.2339684947840952   0.0999340135089254
  95.8242327988788371  76.3865097853648377  95.2119615314883551   0.0999340135089254
  97.6175828999701016  78.9111839002836410  93.8986018684130847   0.0999340135089254
  96.0755663746903687  86.7157528333784025  93.4469573224059106   0.5972340140577036
  94.6185875254370820  87.6681748048747227  91.9068305232600812  -0.5679659881374090
  97.4531767263189598  88.1443857906228695  95.0437759055693663  -0.4157659864910745
  98.6871678917695349  87.3771569802508433  96.2796567971538583   0.2718340135089254
  97.1772767107664555  90.8485838882641892  95.0097608351587825  -0.0389659864910746
  95.1930642701491464  91.3285743262801831  95.2913300291130507   0.1006340135089254
  98.7249624144479657  92.1883997172143495  96.9864143712404108   0.3653340135089254
  98.3394582831280292  94.2104066805100895  96.9278328610888543   0.0042340135089254
  98.0011973051561212  91.1396017128880552  99.5980158883195769  -0.2438659864910745
  98.3867014364760579  89.1175947495923152  99.6584871246050638   0.0641340135089254
  99.1066870935000552  92.0920236843843620 101.0512152853050164   0.0641340135089254
  95.9961978770656731  91.4646346079225185  99.9381665924254017   0.0641340135089254
 101.3497920144645767  91.8463592869746078  96.5442184559028345  -0.6761659848447401
 102.2965448075591329  92.7156333085783853  97.8254527747014516   0.4101340135089254
  97.9955281267543572  91.8236825733675520  92.4737483634364649   0.5972340140577036
  96.7955520317143661  93.5093182848253009  91.4117222761727125  -0.5679659881374090
 100.0609987911302921  90.7729948429073275  91.4192811807084066  -0.4157659864910745
 100.9435008956715145  89.3216851720558181  92.2885552023121841   0.2718340135089254
 101.0531050114389467  91.6498277690467991  89.0457851565033138   0.0212340135089254
 101.4839625699729952  93.6586066494050810  89.2045221517526916   0.1123340135089254
 103.4738441889920681  90.2400920731415410  88.2709974415955936  -0.1231659864910745
 104.9705072870577026  90.5122126364261983  89.6599461500277128   0.1111340135089254
 103.1166859496809515  88.2256440143814818  88.0347816748554371   0.1111340135089254
 104.7437401509871439  91.3418024092176279  85.2738917931964909  -0.3119659864910745
 106.7109450563991745  89.7789988964647560  85.2323178182502262   0.1932340135089254
  99.1463713423124030  91.2416469241198068  86.9916528489309068   0.5972340140577036
  98.7495288541889384  92.8894881128991381  85.4023931703031319  -0.5679659881374090
  97.8991520939243698  89.0268878951640917  86.9878733966630598  -0.4157659864910745
  98.2015082753517771  87.7739994683743079  88.3957193664344009   0.2718340135089254
  98.5152028135826989  83.9359656903802476  86.5173315893166771  -0.0361659864910746
  91.8709257267155807  88.1424960644889526  98.7400802235193274   0.3399340135089254
  97.3643595980246665  99.1539302468480839  87.3034576610279118  -0.1102659864910745
  97.1980636982395946  98.6531528213589510  89.2952290061809151   0.0456340135089254
  98.8477946131528428  98.0200945664953299  86.4341836394241343   0.0456340135089254
  98.0371021017006219 101.9828502693281976  87.0653521681538385   0.3530340135089254
  96.6103588705900853 103.0977886883417428  88.0480097577928953  -0.0361659864910746
 100.6392549881101903 102.5044146822904695  88.2275337405154121  -0.4121659864910745
 102.0659982192207404 101.3913659894108548  87.2448761508763553   0.0999340135089254
 101.0852303557156003 104.5075243842469874  88.0442303055250483   0.0999340135089254
 100.6184680006370512 101.9866297215960448  90.2211948118023323   0.0999340135089254
 111.4579371048093599 115.1240058046165844  82.0160039383162591   0.0881340135089254
 108.2246156896701008 116.0216257182291817  82.2333224437171933   0.0881340135089254
 109.0825513544703369 112.7731864940185475  82.3958388912344183   0.0881340135089254
 111.8661179497363524 109.2904212292016871  80.8802785318295750  -0.5679659881374090
 107.2740834443077109 106.8640128732467883  81.5889258320500445   0.0921340135089254
 103.4454982969832484 103.4360496663136372  82.4166258787075571  -0.4121659864910745
 102.7406304490306260 101.6842735401686375  83.2367670208293757   0.0999340135089254
 105.0876703073608157 104.0804462779807862  83.4805416921052265   0.0999340135089254
 110.1445774417340895 103.1204654019487986  81.2695621154173586  -0.5679659881374090
 114.9482612741619148 102.7784249717090435  78.6409530631329006   0.5972340140577036
 116.0272948966309457 101.0285385716979741  79.7275455901376123  -0.5679659881374090
 115.6323421346413980 105.2048333276639288  78.9546476013638224  -0.4157659864910745
 117.7015922512851667 106.0174155652500667  80.5080024834470965  -0.0024659864910746
 119.4665964603676246 105.1991641492621649  79.8314805275032806   0.0977340135089254
 117.9170210305521975 108.9238143592209593  80.3965086415457340  -0.0343659864910746
 116.1898113441481705 109.7647424888159169  81.1410607383107176   0.0294340135089254
 120.0335143005439949 109.9121411272617667  81.9649813327003832   0.0117340135089254
 122.4655918349006442 109.9499356499401975  81.0522436100164108  -0.1256659864910745
 124.3950022176342439 110.8929089907669068  82.5130019115375448  -0.1704659864910745
 126.3187434219660796 110.9042473475704347  81.7760087193082554   0.1429340135089254
 123.9093426012164727 111.8188747963883104  84.8902773880104711  -0.1072659864910745
 125.4419104958266212 112.5615371670193637  86.0505692342381281   0.1296340135089254
 121.4791547929937670 111.8056467134508656  85.8030151106944435  -0.1704659864910745
 121.0747534003345949 112.5388604534123079  87.6851823400800147   0.1429340135089254
 119.5554135886619178 110.8626733726241565  84.3346979046376289  -0.1256659864910745
 117.6222237536604845 110.8626733726241565  85.0452349309920153   0.1329340135089254
 117.1875867428585890 105.2426278503423599  83.1838546890795833   0.5972340140577036
 118.8089717657630309 104.1560353233376346  84.4443020204050612  -0.5679659881374090
 114.8726722288050528 105.7396258235636455  84.1003718640313893  -0.4157659864910745
 113.5687611963993934 106.5238621691409634  82.9476389223394268   0.2718340135089254
 114.1621352024506665 105.1878257924586370  86.6552815970929291  -0.0597659864910745
 115.4547078780527980 106.0363128265892889  88.0158844135162283   0.0868340135089254
 111.5184083410948334 106.0382025527232056  87.2089713543318545   0.1302340135089254
 110.2182767609570210 105.2123922321996231  85.8426993595067913   0.0186340135089254
 110.7965329579369191 105.1670388049855113  89.8772646554286603  -0.3204659864910745
 112.0966645380747450 105.9928491255090938  91.2454263763876404   0.0881340135089254
 108.8746814797390003 105.7755306201081461  90.3024530355609448   0.0881340135089254
 110.9042473475704347 103.1129064974131043  89.9830893189282455   0.0881340135089254
 111.3067590140956632 108.9105862762835145  86.8461439366189738  -0.0430659864910745
 112.4122488024395836 109.8063164637621815  88.3352481301489140   0.0235340135089254
 112.1306796084853288 109.3660102745585354  85.0131095867153618   0.0235340135089254
 108.5874431073829816 109.8837952352529602  86.9481891478507254  -0.0660659864910746
 107.7635225129933159 109.4302609631118561  88.7812234977543374   0.0185340135089254
 108.5779944767133704 111.9265891860218259  86.6779583106999850   0.0185340135089254
 107.4800635929051174 108.9899547739081967  85.4590849543207717   0.0185340135089254
 114.2944160318251547 102.3929208403891069  87.0918083340287415   0.5972340140577036
 115.3054195134730314 101.5519927107941493  89.0042111815570357  -0.5679659881374090
 113.3117584421861112 100.8716913025824998  85.3097965897409917  -0.4157659864910745
 112.6409056646440593 101.5935666857404274  83.6751834838991184   0.2718340135089254
 113.2682947411059164  98.1750521094768741  85.6423883893111356  -0.0597659864910745
 112.3461083877523463  97.6345904351753934  87.4036131461257463   0.0868340135089254
 112.0550905631284668  96.7974417578482830  83.4767622398373794   0.1302340135089254
 112.8846803359198966  97.3908157638995561  81.6871915910139488   0.0186340135089254
 112.5407501795462380  93.9571833785646412  83.8754944540947608  -0.3204659864910745
 111.7111604067548085  93.3619196463794510  85.6650651029181914   0.0881340135089254
 111.6847042408799054  92.8894881128991381  82.3353676549489448   0.0881340135089254
 114.5703160473776590  93.6038045915213716  83.9095095245053446   0.0881340135089254
 109.2450678019875753  97.5079787842026691  83.2329875685615421  -0.0430659864910745
 108.2416232248753928  96.5744540740455713  84.7712246415734413   0.0235340135089254
 109.1090075203452399  99.5507727349715483  83.4654238830338516   0.0235340135089254
 108.0620992421528626  96.7445294260984904  80.7102031797766693  -0.0660659864910746
 108.1981595237951978  94.7017354753296112  80.4777668653043599   0.0185340135089254
 106.0816662538034006  97.3076678140070268  80.6818572877678494   0.0185340135089254
 109.0636540931311282  97.6780541362555884  79.1700763806308532   0.0185340135089254
 115.9176907808635134  97.1848356153021364  85.7935664800248325   0.5972340140577036
 116.4600421812989108  95.5426636049245689  87.3488110882420236  -0.5679659881374090
 117.6430107411336102  98.1391473129323733  84.1740711832543210  -0.4157659864910745
 117.2178223610013393  99.5186473906948813  82.9249622087323709   0.2718340135089254
 120.1487875947131911  97.0903493086060791  84.1306074821741394  -0.0875659864910746
 120.0788677277581067  95.0399964533015193  83.9473040471837755   0.0968340135089254
 121.8268644016352726  98.1278089561288454  82.0840340791374132   0.2984340135089255
 120.8725527040050357  97.9690719608794676  80.2661175383051761  -0.0297659864910745
 122.4051205986151707 100.9170447297966115  82.6320546579745748  -0.3192659864910745
 123.3594322962453944 101.0776714511799194  84.4499711988068253   0.0790340135089254
 123.6202145027265370 101.6710454572311927  81.1505093689803152   0.0790340135089254
 120.6457855679344902 101.9866297215960448  82.6849669897243808   0.0790340135089254
 124.2116987826438934  96.4686294105459861  81.9328559884237163  -0.3192659864910745
 123.6731268344763162  94.5297703971427887  81.4906600730861401   0.0790340135089254
 125.4570283048979829  97.1886150675699834  80.4588696039651377   0.0790340135089254
 125.1943563722829368  96.5120931116261809  83.7432136247202726   0.0790340135089254
 121.4073451999047388  97.4985301535330716  86.6382740618876372   0.5972340140577036
 122.6451158176231609  95.7958869068700172  87.6209316515266807  -0.5679659881374090
 121.1219965536826369  99.7662015142385657  87.7626611115707800  -0.4157659864910745
 120.1280006072400654 101.1154659738583505  86.8990562683687664   0.2718340135089254
 122.2766192215085298 100.3009940101382824  90.1607235755168454  -0.0275659864910745
 124.2929570064024923  99.8814748084077621  90.0700167210886219   0.1122340135089255
 122.0139472888934569 103.1393626632880073  90.7314208679610628  -0.0050659864910746
 120.1506773208471214 103.8102154408300459  90.1531646709811646   0.0338340135089254
 122.1632356534732503 103.4095935004387476  92.7685456403281779   0.0338340135089254
 124.0132775385821544 104.7475196032549909  89.5144372377157798  -0.1415659864910745
 124.0718590487337243 105.5260867704305448  87.0861391556269775  -0.1638659864910745
 122.6451158176231609 105.1727079833872753  85.6971904471948449   0.2061340135089254
 126.2696105424841340 106.8054313630952318  86.5778028256021504  -0.3418659864910745
 126.6229893295274036 107.6104546961456887  84.8846082096087072   0.3411340135089254
 127.7360380224070185 107.0378676775675545  88.6942960955939612   0.1379340135089255
 130.0622908932640692 108.2227259635361707  89.1402714631993711  -0.2601659864910745
 131.0373895783674452 109.1486917691575877  87.6417186389998197   0.1571340135089254
 131.0770738271797930 108.1603650011167669  91.5855770804934786  -0.1134659864910745
 132.8553061191996957 109.0353082011223084  91.9578531288759569   0.1416340135089255
 129.7448169027653138 106.9509402754071646  93.5414436291019679  -0.1972659864910745
 130.5082662608694926 106.9282635618001222  95.3820368835412608   0.1446340135089255
 127.4374612932474583 105.7226182883583537  93.1011374398983219  -0.2387659864910746
 126.4737009649476370 104.7928730304691027  94.6034697163657069   0.1699340135089255
 126.3433098617070657 105.7358463712958119  90.6066989431222688   0.1242340135089254
 121.1597910763610544  98.6531528213589510  92.1789510865447519   0.5972340140577036
 122.5147247143825896  97.6364801613093237  93.7682107651725132  -0.5679659881374090
 118.8108614918969478  98.2903254036460703  92.1260387547949459  -0.4157659864910745
 117.7696223921063344  99.2257398399370986  90.8107893655857584   0.2718340135089254
 117.4842737458842324  96.7879931271786852  94.0308826977875727  -0.0275659864910745
 118.1305600836852982  97.4002643945691672  95.8903732135660879   0.1122340135089255
 114.6553537234041185  97.4286102865779872  93.9609628308324883  -0.0050659864910746
 113.9788317674603026  97.3379034321497635  92.0145449128935967   0.0338340135089254
 113.6519091462919360  95.9867492463960620  95.0135402874266297   0.0338340135089254
 113.9164708050408990  99.9476152230950129  95.0891293327834781  -0.1415659864910745
 115.1032188171434454 102.1888304179256174  94.7225224628027503  -0.1638659864910745
 116.7472805536549430 102.4685098857459553  93.5395539029680510   0.2061340135089254
 113.8522201164875785 104.0993435393200084  95.9791903418603811  -0.3418659864910745
 114.3851228862533782 105.9342676153575373  95.8903732135660879   0.3411340135089254
 111.7338371203618642 103.2036133518413278  97.1942842459717474   0.1379340135089255
 109.8365520819049183 104.3884716378099574  98.6172480248144502  -0.2601659864910745
 109.8422212603066822 106.3859121613647112  98.8459048870189261   0.1571340135089254
 107.8958033423677905 102.9277133362888235  99.6868330166138835  -0.1134659864910745
 106.4331553147127533 103.8234435237675041 100.7545282822793867   0.1416340135089255
 107.8580088196893730 100.2915453794686847  99.3353439557045309  -0.1972659864910745
 106.3689046261594194  99.2144014831335705 100.1630440023620303   0.1446340135089255
 109.7326171445392498  99.0896795582947632  97.8708062019155499  -0.2387659864910746
 109.6797048127894572  97.0979082131417599  97.5741191988899200   0.1699340135089255
 111.7565138339689202 100.5447686814141332  96.7161835340896705   0.1242340135089254
 118.1059936439443254  93.9401758433593492  93.8891532377434735   0.5972340140577036
 117.9831614452394349  92.6683901552303433  95.8317917034145314  -0.5679659881374090
 118.9015683463251713  92.9064956481044301  91.7102990053322725  -0.4157659864910745
 118.8354279316379205  93.9798600921716970  90.1191496005705809   0.2718340135089254
 120.0183964914726332  90.3364681059715285  91.5817976282256316  -0.0875659864910746
 119.1358943869313974  89.1969632472170108  93.0501148342824462   0.0968340135089254
 119.4722656387693886  88.9248426839323537  89.0930283098513425   0.2984340135089255
 120.3245321251678741  87.0540138113503106  89.2442064005650394  -0.0297659864910745
 116.6301175333518299  88.5317796480767227  88.7245317137366978  -0.3192659864910745
 116.2937462815138388  87.4300693120006359  87.0162192886718795   0.0790340135089254
 115.8855654365868465  87.4943200005539566  90.3364681059715285   0.0790340135089254
 115.6663572050519818  90.3440270105072093  88.5582358139516257   0.0790340135089254
 120.5683067964437115  90.1720619323203733  86.7327603685836945  -0.3192659864910745
 120.2678403411502345  88.9531885759411734  85.0981472627418079   0.0790340135089254
 119.6121053726795576  91.9540736766081099  86.4133966519510086   0.0790340135089254
 122.5903137597394515  90.4970948273548366  86.9500788739846423   0.0790340135089254
 122.8548754184884279  90.2759968696860418  92.1732819081429879   0.5972340140577036
 123.7562747843688723  88.3768221050951922  93.1748367591212401  -0.5679659881374090
 124.0416234305909743  92.5304401474541046  91.8482490131085247  -0.4157659864910745
 123.1931363964603358  94.0611183159303095  91.0866893811382626   0.2718340135089254
 126.7155859100895574  92.6627209768285793  92.3735928783386303  -0.0518659864910745
 127.6717873338537112  91.1981832230396118  91.2851106251999882   0.0921340135089254
 127.8777674824511177  95.2365279712293280  91.6876222917252168  -0.1102659864910745
 127.5584037658184320  95.3347937301932323  89.6542769716259486   0.0456340135089254
 126.9536914029636174  96.8333465543927836  92.6041394666770228   0.0456340135089254
 130.7350333969400515  95.3310142779253985  92.2261942398927804   0.3530340135089254
 131.0392793045013755  94.9190539807305590  94.2217450373136174  -0.0361659864910746
 132.1806738893898101  93.3978244429239518  90.6066989431222688  -0.4121659864910745
 131.8764279818284861  93.8078950139848610  88.6111481457014183   0.0999340135089254
 134.1932322220159392  93.5130977370931480  91.0318873232545397   0.0999340135089254
 131.4984827550442302  91.5005394044670191  91.0281078709867061   0.0999340135089254
 131.7838314012663323  98.0276534710310242  91.9729709379473320  -0.4121659864910745
 130.8295197036361086  99.2654240887494464  93.3146764930314226   0.0999340135089254
 133.8058383645620858  98.0182048403614132  92.3660339738029494   0.0999340135089254
 131.4606882323658128  98.7136240576444379  90.0586783642850941   0.0999340135089254
 127.0916414107398830  92.3206805465888377  95.1779464610777714   0.5972340140577036
 128.8755428811615228  91.0602332152633596  95.9754108895925341  -0.5679659881374090
 125.6989132500399033  93.4790826666825641  96.7218527124914344  -0.4157659864910745
 124.3742152301611182  94.6129183470353181  95.9243882839766718   0.2718340135089254
 125.6913543455042359  93.1578292239159481  99.4846323202843109  -0.0014659864910746
 127.4091154012386383  93.9590731046985579 100.2972145578704486   0.0875340135089254
 123.3934473666559781  94.5278806710088585 100.6487036187798015  -0.0152659864910746
 121.7682828914837026  94.2822162735991043  99.4014843703917682   0.0294340135089254
 122.9172363809078315  93.5471128075037318 102.3985900187908709   0.0294340135089254
 123.6239939549943706  97.3360137060158467 101.2779824213755753  -0.0011659864910746
 124.3647665994915205  99.0953487366965273  99.4071535487935322  -0.1906659864910745
 124.9335741658017942  98.4377240420919336  97.5911267340952120   0.1698340135089254
 124.3042953632060204 101.7182886105792214  99.8531289163989556  -0.2341659864910745
 124.7937344318916252 103.0354277259223390  98.4093781500831137   0.1655340135089255
 123.4463596984057841 102.6650414036737776 102.4155975539961629   0.3225340135089255
 123.2403795498083510 105.1708182572533585 102.9220441578870596  -0.5579659881374089
 122.2369349726961820 105.4675052602789883 104.4054791730152493   0.3991340135089254
 122.8303089787474416 100.7035056766635108 104.4073688991491662  -0.2341659864910745
 122.2671705908389052 101.2553057077685194 106.2630799626598342   0.1655340135089255
 122.9191261070417618  98.1372575867984566 103.7327366693392806  -0.1906659864910745
 122.3900027895438090  96.7615369613037822 105.1160161993696356   0.1698340135089254
 125.5760810513350263  90.3553653673107374 100.2178460602457532   0.5972340140577036
 127.1464434686235925  89.4218406571536394 101.6521481958919840  -0.5679659881374090
 123.7524953321010118  88.9683063850125351  99.1558199729820006  -0.4157659864910745
 122.5562986893288677  89.8186831452771038  97.9388363427367176   0.2718340135089254
 123.4444699722718540  86.2792260964425903  99.6811638382121196  -0.0252659864910746
 123.0929809113625146  86.0108849854257803 101.6918324447043318   0.0697340135089254
 121.8249746755013423  85.5838068791595791  98.6266966554840614   0.0697340135089254
 125.7707228431289315  84.7372095711628575  98.9366117414471361   0.5972340140577036
 126.6248790556613339  83.1800752368117495 100.4332748395127706  -0.5679659881374090
 126.8648742746693240  85.3986137180352983  96.6708301068755587  -0.4157659864910745
 126.1335502608417988  86.7516576299229033  95.5823478537369167   0.2718340135089254
 129.0078237105360244  83.9624218562551372  95.7845485500664893  -0.0597659864910745
 128.5561791645288371  81.9612018804325362  95.7958869068700172   0.0868340135089254
 129.6862353926137436  84.1324972083080563  92.9499593491846115   0.1302340135089254
 131.0581765658405708  82.6188265750371300  92.6551620722928985   0.0186340135089254
 127.4053359489708047  83.4427471694267956  91.2775517206643074  -0.3204659864910745
 126.1222119040382709  85.0357863003224175  91.1131455470131656   0.0881340135089254
 128.0459531083701065  82.9211827564645372  89.3916050390109025   0.0881340135089254
 126.3905530150550809  81.8345902294598119  92.0712366969112364   0.0881340135089254
 131.0354998522335150  86.5456774813254968  92.1033620411878899  -0.0430659864910745
 129.7013532016851322  88.0744659236677849  92.2866654761782538   0.0235340135089254
 132.6474362444683591  86.9085048990383776  93.3279045759688674   0.0235340135089254
 132.0143779896047248  86.4171761042188425  89.3745975038056107  -0.0660659864910746
 130.4402361200483248  86.4190658303527726  88.0461200316589650   0.0185340135089254
 133.2049054539751316  88.0498994839268122  88.9853139202178270   0.0185340135089254
 133.1387650392878674  84.7107534052879545  89.1062563927887873   0.0185340135089254
 131.2093546565542946  84.4008383193248663  97.5098685103365995   0.5972340140577036
 132.6190903524595392  82.6471724670459497  98.0805658027808168  -0.5679659881374090
 131.5665128958653980  86.7743343435299591  98.3696939012707659  -0.4157659864910745
 130.3079552906738502  88.1217090770158135  97.8783651064512442   0.2718340135089254
 133.6319835602413329  87.4716432869469006  99.9891891980412774  -0.0518659864910745
 135.4045466738594717  87.0370062761450185  99.0329877742771236   0.0921340135089254
 133.6074171205003468  90.3043427616948615 100.6600419755833294  -0.1102659864910745
 133.8436328872405033  91.1962934969056949  98.8175589950101061   0.0456340135089254
 131.8178464716769161  90.9033859461478988 101.4877420222408288   0.0456340135089254
 135.7919405313133251  91.0923585595400266 102.4042591971926348   0.3530340135089254
 135.6464316190013921  90.0341119245441214 104.1654839540072457  -0.0361659864910746
 138.3600783473122962  90.5575660636403100 101.1627091272063792  -0.4121659864910745
 138.5074769857581595  91.6177024247701322  99.4014843703917682   0.0999340135089254
 139.8737489805832227  91.1320428083523744 102.4363845414693018   0.0999340135089254
 138.5263742470973816  88.5431180048802508 100.7658666390829146   0.0999340135089254
 135.5141507896268905  93.8551381673328896 103.2640845881268146  -0.4121659864910745
 133.7434774021426820  94.0800155772695182 104.2902058788460531   0.0999340135089254
 137.0882926591832903  94.3540258666881056 104.4942963013095426   0.0999340135089254
 135.5141507896268905  95.0910190589173950 101.6162433993474832   0.0999340135089254
 133.4127753287064684  86.0184438899614611 102.4061489233265652   0.5972340140577036
 135.2968322842259561  85.1019267150096549 103.4095935004387476  -0.5679659881374090
 131.1451039680009607  85.8880527867209031 103.6136839229022372  -0.4157659864910745
 129.7070223800868961  86.8404747582172099 102.7727557933072795   0.2718340135089254
 130.6159806505030081  84.3951691409231024 105.8851347358755785  -0.0024659864910746
 131.8424129114179022  85.0716910968669183 107.3969156430125880   0.0977340135089254
 127.8550907688440619  84.7976808074483309 106.7260628654705362  -0.0343659864910746
 127.6150955498360716  86.7724446173960423 107.2551861829684888   0.0294340135089254
 126.6210996033934735  84.4518609249407420 105.1141264732357187   0.0294340135089254
 126.9536914029636174  83.1744060584099856 108.9332629898905703   0.0117340135089254
 124.7975138841594858  81.6267203547284754 108.6781499618111916  -0.1256659864910745
 123.7846206763776922  81.5964847365857385 106.9414916447375670   0.1329340135089254
 123.9433576716270565  80.1395058873324520 110.7152747341783068  -0.1704659864910745
 122.3087445657851833  78.9697654104351975 110.5187432162504981   0.1429340135089254
 125.2302611688274510  80.2056463020196892 113.0377481527675239  -0.1072659864910745
 124.5688570219549966  79.0925976091400745 114.5892133087168677   0.1296340135089254
 127.3656517001584569  81.7627806363708106 113.3193173467217921  -0.1704659864910745
 128.3350812068600690  81.8156929681206032 115.0881010080720837   0.1429340135089254
 128.2235873649586930  83.2424361992311399 111.2746336698189961  -0.1256659864910745
 129.8411929355953012  84.4159561283962414 111.4995110797556246   0.1329340135089254
 131.2377005485630877  81.5775874752465164 105.5090792352252530   0.5972340140577036
 132.4735814401476064  80.4588696039651377 107.1380231626653757  -0.5679659881374090
 130.5668477710210625  80.4588696039651377 103.3226660982783712  -0.4157659864910745
 129.5445059325696713  81.4831011685504593 102.0641084930868101   0.2718340135089254
 131.2131341088221284  77.8132530164753878 102.7236229138253342  -0.0237659864910746
 130.3665368008253934  76.5943796600961744 104.1560353233376346   0.0879340135089254
 130.2909477554685582  76.9118536505949567 100.0969035876747929   0.0341340135089254
 131.3132895939199494  77.9474235719837929  98.6418144645554231   0.0240340135089254
 130.8446375127074703  74.9370898406472452  99.9041515220148178   0.0240340135089254
 127.4884838988633339  77.0687009197104177  99.3844768351864762   0.0017340135089254
 126.9310146893565614  79.0264571944528371  99.2314090183388626   0.0439340135089254
 127.3259674513461091  76.2787953957313358  97.4890815228634604   0.0439340135089254
 125.2075844552203950  75.4151905525293223 101.3271153008575207  -0.2737659864910745
 124.7011378513294982  77.7395536972524561 103.7818695488212259  -0.0536659864910745
 123.1062089942999459  77.1764153093439331 104.9534997518524108   0.0683340135089254
 126.3735454798497889  77.8793934311626386 104.9742867393255364   0.0683340135089254
 124.3005159109381866  79.5725880471560683 102.9314927885566707   0.0683340135089254
 134.0817383801145901  77.3918440886109505 102.8086605898517937   0.5972340140577036
 134.9812480198611041  75.7440028998316190 104.1862709414803848  -0.5679659881374090
 135.4215542090647635  79.1473996670237974 101.2401878986971444  -0.4157659864910745
 134.6770021122997801  80.6554011218929464 100.3387885328167133   0.2718340135089254
 138.0917372362954862  78.7146523823558323 101.0323180239658077  -0.0875659864910746
 138.4772413676154094  76.7795728212204686 100.4389440179145346   0.0968340135089254
 139.4183249823082016  80.4909949482418047  99.2540857319459184   0.2984340135089255
 138.5036975334903259  80.4380826164920121  97.4097130252387648  -0.0297659864910745
 139.2765955222641024  83.1857444152135135 100.3274501760131854  -0.3192659864910745
 140.1912229710820049  83.2405464730972230 102.1718228827203256   0.0790340135089254
 140.2346866721621865  84.4858759953513259  99.0499953094824154   0.0790340135089254
 137.3037214384503213  83.7451033508542029 100.5239816939409941   0.0790340135089254
 142.1470895196904942  79.5404627028794148  98.8799199574295097  -0.3192659864910745
 139.3106105926746863  78.9886626717744062 103.5626613172863615   0.5972340140577036
 141.0586072665518388  77.5845961542709121 104.1787120369446905  -0.5679659881374090
 138.4923591766867978  80.8594915443564494 105.0857805812268990  -0.4157659864910745
 137.0864029330493870  82.0575779132625236 104.6020106909430580   0.2718340135089254
 139.7225708898695258  81.2204292359353998 107.4743944145033534   0.0336340135089254
 141.7351292224956547  81.3999532186579299 107.0775519263798888   0.0822340135089254
 138.8306201546586790  83.6184916998814786 108.8557842183997916  -0.1825659864910745
 136.8218412743004106  83.4597547046320874 109.2809725985320759   0.0602340135089254
 139.8869770635206809  83.8339204791484960 110.6094500706787082   0.0602340135089254
 139.1499838712913916  85.2625534363929630 107.6558081233598004   0.0602340135089254
 139.3313975801478117  79.0207880160510732 109.2299499929162002   0.5972340140577036
 141.1436449425782983  77.9530927503855568 110.2201664870909379  -0.5679659881374090
 136.9427837468713573  78.2478900272772698 109.6267924810396648  -0.4157659864910745
 135.4952535282876683  79.1965325465057428 108.8198794218552910   0.2718340135089254
 136.3607480976236255  76.2939132048026975 111.4220323082648594  -0.0024659864910746
 137.5550550142618393  76.5584748635516737 113.0793221277137884   0.0977340135089254
 133.5828506807593607  76.2976926570705445 112.2705193423954979  -0.0343659864910746
 132.2543732086127418  76.9042947460592626 110.8173199454100582   0.0294340135089254
 132.9403437952261554  74.5194603650506418 113.0868810322494827   0.0294340135089254
 133.4619082081884138  78.2195441352684633 114.3265413761018216   0.0117340135089254
 133.7359184976069877  80.7555566069907811 113.8200947722109248  -0.1256659864910745
 134.0382746790344084  81.3734970527830269 111.8793460326737972   0.1329340135089254
 133.6319835602413329  82.5054430070018505 115.7400565242749135  -0.1704659864910745
 133.8568609701779615  84.5085527089583818 115.3148681441426292   0.1429340135089254
 133.2464794289213829  81.7325450182280606 118.1910313199707715  -0.1072659864910745
 133.1633314790288535  83.1139348221244987 119.7179300361791428   0.1296340135089254
 132.9649102349671147  79.2059811771753540 118.7107060067991265  -0.1704659864910745
 132.6568848751379569  78.5785921007134968 120.6476752940684071   0.1429340135089254
 133.0726246246006300  77.4674331339677990 116.7850750763333607  -0.1256659864910745
 132.8477472146640016  75.4605439797434341 117.1951456473942833   0.1329340135089254
 137.1260871818617079  73.6728630570539202 110.6472445933571391   0.5972340140577036
 137.9537872285192206  72.1988766725953550 112.2440631765205949  -0.5679659881374090
 136.7840467516219663  72.9774438397709089 108.2208362374022538  -0.4157659864910745
 136.1434295922226643  74.2378911710963735 106.9396019186036501   0.2718340135089254
 137.3207289736556131  70.4452108203164250 107.3817978339412130  -0.0031659864910746
 136.3172843965434172  69.1242922527054735 108.6025609164543433   0.0849340135089254
 136.5138159144712259  69.9652203823004312 104.6322463090857948  -0.0036659864910746
 137.4435611723604902  71.3806252566074532 103.4587263799206932   0.0170340135089254
 133.6603294522501528  70.1069498423445169 104.2297346425605662  -0.0645659864910746
 132.6795615887450127  68.6972141464392723 105.3673497751811672   0.0351340135089254
 132.9573513304314473  71.9834478933283240 104.7078353544426431   0.0351340135089254
 133.1066396950112139  69.5967237861857865 101.4537269518302450   0.6950340118625910
 134.8225110246117130  69.2660217127495729  99.9211590572201099  -0.6086659875886308
 130.6273190073065360  69.5154655624271742 100.7904330788238872  -0.9407659859422963
 130.1416593908887648  69.1847634889909470  98.9744062641255670   0.4250340135089254
 129.2818339999545984  69.7875861257118312 102.1170208248366027   0.4250340135089254
 144.0538231888170381  85.0565732877955432 102.6990564740843479  -0.0536659864910745
 142.3568491205557343  84.6370540860650228 103.7875387272229899   0.0683340135089254
 143.5889505598723926  86.3718226770047441 101.1834961146795046   0.0683340135089254
 148.4096419275055097  97.5816781034256008 109.4661657596563567   0.5972340140577036
 147.1662021313853235  99.1690480559194588 108.3115430918304773  -0.5679659881374090
 147.3211596743668811  95.5785684014690831 110.6075603445447913  -0.5163659864910745
 144.6868814436806456  94.9795252170160458 110.2352842961623130   0.0396340135089254
 144.3505101918426680  94.6847279401243194 108.2246156896701008   0.1104340135089255
 143.8761889322284247  92.5871319314717308 111.6714761579424607   0.0559340135089254
 145.1139595499468468  91.0583434891294427 111.0629843428198124  -0.0173659864910746
 144.1690964829862209  92.9480696230506946 113.6783653121668256  -0.0173659864910746
 141.1228579551051727  91.8331312040371496 111.2217213380692035   0.0135340135089254
 139.8680798021814588  93.4469573224059106 111.4749446400146520  -0.0425659864910745
 140.9093189019720721  91.0923585595400266 109.3112082166748127  -0.0425659864910745
 140.4463359991613569  89.7827783487326032 113.1284550071957474   0.8053340124113690
 142.1716559594314536  88.9758652895482294 114.5533085121723671  -0.8188659842959619
 138.1937824475272377  89.0136598122266469 113.2059337786865126  -0.8188659842959619
 142.8973107948572149  97.0242088939188417 111.0535357121502147   0.5365340135089255
 141.3099408423633838  97.8575781189781051 109.5738801492898722  -0.5819659881374090
 143.1014012173207179  97.9256082597992728 113.4119139272839325  -0.4157659864910745
 144.4015327974585437  97.2453068515876233 114.6326770097970627   0.2718340135089254
 141.3382867343722037  99.7832090494438577 114.3133132931643634  -0.0031659864910746
 139.4258838868438958  99.1236946287053471 113.9221399834426629   0.0849340135089254
 141.5877305840497915 100.2707583919955456 117.1724689337872275  -0.0036659864910746
 140.1817743404123805 101.6975016231060957 117.6524593718032211   0.0170340135089254
 141.1171887767034087  98.5000850045113372 118.1154422746139231   0.0170340135089254
 144.1974423749950408 101.1608194010724488 118.0398532292570746  -0.0645659864910746
 144.3731869054497238 100.9983029535552240 120.0864266322937873   0.0351340135089254
 145.6846568423910775 100.0609987911302921 117.1346744111087964   0.0351340135089254
 144.5205855438955871 103.9160401043296445 117.3066394892956324   0.6950340118625910
 142.6781025633223503 105.3125477172974443 117.0666442702876289  -0.6086659875886308
 146.9299863646451670 104.7229531635140183 116.9324737147792238  -0.9407659859422963
 147.2569089858135472 106.5389799782123385 116.4411449199597021   0.4250340135089254
 148.3831857616306201 103.5040798071348049 117.1479024940462412   0.4250340135089254
 141.6500915464691951 102.1812715133899366 112.8487755393753958   0.5972340140577036
 139.8302852795030411 103.5645510434202916 112.4198077069752779  -0.5679659881374090
 143.9876827741297739 102.7311818183610148 112.0267446711196471  -0.4157659864910745
 145.4578897063205188 101.5501029846602324 112.3253214002792072   0.2718340135089254
 144.4412170462708915 105.0271990710753425 110.6699213069641951  -0.0518659864910745
 143.9272115378443004 106.6259073803727149 111.8642282236024223   0.0921340135089254
 147.2228939154029633 105.3049888127617635 109.8970233181904049  -0.1102659864910745
 148.1998823266402696 105.3597908706454730 111.7092706806208781   0.0456340135089254
 147.8994158713467792 103.6987215989286967 108.8009821605160821   0.0456340135089254
 147.7482377806330823 107.7559636084576217 108.4419341950710351   0.3530340135089254
 146.5747178514679673 107.7956478572699695 106.7487395790775920  -0.0361659864910746
 147.1435254177782677 110.0670986702433106 110.0916651099842969  -0.4121659864910745
 148.3170453469433827 110.0293041475648931 111.7848597259777401   0.0999340135089254
 147.5271398229642873 111.7886391782455737 109.0296390227205445   0.0999340135089254
 145.1574232510270284 110.0236349691631292 110.6340165104196943   0.0999340135089254
 150.4543256044083190 107.7918684050021222 107.4006950952804352  -0.4121659864910745
 150.7207769892911988 106.1988292741065137 106.1232402287496653   0.0999340135089254
 150.7736893210410049 109.5512034356828162 106.3783532568290306   0.0999340135089254
 142.8632957244466311 105.0064120836022034 108.3096533656965470   0.5972340140577036
 141.6633196294066533 106.8923587652556080 107.6728156585650922  -0.5679659881374090
 142.7933758574915601 102.8445653863962943 106.9717272628803036  -0.4157659864910745
 143.7457978289878534 101.3063283133843952 107.5821088041368688   0.2718340135089254
 141.3817504354523851 102.6518133207363194 104.6587024749606978  -0.0518659864910745
 141.9978011551107007 104.1352483358645089 103.3680195254924829   0.0921340135089254
 141.8806381348075877 100.0893446831391121 103.3604606209567889  -0.1102659864910745
 141.5933997624515555  98.5794535021360193 104.7305120680496991   0.0456340135089254
 140.4897997002415383  99.8285624766579695 101.8600180706233205   0.0456340135089254
 144.5300341745651847  99.8115549414526775 102.1944995963273814   0.3530340135089254
 145.9567774056757214 100.2820967487990737 103.5966763876969453  -0.0361659864910746
 144.9098691274833707  97.0714520472668704 101.3516817405985070  -0.4121659864910745
 143.5058026099798631  96.5631157172420432  99.9343871401575681   0.0999340135089254
 144.7265656924929934  95.8147841682092396 102.9749564896368521   0.0999340135089254
 144.9041999490816067 101.5236468187853294  99.8909234390773730  -0.4121659864910745
 144.8342800821265089 103.5003003548669711 100.4521721008519794   0.0999340135089254
 146.7542418341905108 101.1608194010724488  99.0575542140180963   0.0999340135089254
 143.4472210998283200 101.1532604965367680  98.4830774693060453   0.0999340135089254
 138.6208605537934389 102.9673975851011713 105.2180614106013870   0.5972340140577036
 137.2583680112362094 104.2429627254980110 103.8366716067049489  -0.5679659881374090
 137.8611906479570938 101.7220680628470684 107.0643238434424440  -0.4157659864910745
 139.0441592077917795 100.5920118347621617 108.0677684205546265   0.2718340135089254
 135.2155740604673304 101.9374968421140858 107.8258834754127061  -0.0275659864910745
 134.0382746790344084 101.2364084464293106 106.2819772239990429   0.1122340135089255
 134.5806260794697924 100.4351645656467008 110.2390637484301466  -0.0050659864910746
 136.0224871196517176 100.7979919833595815 111.6582480750050159   0.0338340135089254
 132.8194013226551817 101.1891652930812686 111.0006233804004087   0.0338340135089254
 134.1856733174802449  97.6383698874432406 110.0425322305023379  -0.1415659864910745
 135.5916295611176558  95.8639170476911849 111.2141624335335094  -0.1638659864910745
 137.2300221192273896  96.2626492619485662 112.3593364706897910   0.2061340135089254
 134.6505459464248905  93.4809723928164944 110.7190541864461539  -0.3418659864910745
 135.5009227066894323  91.8501387392424416 111.2727439436850793   0.3411340135089254
 132.5000376060224960  93.6038045915213716 109.2715239678624649   0.1379340135089255
 130.8635347740466924  91.7499832541446203 108.3247711747679221  -0.2601659864910745
 131.2017957520186003  89.8035653362057288 108.7291725674270673   0.1571340135089254
 128.8150716448760494  92.4756380895703816 106.8054313630952318  -0.1134659864910745
 127.5735215748897935  91.0753510243347347 106.0627689924641785   0.1416340135089255
 128.4201188828865017  95.0399964533015193 106.2290648922492503  -0.1972659864910745
 126.8799920837406857  95.5502225094602632 105.0460963324145512   0.1446340135089255
 130.0377244535231099  96.9202739565531600 107.1928252205490850  -0.2387659864910746
 129.7145812846225636  98.8534637915546067 106.7562984836132862   0.1699340135089255
 132.1712252587201857  96.2380828222075936 108.7726362685072624   0.1242340135089254
 134.4426760716935539 104.7229531635140183 108.2605204862146016   0.5972340140577036
 132.6039725433881777 105.5771093760464207 107.1191259013261670  -0.5679659881374090
 135.8845371118754521 106.2026087263743607 109.7231685138696522  -0.4157659864910745
 137.4095461019499063 105.4297107376005574 110.5886630832055826   0.2718340135089254
 135.3081706410294842 108.9030273717478202 110.1540260724036871  -0.0389659864910746
 133.4014369719029403 109.0296390227205445 110.9155857043739625   0.1006340135089254
 137.1544330738705277 110.1256801803948808 111.9946193268429936   0.3653340135089254
 136.5383823542122120 112.0664289199319949 112.3102035912078457   0.0042340135089254
 137.3774207576732528 108.8331075047927356 114.5646468689758950  -0.2438659864910745
 137.9500077762513870 110.2315048438944658 115.9592647558097779   0.0641340135089254
 135.5746220259123639 107.9997382797334724 115.1051085432773757   0.0641340135089254
 138.8249509762569151 107.3855772862090601 114.5363009769670751   0.0641340135089254
 139.5128112890042589 110.1653644292072150 110.8097610408743639  -0.6761659848447401
 140.0608318678414336 108.4929568006869108 110.3241014244566062   0.4101340135089254
 135.3176192716990818 110.4544925276971775 107.7087204551095930   0.5972340140577036
 133.6433219170448608 112.0172960404500494 107.2910909795130030  -0.5679659881374090
 137.0486084103709425 109.8403315341727653 106.0136361129822329  -0.4157659864910745
 138.3789756086515185 108.5005157052225917 106.2876464024008069   0.2718340135089254
 137.1412049909330963 111.2992001095599689 103.7213983125357527  -0.0875659864910746
 137.0202625183621227 113.3230967989896391 104.0861154563825501   0.0968340135089254
 139.6299743093073720 111.2538466823458572 102.2058379531309094   0.2984340135089255
 139.3389564846835060 112.4028001717699859 100.5164227894053133  -0.0297659864910745
 141.7578059361027106 112.4972864784660432 103.7384058477410445  -0.3192659864910745
 142.1092949970120499 111.4333706650683873 105.4693949864129052   0.0790340135089254
 143.4850156225067375 112.5520885363497661 102.6177982503257355   0.0790340135089254
 141.2286826186047578 114.4266968611996429 104.2354038209623302   0.0790340135089254
 140.5351531274556501 108.6800396879451220 101.3290050269914510  -0.3192659864910745
 139.0611667429970716 107.6765951108329261 100.3047734624061295   0.0790340135089254
 142.1867737685028420 108.8860198365425282 100.1158008490140017   0.0790340135089254
 141.0604969926857691 107.6633670278954813 103.0108612861813663   0.0790340135089254
 134.8489671904866026 110.7681870659280994 102.1604845259167975   0.5972340140577036
 133.7642643896158076 112.4916173000642792 101.0398769285015019  -0.5679659881374090
 134.2688212673728010 108.3379992577053669 101.7352961457845132  -0.4157659864910745
 135.1286466583069674 106.9925142503534427 102.7992119591821825   0.2718340135089254
 132.0635108690866970 107.6331314097527444 100.2140666079779060  -0.0237659864910746
 132.3337417062374374 108.4135883030622152  98.3356788308601820   0.0879340135089254
 131.8216259239447766 104.7324017941836158 100.0534398865945981   0.0341340135089254
 131.5570642651958002 104.0124161371596185 101.9658427341229057   0.0240340135089254
 130.1303210340852369 104.2524113561676222  98.9781857163934141   0.0240340135089254
 134.0798486539806597 103.3075482892069963  98.8950377665008714   0.0017340135089254
 135.8297350539917426 103.9519449008741450  99.7416350744975930   0.0439340135089254
 133.8568609701779615 101.3195563963218400  99.3901460135882404   0.0439340135089254
 134.5069267602468610 103.4303804879118733  95.5029793561122211  -0.2737659864910745
 136.5894049598280877 106.1364683116871099  95.2081820792205081  -0.0536659864910745
 137.0013652570229274 106.4596114805876429  93.2145210079335879   0.0683340135089254
 135.6974542246172678 107.8145451186091782  95.9943081509317562   0.0683340135089254
 138.3506297166426986 105.7585230849028677  96.2059574779309266   0.0683340135089254
 129.6238744301943401 108.8123205173196102 101.2477468032328387   0.5972340140577036
 128.1253216059948021 109.7723013933515976  99.7510837051672042  -0.5679659881374090
 129.2931723567581263 108.8709020274711667 103.7591928352141702  -0.4157659864910745
 130.6367676379761337 108.0772170512242377 104.8703518019598680   0.2718340135089254
 125.3871084379429119 109.1638095782289628 104.3998099946134853   0.0863340135089254
 126.8610948224014904 112.8563344439110767 104.2448524516319413   0.5972340140577036
 124.9430227964714186 113.6103351713456579 103.1431421155558545  -0.5679659881374090
 128.8226305494117436 114.3700050771820032 104.7512990555228382  -0.4157659864910745
 130.3608676224236294 113.6178940758813522 105.6224628032605325   0.2718340135089254
 128.6884599939033387 117.1101079713678237 104.3601257458011375  -0.0875659864910746
 126.9650297597671453 117.7601737614367367 105.2879812775564716   0.0968340135089254
 130.9013292967251099 118.5028361320677900 105.6583675998050330   0.2984340135089255
 130.9844772466176393 117.8584395204006410 107.6161238745474526  -0.0297659864910745
 133.4921438263311638 118.0304045985874770 104.4583915047650419  -0.3192659864910745
 134.9566815801201180 118.9261347860661440 105.5960066373856294   0.0790340135089254
 133.8587506963118648 116.0159565398274178 104.4016997207474022   0.0790340135089254
 133.5715123239558594 118.7957436828255727 102.5459886572367342   0.0790340135089254
 130.4666922859232415 121.3638814988245574 105.7056107531530617  -0.3192659864910745
 131.9293403135782653 122.2747294953745995 106.8337772551040515   0.0790340135089254
 130.5044868086016589 122.1386692137322642 103.7969873578926011   0.0790340135089254
 128.6374373882874628 121.7663931653497991 106.5522080611497833   0.0790340135089254
 128.3993318954133762 117.7960785579812374 101.5671105198655244   0.5972340140577036
 126.8648742746693240 119.4306916638231239 100.9510598002071954  -0.5679659881374090
 129.7070223800868961 116.5261825959861482  99.8096652153187607  -0.4157659864910745
 130.7955046332255247 115.0484167592597359 100.3368988066827830   0.2718340135089254
 129.5936388120516169 117.2348298962066177  97.1470410926237189  -0.0597659864910745
 129.6692278574084518 119.3210875480556916  97.0431061552580504   0.0868340135089254
 131.9142225045069036 116.2276058668266016  95.6900622433704322   0.1302340135089254
 133.5828506807593607 116.6168894504143717  96.8390157327945475   0.0186340135089254
 131.7857211274002624 113.3665605000698208  95.2214101621579663  -0.3204659864910745
 131.2547080837683795 112.3895720888325277  96.9448403962941461   0.0881340135089254
 130.3948826928342131 112.9394823938036195  93.7606518606368325   0.0881340135089254
 133.6319835602413329 112.6730310089207262  94.6337053345084571   0.0881340135089254
 132.2127992336664636 117.6694669070085132  93.1691675807194762  -0.0430659864910745
 132.1561074496488240 119.6952533225721003  93.5527819859054958   0.0235340135089254
 130.6424368163778977 117.2159326348674089  91.9106099755279285   0.0235340135089254
 134.6996788259068358 117.1101079713678237  91.7915572290908851  -0.0660659864910746
 136.2964974090702916 117.4729353890807045  93.0425559297467519   0.0185340135089254
 134.7488117053887814 115.1504619704914874  91.1584989742272640   0.0185340135089254
 134.8508569166205328 118.3346505061487876  90.1418263141776367   0.0185340135089254
 127.1048694936773143 116.4600421812989108  95.9886389725299923   0.5972340140577036
 126.0787482029580893 117.8622189726684746  94.3634744973577168  -0.5679659881374090
 125.9559160042532123 114.3454386374410304  96.7275218908931984  -0.4157659864910745
 126.8044030383838508 113.2777433717755274  98.0824555289147337   0.2718340135089254
 123.6126555981908428 113.4327009147570716  95.6050245673439725  -0.0237659864910746
 123.8602097217345271 113.5177385907835177  93.5603408904411766   0.0879340135089254
 123.1402240647105298 110.6585829501606670  96.3439074857071787   0.0341340135089254
 124.7861755273559577 109.5682109708881081  95.7618718364594335   0.0240340135089254
 122.9512514513184154 110.4903973242416782  98.3885911626099746   0.0240340135089254
 120.8083020154517150 109.4982911039330236  95.0551142623728942   0.0017340135089254
 120.5399609044348916 110.4053596482152187  93.2220799124692822   0.0439340135089254
 121.2070342297090965 107.5102992110478674  94.6885073923921664   0.0439340135089254
 117.8697778772041689 109.6249027549057479  96.8390157327945475  -0.2737659864910745
 115.7022620015964826 110.4847281458399143  94.3200107962775218  -0.0536659864910745
 116.1954805225499344 112.3517775661541102  93.6056943176552884   0.0683340135089254
 115.8232044741674427 109.1222356032826847  92.7779942709977755   0.0683340135089254
 113.7709618927289660 110.5433096559914708  95.0286580964979912   0.0683340135089254
 121.3563225942888631 115.1655797795628489  96.2305239176719127   0.5972340140577036
 119.8426519610179502 115.7022620015964826  94.5373293016784695  -0.5679659881374090
 121.1238862798165671 116.1331195601305309  98.5643356930646578  -0.3662059863813188
 122.3786644327402812 115.4906126745973122  99.9532844014967768   0.3114040134540477
 117.2027045519299641 117.5315168992322610  98.4811877431721150   0.2245840137833145
 119.6631279782954333 120.7553896837019226  98.4792980170381981   0.8098440138930701
 118.2987457096042870 121.3374253329496678  96.7350807954288792  -0.6015459862715633
 122.0044986582238591 121.6870246677251037  98.5265411703862267  -0.4157659864910745
 123.3159685951652128 120.8309787290587710  99.6320309587301608   0.2718340135089254
 122.6923589709712029 124.0132775385821544  97.1205849267488159  -0.0518659864910745
 121.4886034236633647 125.5231687195852471  97.8367911315049794   0.0921340135089254
 125.4948228275764272 124.5839748310263851  97.6837233146573524  -0.1102659864910745
 125.6554495489597219 124.7918447057577217  99.7284069915601482   0.0456340135089254
 126.6362174124648618 122.9531411774523189  97.1451513664897886   0.0456340135089254
 126.6116509727238757 126.9650297597671453  96.4176068049301104   0.3530340135089254
 125.1679002064080472 128.4295675135561263  96.2909951539573861  -0.0361659864910746
 128.7980641096707575 127.9703640630132447  98.0257637448970940  -0.4121659864910745
 129.5482853848375049 129.6956840232833682  97.1867253414360665   0.0999340135089254
 128.1291010582626359 128.4125599783508344  99.9192693310861930   0.0999340135089254
 130.2947272077363920 126.5625180932419304  98.1542651220037484   0.0999340135089254
 127.7284791178713242 126.4472447990727206  93.7927772049134995  -0.4121659864910745
 128.5788558781358929 128.1706750332089138  93.0520045604163631   0.0999340135089254
 129.1646709796514853 124.9751481407480722  93.9023813206809317   0.0999340135089254
 126.2658310902162736 125.8614296975571281  92.4737483634364649   0.0999340135089254
 122.0933157865181525 123.9169015057521670  94.2387525725189094   0.5972340140577036
 121.3997862953690714 125.8463118884857666  93.1351525103088923  -0.5679659881374090
 122.1367794875983607 121.6964732983947013  93.0123203116040153  -0.4157659864910745
 122.8076322651403859 120.1639054037845662  93.9439552956271964   0.2718340135089254
 121.1201068275487066 121.4035657476369052  90.4271749603997387  -0.0249659864910746
 121.9156815299295659 122.9323541899791932  89.3084570891183599   0.0842340135089254
 122.0271753718309151 118.9280245122000609  89.2120810562883859   0.2116340135089254
 122.0271753718309151 119.1850272664133564  87.1673973793855898   0.0351340135089254
 123.9584754806984449 118.5198436672730818  89.8035653362057288   0.0351340135089254
 120.4398054193370705 116.8474360387527642  89.7638810873933810  -0.6546659875886308
 120.3963417182568755 116.5469695834592873  91.5912462588952426   0.4274340135089254
 118.2080388551760635 121.6492301450466592  90.2287537163380132   0.5972340140577036
 117.2612860620815207 122.9021185718364698  88.5072132083357501  -0.5679659881374090
 116.7661778149941517 120.5853143316490033  92.0088757344918328  -0.4157659864910745
 117.6732463592763602 119.7821807247324767  93.4942004757539392   0.2718340135089254
 114.0487516344153872 121.0634150435310670  92.3301291772584488  -0.0581659864910746
 113.0849913061155523 120.5890937839168505  90.5840222295152130   0.1359340135089254
 113.0264097959639958 119.2738443947076496  94.3785923064290783  -0.0074659864910746
 114.4777194668155186 118.7768464214863639  95.7354156705845440   0.0366340135089255
 111.5089597104252358 120.2262663662039698  95.4009341448804831   0.0366340135089255
 111.9492658996288818 116.8927894659668760  93.2731025180851444   0.1867340135089255
 111.8491104145310606 116.4033503972812712  90.6898468930147982  -0.5432659864910745
 109.7987575592265006 114.9860557968403323  90.3685934502481822   0.1634340135089254
 108.7972027082482350 114.9142462037513309  88.6073686934335847   0.1434340135089255
 108.8236588741231380 114.2717393182180989  92.5852422053378141  -0.2795659864910745
 107.0340882252997074 113.5460844827923374  92.7628764619264140   0.3338340135089254
 110.1181212758591865 115.5208482927400488  94.4428429949823990  -0.2207659864910745
 109.4567171289867455 115.8061969389621509  96.3306794027697340   0.1861340135089254
 113.4497084499623500 123.8375330081274713  92.9027161958365829   0.5972340140577036
 111.7036015022191142 124.8920001908555429  91.7783291461534403  -0.5679659881374090
 114.9142462037513309 125.0998700655868795  94.5297703971427887  -0.4157659864910745
 116.3183127212548116 124.1587864508940874  95.4368389414249837   0.2718340135089254
 114.4266968611996429 127.7757222712193663  95.1307033077297428  -0.0389659864910746
 112.4538227773858618 127.9250106357991329  95.7089595047096409   0.1006340135089254
 115.9876106478185979 128.7602695869923401  97.3832568593638754   0.3653340135089254
 115.1485722443575571 130.5309429744765485  98.0144253880935660   0.0042340135089254
 116.0178462659613347 126.9064482496156022  99.5999056144535073  -0.2438659864910745
 117.1252257804391854 127.6793462383893787 101.1419221397332401   0.0641340135089254
 114.1035536922991099 126.5285030228313465 100.2386330477188787   0.0641340135089254
 116.8908997398329591 125.1395543143992273  99.0537747617502626   0.0641340135089254
 118.5406306547462074 129.2194730375351948  96.8068903885178940  -0.6761659848447401
 118.6577936750493205 130.7482614798774828  95.8280122511466844   0.4101340135089254
 114.7479503039662589 129.4424607213379199  92.7874429016673867   0.5972340140577036
 113.1208961026600531 131.0354998522335150  92.2696579409729620  -0.5679659881374090
 116.6943682219051504 128.8887709640989810  91.2208599366466677  -0.4157659864910745
 117.9302491134896423 127.5470654090149039  91.7027401007965917   0.2718340135089254
 117.1214463281713516 130.3400806349505038  88.9550783020750903  -0.0875659864910746
 117.0496367350823369 132.3299622539695767  89.3727077776716804   0.0968340135089254
 119.7991882599377686 129.8015086867829534  87.9138392022844770   0.2984340135089255
 120.1223314288383015 127.7662736405497686  87.8873830364095874  -0.0297659864910745
 120.2394944491414146 130.8162916206986504  85.2304280921162961  -0.3192659864910745
 119.8010779860716855 132.8288499533248063  85.1548390467594475   0.0790340135089254
 122.2048096284195284 130.5309429744765485  84.6861869655469818   0.0790340135089254
 119.0546361631727851 129.8109573174525510  83.8792739063626080   0.0790340135089254
 121.7928493312246887 131.0468382090370429  89.6183721750814480  -0.3192659864910745
 121.5774205519576579 130.4118902280395051  91.5647900930203396   0.0790340135089254
 123.6806857390120105 130.5309429744765485  88.9796447418160630   0.0790340135089254
 121.5925383610290196 133.0971910643416163  89.5654598433316554   0.0790340135089254
 115.1202263523487372 129.8544210185327326  87.0086603841361988   0.5972340140577036
 114.2301653432718342 131.6345430366865657  85.8124637413640413  -0.5679659881374090
 114.3681153510480863 127.4525791023188200  86.6137076221466645  -0.4157659864910745
 115.1183366262148205 126.0050488837351576  87.6077035685892359   0.2718340135089254
 112.5218529182070159 126.8818818098746161  84.6956355962165928  -0.0597659864910745
 112.9640488335445922 127.7303688440052544  82.8720498769825783   0.0868340135089254
 112.0588700153963141 124.0756385010015582  84.3554848921107680   0.1302340135089254
 113.8144255938091608 123.1629007783175858  83.7828978735326204   0.0186340135089254
 111.1291247575070633 122.9077877502382339  86.8555925672885850  -0.3204659864910745
 109.3735691790942163 123.8186357467882760  87.4281795858667192   0.0881340135089254
 110.8022021363386831 120.8914499653442444  86.5929206346735255   0.0881340135089254
 112.5539782624836828 123.1855774919246415  88.3163508688097053   0.0881340135089254
 110.3070938892513143 123.5861994323159532  82.0802546268695796  -0.0430659864910745
 109.8195445466996263 121.5849794564933522  82.0972621620748714   0.0235340135089254
 110.0746575747790049 128.1517777718696917  85.3494808385533393   0.5972340140577036
 109.3093184905408958 128.0780784526467600  87.7834480990439191  -0.4157659864910745
 110.3467781380636621 127.1691201822306482  89.1043666666548704   0.2718340135089254
 107.0133012378265683 129.2931723567581263  88.5639049923533899  -0.0518659864910745
 105.4693949864129052 128.5410613554574754  87.4281795858667192   0.0921340135089254
 106.3802429829629473 128.8963298686346753  91.3720380273603647  -0.1102659864910745
 106.0911148844729982 126.8592050962675601  91.4532962511189904   0.0456340135089254
 107.9392670434479855 129.4178942815969336  92.6135880973466338   0.0456340135089254
 103.9538346270080619 130.2569326850579744  92.2375325966963084   0.3530340135089254
 104.1446969665341067 132.2581526608805754  91.7915572290908851  -0.0361659864910746
 101.5860077812047332 129.1986860500620692  90.9355112904245657  -0.4121659864910745
 101.3932557155447715 127.1974660742394681  91.3814866580299757   0.0999340135089254
 103.7327366693392806 130.2493737805222803  95.1325930338636595  -0.4121659864910745
 105.3579011445115561 131.2150238349560585  95.9489547237176445   0.0999340135089254
 102.0055269829352535 131.2206930133577958  95.6919519695043489   0.0999340135089254
 103.6779346114555577 128.3067353148512492  95.8128944420753092   0.0999340135089254
 107.2929807056469197 132.0710697736223645  88.1217090770158135   0.5972340140577036
 109.5530931618167331 133.1463239438235617  88.5865817059604456  -0.4157659864910745
 111.0516459860162844 132.1296512837739344  89.1931837949491637   0.2718340135089254
 113.9164708050408990 135.7276898427599912  87.8250220739901836   0.0186340135089254
 113.1397933639992752 136.4438960475161549  91.6498277690467991  -0.0430659864910745
 111.9965090529769103 137.7818221503323982  92.7213024869801493   0.0235340135089254
 112.6087803203674057 134.5220445693182493  92.1657230036072937   0.0235340135089254
 115.9384777683366391 136.8653049753805920  92.2545401319016003  -0.0660659864910746
 116.4713805381024387 138.7871564535784974  91.7405346234750092   0.0185340135089254
 116.2559517588354213 136.5818460552923934  94.2689881906616461   0.0185340135089254
 117.0817620793590038 135.5273788725643487  91.1849551401021670   0.0185340135089254
 125.0923111610511854 108.6346862607310102 114.8707825026711359  -0.8340659864910746
 124.1682350815636849 109.3811280836298971 113.4591570806319610   0.4169340135089254
 124.0151672647160847 109.0731027238007393 116.2842976508442278   0.4169340135089254
 141.4460011240056922  86.2149754078892698 118.4990566797999427  -0.8340659864910746
 141.3893093399880525  87.4735330130808309 117.0912107100286150   0.4169340135089254
 139.7225708898695258  86.0449000558363641 119.2606163117702048   0.4169340135089254
 132.6001930911203171  78.1496242683133655 124.6784611377224424  -0.8340659864910746
 133.0782938030023940  78.9773243149708783 126.3092947912964818   0.4169340135089254
 130.8106224422968864  78.5785921007134968 124.2532727575901445   0.4169340135089254
 106.4010299704360863 119.8124163428752134  91.2662133638607795  -0.8340659864910746
 106.1515861207584851 121.0331794253883436  92.6872874165695654   0.4169340135089254
 105.1689285311194282 118.3894525640325105  91.4343989897797683   0.4169340135089254
 109.0617643669972114 116.3126435428530477 115.2638455385267533  -0.8340659864910746
 107.5858882564047160 116.7945237070029717 114.2944160318251547   0.4169340135089254
 108.9672780603011407 117.4597073061432463 116.6924784957712203   0.4169340135089254
 106.8035416369613149 121.2996308102712235 104.1012332654539253  -0.8340659864910746
 106.6523635462476179 120.1941410219273028 102.5762242753794708   0.4169340135089254
 108.5798842028472873 121.2504979307892779 104.7418504248532270   0.4169340135089254
 116.1066633942556413 113.6481296940240890  88.9607474804768543  -0.8340659864910746
 114.6421256404666603 114.6251181052613685  89.5125475115818628   0.4169340135089254
 117.4332511402683567 114.9161359298852477  89.0174392644944939   0.4169340135089254
 104.2467421777658581  94.4617402563216211  99.3523514909098227  -0.8340659864910746
 105.3163271695652913  95.1477108429350346  97.9558438779420094   0.4169340135089254
 104.9629483825220084  95.0003122044891715 101.0172002148944462   0.4169340135089254
 127.8966647437903398 103.8177743453657401 106.5805539531586032  -0.8340659864910746
 129.6956840232833682 104.2618599868372332 106.6939375211938826   0.4169340135089254
 127.9231209096652294 102.5762242753794708 105.2350689458066790   0.4169340135089254
 136.0130384889820930  92.1487154684020017 116.6414558901553444  -0.8340659864910746
 137.0599467671744705  91.6460483167789521 118.0700888473998114   0.4169340135089254
 136.6725529097206171  90.9695263608351496 115.3432140361514489   0.4169340135089254
 135.8448528630631043 101.4159324291518275 120.3283115774357079  -0.8340659864910746
 137.1997865010846394 100.7772049958864424 121.4791547929937670   0.4169340135089254
 136.5799563291584901 102.6726003082094583 119.1264457562617999   0.4169340135089254
 146.1703164588088219 116.5923230106733990 109.0617643669972114  -0.8340659864910746
 144.3542896441105017 116.1028839419877942 109.2337294451840472   0.4169340135089254
 146.9318760907790973 115.6795852879894400 107.5915574348064799   0.4169340135089254
 134.0420541313022423  87.1541692964481316 111.7659624646385180  -0.8340659864910746
 133.2464794289213829  86.2055267772196721 113.1927056957490678   0.4169340135089254
 135.6332035360639339  87.9762001647038805 112.3650056490915550   0.4169340135089254
 141.8768586825397540 113.1889262434812208 114.0430824560136231  -0.8340659864910746
 141.9146532052181715 111.7961980827812546 115.3205373225443931   0.4169340135089254
 142.3795258341627902 114.8140907186534963 114.8670030504032889   0.4169340135089254
 129.0267209718752466  74.1604123996056083 107.9619437570550413  -0.8340659864910746
 130.2871683032006978  75.2923583538244451 107.1266848058618478   0.4169340135089254
 128.9492422003844545  74.5572548877290727 109.8082061898960984   0.4169340135089254
$end
