$point_charges
 205.0579622440628846 236.4727694943697667 219.6542069024706410   0.3530415197802020
 204.6289944116627530 234.9704372179023682 220.9959124575547182  -0.0361584802197980
 205.3111855460083329 233.8876241431655036 216.5078128894917450   0.0999415197802020
 207.9171178846857485 236.8960681483681341 219.5729486787120151  -0.4121584802197980
 208.8525323209767498 235.1178358563482313 219.1307527633744524   0.0999415197802020
 208.4027775011034928 238.2906860352020172 218.1348670907979508   0.0999415197802020
 208.6238754587722876 237.5329058554996022 221.3946446718120995   0.0999415197802020
 205.4302382924453763 239.1146066295916963 224.8585126752897511   0.5972415203289801
 205.9706999667468568 237.2324394002061118 226.1076216498117011  -0.5679584818661324
 206.7832822043329813 241.2443279825209384 224.9397708990483771  -0.4157584802197979
 209.0320563036992667 241.5466841639483323 226.5101333163369430   0.0212415197802020
 210.3945488462564961 240.1010436714985735 225.9772305465711298   0.1123415197802020
 210.1753406147216316 244.1563959548935815 225.9526641068301705  -0.1231584802197980
 210.7876118821121134 244.2319850002504165 223.9816797491502927   0.1111415197802020
 212.8549722726219787 244.8064617449624810 227.9935683314651193  -0.3119584802197979
 214.4366730467140459 243.0716931540227597 227.0411463599687991   0.1932415197802020
 208.4216747624427150 241.1139368792803670 229.3201560774778348   0.5972415203289801
 209.5970844177417335 239.5208977483847450 230.5333602554552707  -0.5679584818661324
 206.4393520479593093 242.3309205095256367 230.3179314761882667  -0.4157584802197979
 207.2311472980723348 242.4216273639538602 234.1786419677893694   0.0921415197802020
 204.8444231909297839 239.2657847203053932 233.5909371401398736   0.5972415203289801
 205.3622081516242086 238.3870620680320047 235.6847536965246016  -0.5679584818661324
 203.6463368220237096 237.9108510822838581 231.8221534787895687  -0.4157584802197979
 203.0170580194279357 235.2161016153121491 232.1358480170204904  -0.0875584802197980
 202.0835333092708377 234.8872892680098388 228.1636436835180384  -0.0297584802197980
 202.8583210241785445 230.5125732679821451 229.4051937535042943   0.0790415197802020
 205.4018924004365564 233.6041652230773050 232.3909610450998691   0.5972415203289801
 205.5266143252753637 232.0356925319226692 234.1011631962986041  -0.5679584818661324
 207.3086260695631003 233.9972282589329224 230.7809143789989551  -0.4157584802197979
 207.1309918129744869 235.3559413492223182 229.4392088239148782   0.2718415197802020
 209.7085782596430826 232.6158384550364976 230.9585486355875684  -0.0518584802197980
 209.3117357715196314 230.5976109440086046 231.0360274070783337   0.0921415197802020
 211.3507502700206499 233.1733076645432702 228.6190676817930596  -0.1102584802197980
 211.5491715140823889 235.2179913414460526 228.4527717820079741   0.0456415197802020
 213.2329174994062077 232.3852918666981051 228.9252033154882871   0.0456415197802020
 210.3095111702300365 232.1245096602169623 226.1114011020795617   0.3530415197802020
 208.3555343477554776 232.7235528446700130 225.8619572524019470  -0.0361584802197980
 211.8553071477776166 233.1430720464005199 223.8947523469899299  -0.4121584802197980
 211.1523290259589111 232.3645048792249795 222.1240789595057214   0.0999415197802020
 211.7022393309300162 235.1934249017050933 223.8342811107044296   0.0999415197802020
 213.8376298622610223 232.6158384550364976 224.1196297569265585   0.0999415197802020
 210.4058872030600240 229.2370081275853055 225.9885689033746579  -0.4121584802197980
 209.6688940108307348 228.5888320636503093 224.1801009932120317   0.0999415197802020
 212.3579742994006796 228.6001704204538374 226.1699826122311048   0.0999415197802020
 209.2777207011090476 228.4111978070617228 227.4946806321099168   0.0999415197802020
 211.1220934078161877 233.2318891746948401 233.4189720619530242   0.5972415203289801
 211.9800290726164239 231.4990103098890491 234.7115447375551558  -0.5679584818661324
 211.1920132747712589 235.6375105431765864 234.1880905984589940  -0.4157584802197979
 210.5816317335147072 237.0075619902694832 232.9918939556868230   0.2718415197802020
 212.3315181335257900 236.3971804490129315 236.5899325146728798   0.0212415197802020
 214.3176203002770293 235.8321523349704648 236.5767044317354484   0.1123415197802020
 212.2011270302852187 239.2809025293767549 236.8790606131628423  -0.1231584802197980
 210.2377015771410352 239.9026224274368345 236.7807948541989513   0.1111415197802020
 212.9910325542642871 239.8043566684729436 238.7120949630664545   0.1111415197802020
 214.0228230233853029 240.8096909717190429 234.4054091038599283  -0.3119584802197979
 213.7884969827790767 243.1926356265937603 235.2047632585086212   0.1932415197802020
 211.0824091590038399 235.0649235245984522 238.8500449708427201   0.5972415203289801
 212.4052174527487217 233.9310878442456850 240.3863923177206754  -0.5679584818661324
 208.5539555918171898 235.0932694166072721 239.0654737501097241  -0.4157584802197979
 207.5108267658926729 236.0060071392912177 237.7369962779631052   0.2718415197802020
 207.2783904514203500 233.8158145500765022 241.1781875678337010  -0.0518584802197980
 208.2459302319880319 234.4129680083956225 242.8978383497020338   0.0921415197802020
 207.5826363589816742 230.9283130174448184 241.0610245475305611   0.5972415203289801
 207.7829473291773165 229.7226677440030499 243.0357883574782994  -0.5679584818661324
 207.7073582838204816 229.8077054200295094 238.7990223652268442  -0.4157584802197979
 207.5070473136248391 230.8659520550254146 237.2135421388669165   0.2718415197802020
 208.2440405058541016 227.1148456791917308 238.5042250883351177   0.0336415197802020
 206.8569815235559128 226.0452606873922975 239.5927073414737732   0.0822415197802020
 207.9643610380337637 226.3854113914981357 235.7149893146673517  -0.1825584802197980
 208.2610480410593934 224.3577352498006183 235.5014502615342512   0.0602415197802020
 206.0746349041125118 226.8654018295141429 235.0498057155270638   0.0602415197802020
 209.3589789248676467 227.3812970640746373 234.5717050036449869   0.0602415197802020
 210.8688701058707394 226.4383237232479149 239.5530230926614254   0.5972415203289801
 211.1296523123518551 224.5334797802553013 240.8644930296027523  -0.5679584818661324
 212.7699345965955191 228.0521498416166893 239.1429525216005162  -0.4157584802197979
 212.4883654026412509 229.5507026658162273 237.9788812231050256   0.2718415197802020
 215.2511450104341274 227.7365655772518372 240.3108032723638404  -0.0024584802197980
 215.8653060039585127 225.8014860161164736 239.9630936637223348   0.0977415197802020
 217.1578786795606713 229.4921211556646573 239.0087819660920842  -0.0343584802197980
 217.1654375840963385 229.1028375720769004 236.9867750027963578   0.0294415197802020
 216.5588354951076207 231.4479877042731734 239.2620052680375328   0.0294415197802020
 219.8223925283896298 229.1727574390319714 240.0160059954721140   0.0117415197802020
 221.0110302666260797 226.7898127841572811 239.9007327013029310  -0.1256584802197980
 220.0888439132725097 225.2364579020740068 239.0012230615564170   0.1329415197802020
 223.3656290294919771 226.4156470096408591 241.0723629043340890  -0.1704584802197980
 224.2197852420243795 224.5882818381390108 241.0666937259323251   0.1429415197802020
 224.5467078631927595 228.4414334252044462 242.3195821527221088  -0.1072584802197980
 226.2965942632038425 228.1523053267145105 243.2738938503523860   0.1296415197802020
 223.4166516351078530 230.8451650675522892 242.3592664015344835  -0.1704584802197980
 224.3237201793900344 232.3796226882963412 243.3079089207629162   0.1429415197802020
 221.0469350631705938 231.2079924852651563 241.2159820905121185  -0.1256584802197980
 220.1549843279597739 233.0164603954278093 241.3142478494760094   0.1329415197802020
 215.1944532264164878 228.0786060074915789 243.2020842572633578   0.5972415203289801
 216.3963190475903958 226.6216271582382922 244.5570178952848663  -0.5679584818661324
 213.6713339624759368 229.8379410381722595 244.2036391082416236  -0.4157584802197979
 212.7869421318008112 231.0492554900157919 243.0093321916033830   0.2718415197802020
 213.2499250346114995 230.0722670787784856 246.9607495376327359  -0.0875584802197980
 215.0810696583812083 230.3481670943309899 247.8640386296470571   0.0968415197802020
 211.5680687754215842 232.3645048792249795 247.6297125890408308   0.2984415197802021
 209.7501522345893605 232.1812014442346022 246.6867392482141352  -0.0297584802197980
 211.0805194328699098 232.5799336584919835 250.4831990512619578  -0.3192584802197979
 212.8700900816933404 232.6385151686435534 251.5036511635794187   0.0790415197802020
 212.7699345965955191 234.8721714589384773 246.8171303514547333  -0.3192584802197979
 211.4792516471272911 236.4293057932895851 247.1988550305068228   0.0790415197802020
 214.5292696272761997 235.1726379142319409 247.8508105467096526   0.0790415197802020
 213.1989024289956239 234.8570536498671156 244.8121309233642718   0.0790415197802020
 212.1368763417318848 227.6326306398861555 248.0719085043784205   0.5972415203289801
 212.9607969361215639 226.7935922364251148 250.0769079324688822  -0.5679584818661324
 210.3435262406406204 226.4213161880426230 246.7623282935709703  -0.4157584802197979
 209.7142474380448465 227.2263395210930799 245.1409432706665821   0.2718415197802020
 209.3060665931178675 223.9495544048736392 247.5295571039430097  -0.0875584802197980
 208.7145823132005111 224.0742763297124465 249.4986517354889572   0.0968415197802020
 206.9628061870554979 223.2522454614566978 245.9365179730474146   0.2984415197802021
 207.4238993637322830 223.3958646476347005 243.9371877233587437  -0.0297584802197980
 207.3955534717234631 219.1779959167224676 245.8250241311460655   0.0790415197802020
 211.3129557473422324 221.8651864791585090 247.4123940836399235   0.5972415203289801
 211.4603543857880957 220.3250596800126662 249.1452729484457145  -0.5679584818661324
 212.9041051521039242 221.8425097655514532 245.4527480827635735  -0.4157584802197979
 212.6697791114976981 223.1294132627518206 244.0543507436618300   0.2718415197802020
 214.9846936255512208 220.0397110337905641 245.2278706728269451   0.0336415197802020
 214.2155750890452780 218.1367568169318809 245.4073946555494618   0.0822415197802020
 216.1393162933771137 220.2948240618699428 242.5841438114711119  -0.1825584802197980
 217.3695280065598415 218.6847773957690290 242.2364342028296063   0.0602415197802020
 214.6521018259810767 220.2929343357360126 241.1574005803605486   0.0602415197802020
 217.2277985465157423 222.0390412834792619 242.4405246252931092   0.0602415197802020
 216.9707957923024602 220.3571850242893466 247.3405844905508953   0.5972415203289801
 218.0139246182269770 218.4863561517072900 248.2268660473599511  -0.5679584818661324
 217.4148814337739532 222.6683200860750357 248.2684400223062024  -0.4157584802197979
 216.6438731711340802 224.1801009932120317 247.3764892870954093   0.2718415197802020
 218.9682363158572276 223.0746112048681113 250.5304422046099460  -0.0518584802197980
 220.6708795625202683 221.9256577154439824 250.3792641138962759   0.0921415197802020
 219.7657007443719902 225.8657367046697807 250.7761066020197539  -0.1102584802197980
 218.0857342113160052 227.0543744429062573 250.9253949665994937   0.0456415197802020
 220.8069398441626036 226.0377017828566301 252.5486697156378658   0.0456415197802020
 221.4475570035619055 226.8937477215229360 248.6312674400190965   0.3530415197802020
 220.2986035141377766 227.3926354208781654 247.0061029648468479  -0.0361584802197980
 222.8289468074583302 229.2710231979958892 249.5251079013638736  -0.4121584802197980
 223.9023112515255973 230.0798259833141799 247.9679735670127388   0.0999415197802020
 221.4551159080975729 230.6637513586958420 250.1695045130309821   0.0999415197802020
 224.1120708523908642 228.8118197474530076 251.0727936050453570   0.0999415197802020
 223.4336591703131448 224.9718962433250306 247.8073468456294173  -0.4121584802197980
 224.8868585672985710 225.8959723228125309 246.6980776050176630   0.0999415197802020
 224.2726975737741855 224.1120708523908642 249.4740852957479709   0.0999415197802020
 222.5435981612362284 223.5186968463396043 246.6508344516696212   0.0999415197802020
 217.6605458311837075 222.1486453992466807 252.9379532992256226   0.5972415203289801
 218.8227274035452946 220.8258371055017989 254.4554033847643827  -0.5679584818661324
 215.2416963797645028 222.7892625586459824 253.2743245510636003  -0.4157584802197979
 214.4158860592409203 223.9023112515255973 251.9496265311848152   0.2718415197802020
 213.6883414976812287 217.7512526856119310 253.6825053959906062  -0.4157584802197979
 213.9415647996266772 218.6450931469566812 252.0100977674703155   0.2718415197802020
 213.8659757542698420 214.0492791892601925 250.9499614063404798  -0.0074584802197980
 212.1463249724015092 214.6048586726330349 249.9578551860318119   0.0366415197802020
 215.4590148851654640 214.9563477335424009 250.0202161484512424   0.0366415197802020
 218.2123458622887160 216.7893820834460132 254.4232780404877292   0.2718415197802020
 222.6891070735481612 215.7538121620571636 255.7819911307771518  -0.1102584802197980
 222.3565152739780172 217.6529869266480400 256.5114254184707469   0.0456415197802020
 224.3482866191310207 214.9922525300869151 256.7400822806751823   0.0456415197802020
 223.2673632705280593 215.9182183357083187 252.9341738469578158   0.3530415197802020
 221.6781035919002980 216.7742642743746515 251.9420676266491478  -0.0361584802197980
 225.5898366891172764 217.5830670596929422 252.5486697156378658  -0.4121584802197980
 226.0603784964636860 217.6151924039695957 250.5474497398152648   0.0999415197802020
 225.1438613215118798 219.4916904549534162 253.1779485182336397   0.0999415197802020
 227.1847655461468286 216.8422944151958192 253.6201444335712294   0.0999415197802020
 223.8418400152401239 213.3444113413075837 251.7436463825874358  -0.4121584802197980
 224.4503318303627721 213.5900757387173377 249.7934490123806836   0.0999415197802020
 225.3063777690291048 212.3712023823381378 252.8151211005207455   0.0999415197802020
 222.1278584117735550 212.1992373041512884 251.7077415860429216   0.0999415197802020
 223.7813687789546504 199.1884728721034864 250.8441367428409216  -0.5579584818661324
 225.4915709301533854 199.7383831770745647 250.5890237147615159   0.3991415197802020
 224.5788332074694130 204.0979813680308969 250.8724826348497145   0.1655415197802020
 256.3035555437393835 221.0148097188939403 248.2230865950921443   0.0135415197802020
 255.4002664517250087 222.4358837716027128 249.4136140594625245  -0.0425584802197980
 256.0049788145798501 221.4891309785081566 246.2426536067426689  -0.0425584802197980
 255.1224767100386011 218.4655691642341643 248.7654379955275014   0.8053415186826456
 253.2970012646706563 218.3937595711451630 250.2583216413253292  -0.8188584780246854
 256.0635603247313664 216.5248204246970368 247.7960084888258894  -0.8188584780246854
 257.5016419126454846 226.5233613992743744 246.1311597648413198  -0.5819584818661324
 258.0043090642685208 231.0322479548105001 240.2352142270069784  -0.0024584802197980
 259.1173577571481357 232.1660836351632405 238.9218545639317214   0.0977415197802020
 258.1309207152412584 228.2826964299550818 239.3319251349926306  -0.0343584802197980
 256.9819672258171296 227.1035073223882029 240.5734752049788865   0.0294415197802020
 257.3088898469855095 228.1674231357858722 237.4440887272053090   0.0294415197802020
 260.7897653856684264 227.2301189733609404 239.2298799237608792   0.0117415197802020
 262.3525688984212983 227.6666457102967394 237.1247250105725963  -0.1256584802197980
 261.6628188595400778 228.7815841293102844 235.5600317716858211   0.1329415197802020
 255.2793239791540620 232.0016774615120853 240.0745875056236839   0.5972415203289801
 254.6216992845494950 233.3112576723195089 238.2642298693271276  -0.5679584818661324
 253.6862848482584667 231.4744438701480630 241.9718725440806032  -0.4157584802197979
 254.3344609121934360 230.3878513431433377 243.4099541319946676   0.2718415197802020
 250.9631894892779380 232.0753767807350170 241.9000629509916287  -0.0024584802197980
 250.1638353346292450 231.1513007012475167 240.2408834054087425   0.0977415197802020
 249.6498298262026810 230.9831150753285277 244.2489925354557354  -0.0343584802197980
 250.5739059056901813 231.7125493630221496 245.9421871514491517   0.0294415197802020
 247.6977427298619985 231.6464089483348854 244.2886767842680563   0.0294415197802020
 249.5874688637832504 228.1164005301699964 244.3378096637500285   0.0117415197802020
 248.0189961726286413 226.7671360705502252 242.6672917613636145  -0.1256584802197980
 246.8776015877401799 227.7762498260641850 241.3255862062795373   0.1329415197802020
 247.9396276750039457 224.1120708523908642 242.7220938192473776  -0.1704584802197980
 246.7755563765084285 223.0935084662073066 241.3898368948328712   0.1429415197802020
 249.3739298106501498 222.7892625586459824 244.5173336464725454  -0.1072584802197980
 249.3134585743647032 220.7483583340110336 244.6061507747668385   0.1296415197802020
 250.8762620871175751 224.1347475659979200 246.2369844283408782  -0.1704584802197980
 251.8759272119619104 223.1218543582161265 247.6845146469245403   0.1429415197802020
 251.0312196300991057 226.7822538796215869 246.1217111341716684  -0.1256584802197980
 252.2066292853980973 227.7838087305998524 247.4482988801843838   0.1329415197802020
 250.3565874002892201 234.9099659816168948 241.6090451263677359   0.5972415203289801
 248.2079687860207558 235.5902673898285443 241.0364581077896017  -0.5679584818661324
 252.2293059990051531 236.5767044317354484 241.9151807600629634  -0.4157584802197979
 253.9546259592752769 235.8718365837828125 242.3233616049899693   0.2718415197802020
 251.9855313277293294 239.3186970520551724 241.5995964956981383  -0.0581584802197980
 250.1317099903525915 239.8780559876958752 242.2421033812313436   0.1359415197802020
 252.1215916093716646 240.2030888827303249 238.8273682572356641   0.5972415203289801
 250.9990942858224521 242.1306095393299944 238.1489565751579179  -0.5679584818661324
 253.3707005838936148 238.7933531868250802 237.1379530935100545  -0.4157584802197979
 254.1946211782832938 237.1568503548492769 237.7180990166238830   0.2718415197802020
 253.4614074383218382 239.4264114416886879 234.4205269129312900  -0.0581584802197980
 253.9848615774180001 241.4030649777703295 234.1880905984589940   0.1359415197802020
 255.4739657709479671 237.8106955971860100 233.0920494407846442  -0.0074584802197980
 254.9391732750482236 235.8245934304347975 233.2451172576322715   0.0366415197802020
 255.4909733061532321 238.2982449397377115 231.0908294649620432   0.0366415197802020
 258.1403693459108562 238.0828161604706805 234.0728173042897844   0.1867415197802020
 260.0527721934391638 236.3215914036560697 233.6495186502914168  -0.5432584802197979
 250.8951593484567704 239.0787018330471823 233.1033877975881721   0.5972415203289801
 250.2715497242627337 240.4808786244167595 231.3535013975771161  -0.5679584818661324
 249.3644811799805521 237.2645647444827922 233.9669926407901992  -0.4157584802197979
 249.9918702564423956 236.1685235868084425 235.3994050503024996   0.2718415197802020
 246.9135063842846941 236.6674112861636719 232.8255980559017645  -0.0252584802197980
 247.1894063998371713 236.0683681017106212 230.8716212334271786   0.0697415197802020
 246.0310042797434449 235.1178358563482313 233.8592782511566836   0.0697415197802020
 245.1201562831934028 238.9331929207352493 232.8426055911070564   0.5972415203289801
 244.5929226918293803 240.0594696965523222 230.8810698640968032  -0.5679584818661324
 244.2546617138574725 239.7212087185804143 235.0724824291341196  -0.4157584802197979
 244.8140206494982021 238.8254785311017338 236.6617421077619079   0.2718415197802020
 242.4159581855521231 241.7847896568224189 235.2898009345350808  -0.0275584802197980
 240.8059115194512091 241.3369245630830652 234.0860453872272426   0.1122415197802020
 241.4370800481809133 241.9189602123308240 237.9977784844442209  -0.0050584802197980
 240.1766327168554353 243.5403452352352659 238.1602949319614459   0.0338415197802020
 240.2937957371585486 240.2389936792748391 238.3435983669518232   0.0338415197802020
 243.3853876922537351 242.0852561121158825 240.0424621613470304  -0.1415584802197980
 244.2716692490627911 240.0972642192307397 241.3596012766901212  -0.1638584802197980
 243.7444356576987688 238.1735230148989041 241.0855909872715472   0.2061415197802020
 245.8703775583601772 240.8682724818706129 243.2342096015400114  -0.3418584802197979
 246.6716214391427466 239.6531785777592466 244.4776493976602244   0.3411415197802020
 243.4156233103964585 244.3567069250892238 234.4016296515920947   0.5972415203289801
 241.9246293907325611 245.8911645458333027 233.4945611073098862  -0.5679584818661324
 245.8949439981011633 244.8385870892391346 234.5358002071004996  -0.4157584802197979
 247.0495666659270293 243.5214479738960706 235.2954701129368447   0.2718415197802020
 247.4199529881755907 245.2070836853538195 229.2011033310407914  -0.4157584802197979
 248.2665502961723257 243.7406562054309082 230.1081718753229998   0.2718415197802020
 247.0703536534001550 245.0672439514436236 226.4326545448461509  -0.0389584802197980
 247.8886050693880432 246.7585488413031633 225.5955058675190405   0.1006415197802020
 248.4328461959573844 242.7863445078006847 225.2685832463506603   0.3653415197802020
 248.0341139816999762 242.7693369725953658 223.2465762830549339   0.0042415197802020
 251.2976710149819854 242.9053972542377011 225.6011750459208045  -0.2438584802197979
 252.1480477752465810 241.1989745553068267 224.8150489742095695   0.0641415197802020
 252.0346642072113016 244.5419000862135315 224.5939510165407747   0.0641415197802020
 251.8060073450068125 243.0584650710853552 227.5891669388059741   0.0641415197802020
 247.5749105311571215 240.4903272550863572 226.2795867279985505  -0.6761584785734636
 248.1021441225211437 240.3788334131850081 228.0294731280096335   0.4101415197802020
 244.2773384274645282 245.0445672378365676 225.6578668299384441   0.5972415203289801
 243.5800294840475869 246.3541474486440181 223.8626270027132495  -0.5679584818661324
 242.6408355954887517 243.7501048361005060 227.0864997871829109  -0.4157584802197979
 243.3513726218431515 242.5803643592032514 228.4319847945348484   0.2718415197802020
 239.8950635229011671 243.7897890849128806 226.6688703115863074  -0.0237584802197980
 239.5038902131794532 243.1586205561831764 224.7470188333884020   0.0879415197802020
 238.5155634451386456 241.9567547350092683 228.4471026036062102   0.0341415197802020
 239.0635840239758206 242.3517074969988160 230.3897410692772680   0.0240415197802020
 236.4859975773072249 242.2817876300437182 228.2940347867586097   0.0240415197802020
 239.0257895012973763 239.1618497829397115 227.8612875020906177   0.0017415197802020
 241.0137813941825459 238.7668970209501638 228.2165560152678176   0.0439415197802020
 237.9259688913552196 238.0355730071226386 229.1859855219694296   0.0439415197802020
 238.3228113794786708 238.0601394468636247 224.6808784187011646  -0.2737584802197979
 235.0063420144468822 238.8387066140391920 224.3520660713988543  -0.0536584802197980
 234.3109227971638710 238.0979339695420422 222.5587159703075899   0.0683415197802020
 233.9424262010492129 237.9939990321763873 225.8959723228125309   0.0683415197802020
 234.7587878909031978 240.8833902909419746 224.3728530588720068   0.0683415197802020
 238.7706764732180245 246.4429645769383112 226.9334319703352838   0.5972415203289801
 237.2702339228845561 247.2347598270512833 225.3403928394396885  -0.5679584818661324
 239.5586922710631895 247.8791564387184455 228.8628423530688835  -0.4157584802197979
 240.7586683661031673 247.1157070806142667 230.1535253025371116   0.2718415197802020
 238.7895737345572198 250.5134346694046810 229.1878752481033600  -0.0518584802197980
 236.7297722485830756 250.5701264534223206 229.2313389491835414   0.0921415197802020
 243.0887006892280786 250.4831990512619578 226.8219381284339347   0.2718415197802020
 245.8892748196993725 250.4454045285835133 222.9744557197702632  -0.0297584802197980
 241.1914156507711324 252.6280382132625614 221.4116522070173913   0.5972415203289801
 240.5791443833806504 250.2375346538521498 220.8598521759123827  -0.4157584802197979
 241.2915711358689803 248.8372475886165296 221.9672316903902335   0.2718415197802020
 238.8953983980568318 249.5288873536316804 218.7471383581884326  -0.0875584802197980
 239.6569580300270804 250.3112339730751083 217.0010314104451834   0.0968415197802020
 238.7612278425483999 246.6300474641964955 218.4523410812967061   0.2984415197802021
 238.3908415202998383 245.7815604300658839 220.2929343357360126  -0.0297584802197980
 236.6787496429671998 245.7645528948605652 216.6268656359287882  -0.3192584802197979
 236.7826845803328548 243.7217589440917129 216.3679731555815759   0.0790415197802020
 234.8230385794565317 246.1973001795285572 217.4054328031043557   0.0790415197802020
 236.8922886961003005 246.7018570572855237 214.8032799166947737   0.0790415197802020
 241.2859019574672164 245.6114850780129648 217.4564554087202045  -0.3192584802197979
 241.2027540075746603 243.5554630443066006 217.3581896497563136   0.0790415197802020
 241.6714060887871397 246.3730447099832134 215.5799573577364108   0.0790415197802020
 242.8146903998094776 246.1292700387073895 218.7339102752509744   0.0790415197802020
 236.2611201673705963 250.6759511169218790 219.0759507054907429   0.5972415203289801
 235.3275954572134983 251.9571854357205363 217.3770869110955357  -0.5679584818661324
 235.0951591427411756 250.3660360309588177 221.2888200083125143  -0.4157584802197979
 235.9530948075414385 249.3002304914272450 222.6399741940662158   0.2718415197802020
 232.6252870857060952 251.4771949977045022 221.8651864791585090  -0.0024584802197980
 231.2287794727383088 250.7042970089307257 220.5669446251545866   0.0977415197802020
 231.8939630718785700 250.7345326270734489 224.5731640290676491  -0.0343584802197980
 231.2457870079436006 248.7843352568667506 224.6033996472103993   0.0294415197802020
 233.5777090572024154 250.8233497553677423 225.7580223150362653   0.0294415197802020
 229.9021917267255934 252.4315066953347259 225.7372353275631397   0.0117415197802020
 227.4379888480922771 252.5241032758968797 224.7394599288527346  -0.1256584802197980
 226.9183141612639221 251.3146785501873042 223.1861050467694604   0.1329415197802020
 229.0064615392469130 252.6847299972802011 213.8508579451984805   0.0559415197802020
 228.7154437146230470 252.5694567031109915 215.8898724436994990  -0.0173584802197980
 227.1696477370754403 252.4485142305400446 212.9437894009162720  -0.0173584802197980
 230.7053253336421201 250.4756401467262367 213.0212681724070373   0.0135415197802020
 232.0753767807350170 250.0806873847366890 214.5028134614013101  -0.0425584802197980
 229.5242464999413377 248.7956736136702785 212.8322955590149229  -0.0425584802197980
 232.0734870546011135 250.9480716802065496 210.5136015926935395   0.8053415186826456
 230.7147739643117177 251.2976710149819854 208.5917501144956341  -0.8188584780246854
 234.4224166390652201 250.9480716802065496 210.4701378916133581  -0.8188584780246854
 216.6930060506160256 242.0153362451607846 209.5177159201170378  -0.5679584818661324
 216.4397827486705772 245.9232898901099564 214.8845381404533996  -0.5679584818661324
 211.8931016704560609 244.5192233726064757 217.2013423806408527  -0.0252584802197980
 213.3992133991912930 242.2761184516419272 218.2085664100208822   0.5972415203289801
 214.1928983754382220 242.2950157129811764 220.3912000946999304  -0.5679584818661324
 213.8470784929306198 240.3939512222563696 216.5871813871164404  -0.4157584802197979
 213.1592181801833029 240.5470190391039969 214.8127285473643983   0.2718415197802020
 215.3153956989874345 238.1319490399526260 217.2259088203818120  -0.0875584802197980
 214.4990340091334497 237.2626750183488619 218.9058753534378238   0.0968415197802020
 215.3191751512552683 236.1496263254692472 215.0905182890508060   0.2984415197802021
 216.4605697361437297 236.8526044472879527 213.5258250501640038  -0.0297584802197980
 216.4322238441349098 233.6438494718896528 216.0259327253418342  -0.3192584802197979
 216.4775772713490215 232.2737980247967560 214.4914751045977822   0.0790415197802020
 218.3729725836720374 233.9084111306386292 216.6646601586072058   0.0790415197802020
 215.3153956989874345 232.8879590183211681 217.5811773335590119   0.0790415197802020
 212.6792277421672956 235.5732598546232525 214.0606175460637204  -0.3192584802197979
 212.8682003555594101 234.2258851211374114 212.5186010207839741   0.0790415197802020
 211.4962591823325829 234.7625673431710315 215.5346039305222991   0.0790415197802020
 211.7967256376260735 237.2740133751523900 213.3179551754326673   0.0790415197802020
 218.0517191409054213 238.8084709958964419 217.8589670752454465   0.5972415203289801
 218.9739054942589915 237.9599839617658034 219.8053849931843380  -0.5679584818661324
 219.2724822234185516 240.4411943756044117 216.3566347987780480  -0.4157584802197979
 218.3862006666094688 241.1025985224768391 214.8051696428287040   0.2718415197802020
 221.9313268938457463 241.1347238667534926 216.7496978346336654  -0.0518584802197980
 223.0878392878055427 239.4207422632869239 216.7043444074195536   0.0921415197802020
 222.8176084506548023 242.9431917769161456 214.6483223737132431  -0.1102584802197980
 221.5136974182491429 244.5381206339456710 214.5727333283563811   0.0456415197802020
 224.6714297880315669 243.6801849691454079 215.1661073344076678   0.0456415197802020
 223.0198091469843750 241.7658923954831968 211.9970366078217158   0.3530415197802020
 221.2510254856340968 240.8399265898617930 211.5019283607343468  -0.0361584802197980
 223.5262557508752718 243.8823856654749806 210.0846337602934079  -0.4121584802197980
 223.7360153517405387 243.0849212369602179 208.2043562570417806   0.0999415197802020
 221.9445549767831777 245.1976350546841681 210.0903029386951721   0.0999415197802020
 225.2591346156810628 244.8763816119175789 210.5891906380503746   0.0999415197802020
 225.1722072135206997 239.8515998218209856 211.8023948160278374  -0.4121584802197980
 225.3101572212969385 239.1127169034577661 209.8881022423655992   0.0999415197802020
 226.9523292316745060 240.7341019263622078 212.3352975857936236   0.0999415197802020
 224.8282770571470279 238.2604504170592670 213.0704010518889827   0.0999415197802020
 222.3640741785137115 242.3233616049899693 219.3480712687753867   0.5972415203289801
 223.9665619400789312 241.4862129276628589 220.7842631305555478  -0.5679584818661324
 220.8768597111176748 244.2357644525182771 220.0434904860583979  -0.4157584802197979
 219.5219260730961394 244.8253590063017300 218.8378452126166561   0.2718415197802020
 221.1414213698666510 245.4262919168886571 222.5417084351022980  -0.0597584802197980
 223.1388618934214184 245.8533700231548584 222.8176084506548023   0.0868415197802020
 219.6674349854080724 247.9434071272717527 222.6720995383428693   0.1302415197802020
 219.9187685612196174 248.6955181285724573 224.5769434813354829   0.0186415197802020
 220.8390651884392571 249.8576997009339907 220.8163884748322013  -0.3204584802197979
 222.8799694130742059 249.9332887462908257 221.0922884903847056   0.0881415197802020
 220.4478918787175700 249.3002304914272450 218.8718602830272399   0.0881415197802020
 216.8026101663834714 247.6032564231659682 222.2072269093982506  -0.0430584802197980
 216.4908053542864529 246.9815365251058616 220.2683678959950532   0.0235415197802020
 216.0826245093594739 246.1481673000465848 223.4695639668576321   0.0235415197802020
 220.4441124264497096 243.6272726373956287 224.7148934891117485   0.5972415203289801
 221.5193665966509068 243.8672678564036459 226.7576874398806274  -0.5679584818661324
 218.7301308229831407 241.8112458226973085 224.3086023703186729  -0.4157584802197979
 217.9912479046199211 241.6128245786355695 222.5568262441736866   0.2718415197802020
 218.1405362691997147 239.8723868092941113 226.1869901474363967   0.0336415197802020
 217.7361348765405692 240.7945731626476813 227.9860094269294251   0.0822415197802020
 215.7670402449946218 238.4418641259157142 225.3649592791806480  -0.1825584802197980
 215.1661073344076678 237.2078729604651526 226.8994168999246999   0.0602415197802020
 214.2741565991968211 239.7779005025980540 224.9189839115752514   0.0602415197802020
 216.1582135547163090 237.2948003626255156 223.7001105551960245   0.0602415197802020
 220.3930898208338337 238.0865956127385143 226.6254066105061260   0.5972415203289801
 221.2491357595001665 237.8484901198644543 228.7664663202389227  -0.5679584818661324
 221.4305494683566135 237.0037825380016496 224.5939510165407747  -0.5163584802197979
 220.6274158614400869 237.3684996818484471 222.8875283176099002   0.2935415197802020
 223.8078249448295400 235.5562523194179605 224.5240311495857037   0.0396415197802020
 223.6037345223660371 233.7572330399249323 225.5010195608229832   0.1104415197802020
 224.3936400463451324 234.9836653008398264 221.7385748281857713   0.0559415197802020
 222.8270570813244269 233.9216392135760874 220.9184336860639527  -0.0173584802197980
 224.5259208757196072 236.7751256757971874 220.7389097033414360  -0.0173584802197980
 226.8446148420409905 233.5115686425151780 221.2850405560446807   0.0135415197802020
 228.2392327288748736 233.9877796282633248 222.7269015962265788  -0.0425584802197980
 226.4628901629889010 231.4876719530855212 221.4324391944905438  -0.0425584802197980
 227.9406559997153133 234.1351782667091879 218.6753287650994313   0.8053415186826456
 226.4855668765959569 234.1200604576378262 216.8082793447852353  -0.8188584780246854
 230.2574602399027664 234.5830433604485148 218.5827321845372774  -0.8188584780246854
 225.9413257500266426 236.9867750027963578 225.8732956092054749   0.5365415197802020
 227.1224045837274251 236.0135660438269119 227.6269614614843916  -0.5819584818661324
 226.3476168688197182 239.3848374667424366 225.1929942009938254  -0.4157584802197979
 225.3762976359841759 240.0802566840254478 223.6906619245264269   0.2718415197802020
 228.4206464377313206 240.8758313864062803 226.2436819314540365  -0.0014584802197980
 230.1629739332067091 239.8610484524905832 225.8865236921429331   0.0875415197802020
 228.5850526113824757 243.4704253682801679 224.9548887081197386  -0.0152584802197980
 226.8351662113713929 244.4889877544636986 225.3441722917075223   0.0294415197802020
 230.1157307798586941 244.5173336464725454 225.8562880740001831   0.0294415197802020
 229.0555944187288584 243.5497938659048635 222.1165200549700271  -0.0011584802197980
 229.7963670632259813 241.3671601812258155 220.7596966908145617  -0.1906584802197980
 230.0155752947608460 239.5908176153398430 221.6856624964359921   0.1698415197802020
 230.1610842070728058 241.4238519652434551 218.1367568169318809  -0.2341584802197979
 230.6127287530799663 239.7212087185804143 217.1616581318285049   0.1655415197802020
 229.8625074779132456 243.9107315574838273 216.7402492039640676   0.3225415197802020
 230.2971444887151142 244.1167117060812606 214.2193545413131116  -0.5579584818661324
 230.4086383306164902 245.8571494754227190 213.7185771158239789   0.3991415197802020
 229.0593738709966922 246.1916310011267664 218.2803760031098836  -0.2341584802197979
 228.7778046770424239 247.9774221976823364 217.3997636247025917   0.1655415197802020
 228.6644211090071713 245.8873850935654422 220.8863083417872992  -0.1906584802197980
 228.0445909370809950 247.4596372369879117 221.9729008687919976   0.1698415197802020
 228.2241149198035119 241.2046437337085906 229.1122862027464982   0.5972415203289801
 230.1081718753229998 240.9098464568168642 230.4502123055627415  -0.5679584818661324
 225.9734510943032962 241.8358122624382948 230.0741568049124160  -0.4157584802197979
 224.4767879962376617 241.9869903531519916 228.8836293405420358   0.2718415197802020
 225.5709394277780810 242.2288752982938852 232.7821343548215829  -0.0518584802197980
 227.2452367824323021 243.1529513777813856 233.5512528913275258   0.0921415197802020
 223.2579146398584618 243.9541952585640089 233.1676384861415062  -0.1102584802197980
 221.8084946951408693 243.4779842728158353 231.7805795038433174   0.0456415197802020
 222.4680091158793664 243.5649116749762520 235.0327981803217718   0.0456415197802020
 223.8456194675079575 246.8095714469190122 233.0599240965079907   0.3530415197802020
 225.0380366580122678 247.2857824326671858 234.6718604887428348  -0.0361584802197980
 225.1835455703242276 247.7317578002725823 230.6637513586958420  -0.4121584802197980
 225.4405483245375098 249.7745517510414883 230.7355609517848433   0.0999415197802020
 227.0411463599687991 246.8587043264009846 230.5163527202499789   0.0999415197802020
 224.0723866035785164 247.2460981838548112 229.0026820869790792   0.0999415197802020
 221.3738576843389738 248.2930064620471885 233.3018090416499111  -0.4121584802197980
 220.1568740540936772 247.8753769864505850 231.6917623755489972   0.0999415197802020
 220.4138768083069862 247.7525447877457080 235.0403570848574661   0.0999415197802020
 225.3517311962432166 239.7382162537857062 234.2674590960836627   0.5972415203289801
 225.8808545137411692 239.7646724196605958 236.5313510045213366  -0.5679584818661324
 224.7375702027188042 237.6047154485886035 233.0523651919722964  -0.4157584802197979
 224.2160057897565459 237.7086503859542854 231.2061027591312530   0.2718415197802020
 225.0285880273426702 235.0705927030002163 234.1729727893876054  -0.0875584802197980
 224.1423064705336143 235.0592543461966882 236.0324633051661341   0.0968415197802020
 223.6207420575713289 232.9578788852762391 232.7500090105449026   0.2984415197802021
 224.1158503046586978 232.9862247772850590 230.7506787608562319  -0.0297584802197980
 224.2783667521759495 230.3595054511345178 233.8687268818262814  -0.3192584802197979
 223.1048468230108345 228.9063060541490917 233.0183501215617394   0.0790415197802020
 226.2455716575879668 229.8946328221898991 233.4870022027741919   0.0790415197802020
 223.9590030355432369 230.3576157250006145 235.9077413803273267   0.0790415197802020
 220.7464686078771035 233.2488967099001319 233.0504754658383929  -0.3192584802197979
 219.7619212921041566 231.7805795038433174 231.9960082831103214   0.0790415197802020
 220.2230144687809414 233.1071672498560328 235.0384673587235358   0.0790415197802020
 220.1341973404866214 235.0876002382055081 232.3607254269571188   0.0790415197802020
 227.8253827055461306 234.4904467798863878 234.6076098001895009   0.5972415203289801
 228.6209574079269629 234.1654138848519382 236.7732359496632571  -0.5679584818661324
 229.3598403262901826 234.4828878753506936 232.6026103720990394  -0.4157584802197979
 228.5907217897842397 234.7682365215727956 230.8602828766236507   0.2718415197802020
 232.0489206148601274 233.7685713967284602 232.7556781889466665  -0.0875584802197980
 232.1868706226363661 231.9223089638873897 233.6589672809610413   0.0968415197802020
 233.2299994485609098 233.5833782356041794 230.0930540662516381   0.2984415197802021
 233.0353576567670046 235.4088536809720973 229.1595293560945401  -0.0297584802197980
 236.0456913881035655 232.8785103876515437 230.1629739332067091  -0.3192584802197979
 236.7883537587346188 232.7878035332233469 228.2430121811427340   0.0790415197802020
 237.1303941889743604 234.2939152619585791 231.1909849500598645   0.0790415197802020
 236.2989146900490138 231.0492554900157919 231.0757116558906815   0.0790415197802020
 231.9166397854856258 231.5689301768441201 228.4754484956150301  -0.3192584802197979
 232.7500090105449026 231.5481431893709945 226.5932812662294725   0.0790415197802020
 232.1339582908865869 229.7169985656013126 229.3503916956205848   0.0790415197802020
 229.9097506312612608 231.9846699263067935 228.2808067038211515   0.0790415197802020
 233.5436939867918316 235.6299516386408921 234.3978501993242340   0.5972415203289801
 235.1027180472768698 234.8683920066706435 235.9436461768718139  -0.5679584818661324
 233.0089014908921150 238.0903750650063747 234.2183262166017172  -0.4157584802197979
 231.7238877198256777 238.6591826313166753 232.9087460057942938   0.2718415197802020
 234.1691933371197718 239.9819909250615301 235.8718365837828125  -0.0252584802197980
 236.2063181094868868 239.9952190079989883 235.5675906762214885   0.0697415197802020
 233.4095234312834267 241.8339225363043645 235.3918461457668055   0.0697415197802020
 233.6589672809610413 239.4849929518402579 238.6818593449237311   0.5972415203289801
 235.4088536809720973 239.6116046028129685 240.2106477872660191  -0.5679584818661324
 231.3194863271665323 238.8235888049678036 239.3753888360728120  -0.4157584802197979
 229.9607732368771365 238.6213881086382308 238.0374627332565687   0.2718415197802020
 230.6561924541601746 238.2321045250504473 241.9888800792859219   0.0336415197802020
 231.2212205682026145 239.8119155730086378 243.1850767220580392   0.0822415197802020
 227.7838087305998524 237.9127408084177614 242.1948602278833015  -0.1825584802197980
 227.2716929483071917 237.5064496896247126 244.1488370503579141   0.0602415197802020
 226.8446148420409905 239.6493991254913862 241.6033759479659720   0.0602415197802020
 227.1450812973344808 236.3650551047362512 240.9948841328433237   0.0602415197802020
 232.0470308887261971 235.8793954883185068 242.9583095859875341   0.5972415203289801
 233.0542549181062268 235.9247489155326186 245.0540158685061654  -0.5679584818661324
 232.1755322658328382 233.8592782511566836 241.4446389527165807  -0.4157584802197979
 231.3742883850502418 233.9424262010492129 239.6985320049733584   0.2718415197802020
 233.3849569915424404 231.4838925008176606 242.2383239289635366  -0.0389584802197980
 232.5194624222065100 230.8772904118289427 244.0052178641799114   0.1006415197802020
 232.9597686114101695 229.3957451228346965 240.2654498451497286   0.3653415197802020
 233.7666816705945298 227.6420792705557533 240.9873252283076563   0.0042415197802020
 230.1478561241353476 228.9686670165684955 239.7590032412588318  -0.2438584802197979
 229.6092841759677973 227.1299634882630925 240.4997758857559548   0.0641415197802020
 228.9970129085773152 230.4048588783486297 240.6774101423445682   0.0641415197802020
 229.7396752792083417 229.0518149664610247 237.7426654563648691   0.0641415197802020
 234.1200604576378262 229.8984122744577329 237.9221894390873860  -0.6761584785734636
 233.7931378364694463 231.6350705915313575 237.4573168101427404   0.4101415197802020
 236.1760824913441368 231.8996322502803339 242.7693369725953658   0.5972415203289801
 237.0718126788228173 231.2401178295418367 244.8064617449624810  -0.5679584818661324
 237.5253469509639079 233.1468514986683806 241.0496861907270599  -0.4157584802197979
 236.6881982736367975 233.5266864515865397 239.3602710270014505   0.2718415197802020
 240.2200964179356169 233.6117241276129993 241.3444834676187595  -0.0014584802197980
 241.0969293440750751 231.8410507401287908 241.9359677475360890   0.0875415197802020
 241.2877916836011199 234.3241508801013024 238.7366614028074406  -0.0152584802197980
 239.9838806511954604 235.5581420455518908 237.7218784688917166   0.0294415197802020
 243.0641342494870923 235.3105879220082064 238.9369723730030829   0.0294415197802020
 241.8887245941881006 232.0035671876460156 237.2003140559294583  -0.0011584802197980
 244.3567069250892238 231.0303582286765698 237.4062942045268647  -0.1906584802197980
 245.7362070028517721 232.0130158183156132 238.5061148144690481   0.1698415197802020
 245.0048829890242469 228.7324512498283390 236.2800174287098185  -0.2341584802197979
 246.8473659695974567 228.0011272360008136 236.5105640170482110   0.1655415197802020
 243.0017732870677155 227.2641340437715242 234.8608331021349494   0.3225415197802020
 243.4685356421462377 224.9265428161109187 233.9405364749153096  -0.5579584818661324
 241.9907698054198522 223.8607372765793460 234.1805316939232997   0.3991415197802020
 240.3977306745242034 228.4300950684009183 234.6435145967340151  -0.2341584802197979
 238.9142956593960271 227.4776730969046249 233.6740850900324029   0.1655415197802020
 239.9744320205258627 230.7733554744632876 235.8132550736312694  -0.1906584802197980
 238.1413976706222506 231.5821582597815784 235.7206584930691156   0.1698415197802020
 240.8078012455851395 235.4938913569985569 243.4704253682801679   0.5972415203289801
 242.7069760101759891 235.1461817483570513 244.7686672222840904  -0.5679584818661324
 239.2204312930912815 237.4138531090625588 243.9466363540283415  -0.4157584802197979
 237.7029812075525213 237.6840839462132992 242.8033520430059497   0.2718415197802020
 239.5303463790543696 239.0295689535652367 246.2048590840642246  -0.0875584802197980
 241.4635362140558029 239.7401059799196097 246.2369844283408782   0.0968415197802020
 237.7483346347666330 241.3369245630830652 246.1784029181893082   0.2984415197802021
 235.8302626088365615 240.7152046650229856 245.7456556335213699  -0.0297584802197980
 237.6973120291507574 242.7750061509971566 248.6992975808402641  -0.3192584802197979
 236.8960681483681341 241.5939273172963742 250.1846223221023707   0.0790415197802020
 238.5968216688972715 243.2568863151470673 244.1866315730363047  -0.3192584802197979
 237.2759031012863201 244.8348076369713276 244.1186014322151370   0.0790415197802020
 240.4846580766845931 243.9560849846979390 244.6250480361060339   0.0790415197802020
 238.6232778347721611 242.3649355799362206 242.3422588663291646   0.0790415197802020
 239.1958648533502954 237.4762140714819626 248.6180393570816383   0.5972415203289801
 240.7246532956925834 237.7332168256952447 250.3452490434856922  -0.5679584818661324
 237.3136976239647377 235.7943578122920473 248.7238640205812503  -0.4157584802197979
 236.1118318027908028 235.6488488999801143 247.2347598270512833   0.2718415197802020
 236.9300832187787180 234.1068323747003680 250.8970490745907008  -0.0597584802197980
 236.8563838995557863 235.2557858641244969 252.6091409519233661   0.0868415197802020
 234.3789529379850387 232.6933172265272629 250.6778408430558093   0.1302415197802020
 234.2580104654140650 231.8467199185305548 248.8032325182059459   0.0186415197802020
 234.1427371712448822 230.5617061474640906 252.6450457484678264  -0.3204584802197979
 232.3078130952073398 229.6451889725122844 252.5146546452272820   0.0881415197802020
 235.5845982114267804 229.1236245595500261 252.3370203886386955   0.0881415197802020
 234.3884015686546364 231.3232657794343661 254.5479999653265365   0.0881415197802020
 232.1660836351632405 234.5773741820467509 251.0085429164920499  -0.0430584802197980
 232.0054569137799459 235.1064974995447035 252.9946450832432624   0.0235415197802020
 232.5496980403492603 236.2989146900490138 249.9465168292282839   0.0235415197802020
 229.6130636282356309 233.5531426174614293 250.0882462892724101  -0.0660584802197980
 228.9951231824433849 231.9771110217711260 251.2598764923035947   0.0185415197802020
 228.2014382061964559 235.0479159893931603 250.2016298573076895   0.0185415197802020
 229.7699108973510917 232.9314227194013497 248.1286002883960602   0.0185415197802020
 239.1977545794842257 232.3323795349482991 251.2390895048304154   0.5972415203289801
 240.1142717544360317 232.0791562330028774 253.3404649657508914  -0.5679584818661324
 240.2673395712836590 231.2212205682026145 249.2359798028738843  -0.4157584802197979
 239.4528676075635775 231.4328698952017849 247.5125495687377445   0.2718415197802020
 242.5444595626587372 229.6451889725122844 249.5194387229620826  -0.0518584802197980
 242.2326547505617458 228.3620649275797506 251.1049189493220105   0.0921415197802020
 242.9979938347998549 228.0219142234739392 247.1553913294265877  -0.1102584802197980
 243.4477486546731121 229.2540156627905974 245.5661316507988530   0.0456415197802020
 244.6458350235792132 226.8389456636392265 247.5238879255412726   0.0456415197802020
 240.7737861751745556 226.3022634416056065 246.3976111497241995   0.3530415197802020
 239.3300354088587003 227.4190915867530550 245.4810939747723666  -0.0361584802197980
 241.6581780058496814 224.3331688100596590 244.4908774805976289  -0.4121584802197980
 240.0405724352131001 223.2409071046531697 243.8691575825375762   0.0999415197802020
 242.4707602434358326 225.2931496860916466 242.8581541008896592   0.0999415197802020
 243.0754726062906204 223.1029570968769310 245.3431439669961547   0.0999415197802020
 239.5284566529204393 224.8792996627629036 248.5840242866710545  -0.4121584802197980
 238.0204551980512769 223.7038900074638851 247.8356927376382640   0.0999415197802020
 240.9268539920221560 223.7227872688030805 249.5629024240422643   0.0999415197802020
 238.6913079755933288 226.2096668610434527 249.9143914849516303   0.0999415197802020
 244.9122864084620931 231.1701979625867388 250.2526524629235384   0.5972415203289801
 246.5846940369823838 230.1610842070728058 251.5130997942490164  -0.5679584818661324
 245.0275597026313027 233.6022754969434015 249.5799099592475829  -0.4157584802197979
 243.6386109941991568 234.2844666312889546 248.4517434572965797   0.2718415197802020
 246.9834262512397919 235.3559413492223182 250.4567428853870413  -0.0252584802197980
 248.8334681363486692 234.5112337673595135 250.1506072516917868   0.0697415197802020
 246.8568146002670542 237.0812613094924149 249.3418044663734963   0.0697415197802020
 238.1999791807737937 228.7324512498283390 257.4921932819758331  -0.5679584818661324
 234.1880905984589940 223.6471982234462455 257.7076220612428642   0.0341415197802020
 235.9493153552735780 224.0213639979626405 256.7003980318628613   0.0240415197802020
 233.5399145345239979 221.7763693508641889 257.1463733994682579   0.0240415197802020
 232.2095473362434221 225.5992853197869010 256.8893706452549757   0.0017415197802020
 232.8992973751246960 227.4795628230385282 257.3825891662084143   0.0439415197802020
 232.0394719841905298 225.5255860005639693 254.8390177899504025   0.0439415197802020
 229.0763814062019840 225.2100017361991172 258.2443042832765379  -0.2737584802197979
 228.1220697085717603 222.2015577309964867 256.9233857156655596  -0.0536584802197980
 226.2021079565077584 221.7707001724624248 257.5337672569221381   0.0683415197802020
 228.1730923141876362 222.3130515728978358 254.8692534080931794   0.0683415197802020
 229.3806273137633082 220.7048946329308522 257.5621131489309312   0.0683415197802020
 243.3286959082360955 217.1068560739447954 256.0616705985974897   0.0790415197802020
 230.7809143789989551 209.9580221093206973 254.8805917648967073   0.1429415197802020
 251.8853758426315081 196.3897884677660960 244.0354534823226346   0.0284415197802020
 249.9673038167014095 198.2889632323569722 245.9667535911901378   0.0284415197802020
 252.9114971333507600 200.6454517213567731 242.9961041086659248   0.0686415197802020
 254.8957095739680422 197.6294488116184483 240.9514204317631421   0.4477415197802020
 248.1777331678780325 203.4479155779619706 247.3878276438989372  -0.5894584791222417
 245.1730686149432356 204.3625430267798733 250.2942264378697895  -0.4157584802197979
 243.3419239911735001 205.5568499434180869 248.5934729173407059  -0.0875584802197980
 244.0751377311349556 205.5266143252753637 246.6678419868749398   0.0968415197802020
 240.7964628887816116 204.1471142475128423 248.5613475730639985   0.2984415197802021
 239.6966422788394280 204.8727690829386038 246.9758673467040708  -0.0297584802197980
 241.1876361985032986 201.3163044988987983 248.1645050849405743  -0.3192584802197979
 239.3905066451442006 200.4640380125003262 247.6448303981122193   0.0790415197802020
 242.5520184671944584 201.0347353049445301 246.6678419868749398   0.0790415197802020
 241.8925040464559076 200.4130154068844503 249.8765969622732397   0.0790415197802020
 239.2204312930912815 204.4419115244045687 250.9537408586083404  -0.3192584802197979
 237.4233017397321566 203.4592539347654985 250.7345326270734489   0.0790415197802020
 238.8349271617713315 206.4336828695575453 251.3260169069908321   0.0790415197802020
 243.1000390460316065 208.3328576341484216 249.3607017277126916   0.5972415203289801
 244.1771829423667072 209.1170939797257262 251.2655456707053318  -0.5679584818661324
 241.7243184205369457 209.8351899106158203 247.8867153432541129  -0.4157584802197979
 240.7322122002282777 209.0774097309133784 246.4505234814739787   0.2718415197802020
 241.2953505881368141 212.4978140333108487 248.4876482538410939  -0.0014584802197980
 241.9151807600629634 212.8285161067470623 250.4170586365746667   0.0875415197802020
 242.8657130054253803 214.2193545413131116 246.7169748663568584  -0.0152584802197980
 242.5595773717301258 213.6335394397975193 244.7648877700162297   0.0294415197802020
 242.2364342028296063 216.1714416376537672 246.8851604922758473   0.0294415197802020
 245.6681768620306044 214.1985675538399861 247.3235769553455764  -0.0011584802197980
 246.4486337553400483 214.4253346899105180 249.8614791532018512  -0.1906584802197980
 245.1088179263898749 214.7881621076234122 251.3543627989996252   0.1698415197802020
 248.9770873225266718 214.0209332972513728 250.5209935739403484  -0.2341584802197979
 249.5383359843013318 214.0266024756531367 252.4711909441471006   0.1655415197802020
 250.7836655065554213 213.5485017637710598 248.6369366184208873   0.3225415197802020
 253.1873971489032373 212.9626866622554674 249.2983407652933147  -0.5579584818661324
 254.3306814599256290 214.3176203002770293 248.6917386763045968   0.3991415197802020
 250.0542312188618262 213.5333839546996981 246.0763577069575566  -0.2341584802197979
 251.4734155454366955 213.1214236575048586 244.6798500939897970   0.1655415197802020
 247.4917625812646191 213.8357401361270920 245.4130638339511989  -0.1906584802197980
 246.9229550149542916 213.6675545102081030 243.4628664637445006   0.1698415197802020
 238.5061148144690481 213.1762257153885947 248.6350468922869570   0.5972415203289801
 236.8488249950200920 211.6134222026356960 248.1739537156101721  -0.5679584818661324
 238.0847058866046108 215.5383833827901596 249.3984962503911359  -0.4157584802197979
 239.6134943289468988 216.5852916609825102 249.8293538089251976   0.2718415197802020
 235.6469591738461841 216.6438731711340802 249.9786421735049374   0.0336415197802020
 234.6227276092608626 215.3550799477997822 251.2220819696251504   0.0822415197802020
 236.2252153708260823 219.0740609793568126 251.4734155454366955  -0.1825584802197980
 234.4847776014846239 219.9319966441570488 252.1688347627197067   0.0602415197802020
 237.3836174909198088 218.6148575288139578 253.1193670080820697   0.0602415197802020
 237.2437777570096397 220.4119870821730561 250.2980058901376501   0.0602415197802020
 234.0010077112007830 217.0369362069896976 247.5975872447641772   0.5972415203289801
 234.0614789474862563 215.5572806441293549 245.8080165959407466  -0.5679584818661324
 232.5308007790100381 219.0891787884281743 247.5673516266214540  -0.4157584802197979
 232.7046555833307908 220.2381322778523031 249.0772428076245467   0.2718415197802020
 230.4294253180896158 219.7108986864882807 245.8325830356817327  -0.0875584802197980
 228.8741807098724114 218.4315540938235805 246.2615508680818643   0.0968415197802020
 229.5847177362268112 222.4623399374776024 246.3900522451884784   0.2984415197802021
 227.7535731124571292 222.7476885836997313 245.4981015099776853  -0.0297584802197980
 229.3239355297456684 223.0254783253861389 249.2322003506060773  -0.3192584802197979
 228.5245813750970023 224.9057558286377932 249.4986517354889572   0.0790415197802020
 228.0729368290898149 221.6459782476236445 250.1052538244776751   0.0790415197802020
 231.1475212489796829 223.0103605163147774 250.1884017743702313   0.0790415197802020
 231.4139726338625896 224.4616701871663000 245.3374747885943640  -0.3192584802197979
 230.7223328688474120 226.3476168688197182 245.8023474175390095   0.0790415197802020
 233.2904706848463832 224.2273441465600738 246.1538364784483219   0.0790415197802020
 231.5424740109692305 224.3199407271222008 243.2909013855576512   0.0790415197802020
 230.9150849345073602 219.4557856584089020 242.9790965734606596   0.5972415203289801
 229.1236245595500261 219.6882219728812249 241.5372355332787346  -0.5679584818661324
 233.2318891746948401 218.9247726147770191 242.1287198131960641  -0.3479584802197979
 234.5282413025648053 218.5184814959839704 243.4685356421462377   0.2746415197802020
 233.9556542839866711 218.4769075210376922 239.4774340473045636  -0.2637584802197979
 233.8498296204870861 220.2381322778523031 238.4229668645765188   0.1559415197802020
 236.6617421077619079 217.4262197905774813 239.3451532179300888  -0.0007584802197980
 236.7373311531187429 215.5969648929417027 240.2956854632924787   0.0326415197802020
 237.0718126788228173 217.1125252523465593 237.3514921466431552   0.0326415197802020
 238.7158744153342881 219.1288630372405221 240.5054450641577188   0.0389415197802020
 238.5495785155492295 221.0318172540992322 239.7325470753839422   0.0284415197802020
 238.4513127565853386 219.2195698916687455 242.5463492887926676   0.0284415197802020
 241.3803882641632737 218.0970725681195331 239.9593142114544741   0.0485415197802020
 242.7712266987292962 219.3329534597040250 240.8531546727992244   0.0686415197802020
 241.5561327946179299 216.2186847910018093 240.7889039842459173   0.0686415197802020
 241.8433711669739621 218.0403807841018935 237.2116524127329862  -0.5295584802197979
 241.4748745708593310 219.6768836160776970 236.2819071548437219   0.3455415197802020
 242.0153362451607846 216.0372710821453621 235.7357763021404773   0.8075415208777582
 242.5369006581230700 213.7771586259755488 236.5767044317354484  -0.8627584796710198
 242.9866554779963270 213.5503914899049899 238.4040696032372967   0.4477415197802020
 242.6918582011046006 212.3107311460526375 235.3786180628293741   0.4477415197802020
 241.5825889604928463 216.2999430147604082 233.3320446597926614  -0.8627584796710198
 241.1101574270125333 218.0177040704948375 232.6441843470453174   0.4477415197802020
 241.4654259401897332 214.7579264894806619 232.2322240498504778   0.4477415197802020
 232.1982089794398940 216.6004094700538986 238.1395079444883203   0.7340415181338675
 231.0587041206853897 217.1654375840963385 236.2082078356207903  -0.5894584791222417
 231.7446747072988032 214.4215552376426842 239.3186970520551724  -0.4157584802197979
 232.6441843470453174 214.0889634380725403 240.9665382408345038   0.2718415197802020
 229.9872294027520261 212.5186010207839741 238.3228113794786708  -0.0014584802197980
 230.4426534010270472 212.2049064825530524 236.3367092127274314   0.0875415197802020
 230.3595054511345178 210.0071549888026427 239.7533340628570679  -0.0152584802197980
 230.4048588783486297 210.3756515849172739 241.7810102045545585   0.0294415197802020
 228.7078848100873527 208.8279658812357906 239.4037347280816319   0.0294415197802020
 232.6819788697237350 208.4726973680585907 239.0125614183599449  -0.0011584802197980
 232.3493870701535909 206.3599835503346137 237.4025147522590309  -0.1906584802197980
 230.5012349111786172 205.8932211952560647 236.7392208792526732   0.1698415197802020
 234.3959604731903305 204.8198567511887977 236.6825290952350336  -0.2341584802197979
 234.1351782667091879 203.2098100850879106 235.4976708092664173   0.1655415197802020
 237.0302387038765392 205.4737019935255577 237.6179435315260618   0.3225415197802020
 239.0598045717079601 204.0809738328256049 236.8790606131628423  -0.5579584818661324
 240.6830793207463321 204.7404882535641022 237.4384195488035451   0.3991415197802020
 237.2777928274202236 207.7508219849006630 239.3564915747336167  -0.2341584802197979
 239.0805915591811124 208.2478199581219621 240.1029333976325038   0.1655415197802020
 235.0857105120715778 209.1265426103953508 239.9971087341329186  -0.1906584802197980
 235.2425577811870387 210.6723385879429307 241.2821225051993559   0.1698415197802020
 227.1790963677450647 213.3481907935754173 238.3795031634963104   0.5972415203289801
 225.6068442243225684 212.1009715451873975 237.2022037820633886  -0.5679584818661324
 226.5214716731404709 215.4079922795495883 239.7004217311072619  -0.4157584802197979
 227.9236484645100215 216.4227752134652852 240.5092245164255794   0.2718415197802020
 224.0119153672930430 216.6098581007234963 239.6380607686878849  -0.0237584802197980
 222.5927310407181737 215.2020121309521552 239.1656292352075720   0.0879415197802020
 223.3013783409386432 217.6926711754603610 242.2439931073652737   0.0341415197802020
 224.6884373232368589 219.0986274190977720 242.8090212214077405   0.0240415197802020
 221.5042487875795451 218.6753287650994313 242.0890355643837431   0.0240415197802020
 223.0916187400734031 215.7292457223162043 244.3680452818927519   0.0017415197802020
 224.7791441776650555 214.5519463408832557 244.4077295307051265   0.0439415197802020
 223.0349269560557635 216.7761540005085550 246.1443878477787243   0.0439415197802020
 220.3061624186734709 213.7204668419579090 244.3510377466874867  -0.2737584802197979
 221.0658323245098160 211.3772064358955395 241.9775417224823940  -0.0536584802197980
 220.1323076143527180 209.6065330484113310 242.4594218866323045   0.0683415197802020
 220.4025384515034583 211.9989263339556461 240.1312792896413235   0.0683415197802020
 223.0991776446090706 211.0842988851377434 241.9170704861968937   0.0683415197802020
 223.8078249448295400 218.6621006821619730 237.5971565440529093   0.5972415203289801
 221.9388857983814138 218.6904465741707929 236.2100975617547206  -0.5679584818661324
 225.6862127219472640 220.3401774890840547 237.3458229682413913  -0.4157584802197979
 227.2131114381556485 220.2116761119774136 238.4985559099333538   0.2718415197802020
 223.9174290605969857 223.2484660091888640 235.3748386105615403   0.0778415197802020
 225.8430599910627249 221.0166994450278436 232.7178836662682490   0.5972415203289801
 224.2991537396490751 221.6762138657663677 231.1097267263012654  -0.5679584818661324
 227.3964148731459990 219.0419356350801590 232.3890713189659387  -0.4157584802197979
 228.7041053578195191 218.6791082173672651 233.7458946831214042   0.2718415197802020
 227.7063299591090872 217.7493629594780006 229.9645526891449703  -0.0275584802197980
 228.5510375409718919 219.0608328964193544 228.6171779556591292   0.1122415197802020
 229.3655095046919465 215.3853155659425325 230.3821821647415738  -0.0050584802197980
 228.8269375565243961 214.4914751045977822 232.1604144567614765   0.0338415197802020
 228.8968574234794671 214.0454997369923589 228.8892985189437999   0.0338415197802020
 232.1944295271720604 215.5931854406738691 230.3009239409829747  -0.1415584802197980
 233.5342453561222340 217.5566108938180526 229.3673992308258768  -0.1638584802197980
 232.7311117492057072 219.3102767460969690 228.6984361794177552   0.2061415197802020
 236.0343530313000376 216.8725300333385424 229.1444115470231517  -0.3418584802197979
 237.3590510511788495 217.9723506432807257 228.3034834174282075   0.3411415197802020
 236.4444236023609468 214.4139963331069901 229.8662869301810794   0.1379415197802020
 238.5703655030223551 212.8285161067470623 229.7472341837440360  -0.2601584802197979
 240.2522217622122704 213.4407873741375443 228.8193786519887019   0.1571415197802020
 238.4324154952461164 210.3983282985243299 230.8149294494095389  -0.1134584802197980
 240.0235649000078082 209.1548885024041705 230.7450095824544679   0.1416415197802020
 236.1874208481476646 209.5819666086703718 231.9771110217711260  -0.1972584802197980
 236.1137215289247332 207.7394836280971351 232.7972521638929446   0.1446415197802020
 234.0217946986739085 211.1315420384857854 232.0073466399138492  -0.2387584802197980
 232.3286000826804653 210.4587995348098300 232.8615028524462517   0.1699415197802020
 234.0690378520219505 213.6240908091279216 230.8565034243558171   0.1242415197802020
 225.1740969396546032 216.8857581162760006 228.8439450917296882   0.5972415203289801
 224.8585126752897511 216.9008759253473623 226.5403689344796664  -0.5679584818661324
 223.3505112204205887 216.1601032808502393 230.4388739487592134  -0.4157584802197979
 223.6793235677228990 216.3585245249119781 232.3097028213412700   0.2718415197802020
 220.8239473793678956 215.4533457067637000 229.5998355452981727   0.0336415197802020
 221.0110302666260797 214.0473894631262892 228.1069518995003988   0.0822415197802020
 219.4066527789269567 214.2231339935809454 231.8108151219860406  -0.1825584802197980
 217.5566108938180526 213.5787373819138098 231.1739774148545725   0.0602415197802020
 220.4724583184585293 212.6036386968104338 232.5137932438047461   0.0602415197802020
 219.1515397508475780 215.5761779054685772 233.3452727427300926   0.0602415197802020
 219.3858657914538042 217.7021198061299856 228.4546615081419044   0.5972415203289801
 218.5695041015998461 217.5433828108805944 226.2795867279985505  -0.5679584818661324
 219.0759507054907429 219.7845980057112123 229.8549485733775513  -0.4157584802197979
 220.0283726769870363 219.9168788350856871 231.5122383928264805   0.2718415197802020
 217.7040095322638889 222.0220337482739698 228.9176444109526196  -0.0875584802197980
 215.8898724436994990 221.3644090536693761 228.2033279323303862   0.0968415197802020
 217.0407156592575312 223.8834139901864020 231.0662630252210840   0.2984415197802021
 215.9012108005030269 222.8591824256010804 232.4457631029835786  -0.0297584802197980
 219.3386226381057890 224.9416606251823072 232.4627706381888704  -0.3192584802197979
 218.7244616445813768 226.2947045370699122 233.8876241431655036   0.0790415197802020
 220.3061624186734709 223.4053132783043249 233.4227515142208849   0.0790415197802020
 220.6160775046365588 225.8770750614733087 231.1513007012475167   0.0790415197802020
 215.4401176238262418 226.0943935668742699 230.1025026969212359  -0.3192584802197979
 214.8070593689626343 227.2433470562983718 231.6955418278168578   0.0790415197802020
 216.5229306985631065 227.2735826744411220 228.8118197474530076   0.0790415197802020
 213.7752688998416185 225.3611798269128142 229.1311834640857203   0.0790415197802020
 219.0683918009550486 223.2201201171800443 226.6575319547827795   0.5972415203289801
 217.8400698139062241 223.7643612437493586 224.7545777379240963  -0.5679584818661324
 221.5798378329363803 223.3486214942866852 226.7085545603986552  -0.4157584802197979
 222.4963550078881863 222.8554029733332466 228.3261601310352633   0.2718415197802020
 222.4850166510846584 226.2399024791862027 224.1819907193459620   0.0863415197802020
 222.8346159858600942 222.7854831063781488 222.2053371832643203   0.5972415203289801
 222.3338385603709615 223.8267222061687622 220.1814404938346635  -0.5679584818661324
 222.9801248981720272 220.2645884437271927 222.3678536307815451  -0.4157584802197979
 223.4147619089739226 219.4652342890784998 224.0591585206410582   0.2718415197802020
 222.5322598044327003 218.6261958856174590 220.1908891245042611   0.0336415197802020
 223.7889276834903447 219.2195698916687455 218.6677698605637370   0.0822415197802020
 223.1766564160998358 215.9012108005030269 220.9373309474031750  -0.1825584802197980
 222.8440646165297187 214.6350942907757849 219.3480712687753867   0.0602415197802020
 225.1608688567171718 215.7708196972624556 221.4853515262403230   0.0602415197802020
 221.9974673085329837 215.2983881637821426 222.5190317214952421   0.0602415197802020
 219.8053849931843380 218.8340657603488224 219.1912239996599258   0.5972415203289801
 219.4047630527930264 218.6658801344298068 216.9008759253473623  -0.5679584818661324
 217.9099896808613222 219.2327979746062038 220.8296165577696595  -0.4157584802197979
 218.3200602519222314 219.3027178415612750 222.7061146087534532   0.2718415197802020
 215.3021676160500031 219.7184575910239481 219.9584528100319652  -0.0389584802197980
 214.8278463564357600 218.2690376463063557 218.5789527322694438   0.1006415197802020
 213.2461455823436659 219.5427130605692919 222.0106953914704419   0.3653415197802020
 211.4452365767167072 219.9187685612196174 221.0809501335811777   0.0042415197802020
 212.9948120065321477 216.9254423650883484 223.1917742251712244  -0.2438584802197979
 211.6417680946445159 216.9934725059095161 224.7451291072544985   0.0641415197802020
 212.2993927892491097 215.6083032497452308 221.7744796247302855   0.0641415197802020
 214.8032799166947737 216.2583690398141303 223.8966420731238332   0.0641415197802020
 213.4596846354767664 221.3492912445979877 223.9476646787397091  -0.6761584785734636
 215.1831148696129597 221.9615625119884696 224.0591585206410582   0.4101415197802020
 215.0508340402384583 222.2450214320766681 218.5827321845372774   0.5972415203289801
 213.7185771158239789 222.3413974649066557 216.6722190631429001  -0.5679584818661324
 216.3717526078494095 224.2197852420243795 219.4576753845428324  -0.4157584802197979
 217.4356684212470789 223.9854592014181534 221.0412658847688299   0.2718415197802020
 216.4832464497507855 226.6972162035951273 218.2369123020297021  -0.0252584802197980
 214.5878511374277697 227.4984600843777506 218.1235287339944227   0.0697415197802020
 217.6794430925229296 227.9557738087867019 219.3424020903736228   0.0697415197802020
 217.5660595244876502 226.5176922208726105 215.5705087270668131   0.5972415203289801
 216.2734868488855186 227.2301189733609404 213.7677099953059243  -0.5679584818661324
 219.7959363625147402 225.3441722917075223 215.3040573421839066  -0.4157584802197979
 220.7502480601449639 224.8528434968879872 216.8952067469455982   0.2718415197802020
 220.9845741007511901 224.8830791150307372 212.8398544635505903  -0.0518584802197980
 221.3870857672764320 226.6915470251933632 211.9308961931344784   0.0921415197802020
 223.5016893111343125 223.4695639668576321 213.2102407857991517  -0.1102584802197980
 223.1067365491447648 221.6799933180342282 214.1551038527597777   0.0456415197802020
 224.2783667521759495 223.0387064083235971 211.3469708177528163   0.0456415197802020
 225.5180270960282750 224.9057558286377932 214.7428086804093004   0.3530415197802020
 224.7526880117901660 225.5085784653586775 216.5474971383040926  -0.0361584802197980
 227.7384553033857407 223.1350824411535847 215.2511450104341274  -0.4121584802197980
 229.2011033310407914 224.1536448273371421 216.2734868488855186   0.0999415197802020
 227.0940586917186051 221.5420433102579626 216.3849806907868677   0.0999415197802020
 228.4848971262846545 222.4472221284062407 213.4577949093428361   0.0999415197802020
 226.5271408515422351 227.2376778778966078 213.3878750423877651  -0.4121584802197980
 227.9727813439919937 228.1749820403215663 214.5160415443387415   0.0999415197802020
 227.2716929483071917 226.7161134649343495 211.5529509663502227   0.0999415197802020
 224.9889037785303224 228.5585964455075593 213.0798496825586073   0.0999415197802020
 219.2592541404810934 223.4147619089739226 211.0483940885932562   0.5972415203289801
 218.7773739763311828 224.2538003124349634 208.9394597231371397  -0.5679584818661324
 218.2463609326992999 221.2472460333662362 211.8760941352507689  -0.4157584802197979
 218.6885568480368626 220.6406439443775183 213.6392086181992833   0.2718415197802020
 216.6627704324733023 219.6749938899437667 210.2263632203375073  -0.0597584802197980
 217.7436937810762367 219.2743719495524551 208.5199405214066059   0.0868415197802020
 216.0013662856008481 217.1370916920875188 211.5208256220735692   0.1302415197802020
 215.3380724125944904 217.5603903460858862 213.4275592912001129   0.0186415197802020
 213.8508579451984805 215.7046792825752182 210.1772303408555617  -0.3204584802197979
 213.5919654648512681 213.8508579451984805 211.0389454579236585   0.0881415197802020
 212.0820742838481753 216.7459183823658316 210.3435262406406204   0.0881415197802020
 214.2817155037325153 215.4760224203707560 208.1741206388990306   0.0881415197802020
 218.3502958700649816 215.4079922795495883 211.7683797456172536  -0.0430584802197980
 219.8753048601394090 216.4737978190811611 212.6433229456227815   0.0235415197802020
 217.8835335149864326 213.8527476713323838 213.0382757076123292   0.0235415197802020
 219.3915349698555681 214.2703771469289875 209.3041768669839371  -0.0660584802197980
 219.9093199305499929 215.7613710665928578 207.9813685732390555   0.0185415197802020
 221.0771706813133439 213.1648873585850668 209.7331446993840687   0.0185415197802020
 218.0006965352895456 213.0250476246748709 208.4367925715140767   0.0185415197802020
 214.3346278354823214 221.1433110960005813 209.3533097464658827   0.5972415203289801
 213.7431435555649650 221.0582734199741217 207.1064253732335275  -0.5679584818661324
 213.0363859814783990 222.5058036385578107 211.0465043624593259  -0.4157584802197979
 213.6826723192794647 222.6210769327269936 212.8511928203541182   0.2718415197802020
 210.8499728445315172 224.0364818070340291 210.3132906224978972  -0.0275584802197980
 209.4988186587778157 225.0985078942977681 212.6452126717567118  -0.0050584802197980
 209.0037104116904468 223.5394838338127300 213.8999908246804259   0.0338415197802020
 210.7951707866478077 226.3343887858822600 213.6675545102081030   0.0338415197802020
 210.6099776255235269 230.8716212334271786 211.1995721793069532   0.1699415197802020
 211.5605098708859170 226.1454161724901456 208.4613590112550628   0.5972415203289801
 213.7299154726275068 227.3869662424764014 208.8109583460304987  -0.4157584802197979
 214.8221771780339958 226.9315422442013803 210.3265187054353286   0.2718415197802020
 214.6917860747934245 229.3277149820135290 207.0913075641621391  -0.0518584802197980
 213.2442558562097356 230.7771349267311215 206.8626507019576767   0.0921415197802020
 217.0180389456504754 230.5409191599909650 208.3593138000233112  -0.1102584802197980
 216.4360032964027436 231.1116164524351957 210.2509296600784934   0.0456415197802020
 218.4901356039751504 229.1179553811482621 208.5917501144956341   0.0456415197802020
 218.1972280532173543 232.8728412092497796 207.0780794812247077   0.3530415197802020
 216.7402492039640676 234.2995844403603431 206.7738335736633835  -0.0361584802197980
 220.1776610415668297 233.9613234623884352 208.8733193084499023  -0.4121584802197980
 221.0129199927600100 235.6753050658550039 208.1230980332831547   0.0999415197802020
 219.3272842813022611 234.3940707470564004 210.6969050276838900   0.0999415197802020
 221.6743241396324642 232.5742644800902195 209.1567782285380740   0.0999415197802020
 219.4973596333551802 232.2964747384038117 204.5590745447076820  -0.4121584802197980
 220.8296165577696595 233.7817994796659184 204.0809738328256049   0.0999415197802020
 220.5612754467528227 230.5390294338570347 204.7140320876892126   0.0999415197802020
 218.1121903771908948 232.1320685647526566 203.0529628159724229   0.0999415197802020
 215.2322477490949052 228.2165560152678176 204.4683676902794583   0.5972415203289801
 216.7440286562319014 226.2077771349095223 204.3493149438424151  -0.5163584802197979
 217.5528314415501920 225.6125134027243323 205.9933766803539127   0.2935415197802020
 217.6038540471660676 225.0437058364140319 201.9947161809765443   0.0380415197802020
 218.5695041015998461 226.4761182459263592 200.8759983096951657   0.0879415197802020
 219.4822418242837916 222.9007564005473316 202.5578545688850542  -0.0303584802197980
 218.5468273879927903 221.4607850864993369 203.7011388799074189  -0.0122584802197980
 220.0359315815227305 222.0295926528096373 200.7720633723294840  -0.0122584802197980
 221.8746351098281067 223.7492434346779969 203.9203471114422836   0.7993415186826456
 223.1010673707430009 222.0881741629612072 205.0636314224646485  -0.8014584791222417
 222.5738337793789784 225.9942380817764218 203.6595649049611678  -0.8014584791222417
 214.2174648151791814 221.8821940143638010 203.3912237939443310   0.2718415197802020
 209.9788090967938229 205.3829951390973342 212.3277386812579296   0.0822415197802020
 209.9977063581330451 208.7920610846912764 210.1413255443110478  -0.1825584802197980
 211.9970366078217158 209.1643371330737683 210.4720276177472614   0.0602415197802020
 209.3287433067249234 208.4292336669784092 214.8939867711229972   0.5972415203289801
 211.0124892920487420 207.6960199270169537 216.3169505499657002  -0.5679584818661324
 209.5989741438756638 212.2710468972402897 218.3049424428508699   0.0868415197802020
 206.1162088790587898 215.3815361136746718 220.3893103685660001  -0.3204584802197979
 208.0456192617923894 216.0675067002880855 220.5915110648955727   0.0881415197802020
 208.7599357404146228 216.5796224825807463 215.1320922639970840  -0.0660584802197980
 210.1186488307039918 215.0640621231759165 214.8221771780339958   0.0185415197802020
 208.7070234086648168 217.7739293992189869 213.4540154570750025   0.0185415197802020
 209.3703172816711745 217.7323554242727088 216.7270211210266094   0.0185415197802020
 208.3933288704338951 209.8484179935532515 222.1807707435233342  -0.5679584818661324
 207.7432630803649956 203.6161012038809594 224.3652941543363125  -0.5679584818661324
 210.4115563814617881 201.5827558837817048 220.3193905016109022  -0.0275584802197980
 209.9523529309189333 200.2183736150905451 221.7952666122034111   0.1122415197802020
 210.5079324142917755 200.1314462129301820 217.8155033741652649  -0.0050584802197980
 210.5079324142917755 201.4674825896124952 216.2489204091445325   0.0338415197802020
 212.2861647063116783 199.0902071131395687 217.7418040549423334   0.0338415197802020
 211.6776728911890301 189.8418874137289516 217.0520540160610593   0.1446415197802020
 210.5646241983094152 193.7649588677494850 217.2240190942479085  -0.2387584802197980
 212.4694681413020288 194.4698267157021207 217.3978738985686614   0.1699415197802020
 212.9891428281303838 202.6882456721256254 221.0507145154384275   0.5972415203289801
 214.5009237352673798 201.3257531295684227 222.1732118389876668  -0.5679584818661324
 213.4918099797534200 205.1127643019465939 220.5215911979404749  -0.4157584802197979
 212.2275831961601083 206.1275472358623179 219.4992493594890837   0.2718415197802020
 215.8936518959673326 206.3127403969865984 221.2566946640358607  -0.0389584802197980
 217.3978738985686614 205.0787492315360100 220.6255261353061566   0.1006415197802020
 216.3471861681084503 208.8430836903071523 219.8979815737464650   0.3653415197802020
 216.0618375218863214 208.5652939486207176 217.8759746104507383   0.0042415197802020
 214.7239114190700781 211.0559529931289503 220.7672555953502558  -0.2438584802197979
 215.0281573266314023 212.6603304808280735 219.5143671685604720   0.0641415197802020
 212.7491476091223667 210.5211604972292337 220.6841076454577265   0.0641415197802020
 215.2171299400235435 211.6058632981000287 222.6909967996820915   0.0641415197802020
 218.8548527478219481 209.5857460609382056 220.3004932402717069  -0.6761584785734636
 219.0891787884281743 211.2638228678602871 219.6466479979349468   0.4101415197802020
 216.1827799944572951 206.4695876661020593 224.1271886614622257   0.5972415203289801
 218.0233732488966016 205.5114965162039752 225.1722072135206997  -0.5679584818661324
 214.2552593378576258 207.4087815546609213 225.4745633949480936  -0.4157584802197979
 212.7472578829884634 208.1401055684884467 224.5618256722641212   0.2718415197802020
 214.3270689309466271 207.5032678613569786 228.2562402640801654  -0.0875584802197980
 216.0788450570916134 208.4424617499158406 228.8004813906494797   0.0968415197802020
 212.1463249724015092 209.0755200047794749 229.3806273137633082   0.2984415197802021
 212.5053729378465429 209.2852796056447150 231.3988548247912010  -0.0297584802197980
 212.0707359270446474 211.7305852229388361 228.2165560152678176  -0.3192584802197979
 210.7403687287640984 212.9078846043717579 229.2596848411923613   0.0790415197802020
 213.9340058950910097 212.6017489706765304 228.3280498571691668   0.0790415197802020
 211.4792516471272911 211.6531064514480438 226.2436819314540365   0.0790415197802020
 209.5271645507866354 207.8736541836055400 229.0744916800680805  -0.3192584802197979
 209.1000864445204342 207.5958644419191324 227.0789408826472436   0.0790415197802020
 209.4383474224923423 206.0689657257107477 230.0590389958410543   0.0790415197802020
 214.4385627728479762 204.8482026431976175 229.4014143012364607   0.5972415203289801
 215.7708196972624556 204.4608087857437642 231.2590150908810320  -0.5679584818661324
 213.2007921551295542 202.9735943183477541 228.2354532766070398  -0.4157584802197979
 212.1425455201336488 203.3874443416764971 226.7028853819968913   0.2718415197802020
 213.3576394242450150 200.3487647183311164 229.0688225016663166   0.0336415197802020
 212.7680448704615888 200.2618373161707535 231.0435863116140280   0.0822415197802020
 211.5227153482074993 198.7330488738284655 227.5097984411812785  -0.1825584802197980
 211.5189358959396389 196.8074179433626994 228.2467916334105678   0.0602415197802020
 209.6178714052148591 199.5097263148700756 227.6439689966896834   0.0602415197802020
 212.1047509974552313 198.6876954466143536 225.5369243573674974   0.0602415197802020
 216.0826245093594739 199.3358715105493229 228.9516594813632035   0.5972415203289801
 217.0067005888469473 198.3418755641067514 230.8432753414183589  -0.5679584818661324
 217.4224403383096475 199.6627941317177029 226.8219381284339347  -0.4157584802197979
 216.6382039927323162 200.5793113066695089 225.3309442087700641   0.2718415197802020
 220.0529391167280224 198.8067481930513701 226.6575319547827795  -0.0014584802197980
 220.0793952826029119 196.8848967148534647 227.3964148731459990   0.0875415197802020
 220.9770151962155226 198.6347831148645475 223.8947523469899299  -0.0152584802197980
 222.2355728014070705 197.0266261748975641 223.8153838493652343   0.0294415197802020
 219.3764171607842064 198.1925871995269848 222.6777687167446333   0.0294415197802020
 222.4547810329419350 200.8325346086149572 222.7741447495746209  -0.0011584802197980
 221.3549604229997517 202.2498292090558961 220.8031603918947431  -0.1906584802197980
 219.5257055253640001 201.7244853438258042 220.1285281620848575   0.1698415197802020
 222.5870618623164098 204.3606533006459430 219.7468034830327680  -0.2341584802197979
 221.7158981145787155 205.4774814457933915 218.3143910735204674   0.1655415197802020
 225.1703174873867694 205.0900875883395381 220.7540275124127975   0.3225415197802020
 226.4307648187122474 207.1461096220458753 219.8771945862733393  -0.5579584818661324
 227.5400340593240285 207.8037343166504690 221.1546494528041092   0.3991415197802020
 226.3419476904179543 203.3893340678104275 222.7401296791640370  -0.2341584802197979
 228.1768717664554698 203.7805073775321145 223.4638947884558680   0.1655415197802020
 224.9397708990483771 201.3200839511666587 223.6358598666427174  -0.1906584802197980
 225.7636914934380293 200.1257770345284181 225.0380366580122678   0.1698415197802020
 221.8330611348818286 200.3166393740544628 228.3658443798476111   0.5972415203289801
 223.6094037007678010 199.2092598595766121 229.3692889569597801  -0.5679584818661324
 221.3474015184640842 202.7581655390807233 228.7985916645155762  -0.4157584802197979
 219.9565630838980349 203.6179909300148897 227.7951470874033803   0.2718415197802020
 222.8535132471993163 204.2756156246194834 230.5635958735980208  -0.0237584802197980
 224.8415051400844591 204.0393998578793270 230.0798259833141799   0.0879415197802020
 222.1675426605859028 207.0856383857603750 230.3387184636613924   0.0341415197802020
 220.1247487098170237 207.3048466172952396 230.4861171021072555   0.0240415197802020
 223.0084707901808471 208.1098699503456965 231.9166397854856258   0.0240415197802020
 223.0670523003324170 208.3082911944074355 227.8612875020906177   0.0017415197802020
 222.0579385448184572 207.4503555296071994 226.2871456325342179   0.0439415197802020
 222.5341495305666306 210.2925036350247447 227.9179792861082575   0.0439415197802020
 226.4213161880426230 208.1533336514259050 227.1299634882630925  -0.2737584802197979
 227.8253827055461306 208.8770987607177361 230.1610842070728058  -0.0536584802197980
 229.8417204904400931 209.1511090501363101 229.8851841915203015   0.0683415197802020
 226.9750059452815617 210.5835214596486373 230.9396513742483463   0.0683415197802020
 227.5324751547883343 207.3105157956970036 231.4668849656123688   0.0683415197802020
 222.5927310407181737 203.3666573542033715 233.3036987677838415   0.5972415203289801
 224.5108030666482455 203.0340655546332276 234.5773741820467509  -0.5679584818661324
 220.2872651573342487 202.8186367753661967 234.1994289552625218  -0.4157584802197979
 218.7584767149919607 203.1398902181328128 233.0844905362489768   0.2718415197802020
 219.9130993828178535 201.7603901403702913 236.7411106053866035  -0.0518584802197980
 220.9448898519388423 202.9263511649997121 238.0903750650063747   0.0921415197802020
 217.0992971694091011 201.7773976755755832 237.4762140714819626  -0.1102584802197980
 216.0448299866810296 200.6416722690889127 236.1156112550586633   0.0456415197802020
 216.9386704480258066 200.8571010483559435 239.3168073259212689   0.0456415197802020
 215.8558573732889151 204.4060067278600547 237.6632969587401735   0.3530415197802020
 215.6366491417540505 205.2129197870444151 235.7924680861581170  -0.0361584802197980
 213.2291380471383739 204.1206580816379527 238.8349271617713315  -0.4121584802197980
 212.2899441585795119 205.9518027054076346 238.8821703151193736   0.0999415197802020
 212.1047509974552313 202.8243059537679607 237.6954223030168272   0.0999415197802020
 213.3878750423877651 203.3874443416764971 240.7529991877014031   0.0999415197802020
 217.3562999236223833 206.2919534095134730 239.2582258157696989  -0.4121584802197980
 216.2867149318229500 208.0380603572566952 239.4736545950367300   0.0999415197802020
 217.7399143288084031 205.4982684332665438 241.1214957838160612   0.0999415197802020
 219.1345322156422860 206.7511568600563278 238.3265908317465312   0.0999415197802020
 221.0337069802331356 199.0977660176752629 236.9905544550641914   0.5972415203289801
 222.2903748592907799 198.5535248911059218 238.8689422321819154  -0.5679584818661324
 220.7445788817432000 197.4763809947708211 235.0724824291341196  -0.4157584802197979
 219.6371993672653492 197.9809378725277876 233.5890474140059433   0.2718415197802020
 222.0333721050774977 195.0178472945392688 235.0120111928486462  -0.0024584802197980
 221.5439330363918929 193.9596006595433634 236.7108749872438535   0.0977415197802020
 221.2094515106878187 193.4985074828665783 232.6725302390541373  -0.0343584802197980
 221.7801488031320494 194.5662027485320813 231.0057917889355837   0.0294415197802020
 222.2639186934158903 191.7278340953823699 232.6630816083845395   0.0294415197802020
 218.4258849154218166 192.8389930621280813 232.3663946053588829   0.0117415197802020
 216.7251313948927059 192.8560005973333731 234.4243063651991504  -0.1256584802197980
 217.3544101974884800 193.3586677489564095 236.2724585241741242   0.1329415197802020
 214.1626627572954719 192.2475087822107249 234.0482508645487981  -0.1704584802197980
 212.8852078907647021 192.2928622094248366 235.6072749250338363   0.1429415197802020
 213.2839401050220834 191.6087813489453265 231.6199527824599958  -0.1072584802197980
 211.3375221870831917 191.1609162552059998 231.3402733146396579   0.1296415197802020
 214.9714655426137626 191.5709868262669090 229.5658204748875888  -0.1704584802197980
 214.3119511218752654 191.0947758405187624 227.7195580420465454   0.1429415197802020
 217.5320444540770663 192.1813683675234607 229.9437657016718447  -0.1256584802197980
 218.7962712376703781 192.1700300107199328 228.3752930105172088   0.1329415197802020
 224.9227633638430850 195.3088651191631346 235.0403570848574661   0.5972415203289801
 226.2191154917130502 193.8443273653741806 236.2932455116472498  -0.5679584818661324
 225.9394360238927123 197.2382755018967343 233.7742405751302241  -0.4157584802197979
 224.7885928083346801 198.3380961118389178 232.7084350355986515   0.2718415197802020
 228.6152882295251989 197.9034591010370223 233.8517193466209894  -0.0252584802197980
 229.7377855530744382 196.2971918872039690 233.2129919133556180   0.0697415197802020
 228.9365416722918150 199.4832701489951860 232.5704850278223859   0.0697415197802020
 229.5185773215395738 198.6801365420786595 236.4841078511732946   0.5972415203289801
 231.4706644178802292 197.7522810103233254 237.3174770762325714  -0.5679584818661324
 228.0672676506880510 200.2183736150905451 237.8711668334715103  -0.4157584802197979
 226.4969052333994848 200.9648154379894588 237.0604743220192892   0.2718415197802020
 228.6549724783375467 200.8778880358290692 240.5073347902916491  -0.0518584802197980
 230.5730445042676185 201.6337784893975805 240.5659163004432190   0.0921415197802020
 226.7879230580233508 202.9509176047406983 241.3596012766901212  -0.1102584802197980
 226.5819429094259444 204.2756156246194834 239.7930183116694157   0.0456415197802020
 224.9341017206466129 202.1099894751457273 241.6921930762602651   0.0456415197802020
 227.5702696774667519 204.5080519390918061 243.6990822304846571   0.3530415197802020
 229.4429882761827118 205.3036266414726386 243.3816082399858747  -0.0361584802197980
 225.6956613526168884 206.6869061715029937 244.0203356732512463  -0.4121584802197980
 226.3041531677395100 207.9246767892214159 245.5529035678613948   0.0999415197802020
 225.6106236765904288 207.7848370553112469 242.2855670823115250   0.0999415197802020
 223.8153838493652343 205.9555821576754684 244.4417446011157102   0.0999415197802020
 227.5759388558685159 203.0567422682402835 246.2010796317963640  -0.4121584802197980
 227.8688464066263120 204.3701019313155406 247.7582139661474988   0.0999415197802020
 225.7863682070450850 202.0721949524673098 246.4467440292061182   0.0999415197802020
 229.1368526424874843 201.7207058915579435 246.2407638806087386   0.0999415197802020
 228.5888320636503093 198.5365173559006566 242.2194266676242876   0.5972415203289801
 230.3538362727327539 198.0640858224203436 243.6499493510026847  -0.5679584818661324
 226.6083990753008340 196.9869419260852163 242.0493513155713685  -0.4157584802197979
 225.1533099521814776 197.4744912686368908 240.8928389216115722   0.2718415197802020
 226.3759627608285381 194.6890349472369853 243.5875883885833080  -0.0275584802197980
 226.6726497638541679 195.1765842897886600 245.5661316507988530   0.1122415197802020
 223.6906619245264269 193.6496855735802753 243.3173575514325676  -0.0050584802197980
 223.3618495772241166 193.1356800651537112 241.3482629198865933   0.0338415197802020
 223.5357043815448964 191.9432628746494007 244.4587521363209754   0.0338415197802020
 221.6440885214897142 195.4260281394662747 244.1488370503579141  -0.1415584802197980
 221.9596727858545663 197.4555940072976954 245.6643974097627439  -0.1638584802197980
 223.7473537085440666 198.0489680133489553 246.4429645769383112   0.2061415197802020
 219.6806630683455306 198.6423420194002418 246.0763577069575566  -0.3418584802197979
 219.4935801810873195 200.1560126526711683 247.2253111963816855   0.3411415197802020
 217.7625910424154588 197.4612631856994594 244.7800055790876183   0.1379415197802020
 215.1717765128094318 197.9563714327868283 244.5419000862135315  -0.2601584802197979
 214.8051696428287040 194.2676260193725481 241.8131355488312388  -0.1972584802197980
 213.6524367011367415 193.0298554016541260 240.6717409639428042   0.1446415197802020
 217.4092122553721893 193.7838561290887072 242.0720280291784243  -0.2387584802197980
 218.2576992895028278 192.1813683675234607 241.1366135928874229   0.1699415197802020
 218.9550082329197693 195.3731158077164687 243.5516835920387938   0.1242415197802020
 228.3904108195885705 192.7161608634231772 242.9507506814518130   0.5972415203289801
 229.2634642934601951 191.3631169515355724 244.6250480361060339  -0.5679584818661324
 229.2445670321209996 192.6311231873967445 240.5791443833806504  -0.4157584802197979
 228.3715135582493752 193.7177157144014430 239.2620052680375328   0.2718415197802020
 231.5349151064335363 191.2742998232412790 239.8440409172852914  -0.0249584802197980
 231.4083034554608256 189.3467791666415829 240.5564676697735944   0.0842415197802020
 231.7371158027631091 191.1703648858755973 236.9622085630553715   0.2116415197802020
 230.0703773526445823 190.2500682586559575 236.1798619436119704   0.0351415197802020
 231.8467199185305548 193.0827677334039052 236.2063181094868868   0.0351415197802020
 233.9254186658439210 189.8324387830593540 236.2422229060313741  -0.6546584813173543
 233.6892028991037646 188.0560962171733816 236.6031605976103380   0.4274415197802020
 233.9103008567725593 192.4761656444151871 240.9854355021737260   0.5972415203289801
 235.4598762865879730 191.1080039234561938 242.0210054235625754  -0.5679584818661324
 234.1729727893876054 194.9838322241286849 241.0024430373790180  -0.4157584802197979
 232.8804001137854739 196.0609761204638125 240.0840361362932815   0.2718415197802020
 236.2894660593794162 196.3066405178735666 242.2099780369546898   0.0336415197802020
 238.0431319116583327 195.5186247200284015 241.4729848447254007   0.0822415197802020
 236.2289948230939428 199.1091043744787908 241.4710951185914972  -0.1825584802197980
 237.9184099868195253 200.0464085369037225 242.1891910494815644   0.0602415197802020
 236.2006489310851229 199.2961872617369751 239.4169628110190901   0.0602415197802020
 234.5717050036449869 200.0331804539662643 242.2628903687044690   0.0602415197802020
 236.4330852455574189 195.9192466604197131 245.0899206650506796   0.5972415203289801
 238.4834381008619921 196.1308959874188835 246.1538364784483219  -0.5679584818661324
 234.3921810209224701 195.1444589455120063 246.3730447099832134  -0.4157584802197979
 232.6970966787951234 195.1576870284494377 245.4867631531741574   0.2718415197802020
 234.6132789785912648 194.1655808081407967 248.9638592395892673  -0.0518584802197980
 235.5694804023554189 195.5790959563138749 250.1203716335490636   0.0921415197802020
 232.0205747228513075 193.6043321463661635 250.1298202642186612  -0.1102584802197980
 231.0813808342924457 192.1435738448450432 249.0243304758747139   0.0456415197802020
 230.2007684558851268 195.8436576150628513 250.4491839808513739   0.3530415197802020
 229.4637752636558643 196.4219138120427495 248.6180393570816383  -0.0361584802197980
 231.4196418122643535 198.1396748677771788 251.7134107644446587  -0.4121584802197980
 230.0099061163590820 199.6061023477000631 252.0214361242738434   0.0999415197802020
 232.8955179228568356 198.9144625826848856 250.5058757648690135   0.0999415197802020
 236.2195461924243182 191.7524005351233560 249.1377140439099934   0.5972415203289801
 236.4141879842182236 190.2765244245308471 247.1024789976768085  -0.4157584802197979
 235.5241269751413069 190.9001340487248570 245.5264474019864784   0.2718415197802020
 238.3190319272108369 188.3130989713866636 246.6772906175445376   0.0336415197802020
 237.5990462701868396 187.1698146603643256 245.1314946399969307   0.0822415197802020
 240.7303224740943473 189.5678771243103776 245.6870741233697999  -0.1825584802197980
 242.0909252905176735 188.1297955363963131 245.1144871047916657   0.0602415197802020
 240.2673395712836590 190.7338381489397986 244.0524610175278998   0.0602415197802020
 241.5599122468857905 190.7508456841450904 247.1553913294265877   0.0602415197802020
 229.3976348489686000 180.5652218223095416 242.1646246097405781   0.5972415203289801
 228.2619094424819293 181.7500801082781579 240.5205628732291073  -0.5679584818661324
 231.8618377276019164 180.8940341696118251 242.6294972386852238  -0.4157584802197979
 233.4794432982385245 182.6212438560158521 241.1781875678337010  -0.0014584802197980
 232.8388261388391959 184.5563234171512158 241.4918821060646228   0.0875415197802020
 236.2252153708260823 182.4077048028827514 242.1136020041247292  -0.0152584802197980
 236.3801729138076397 183.3468986914416134 243.9390774494926204   0.0294415197802020
 236.6636318338958114 180.4329409929350400 242.4254068162217209   0.0294415197802020
 238.2113175375773216 183.4640617117447265 240.3259210814352021  -0.0011584802197980
 238.2642298693271276 186.0605454197525445 239.8005772162051099  -0.1906584802197980
 236.8998476006359679 187.2794187761317444 240.6717409639428042   0.1698415197802020
 240.0575799704183921 187.0753283536682415 238.1243901354169586  -0.2341584802197979
 240.0915950408289757 189.0803277817587032 237.7275476472934808   0.1655415197802020
 241.7999074658937806 185.4671714137012579 236.9130756835734261   0.3225415197802020
 243.5119993432264191 186.4441598249385642 235.2709036731958586  -0.5579584818661324
 244.5286720032760733 185.1761535890773921 234.4791084230828599   0.3991415197802020
 241.7413259557422375 182.8461212659524807 237.4100736567947252  -0.2341584802197979
 243.0698034278888831 181.6083506482340585 236.4841078511732946   0.1655415197802020
 239.9706525682580022 181.8596842240456035 239.1391730693326555  -0.1906584802197980
 239.9706525682580022 179.8716923311604339 239.5568025449292592   0.1698415197802020
 233.2829117803106890 182.1129075259910518 238.3284805578804347   0.5972415203289801
 232.5704850278223859 183.8079918681183985 236.8998476006359679  -0.5679584818661324
 233.7572330399249323 179.7583087631251544 237.5347955816335057  -0.4157584802197979
 234.2580104654140650 178.4562874568534253 238.8462655185748594   0.2718415197802020
 233.5682604265328179 178.9400573471372662 234.8948481725455331  -0.0275584802197980
 234.7191036420908500 180.1891663216592163 233.7251076956482787   0.1122415197802020
 234.6132789785912648 176.2415284278977236 234.6321762399304870  -0.0050584802197980
 233.8101453716747383 175.0510009635273168 236.1137215289247332   0.0338415197802020
 233.9669926407901992 175.4780790697935180 232.8293775081695982   0.0338415197802020
 237.4421990010713787 175.9996434827558031 234.6718604887428348  -0.1415584802197980
 238.9180751116638876 175.9580695078095250 236.7543386883240349  -0.1638584802197980
 241.7148697898673211 175.6632722309177986 233.5172378209169420   0.1379415197802020
 243.5006609864228913 175.2645400166604173 229.3371636126831266  -0.1134584802197980
 241.0477964645931298 175.3439085142851129 228.3148217742317354  -0.1972584802197980
 240.8002423410494452 175.2343043985176941 226.2890353586681483   0.1446415197802020
 238.9237442900656515 175.6084701730340893 229.8965225483238294  -0.2387584802197980
 237.0548051436175253 175.6878386706587849 229.0839403107376783   0.1699415197802020
 239.1977545794842257 175.7766557989530780 232.5459185880814264   0.1242415197802020
 230.8527239720879833 179.0987943423866574 233.8876241431655036   0.5972415203289801
 230.4880068282411590 179.9000382231692538 231.7390055288970392  -0.5679584818661324
 228.9365416722918150 178.4260518387106751 235.3937358719007356  -0.4157584802197979
 229.3163766252100011 177.7325223475615941 237.1379530935100545   0.2718415197802020
 226.2909250848020786 178.5734504771565384 234.5943817172520427   0.0336415197802020
 226.0736065794011174 177.4698504149465212 232.8671720308480156   0.0822415197802020
 224.6071790994782330 177.3942613695896863 236.6371756680209218  -0.1825584802197980
 224.8074900696738754 178.4260518387106751 238.4078490555051303   0.0602415197802020
 225.4688942165463297 181.2927663838692332 233.9783309975937270   0.5972415203289801
 224.4541112826306057 181.7614184650816858 231.9336473206909178  -0.5679584818661324
 225.9640024636336984 183.1050137462996930 235.6677461613193096  -0.4157584802197979
 226.8049305932286426 182.6269130344176161 237.3288154330360993   0.2718415197802020
 225.3706284575824119 185.7733070473965124 235.2198810675799829  -0.0024584802197980
 223.4185413612417563 185.9339337687798069 234.5924919911181392   0.0977415197802020
 225.6786538174115966 187.2548523363907583 237.6954223030168272  -0.0343584802197980
 227.6212922830826276 187.0375338309898240 238.3473778192196569   0.0294415197802020
 225.3781873621181062 189.2466236815437616 237.2834620058219875   0.0294415197802020
 223.8985317992577635 186.5707714759112750 239.8497100956870553   0.0117415197802020
 221.4399980990262112 185.6372467657541769 239.3980655496798680  -0.1256584802197980
 220.7672555953502558 185.3311111320589226 237.5007805112229487   0.1329415197802020
 219.8034952670504077 185.1289104357293500 241.4295211436452190  -0.1704584802197980
 223.0349269560557635 186.5140796918936354 244.3850528170980706  -0.1704584802197980
 224.6827681448350949 186.9940701299096426 242.3554869492666228  -0.1256584802197980
 226.5592661958188886 187.7008277039961817 242.7315424499169752   0.1329415197802020
 226.9712264930137281 186.9071427277492527 233.0844905362489768   0.5972415203289801
 225.9677819159015322 188.2885325316457043 231.4990103098890491  -0.5679584818661324
 229.3900759444329326 186.1871570707252552 232.9049665535264601  -0.4157584802197979
 230.1100616014569301 185.0589905687742788 234.2787974528871906   0.2718415197802020
 231.0776013820246119 186.9449372504276970 230.8451650675522892  -0.0518584802197980
 231.2457870079436006 189.0009592841340076 230.8697315072932753   0.0921415197802020
 233.6967618036394588 185.7733070473965124 231.3761781111841453  -0.1102584802197980
 234.1918700507268276 186.2419591286089915 233.3055884939177448   0.0456415197802020
 233.5701501526667212 183.7210644659580355 231.2968096135594765   0.0456415197802020
 235.9001824757916325 186.6633680564734288 229.7056602087977847   0.3530415197802020
 235.5392447842126686 188.5719914517338760 229.0215793483182745  -0.0361584802197980
 238.3454880930857265 186.6595886042055682 231.2495664602114344  -0.4121584802197980
 239.9612039375884044 187.1017845195431579 230.0571492697071241   0.0999415197802020
 238.2283250727826135 188.0731037523786734 232.7443398321431386   0.0999415197802020
 238.6421750961113833 184.8057672668288305 232.1018329466099065   0.0999415197802020
 236.2932455116472498 184.8870254905874296 227.4701141923689307  -0.4121584802197980
 237.8258134062573985 185.5692166249330094 226.2814764541324540   0.0999415197802020
 236.7637873189936595 182.9935199043983439 228.1390772437770523   0.0999415197802020
 234.5792639081806810 184.7982083622931362 226.3570654994893160   0.0999415197802020
 229.9891191288859564 186.1588111787164355 228.2694683470176236   0.5972415203289801
 229.6432992463783811 187.7480708573442238 226.6102888014347643  -0.5679584818661324
 229.2974793638707788 183.7513000841007589 227.9557738087867019  -0.4157584802197979
 229.5998355452981727 182.5286472754537252 229.4051937535042943   0.2718415197802020
 228.1749820403215663 182.7648630421938817 225.6181825811260963  -0.0518584802197980
 229.3825170398972383 183.2769788244865424 224.0270331763644047   0.0921415197802020
 228.0124655928043415 179.8622437004908361 225.7806990286433211  -0.1102584802197980
 227.7101094113769208 179.2991053125822997 227.7403450295196710   0.0456415197802020
 226.3570654994893160 179.2386340762968264 224.7205626675135124   0.0456415197802020
 230.3028136671168782 178.4411696477820636 224.6752092402994007   0.3530415197802020
 230.2461218830992385 178.6188039043706501 222.6229666588609240  -0.0361584802197980
 232.8860692921872378 179.3728046318052313 225.5690497016441509  -0.4121584802197980
 234.3695043073154141 178.1331442879528789 224.8604024014236815   0.0999415197802020
 233.2243302701591458 181.2511924089229553 224.8169387003434998   0.0999415197802020
 232.9654377898119334 179.4143786067514826 227.6250717353504612   0.0999415197802020
 230.0968335185194719 175.6387057911768393 225.3441722917075223  -0.4121584802197980
 231.6218425085939261 174.5899077868505317 224.4427729258270778   0.0999415197802020
 230.2215554433582793 175.4006002983027525 227.3888559686103047   0.0999415197802020
 228.2959245128925132 174.8960434205457860 224.6789886925672343   0.0999415197802020
 225.5728291539119845 183.9213754361536780 225.0550441932175598   0.5972415203289801
 225.0455955625479621 184.5053008115353401 222.8667413301367745  -0.5679584818661324
 223.9722311184806952 184.3238871026789199 226.9693367668797978  -0.4157584802197979
 224.4635599133002303 183.7456309056989949 228.7305615236944087   0.2718415197802020
 221.5269255011866011 185.5673268987990791 226.6197374321043619   0.0336415197802020
 220.4516713309854039 184.5166391683388680 225.2081120100651871   0.0822415197802020
 220.0642774735315504 185.4898481273083138 229.1198451072821923  -0.1825584802197980
 218.1991177793512578 186.3232173523675906 228.8590629008010497   0.0602415197802020
 219.8469589681305893 183.5377610309676582 229.7434547314762022   0.0602415197802020
 221.0752809551794136 186.5537639407059832 230.5673753258658546   0.0602415197802020
 221.8273919564800646 188.2904222577796078 225.6333003901974848   0.5972415203289801
 220.4781274968602933 189.0482024374820496 223.8890831685881659  -0.5679584818661324
 223.6528674018480094 189.7171654888901713 226.6518627763810156  -0.4157584802197979
 224.6506428005584146 189.0104079148036051 228.1315183392413581   0.2718415197802020
 224.2424619556314355 192.2758546742195448 225.7561325889023618  -0.0249584802197980
 222.4925755556203525 193.3567780228224791 225.7901476593129457   0.0842415197802020
 226.1302983634187571 193.5967732418304961 227.5305854286544041   0.2116415197802020
 226.0603784964636860 195.6206699312601531 227.1583093802719122   0.0351415197802020
 225.5784983323137485 193.2811889774656440 229.4902314295307539   0.0351415197802020
 228.6606416567393107 192.7955293610478728 227.2017730813521207  -0.6546584813173543
 228.7796944031763541 190.9757230940817190 227.4417683003601108   0.4274415197802020
 225.1722072135206997 192.2645163174160167 223.0028016117790831   0.5972415203289801
 224.0912838649177386 193.5911040634287321 221.4286597422226833  -0.5679584818661324
 226.9825648498172560 190.6280134854402134 222.3225002035674334  -0.4157584802197979
 227.8631772282245481 189.6226791821940871 223.6944413767942605   0.2718415197802020
 227.8726258588941456 190.3596723744233765 219.7033397819525866  -0.0275584802197980
 228.6058395988556014 192.1756991891216967 219.0627226225532847   0.1122415197802020
 230.0628184481088881 188.4718359666360548 219.5710589525780850  -0.0050584802197980
 229.6527478770479787 186.8561201221333770 220.7861528566894511   0.0338415197802020
 230.1818711945459315 187.7537400357459877 217.6416485698445121   0.0338415197802020
 232.6290665379739559 189.5092956141588345 220.1946685767721217  -0.1415584802197980
 234.0406919600131308 188.8630092763577420 222.2166755400678482  -0.1638584802197980
 233.4322001448904824 187.5609879700860127 223.6660954847854408   0.2061415197802020
 236.3952907228790014 189.9836168737730510 222.0617179970863176  -0.3418584802197979
 237.8258134062573985 189.5962230163191976 223.2749221750637536   0.3411415197802020
 236.6107195021460322 191.4481546275620319 219.9187685612196174   0.1379415197802020
 238.6062702995668693 192.8560005973333731 218.8831986398307680  -0.2601584802197979
 240.3977306745242034 192.8786773109404022 219.8034952670504077   0.1571415197802020
 238.2302147989165438 194.1806986172121582 216.6060786484556627  -0.1134584802197980
 239.7476648844553039 195.2389452522080636 215.7878272324677474   0.1416415197802020
 235.8623879531132150 194.1145582025249208 215.3928744704781997  -0.1972584802197980
 235.5921571159624746 195.1312308625745481 213.6694442363420333   0.1446415197802020
 233.8611679772906140 192.6726971623429958 216.4019882259921598  -0.2387584802197980
 232.0904945898063787 192.5763211295130084 215.4438970760940756   0.1699415197802020
 234.1975392291285917 191.2497333835002929 218.7263513707153069   0.1242415197802020
 225.7618017673041258 189.6018921947209615 217.8627465275132801   0.5972415203289801
 225.6578668299384441 190.5902189627617689 215.7575916143250242  -0.5679584818661324
 224.0497098899714604 187.9049181264596847 218.6167472549478613  -0.4157584802197979
 224.2594694908367273 187.0847769843378661 220.3401774890840547   0.2718415197802020
 221.9237679893100521 187.1376893160876453 217.0331567547218639   0.0336415197802020
 222.6588714554054111 186.4932927044205097 215.2190196661574470   0.0822415197802020
 220.5556062683510587 184.9191508348641099 218.2992732644491059  -0.1825584802197980
 218.9928027555981868 184.2974309368040033 217.1087458000786989   0.0602415197802020
 221.8670762052924124 183.3525678698433774 218.5638349231980821   0.0602415197802020
 219.8205028022556997 185.4917378534422441 220.1379767927544819   0.0602415197802020
 220.1266384359509540 189.3562277973112074 216.5021437110899808   0.5972415203289801
 219.5181466208283058 189.8645641273360076 214.3138408480091689  -0.5679584818661324
 219.3367329119718586 190.7413970534754926 218.4580102596984701  -0.4157584802197979
 219.9357760964249093 190.2840833290665414 220.2249041949148449   0.2718415197802020
 217.6870019970585970 192.9334793688241384 218.1480951737353821   0.0336415197802020
 216.0259327253418342 192.3363259105050181 217.0879588126055732   0.0822415197802020
 216.8309560583922911 193.7876355813565408 220.7767042260198535  -0.1825584802197980
 215.8879827175655687 195.6168904789923193 220.6633206579845741   0.0602415197802020
 215.5213758475848677 192.4005765990583253 221.5590508454632546   0.0602415197802020
 218.4580102596984701 193.9104677800614178 222.0352618312114012   0.0602415197802020
 218.9531185067858390 195.0461931865480885 216.5909608393842742   0.5972415203289801
 217.7777088514868205 196.0628658465977158 214.8543025223106496  -0.5679584818661324
 221.3814165888746681 195.5583089688407493 217.0501642899271558  -0.4157584802197979
 222.2280138968713763 194.6852554949691247 218.5373787573231657   0.2718415197802020
 222.9498892800293039 197.2647316677716507 215.5327142043883956  -0.0024584802197980
 222.2091166355321541 199.1828036937017225 215.6706642121646343   0.0977415197802020
 225.6030647720547346 197.2231576928253728 216.7062341335534838  -0.0343584802197980
 225.5029092869569135 198.0432988349471914 218.5959602674747356   0.0294415197802020
 226.2134463133112863 195.2729603226186474 216.9292218173561820   0.0294415197802020
 227.6042847478773356 198.5894296876504358 215.2020121309521552   0.0117415197802020
 228.1560847789823442 201.1311113377745175 215.7424738052536357  -0.1256584802197980
 227.1601991064058425 202.0892024876726016 217.2089012851765201   0.1329415197802020
 230.0477006390375264 202.3934483952339258 214.3780915365625028  -0.1704584802197980
 230.4936760066429229 204.2945128859587056 214.8580819745784832   0.1429415197802020
 231.3346041362378940 201.1462291468458792 212.4108866311504856  -0.1072584802197980
 232.7481192844109993 202.1156586535474912 211.3469708177528163   0.1296415197802020
 230.7620171176597598 198.6102166751235614 211.8496379693758525  -0.1704584802197980
 231.7125493630221496 197.6577947036272681 210.3510851451763147   0.1429415197802020
 228.9289827677561477 197.3214234517892905 213.2726017482185555  -0.1256584802197980
 228.5208019228291418 195.3882336167878302 212.8625311771576461   0.1329415197802020
 222.9782351720381237 196.5428562846137230 212.7094633603100457   0.5972415203289801
 222.5152522692274085 198.1321159632414845 211.0635118976646177  -0.5679584818661324
 223.3901954692329365 194.1183376547927546 212.1123099019909254  -0.4157584802197979
 223.7983763141599423 192.8881259416100266 213.5296045024318643   0.2718415197802020
 223.4015338260364644 193.1810334923678229 209.5044878371795796  -0.0518584802197980
 224.7980414390042777 194.2695157455064515 208.4500206544515349   0.0921415197802020
 224.1971085284173238 190.3823490880304323 209.5044878371795796  -0.1102584802197980
 226.0792757578028814 190.2198326405132075 210.3302981577031890   0.0456415197802020
 222.8931974960116641 189.3316613575702212 210.7044639322195842   0.0456415197802020
 224.2027777068190877 189.1483579225798707 206.8645404280916070   0.3530415197802020
 222.3565152739780172 189.3618969757129714 205.9820383235503849  -0.0361584802197980
 226.2115565871773830 190.3029805904057367 205.1335512894197464  -0.4121584802197980
 226.2266743962487445 189.3184332746327898 203.3269731053910237   0.0999415197802020
 225.7901476593129457 192.2890827571569762 204.7877314069121442   0.0999415197802020
 228.0710471029558846 190.1461333212902758 206.0084944894252744   0.0999415197802020
 224.7205626675135124 186.3175481739658267 207.0988664686978332  -0.4121584802197980
 224.6808784187011646 185.4407152478263683 205.2374862267854012   0.0999415197802020
 226.5668251003545829 186.0095228141366689 207.9605815857659299   0.0999415197802020
 223.2730324489298233 185.4463844262281322 208.2780555762646855   0.0999415197802020
 220.8352857361714235 193.5646478975538426 208.1986870786400167   0.5972415203289801
 220.7559172385467279 194.3299869817919248 206.0009355848895802  -0.5679584818661324
 218.7414691797866686 193.0997752686091970 209.5328337291883996  -0.4157584802197979
 218.9398904238484076 192.4648272876116592 211.3356324609492884   0.2718415197802020
 216.1884491728590591 193.5400814578128564 208.5274994259423002  -0.0597584802197980
 216.0164840946722365 192.5290779761649931 206.7454876816545636   0.0868415197802020
 214.1607730311615416 192.5177396193614652 210.3699824065155100   0.1302415197802020
 214.5254901750083661 193.3114245956083942 212.2351421006958026   0.0186415197802020
 214.2609285162593897 189.6056716469887951 210.6307646129966526  -0.0430584802197980
 216.0901834138951413 189.0576510681516472 211.3790961620294698   0.0235415197802020
 212.8493030942202147 189.0255257238749936 212.0140441430270076   0.0235415197802020
 215.7916066847355812 196.3387658621502201 207.8774336358734007   0.5972415203289801
 214.8467436177749553 196.9037939761926869 205.8214116021670633  -0.5679584818661324
 216.6022991961878021 198.0905419882952332 209.5139364678492040  -0.4157584802197979
 217.3846458156312032 197.5066166129135711 211.1693365611642029   0.2718415197802020
 216.4756875452150912 200.8268654302131933 208.9885926026190851  -0.0875584802197980
 214.5179312704726718 201.3144147727648948 208.5823014838260095   0.0968415197802020
 217.3109464964082715 202.3991175736356898 211.3053968428065382   0.2984415197802021
 219.2025623564634537 201.8303100073253892 211.8798735875186027  -0.0297584802197980
 217.3355129361492576 205.2431554051871652 210.7365892764962378  -0.3192584802197979
 217.7871574821564451 206.2957328617813066 212.4505708799628334   0.0790415197802020
 218.7811534285990164 205.6834615943908246 209.3363022112605907   0.0790415197802020
 215.4968094078438816 205.8497574941758832 210.0336111546775322   0.0790415197802020
 215.5024785862456456 202.0155031684496700 213.5390531331014620  -0.3192584802197979
 216.1884491728590591 203.0586319943741868 215.1793354173450992   0.0790415197802020
 213.6203113568600880 202.6920251243934859 213.0496140644158572   0.0790415197802020
 215.3834258398086022 200.0294010016984307 214.0454997369923589   0.0790415197802020
 218.0082554398252131 201.5052771122909395 206.6226554829496866   0.5972415203289801
 217.0312670285879336 202.7921806094913071 204.9464684021615354  -0.5679584818661324
 220.3193905016109022 200.5150606181162019 206.3675424548703080  -0.4157584802197979
 221.0299275279653018 199.4927187796647838 207.8301904825253586   0.2718415197802020
 221.9143193586404545 200.9119031062396528 204.1338861645753841   0.0212415197802020
 222.2469111582105984 202.9357997956693098 203.9127882069066161   0.1123415197802020
 224.4692290917019942 199.6249996090392854 204.6346635900645170  -0.1231584802197980
 225.3214955781004663 200.4640380125003262 206.3184095753883624   0.1111415197802020
 224.1933290761494899 197.6105515502792262 204.9729245680364248   0.1111415197802020
 226.5706045526224165 200.0577468937072506 201.9569216582981000  -0.3119584802197979
 228.7248923452926448 199.5305133023432281 203.1776847408112302   0.1932415197802020
 220.6519823011810462 199.9859373006182492 201.6715730120759982   0.5972415203289801
 220.5480473638153913 201.3635476522468404 199.7894057826904406  -0.5679584818661324
 219.5408233344353616 197.7125967615109776 201.6791319166116924  -0.4157584802197979
 219.6825527944794610 196.6430117697115443 203.2702813213733841   0.2718415197802020
 222.0352618312114012 192.2475087822107249 199.7931852349582742  -0.4121584802197980
 222.8270570813244269 194.0559766923733508 199.2054804073087785   0.0999415197802020
 222.0409310096131652 192.1549122016485711 201.8473175425306812   0.0999415197802020
 218.5581657447963182 207.6034233464547999 200.5925393896069671  -0.1102584802197980
 217.9799095478163932 207.2594931900811547 202.5427367598136924   0.0456415197802020
 220.2362425517183728 206.4620287615663653 200.2316016980280033   0.0456415197802020
 219.2649233188828573 210.4153358337296217 200.3827797887417002   0.3530415197802020
 219.8942021214786312 210.8272961309244612 198.4647077628116284  -0.0361584802197980
 217.0501642899271558 212.1557736030711070 201.0649709230872801  -0.4121584802197980
 217.7134581629335135 214.1059709732778323 201.1556777775155036   0.0999415197802020
 216.2791560272872825 211.6398783685106124 202.9055641775265866   0.0999415197802020
 221.4154316592852520 210.9803639477720885 202.2271524954488404  -0.4121584802197980
 222.0295926528096373 212.9362304963805778 202.0117237161818364   0.0999415197802020
 220.7899323089573117 210.6969050276838900 204.1697909611198982   0.0999415197802020
 223.0198091469843750 209.7444830561875966 201.8567661732002788   0.0999415197802020
 229.9097506312612608 221.8311714087479251 195.7850761049113082   0.0881415197802020
 232.5572569448849277 223.8153838493652343 196.3482144928198447   0.0881415197802020
 234.0142357941382142 217.9043205024595582 196.3501042189537482  -0.5679584818661324
 229.6451889725122844 215.2379169274966692 196.4408110733819717   0.0921415197802020
 225.8827442398750727 211.6531064514480438 197.0304056271653977  -0.4121584802197980
 224.9832346001285585 209.9769193706598926 197.8108625204748953   0.0999415197802020
 227.3642895288693455 212.2332523745618723 198.3399858379728211   0.0999415197802020
 224.4919058053090502 213.1629976324511365 196.8716686319160333   0.0999415197802020
 232.4835576256620229 211.5699585015555146 197.2817392029769427  -0.5679584818661324
 238.7782353777536917 209.8049542924730700 197.5670878491990446  -0.5679584818661324
 240.0367929829452664 214.9544580074084706 198.1396748677771788  -0.0024584802197980
 241.8698273328488785 214.0228230233853029 198.2870735062230419   0.0977415197802020
 240.4903272550863572 217.7569218640136949 197.5160652435831689  -0.0343584802197980
 238.6799696187898008 218.6809979435011952 197.1967015269504832   0.0294415197802020
 241.9019526771255052 219.2649233188828573 199.5059468626022420   0.0117415197802020
 244.5267822771421429 219.6598760808724050 199.2848489049334470  -0.1256584802197980
 245.8080165959407466 221.1735467141433315 201.0593017446855162  -0.1704584802197980
 247.8130160240312083 221.5155871443830730 200.8627702267577075   0.1429415197802020
 244.4719802192584336 222.2695878718176542 203.0775292557134090  -0.1072584802197980
 245.4432994520939760 223.4261002657774505 204.4570293334759304   0.1296415197802020
 241.8641581544471145 221.8406200394175228 203.3269731053910237  -0.1704584802197980
 240.8437060421296268 222.6626509076732718 204.8954457965456595   0.1429415197802020
 240.5772546572467469 220.3647439288250140 201.5355127304336628  -0.1256584802197980
 238.5609168723527576 220.0964028178082040 201.7263750699597075   0.1329415197802020
 238.6856387971915649 214.5651744238207139 200.6775770656334267   0.5972415203289801
 239.7986874900711796 213.4766921706820583 202.3972278475017595  -0.5679584818661324
 236.2573407151027627 215.2549244627019612 200.8589907744898738  -0.4157584802197979
 235.4447584775166113 216.1090806752343634 199.3434304150850170   0.2718415197802020
 234.7304419988943779 214.9639066380780952 203.1720155624094663  -0.0597584802197980
 235.5486934148822932 216.1317573888414194 204.6630094820733369   0.0868415197802020
 231.9960082831103214 215.8860929914316652 202.6920251243934859   0.1302415197802020
 231.3081479703630044 214.9525682812745673 200.9874921515965148   0.0186415197802020
 230.1969890036172930 215.1717765128094318 204.8670999045368398  -0.3204584802197979
 228.3242704049013331 215.9673512151902643 204.5628539969755156   0.0881415197802020
 229.9891191288859564 213.1289825620405528 205.0107190907148425   0.0881415197802020
 230.9283130174448184 215.8823135391638047 206.6510013749585065   0.0881415197802020
 231.9430959513605422 218.7735945240633222 202.2366011261184650  -0.0430584802197980
 232.1226199340830590 219.7694801966398238 204.0261717749418687   0.0235415197802020
 233.5380248083900676 219.3367329119718586 201.0649709230872801   0.0235415197802020
 229.5374745828787691 219.6579863547384747 200.8873366664986936  -0.0660584802197980
 227.8820744895637702 219.3556301733110810 202.0721949524673098   0.0185415197802020
 229.6962115781281603 221.6686549612307003 200.4734866431699237   0.0185415197802020
 229.3012588161386126 218.6337547901531533 199.1185530051483886   0.0185415197802020
 234.7965824135816153 212.2200242916244409 204.1206580816379527   0.5972415203289801
 235.5033399876681815 211.7475927581441279 206.2825047788438484  -0.5679584818661324
 234.2202159427356475 210.3813207633190379 202.4803757973942887  -0.4157584802197979
 233.7137693388447507 210.8820981888081707 200.6983640531065523   0.2718415197802020
 234.2334440256730789 207.6846815702134256 203.1682361101416327  -0.0597584802197980
 232.9692172420797672 207.4257890898662133 204.7745033239746860   0.0868415197802020
 233.2318891746948401 206.0538479166393862 200.9534770811859310   0.1302415197802020
 234.2485618347444674 206.5961993170747702 199.2413852038532656   0.0186415197802020
 233.6835337207020006 203.2079203589539805 201.4089010794609521  -0.3204584802197979
 232.9352021716691834 202.0892024876726016 199.8555461973776778   0.0881415197802020
 235.6998715055959902 202.8054086924287385 201.5241743736301349   0.0881415197802020
 232.7821343548215829 202.6277744358401520 203.1701258362755628   0.0881415197802020
 230.3765129863398098 206.5508458898606853 200.5509654146606890  -0.0430584802197980
 229.3144868990760708 205.7892862578904098 202.1458942716902413   0.0235415197802020
 230.0325828299661378 208.5785220315581759 200.4923839045091459   0.0235415197802020
 229.3258252558795987 205.4283485663114460 198.0905419882952332  -0.0660584802197980
 229.3485019694866547 203.3723265326051354 198.1529029507146370   0.0185415197802020
 227.3737381595389432 206.0368403814340942 197.8448775908854523   0.0185415197802020
 230.4502123055627415 206.0765246302464420 196.4899439528639170   0.0185415197802020
 236.8658325302253840 206.8343048099488570 204.0526279408167852   0.5972415203289801
 237.0491359652157614 205.4491355537845716 205.9102287304613567  -0.5679584818661324
 238.8897292196550679 207.6903507486151896 202.8035189662948350  -0.4157584802197979
 238.6100497518347029 208.8676501300481384 201.3144147727648948   0.2718415197802020
 241.5013307367342204 207.0950870164299996 203.5027176358456801  -0.0252584802197980
 241.8131355488312388 205.0655211485985786 203.3439806405963157   0.0697415197802020
 242.7674472464614894 208.0626267969976815 202.1988066034400204   0.0697415197802020
 242.1740732404101758 207.9360151460249438 206.1880184721477911   0.5972415203289801
 243.1567308300492461 206.4336828695575453 207.6676740350081338  -0.5679584818661324
 241.5334560810108741 210.2736063736855494 206.8815479632968990  -0.4157584802197979
 240.6792998684784717 211.4150009585739840 205.5984239183643651   0.2718415197802020
 241.8906143203219773 211.2222488929140089 209.4648035883672318  -0.0275584802197980
 243.8464808689305202 210.9104440808169907 210.0336111546775322   0.1122415197802020
 241.3917266209668016 214.0757353551351089 209.5007083849117458  -0.0050584802197980
 239.6701861129645386 214.5009237352673798 208.4481309283176046   0.0338415197802020
 241.0818115350037134 214.6521018259810767 211.4565749335202351   0.0338415197802020
 243.5290068784317378 215.6272005110844529 208.4745870941924942  -0.1415584802197980
 244.1601754071614420 215.8842032652977350 206.0141636678270384  -0.1638584802197980
 243.1718486391206346 215.0489443141045548 204.4494704289402362   0.2061415197802020
 246.3031248430281155 217.3317334838814240 205.7760581749529516  -0.3418584802197979
 247.0193310477843061 217.8532978968436825 204.0828635589595084   0.3411415197802020
 247.2045242089085599 218.0857342113160052 208.0853035106047372   0.1379415197802020
 249.3040099436950518 219.5294849776318337 208.8147377982983323  -0.2601584802197979
 250.5739059056901813 220.2532500869236649 207.4295685421340470   0.1571415197802020
 249.7235291454255856 219.9735706191033267 211.3942139711008315  -0.1134584802197980
 251.3373552637943600 221.0337069802331356 211.9856982510181879   0.1416415197802020
 248.0246653510303785 219.0268178260087707 213.2064613335313181  -0.1972584802197980
 248.3515879721987584 219.3953144221234288 215.1472100730684457   0.1446415197802020
 245.9308487946456236 217.5566108938180526 212.4940345810430148  -0.2387584802197980
 244.6911884507933249 216.8101690709191386 213.8886524678768980   0.1699415197802020
 245.4584172611653107 217.0331567547218639 209.8540871719550156   0.1242415197802020
 240.2333245008730751 209.8030645663391397 211.3715372574937755   0.5972415203289801
 241.1328341406195893 209.0471741127706552 213.3784264117181675  -0.5679584818661324
 237.8579387505340521 209.2739412488411871 210.7176920151570424  -0.4157584802197979
 237.1889756991259304 209.9296762173118774 209.0415049343688911   0.2718415197802020
 236.1061626243890389 207.9756993948372916 212.4184455356861531  -0.0275584802197980
 236.2006489310851229 208.8997754743247919 214.2590387901254594   0.1122415197802020
 233.3849569915424404 208.3196295512109634 211.4622441119219990  -0.0050584802197980
 233.3169268507212728 207.8793233620073042 209.4496857792958701   0.0338415197802020
 232.2000987055738243 206.9420191995823723 212.4052174527487217   0.0338415197802020
 232.1793117181006987 210.8726495581385730 211.8817633136525330  -0.1415584802197980
 233.2054330088199237 213.1441003711119143 211.3072865689404685  -0.1638584802197980
 235.0498057155270638 213.4218901127983490 210.4776967961490255   0.2061415197802020
 231.4857822269515909 215.0527237663723884 211.7475927581441279  -0.3418584802197979
 231.7654616947719288 216.8593019504011110 211.1428803952893133   0.3411415197802020
 229.2634642934601951 214.1286476868848881 212.7245811693814074   0.1379415197802020
 226.9920134804868538 215.2946087115143088 213.4464565525393082  -0.2601584802197979
 226.7652463444162948 217.2863800566673123 213.2423661300758321   0.1571415197802020
 225.0096907660034481 213.8036147918504384 214.3969887979016981  -0.1134584802197980
 223.2673632705280593 214.6709990873202991 214.9298915676675114   0.1416415197802020
 225.3044880428951745 211.1693365611642029 214.6256456601061871  -0.1972584802197980
 223.7927071357581783 210.0506186898828243 215.3645285784693800   0.1446415197802020
 227.5627107729310845 209.9825885490616566 213.8603065758680781  -0.2387584802197980
 227.7460142079214350 207.9813685732390555 214.0095949404478447   0.1699415197802020
 229.6527478770479787 211.4584646596541654 212.8568619987558822   0.1242415197802020
 236.8261482814130362 205.1902430734373591 212.9059948782378546   0.5972415203289801
 236.2157667401564845 204.2113649360661495 214.9242223892657474  -0.5679584818661324
 238.2169867159790856 203.9090087546387557 211.2109105361104811  -0.4157584802197979
 238.5571374200849238 204.7291498967605743 209.5082672894474401   0.2718415197802020
 239.4018450019477284 201.4353572453358417 211.7986153637599768  -0.0875584802197980
 238.1848613717024320 200.4621482863663958 213.1441003711119143   0.0968415197802020
 239.6286121380182605 199.6627941317177029 209.4931494803760517   0.2984415197802021
 240.4185176619973559 197.8826721135638967 210.1677817101859373  -0.0297584802197980
 237.0283489777426357 199.0486331381932906 208.3838802397642975  -0.3192584802197979
 237.2286599479382782 197.6918097740378519 206.8475328928863152   0.0790415197802020
 235.8586085008453812 198.2171536392679441 209.8521974458211121   0.0790415197802020
 236.1307290641300250 200.7550558371241920 207.6582254043385360   0.0790415197802020
 241.3652704550918851 200.6095469248122592 207.3823253887860317  -0.3192584802197979
 241.5126690935377485 199.1752447891660282 205.9102287304613567   0.0790415197802020
 240.5980416447198726 202.3235285282788278 206.5565150682624492   0.0790415197802020
 243.2549965890131370 200.9856024254625845 208.1098699503456965   0.0790415197802020
 241.9699828179466729 201.6659038336742340 213.1233133836387887   0.5972415203289801
 242.6181588818816957 200.0029448358235411 214.6199764817044232  -0.5679584818661324
 243.4023952274590003 203.7086977844431132 212.6830071944351293  -0.4157584802197979
 242.8014623168720730 204.9880423771077865 211.3904345188329977   0.2718415197802020
 245.7985679652711490 204.2283724712714414 213.9925874052425528  -0.0518584802197980
 247.0514563920609596 202.6221052574383881 213.6902312238151590   0.0921415197802020
 247.0552358443287664 206.5716328773338109 212.7963907624704087  -0.1102584802197980
 247.3972762745685349 206.1180986051926933 210.8159577741209334   0.0456415197802020
 245.7569939903248978 208.1627822820955025 212.8417441896845205   0.0456415197802020
 249.5704613285779854 207.3974431978573934 214.0228230233853029   0.3530415197802020
 250.5625675488866534 205.7458225568102284 214.7541470372128283  -0.0361584802197980
 251.2560970400357343 208.6522213507811075 212.0348311305001333  -0.4121584802197980
 253.0362190581895673 209.2304775477610057 212.8965462475682300   0.0999415197802020
 251.6623881588288099 207.3199644263666282 210.5192707710953034   0.0999415197802020
 250.3131236992090387 210.3132906224978972 211.2600434155924264   0.0999415197802020
 249.2076339108650912 209.3325227589927571 216.1506546501806416  -0.4121584802197980
 251.0406682607687034 209.9240070389101134 216.8781992117403064   0.0999415197802020
 248.2117482382886164 210.9954817568434502 215.4476765283619361   0.0999415197802020
 248.1456078236013253 208.5237199736744664 217.7134581629335135   0.0999415197802020
 245.4206227384869200 204.4797060470829864 216.8593019504011110   0.5972415203289801
 246.9078372058829031 203.4365772211584427 218.3049424428508699  -0.5679584818661324
 243.3664904309144862 205.6966896773282560 217.6870019970585970  -0.4157584802197979
 242.2780081777758576 206.6037582216104644 216.3963190475903958   0.2718415197802020
 242.6143794296138353 205.7855068056225762 220.3628542026911105  -0.0014584802197980
 244.0203356732512463 206.8172972747435649 221.4626748126332670   0.0875415197802020
 240.0519107920166279 207.1631171572511673 220.6727692886541986  -0.0152584802197980
 238.7650072948162605 206.5300589023875328 219.1912239996599258   0.0294415197802020
 239.2336593760287128 206.5130513671822409 222.4528913068080047   0.0294415197802020
 240.0027779125346826 210.0562878682845882 220.7200124420022139  -0.0011584802197980
 241.2972403142707176 211.4792516471272911 218.8605219262237120  -0.1906584802197980
 242.4424143514269859 210.5419474847023594 217.4942499313986488   0.1698415197802020
 241.1101574270125333 214.1305374130188184 218.7263513707153069  -0.2341584802197979
 242.0795869337141454 215.1566587037380432 217.2901595089351459   0.1655415197802020
 239.5114491177151474 215.5043683123795759 220.6671001102524347   0.3225415197802020
 239.2657847203053932 218.0706164022446167 220.6141877785026287  -0.5579584818661324
 239.7949080378033460 218.7055643832421546 218.9909130294642833   0.3991415197802020
 238.1980894546398902 213.9075497292160933 222.6532022770036472  -0.2341584802197979
 237.0359078822783031 214.7711545724181201 224.0515996161053908   0.1655415197802020
 238.5061148144690481 211.2638228678602871 222.5851721361825063  -0.1906584802197980
 237.5480236645709639 210.1451049965788814 223.9703413923467648   0.1698415197802020
 242.3857225674093462 203.1191032306596871 221.4796823478385590   0.5972415203289801
 243.5308966045656681 202.5219497723405668 223.4109824567060890  -0.5679584818661324
 240.9627587885666702 201.4637031373446614 220.2097863858434832  -0.4157584802197979
 240.1199409328377957 202.0381798820567260 218.5978499936086660   0.2718415197802020
 240.6018210969877064 198.8653297032029401 221.0601631461080521  -0.0252584802197980
 239.7212087185804143 198.8691091554707739 222.9234331141543875   0.0697415197802020
 239.3546018485996866 197.9110180055727166 219.7392445784971006   0.0697415197802020
 243.0868109630941482 197.4026816755478894 221.2170104152235129   0.5972415203289801
 243.5460144136370030 196.1479035226241753 223.1161851798143624  -0.5679584818661324
 244.7403213302752436 197.5878748366721702 219.3083870199630389  -0.4157584802197979
 244.2962356888037774 198.6933646250161177 217.8022752912278067   0.2718415197802020
 247.1572810555605178 196.2102644850435791 219.3253945551683307  -0.0597584802197980
 246.7094159618211911 194.3016410897831051 219.9433350009605767   0.0868415197802020
 248.2854475575115212 195.9759384444373529 216.6325348143305523   0.1302415197802020
 246.7339824015621772 195.9816076228391169 215.2719319979072530   0.0186415197802020
 250.0712387540670912 198.1491234984467764 215.9163286095743886  -0.3204584802197979
 250.5890237147615159 198.0017248600009401 213.9264469905553155   0.0881415197802020
 249.1396037700439235 199.9500325040737351 216.2092361603321847   0.0881415197802020
 251.7908895359354240 198.0848728098934693 217.0539437421949894   0.0881415197802020
 249.7405366806309045 193.4663821385899248 216.2942738363586443  -0.0430584802197980
 250.8327983860373935 193.5533095407503147 214.5481668886154219   0.0235415197802020
 251.0614552482418289 193.2037102059748787 217.8551876229776127   0.0235415197802020
 248.0095475419590438 191.1457984461346381 216.0977423184308356  -0.0660584802197980
 246.6678419868749398 191.3990217480800864 214.5538360670171858   0.0185415197802020
 249.1566113052492423 189.4752805437482507 215.7160176393787461   0.0185415197802020
 246.9815365251058616 190.8434422647072174 217.8532978968436825   0.0185415197802020
 249.0167715713390465 197.2269371450932064 221.3190556264552643   0.5972415203289801
 250.3754846616284154 195.7189356902240440 222.4604502113436989  -0.5679584818661324
 248.9714181441249347 199.6986989282622169 221.8708556575602729  -0.4157584802197979
 247.8489208205757223 200.8533215960881097 220.8239473793678956   0.2718415197802020
 250.3622565786909572 200.8400935131506515 223.9835694752842230  -0.0518584802197980
 252.3464690193082932 200.3430955399293524 223.7851482312224840   0.0921415197802020
 250.1562764300935776 203.7427128548536970 223.8172735754991378  -0.1102584802197980
 251.0047634642241893 204.3606533006459430 222.0428207357470955   0.0456415197802020
 248.1645050849405743 204.2661669939498857 223.7719201482850529   0.0456415197802020
 251.4072751307494044 205.1959122518391231 226.0169147953834776   0.3530415197802020
 250.4813093251280274 204.6932451002160869 227.7856984567337828  -0.0361584802197980
 254.2361951532295451 204.6403327684662809 226.2625791927932587  -0.4121584802197980
 255.0355493078782380 205.8100732453635354 227.7592422908588932   0.0999415197802020
 254.5291027039873412 202.6674586846524998 226.7690257966841555   0.0999415197802020
 255.1961760292615594 205.0522930656611204 224.4881263530411896   0.0999415197802020
 251.1011394970542035 208.0361706311227650 225.6011750459208045  -0.4121584802197980
 251.8400224154173964 209.0641816479759470 227.2263395210930799   0.0999415197802020
 252.0951354434967482 208.6295446371740516 223.8985317992577635   0.0999415197802020
 249.1018092473654792 208.4934843555317163 225.4065332541269259   0.0999415197802020
 249.4362907730695803 199.8083030440296359 226.5403689344796664   0.5972415203289801
 250.9688586676796751 199.0637509472646791 228.1239594347056906  -0.5679584818661324
 246.9437420024274173 199.6098817999679237 226.9031963521925604  -0.4157584802197979
 245.7626631687266349 200.3223085524562268 225.5690497016441509   0.2718415197802020
 245.8571494754227190 198.4325824185349749 229.1633088083623739  -0.0024584802197980
 246.6035912983216328 199.4095708297722544 230.8168191755434693   0.0977415197802020
 242.9564198598536038 198.7424975044980631 229.1633088083623739  -0.0343584802197980
 242.5104444922481536 200.7380483019189001 229.3485019694866547   0.0294415197802020
 242.2326547505617458 198.1283365109736509 227.3378333629944559   0.0294415197802020
 241.4918821060646228 197.3686666051373056 231.2325589250061424   0.0117415197802020
 239.3923963712781040 195.8531062457324757 230.5976109440086046  -0.1256584802197980
 238.8481552447087897 195.6509055494029031 228.6719800135428387   0.1329415197802020
 237.9939990321763873 194.6039972712105258 232.4854473517959262  -0.1704584802197980
 236.4179674364860572 193.4437054249828690 231.9978980092442517   0.1429415197802020
 238.6686312619862729 194.8912356435665580 235.0384673587235358  -0.1072584802197980
 237.6122743531242978 193.9463725766059320 236.4765489466376271   0.1296415197802020
 240.7303224740943473 196.4351418949802077 235.6942023271942262  -0.1704584802197980
 241.2273204473156464 196.6675782094525304 237.6349510667313538   0.1429415197802020
 242.1381684438656617 197.6729125126986298 233.8006967410051137  -0.1256584802197980
 243.6915233259489360 198.8426529895958843 234.3317097846369966   0.1329415197802020
 246.6413858210000234 195.6414569187332787 229.4222012887095861   0.5972415203289801
 247.4180632620416606 194.8666692038255719 231.4782233224158966  -0.5679584818661324
 246.6262680119286349 194.1693602604086303 227.3453922675301233  -0.4157584802197979
 245.9573049605205401 194.9214712617092812 225.7145586139560837   0.2718415197802020
 247.4898728551306887 191.5180744945171030 227.3737381595389432  -0.0237584802197980
 246.3201323782334342 190.4654970379229885 228.7059950839534224   0.0879415197802020
 247.3103488724081719 190.1877072962365539 224.7791441776650555   0.0341415197802020
 248.6218188093494988 191.0966655666526657 223.4752331452593961   0.0240415197802020
 247.9755324715484599 188.2526277351011903 225.0399263841461981   0.0240415197802020
 244.7592185916144390 190.0214113964514953 223.4166516351078530   0.0017415197802020
 244.2168671911790818 191.8752327338282332 222.7514680359675649   0.0439415197802020
 245.0729131298454144 188.8781270854291303 221.7310159236500770   0.0439415197802020
 242.0965944689194106 188.6249037834836820 225.0569339193514901  -0.2737584802197979
 240.9797663237719620 191.3007559891161686 226.8654018295141429  -0.0536584802197980
 239.1278347125291276 190.8736778828499674 227.6571970796271416   0.0683415197802020
 242.2742287255079971 191.6975984772396198 228.4149772593295566   0.0683415197802020
 240.8285882330582651 192.9523766301633337 225.6446387470010127   0.0683415197802020
 250.2375346538521498 191.3215429765892943 228.2826964299550818   0.5972415203289801
 250.7742168758858236 189.9628298862999253 230.0949437923855416  -0.5679584818661324
 251.9836416015953991 192.6613588055394679 227.0222490986296038  -0.4157584802197979
 251.4110545830172648 193.8046431165618328 225.5898366891172764   0.2718415197802020
 254.7067369605759277 192.4742759182812568 227.5740491297346124  -0.0875584802197980
 255.1753890417883801 190.4692764901908222 227.6250717353504612   0.0968415197802020
 256.3073349960072440 193.6723622871873312 225.4462175029392737   0.2984415197802021
 255.5495548163048021 193.0222964971184317 223.6434187711783849  -0.0297584802197980
 256.2733199255966601 196.5636432720868487 225.4405483245375098  -0.3192584802197979
 257.2918823117801909 197.2722905723073181 223.7964865880260121   0.0790415197802020
 254.3306814599256290 197.1985912530843865 225.3309442087700641   0.0790415197802020
 257.1425939472004511 197.3138645472535963 227.1507504757362450   0.0790415197802020
 255.3530232983770203 193.5098458396701062 230.1969890036172930   0.5972415203289801
 257.1161377813255347 192.5782108556469387 231.3799575634520057  -0.5679584818661324
 253.8658088309809835 195.3013062146274674 231.1796465932563364  -0.4157584802197979
 252.4938676577541563 196.0666452988655764 230.0817157094481102   0.2718415197802020
 254.0906862409176121 196.1781391407669256 233.7836892057998219   0.0212415197802020
 256.0408836111243643 196.7148213628005456 234.1106118269682018   0.1123415197802020
 252.4749703964149610 198.5573043433737823 234.1578549803162439  -0.1231584802197980
 253.2478683851887375 200.1049900470552925 233.0315782044991708   0.1111415197802020
 250.5323319307438763 198.2095947347322766 233.5588117958631933   0.1111415197802020
 252.5241032758968797 199.3887838422991289 237.4894421544194208  -0.3119584802197979
 251.5622326737309886 201.7414928790310960 237.2872414580898213   0.1932415197802020
 253.4387307247147823 194.1145582025249208 235.7225482192030459   0.5972415203289801
 255.0204314988068495 193.4588232340542305 237.3042489932951132  -0.5679584818661324
 251.0935805925184826 193.1734745878321287 235.6790845181228377  -0.4157584802197979
 249.8954942236124350 193.7536205109459570 234.2976947142264128   0.2718415197802020
 250.0712387540670912 191.6106710750792568 237.7294373734274109  -0.0024584802197980
 250.6948483782611280 192.3816793377191298 239.5379052835900370   0.0977415197802020
 247.1705091384979760 191.6900395727039524 237.6708558632758409  -0.0343584802197980
 246.4958769086880904 191.8563354724890108 235.7282173976048099   0.0294415197802020
 246.4410748508043811 189.9080278284162158 238.4078490555051303   0.0294415197802020
 246.0820268853593474 193.8159814733653607 239.2431080066983374   0.0117415197802020
 246.6527241778035513 196.3482144928198447 238.6667415358523426  -0.1256584802197980
 247.7676625968170963 196.7979693126931017 237.0226797993408718   0.1329415197802020
 245.7229789199143139 198.3078604936961676 240.1917505259267970  -0.1704584802197980
 246.1330494909751964 200.2580578639028929 239.7268778969821783   0.1429415197802020
 244.1752932162327769 197.7333837489841032 242.2628903687044690  -0.1072584802197980
 243.3910568706554723 199.2432749299871959 243.3664904309144862   0.1296415197802020
 243.6178240067260312 195.2105993601992437 242.8619335531575197  -0.1704584802197980
 242.4745396957036931 194.7816315277991123 244.4927672067315593   0.1429415197802020
 244.5664665259545176 193.2490636331889905 241.3501526460205234  -0.1256584802197980
 244.1450575980900536 191.3083148936518629 241.8150252749651423   0.1329415197802020
 250.9972045596885218 188.8800168115630338 237.6614072326062434   0.5972415203289801
 251.3562525251335555 187.7480708573442238 239.6588477561610106  -0.5679584818661324
 251.3789292387406113 187.7990934629600995 235.4107434071060277  -0.4157584802197979
 251.0595655221078988 188.8289942059471850 233.8214837284782662   0.2718415197802020
 252.1574964059161786 185.1572563277381697 235.1575201051605792  -0.0031584802197980
 250.8838209916532426 183.9818466724391514 236.2762379764419580   0.0849415197802020
 251.9552957095866060 184.3522329946877397 232.3777329621624108  -0.0036584802197980
 249.9786421735049374 184.4429398491159363 231.7938075867807487   0.0170415197802020
 253.0456676888591649 185.6561440270933991 231.2098822113990866   0.0170415197802020
 250.8913798961889098 181.1604855544947318 227.9274279167778819  -0.6086584813173542
 260.9673996422570666 214.3724223581607388 233.0674830010436850  -0.5679584818661324
 258.0931261925628141 210.5910803641843048 235.3332646356152624   0.0396415197802020
 258.3935926478562777 209.9466837525171694 233.3981850744798986   0.1104415197802020
 257.3618021787352887 208.2912836592021437 236.9452010278500796   0.0559415197802020
 256.7929946124250151 208.9602467106102653 238.8103607220303723  -0.0173584802197980
 255.2150732906007547 206.7549363123241614 235.7376660282744076   0.0135415197802020
 254.0491122659713608 207.9908172039086533 234.5773741820467509  -0.0425584802197980
 256.0352144327225733 205.3338622596153888 234.4866673276185272  -0.0425584802197980
 253.5180992223394779 205.4699225412577241 237.6954223030168272   0.8053415186826456
 251.2239716957590808 205.2261478699818733 237.1625195332510408  -0.8188584780246854
 254.4232780404877292 204.7291498967605743 239.7495546105892341  -0.8188584780246854
 255.9728534703031965 212.5601749957302522 235.2331091505174411   0.5365415197802020
 254.9410630011821539 213.0609524212193851 233.2092124610877842  -0.5819584818661324
 255.3549130245108969 213.7355846510292707 237.3836174909198088  -0.4157584802197979
 256.2922171869358554 213.3009476402273752 238.9917744308867924   0.2718415197802020
 253.4066053804381287 215.7008998303073846 237.4440887272053090  -0.0031584802197980
 251.7247491212481866 214.9468991028728032 236.5426893613248645   0.0849415197802020
 252.6053614996555055 216.3471861681084503 240.1482868248466156  -0.0036584802197980
 251.1389340197325944 217.7966061128260427 240.0764772317576142   0.0170415197802020
 251.7304182996499776 214.6558812782489106 240.9192950874864886   0.0170415197802020
 254.6859499731028021 217.2032321067747562 241.9813211747502008  -0.0645584802197980
 253.8110067730972740 217.3619691020241472 243.8294733337252016   0.0351415197802020
 256.1712747143649087 215.7783786017981499 242.0965944689194106   0.0351415197802020
 255.8273445579912099 219.7789288273094484 241.3747190857615097   0.6950415181338675
 254.5687869527996622 221.4759028955707252 240.4619813630775373  -0.6086584813173542
 258.2613118184818029 220.1341973404866214 241.7129800637334176  -0.9407584796710198
 259.3932577727006131 218.7490280843223629 242.3649355799362206   0.4250415197802020
 258.9435029528273559 221.8500686700871204 241.2594457915923000   0.4250415197802020
 254.1303704897299331 217.9912479046199211 235.8453804179079230   0.5972415203289801
 252.4863087532184889 218.9587876851876030 234.5320207548326391  -0.5679584818661324
 256.5605582979526654 218.6734390389655009 235.7112098623995180  -0.4157584802197979
 257.8266748076799342 217.8155033741652649 236.8488249950200920   0.2718415197802020
 257.4751857467705682 220.6482028489132125 234.0161255202721445  -0.0024584802197980
 256.6361473433095542 222.4472221284062407 234.5811536343146113   0.0977415197802020
 260.3570181010004880 220.8787494372516049 234.2674590960836627  -0.0343584802197980
 260.7935448379362868 222.0106953914704419 235.9360872723361467   0.0294415197802020
 261.1752695169883763 219.0154794692052426 234.5754844559128474   0.0294415197802020
 261.6136859800581054 222.0541590925506234 231.9752212956371957   0.0117415197802020
 261.2905428111575861 224.6411941698888168 231.4706644178802292  -0.1256584802197980
 260.1680454876083736 225.7882579331790154 232.7311117492057072   0.1329415197802020
 262.3695764336266169 225.7240072446256815 229.2993690900047091  -0.1704584802197980
 262.1069045010115440 227.7157785897786847 228.9233135893543836   0.1429415197802020
 263.7471867852551812 224.2103366113547820 227.6061744740112659  -0.1072584802197980
 264.5616587489752627 225.0418161102801284 225.9280976670891844   0.1296415197802020
 264.0419840621469077 221.6119631772130606 228.0842751858933428  -0.1704584802197980
 265.0851128880714245 220.4441124264497096 226.7765847012198229   0.1429415197802020
 262.9761785226153350 220.5329295547440028 230.2669088705723910  -0.1256584802197980
 263.1840483973466448 218.5335993050553321 230.6240671098834942   0.1329415197802020
 256.6512651523808891 220.1436459711562458 231.2779123522202543   0.5972415203289801
 255.4323917960017159 221.7688104463285215 230.1327383150639859  -0.5679584818661324
 257.1350350426647300 217.8608568013793766 230.2839164057776828  -0.4157584802197979
 258.0798981096253559 216.5720635780450789 231.3459424930414219   0.2718415197802020
 256.2430843074539369 217.1503197750249770 227.7649114692606571  -0.0518584802197980
 256.9290548940673504 218.5449376618588600 226.4156470096408591   0.0921415197802020
 257.2276316232268838 214.5273799011422694 226.9806751236833257  -0.1102584802197980
 256.7835459817553637 213.1705565369868308 228.4659998649454323   0.0456415197802020
 256.1920617018380344 213.9547928825641354 225.2893702338238128   0.0456415197802020
 260.0697797286444290 214.3686429058928784 226.3797422130963718   0.3530415197802020
 261.1696003385866392 214.6993449793291188 228.0861649120272463  -0.0361584802197980
 260.6385872949547563 211.7135776877335441 225.3857462666538004  -0.4121584802197980
 260.1453687740013176 210.3170700747657308 226.8181586761661009   0.0999415197802020
 259.5501050418161277 211.3413016393510523 223.6774338415889687   0.0999415197802020
 260.9144873105072337 216.2470306830106290 224.3445071668631869  -0.4121584802197980
 262.8854716681871113 215.9012108005030269 223.8569578243114854   0.0999415197802020
 259.7485262858778398 216.0429402605471261 222.6607611815393414   0.0999415197802020
 260.7708681243292310 218.1707718873424379 225.0588236454854203   0.0999415197802020
 253.3688108577596844 217.2504752601227981 227.5759388558685159   0.5972415203289801
 252.4201683385311979 218.3502958700649816 225.7655812195719596  -0.5679584818661324
 251.9912005061311202 216.2205745171357126 229.4222012887095861  -0.4157584802197979
 252.8869306936097737 215.3380724125944904 230.8716212334271786   0.2718415197802020
 249.2322003506060773 216.3547450726441177 229.4089732057721279  -0.0275584802197980
 248.5443400378587335 215.3513004955319486 227.7422347556536012   0.1122415197802020
 248.0964749441194066 215.0697313015776804 231.7597925163701649  -0.0050584802197980
 248.9581900611874765 215.8615265516906791 233.4473179539618441   0.0338415197802020
 246.1217111341716684 215.6120827020130644 231.8127048481199709   0.0338415197802020
 248.1286002883960602 212.2256934700262048 231.9582137604319039  -0.1415584802197980
 249.3758195367840800 210.8443036661297533 233.7137693388447507  -0.1638584802197980
 250.6211490590381697 211.5888557628947367 235.1424022960892176   0.2061415197802020
 248.8221297795451413 208.3101809205413658 233.4567665846314687  -0.3418584802197979
 249.6271531125956250 206.9439089257163026 234.5735947297789171   0.3411415197802020
 247.1440529726230596 207.9038898017482903 231.5160178450943410   0.1379415197802020
 245.9743124957258052 205.7269252954710062 230.5598164213301871  -0.2601584802197979
 246.3579269009118249 203.9279060159779778 231.3837370157198393   0.1571415197802020
 244.3302507592143611 205.9423540747380370 228.4830074001507243  -0.1134584802197980
 243.4458589285391818 204.3077409688961370 227.7176683159126151   0.1416415197802020
 243.8672678564036459 208.3064014682735052 227.3680689811371791  -0.1972584802197980
 242.6427253216226820 208.4405720237819371 225.7693606718397932   0.1446415197802020
 245.0181110719616512 210.4928146052204138 228.3412779401066250  -0.2387584802197980
 244.6949679030611319 212.2634879927046223 227.4625552878332364   0.1699415197802020
 246.7094159618211911 210.3643132281137460 230.4880068282411590   0.1242415197802020
 248.2892270097793817 219.1099657759012999 229.1708677128980681   0.5972415203289801
 246.8076817207850820 219.6542069024706410 227.4606655616993329  -0.5679584818661324
 249.2322003506060773 220.8881980679212026 230.7053253336421201  -0.4157584802197979
 250.4850887773958342 220.3628542026911105 232.0583692455297251   0.2718415197802020
 248.4800893493054264 223.5753886303572440 230.5295808031874371  -0.0389584802197980
 246.4354056724025901 223.6736543893211349 230.7261123211152458   0.1006415197802020
 249.7273085976934462 225.2402373543418406 232.5988309198312056   0.3653415197802020
 248.7295331989830411 227.0411463599687991 232.5799336584919835   0.0042415197802020
 249.6895140750150019 224.2556900385688937 235.3181468265439007  -0.2438584802197979
 250.1241510858169241 225.7977065638486131 236.6088297760121019   0.0641415197802020
 247.8659283557809873 223.4279899919113808 235.7830194554885194   0.0641415197802020
 251.1748388162771084 222.9007564005473316 235.6356208170426561   0.0641415197802020
 252.2878875091567233 225.7599120411701955 232.0848254114046147  -0.6761584785734636
 253.2251916715816818 224.1933290761494899 231.9733315695032656   0.4101415197802020
 249.1112578780351306 224.7470188333884020 227.9576635349206054   0.5972415203289801
 247.5711310788892608 226.1076216498117011 226.8654018295141429  -0.5679584818661324
 251.3335758115264996 224.1385270182657538 226.9164244351299918  -0.4157584802197979
 252.5354416327004076 223.0443755867253611 227.9293176429117854   0.2718415197802020
 252.1745039411214438 225.0833900852263797 224.4673393655680641  -0.0252584802197980
 252.1556066797822485 227.1431915712005507 224.4767879962376617   0.0697415197802020
 254.1058040499890006 224.4446626519610081 224.1441961966675177   0.0697415197802020
 250.5304422046099460 224.1328578398639897 222.2941543115586137   0.5972415203289801
 249.8879353190767676 225.6068442243225684 220.6104083262347949  -0.5679584818661324
 249.7991181907824207 221.7083392100430212 222.3395077387727254  -0.4157584802197979
 250.3735949354944851 220.5990699694312670 223.7964865880260121   0.2718415197802020
 248.1153722054586020 220.6311953137079205 220.4214357128426536  -0.0237584802197980
 248.8655934806253227 221.1452008221345116 218.5827321845372774   0.0879415197802020
 248.0133269942268506 217.7247965197370414 220.5707240774224471   0.0341415197802020
 247.2555468145244626 217.2032321067747562 222.4056481534599628   0.0240415197802020
 246.6961878788837329 217.0520540160610593 219.1345322156422860   0.0240415197802020
 250.5020963126011531 216.2602587659480604 220.2343528255844695   0.0017415197802020
 251.7663230961944916 216.6741087892768302 221.7895974338016472   0.0439415197802020
 250.0353339575225772 214.2590387901254594 220.3798617378964023   0.0439415197802020
 252.2765491523531952 216.6552115279376081 217.3298437577474937  -0.2737584802197979
 254.2324157009616844 219.3612993517128449 218.1103006510569645  -0.0536584802197980
 255.6119157787242327 219.6560966286045445 216.6079683745895660   0.0683415197802020
 253.0740135808679580 221.0507145154384275 218.2917143599134116   0.0683415197802020
 255.2264116474042828 219.0098102908034787 219.8809740385411729   0.0683415197802020
 245.4508583566296434 221.7707001724624248 220.5688343512885169   0.5972415203289801
 244.3907219954998077 222.3905303443886011 218.5940705413408055  -0.5679584818661324
 244.4455240533835172 222.1732118389876668 222.8591824256010804  -0.4157584802197979
 245.4565275350313805 221.6497576998914781 224.3993092247468964   0.2718415197802020
 240.5054450641577188 222.2752570502194183 222.3848611659868372   0.0863415197802020
 241.8565992499114203 226.0017969863121161 222.0352618312114012   0.5972415203289801
 240.2919060110246182 226.4458826277836091 220.3571850242893466  -0.5679584818661324
 243.5611322227083915 227.7101094113769208 222.7930420109138431  -0.4157584802197979
 244.8234692801677997 227.2055525336199543 224.1517551012032120   0.2718415197802020
 243.4571972853427096 230.3462773681970866 221.9464447029171080  -0.0875584802197980
 241.5277869026091368 231.0001226105338197 222.2658084195497938   0.0968415197802020
 245.2184220421573474 232.0508103409940577 223.5319249292770357   0.2984415197802021
 244.7762261268197576 231.7295568982274417 225.5199168221622054  -0.0297584802197980
 248.0454523385035041 231.5311356541657027 223.1539797024927800  -0.3192584802197979
 249.1320448655082562 232.6460740731792477 224.5070236143804117   0.0790415197802020
 248.4498537311626494 229.5450334874144633 223.4790125975272565   0.0790415197802020
 248.6407160706886941 232.0489206148601274 221.2529152117680001   0.0790415197802020
 244.7459905086770344 234.8494947453314213 222.9725659936363597  -0.3192584802197979
 245.8420316663513305 236.0154557699608422 224.2726975737741855   0.0790415197802020
 245.2921213613802522 235.3162571004099704 221.0412658847688299   0.0790415197802020
 242.7523294373901008 235.2841317561333168 223.2276790217157115   0.0790415197802020
 243.9220699142873554 230.5919417656068407 219.1042965974995360   0.5972415203289801
 242.5671362762657932 232.0035671876460156 217.8476287184419184  -0.5679584818661324
 245.7305378244499813 229.1897649742372635 218.0139246182269770  -0.4157584802197979
 246.7547693890353029 227.9860094269294251 219.1042965974995360   0.2718415197802020
 246.3163529259655738 229.4354293716470443 215.3002778899160729  -0.0875584802197980
 246.4108392326616577 231.4517671565410071 214.8920970449890670   0.0968415197802020
 248.9487414305178788 228.3545060230440832 214.6766682657220630   0.2984415197802021
 250.2564319151913988 228.9573286597649674 216.1506546501806416  -0.0297584802197980
 249.0111023929372557 225.4688942165463297 214.5254901750083661  -0.3192584802197979
 250.9688586676796751 224.8377256878166255 214.4328935944462123   0.0790415197802020
 248.1380489190656579 224.6638708834958728 216.1978978035286568   0.0790415197802020
 248.0019886374233227 224.8112695219417359 212.8549722726219787   0.0790415197802020
 249.9313990201569492 229.3995245751025304 212.1595530553389406  -0.3192584802197979
 251.8400224154173964 228.7022156316855888 211.8156228989652688   0.0790415197802020
 248.7106359376437921 228.8174889258547716 210.6043084471217630   0.0790415197802020
 249.9899805303084655 231.4574363349427710 212.2351421006958026   0.0790415197802020
 244.2187569173130119 228.3677341059815145 213.6240908091279216   0.5972415203289801
 243.6575082555383521 229.4335396455131142 211.6285400117070845  -0.5679584818661324
 242.9979938347998549 226.3022634416056065 214.4083271547052260  -0.4157584802197979
 243.4742048205480285 225.5085784653586775 216.0939628661630019   0.2718415197802020
 241.0780320827358530 225.0682722761550180 212.8663106294255068  -0.0237584802197980
 241.8717170589827820 224.8717407582272094 210.9746947693703246   0.0879415197802020
 240.6585128810053460 222.4226556886652546 213.9642415132337329   0.0341415197802020
 242.4972164093107490 221.5325946795883650 214.2401415287862372   0.0240415197802020
 239.7608929673927621 222.5984002191199377 215.8123936722087337   0.0240415197802020
 239.1278347125291276 220.6557617534489066 212.2748263495081504   0.0017415197802020
 238.4550922088531724 221.6743241396324642 210.6194262561931247   0.0439415197802020
 240.3731642347832440 219.1572089292493420 211.6096427503678624   0.0439415197802020
 236.4708797682358632 219.2309082484722736 213.8754243849394398  -0.2737584802197979
 234.5074543150916797 222.0277029266757338 214.1267579607509846  -0.0536584802197980
 235.1367331176874535 223.1974434035729883 215.7008998303073846   0.0683415197802020
 234.6151687047251952 223.1180749059482927 212.3825407391416657   0.0683415197802020
 232.5572569448849277 221.4551159080975729 214.4102168808391563   0.0683415197802020
 238.6875285233254951 226.7085545603986552 212.5847414354712383   0.5972415203289801
 237.6784147678115352 226.8805196385855046 210.4871454268186499  -0.5679584818661324
 237.7974675142485786 227.9878991530633554 214.5859614112938394  -0.3661984801100423
 238.6421750961113833 227.6477484489575172 216.3434067158405898   0.3114115197253242
 234.0085666157364503 229.0744916800680805 213.2423661300758321   0.2245915200545911
 236.2800174287098185 232.4306452939122169 213.3746469594503069   0.8098515201643467
 235.4277509423113195 232.6517432515810116 211.2619331417263567  -0.6015384800002868
 238.4909970053976595 233.5247967254526094 213.8924319201447316  -0.4157584802197979
 239.4736545950367300 232.9370918978031137 215.4287792670227139   0.2718415197802020
 239.4679854166349658 235.6639667090514760 212.3636434778024436  -0.0518584802197980
 238.0695880775332222 237.1719681639206384 212.4826962242394870   0.0921415197802020
 241.9907698054198522 236.4859975773072249 213.5711784773781156  -0.1102584802197980
 241.5863684127606799 236.8828400654306759 215.5535011918615213   0.0456415197802020
 243.3079089207629162 234.9005173509472970 213.5277147762979341   0.0456415197802020
 243.3097986468968465 238.8273682572356641 212.4335633447575416   0.3530415197802020
 241.8962834987237681 240.2219861440695470 211.8836530397864363  -0.0361584802197980
 245.0351186071669701 240.0046676386685861 214.4404524989819066  -0.4121584802197980
 245.8817159151637051 241.7337670512065432 213.7091284851543811   0.0999415197802020
 243.9466363540283415 240.4714299937471349 216.1223087581718217   0.0999415197802020
 246.5242228006969372 238.6799696187898008 214.9620169119441649   0.0999415197802020
 245.0256699764973723 238.2113175375773216 210.1791200669894652  -0.4121584802197980
 246.0158864706721100 239.9158505103742927 209.5800768825364414   0.0999415197802020
 246.4032803281259366 236.7732359496632571 210.6987947538178203   0.0999415197802020
 243.9239596404212855 237.5461339384370336 208.5785220315581759   0.0999415197802020
 239.6815244697680665 235.1027180472768698 209.4799213974386204   0.5972415203289801
 239.2601155419036293 236.7940229371363827 207.9379048721588741  -0.5679584818661324
 240.1237203851056293 232.7348912014735410 208.6824569689238576  -0.4157584802197979
 240.5602471220414551 231.4083034554608256 209.9920371797312811   0.2718415197802020
 239.8610484524905832 231.9941185569764179 206.0028253110235105  -0.0249584802197980
 240.8871697432098082 233.3962953483459684 204.9048944272152573   0.0842415197802020
 241.2273204473156464 229.5034595124681852 205.4359074708471402   0.2116415197802020
 241.6468396490461534 229.4354293716470443 203.4195696859531507   0.0351415197802020
 243.0131116438712434 229.4392088239148782 206.4658082138342257   0.0351415197802020
 239.7608929673927621 227.3642895288693455 206.0387301075680245  -0.6546584813173543
 239.3130278736534084 227.4455477526279446 207.8226315779896643   0.4274415197802020
 237.1096072015012348 231.9978980092442517 205.0012704600452447   0.5972415203289801
 236.6315064896191579 232.9144151841960577 202.9131230820622539  -0.5679584818661324
 235.2671242209280250 231.1059472740334318 206.4828157490395175  -0.4157584802197979
 235.7565632896136298 230.5976109440086046 208.2648274933272541   0.2718415197802020
 232.5534774926170939 231.4290904429339511 205.9914869542199824  -0.0581584802197980
 232.1169507556812951 230.6354054666870221 204.1508936997806761   0.1359415197802020
 230.9774458969267638 229.9796704982163587 207.9511329550963323  -0.0074584802197980
 231.9582137604319039 229.8511691211097177 209.7482625084554304   0.0366415197802020
 229.2105519617104159 230.9906739798642220 208.2837247546664494   0.0366415197802020
 230.2782472273759189 227.3850765163424711 207.0648513982872495   0.1867415197802020
 228.8628423530688835 226.9372114226031443 204.9011149749474235  -0.5432584802197979
 228.3129320480978050 224.4673393655680641 204.9200122362866190   0.1634415197802020
 227.1356326666648564 223.5375941076787997 203.5310635278544998   0.1434415197802020
 229.3239355297456684 223.3561803988223527 206.9628061870554979  -0.2795584802197980
 229.0877197630055119 221.5136974182491429 207.4201199114644494   0.3338415197802020
 230.5730445042676185 225.1722072135206997 208.3479754432197833  -0.2207584802197979
 231.4706644178802292 224.9416606251823072 210.1621125317841734   0.1861415197802020
 231.7390055288970392 234.2069878597981893 205.9310157179345092   0.5972415203289801
 230.3368287375274620 234.9572091349649368 204.2283724712714414  -0.5679584818661324
 232.6649713345184430 235.7962475384259776 207.6620048566063698  -0.4157584802197979
 233.7950275626033498 235.1027180472768698 209.0490638389045585   0.2718415197802020
 231.9525445820301399 238.4891072792637562 207.6752329395438280  -0.0389584802197980
 229.8946328221898991 238.5798141336919797 207.6771226656777313   0.1006415197802020
 232.8671720308480156 239.9404169501152788 210.0241625240079347   0.3653415197802020
 231.8297123833252627 241.7186492421351815 210.0978618432308661   0.0042415197802020
 232.4722192688584950 238.5420196110135352 212.5110421162483069  -0.2438584802197979
 233.2224405440252155 239.6890833743037340 214.0417202847245250   0.0641415197802020
 230.4691095669019636 238.1829716455685017 212.8190674760774647   0.0641415197802020
 233.4681049414349966 236.7543386883240349 212.5148215685161405   0.0641415197802020
 235.4523173820523056 240.5262320516308712 209.9202275866422528  -0.6761584785734636
 235.7773502770867554 241.8093560965633782 211.1636673827624390   0.4101415197802020
 232.8539439479105843 239.8138052991425413 205.2639423926602908   0.5972415203289801
 231.3837370157198393 241.1914156507711324 204.0847532850934387  -0.5679584818661324
 235.1877557233033294 239.3186970520551724 204.4041170017261244  -0.4157584802197979
 236.3612756524684175 238.2982449397377115 205.5341732298110311   0.2718415197802020
 236.1874208481476646 240.4846580766845931 202.0835333092708377  -0.0875584802197980
 235.6205030079712946 242.4594218866323045 202.1572326284937694   0.0968415197802020
 239.1013785466542381 240.5356806823004690 202.0419593343245596   0.2984415197802021
 239.7552237889909982 241.1479519496909508 203.8976703978352276  -0.0297584802197980
 240.3108032723638404 237.9769914969710955 201.4637031373446614  -0.3192584802197979
 242.3592664015344835 238.1243901354169586 201.6299990371297201   0.0790415197802020
 239.6399504948217884 236.6126092282799355 202.8337545844375582   0.0790415197802020
 239.8270333820799995 237.3439332421074610 199.5645283727538120   0.0790415197802020
 240.0821464101593782 242.4499732559627070 200.1012105947874320  -0.3192584802197979
 242.1343889915978549 242.5765849069354446 200.2259325196262394   0.0790415197802020
 239.5605819971970928 241.8811656896524066 198.1906974733930545   0.0790415197802020
 239.2865717077785189 244.3113534978751121 200.4923839045091459   0.0790415197802020
 235.0063420144468822 239.3961758235459645 199.6646838578516332   0.5972415203289801
 234.5546974684396949 240.8285882330582651 197.8826721135638967  -0.5679584818661324
 234.3562762243779827 236.9470907539840100 199.5437413852806595  -0.4157584802197979
 234.7644570693049618 235.7811297293545891 201.0177277697392380   0.2718415197802020
 233.0334679306331011 235.9360872723361467 197.3006364643161381  -0.0875584802197980
 234.0142357941382142 236.7014263565742557 195.6584644539385705   0.0968415197802020
 233.2318891746948401 233.0391371090348651 197.0663104237099119   0.2984415197802021
 235.1594098312945095 232.4835576256620229 197.5349625049223910  -0.0297584802197980
 231.4158623599964929 231.5689301768441201 198.7595050397033549  -0.3192584802197979
 231.8712863582715140 229.5601512964858249 198.7217105170249374   0.0790415197802020
 231.6237322347278296 232.2511213111897000 200.6700181610977324   0.0790415197802020
 229.4562163591201700 231.8297123833252627 198.1755796643216928   0.0790415197802020
 230.3179314761882667 236.9281934926447876 197.1248919338614550   0.5972415203289801
 228.9762259211041628 237.2154318650008200 199.2546132867907238  -0.4157584802197979
 229.6678656861193404 236.5332407306552670 200.9137928323735832   0.2718415197802020
 226.5309203038100687 238.5080045406029516 199.2640619174603216  -0.0518584802197980
 225.3668490053145781 237.6160538053921316 197.8203111511444931   0.0921415197802020
 225.2005531055295196 238.1659641103632099 201.8265305550575556  -0.1102584802197980
 224.9511092558519050 236.1534057777370808 202.2139244125114090   0.0456415197802020
 226.4118675573730253 238.9539799082083749 203.2967374872482736   0.0456415197802020
 222.6059591236556319 239.5001107609116194 201.9002298742804604   0.3530415197802020
 222.8459543426636222 241.4692053924575668 201.3559887477111461  -0.0361584802197980
 220.6784384670559626 238.2869065829341834 200.1087694993231263  -0.4121584802197980
 220.4630096877889317 236.2875763332454859 200.5566345930624531   0.0999415197802020
 221.5155871443830730 239.5624717233310231 204.5628539969755156  -0.4121584802197980
 220.6047391478330309 241.3728293596275794 204.9105636056170212   0.0999415197802020
 220.1436459711562458 238.0525805423279304 204.7971800375817418   0.0999415197802020
 223.0084707901808471 239.3168073259212689 205.9536924315415649   0.0999415197802020
 226.8124894977643369 241.3104683972081758 198.5554146172398521   0.5972415203289801
 228.7778046770424239 242.6219383341495027 199.4568139831202964  -0.4157584802197979
 229.9380965232700807 241.7715615738849607 200.7342688496510665   0.2718415197802020
 231.7295568982274417 246.2010796317963640 200.0142831926270690   0.0341415197802020
 231.3553911237110196 246.3333604611708924 202.0306209775210317   0.0240415197802020
 233.2696836973732576 244.8782713380515092 199.7364934509406346   0.0240415197802020
 233.5607015219971236 249.1131476041690071 204.6063176980556970   0.0683415197802020
 227.6968813284394894 248.8202400534112110 203.4894895529082487   0.4477415197802020
 228.9422108506935789 247.3368050382830347 206.2711664220403205  -0.8340584802197980
 229.9437657016718447 245.9799816741275960 206.9911520790643179   0.4169415197802020
 229.6584170554497426 248.7994530659380853 207.2198089412688069   0.4169415197802020
 220.8976466985908272 229.7453444576101056 226.8899682692551022  -0.8340584802197980
 219.4898007288194859 229.6943218519942568 225.7202277923578479   0.4169415197802020
 220.5858418864938088 231.3138171487647683 227.7894779090016164   0.4169415197802020
 235.8964030235237988 223.3467317681527549 206.8154075486096348  -0.8340584802197980
 236.1269496118621914 224.0969530433195025 205.1543382768928720   0.4169415197802020
 236.3934009967450711 224.7507982856562625 207.9057795278822206   0.4169415197802020
 225.4405483245375098 229.4902314295307539 201.6583449291385400  -0.8340584802197980
 224.1517551012032120 228.2959245128925132 202.3291977066805917   0.4169415197802020
 226.8502840204427544 229.0310279789878723 202.7638347174824872   0.4169415197802020
 222.5435981612362284 232.5024548870012182 214.2250237197148755  -0.8340584802197980
 223.6698749370533013 232.0035671876460156 212.8795387123629379   0.4169415197802020
 223.7586920653475946 233.4926713811759559 215.2908292592464752   0.4169415197802020
 252.5751258815127823 206.0179431200948720 244.1223808844829977  -0.8340584802197980
 251.0671244266436199 204.9899321032417168 244.1280500628847885   0.4169415197802020
 253.3329060612151703 205.5190554207396695 242.4802088741054302   0.4169415197802020
 224.2292338726939773 228.3809621889189728 207.6336589645975499  -0.8340584802197980
 223.2692529966619897 227.4663347401010969 206.3089609447187648   0.4169415197802020
 225.9337668454909484 227.8461696930192562 207.1876835969921265   0.4169415197802020
 233.2470069837662016 219.5238157992300698 208.9564672583424315  -0.8340584802197980
 234.8457152930635877 219.0324870044105346 209.7142474380448465   0.4169415197802020
 233.8177042762104055 220.9524487564745365 207.8963308972125960   0.4169415197802020
 243.9636438892336065 205.8781033861847031 237.5744798304458535  -0.8340584802197980
 245.3223569795229754 206.3788808116738358 238.7517792118788021   0.4169415197802020
 244.7535494132127019 206.2692766959064170 235.9701023427467303   0.4169415197802020
 243.7406562054309082 216.1619930069841695 225.4651147642784959  -0.8340584802197980
 244.9066172300603021 217.4224403383096475 226.1227394588830896   0.4169415197802020
 242.1154917302586596 216.9141040082848205 225.7712503979737235   0.4169415197802020
 248.0889160395836855 207.3842151149199352 240.1577354555162131  -0.8340584802197980
 249.2284208983382168 207.7905062337130108 241.5353458071448042   0.4169415197802020
 249.2813332300879960 206.4658082138342257 239.0220100490295425   0.4169415197802020
 237.3684996818484471 212.2389215529636362 254.6859499731028021  -0.8340584802197980
 235.9719920688806338 211.1069755987447993 255.0582260214852938   0.4169415197802020
 237.1058277492334010 213.5352736808336284 255.9955301839102525   0.4169415197802020
$end
