$point_charges
 445.9810367838171799 464.3472850793978695 437.5812041185372282   0.0102651228005551
 444.6374415025991995 462.6446418327348019 433.6789196519898474   0.0620651228005551
 446.2078039198877389 464.0657158854436012 442.8799961980524224  -0.5894348761018886
 449.4864787622411366 468.0303613144103589 443.2144777237564698   0.0212651228005551
 450.4861438870854720 466.8133776841650623 441.8878899777437544   0.1123651228005551
 450.8357432218609078 470.6003888565432872 443.3127434827204144  -0.1231348771994449
 452.8067275795407856 470.3830703511423260 443.8683229660932298   0.1111651228005551
 450.8735377445393523 472.1915382613049522 440.2778433116428941  -0.3119348771994449
 449.5431705462587762 467.0306961895660235 445.8600943112462332   0.5972651233493332
 451.0152672045834246 465.3431707519743442 446.4780347570384790  -0.5679348788457792
 445.0229456339191495 458.9351094318473959 444.5486243743049062   0.0790651228005551
 447.0619601324201411 459.4094306914616392 448.6871246075924436   0.5972651233493332
 447.5627375579093008 457.5801757938258338 450.0288301626765474  -0.5679348788457792
 448.5000417203342593 460.0481581247270107 446.6821251795019820  -0.4157348771994449
 448.0767430663358651 461.5826157454710358 445.6276579967739372   0.2718651228005551
 450.6562192391383911 458.5552744789292368 445.9753676054154428  -0.0518348771994449
 450.0382787933461451 456.6069668348564149 445.7145853989343003   0.0921651228005551
 451.9374535579369946 459.4623430232114184 443.5225030835856545  -0.1102348771994449
 452.1207569929273719 461.4881294387750055 443.8532051570218949   0.0456651228005551
 453.8082824305190511 458.6365327026878089 443.2749489600419701   0.0456651228005551
 450.3519733315770669 459.0106984772042309 441.1225508935056452   0.3530651228005551
 448.5850793963606921 460.0538273031287478 441.2982954239603552  -0.0361348771994449
 451.7635987536162150 459.8932005817454801 438.7396062386309548  -0.4121348771994449
 453.5304926888325899 458.8500717558209096 438.5619719820423683   0.0999651228005551
 450.5938582767189605 459.5473806992378509 437.0804266930481223   0.0999651228005551
 452.1680001462753603 461.9076486405055393 438.8870048770768180   0.0999651228005551
 449.4845890361072062 456.2422496910095905 440.9430269107831285  -0.4121348771994449
 448.3356355466830774 455.7735976097971382 442.5870886472946261   0.0999651228005551
 448.3696506170936612 455.9814674845284479 439.2309350334505168   0.0999651228005551
 451.1324302248865645 455.0082585255590289 440.8844454006316122   0.0999651228005551
 452.6007474309433523 458.6251943458842810 448.0351690913896138   0.5972651233493332
 453.7194653022247580 456.6863353324811106 448.6625581678514573  -0.5679348788457792
 453.0467227985487488 460.8664095407148991 449.1576664149388263  -0.4157348771994449
 452.0432782214366066 462.4046466137267847 448.6398814542444015   0.2718651228005551
 454.9270003018004031 461.1498684608030975 451.1003048806098573   0.0212651228005551
 456.7505860210344176 460.5602739070196446 450.3463041531752761   0.1123651228005551
 455.1537674378709619 463.8899713549888913 452.0451679475704833  -0.1231348771994449
 453.3377406231726148 464.6023981074772213 452.7084618205768410   0.1111651228005551
 456.5446058724369844 464.0430391718365453 453.5569488547075063   0.1111651228005551
 456.1836681808580205 466.0518180521948137 449.5809650689371668  -0.3119348771994449
 456.1628811933848949 468.1153989904368453 451.0152672045834246   0.1932651228005551
 454.2769345117315037 459.5303731640325859 453.3434098015744056   0.5972651233493332
 455.9209962482430013 458.2604772020375103 454.3884283536328528  -0.5679348788457792
 451.8599747864462293 459.5265937117647255 454.1465434084909592  -0.4157348771994449
 450.5466151233709721 460.5394869195465190 453.2016803415303333   0.2718651228005551
 451.3932124313676534 455.3389605989952695 455.7830462404667357   0.5972651233493332
 450.8565302093340334 454.5585037056857719 453.4246680253330315  -0.4157348771994449
 450.3633116883805948 455.8265099415469173 452.0867419225167882   0.2718651228005551
 451.0341644659226199 451.9469021886065923 452.7179104512464924   0.0336651228005551
 449.8152911095434469 450.7733822594414773 453.8914303804115537   0.0822651228005551
 450.3557527838449276 451.4914781903315980 449.9286746775787263  -0.1825348771994449
 451.5727364140901703 452.6404316797556732 448.7286985825386947   0.0602651228005551
 450.6240938948617376 449.5015965713125251 449.4713609531697480   0.0602651228005551
 448.3885478784328565 452.0092631510260229 449.6055315086781531   0.0602651228005551
 453.7194653022247580 451.1210918680830366 453.0693995121558048   0.5972651233493332
 454.2145735493121267 449.0197164071625607 453.9292249030899980  -0.5679348788457792
 455.5298229385213142 452.7708227829962714 452.3909878300781122  -0.4157348771994449
 455.0290455130321545 454.4734660296593392 451.6880097082593799   0.2718651228005551
 458.1678806214753565 452.2001254905520675 452.6158652400147408  -0.0014348771994449
 458.5779511925362926 450.4634671734784160 451.5859644970276285   0.0875651228005551
 459.8232807147903823 454.3374057480170039 451.5330521652778493  -0.0152348771994449
 459.4018717869259181 454.6605489169175233 449.5431705462587762   0.0294651228005551
 459.4453354880060996 456.0570565298853367 452.6007474309433523   0.0294651228005551
 462.5331479908334527 453.6363173523322017 451.8146213592321176  -0.0011348771994449
 463.5573795554187741 451.7409220400091591 450.3595322361127343  -0.1906348771994449
 462.3611829126466033 450.7507055458344214 449.0064883242251562   0.1698651228005551
 466.0612666828644114 451.0908562499402596 450.5995274551207513  -0.2341348771994449
 466.8473927545756462 449.5715164382675693 449.4524636918305527   0.1655651228005551
 467.5711578638675042 452.3550830335335982 452.2946117972480980   0.3225651228005551
 470.1430751321343091 451.6955686127950473 452.5497248253275034  -0.5579348788457793
 470.6400731053556082 450.3406349747735390 451.4499042153852933   0.3991651228005551
 466.5696030128892384 454.2693756071958362 453.7345831112960926  -0.2341348771994449
 467.7639099295274790 455.2784893627097692 455.0743989402462663   0.1655651228005551
 464.0638261593096709 454.9118824927290683 453.4870289877524083  -0.1906348771994449
 463.2758103614645058 456.4406709350713563 454.6189749419712721   0.1698651228005551
 458.7707032581962140 451.8505261557766317 455.3578578603344648   0.5972651233493332
 460.2012259415746111 450.1573315397831617 456.0513873514835458  -0.5679348788457792
 457.6746621005219179 453.4530139173418244 457.0038093229798928  -0.4157348771994449
 456.4765757316158167 454.8041681030955259 456.3877586033215235   0.2718651228005551
 458.1716600737432170 453.2904974698246264 459.6683231718088515  -0.0252348771994449
 460.1861081325032762 453.5153748797612550 460.0368197679234828   0.0697651228005551
 456.7090120460881663 447.2301457583391301 456.2611469523488397   0.2718651228005551
 458.7423573661874209 443.7984030991381856 456.2498085955453116   0.0336651228005551
 459.6891101592819771 444.4862634118854758 453.5890741989841598  -0.1825348771994449
 460.6755472011888544 446.2928415959142252 453.6552146136713972   0.0602651228005551
 460.9779033826162483 443.0255051103643554 452.9182214214421347   0.0602651228005551
 458.0847326715828003 444.6279928719296018 452.3040604279176955   0.0602651228005551
 461.0213670836964297 443.5414003449248498 457.9070984149942140   0.5972651233493332
 462.0134733040050977 445.6616730671845211 458.8973149091689516  -0.4157348771994449
 461.3558486094005308 447.3794341229189235 458.3851991268763177   0.2718651228005551
 467.0042400236911071 448.9025533868594744 458.6497607856252671   0.3530651228005551
 468.4158654457303089 447.4531334421418820 458.2661463804392475  -0.0361348771994449
 465.3053762292959536 449.2332554602956612 456.3272873670360769  -0.4121348771994449
 463.8937508072567518 450.6845651311471840 456.7090120460881663   0.0999651228005551
 466.4505502664522220 449.8001733004720583 454.7115715225333723   0.0999651228005551
 464.3605131623353277 447.4512437160079517 455.9077681653055431   0.0999651228005551
 468.6539709386043957 451.2193576270469276 459.1977813644624689  -0.4121348771994449
 469.7122175736003009 451.7258042309378244 457.5045867484689988   0.0999651228005551
 467.4558845696982944 452.7991686750050645 459.7571403001031449   0.0999651228005551
 499.4640658260564900 453.9292249030899980 441.4060098135938437   0.0142651228005551
 500.2445227193659877 455.2331359354956575 440.0151713790278212   0.1047651228005551
 498.9103760688175513 451.3951021575015838 440.0964296027864471  -0.2041348771994449
 498.4738493318817524 449.9286746775787263 441.4759296805489417   0.0796651228005551
 497.3419033776629423 451.5821850447598217 438.7755110351754688   0.0796651228005551
 501.2593056532816580 450.6089760857903490 438.6300021228635359   0.7129651228005551
 502.1361385794211162 448.4660266499236757 438.8227541885235109  -0.5931348755531104
 502.3099933837418421 452.3947672823459192 437.1106623111908455  -0.9191348755531104
 501.5257570381645914 454.1314255994195707 437.0048376476912335   0.4195651228005551
 496.9356122588698129 455.0536119527731406 442.1165468399482435   0.5972651233493332
 495.8924834329453499 456.5748414905797614 440.7030316917751652  -0.5679348788457792
 495.9113806942845452 454.4186639717755760 444.3520928563770707  -0.4157348771994449
 496.9677376031464664 453.3641967890475312 445.5407305946135742   0.2718651228005551
 493.3526915089551985 455.0214866084964871 445.0853065963385264  -0.0024348771994449
 492.0657880117547504 454.2618167026601151 443.6680119958975875   0.0977651228005551
 492.6308161257972708 453.9216659985543306 447.6817903043463174  -0.0343348771994449
 494.0632285353095444 454.2542577981244477 449.1236513445282424   0.0294651228005551
 490.8015612281614654 454.5736215147571604 448.3677608909597309   0.0294651228005551
 492.4267257033337679 451.1210918680830366 447.3756546706511167   0.0117651228005551
 490.3121221594758338 450.0704041376227987 446.2852826913785041  -0.1256348771994449
 488.7946720739370736 451.3100644814751511 445.6503347103809932   0.1329651228005551
 490.0966933802088566 447.4965971432220634 445.9904854144868314  -0.1704348771994449
 488.4110576687511077 446.6953532624394402 445.1212113928830404   0.1429651228005551
 492.0090962277371642 445.9356833566031219 446.7936190214033311  -0.1072348771994449
 491.8541386847556337 443.8947791319681462 446.5649621591988957   0.1296651228005551
 494.1274792238628515 446.9618046473223201 447.8896601790776808  -0.1704348771994449
 495.6487087616694723 445.7315929341396189 448.5302773384769827   0.1429651228005551
 494.3296799201924780 449.5393910939909158 448.1787882775676165  -0.1256348771994449
 492.8367962743946503 457.8163915605659903 445.0966449531420543   0.5972651233493332
 490.6484934113138115 458.5817306448040996 444.9265696010891352  -0.5679348788457792
 494.7888833707353327 459.3943128823902507 445.4764799060602135  -0.4157348771994449
 493.8326819469711250 463.2531336478574501 443.0859763466498555   0.5972651233493332
 492.5590065327082427 465.1957721135284811 443.0198359319626181  -0.5679348788457792
 494.6509333629590135 462.1476438595135026 440.9524755414527799  -0.4157348771994449
 495.6619368446069305 460.5300382888769214 441.0242851345417544   0.2718651228005551
 494.1350381283985726 463.2380158387860615 438.5147288286943263  -0.0581348771994449
 494.8304573456815839 465.1768748521892858 438.4901623889533402   0.1359651228005551
 495.4087135426614552 461.7678089065953435 436.3566615837562644  -0.0074348771994449
 494.8720313206278351 459.7798170137102007 436.4284711768452925   0.0366651228005551
 494.8852594035652933 462.5539349783065782 434.5255169599865824   0.0366651228005551
 498.2376335651415959 461.8490671303539694 436.4946115915325299   0.1867651228005551
 499.8155548869658024 460.2768149869314999 435.1472368580466888  -0.5432348771994449
 491.3458023547308067 463.2984870750715618 437.9667082498571783   0.5972651233493332
 490.4255057275111132 465.1050652591002576 436.8272033911026470  -0.5679348788457792
 489.9209488497541467 461.3293924435256143 438.7320473340952874  -0.4157348771994449
 490.6447139590459509 459.9480026396291896 439.8318679440374439   0.2718651228005551
 487.3093473326749672 461.1517581869370278 437.9912746895981644  -0.0252348771994449
 487.2337582873181857 461.0950664029193882 435.9333629297579236   0.0697651228005551
 486.5496774268386487 459.3943128823902507 438.7528343215684131   0.0697651228005551
 485.7238671063150393 463.3211637886786176 438.9153507690856647   0.5972651233493332
 484.5276704635429222 464.6099570120128887 437.3979006835469046  -0.5679348788457792
 485.7314260108507604 463.8578460107122378 441.4022303613260369  -0.4157348771994449
 486.7424294924985701 462.7825918405110674 442.6116550870356124   0.2718651228005551
 484.1346074276872510 465.8023742025171990 442.4321311043130956  -0.0275348771994449
 482.2222045801589970 465.5208050085629308 441.7197043518247657   0.1122651228005551
 484.0533492039286252 465.7985947502493922 445.3612066118910575  -0.0050348771994449
 483.1179347676376505 467.5352530673229900 445.9564703440762475   0.0338651228005551
 482.9705361291917874 464.1753200012110200 446.0207210326295546   0.0338651228005551
 486.5647952359099835 465.7135570742229058 446.7236991544482333  -0.1415348771994449
 487.9537439443421294 463.6518658621148582 447.4115594671955771  -0.1638348771994449
 487.1865151339700900 461.8056034292737878 446.9183409462421384   0.2061651228005551
 484.8829389767200951 468.3364969481056133 441.4230173487991626   0.5972651233493332
 483.2596642276817231 469.9314258051351387 440.9638138982563078  -0.5679348788457792
 487.3509213076212183 468.8013695770502588 441.0469618481488102  -0.4157348771994449
 488.6869576843035313 467.4785612833053504 441.3757741954511205   0.2718651228005551
 487.0428959477921410 471.7077683710211111 437.5547479526623655   0.5972651233493332
 487.1997432169075482 469.8331600461712478 435.8388766230618396  -0.4157348771994449
 487.8876035296548383 468.1324065256421103 436.3623307621580551   0.2718651228005551
 486.3002335771610340 470.1317367753307810 433.2915257945360208  -0.0249348771994449
 487.3017884281393534 471.6983197403515135 432.4071339638608415   0.0842651228005551
 486.7197527788915141 467.7374537636525626 431.6909277591047046   0.2116651228005551
 485.6917417620383858 466.1727605247657606 432.5488634239049675   0.0351651228005551
 485.9978773957335864 468.0719352893566639 429.7898632683799248   0.0351651228005551
 489.3275748437028332 467.1289619485299144 431.5624263819980368  -0.6546348782970011
 489.5505625275056388 465.6341885765982102 430.5589818048858946   0.4274651228005550
 483.5053286250915308 470.5474765247934543 433.3482175785536607   0.5972651233493332
 482.5018840479793349 472.1046108591445891 431.9422613349162496  -0.5679348788457792
 482.1428360825343014 469.1812045299684180 434.8713368424941577  -0.4157348771994449
 483.0990375062984552 467.7903660954023955 435.7859642913120605   0.2718651228005551
 479.3951742838127866 469.3682874172266022 435.2303848079391914  -0.0237348771994449
 478.4635392997896189 469.0659312357992084 433.4181374455087049   0.0879651228005551
 478.3917297067005907 467.1932126370832752 436.8763362705846194   0.0341651228005551
 479.4575352462321634 467.0930571519854541 438.6337815751313965   0.0240651228005551
 476.4112967183511152 467.5409222457247808 437.3279808165918067   0.0240651228005551
 478.5750331416909680 464.6515309869591936 435.4666005746793479   0.0017651228005551
 480.5535764039065131 464.2830343908445087 435.0489710990827443   0.0439651228005551
 477.9174084470863474 463.1548678888935591 436.7157095492012979   0.0439651228005551
 476.8516029075547746 464.4398816599599696 432.4902819137533976  -0.2737348771994449
 473.7789082137988102 463.3362815977500061 433.5050648476691215  -0.0536348771994449
 472.4239745757773017 463.5347028418117183 431.9611585962554450   0.0683651228005551
 473.8941815079680198 461.3482897048648096 434.0020628208903669   0.0683651228005551
 473.1496294112030363 464.4247638508886347 435.1340087751092306   0.0683651228005551
 478.5750331416909680 471.9761094820379211 436.1790273271676778   0.5972651233493332
 476.7665652315283419 473.0570328306408825 435.1907005591268705  -0.5679348788457792
 480.1151599408367840 472.9984513204893662 437.7947431716703289  -0.4157348771994449
 481.6439483831790720 472.1046108591445891 438.5071699241586588   0.2718651228005551
 479.5066681257141357 475.4626541991226824 438.7490548693005524   0.0336651228005551
 477.5734782907127023 475.4758822820600870 439.4614816217888825   0.0822651228005551
 479.7031996436419713 477.3372625239725458 436.6382307777105326   0.5972651233493332
 481.6231613957059464 477.0386857948129589 434.9960587673329651  -0.4157348771994449
 482.8495936566208405 475.5892658500953664 435.1925902852608006   0.2718651228005551
 484.2366526389190562 476.2544494492356543 430.7101598955995645  -0.0297348771994449
 479.7580017015256806 478.6751886267887891 431.1939297858834056   0.5972651233493332
 478.8414845265738477 476.3886200047440594 430.5495331742162432  -0.4157348771994449
 479.6106030630798175 474.7899116954466735 431.2525112960349755   0.2718651228005551
 476.7457782440551626 476.1637425948074308 428.8355515707497012  -0.0875348771994449
 477.0859289481610009 477.1690768980535570 427.0705473616672566   0.0968651228005551
 476.1032713585219844 473.4557650448982906 428.2327289340287901   0.2984651228005551
 475.8198124384337858 472.4050773144380527 429.9826153340398997  -0.0297348771994449
 473.6636349196296004 473.3820657256753321 426.6510281599367228  -0.3192348771994448
 473.9470938397177989 474.4308637300016398 424.9011417599256669   0.0790651228005551
 473.1893136600154109 471.4261991770668429 426.2088322445991331   0.0790651228005551
 472.1253978466177148 474.2362219382077883 427.7206131517361561   0.0790651228005551
 478.3898399805666604 472.2463403191886615 426.8985822834804072  -0.3192348771994448
 480.0301222648102976 472.3219293645455503 428.1420220796005666   0.0790651228005551
 477.9627618743004592 470.2829148660445048 426.4450480113392896   0.0790651228005551
 478.7980208254936663 473.2781307883097041 425.1619239664067558   0.0790651228005551
 474.4535404436086957 477.3712775943831296 429.9845050601738300   0.5972651233493332
 473.1042759839889244 478.7866824686901382 428.7278371811161590  -0.5679348788457792
 473.9886678146641039 476.8893974302332191 432.4373695820036184  -0.4157348771994449
 475.2056514449093466 475.8198124384337858 433.4464833375175514   0.2718651228005551
 471.8060341299850557 477.8909522812114847 433.6997066394629731  -0.0024348771994449
 470.1185086923933766 477.2106508729998083 432.7359463111631518   0.0977651228005551
 471.6605252176731229 477.1029364833663196 436.4927218653985996  -0.0343348771994449
 471.2334471114069217 475.1054959598115254 436.7610629764154096   0.0294651228005551
 473.3593890120683300 477.5885960997840908 437.5509685003945050   0.0294651228005551
 469.5421422215473818 478.5447975235482446 437.6624623422958541   0.0117651228005551
 467.0760496167801352 477.8229221403903170 437.2750684848419739  -0.1256348771994449
 466.6810968547905875 476.1769706777448890 436.0996588295429822   0.1329651228005551
 478.7054242449315125 479.9809893853283788 424.3569006333563257   0.0185651228005551
 466.0253618863199510 480.5611353084421805 427.5070740986030556   0.0559651228005551
 466.3957482085685125 480.2587791270147866 429.5101838005595868  -0.0173348771994449
 463.9939062923545731 480.7009750423523764 427.1990487387738710  -0.0173348771994449
 467.0779393429140656 478.3407071010847417 425.9877342869303651   0.0135651228005551
 469.0621517835314016 478.0194536583180988 426.4355993806696920  -0.0425348771994449
 465.9970159943111044 476.6342844021538134 426.3959151318573710  -0.0425348771994449
 466.8190468625668531 478.9926626172875715 423.2022779655304597   0.8053651217029987
 464.6534207130930701 479.5217859347855241 422.3651292882033223  -0.8188348750043323
 468.7975901247823984 478.9888831650197110 421.8794696717855511  -0.8188348750043323
 451.1947911873059415 470.4756669317044798 420.0483250480158692   0.0796651228005551
 452.3267371415247515 470.8177073619441947 425.2091671197547978  -0.5679348788457792
 453.8744228452062885 474.0529185032174110 430.6855934558585784  -0.5679348788457792
 451.6426562810452681 470.1336265014647113 434.0096217254260881   0.5972651233493332
 452.9975899190668303 469.8312703200373175 435.8766711457402840  -0.5679348788457792
 451.5179343562064608 468.4366524332034345 432.1236750437726430  -0.4157348771994449
 450.4124445678625672 468.8372743735947730 430.6213427673052713   0.2718651228005551
 452.8917652555672183 466.0971714794089255 432.1217853176387663   0.0336651228005551
 452.3853186516763215 465.0124686785381575 433.7979723984269177   0.0822651228005551
 452.3116193324534166 464.4946837178437328 429.7671865547728689  -0.1825348771994449
 452.8256248408799809 465.5491509005717775 428.0739919387793989   0.0602651228005551
 453.3963221333241848 462.7447973178326229 429.8408858739957737   0.0602651228005551
 450.3009507259611644 464.0524878025061430 429.7161639491569664   0.0602651228005551
 455.6828907553689147 466.5620441083535712 432.1312339483083640   0.5972651233493332
 457.0718394638010605 465.3110454076976907 433.5126237522047888  -0.5679348788457792
 456.5861798473832893 468.3969681843911135 430.6156735889035342  -0.4157348771994449
 455.4069907398164372 469.4760018068601444 429.5725447629789637   0.2718651228005551
 459.2601423268818456 468.8013695770502588 430.3662297392259195  -0.0518348771994449
 460.1331958007534434 467.0288064634320932 429.7860838161120642   0.0921651228005551
 459.9385540089595918 470.8536121584887087 428.4160323690191674  -0.1102348771994449
 458.7272395571160326 472.4145259451077041 428.9942885659990924   0.0456651228005551
 461.9114280927733461 471.4356478077364943 428.5369748415901143   0.0456651228005551
 459.3130546586316248 470.1052806094559184 425.6683705702976526   0.3530651228005551
 457.2778196123984399 469.8256011416355803 425.5134130273161218  -0.0361348771994449
 460.1539827882265690 472.1594129170282984 423.7899827931799286  -0.4121348771994449
 462.1892178344598076 472.4390923848486365 423.9430506100275827   0.0999651228005551
 459.6853307070141167 471.5717080893787759 421.8719107672498836   0.0999651228005551
 459.1845532815250106 473.9244171261107430 424.2227300778479206   0.0999651228005551
 460.3845293765649884 467.4842304617071412 425.0069664234252252  -0.4121348771994449
 459.5738368651127675 466.0707153135340090 426.2674137547507032   0.0999651228005551
 459.9083183908168150 467.0193578327624956 423.0586587793524034   0.0999651228005551
 462.4329925057356315 467.5031277230463365 425.2261746549601165   0.0999651228005551
 460.4185444469755722 469.5043476988689375 432.8531093314662917   0.5972651233493332
 462.3403959251734777 468.4366524332034345 433.6033306066330125  -0.5679348788457792
 459.2280169826051921 471.2617930034157146 434.2382785876305234  -0.4157348771994449
 457.5707271631562362 471.9439841377612676 433.5825436191598868   0.2718651228005551
 460.1331958007534434 472.1631923692961591 436.6363410515766023  -0.0024348771994449
 461.9851274119963046 473.0343561170338265 436.4095739155060435   0.0977651228005551
 458.2926025463141639 474.1549637144491623 437.7153746740456333  -0.0343348771994449
 458.2793744633767057 475.7971357248267298 436.4738246040594043   0.0294651228005551
 456.3764202465179956 473.4217499744877068 437.9043472874378014   0.0294651228005551
 459.0579416305522730 475.0809295200705393 440.2702844071071730   0.0117651228005551
 458.6573196901609882 473.6163917662816120 442.3811084986972467  -0.1256348771994449
 457.7974942992267950 471.7569012505030835 442.1637899932962855   0.1329651228005551
 459.3262827415690830 474.4705479788140144 444.7413764399648812  -0.1704348771994449
 459.0088087510703008 473.2781307883097041 446.3911073548781162   0.1429651228005551
 460.2163437506459996 469.9843381368849715 438.4485884140070888   0.5972651233493332
 461.9870171381302349 469.7424531917430243 439.9301337030013348  -0.5679348788457792
 458.2604772020375103 468.3572839355787389 438.4221322481321724  -0.4157348771994449
 456.8261750663912526 468.5802716193814372 437.1824719042798737   0.2718651228005551
 458.1603217169396891 466.2577982007922470 440.1417830300005589   0.0336651228005551
 458.3171689860551500 466.9475482396735211 442.0768625911359225   0.0822651228005551
 455.7017880167081100 464.7252303061820983 439.8980083587246813  -0.1825348771994449
 455.5260434862534536 464.0071343752920313 437.9742671543928456   0.0602651228005551
 455.7433619916544147 463.1454192582239614 441.2189269263356596   0.0602651228005551
 454.0917413506071960 465.9365447580256041 440.3269761911248129   0.0602651228005551
 460.3183889618777510 464.4946837178437328 439.6239980693061342   0.5972651233493332
 461.6563150646939943 463.7161165506681653 441.3530974818440645  -0.5679348788457792
 460.6037376080998799 463.5498206508831068 437.3090835552525577  -0.5163348771994448
 459.4056512391937786 464.2074453454876736 435.9598190956327863   0.2935651228005551
 462.7655843053057486 462.0626061834870699 436.3812280234972505   0.0396651228005551
 462.6994438906185112 460.1369752530213040 437.1012136805212478   0.1104651228005551
 462.6333034759312738 461.8131623338094552 433.5069545738029980   0.0559651228005551
 460.7209006284029661 461.3086054560524887 432.9305881029570570  -0.0173348771994449
 463.1284117230186427 463.6197405178381510 432.6490189090027888  -0.0173348771994449
 464.4531097428974278 459.7533608478352842 432.6017757556547467   0.0135651228005551
 466.1255173714177722 459.6777718024784493 433.8093107552304455  -0.0425348771994449
 463.5195850327403297 457.9127675933960047 432.7227182282256936  -0.0425348771994449
 465.2694714327514396 460.2919327960028346 429.8994673841473437   0.8053651217029987
 463.6291891485078024 460.0840629212715248 428.2081624942878576  -0.8188348750043323
 467.5314736150551832 460.8815273497862875 429.5744344891128940  -0.8188348750043323
 465.2789200634210372 463.1945521377058801 437.2901862939133624   0.5365651228005551
 466.8095982318972555 461.9189869973090672 438.4920521150872703  -0.5819348788457793
 465.6549755640713359 465.7041084435533081 436.9746020295485103  -0.4157348771994449
 464.3907487804780509 466.7018838422637132 435.9900547137755634   0.2718651228005551
 468.0662661109548729 466.8284954932364509 437.5604171310641026  -0.0014348771994449
 469.5251346863420631 465.7721385843744758 436.5683109107554347   0.0875651228005551
 468.3043716038289597 469.6611949679843984 436.9103513409952033  -0.0152348771994449
 466.8851872772540905 470.7345594120516923 437.9515904407857898   0.0294651228005551
 470.1714210241431556 470.3377169239282143 437.4697102766358791   0.0294651228005551
 467.9963462439997751 470.0844936219827928 434.1343436502648954  -0.0011348771994449
 469.5024579727350071 468.8637305394696357 432.3939058809233833  -0.1906348771994449
 470.7666847563283458 467.4672229265018225 432.9797209824389757   0.1698651228005551
 469.2057709697094043 469.2964778241376277 429.8427756001297040  -0.2341348771994449
 470.3150402103211585 468.2609079027487783 428.5199673063848491   0.1655651228005551
 467.4218694992877105 470.9840032617293070 428.9999577444008295   0.3225651228005551
 467.1157338655925099 471.4337580816025640 426.3883562273216499  -0.5579348788457793
 468.5065723001585324 470.8025895528728598 425.4170369944861612   0.3991651228005551
 465.9478831148291320 472.2482300453225918 430.7252777046709530  -0.2341348771994449
 464.6893255096375843 473.6806424548349192 430.0827708191377210   0.1655651228005551
 466.2521290223904562 471.8060341299850557 433.2688490809289651  -0.1906348771994449
 465.1466392340465624 472.8264862423025168 434.5689806610667639   0.1698651228005551
 468.6199558681938118 466.6073975355676829 440.3194172865891454   0.5972651233493332
 470.7307799597838316 465.9762290068379788 441.0639693833541291  -0.5679348788457792
 466.7283400081386296 467.1743153757440262 441.9105666913508102  -0.4157348771994449
 465.0786090932253949 467.7979249999380629 441.1830221297911454   0.2718651228005551
 467.0023502975572304 467.1119544133246494 444.6053161583225460  -0.0024348771994449
 468.7579058759700774 468.0624866586870125 445.1155422144812496   0.0977651228005551
 464.8064885299407242 468.4215346241320460 445.9753676054154428  -0.0343348771994449
 462.9564466448317933 468.0152435053390241 445.1665648200971521   0.0294651228005551
 464.7630248288605428 468.0624866586870125 448.0030437471129603   0.0294651228005551
 465.2373460884747861 471.1937628625945471 445.6560038887827303   0.0117651228005551
 464.8461727787530452 472.3672827917596620 443.3694352667380541  -0.1256348771994449
 464.2055556193537434 471.2447854682104496 441.7650577790388774   0.1329651228005551
 465.2505741714121904 474.9184130725533413 443.0897557989177162  -0.1704348771994449
 464.9368796331812687 475.8160329861659252 441.2623906274158410   0.1429651228005551
 466.0499283260608836 476.3357076729942802 445.1136524883473730  -0.1072348771994449
 466.4429913619165009 475.1886439097040816 447.4096697410616467  -0.1704348771994449
 466.0367002431234790 472.6356239027764720 447.6704519475427895  -0.1256348771994449
 466.3466153290865401 471.7247759062264300 449.4921479406428737   0.1329651228005551
 467.3217140141898895 464.4417713860938999 445.5388408684796440   0.5972651233493332
 468.6067277852563536 464.0373699934347545 447.4285670024008959  -0.5679348788457792
 466.0782742180697301 462.5425966215030503 444.3728798438501963  -0.4157348771994449
 464.8008193515389334 462.7995993757163324 442.9782619570163134   0.2718651228005551
 466.5204701334073199 460.0122533281824967 445.2667203051949734  -0.0597348771994449
 466.3957482085685125 459.9480026396291896 447.3227423389012839   0.0868651228005551
 464.5721624893344980 458.0904018499845912 444.1801277781902751   0.1302651228005551
 464.0090241014259616 458.6837758560358509 442.2866221920011626   0.0186651228005551
 465.6304091243304034 455.3748653955397298 443.9590298205214533  -0.3204348771994449
 466.2615776530601074 454.7153509748012327 445.8090717056303842   0.0881651228005551
 464.1772097273449504 454.0955208028750565 443.2598311509705816   0.0881651228005551
 467.2045509938868032 455.2898277195132971 442.6343318006426682   0.0881651228005551
 462.1967767389954750 457.8806422491193512 445.8733223941836915  -0.0430348771994449
 461.1574273653387649 456.1723298240544926 445.3706552425606551   0.0235651228005551
 462.7788123882432068 457.6973388141289739 447.8424170257296388   0.0235651228005551
 460.3070506050742231 460.0538273031287478 445.6484449842470628  -0.0660348771994449
 459.5870649480502258 460.1483136098248319 443.7228140537812968   0.0185651228005551
 458.7177909264464348 459.6834409808801864 446.8975539587690128   0.0185651228005551
 461.1819938050797510 461.8396184996843716 446.1794580278789458   0.0185651228005551
 469.2114401481111413 459.2299067087391224 444.7886195933129233   0.5972651233493332
 470.5096820021150637 458.3984272098137759 446.5271676365204514  -0.5679348788457792
 470.1714210241431556 459.5436012469700442 442.3867776770989838  -0.4157348771994449
 468.9903421904423732 460.1275266223517063 440.9827111595955031   0.2718651228005551
 472.7452280185438909 458.7347984616517534 441.6932481859499029  -0.0875348771994449
 472.9852232375519080 456.7638141039718759 442.2431584909209812   0.0968651228005551
 473.1156143407924524 458.9521169670526609 438.8133055578539133   0.2984651228005551
 472.8321554207042539 460.9155424201968713 438.2615055267489048  -0.0297348771994449
 475.7612309282822159 458.1244169203951749 437.9780466066607062  -0.3192348771994448
 475.9294165542012046 458.1924470612163426 435.9276937513561328   0.0790651228005551
 477.1917536116606130 459.3659669903814576 438.7811802135772598   0.0790651228005551
 476.0976021801201934 456.1950065376615484 438.6035459569886194   0.0790651228005551
 471.2277779330051307 457.2986065998715656 437.3582164347345299  -0.3192348771994448
 471.4998984962898014 457.5858449722276247 435.3380991975727336   0.0790651228005551
 471.5131265792272596 455.3106147069864228 437.8249787898131058   0.0790651228005551
 469.2964778241376277 457.8333990957713091 437.8041918023399265   0.0790651228005551
 474.7521171727682827 460.2635869039940415 443.1181016909265090   0.5972651233493332
 476.6059385101450205 459.2166786258016642 444.0497366749496768  -0.5679348788457792
 474.2059863200650114 462.6635390940739972 443.6358866516209340  -0.4157348771994449
 472.6431828073121395 463.5460411986152462 442.9877105876859646   0.2718651228005551
 476.0446898483704142 464.1299665739969083 444.9870408373746355  -0.0252348771994449
 477.8701652937383054 464.0335905411669477 444.0365085920122186   0.0697651228005551
 475.4380877593816963 466.0952817532749953 445.1079833099455822   0.0697651228005551
 476.3130309593872242 463.0849480219384611 447.6043115328555521   0.5972651233493332
 478.4125166941737162 462.8884165040106256 448.5812999440928316  -0.5679348788457792
 474.1776404280562183 462.4027568875929083 448.8099568062973206  -0.4157348771994449
 472.5109019779376647 462.4859048374854107 447.8858807268098204   0.2718651228005551
 474.1870890587258159 461.4881294387750055 451.3686459916267210  -0.0237348771994449
 475.0714808894009417 462.9110932176176816 452.5648426343988383   0.0879651228005551
 471.5225752098968574 460.9325499554021363 452.3985467346137797   0.0341651228005551
 470.6155066656146221 459.6475361843357259 451.0681795363332038   0.0240651228005551
 471.7606807027709440 459.9857971623075802 454.2126838231781966   0.0240651228005551
 469.8728442949835687 463.2795898137323665 452.7481460693892156   0.0017651228005551
 469.7915860712249965 464.2395706897643271 450.9283398024230616   0.0439651228005551
 467.9887873394641076 462.6257445713956064 453.2640413039497100   0.0439651228005551
 470.9972313446667652 465.4792310336166797 455.1367599026656969  -0.2737348771994449
 469.9446538880725969 463.6424172314452068 457.8409580003069766  -0.0536348771994449
 470.8649505152922367 461.7999342508719970 457.8201710128338509   0.0683651228005551
 467.9018599373037446 463.3910836556337156 457.7483614197448228   0.0683651228005551
 475.6006042068988943 459.0352649169452172 451.5595083311527657   0.5972651233493332
 477.0462446993486800 458.6554299640270581 453.3415200754404753  -0.5679348788457792
 475.2188795278468048 457.2815990646663006 449.7529301471240163  -0.4157348771994449
 474.1096102872350506 457.6160805903703480 448.2373697877191864   0.2718651228005551
 476.4131864444850455 454.8514112564435680 449.9645794741231866  -0.0389348771994449
 475.9483138155404000 454.0274906620538889 451.7938343717589919   0.1006651228005551
 475.6195014682381433 453.0202666326738861 447.8272992166582504   0.3653651228005551
 476.5152316557167970 451.2023500918416087 448.1976855389068118   0.0042651228005551
 472.7905814457580026 452.5667323605327684 447.5759656408467591  -0.2438348771994449
 471.7191067278246392 454.0142625791164308 448.5718513134232338   0.0641651228005551
 472.2142149749120079 452.6177549661486175 445.5993121047650905   0.0641651228005551
 472.3672827917596620 450.7166904754238375 448.3583122602901333   0.0641651228005551
 476.4188556228868363 453.8082824305190511 445.4160086697747668  -0.6761348755531105
 476.4150761706189758 452.3853186516763215 444.2916216200916242   0.4101651228005551
 479.2232092056259372 455.1178626413264479 449.8171808356773233   0.5972651233493332
 480.6008195572545551 454.0331598404556797 451.3403000996178743  -0.5679348788457792
 480.1661825464526328 456.6277538223295406 447.9898156641755021  -0.4157348771994449
 478.9416400116716690 457.2986065998715656 446.6688970965645238   0.2718651228005551
 482.8684909179600359 456.9584558957657810 447.6024218067216218  -0.0014348771994449
 483.7415443918316873 455.0914064754515851 447.6647827691410524   0.0875651228005551
 483.3730477957170024 457.9524518422083257 444.9171209704195374  -0.0152348771994449
 482.0540189542400082 459.4699019277470857 444.4522483414748919   0.0294651228005551
 485.2854506432453639 458.7064525696429069 444.8169654853217164   0.0294651228005551
 483.1727368255213600 455.7943845972702638 443.0292845626322159  -0.0011348771994449
 485.1380520047994469 453.9972550439111655 443.0160564796947577  -0.1906348771994449
 486.7745548367752236 454.3714208184275878 444.1291051725743724   0.1698651228005551
 484.9169540471307326 451.6993480650629080 441.6970276382177097  -0.2341348771994449
 486.3455870043751457 450.2971712736933574 441.8255290153243775   0.1655651228005551
 482.5453477490595165 451.2061295441094693 440.1569008390718938   0.3225651228005551
 482.1503949870699688 448.9819218844841701 438.9361377565587904  -0.5579348788457793
 480.3740524211839964 448.8005081756277229 438.4826034844176727   0.3991651228005551
 480.5554661300404434 453.2602618516818495 440.1342241254648378  -0.2341348771994449
 478.8547126095113059 452.9938104667989696 439.0929850256742512   0.1655651228005551
 480.9579777965656585 455.4523441670304953 441.5855337963163605  -0.1906348771994449
 479.5161167563837333 456.8431826015965714 441.6686817462089166   0.1698651228005551
 484.1327177015533745 458.4570087199652922 449.7378123380526816   0.5972651233493332
 486.2794465896878547 457.8504066309765741 450.4029959371929158  -0.5679348788457792
 482.6870772091035889 460.0273711372538850 450.9963699432442293  -0.4157348771994449
 480.9466394397621304 460.5281485627429911 450.3916575803893879   0.2718651228005551
 480.1397263805777701 462.5558247044405085 454.6000776806320232   0.0186651228005551
 481.0184490328511586 464.4058665895493857 450.4011062110590393   0.0235651228005551
 479.1551790648047695 468.5859407977832280 451.3951021575015838   0.0185651228005551
 477.6547365144713282 466.1463043588908978 453.1582166404500980   0.0185651228005551
 480.4590900972104291 457.8277299173695183 454.7021228918637746   0.2718651228005551
 478.8603817879130430 452.8615296374244951 456.0589462560192668  -0.0430348771994449
 476.9555378449204565 452.3002809756498887 456.6031873825885543   0.0235651228005551
 478.7640057550830824 454.1352050516874313 454.4432304115165621   0.0235651228005551
 480.3853907779875243 450.5182692313621255 455.3465195035309369  -0.0660348771994449
 479.4745427814374822 449.5582883553301111 453.7685981817066765   0.0185651228005551
 482.2902347209801647 451.0776281670028014 454.8003886508276655   0.0185651228005551
 483.7944567235814128 453.9972550439111655 453.2640413039497100   0.2718651228005551
 487.1298233499525040 451.1021946067437876 451.2306959838504554   0.0341651228005551
 487.0164397819172245 452.9087727907725369 450.2461486680774549   0.0240651228005551
 488.9874241395971023 450.2669356555505805 450.9207808978873405   0.0240651228005551
 485.0945883037193191 449.3239623147238849 450.2140233238008013   0.0017651228005551
 483.2823409412887788 450.0099329013372984 450.9113322672177429   0.0439651228005551
 485.1361622786655704 449.4619123225001505 448.1598910162284211   0.0439651228005551
 485.4876513395748828 446.0396182939687499 451.1343199510204412  -0.2737348771994449
 483.5166669818950589 444.8264141159913140 448.6039766576998874  -0.0536348771994449
 484.3179108626776821 445.3706552425606551 446.7860601168676637   0.0683651228005551
 483.4278498536007118 442.7722818084189338 448.7268088564047646   0.0683651228005551
 481.6174922173041556 445.6068710093008116 448.7778314620206671   0.0683651228005551
 485.9581931469213193 412.4365081805810825 445.6654525194523815   0.0641651228005551
 495.2159614770015340 423.8428951249297615 436.9330280546022590  -0.8627348766506667
 494.4562915711651081 425.2790869867098957 437.9345829055805246   0.4477651228005551
 495.1176957180375894 423.8372259465279707 435.0262943854756885   0.4477651228005551
 489.9398461110933420 425.5020746705125940 446.7274786067160937  -0.5894348761018886
 485.9600828730551958 427.8793501469855473 449.5866342473389578  -0.0875348771994449
 485.9600828730551958 428.0607638558419943 447.5343916659004541   0.0968651228005551
 483.5828073965822963 426.5565418532406387 450.3784294974519833   0.2984651228005551
 481.9368559339368681 427.5902220484955580 449.6943486369724463  -0.0297348771994449
 483.5979252056536309 423.8863588260099429 449.2256965557599940  -0.3192348771994448
 485.2419869421651288 422.8526786307550238 449.9078876901055470   0.0790651228005551
 481.8820538760531588 422.8885834272994841 449.7793863129989327   0.0790651228005551
 483.6791834294122569 424.0243088337861548 447.1715642481876138   0.0790651228005551
 485.9468547901177376 430.4815030333950754 450.7601541765040728   0.5972651233493332
 484.1856300333032074 432.1822565539242129 449.9853664615963660  -0.4157348771994449
 482.9214032497098150 431.7551784476580117 448.6209841929052062   0.2718651228005551
 484.2064170207762792 434.7220484779143643 450.9793624080389104  -0.0014348771994449
 485.1078163866567773 436.7516143457458120 449.0990849047872563  -0.0152348771994449
 484.1308279754193905 436.5645314584876278 447.2943964468924908   0.0294651228005551
 484.8602622631130393 438.6659069194080500 449.8171808356773233   0.0294651228005551
 487.8516987331104316 436.2338293850513873 448.7381472132082925  -0.0011348771994449
 491.3476920808646832 435.0433019206810072 446.1473326836022922  -0.2341348771994449
 492.0903544514957902 434.4593765452993450 444.3161880598326103   0.1655651228005551
 488.8060104307406553 435.5119540018934597 446.4289018775565605  -0.1906348771994449
 487.5380041948795099 435.3116430316978172 444.8188552114556465   0.1698651228005551
 481.6647353706521976 435.4722697530811387 451.9941453419546344   0.5972651233493332
 479.8279215684807250 434.0511957003723391 451.8864309523210921  -0.5679348788457792
 481.2830106916001082 443.2012496408190653 453.9896961393754983  -0.3192348771994448
 479.7957962242040714 443.6982476140403107 452.6555494888270618   0.0790651228005551
 482.8968368099688826 442.4378002827148327 452.9635748486562465   0.0790651228005551
 477.2956885490262947 439.5748651898241618 452.7046823683090340   0.5972651233493332
 476.7382193395194953 438.2841822403559605 450.8603096616018940  -0.5679348788457792
 476.0711460142452770 441.7329324347622239 453.2942769220924334  -0.4157348771994449
 477.0632522345539450 442.7382667380083499 454.5774009670249672   0.2718651228005551
 473.6579657412278633 442.7042516675977662 452.4741357799706148  -0.0875348771994449
 472.0932725023410612 441.4891577634863999 453.0391638940130814   0.0968651228005551
 473.1609677680065642 445.3347504460161411 453.4397858344043662   0.2984651228005551
 471.3449409533082708 446.0056032235581660 452.7368077125856877  -0.0297348771994449
 473.1099451623907153 445.2723894835967105 456.3424051761074117  -0.3192348771994448
 474.9259719770890087 444.6015367060546853 457.0472730240600744   0.0790651228005551
 472.7508971969456816 447.1677847959197531 457.0642805592653394   0.0790651228005551
 471.6170615165928876 444.0024935216016349 456.9773531571049764   0.0790651228005551
 475.1659671960970257 447.1356594516430996 452.3456344028640005  -0.3192348771994448
 475.0563630803296069 447.1186519164377809 450.2896123691576363   0.0790651228005551
 474.8220370397233270 449.0461725730374771 453.0334947156113443   0.0790651228005551
 477.0405755209468892 446.5196087319847840 452.9390084089152604   0.0790651228005551
 473.3291533939255530 442.7609434516154059 449.6433260313565974   0.5972651233493332
 471.2315573852729914 443.2409338896313863 448.7646033790832089  -0.5679348788457792
 475.3020274777393611 442.5492941246162355 448.1031992322107815  -0.3479348771994449
 476.8742796211618306 441.8954488822794755 448.9630246231449211   0.2746651228005551
 475.2623432289269865 442.5114996019377912 445.3196326369447526  -0.2637348771994449
 475.0072302008476345 444.4220127233321687 444.6034264321886157   0.1559651228005551
 477.8531577585330404 441.6932481859499029 444.2387092883417914  -0.0007348771994449
 478.9132941196628759 440.6085453850790811 445.6389963535774651   0.0326651228005551
 477.5545810293735070 440.4951618170438016 442.5870886472946261   0.0326651228005551
 479.3838359270092585 444.0383983181461489 443.4053400632825146   0.0389651228005551
 478.3085817568080881 445.0645196088654008 441.9823762844398386   0.0284651228005551
 479.6124927892137478 445.2875072926680990 445.0229456339191495   0.0284651228005551
 482.0124449792937033 443.4658112995680147 442.3092989056082185   0.0485651228005551
 483.0121101041380385 445.2478230438557781 442.0277297116539503   0.0686651228005551
 483.0706916142896087 442.3565420589562606 443.6831298049689758   0.0686651228005551
 481.8461490795086446 442.1411132796892296 439.8639932883140974  -0.5295348771994448
 481.0864791736723263 443.0840866205159254 438.3786685470519910   0.3455651228005551
 482.3488162311316810 439.7354919112074833 439.4633713479228126   0.8075651238981114
 483.7075293214211036 438.3541021073110586 440.9827111595955031  -0.8627348766506667
 484.8394752756398600 439.2195966766469889 442.2677249306619673   0.4477651228005551
 483.9040608393489391 436.5040602222021275 440.5310666135883158   0.4477651228005551
 481.4530860436530273 438.6394507535331336 437.4716000027698094  -0.8627348766506667
 480.5781428436474992 439.7033665669308298 436.1431225306231637   0.4477651228005551
 481.7289860592055047 436.7591732502814795 437.2523917712349179   0.4477651228005551
 473.0834889965157989 440.9279091017117936 444.2519373712792496   0.7340651211542206
 471.5150163053611362 441.8293084675922381 442.8100763310973244  -0.5894348761018886
 472.8038095286954608 438.6016562308547430 445.1779031769006802  -0.4157348771994449
 474.0812643952262040 437.9818260589285667 446.4496888650296861   0.2718651228005551
 470.7118826984446363 436.9368075068701197 444.4333510801356966  -0.0014348771994449
 470.6003888565432872 436.9330280546022590 442.3735495941615256   0.0875651228005551
 471.2239984807372702 434.2307196830948560 445.3612066118910575  -0.0152348771994449
 471.3657279407813963 434.2477272183001747 447.4191183717312982   0.0294651228005551
 469.5950545532971610 433.0647586584654621 444.8793264477410931   0.0294651228005551
 473.5483616254604445 432.9589339949658501 444.2557168235471101  -0.0011348771994449
 473.3990732608806510 431.9876147621303614 441.7707269574406682  -0.1906348771994449
 471.6813122051462484 432.1935949107277408 440.7294878576500278   0.1698651228005551
 475.4550952945869613 430.7366160614744809 440.6387810032218043  -0.2341348771994449
 475.3284836436142237 429.9920639647094975 438.7717315829076084   0.1655651228005551
 477.8739447460061660 430.4191420709756987 442.1411132796892296   0.3225651228005551
 479.9205181490428788 429.2323940588731255 441.1357789764431035  -0.5579348788457793
 480.7463284695664881 428.2006035897521365 442.3811084986972467   0.3991651228005551
 477.9192981732202777 431.4698298014359367 444.8150757591877860  -0.2341348771994449
 479.5576907313299846 431.2714085573741708 445.9678087008797754   0.1655651228005551
 475.7555617498804249 432.7057106930204284 445.7467107432109538  -0.1906348771994449
 475.7857973680232020 433.4332552545800932 447.6345471509982753   0.1698651228005551
 468.0870530984279986 437.8287582420809128 445.3744346948284619   0.5972651233493332
 466.1727605247657606 436.8328725695044378 444.5032709470907944  -0.5679348788457792
 467.9698900781249123 439.4898275137977293 447.1942409617946696  -0.4157348771994449
 469.4930093420654096 439.6277775215739410 448.3356355466830774   0.2718651228005551
 465.6795420038123220 440.8107460814086537 447.9180060710864739  -0.0237348771994449
 464.0751645161131990 439.5351809410118410 447.7101361963551641   0.0879651228005551
 465.7626899537048780 441.5477392736379699 450.7280288322273656   0.0341651228005551
 467.5900551252066995 442.3187475362778161 451.2363651622521926   0.0240651228005551
 464.4039768634155091 443.0500715501053415 451.0455028227261478   0.0240651228005551
 465.1938823873945508 439.3348699708161448 452.5213789333186567   0.0017651228005551
 466.6262947969068782 437.8741116692950245 452.2776042620428329   0.0439651228005551
 465.3545091087778723 440.0416275449027377 454.4507893160522832   0.0439651228005551
 462.0777239925584048 437.9270240010448574 452.2039049428198745  -0.2737348771994449
 462.8392836245287071 435.0262943854756885 450.5598432063083766  -0.0536348771994449
 463.9617809480779195 433.8263182904357107 451.8013932762946593   0.0683651228005551
 461.0912869506515275 434.0549751526401998 450.0666246853549380   0.0683651228005551
 463.9050891640602797 435.4325855042687641 448.8458616028418348   0.0683651228005551
 465.0634912841540063 443.0746379898463276 446.2663854300393088   0.5972651233493332
 462.8827473256088885 443.4223475984878332 445.5331716900778531  -0.5679348788457792
 466.9664455010127164 445.0550709781958030 445.7693874568180095  -0.4157348771994449
 468.6955449135506468 444.8377524727948418 446.5422854455918399   0.2718651228005551
 466.4788961584610149 447.1772334265893509 444.0743031146906631   0.0336651228005551
 464.8537316832887663 448.2638259535941029 444.8169654853217164   0.0822651228005551
 468.8127079338537869 448.8666485903149603 444.0081627000034257  -0.1825348771994449
 469.1660867208970296 449.5412808201248461 445.9073374645942751   0.0602651228005551
 470.4492107658295634 447.8140711337208459 443.3221921133900120   0.0602651228005551
 468.4725572297479485 450.4804747086836810 442.7760612606867405   0.0602651228005551
 465.7626899537048780 446.2607162516375717 441.4702605021472046   0.5972651233493332
 463.9882371139528359 447.2962861730264211 440.4724851034367459  -0.5679348788457792
 467.1157338655925099 444.4012257358590430 440.4554775682314806  -0.4157348771994449
 468.7068832703541749 443.7870647423346577 441.3360899466387459   0.2718651228005551
 466.6773174025227807 443.5054955483803895 437.8760013954289546  -0.0275348771994449
 467.2272277074938590 444.9927100157763726 436.5569725539519067   0.1122651228005551
 468.0870530984279986 441.0072775993364892 437.4413643846270862  -0.0050348771994449
 467.9396544599821355 439.8450960269749021 439.1402281790222933   0.0338651228005551
 467.1043955087889820 439.9754871302154466 435.9484807388292585   0.0338651228005551
 470.7761333869979434 441.0412926697470731 436.6212232425052676  -0.1415348771994449
 472.1896485351710755 443.0746379898463276 436.0013930705790913  -0.1638348771994449
 471.5735978155127062 445.0248353600530798 436.0750923898019961   0.2061651228005551
 474.4592096220104865 442.2639454783941068 435.0130663025382839  -0.3418348771994449
 475.6440679079790758 443.4639215734340845 434.0682032355776580   0.3411651228005551
 474.6444027831347405 439.6655720442523855 434.9847204105294372   0.1379651228005551
 476.4679885023687550 437.9685979759911084 434.0719826878454648  -0.2601348771994449
 478.1403961308890457 438.6640171932741197 433.1932600355720762   0.1571651228005551
 476.0390206699686234 435.3513272805101381 434.2609553012375792  -0.1134348771994449
 477.4223001999989785 434.0493059742384090 433.5806538930259565   0.1416651228005551
 473.7713493092631427 434.4348101055583589 435.3040841271621497  -0.1972348771994449
 473.4482061403626232 432.4468182126732161 435.4023498861260407   0.1446651228005551
 471.9156382457524747 436.1223355431500382 436.1865862317033453  -0.2387348771994449
 470.1770902025448927 435.4288060520009571 436.9386972330039961   0.1699651228005551
 472.3200396384116200 438.8322028191931087 436.0505259500610100   0.1242651228005551
 463.8843021765871542 442.9083420900612690 437.3771136960737252   0.5972651233493332
 462.9696747277692515 443.3032948520508167 435.2757382351533032  -0.5679348788457792
 462.3026014024950333 441.9389125833596569 439.5106145012708547  -0.4157348771994449
 463.0320356901886821 441.5968721531198884 441.2416036399427154   0.2718651228005551
 459.6437567320678654 441.4683707760132743 439.1099925608795163  -0.0518348771994449
 459.5095861765594603 440.2060337185538660 437.4886075379750744   0.0921651228005551
 458.1300860987969120 440.4970515431777320 441.4645913237454136  -0.1102348771994449
 458.3247278905908174 441.8973386084134058 442.9669236002127853   0.0456651228005551
 456.1515428365813670 440.5518536010614414 440.8825556744976819   0.0456651228005551
 458.3851991268763177 437.9780466066607062 442.8459811276418386   0.3530651228005551
 458.4003169359476524 436.4114636416399739 441.5307317384326511  -0.0361348771994449
 460.6963341886619798 437.9912746895981644 444.5183887561621830  -0.4121348771994449
 460.3807499242971279 439.2403836641201144 446.1265456961291666   0.0999651228005551
 461.0837280461158601 436.0883204727394543 445.2024696166416663   0.0999651228005551
 462.2837041411558380 438.6866939068811757 443.4317962291574310   0.0999651228005551
 456.1553222888492276 437.7191541263134938 444.6790154775454508  -0.4121348771994449
 454.4753557557932158 437.1087725850569152 443.6736811742993783   0.0999651228005551
 456.6088565609903451 436.3623307621580551 446.1473326836022922   0.0999651228005551
 455.7735976097971382 439.5125042274047850 445.6182093661043395   0.0999651228005551
 458.2207929532251357 443.9023380365038136 438.6980322636847036   0.5972651233493332
 456.8469620538643782 444.1612305168510259 436.8385417479061749  -0.5679348788457792
 458.4966929687776668 445.7863949920233284 440.4290214023565642  -0.4157348771994449
 459.8629649636027030 445.6219888183721464 441.7631680529049471   0.2718651228005551
 457.0907367251402558 448.1844574559694072 440.2419385150983801  -0.0875348771994449
 455.1084140106568501 447.7044670179533732 439.9622590472780422   0.0968651228005551
 457.1474285091578955 449.6886794585707092 442.7420461902761569   0.2984651228005551
 456.4217736737321073 448.4509088408522871 444.2235914792704565  -0.0297348771994449
 459.7722581091744795 450.5617329324423070 443.5678565107997662  -0.3192348771994448
 459.6210800184608094 451.6521049117148659 445.3101840062751548   0.0790651228005551
 460.9401088599378574 448.9157814697969327 443.9363531069143975   0.0790651228005551
 460.6283040478408123 451.7371425877413523 442.1146571138143131   0.0790651228005551
 455.3937626568789790 451.9884761635528434 442.6267728961070008  -0.3192348771994448
 455.3219530637899508 452.9125522430403439 444.4692558766802108   0.0790651228005551
 456.0683948866888646 453.3434098015744056 441.2302652831391875   0.0790651228005551
 453.4926981661541990 451.3780946222963188 442.1241057444839109   0.0790651228005551
 457.8882011536550184 449.6886794585707092 437.8948986567681500   0.5972651233493332
 456.2422496910095905 450.5674021108440978 436.5021704960681974  -0.5679348788457792
 460.3259478664134184 449.7340328857848210 437.2769582109759042  -0.4157348771994449
 461.6015130068102850 448.9611348970110444 438.4920521150872703   0.2718651228005551
 460.7341287113404243 452.9654645747901768 435.0508608252166746   0.0863651228005551
 460.2976019744046254 449.8644239890253654 432.5696504113780932   0.5972651233493332
 459.3546286335779297 451.2325857099843858 430.9350373055361931  -0.5679348788457792
 460.2994917005385557 447.3473087786422700 432.3145373832986877  -0.4157348771994449
 461.1082944858568464 446.2739443345749761 433.6864785565255685   0.2718651228005551
 459.1732149247214828 446.0944203518524594 430.1281242463518327   0.0336651228005551
 460.0198122327181639 446.8862156019654849 428.4235912735548348   0.0822651228005551
 459.7854861921119378 443.2655003293723724 430.2585153495923772  -0.1825348771994449
 458.9577861454544517 442.2922913704028997 428.6427995050897263   0.0602651228005551
 461.8263904167469134 442.9820414092841738 430.2339489098513911   0.0602651228005551
 459.0088087510703008 442.4548078179201515 431.9895044882642378   0.0602651228005551
 456.3008312011611604 446.5403957194579096 429.9523797158971229   0.5972651233493332
 455.2954968979150342 446.7539347725910101 427.8604528856462983  -0.5679348788457792
 454.8627496132470961 446.8937745065011523 432.2068229936651990  -0.4157348771994449
 455.7169058257794983 446.7255888805821636 433.9056867880604061   0.2718651228005551
 452.2039049428198745 447.4965971432220634 432.1520209357814897   0.0212651228005551
 451.2325857099843858 446.0471771985044710 431.0578695042410701   0.1123651228005551
 451.0795178931367317 447.3000656252942279 434.8203142368783089  -0.1231348771994449
 452.3078398801855562 448.2222519786477981 436.1903656839712057   0.1111651228005551
 449.2313657341617848 448.2165828002460608 434.8543293072888927   0.1111651228005551
 450.6826754050133075 443.9854859863963697 435.6310067483305299  -0.3119348771994449
 450.2196925022025921 444.3029599768951521 438.0933199008299158   0.1932651228005551
 451.9015487613924806 450.1044192080333825 431.0918845746516540   0.5972651233493332
 450.1705596227206199 450.5862993721832931 429.6216776424609359  -0.5679348788457792
 453.4567933696096851 451.9109973920620782 431.9347024303805286  -0.4157348771994449
 454.8835366007202215 451.3951021575015838 433.1138915379473806   0.2718651228005551
 453.4189988469312408 454.5490550750161741 431.1070023837230425  -0.0252348771994449
 451.6332076503756706 455.4202188227538418 431.6455743318905929   0.0697651228005551
 454.9629050983449171 455.5657277350657746 432.0178503802730846   0.0697651228005551
 453.7402522896978836 454.7682633065510119 428.2497364692341087   0.5972651233493332
 452.0697343873114694 455.7981640495381243 426.9930685901764914  -0.5679348788457792
 455.7282441825830264 453.5871844728502295 427.2141665478452593  -0.4157348771994449
 457.0340449411226162 452.8180659363443135 428.3952453815460417   0.2718651228005551
 456.1855579069919508 453.4926981661541990 424.4797328320612027  -0.0518348771994449
 456.4614579225444820 455.4107701920842440 423.7710855318407333   0.0921651228005551
 458.6176354413486135 451.9846967112850367 423.9789554065720967  -0.1102348771994449
 458.4173244711529712 450.1119781125690500 424.8179938100331106   0.0456651228005551
 458.8273950422138536 451.7484809445448802 421.9399409080710514   0.0456651228005551
 461.0213670836964297 453.2508132210122518 425.0277534108983507   0.3530651228005551
 460.8342841964382454 453.5777358421806318 427.0478706480602009  -0.0361348771994449
 463.2531336478574501 451.4612425721888211 424.6365801011766636  -0.4121348771994449
 464.9822330603953804 452.3664213903371261 425.2942047957812842   0.0999651228005551
 462.9356596573586677 449.7434815164544187 425.7250623543152922   0.0999651228005551
 463.4194295476425085 450.9907007648424385 422.6429190298897300   0.0999651228005551
 461.5448212227926452 455.7924948711363335 423.7654163534389962  -0.4121348771994449
 463.4439959873834948 456.4520092918748842 424.2208403517139903   0.0999651228005551
 461.2897081947132934 455.6602140417618587 421.7301813072057576   0.0999651228005551
 460.2276821074495275 457.1908922102380771 424.4854020104629398   0.0999651228005551
 453.9443427121613866 452.3834289255423911 423.0322026134775406   0.5972651233493332
 452.9824721099954418 453.5645077592431736 421.2823162134664308  -0.5679348788457792
 452.9144419691742741 450.2385897635417874 423.9033663612152081  -0.4157348771994449
 453.5852947467162992 449.3825438248754549 425.4718390523698708   0.2718651228005551
 450.9377884330926593 449.0102677764929630 422.5144176527831159  -0.0597348771994449
 451.5065959994029329 448.7475958438779439 420.5528819257728357   0.0868651228005551
 450.4105548417286368 446.3703203674049905 423.6747094990107727   0.1302651228005551
 450.4313418292017625 446.5744107898684935 425.7269520804492225   0.0186651228005551
 447.8065122291851247 445.2648305790610431 422.9981875430669568  -0.3204348771994449
 447.5513992011057730 445.2402641393200570 420.9535038661641205   0.0881651228005551
 447.6628930430071221 443.3505380053988051 423.7446293659658169   0.0881651228005551
 446.3098491311194903 446.3967765332799069 423.8504540294654289   0.0881651228005551
 452.5194892071847265 444.4673661505462804 422.9641724726563729  -0.0430348771994449
 454.3487441048205318 445.3234120892126130 423.3572355085119903   0.0235651228005551
 452.3418549505961400 442.8157455094991154 424.1830458290355460   0.0235651228005551
 452.5686220866666988 443.5451797971927103 420.2089517693991907  -0.0660348771994449
 452.7462563432552853 445.1363292019544289 418.9144893676631288   0.0185651228005551
 454.1937865618389474 442.3074091794742882 419.9500592890519783   0.0185651228005551
 450.8603096616018940 442.4812639837950680 419.7705353063294616   0.0185651228005551
 448.6625581678514573 450.6826754050133075 422.4671744994350738   0.5972651233493332
 447.4739204296150077 450.9944802171102990 420.4943004156212657  -0.5679348788457792
 448.0011540209790299 451.8316288944373826 424.6346903750427333  -0.4157348771994449
 449.0367239423678794 451.6275384719739335 426.2258397798044519   0.2718651228005551
 445.7901744442911352 453.3944324071902545 424.7329561340066242  -0.0249348771994449
 444.1706791475206237 452.2794939881767631 424.1225745927500994   0.0842651228005551
 445.2534922222575152 454.4318920547130342 427.3993597089695133   0.2116651228005551
 445.0399531691244147 452.8596399112905647 428.7127193720448241   0.0351651228005551
 446.8276340918139150 455.6186400668156074 427.9984028934225639   0.0351651228005551
 446.1227662438613061 455.6167503406816773 422.9981875430669568   0.5972651233493332
 448.4131143181738426 456.7411373903648199 422.9150395931744005  -0.4157348771994449
 449.8795417980967539 456.0211517333408225 423.9033663612152081   0.2718651228005551
 448.8571999596453627 458.9313299795795353 421.3579052588233196  -0.0518348771994449
 447.4965971432220634 460.3901985549667255 421.8719107672498836   0.0921651228005551
 451.5387213436795864 460.0122533281824967 421.6678203447863809  -0.1102348771994449
 451.5292727130099889 460.4998026707341980 423.6690403206089819   0.0456651228005551
 453.0391638940130814 458.6497607856252671 421.2993237486717496   0.0456651228005551
 451.9998145203563715 462.4159849705303126 420.0861195706943137   0.3530651228005551
 451.3043953030733603 462.0890623493619326 418.1756064492998825  -0.0361348771994449
 450.6316527993974048 464.7082227709768333 421.2350730601183887  -0.4121348771994449
 451.3270720166804161 465.0370351182790899 423.1455861815128199   0.0999651228005551
 450.9925904909763686 466.3749612210953332 420.0785606661585926   0.0999651228005551
 448.6058663838338177 464.3397261748621483 421.2955442964038890   0.0999651228005551
 454.8211756383008448 462.8619603381357628 419.6004599542765425  -0.4121348771994449
 455.6054119838781492 461.2556931243027095 418.5762283896912209   0.0999651228005551
 455.0630605834427384 464.5740522154684284 418.4798523568612065   0.0999651228005551
 455.8038332279398614 463.0736096651349332 421.3994792337695707   0.0999651228005551
 448.6228739190391366 458.2623669281714405 418.6007948294322071   0.5972651233493332
 449.9097774162394771 456.2120140728668673 417.7957714963817233  -0.5163348771994448
 450.7903897946467960 455.1027448322551130 419.0751160890463967   0.2935651228005551
 450.0496171501496730 455.5147051294499257 415.1709418963651392   0.0380651228005551
 450.8225151389234495 457.0907367251402558 414.0937980000299848   0.0879651228005551
 451.7503706706788105 453.1808933540571539 414.7570918730363426  -0.0303348771994449
 451.0946357022081202 451.6143103890364753 415.9211631715318598  -0.0122348771994449
 451.6785610775897823 452.6366522274878665 412.7709897062851299  -0.0122348771994449
 454.4621276728558113 453.8404077747957047 415.4732980777925331   0.7993651217029988
 455.0781783925141269 456.1364250275100321 415.5734535628903542  -0.8014348761018886
 455.9512318663857247 452.0451679475704833 415.9513987896745832  -0.8014348761018886
 446.8597594360905685 452.5119303026490591 417.0965728268308514   0.2718651228005551
 445.9300141782013311 438.7018117159525642 422.7600820501928700   0.0042651228005551
 443.4488037643627497 442.2715043829297740 422.5900066981399509   0.4101651228005551
 444.1650099691188865 437.2127075224225969 427.2311740830505245   0.5972651233493332
 446.1284354222630432 436.2338293850513873 428.0040720718243547  -0.5679348788457792
 443.7001373401742410 439.7789556122876647 431.0370825167679447  -0.0024348771994449
 445.5823045695598255 440.5896481237398858 430.8386612727062325   0.0977651228005551
 444.0119421522712861 448.0502869004610023 429.5215221573631148  -0.1704348771994449
 445.3782141470963225 449.5261630110534575 429.9637180727006507   0.1429651228005551
 443.8286387172809088 445.9526908918083869 431.0408619690358051  -0.1256348771994449
 445.0512915259279425 445.7637182784162725 432.6887031578151097   0.1329651228005551
 445.6106504615686184 437.3468780779310020 434.2722936580411071  -0.5679348788457792
 446.2607162516375717 429.6727002480767849 430.9463756623397210  -0.0275348771994449
 446.1076484347899176 428.0191898808956895 432.1652490187189479   0.1122651228005551
 445.9375730827369985 428.8242132139461733 428.1817063284129412  -0.0050348771994449
 445.7656080045502028 430.4418187845827545 426.9174795448196025   0.0338651228005551
 447.5627375579093008 427.6884878074595026 427.6223473927722652   0.0338651228005551
 444.9983791941781634 420.3185558851666095 426.9382665322927282  -0.1972348771994449
 446.5347265410561188 418.9466147119397824 426.9042514618821443   0.1446651228005551
 445.6012018308990208 422.8167738342105096 427.3521165556215249  -0.2387348771994449
 447.5684067363110379 423.3629046869137274 427.6261268450400720   0.1699651228005551
 448.9422376356717954 430.5533126264841036 431.3469976027310058   0.5972651233493332
 450.5711815631119045 429.0075166489364969 431.9479305133179868  -0.5679348788457792
 449.5167143803838598 433.0137360528495594 430.9690523759467770  -0.4157348771994449
 448.1617807423623515 434.2836320148446352 430.5268564606091872   0.2718651228005551
 452.0980802793203161 433.8886792528551412 431.1618044416067520   0.0336651228005551
 453.2167981506016679 432.7869689167790007 429.8276577910583692   0.0822651228005551
 452.4155542698190447 436.7100403707995608 430.5344153651449083  -0.1825348771994449
 451.3195131121447488 437.8382068727505103 431.8647825634254305   0.0602651228005551
 454.4054358888381714 437.2259356053600551 430.6723653729211202   0.0602651228005551
 451.7465912184109498 437.0671986101106641 428.6201227914826703   0.0602651228005551
 453.1336502007091655 433.5069545738029980 433.7771854109537384   0.5972651233493332
 455.2236873048260599 432.5280764364317882 434.0814313185150626  -0.5679348788457792
 451.6823405298576428 434.2231607785591886 435.7462800424996858  -0.4157348771994449
 449.9400130343822542 434.9450361617171162 435.4552622178758198   0.2718651228005551
 452.5572837298631709 433.9661580243459064 438.3030795016951559  -0.0875348771994449
 454.3846489013649921 434.8770060208959485 438.5789795172476870   0.0968651228005551
 450.7393671890308935 434.9714923275919790 440.2438282412323104   0.2984651228005551
 451.4480144892513629 434.5689806610667639 442.1354441012874388  -0.0297348771994449
 450.4823644348176113 437.8457657772862314 439.8961186325907510  -0.3192348771994448
 449.7737171345971419 438.2482774438114466 438.0045027725356226   0.0790651228005551
 449.1671150456084240 438.5922076001850915 441.2945159716924946   0.0790651228005551
 452.3229576892569447 438.7358267863631479 440.1417830300005589   0.0790651228005551
 448.2335903354513260 433.5258518351422470 440.0000535699564329  -0.3192348771994448
 448.5642924088875664 431.5189626809178552 440.3213070127230757   0.0790651228005551
 447.4625820728114796 433.7998621245607941 438.1103274360351810   0.0790651228005551
 452.9371186827813300 431.2147167733565312 438.8170850101217201   0.5972651233493332
 454.7096817963994957 430.4890619379307966 440.1323343993309075  -0.5679348788457792
 451.2722699587967067 429.5990009288538801 437.7739561841972033  -0.4157348771994449
 449.9059979639716703 430.2320591837175144 436.6023259811660184   0.2718651228005551
 451.4196685972425699 426.9363768061588517 438.2577260744810441   0.0336651228005551
 451.2495932451896508 426.5754391145798879 440.2778433116428941   0.0822651228005551
 449.3428595760631339 425.4491623387628148 436.8706670921828284  -0.1825348771994449
 449.4997068451785948 425.7779746860651251 434.8429909504853648   0.0602651228005551
 449.5620678075979715 423.4384937322706162 437.2580609496367089   0.0602651228005551
 447.4928176909542030 426.0765514152246585 437.5264020606535189   0.0602651228005551
 453.9084379156168724 425.9291527767787952 437.3449883517970717   0.5972651233493332
 455.1821133298798086 424.5553218774180377 438.7207089772917595  -0.5679348788457792
 454.6567694646496628 426.4696144510802759 435.0470813729488678  -0.4157348771994449
 453.5720666637788946 427.6374652018436001 433.9793861072833110   0.2718651228005551
 457.0793983683367279 425.5738842636016221 434.0474162481044787  -0.0014348771994449
 457.1625463182292303 423.5594362048415629 434.4593765452993450   0.0875651228005551
 457.2815990646663006 425.9253733245109347 431.1655838938746125  -0.0152348771994449
 458.0715045886453959 424.2000533642408648 430.4134728925739079   0.0294651228005551
 455.3899832046111184 426.1219048424387702 430.3964653573686427   0.0294651228005551
 458.8992046353028818 428.0702124865115921 430.1413523292892909  -0.0011348771994449
 457.6500956607809318 430.1885954826372793 429.1360180260431647  -0.1906348771994449
 455.6488756849583308 430.1394626031553606 429.0490906238828019   0.1698651228005551
 458.9710142283919099 432.3353243707718670 428.2988693487160275  -0.2341348771994449
 458.0053641739581586 433.9812758334172413 427.6809289029237815   0.1655651228005551
 461.8301698690147204 432.2824120390220342 428.3366638713944718   0.3225651228005551
 463.1869932331702127 434.2779628364428981 427.4749487543264021  -0.5579348788457793
 464.9501077161187269 434.1173361150595765 427.8887987776551449   0.3991651228005551
 463.0962863787419892 429.8900187534777459 429.2890858428907651  -0.2341348771994449
 465.1031755329663810 429.7407303888979525 429.3268803655692095   0.1655651228005551
 461.5674979363997011 427.8925782299230056 430.1564701383606258  -0.1906348771994449
 462.4500000409408965 426.2277295059383823 430.8726763431168164   0.1698651228005551
 459.3527389074439994 426.7379555620970859 435.4061293383939013   0.5972651233493332
 461.2481342197669884 425.4321548035574961 435.7122649720891020  -0.5679348788457792
 459.1921121860606781 429.0623187068202601 436.3434335008188061  -0.4157348771994449
 457.5971833290311526 430.0600941055306652 436.0297389625878844   0.2718651228005551
 461.2122294232224744 430.2433975405210425 437.8060815284738568  -0.0597348771994449
 462.9885719891084468 430.0071817737808860 436.7327170844066167   0.0868651228005551
 460.8777478975184270 433.1252298947509085 438.0101719509373598   0.1302651228005551
 458.9899114897311055 433.4823881340620656 438.7452754170327456   0.0186651228005551
 462.8411733506626374 434.2363888614966468 439.8507652053766392  -0.3204348771994449
 462.4254336011999640 433.6600223906506521 441.7820653142441961   0.0881651228005551
 464.7365686629856264 433.5730949884902891 439.3896720286998543   0.0881651228005551
 462.8184966370555814 436.2905211690690270 439.7581686248145393   0.0881651228005551
 461.1120739381246532 434.4782738066385404 435.4193574213313059  -0.0430348771994449
 460.4242136253773094 436.4057944632382366 435.6404553790001275   0.0235651228005551
 459.8856416772097590 433.5560874532849704 434.0511957003723391   0.0235651228005551
 463.7765877869536119 434.6181135405487362 434.2590655751037027  -0.0660348771994449
 465.0540426534844086 435.6688012710089206 435.4836081098846666   0.0185651228005551
 464.5192501575846652 432.7264976804935541 433.9340326800691992   0.0185651228005551
 463.6726528495879839 435.6102197608573506 432.4581565694767440   0.0185651228005551
 461.5882849238728268 428.9054714377047992 440.2967405729820894   0.5972651233493332
 463.7709186085518748 428.3423330497962626 440.9770419811937124  -0.5679348788457792
 459.5039169981576695 428.1439118057344969 441.6365564019322631  -0.4157348771994449
 457.7521408720126832 428.6711453970985192 441.0942050014968523   0.2718651228005551
 459.7741478353084099 426.7681911802398628 443.9760373557267721  -0.0518348771994449
 461.1082944858568464 427.7999816493608517 445.1590059155614849   0.0921651228005551
 457.2948271476037588 426.4072534886608989 445.4670312753906157  -0.1102348771994449
 455.9550113186535851 426.0387568925462140 443.9476914637179254   0.0456651228005551
 457.3779750974962612 424.7726403828189989 446.7180299760464962   0.0456651228005551
 456.4312223044017049 428.7429549901875473 446.9769224563937084   0.3530651228005551
 454.5603934318197022 428.3763481202068464 447.7573793497032062  -0.0361348771994449
 458.2869333679123731 429.3136522826317512 449.1368794274657006  -0.4121348771994449
 460.1577622404944297 429.6802591526125059 448.3564225341562030   0.0999651228005551
 457.6406470301113341 430.9690523759467770 450.1781185272562872   0.0999651228005551
 458.3795299484745269 427.6960467119951700 450.4086651155947065   0.0999651228005551
 455.9644599493231829 431.0351927906340143 445.2629408529271129  -0.4121348771994449
 454.4980324694002716 430.5797687923590200 443.8909996797002858   0.0999651228005551
 455.3597475864683951 432.6376805521992609 446.4081148900834348   0.0999651228005551
 457.7048977186646411 431.5189626809178552 444.2727243587523751   0.0999651228005551
 460.8361739225721757 424.1887150074373367 443.4450243120948892   0.5972651233493332
 462.4556692193426873 423.2835361892890318 444.8453113773305093  -0.5679348788457792
 459.9839074361737036 422.9207087715761915 441.4078995397277740  -0.4157348771994449
 458.6970039389733091 423.6784889512785795 440.2192618014913242   0.2718651228005551
 460.9495574906074552 420.4432778100054169 440.8504303302210283  -0.0024348771994449
 460.6075170603676867 419.2621989763046344 442.5020509712681934   0.0977651228005551
 459.7722581091744795 419.1507051344032853 438.5222877332300473  -0.0343348771994449
 459.6437567320678654 420.4754031542820704 436.9500355898075240   0.0294651228005551
 460.7719232340188686 417.4556207922758850 437.9119061919734688   0.0294651228005551
 457.1379798784882979 418.3589098842902598 439.1251103699509048   0.0117651228005551
 456.6901147847489174 416.4710734765029382 440.8579892347566958  -0.1256348771994449
 458.2812641895106360 415.5658946583546331 441.8028523017173217   0.1329651228005551
 454.2580372503923083 415.7246316536040243 441.4003406351921066  -0.1704348771994449
 453.9235557246882072 414.2411966384758480 442.7911790697581291   0.1429651228005551
 452.2530378223018467 416.8471289771532904 440.1909159094824776  -0.1072348771994449
 450.3255171657021505 416.2650933279055050 440.6236631941504696   0.1296651228005551
 452.6838953808359085 418.7085092190656957 438.4315808788018239  -0.1704348771994449
 451.1040843328777178 419.6004599542765425 437.4564821936984209   0.1429651228005551
 455.1178626413264479 419.4436126851610816 437.9024575613038711  -0.1256348771994449
 455.4693517022358140 420.9062607128161323 436.4965013176664602   0.1329651228005551
 463.7180062768020956 420.6851627551473105 440.3156378343212849   0.5972651233493332
 465.1806543044571463 418.9919681391538941 440.9392474585153217  -0.5679348788457792
 464.5154707053168582 422.7109491707108977 438.9739322792371810  -0.4157348771994449
 463.2040007683754777 424.0016321201791527 438.4353603310696307   0.2718651228005551
 467.1554181144048308 423.2759772847533644 438.4126836174625749  -0.0252348771994449
 467.9491030906517330 421.7604169253485345 437.2637301280384460   0.0697651228005551
 467.2385660642973869 425.0315328631662113 437.3393191733953346   0.0697651228005551
 468.7786928634432030 423.5934512752521467 440.7824001893998606   0.5972651233493332
 470.8101484574085273 422.4860717607742692 440.9052323881047379  -0.5679348788457792
 467.7053284193759091 424.7178383249352895 442.7741715345528641  -0.4157348771994449
 466.0291413385877579 425.5512075499945663 442.5681913859554308   0.2718651228005551
 469.0659312357992084 425.0466506722375998 445.1193216667491101  -0.0518348771994449
 470.9405395606491254 425.8176589348774460 444.7300380831613534   0.0921651228005551
 467.5768270422692950 426.9703918765694356 446.7331477851178847  -0.1102348771994449
 467.1516386621369704 428.5728796381346282 445.5048257980690602   0.0456651228005551
 465.7759180366423362 426.1502507344475631 447.3057348036960187   0.0456651228005551
 468.9317606802908033 428.0191898808956895 449.0915260002515889   0.3530651228005551
 470.8309354448816529 428.6295714221522681 448.5737410395571642  -0.0361348771994449
 467.4596640219661551 430.3170968597439471 450.0496171501496730  -0.4121348771994449
 465.5774967925805706 429.7369509366301457 450.6524397868705304   0.0999651228005551
 468.4517702422748230 431.1693633461424193 451.6407665549113380   0.0999651228005551
 467.2839194915114988 431.7211633772474278 448.5567335043518992   0.0999651228005551
 469.0829387710045270 426.1710377219207424 451.3157336598768882  -0.4121348771994449
 470.4000778863476449 424.6516979102480522 450.9018836365481452   0.0999651228005551
 469.7915860712249965 427.1499158592919522 452.9843618361293721   0.0999651228005551
 467.2234482552259986 425.3905808286112448 451.7314734093395615   0.0999651228005551
 469.3720668694944627 422.5163073789170460 446.3684306412710602   0.5972651233493332
 471.4186402725311754 421.8719107672498836 447.2641608287497137  -0.5679348788457792
 467.3273831925916802 421.0045264717800232 446.4289018775565605  -0.4157348771994449
 465.7154468003568362 421.6356950005097272 445.6276579967739372   0.2718651228005551
 467.3009270267167638 418.5648900328876929 447.6269882464626079  -0.0275348771994449
 467.9320955554464680 418.7689804553511958 449.5771856166693601   0.1122651228005551
 464.6496412608252633 417.3781420207851197 447.6288779725965382  -0.0050348771994449
 463.7709186085518748 417.4764077797490643 445.7693874568180095   0.0338651228005551
 464.7176714016464310 415.4166062937748933 448.2524875967905750   0.0338651228005551
 462.9092034914838049 418.7444140156102097 449.4260075259556363  -0.1415348771994449
 463.5517103770169833 420.4508367145410843 451.2477035190557204  -0.1638348771994449
 465.5529303528396380 420.8911429037447437 451.4499042153852933   0.2061651228005551
 461.4276582024895053 421.2747573089307633 452.4835844106402124  -0.3418348771994449
 461.3804150491414632 422.5352046402562414 453.9159968201525398   0.3411651228005551
 459.3546286335779297 420.0898990229621205 451.4423453108496258   0.1379651228005551
 456.0343798162782807 417.2496406436785055 448.7173602257351668  -0.1972348771994449
 458.5685025618666413 417.0568885780185305 448.1409937548891722  -0.2387348771994449
 459.1807738292571500 415.7964412466930524 446.6311025738861331   0.1699651228005551
 460.2068951199764019 418.4930804397986647 449.5261630110534575   0.1242651228005551
 469.1150641152811806 416.8811440475638743 446.2550470732357807   0.5972651233493332
 470.2961429489819630 415.2370823110523766 447.3888827535885213  -0.5679348788457792
 469.3134853593428927 417.1664926937859495 443.7379318628526853  -0.4157348771994449
 468.1872085835258198 418.3891455024329830 442.8554297583114361   0.2718651228005551
 471.1314019001751701 415.7473083672110802 442.3036297272064276  -0.0249348771994449
 470.9783340833275160 413.7404192129867421 442.7363770118744198   0.0842651228005551
 470.6684189973644549 416.1195844155935720 439.4652610740567430   0.2116651228005551
 468.8523921826661077 415.3070021780074208 438.9436966610944578   0.0351651228005551
 470.6155066656146221 418.1321427482197009 439.0381829677905418   0.0351651228005551
 472.6053882846337488 415.0065357227139572 438.0026130464016923  -0.6546348782970011
 472.5978293800980277 413.1923986341495403 438.2407185392757791   0.4274651228005550
 473.7411136911204195 416.6487077330915246 443.0084975751590902   0.5972651233493332
 475.5363535183455873 415.1766110747668763 443.1351092261318279  -0.5679348788457792
 474.0075650760032992 419.1261386946622992 443.5225030835856545  -0.4157348771994449
 472.4560999200539552 420.2335182091401231 443.4374654075592218   0.2718651228005551
 476.3829508263423223 420.2807613624881652 444.1801277781902751   0.0336651228005551
 477.7530022734352191 419.9103750402396036 442.6872441323924474   0.0822651228005551
 476.1920884868162775 423.1588142644502244 444.5750805401797689  -0.1825348771994449
 474.8409343010625760 423.5594362048415629 446.0774128166471942   0.0602651228005551
 478.0383509196573480 423.9052560873491384 445.0985346792759846   0.0602651228005551
 475.5609199580865734 424.0526547257950015 442.8289735924365736   0.0602651228005551
 477.3429317023742829 419.1318078730640363 446.5970875034755493   0.5972651233493332
 479.6181619676154849 419.1563743128050224 447.0600704062862646  -0.5679348788457792
 475.6289500989077411 418.2152906981122571 448.2581567751923121  -0.4157348771994449
 473.7694595831292124 418.3230050877457456 447.8405272995957086   0.2718651228005551
 476.3583843866013362 417.0701166609559887 450.6184247164599466  -0.0875348771994449
 477.5205659589629233 418.3683585149598574 451.7182453264021033   0.0968651228005551
 474.2022068677972044 416.1819453780130026 452.2435891916322491   0.2984651228005551
 472.6601903425174581 417.5444379205702320 452.1528823372040256  -0.0297348771994449
 473.2743513360418437 413.6081383836122674 451.2798288633323740  -0.3192348771994448
 472.6375136289104024 413.7933315447365213 449.3296314931256757   0.0790651228005551
 477.9570926958987221 414.8100042047861754 449.9948150922659635   0.5972651233493332
 477.3863954034545182 413.5231007075857809 447.8745423700062925  -0.4157348771994449
 475.6913110613271178 413.8915973037004122 447.0789676676254600   0.2718651228005551
 478.9605372730109180 411.6088081339235430 446.7350375112517611  -0.0249348771994449
 477.9022906380150126 410.6752834237664449 445.2345949609183199   0.0842651228005551
 481.3945045335014573 412.7275260052049485 445.5993121047650905   0.2116651228005551
 482.5264504877203212 413.5533363257285042 447.1092032857681832   0.0351651228005551
 482.4640895253008906 411.2233040026036465 444.6846846559472416   0.0351651228005551
 480.7935716229145302 414.6210315913940071 443.7965133730042553  -0.6546348782970011
 482.3242497913907484 415.3032227257396140 443.1029838818551207   0.4274651228005550
 469.7065483951985101 404.4448563602280830 443.1558962136049536   0.5972651233493332
 468.1040606336333174 405.8413639731958964 442.2015845159746762  -0.5679348788457792
 472.2009868919745497 404.8624858358246866 442.8894448287220200  -0.4157348771994449
 473.4803314846392767 403.6228254919723342 443.5754154153354337   0.2718651228005551
 473.1061657101228547 407.0092147239592206 441.5156139293612627  -0.0581348771994449
 472.5732629403570415 408.7231963274258161 442.5247276848752494   0.1359651228005551
 475.9974466950223723 406.9733099274147065 441.2056988433982014  -0.0074348771994449
 476.9290816790455401 407.0129941762270811 443.0425126455696741   0.0366651228005551
 476.5624748090648389 405.2744461330194993 440.1871364572146706   0.0366651228005551
 477.0103399028041658 409.1748408734330036 439.7354919112074833   0.1867651228005551
 476.9914426414649705 409.3127908812092153 437.1352287509318316  -0.5432348771994449
 478.0780351684696688 411.5502266237719728 436.5040602222021275   0.1634651228005551
 478.2235440807816018 411.9791944561721044 434.4952813418438592   0.1434651228005551
 478.7885721948240685 412.8522479300437558 438.5128391025603959  -0.2795348771994449
 479.6370592289546802 414.5567809028407001 438.6451199319349244   0.3338651228005551
 478.1139399650141829 411.3518053797102609 440.5442946965257740  -0.2207348771994449
 478.4937749179323421 411.9886430868417021 442.4661461747236794   0.1861651228005551
 472.0328012660555610 406.9109489649953297 438.9077918645499436   0.5972651233493332
 471.0728203900236002 408.7968956466487210 437.9421418101161920  -0.5679348788457792
 472.1480745602247706 404.6772926747003790 437.7078157695099659  -0.4157348771994449
 472.9134136444628798 403.1617323152955492 438.5808692433815636   0.2718651228005551
 471.2523443727461170 404.3806056716747759 435.1661341193858842  -0.0275348771994449
 472.1688615476978962 405.7922310937139240 433.9793861072833110   0.1122651228005551
 471.8022546777171952 401.7463274409885406 434.0682032355776580  -0.0050348771994449
 471.1351813524429771 400.2855691394674201 435.3569964589119289   0.0338651228005551
 470.8725094198279578 401.5252294833197725 432.2427277902097132   0.0338651228005551
 474.5801520945814334 401.2493294677672413 433.6354559509096660  -0.1415348771994449
 476.3281487684586128 400.2685616042621014 435.2568409738141079  -0.1638348771994449
 478.4030680635041186 401.0546876759733898 431.6663613193637185   0.1379651228005551
 480.1397263805777701 401.3211390608562695 429.7766351854424667  -0.2601348771994449
 479.3101366077863002 402.3094658288970770 427.5127432770047927  -0.1134348771994449
 480.6386140799329458 402.5456815956372335 425.9556089426537116   0.1416651228005551
 476.8232570155459817 403.0105542245818791 427.1688131206311476  -0.1972348771994449
 476.1883090345484169 403.7910111178913230 425.3716835672720495   0.1446651228005551
 475.0677014371331348 402.7478822919668062 429.0755467897576644  -0.2387348771994449
 473.1156143407924524 403.3223590366788705 428.7524036208571451   0.1699651228005551
 475.8897323053888836 401.7633349761938593 431.3148722584543523   0.1242651228005551
 468.4498805161408927 404.8190221347445050 435.0225149332078815   0.5972651233493332
 467.5484811502604482 405.9868728855078292 433.2253853798487298  -0.5679348788457792
 466.9910119407537025 403.8911666029891443 436.8914540796560079  -0.4157348771994449
 467.7714688340631465 403.0577973779298675 438.4202425219982958   0.2718651228005551
 464.2830343908445087 404.0933672993187169 436.7761807854867981  -0.0597348771994449
 463.5252542111421205 403.3034617753396752 435.0319635638774793   0.0868651228005551
 463.0074692504476958 402.8763836690734741 438.9966089928442368   0.1302651228005551
 463.7879261437571398 403.6133768613027365 440.7559440235249442   0.0186651228005551
 460.1728800495658180 403.4962138409995966 438.8605487112019552  -0.3204348771994449
 459.9120978430846754 405.5390077917685026 438.9247993997552625   0.0881651228005551
 463.4817905100619391 406.8126832060314388 436.7724013332189377   0.5972651233493332
 461.9284356279786650 407.5855811948052153 435.2228259034035240  -0.5679348788457792
 464.5286987882543166 408.3528100051772547 438.5015007457568680  -0.4157348771994449
 465.8326098206599761 407.6914058583048273 439.7279330066717622   0.2718651228005551
 463.8068234050963888 410.9644115222564343 438.6734658239437175  -0.0024348771994449
 461.7526910975239549 411.0570081028185344 438.7925185703807877   0.0977651228005551
 464.9331001809134619 412.3401321477510682 440.9751522550598357  -0.0343348771994449
 466.9569968703431187 412.0018711697791604 441.1641248684519501   0.0294651228005551
 464.5702727632005677 414.3678082894485857 441.0034981470686288   0.0294651228005551
 463.7180062768020956 411.2724368820855652 443.2825078645776374   0.0117651228005551
 461.2141191493564047 411.7524273201015456 443.7908441946024645  -0.1256348771994449
 460.1275266223517063 412.9146088924631328 442.4831537099289444   0.1329651228005551
 460.0802834690036642 410.7848875395338638 445.9205655475317333  -0.1704348771994449
 458.0922915761185214 411.1685019447198836 446.2966210481820320   0.1429651228005551
 463.9636706742118498 408.8611463352020817 447.0940854766968485  -0.1704348771994449
 465.0861679977610621 409.8324655680375704 444.9605846714997190  -0.1256348771994449
 467.0779393429140656 409.4639689719229391 444.5864188969832970   0.1329651228005551
 464.6590898914948611 412.3155657080100821 436.3434335008188061   0.5972651233493332
 463.3476199545535342 413.9728555274590380 435.3758937202511242  -0.5679348788457792
 466.8077085057633252 411.8469136267976296 435.5837635949824878  -0.4157348771994449
 467.7828071908666744 410.4919799887761213 436.5267369358091835   0.2718651228005551
 467.9377647338482588 412.8749246436508118 433.2745182593307022  -0.0518348771994449
 468.2533489982130572 414.8950418808126081 433.5541977271510401   0.0921651228005551
 470.5285792634542590 411.6201464907270709 432.8266531655913753  -0.1102348771994449
 471.7398937152977647 412.1795054263678005 434.3837874999425101   0.0456651228005551
 470.3490552807317422 409.5868011706278163 432.9475956381623220   0.0456651228005551
 471.9024101628150165 412.2494252933228447 430.3378838472170728   0.3530651228005551
 471.4432067122721617 414.1656075931190130 429.7350612104962154  -0.0361348771994449
 474.7426685420986851 412.0793499412699256 430.8122051068313161  -0.4121348771994449
 475.7952459986927995 412.2361972103853865 429.0566495284184691   0.0999651228005551
 475.3095863822750283 413.6138075620140044 432.0632038074871963   0.0999651228005551
 475.2018719926415398 410.2671025788394927 431.6852585807029138   0.0999651228005551
 471.3260436919690216 410.3823758730086486 428.1987138636182062  -0.4121348771994449
 472.4315334803129691 410.8680354894264198 426.5300856873657761   0.0999651228005551
 471.8098135822528627 408.4699730254803410 428.7920878696695197   0.0999651228005551
 469.3399415252178092 410.4409573831602188 427.6903775335934329   0.0999651228005551
 466.1519735372926349 412.5442225702145712 431.0087366247591516   0.5972651233493332
 465.4924591165541379 414.3904850030556416 429.7596276502372015  -0.5679348788457792
 465.2241180055373277 410.2236388777592576 430.6137838627696039  -0.4157348771994449
 465.6852111822141128 408.7855572898451930 431.7816346135329281   0.2718651228005551
 463.5857254474275672 409.7001847386630956 428.5067392234473909  -0.0249348771994449
 464.5079118007811371 410.3426916241963278 426.7814192631772673   0.0842651228005551
 462.9677850016353212 406.8750441684508155 428.2327289340287901   0.2116651228005551
 461.7772575372649412 406.5991441528983381 426.5754391145798879   0.0351651228005551
 464.7195611277803612 405.8167975334549101 428.0021823456904244   0.0351651228005551
 461.6771020521671199 406.0019906945792178 430.4153626187078381  -0.6546348782970011
 461.2991568253828911 404.2369864854967732 430.2282797314496540   0.4274651228005550
 461.1366403778656393 411.0948026254969787 428.7958673219373265   0.5972651233493332
 460.1142985394142481 412.0831293935377861 426.9552740674980471  -0.5679348788457792
 460.1350855268873737 411.2270834548714535 431.1296790973300985  -0.4157348771994449
 461.0723896893123322 410.5014286194457189 432.6244524692618027   0.2718651228005551
 457.7408025152091553 412.4308390021792917 431.5718750126676344   0.0212651228005551
 456.3065003795629514 411.4878656613525961 430.4342598800470872   0.1123651228005551
 456.9338894560247949 412.3231246125458032 434.3630005124693308  -0.1231348771994449
 458.3889785791441245 413.1168095887927054 435.5875430472502946   0.1111651228005551
 455.1632160685405596 413.3303486419258059 434.6615772416289177   0.1111651228005551
 456.4028764123929120 409.1087004587457663 435.4703800269472084  -0.3119348771994449
 455.7717078836632078 409.7417587136093469 437.8193096114113150   0.1932651228005551
 457.9316648547352001 415.1728316224990157 430.8537790817775674   0.5972651233493332
 456.2044551683311998 416.2121809961557258 429.6953769616838407  -0.5679348788457792
 459.9385540089595918 416.5466625218597732 431.7173839249796211  -0.4157348771994449
 461.2802595640436419 415.5999097287652169 432.6887031578151097   0.2718651228005551
 460.3694115674935999 419.1922791093495366 431.0616489565089308   0.0336651228005551
 458.7329087355178233 420.3166661590326792 431.7154941988456907   0.0822651228005551
 462.8241658154573185 420.0823401184264530 432.3372140969057435  -0.1825348771994449
 462.7995993757163324 419.6684900950977100 434.3459929772640656   0.0602651228005551
 464.4455508383617604 419.1129106117248410 431.5114037763821878   0.0602651228005551
 463.0528226776618076 422.1081265339900401 432.0688729858889335   0.0602651228005551
 460.5546047286179075 419.5267606350535840 428.2346186601627204   0.5972651233493332
 459.2015608167302756 421.1500353840919560 427.2066076433095921  -0.5679348788457792
 462.0040246733354999 417.9979721927112959 426.8324418687931698  -0.4157348771994449
 463.1435295320900312 416.7602015749928737 427.7489590437449492   0.2718651228005551
 462.1457541333795723 418.1283632959518941 424.0602136303306690  -0.0275348771994449
 462.8109377325198603 420.0010818946678273 423.5159725037613815   0.1122651228005551
 464.0600467070418104 416.1895042825486698 423.0605485054863335  -0.0050348771994449
 463.8200514880338472 414.4093822643948369 424.0734417132681272   0.0338651228005551
 463.6121816133024836 415.8096693296305107 421.0838949694047188   0.0338651228005551
 466.7944804228258670 416.9472844622511117 423.1210197417718338  -0.1415348771994449
 468.5991688807206862 415.9117145408622622 424.6025650307660798  -0.1638348771994449
 468.2590181766148480 414.4415076086714905 425.9820651085285744   0.2061651228005551
 470.9329806561134043 416.9170488441083348 424.0016321201791527  -0.3418348771994449
 472.5751526664909718 416.2972186721821585 424.7631917521494013   0.3411651228005551
 470.7515669472569573 418.6726044225211815 422.0892292726508448   0.1379651228005551
 472.5543656790178461 420.1276935456405648 420.7928771447808528  -0.2601348771994449
 474.5064527753585286 419.9576181935876457 421.2615292259933051   0.1571651228005551
 471.7644601550387509 421.7755347344198694 418.8577975836454892  -0.1134348771994449
 473.1231732453281736 422.8791347966298865 417.8486838281315562   0.1416651228005551
 469.1830942561023483 421.9682868000798444 418.2379674117193129  -0.1972348771994449
 468.6010586068546165 423.2249546791375155 416.7696502056624715   0.1446651228005551
 467.3632879891361944 420.5056387724247938 419.5248709089196537  -0.2387348771994449
 465.4149803450633724 420.6360298756653919 419.0278729356984083   0.1699651228005551
 468.1153989904368453 418.7727599076190028 421.5166422540726569   0.1242651228005551
 459.5738368651127675 417.7390797123640835 422.7751998592642585   0.5972651233493332
 458.9861320374632448 419.0543291015732710 420.9478346877623834  -0.5679348788457792
 457.9789080080832421 416.0761207145133905 423.8032108761173868  -0.4157348771994449
 458.4929135165098062 415.0216535317853456 425.3093226048526191   0.2718651228005551
 455.5430510214587188 415.6188069901044659 422.6807135525681743  -0.0518348771994449
 455.8132818586094591 415.1596035395616114 420.6908319335491012   0.0921651228005551
 454.0993002551429171 413.4342835792914876 423.9506095145632501  -0.1102348771994449
 455.3446297773970066 411.8355752699941017 423.5858923707164257   0.0456651228005551
 453.8952098326794142 413.6931760596387000 425.9839548346625047   0.0456651228005551
 451.4858090119298072 412.9183883447309932 422.7695306808624677   0.3530651228005551
 450.3859884019876507 414.6588261140724516 422.8205532864783702  -0.0361348771994449
 451.7352528616074220 412.0113198004487579 420.0237586082748831  -0.4121348771994449
 452.8350734715495786 410.2708820311072995 419.9727360026590342   0.0999651228005551
 449.8625342628914351 411.6636101918072523 419.2414119888315088   0.0999651228005551
 452.6876748331037153 413.4569602928985436 418.9069304631274077   0.0999651228005551
 449.9003287855698796 411.1155896129701044 424.4079232389721746  -0.4121348771994449
 449.6149801393477507 411.9489588380293812 426.2693034808846334   0.0999651228005551
 450.8867658274767566 409.3184600596110063 424.6044547569000101   0.0999651228005551
 453.9424529860274563 417.9469495870954471 422.9301574022457891   0.5972651233493332
 452.8483015544870368 418.8124441564313774 421.0782257910029278  -0.5679348788457792
 453.8328488702599836 419.0751160890463967 425.2110568458887282  -0.4157348771994449
 454.9458975631396521 418.4344989296470947 426.6245719940618064   0.2718651228005551
 452.2454789177661794 421.2331833339845122 425.6948267361725690  -0.0389348771994449
 450.2726048339523713 420.7834285141112551 425.3074328787186888   0.1006651228005551
 452.4665768754349474 422.0986779033204426 428.3857967508764442   0.3653651228005551
 454.4205536979095063 422.6070142333452159 428.7920878696695197   0.0042651228005551
 450.7601541765040728 424.4154821435078957 428.7845289651337986  -0.2438348771994449
 448.8061773540294602 423.9071458134830685 428.3801275724746534   0.0641651228005551
 450.9132219933516730 425.0542095767732671 430.7366160614744809   0.0641651228005551
 451.3516384564214023 425.9310425029127255 427.5203021815405138   0.0641651228005551
 451.7711576581519361 420.1163551888370369 430.0544249271288742  -0.6761348755531105
 451.9185562965977992 420.6889422074151711 431.7684065305954699   0.4101651228005551
 453.0901864996289304 423.3912505789225741 424.0677725348663900   0.5972651233493332
 451.5425007959474471 424.7367355862744849 422.9736211033259707  -0.5679348788457792
 455.5751763657354260 423.8750204692064150 424.0734417132681272  -0.4157348771994449
 456.7203504028916942 422.7487436933893421 425.1279088959961719   0.2718651228005551
 456.8034983527841968 425.7552979724580693 422.4520566903636853  -0.0024348771994449
 456.2649264046166465 427.6469138325131976 423.0681074100220009   0.0977651228005551
 459.6645437195409910 425.4737287785038011 422.8111046558087188  -0.0343348771994449
 460.1350855268873737 425.8951377063682113 424.7745301089529292   0.0294651228005551
 460.2087848461103322 423.5216416821631186 422.4596155948994064   0.0294651228005551
 461.2216780538921258 427.1499158592919522 421.1027922307439141   0.0117651228005551
 461.9435534370499996 429.5649858584432963 421.9342717296692606  -0.1256348771994449
 461.4068712150163796 430.1980441133069308 423.7673060795728728   0.1329651228005551
 463.3967528340354527 431.1296790973300985 420.3582401339789305  -0.1704348771994449
 463.9825679355510452 432.9305881029570570 421.0385415421906068   0.1429651228005551
 464.0638261593096709 430.3095379552082799 417.9167139689526700  -0.1072348771994449
 465.1409700556447716 431.5000654195786599 416.6978406125734970   0.1296651228005551
 463.3136048841429503 427.9020268605926031 417.0720063870899190  -0.1704348771994449
 463.7917055960250004 427.2859761409342875 415.2144055974453207   0.1429651228005551
 461.9246561757108043 426.3070980035630779 418.6782736009229723  -0.1256348771994449
 461.3728561446057957 424.4740636536594656 418.0414358937914774   0.1329651228005551
 456.0287106378764900 425.4964054921108569 419.6552620121602518   0.5972651233493332
 455.2614818275044506 427.3407781988179970 418.4496167387184833  -0.5679348788457792
 455.9776880322606411 423.1285786463075012 418.6858325054586398  -0.4157348771994449
 456.4709065532140795 421.6224669175722690 419.7497483188563359   0.2718651228005551
 455.3087249808524926 422.7071697184430908 416.0836796190490578  -0.0252348771994449
 456.5502750508387751 423.8107697806530542 414.8666959888038150   0.0697651228005551
 455.5109256771820652 420.7059497426204361 415.6358145253097311   0.0697651228005551
 452.6253138706843386 423.4895163378864651 415.6169172639705358   0.5972651233493332
 452.0621754827758019 424.6139033875696079 413.6591609892281162  -0.5679348788457792
 450.8848761013428801 422.8980320579691355 417.3781420207851197  -0.4157348771994449
 451.3573076348231931 421.9286025512675235 418.9522838903415194   0.2718651228005551
 448.2751643103976309 423.5462081219041047 417.0001967940008908  -0.0518348771994449
 447.6912389350159150 422.7997662990051909 415.1709418963651392   0.0921651228005551
 446.4818142093063397 422.4992998437117274 419.0486599231715339  -0.1102348771994449
 447.5948629021859544 422.7903176683355932 420.7569723482363386   0.0456651228005551
 444.7262586308934927 423.5669951093772303 419.1847202048138692   0.0456651228005551
 445.8714326680497611 419.6571517382941821 418.7576420985476679   0.3530651228005551
 448.2562670490583817 418.0168694540505449 418.8596873097794195  -0.4121348771994449
 449.2011301160190077 418.2889900173351617 420.6700449460759758   0.0999651228005551
 447.7365923622300267 416.0345467395671392 418.6480379827801954   0.0999651228005551
 449.5299424633213180 418.5592208544859021 417.3346783197049382   0.0999651228005551
 447.9879259380415717 426.3637897875807175 416.8830337736977509   0.5972651233493332
 446.5309470887883119 427.3162117590770109 415.3429069745519348  -0.5679348788457792
 449.3655362896701897 427.7924227448251306 418.4798523568612065  -0.4157348771994449
 450.5995274551207513 427.0251939344531449 419.7157332484457521   0.2718651228005551
 449.0896362741176586 430.4966208424664640 418.4458372864506226  -0.0389348771994449
 447.1054238335003764 430.9766112804824444 418.7274064804048911   0.1006651228005551
 450.6373219777991958 431.8364366714166376 420.4224908225322912   0.3653651228005551
 450.2518178464792457 433.8584436347123643 420.3639093123807212   0.0042651228005551
 449.9135568685073378 430.7876386670903300 423.0340923396114708  -0.2438348771994449
 450.2990609998272877 428.7656317037946033 423.0945635758969174   0.0641651228005551
 451.0190466568512851 431.7400606385866770 424.4872917365968702   0.0641651228005551
 447.9085574404168761 431.1126715621247796 423.3742430437172553   0.0641651228005551
 453.2621515778157797 431.4943962411768691 419.9802949071947016  -0.6761348755531105
 454.2089043709103359 432.3636702627806599 421.2615292259933051   0.4101651228005551
 449.9078876901055470 431.4717195275698131 415.9098248147283319   0.5972651233493332
 448.7079115950655693 433.1573552390276159 414.8477987274645661  -0.5679348788457792
 451.9733583544815088 430.4210317971096290 414.8553576320002872  -0.4157348771994449
 452.8558604590227041 428.9697221262581063 415.7246316536040243   0.2718651228005551
 452.9654645747901768 431.2978647232490872 412.4818616077951944   0.0212651228005551
 453.3963221333241848 433.3066436036073557 412.6405986030445854   0.1123651228005551
 455.3862037523432579 429.8881290273438158 411.7070738928874876  -0.1231348771994449
 456.8828668504088924 430.1602495906284863 413.0960226013195797   0.1111651228005551
 455.0290455130321545 427.8736809685837565 411.4708581261473311   0.1111651228005551
 456.6560997143383335 430.9898393634199026 408.7099682444883579  -0.3119348771994449
 458.6233046197504045 429.4270358506670307 408.6683942695421068   0.1932651228005551
 451.0587309056636060 430.8896838783220813 410.4277293002227606   0.5972651233493332
 450.6618884175401282 432.5375250671014396 408.8384696215950259  -0.5679348788457792
 449.8115116572755862 428.6749248493663798 410.4239498479549536  -0.4157348771994449
 450.1138678387029801 427.4220364225765690 411.8317958177262411   0.2718651228005551
 450.4275623769339019 423.5840026445825492 409.9534080406085173  -0.0361348771994449
 443.7832852900667971 427.7905330186912540 422.1761566748112079   0.3399651228005551
 449.2767191613758965 438.8019672010503853 410.7395341123198057  -0.1102348771994449
 449.1104232615907842 438.3011897755612257 412.7313054574727552   0.0456651228005551
 450.7601541765040728 437.6681315206976449 409.8702600907160149   0.0456651228005551
 449.9494616650518518 441.6308872235304723 410.5014286194457189   0.3530651228005551
 452.5516145514613801 442.1524516364927577 411.6636101918072523  -0.4121348771994449
 453.9783577825719702 441.0394029436131428 410.6809526021682357   0.0999651228005551
 452.9975899190668303 444.1555613384492888 411.4803067568169287   0.0999651228005551
 452.5308275639882545 441.6346666757983329 413.6572712630941859   0.0999651228005551
 463.3702966681605900 454.7720427588188724 405.4520803896081395   0.0881651228005551
 460.9949109178215669 452.4212234482208356 405.8319153425262987   0.0881651228005551
 463.7784775130875422 448.9384581834039886 404.3163549831214688  -0.5679348788457792
 459.1864430076589410 446.5120498274490629 405.0250022833419383   0.0921651228005551
 455.3578578603344648 443.0840866205159254 405.8527023299994243  -0.4121348771994449
 454.6529900123818560 441.3323104943709391 406.6728434721212429   0.0999651228005551
 457.0000298707120323 443.7284832321830876 406.9166181433970668   0.0999651228005551
 462.0569370050852791 442.7685023561510733 404.7056385667092258  -0.5679348788457792
 466.8606208375131044 442.4264619259113585 402.0770295144247810   0.5972651233493332
 467.9396544599821355 440.6765755259002488 403.1636220414294795  -0.5679348788457792
 467.5447016979925877 444.8528702818662304 402.3907240526557028  -0.4157348771994449
 469.6139518146363563 445.6654525194523815 403.9440789347389771  -0.0024348771994449
 471.3789560237188547 444.8472011034644396 403.2675569787951612   0.0977651228005551
 469.8293805939033873 448.5718513134232338 403.8325850928376280  -0.0343348771994449
 468.1021709074993871 449.4127794430181781 404.5771371896025577   0.0294651228005551
 471.9458738638951979 449.5601780814640414 405.4010577839922370   0.0117651228005551
 474.3779513982518606 449.5979726041424857 404.4883200613082646  -0.1256348771994449
 476.3073617809854335 450.5409459449691813 405.9490783628293849  -0.1704348771994449
 478.2311029853172692 450.5522843017727092 405.2120851706001224   0.1429651228005551
 475.8217021645677159 451.4669117505906119 408.3263538393023383  -0.1072348771994449
 477.3542700591778110 452.2095741212216652 409.4866456855299951   0.1296651228005551
 473.3915143563449836 451.4536836676531537 409.2390915619863107  -0.1704348771994449
 472.9871129636858381 452.1868974076146093 411.1212587913718952   0.1429651228005551
 471.4677731520131478 450.5107103268264581 407.7707743559294691  -0.1256348771994449
 469.5345833170117145 450.5107103268264581 408.4813113822838689   0.1329651228005551
 469.0999463062097922 444.8906648045446210 406.6199311403714637   0.5972651233493332
 470.7213313291142341 443.8040722775399227 407.8803784716969418  -0.5679348788457792
 466.7850317921562694 445.3876627777659203 407.5364483153232429  -0.4157348771994449
 465.4811207597506098 446.1718991233432783 406.3837153736313073   0.2718651228005551
 466.0744947658018697 444.8358627466609117 410.0913580483847828  -0.0597348771994449
 467.3670674414040012 445.6843497807915769 411.4519608648080819   0.0868651228005551
 463.4307679044460366 445.6862395069255072 410.6450478056237215   0.1302651228005551
 462.1306363243082376 444.8604291864018978 409.2787758107986317   0.0186651228005551
 462.7088925212881089 444.8150757591877860 413.3133411067205409  -0.3204348771994449
 464.0090241014259616 445.6408860797113954 414.6815028276795074   0.0881651228005551
 460.7870410430902035 445.4235675743104343 413.7385294868528118   0.0881651228005551
 462.8166069109216511 442.7609434516154059 413.4191657702200993   0.0881651228005551
 463.2191185774468662 448.5586232304857756 410.2822203879108276  -0.0430348771994449
 464.3246083657908137 449.4543534179644830 411.7713245814407946   0.0235651228005551
 464.0430391718365453 449.0140472287608236 408.4491860380072153   0.0235651228005551
 460.4998026707341980 449.5318321894552483 410.3842655991425789  -0.0660348771994449
 459.6758820763445189 449.0782979173141307 412.2172999490461912   0.0185651228005551
 460.4903540400646004 451.5746261402241006 410.1140347619918386   0.0185651228005551
 459.3924231562563204 448.6379917281104712 408.8951614056126119   0.0185651228005551
 466.2067755951763444 442.0409577945914085 410.5278847853205816   0.5972651233493332
 467.2177790768242615 441.2000296649964643 412.4402876328488895  -0.5679348788457792
 465.2241180055373277 440.5197282567847877 408.7458730410328721  -0.4157348771994449
 464.5532652279952490 441.2416036399427154 407.1112599351909720   0.2718651228005551
 465.1806543044571463 437.8230890636791755 409.0784648406029892  -0.0597348771994449
 464.2584679511035763 437.2826273893776950 410.8396895974176269   0.0868651228005551
 463.9674501264796566 436.4454787120505575 406.9128386911292598   0.1302651228005551
 464.7970398992711266 437.0388527181018174 405.1232680423058292   0.0186651228005551
 464.4531097428974278 433.6052203327669426 407.3115709053866143  -0.3204348771994449
 463.6235199701060115 433.0099566005817526 409.1011415542100451   0.0881651228005551
 463.5970638042310950 432.5375250671014396 405.7714441062407984   0.0881651228005551
 466.4826756107288756 433.2518415457236462 407.3455859757971982   0.0881651228005551
 461.1574273653387649 437.1560157384049573 406.6690640198533823  -0.0430348771994449
 460.1539827882265690 436.2224910282478592 408.2073010928653217   0.0235651228005551
 461.0213670836964297 439.1988096891738096 406.9015003343257320   0.0235651228005551
 459.9744588055040522 436.3925663803007783 404.1462796310685497  -0.0660348771994449
 460.1105190871463876 434.3497724295319262 403.9138433165962001   0.0185651228005551
 457.9940258171546305 436.9557047682093150 404.1179337390597030   0.0185651228005551
 460.9760136564823179 437.3260910904578764 402.6061528319227338   0.0185651228005551
 467.8300503442147164 436.8328725695044378 409.2296429313167130   0.5972651233493332
 468.3724017446501274 435.1907005591268705 410.7848875395338638  -0.5679348788457792
 469.5553703044848400 437.7871842671346615 407.6101476345462014  -0.4157348771994449
 469.1301819243525154 439.1666843448971561 406.3610386600242513   0.2718651228005551
 472.0611471580644075 436.7383862628083538 407.5666839334660200  -0.0875348771994449
 471.9912272911093097 434.6880334075037804 407.3833804984756427   0.0968651228005551
 473.7392239649864892 437.7758459103311336 405.5201105304293072   0.2984651228005551
 472.7849122673562655 437.6171089150817424 403.7021939895970299  -0.0297348771994449
 474.3174801619663605 440.5650816839988997 406.0681311092664552  -0.3192348771994448
 475.2717918595965840 440.7257084053822210 407.8860476500986789   0.0790651228005551
 475.5325740660777266 441.3190824114334808 404.5865858202722092   0.0790651228005551
 472.5581451312857068 441.6346666757983329 406.1210434410162343   0.0790651228005551
 476.1240583459951098 436.1166663647482472 405.3689324397155835  -0.3192348771994448
 475.5854863978275595 434.1778073513450768 404.9267365243779937   0.0790651228005551
 477.3693878682491993 436.8366520217722448 403.8949460552570047   0.0790651228005551
 477.1067159356341264 436.1601300658284825 407.1792900760121397   0.0790651228005551
 473.3197047632559554 437.1465671077353597 410.0743505131795176   0.5972651233493332
 474.5574753809743775 435.4439238610722920 411.0570081028185344  -0.5679348788457792
 473.0343561170338265 439.4142384684408404 411.1987375628626604  -0.4157348771994449
 472.0403601705912821 440.7635029280606117 410.3351327196606067   0.2718651228005551
 474.1889787848597462 439.9490309643405838 413.5968000268087394  -0.0275348771994449
 476.2053165697537357 439.5295117626100500 413.5060931723805160   0.1122651228005551
 473.9281965783786036 442.7855098913563920 414.1656075931190130  -0.0050348771994449
 472.0611471580644075 443.4582523950323474 413.6024692052104766   0.0338651228005551
 474.0888232997619250 443.0557407285071323 416.2046220916200583   0.0338651228005551
 475.9275268280672743 444.3879976529215848 412.9372856060701885  -0.1415348771994449
 475.9917775166205814 445.1590059155614849 410.5070977978474560  -0.1638348771994449
 474.5688137377779054 444.7999579501163975 409.1162593632814335   0.2061651228005551
 478.1933084626388785 446.4364607820922279 410.0025409200904895  -0.3418348771994449
 478.5485769758160516 447.2452635674105184 408.3112360302309498   0.3411651228005551
 479.6521770380260687 446.6726765488323844 412.1228136423501607   0.1379651228005551
 481.9784299088831194 447.8556451086670969 412.5744581883572944  -0.2601348771994449
 482.9667566769239268 448.7759417358867368 411.0815745425595205   0.1571651228005551
 482.9762053075935782 447.8046225030511944 415.0292124363210130  -0.1134348771994449
 484.7525478734794969 448.6776759769228459 415.4166062937748933   0.1416651228005551
 481.6250511218398767 446.6197642170826052 416.9869687110634326  -0.1972348771994449
 482.3639340402030694 446.6178744909486749 418.8407900484401703   0.1446651228005551
 479.3176955123220213 445.3914422300337807 416.5391036173241057  -0.2387348771994449
 478.3331481965490208 444.4900428641533362 418.0471050721932681   0.1699651228005551
 478.2481105205225881 445.3857730516319899 414.0352164898784686   0.1242651228005551
 473.0721506397122708 438.3011897755612257 415.6150275378366055   0.5972651233493332
 474.4270842777338330 437.2845171155116253 417.2042872164643938  -0.5679348788457792
 470.7232210552481642 437.9383623578483853 415.5621152060868263  -0.4157348771994449
 469.6819819554575240 438.8737767941393598 414.2468658168776389   0.2718651228005551
 469.3966333092354490 436.4360300813809600 417.4669591490794130  -0.0275348771994449
 470.0429196470364878 437.0483013487714688 419.3264496648579415   0.1122651228005551
 466.5601543822196408 437.0577499794410664 417.3951495559904385  -0.0050348771994449
 465.8817427001418946 436.9575944943432451 415.4506213641854772   0.0338651228005551
 465.5699378880449032 435.6158889392591414 418.4590653693880810   0.0338651228005551
 465.8099331070529201 439.5710857375563013 418.5176468795396510  -0.1415348771994449
 467.0552626293070096 441.7839550403781264 418.2209598765139942  -0.1638348771994449
 468.7522366975682866 442.0485166991270758 417.1116906359022400   0.2061651228005551
 465.8344995467938525 443.6906887095046433 419.5021941953126516  -0.3418348771994449
 466.4959036936663338 445.4840388105959345 419.5286503611875143   0.3411651228005551
 463.6915501109271792 442.8308633185705037 420.6889422074151711   0.1379651228005551
 461.8490671303539694 444.0327291397444118 422.1742669486772775  -0.2601348771994449
 461.9662301506570556 446.0112724019599570 422.5314251879883809   0.1571651228005551
 459.8327293454599798 442.6078756347677518 423.1493656337806269  -0.1134348771994449
 458.4059861143494433 443.5111647267821266 424.2567451482585045   0.1416651228005551
 459.6777718024784493 439.9962741176886259 422.6599265650950487  -0.1972348771994449
 458.1319758249308424 438.9493658394962486 423.4214861970652973   0.1446651228005551
 461.5240342353195195 438.7774007613093992 421.1708223715650816  -0.2387348771994449
 461.4030917627485192 436.8045266774955912 420.7947668709147831   0.1699651228005551
 463.6235199701060115 440.1928056356164077 420.1069065581674391   0.1242651228005551
 470.0183532072955554 433.5882127975616239 417.3252296890353405   0.5972651233493332
 469.8955210085906245 432.3164271094326180 419.2678681547063715  -0.5679348788457792
 470.8139279096763879 432.5545326023067046 415.1463754566241529  -0.4157348771994449
 470.7477874949891505 433.6278970463739986 413.5552260518624345   0.2718651228005551
 471.9307560548238631 429.9845050601738300 415.0178740795174852  -0.0875348771994449
 471.0482539502826141 428.8450002014192989 416.4861912855743266   0.0968651228005551
 471.3808457498527311 428.5709899120006979 412.5309944872771130   0.2984651228005551
 472.2350019623851336 426.7020507655525717 412.6821725779908367  -0.0297348771994449
 468.5386976444351859 428.1760371500111504 412.1700567956981491  -0.3192348771994448
 468.1985469403293477 427.0705473616672566 410.4655238229012049   0.0790651228005551
 467.7960352738041326 427.1442466808901615 413.7857726402008539   0.0790651228005551
 467.5730475900014343 429.9901742385755672 412.0018711697791604   0.0790651228005551
 472.4712177291252901 429.8163194342548413 410.1669470937416178  -0.3192348771994448
 472.1688615476978962 428.5974460778756144 408.5342237140337017   0.0790651228005551
 471.5150163053611362 431.6002209046764811 409.8494731032428892   0.0790651228005551
 474.4932246924210704 430.1451317815570979 410.3823758730086486   0.0790651228005551
 474.7672349818396175 429.9240338238883298 415.6093583594348684   0.5972651233493332
 475.6686343477200620 428.0248590592974803 416.6109132104131339  -0.5679348788457792
 475.9539829939421907 432.1784771016564061 415.2843254644003649  -0.4157348771994449
 475.1054959598115254 433.7091552701325706 414.5227658324301162   0.2718651228005551
 478.6279454734407472 432.3107579310308809 415.8096693296305107  -0.0518348771994449
 479.5841468972049010 430.8462201772418999 414.7211870764918820   0.0921651228005551
 479.7901270458023343 434.8845649254316159 415.1236987430170972  -0.1102348771994449
 479.4707633291696216 434.9828306843955069 413.0903534229178426   0.0456651228005551
 478.8660509663148338 436.4813835085950717 416.0402159179688764   0.0456651228005551
 482.6473929602912679 434.9790512321277001 415.6622706911846475   0.3530651228005551
 482.9516388678525921 434.5670909349328337 417.6578214886054578  -0.0361348771994449
 484.0930334527409999 433.0458613971262129 414.0427753944141360  -0.4121348771994449
 483.7887875451796757 433.4559319681871492 412.0472245969932721   0.0999651228005551
 486.1055917853671288 433.1611346912954227 414.4679637745464069   0.0999651228005551
 483.4108423183954469 431.1485763586692938 414.4641843222785463   0.0999651228005551
 483.6961909646175755 437.6756904252333124 415.4090473892391722  -0.4121348771994449
 482.7418792669872984 438.9134610429517344 416.7507529443232761   0.0999651228005551
 485.7181979279133022 437.6662417945637146 415.8021104250947896   0.0999651228005551
 483.3730477957170024 438.3616610118467258 413.4947548155769879   0.0999651228005551
 479.0040009740910994 431.9687175007911124 418.6140229123696116   0.5972651233493332
 480.7879024445127392 430.7082701694656344 419.4114873408844281  -0.5679348788457792
 477.6112728133911468 433.1271196208848389 420.1579291637832882  -0.4157348771994449
 476.2865747935123078 434.2609553012375792 419.3604647352685253   0.2718651228005551
 477.6037139088554257 432.8058661781182496 422.9207087715761915  -0.0014348771994449
 479.3214749645898281 433.6071100589008729 423.7332910091622890   0.0875651228005551
 475.2906891209358330 434.1683587206754791 424.0413163689914736  -0.0152348771994449
 473.6957602639063076 434.0171806299617553 422.7430745149875513   0.0294651228005551
 474.7426685420986851 433.1705833219650203 425.7609671508598064   0.0294651228005551
 475.6629651693183249 436.9292486023343986 424.7159485988013592  -0.0011348771994449
 476.5095624773150061 438.6602377410062592 422.8640169875585517  -0.1906348771994449
 476.9139638699742052 438.0234000338748180 420.9988572933782322   0.1698651228005551
 476.8421542768851770 441.2340447354070481 423.4233759231992277  -0.2341348771994449
 477.4619844488113531 442.5455146723483750 422.0306477624992749   0.1655651228005551
 476.3168104116550849 442.1259954706178412 426.0860000458942561   0.3225651228005551
 476.6153871408146181 444.5675216356441017 426.7474041927666834  -0.5579348788457793
 476.7703446837961489 444.7564942490362161 428.5709899120006979   0.3991651228005551
 475.4437569377834334 440.2079234446877963 427.9984028934225639  -0.2341348771994449
 475.0412452712582183 440.7786207371320002 429.8824598489420787   0.1655651228005551
 475.1319521256864418 437.6926979604385773 427.2217254523809268  -0.1906348771994449
 474.4951144185550007 436.3377643224170690 428.5747693642685586   0.1698651228005551
 477.4884406146862159 430.0034023215130254 423.6539225115375934   0.5972651233493332
 479.0588030319748089 429.0698776113559273 425.0882246471838510  -0.5679348788457792
 475.6648548954522551 428.6163433392148099 422.5918964242738812  -0.4157348771994449
 474.4686582526800843 429.4667200994794053 421.3749127940285846   0.2718651228005551
 475.3568295356230704 425.9272630506448649 423.1172402895039733  -0.0252348771994449
 475.0034507485797740 425.6589219396280548 425.1260191698622954   0.0697651228005551
 473.7354445127186285 425.2318438333618536 422.0627731067759284   0.0697651228005551
 477.6830824064801213 424.3852465253651186 422.3726881927389897   0.5972651233493332
 478.5372386190125235 422.8281121910140377 423.8693512908046242  -0.5679348788457792
 478.7772338380205407 425.0466506722375998 420.1069065581674391  -0.4157348771994449
 478.0459098241930152 426.3996945841251778 419.0184243050288105   0.2718651228005551
 480.9201832738872140 423.6104588104574118 419.2206250013583833  -0.0597348771994449
 480.4685387278800267 421.6092388346348107 419.2319633581619112   0.0868651228005551
 481.5985949559649603 423.7843136147781915 416.3860358004765055   0.1302651228005551
 482.9610874985221897 422.2611943508376406 416.0874590713169184   0.0186651228005551
 479.3158057861880910 423.1134608372361127 414.7098487196883542  -0.3204348771994449
 478.0704762639340015 424.7310664078727478 414.5038685710909209   0.0881651228005551
 479.9602023978552534 422.5465429970597694 412.8371301209723673   0.0881651228005551
 478.2613386034600463 421.5430984199475735 415.5243206834083820   0.0881651228005551
 482.9648669507900503 426.1880452571260076 415.5432179447475773  -0.0430348771994449
 481.6533970138486697 427.7357309608075447 415.7529775456128710   0.0235651228005551
 484.5975903304979664 426.5206370566961784 416.7526426704572065   0.0235651228005551
 483.9097300177506762 426.0633233322872003 412.8012253244278533  -0.0660348771994449
 482.3166908868550273 426.0897794981621167 411.4935348397543332   0.0185651228005551
 485.1115958389245305 427.6865980813255723 412.4043828363044289   0.0185651228005551
 485.0133300799606934 424.3455622765527976 412.5139869520718479   0.0185651228005551
 483.1217142199055112 424.0488752735271410 420.9459449616284532   0.5972651233493332
 484.5314499158107827 422.2952094212482244 421.5166422540726569  -0.5679348788457792
 483.4788724592166144 426.4223712977322338 421.8057703525626465  -0.4157348771994449
 482.2203148540250667 427.7697460312181285 421.3144415577430843   0.2718651228005551
 485.5443431235925763 427.1196802411491754 423.4252656493331580  -0.0518348771994449
 487.3169062372106881 426.6850432303473067 422.4690642255690040   0.0921651228005551
 485.5197766838515364 429.9523797158971229 424.0961184268751829  -0.1102348771994449
 485.7559924505916928 430.8443304511079696 422.2536354463019731   0.0456651228005551
 483.7302060350281594 430.5514229003501735 424.9238184735327226   0.0456651228005551
 487.7043000946645147 430.7403955137422879 425.8403356484845020   0.3530651228005551
 487.5587911823525819 429.6821488787463825 427.6015604052990859  -0.0361348771994449
 490.2724379106634591 430.2056030178425980 424.5987855784982193  -0.4121348771994449
 490.4198365491093761 431.2657393789724337 422.8375608216836352   0.0999651228005551
 491.7861085439344660 430.7800797625546625 425.8724609927611555   0.0999651228005551
 490.4387338104485714 428.1911549590825388 424.2019430903747950   0.0999651228005551
 487.4265103529781071 433.5031751215351912 426.7001610394186952  -0.4121348771994449
 485.6558369654938718 433.7280525314718198 427.7262823301378933   0.0999651228005551
 489.0006522225344532 434.0020628208903669 427.9303727526013962   0.0999651228005551
 487.4265103529781071 434.7390560131196829 425.0523198506393369   0.0999651228005551
 485.3251348920576312 425.6664808441637223 425.8422253746184321   0.5972651233493332
 487.2091918475771459 424.7499636692119431 426.8456699517306280  -0.5679348788457792
 483.0574635313521505 425.5360897409231778 427.0497603741941310  -0.4157348771994449
 481.6193819434380859 426.4885117124194712 426.2088322445991331   0.2718651228005551
 482.5283402138541977 424.0432060951254039 429.3212111871674724  -0.0024348771994449
 483.7547724747690918 424.7197280510692197 430.8329920943044417   0.0977651228005551
 479.7712297844630851 424.4438280355166886 430.1734776735659445  -0.0343348771994449
 479.5255653870533311 426.4223712977322338 430.6837037297246481   0.0294651228005551
 478.5277899883429260 424.0772211655359876 428.5747693642685586   0.0294651228005551
 478.8981763105914874 422.8394505478175656 432.4071339638608415   0.0117651228005551
 476.8232570155459817 421.1859401806364702 432.1558003880493501  -0.1256348771994449
 475.8405994259069113 421.0763360648690513 430.4059139880382405   0.1329651228005551
 475.9955569688884420 419.7176229745796287 434.2156018740234674  -0.1704348771994449
 474.4138561947963748 418.4760729045933997 434.0209600822296159   0.1429651228005551
 477.2276584082051269 419.9065955879717968 436.5607520062197673  -0.1072348771994449
 476.5832617965379646 418.8105544302974471 438.1311144235083065   0.1296651228005551
 479.2836804419114375 421.5714443119564201 436.8385417479061749  -0.1704348771994449
 480.2058667952650075 421.7264018549379508 438.6262226705956754   0.1429651228005551
 480.1132702147028536 423.0322026134775406 434.7692916312624064  -0.1256348771994449
 481.6609559183843370 424.2964293970708254 434.9941690411990350   0.1329651228005551
 483.1500601119143041 421.2256244294487911 428.9451556865171200   0.5972651233493332
 484.3859410034988497 420.1069065581674391 430.5740996139572293  -0.5679348788457792
 482.4792073343722791 420.1069065581674391 426.7587425495702115  -0.4157348771994449
 481.4568654959208879 421.1311381227527607 425.5001849443786636   0.2718651228005551
 483.1254936721733180 417.4612899706776759 426.1596993651172146  -0.0237348771994449
 482.2788963641766366 416.2424166142984490 427.5921117746294883   0.0879651228005551
 482.2089764972215388 416.5636700570650919 423.5292005866988397   0.0341651228005551
 483.2256491572711392 417.6105783352574694 422.0778909158473169   0.0240651228005551
 482.7740046112640056 414.5926856993852142 423.3269998903692134   0.0240651228005551
 479.4065126406163145 416.7053995171091644 422.8148841080765795   0.0017651228005551
 478.8320358959042501 418.6612660657176537 422.6807135525681743   0.0439651228005551
 479.2496653715008536 415.9306118022014576 420.9100401650839390   0.0439651228005551
 477.1426207321786406 415.0140946272496784 424.7424047646762756  -0.2737348771994449
 476.6021590578771599 417.3403474981067290 427.1877103819703429  -0.0536348771994449
 475.0185685576511626 416.7583118488589436 428.3668994895371950   0.0683651228005551
 478.2745666863975045 417.5123125762935248 428.3725686679389859   0.0683651228005551
 476.1713014993431519 419.1620434912068132 426.3316644433040103   0.0683651228005551
 485.9940979434658333 417.0398810428132118 426.2447370411436473   0.5972651233493332
 486.8936075832123475 415.3920398540339072 427.6223473927722652  -0.5679348788457792
 487.3339137724160069 418.7954366212260586 424.6762643499890383  -0.4157348771994449
 486.5893616756510233 420.3034380760952210 423.7748649841085938   0.2718651228005551
 490.0040967996466491 418.3626893365581202 424.4683944752576749  -0.0875348771994449
 490.3896009309665990 416.4276097754227566 423.8750204692064150   0.0968651228005551
 491.3306845456593645 420.1390319024440929 422.6901621832377721   0.2984651228005551
 490.4160570968415155 420.0861195706943137 420.8457894765306320  -0.0297348771994449
 491.1889550856152920 422.8337813694157748 423.7635266273050658  -0.3192348771994448
 492.1035825344332484 422.8885834272994841 425.6078993340122060   0.0790651228005551
 492.1470462355133761 424.1339129495536275 422.4860717607742692   0.0790651228005551
 489.2160810018015377 423.3931403050565045 423.9600581452328477   0.0790651228005551
 494.0594490830416840 419.1884996570816759 422.3159964087213501  -0.3192348771994448
 495.0307683158772263 419.1525948605372156 424.1320232234196971   0.0790651228005551
 491.2229701560259295 418.6366996259766674 426.9987377685782285   0.5972651233493332
 492.9709668299031090 417.2326331084731867 427.6147884882365441  -0.5679348788457792
 490.4047187400380412 420.5075284985587239 428.5218570325187794  -0.4157348771994449
 488.9987624964005765 421.7056148674648252 428.0380871422349385   0.2718651228005551
 491.6349304532206885 420.8684661901376877 430.9104708657952070   0.0336651228005551
 493.6474887858468174 421.0479901728602046 430.5136283776717828   0.0822651228005551
 490.7429797180098954 423.2665286540837668 432.2918606696916317  -0.1825348771994449
 488.7342008376516270 423.1077916588343756 432.7170490498239565   0.0602651228005551
 491.7993366268719242 423.4819574333507976 434.0455265219706020   0.0602651228005551
 491.0623434346425543 424.9105903905952644 431.0918845746516540   0.0602651228005551
 491.2437571434990015 418.6688249702533748 432.6660264442080538   0.5972651233493332
 493.0560045059294881 417.6011297045878716 433.6562429383827915  -0.5679348788457792
 488.8551433102225202 417.8959269814795444 433.0628689323315318  -0.4157348771994449
 487.4076130916389118 418.8445695007080310 432.2559558731471714   0.2718651228005551
 488.2731076609747884 415.9419501590049854 434.8581087595566995  -0.0024348771994449
 489.4674145776130291 416.2065118177539887 436.5153985790056556   0.0977651228005551
 485.4952102441106039 415.9457296112728461 435.7065957936873649  -0.0343348771994449
 484.1667327719639045 416.5523317002615640 434.2533963967019118   0.0294651228005551
 484.8527033585773182 414.1674973192529433 436.5229574835413230   0.0294651228005551
 485.3742677715396034 417.8675810894707515 437.7626178273936754   0.0117651228005551
 485.6482780609582580 420.4035935611930422 437.2561712235027785  -0.1256348771994449
 485.9506342423855982 421.0215340069852882 435.3154224839656778   0.1329651228005551
 485.5443431235925763 422.1534799612041521 439.1761329755667536  -0.1704348771994449
 485.7692205335291510 424.1565896631606832 438.7509445954344827   0.1429651228005551
 485.1588389922726262 421.3805819724303754 441.6271077712626655  -0.1072348771994449
 485.0756910423800165 422.7619717763268003 443.1540064874710232   0.1296651228005551
 484.8772697983183580 418.8540181313776285 442.1467824580909667  -0.1704348771994449
 484.5692444384891733 418.2266290549157850 444.0837517453602606   0.1429651228005551
 484.9849841879517930 417.1154700881701004 440.2211515276252545  -0.1256348771994449
 484.7601067780152180 415.1085809339457086 440.6312220986861369   0.1329651228005551
 489.0384467452129512 413.3209000112562083 434.0833210446489927   0.5972651233493332
 489.8661467918704372 411.8469136267976296 435.6801396278124484  -0.5679348788457792
 488.6964063149732364 412.6254807939731971 431.6569126886941208  -0.4157348771994449
 488.0557891555738273 413.8859281252986751 430.3756783698955171   0.2718651228005551
 489.2330885370068566 410.0932477745187132 430.8178742852331068  -0.0031348771994449
 488.2296439598946605 408.7723292069077348 432.0386373677462102   0.0849651228005551
 488.4261754778224423 409.6132573365027328 428.0683227603776617  -0.0036348771994449
 489.3559207357117336 411.0286622108097413 426.8948028312125468   0.0170651228005551
 485.5726890156013692 409.7549867965468051 427.6658110938524466  -0.0645348771994449
 484.5919211520962293 408.3452511006415336 428.8034262264730476   0.0351651228005551
 484.8697108937826369 411.6314848475305987 428.1439118057344969   0.0351651228005551
 485.0189992583624305 409.2447607403880478 424.8898034031221390   0.6950651211542206
 486.7348705879629563 408.9140586669518609 423.3572355085119903  -0.6086348782970011
 482.5396785706577255 409.1635025166294756 424.2265095301157813  -0.9407348766506668
 482.0540189542400082 408.8328004431932351 422.4104827154174340   0.4250651228005551
 481.1941935633058150 409.4356230799140925 425.5530972761284967   0.4250651228005551
 496.6370355297103333 423.0756663145577220 431.1258996450622378   0.0439651228005551
 495.9661827521682545 424.7046102419978313 426.1351329253762285  -0.0536348771994449
 494.2692086839069240 424.2850910402672975 427.2236151785148571   0.0683651228005551
 495.5013101232236627 426.0198596312070187 424.6195725659713986   0.0683651228005551
 500.3220014908567531 437.2297150576279158 432.9022422109482102   0.5972651233493332
 499.0785616947365401 438.8170850101217201 431.7476195431223443  -0.5679348788457792
 496.5992410070318354 434.6275621712183338 433.6713607474541800   0.0396651228005551
 496.2628697551938576 434.3327648943266074 431.6606921409619814   0.1104651228005551
 495.7885484955796680 432.2351688856740458 435.1075526092343142   0.0559651228005551
 497.0263191132980366 430.7063804433317040 434.4990607941116660  -0.0173348771994449
 496.0814560463374106 432.5961065772529559 437.1144417634587060  -0.0173348771994449
 493.0352175184564161 431.4811681582394646 434.6577977893610572   0.0135651228005551
 491.7804393655326215 433.0949942766081853 434.9110210913065324  -0.0425348771994449
 492.8216784653233156 430.7403955137422879 432.7472846679666797  -0.0425348771994449
 492.3586955625126002 429.4308153029348911 436.5645314584876278   0.8053651217029987
 494.0840155227827238 428.6239022437505310 437.9893849634642341  -0.8188348750043323
 490.1061420108784542 428.6616967664289216 436.6420102299783930  -0.8188348750043323
 494.8096703582084045 436.6722458481211165 434.4896121634420683   0.5365651228005551
 493.2223004057146002 437.5056150731803933 433.0099566005817526  -0.5819348788457793
 495.0137607806719075 437.5736452140015608 436.8479903785757726  -0.4157348771994449
 496.3138923608097065 436.8933438057898844 438.0687534610889297   0.2718651228005551
 493.2506462977233933 439.4312460036461591 437.7493897444562172  -0.0031348771994449
 491.3382434501950856 438.7717315829076084 437.3582164347345299   0.0849651228005551
 493.5000901474010080 439.9187953461978070 440.6085453850790811  -0.0036348771994449
 492.0941339037635433 441.3455385773083973 441.0885358230950615   0.0170651228005551
 493.0295483400545717 438.1481219587136253 441.5515187259057767   0.0170651228005551
 496.1098019383462035 440.8088563552747234 441.4759296805489417  -0.0645348771994449
 496.2855464688009136 440.6463399077575254 443.5225030835856545   0.0351651228005551
 497.5970164057422941 439.7090357453325669 440.5707508624006368   0.0351651228005551
 496.4329451072468304 443.5640770585319056 440.7427159405874860   0.6950651211542206
 494.5904621266735669 444.9605846714997190 440.5027207215795227  -0.6086348782970011
 498.8423459279963836 444.3709901177163198 440.3685501660710639  -0.9407348766506668
 499.1692685491647636 446.1870169324146132 439.8772213712515557   0.4250651228005551
 500.2955453249818365 443.1521167613370929 440.5839789453380950   0.4250651228005551
 493.5624511098204386 441.8293084675922381 436.2848519906672899   0.5972651233493332
 491.7426448428542309 443.2125879976225932 435.8558841582671583  -0.5679348788457792
 495.9000423374809635 442.3792187725633164 435.4628211224115409  -0.4157348771994449
 497.3702492696717352 441.1981399388625340 435.7613978515710744   0.2718651228005551
 496.3535766096220811 444.6752360252776438 434.1059977582560487  -0.0518348771994449
 495.8395711011955170 446.2739443345749761 435.3003046748942893   0.0921651228005551
 499.1352534787541261 444.9530257669640516 433.3330997694822721  -0.1102348771994449
 500.1122418899915131 445.0078278248477609 435.1453471319127587   0.0456651228005551
 499.8117754346979420 443.3467585531309983 432.2370586118079224   0.0456651228005551
 499.6605973439842719 447.4040005626599096 431.8780106463628887   0.3530651228005551
 498.4870774148192106 447.4436848114722306 430.1848160303694726  -0.0361348771994449
 499.0558849811294841 449.7151356244456256 433.5277415612761773  -0.4121348771994449
 500.2294049102945455 449.6773411017671813 435.2209361772695937   0.0999651228005551
 499.4394993863154503 451.4366761324478351 432.4657154740124115   0.0999651228005551
 497.0697828143782717 449.6716719233653905 434.0700929617115345   0.0999651228005551
 502.3666851677595356 447.4399053592044238 430.8367715465723022  -0.4121348771994449
 502.6331365526424689 445.8468662283087748 429.5593166800415055   0.0999651228005551
 502.6860488843921944 449.1992403898850776 429.8144297081209110   0.0999651228005551
 494.7756552877978745 444.6544490378044645 431.7457298169884141   0.5972651233493332
 493.5756791927578968 446.5403957194579096 431.1088921098569728  -0.5679348788457792
 494.7057354208427228 442.4926023405985958 430.4078037141721708  -0.4157348771994449
 495.6581573923390699 440.9543652675866564 431.0181852554287494   0.2718651228005551
 493.2941099988036286 442.2998502749386208 428.0947789262525782  -0.0518348771994449
 493.9101607184618903 443.7832852900667971 426.8040959767843233   0.0921651228005551
 493.7778798890874158 439.7317124589396229 426.8022062506504466  -0.1102348771994449
 493.4811928860618127 438.2274904563383209 428.1798166022790109   0.0456651228005551
 492.3832620022535326 439.4747097047263407 425.3055431525848121   0.0456651228005551
 496.4253862027111093 439.4274665513782986 425.6419144044227899   0.3530651228005551
 497.8559088860895064 439.9150158939300002 427.0346425651227426  -0.0361348771994449
 496.8033314294953383 436.6760253003889769 424.8368910713723061  -0.4121348771994449
 495.3879265551883834 436.1487917090249546 423.4347142800027556   0.0999651228005551
 496.6219177206388911 435.4439238610722920 426.4771733556159431   0.0999651228005551
 496.7995519772274776 441.1074330844343105 423.3137718074318089  -0.4121348771994449
 496.7088451227992542 443.0935352511855229 423.8485643033314986   0.0999651228005551
 498.6552630407381994 440.7483851189892770 422.4936306653099903   0.0999651228005551
 495.3463525802420248 440.7068111440429720 421.9097052899282745   0.0999651228005551
 490.5332201171446554 442.6154345393034729 428.6541378618932542   0.5972651233493332
 489.1707275745874260 443.8909996797002858 427.2727480579968293  -0.5679348788457792
 489.7735502113083371 441.3701050170493297 430.5004002947343245  -0.4157348771994449
 490.9565187711429961 440.2400487889644498 431.5038448718465205   0.2718651228005551
 487.1279336238185200 441.5855337963163605 431.2619599267045731  -0.0275348771994449
 485.9506342423855982 440.8844454006316122 429.7180536752908967   0.1122651228005551
 486.5855822233831628 440.0491864494384051 433.6770299258559171  -0.0050348771994449
 488.0671275123774088 440.4120138671512992 435.0489710990827443   0.0338651228005551
 484.8716006199166209 440.7994077246051258 434.5066196986473871   0.0338651228005551
 486.2038575443310734 437.2448328666992507 433.4937264908655935  -0.1415348771994449
 487.5323350164776653 435.4836081098846666 434.7787402619320039  -0.1638348771994449
 489.1045871599001349 435.8917889548116188 436.0108417012486891   0.2061651228005551
 486.6233767460615535 433.0912148243403247 434.2704039319072306  -0.3418348771994449
 487.4813124108618164 431.4717195275698131 434.8751162947620184   0.3411651228005551
 484.5427882726142569 433.2008189401077974 432.7132695975560958   0.1379651228005551
 482.9308518803794665 431.3394386981953385 431.7362811863188164  -0.2601348771994449
 483.2388772402085974 429.3968002325243075 432.1746976493885455   0.1571651228005551
 480.9485291658960608 432.0537551768175988 430.1262345202179024  -0.1134348771994449
 479.7164277265793758 430.6534681115819249 429.3703440666493911   0.1416651228005551
 480.6008195572545551 434.6086649098791385 429.4837276346846703  -0.1972348771994449
 479.1306126250637834 435.1094423353682445 428.2100522204217341   0.1446651228005551
 482.1806306052126920 436.5002807699342670 430.4852824856629361  -0.2387348771994449
 481.8933922328566867 438.4296911526678935 429.9769461556381090   0.1699651228005551
 484.2404320911869167 435.8313177185261722 432.1633592925850176   0.1242651228005551
 486.3550356350447435 444.3709901177163198 431.6965969375064417   0.5972651233493332
 484.5163321067393405 445.2251463302487221 430.5552023526180339  -0.5679348788457792
 487.7968966752266148 445.8506456805766355 433.1592449651614924  -0.4157348771994449
 489.3219056653010961 445.0777476918028590 434.0247395344974227   0.2718651228005551
 487.2205302043807275 448.5510643259501082 433.5901025236955542  -0.0389348771994449
 485.3137965352541569 448.6776759769228459 434.3516621556658027   0.1006651228005551
 489.0573440065521465 449.7567095993918769 435.4439238610722920   0.3653651228005551
 488.4734186311704307 451.7125761480003662 435.7406108640979487   0.0042651228005551
 489.2047426449979562 448.4698061021914825 438.0234000338748180  -0.2438348771994449
 489.8170139123884648 449.8530856322218375 439.4180179207087009   0.0641651228005551
 487.3641493905586765 447.7120259224890943 438.5430747207031730   0.0641651228005551
 490.5861324488944882 446.9618046473223201 438.0177308554730272   0.0641651228005551
 491.4421783875607673 449.7415917903204884 434.3100881807195516  -0.6761348755531105
 491.8900434813001478 448.0729636140680581 433.7186039008022221   0.4101651228005551
 487.2299788350503252 450.1025294818994522 431.1447969064014332   0.5972651233493332
 485.5556814803960505 451.6653329946523241 430.7271674308048834  -0.5679348788457792
 488.9609679737221859 449.4883684883750669 429.4497125642740867  -0.4157348771994449
 490.2913351720027618 448.1485526594248933 429.7237228536926875   0.2718651228005551
 489.0535645542842861 450.9472370637622569 427.1574747638276197  -0.0875348771994449
 488.9326220817133928 452.9711337531919139 427.5221919076744440   0.0968651228005551
 491.5385544203907279 450.8981041842802847 425.6400246782888595   0.2984651228005551
 491.2418674173651248 452.0357193169008855 423.9468300622953895  -0.0297348771994449
 493.6644963210521363 452.1604412417396928 427.1593644899615500  -0.3192348771994448
 494.0254340126311538 451.1059740590116481 428.8960228070351478   0.0790651228005551
 495.3879265551883834 452.2190227518912628 426.0330877141444769   0.0790651228005551
 493.1240346467506556 454.0860721722054589 427.6488035586471280   0.0790651228005551
 492.4512921430747003 448.3224074637456192 424.7688609305511384  -0.3192348771994448
 490.9716365802143308 447.3057348036960187 423.7729752579746636   0.0790651228005551
 494.0859052489166004 448.5302773384769827 423.5329800389666465   0.0790651228005551
 493.0030921741797626 447.3170731604995468 426.4488274636071502   0.0790651228005551
 486.7613267538378727 450.4162240201303740 425.5965609772086781   0.5972651233493332
 485.6766239529670511 452.1396542542665674 424.4759533797933423  -0.5679348788457792
 486.1811808307240176 447.9860362119076416 425.1713725970764072  -0.4157348771994449
 487.0410062216581570 446.6405512045557309 426.2352884104740495   0.2718651228005551
 483.9758704324378598 447.2811683639550326 423.6501430592697864  -0.0237348771994449
 484.2461012695886538 448.0616252572645302 421.7717552821520626   0.0879651228005551
 483.7188676782246315 444.3823284745198477 423.4876266117525347   0.0341651228005551
 483.4448573888060307 443.6604530913619201 425.4000294592808426   0.0240651228005551
 482.0237833360972312 443.9193455717091323 422.4142621676852947   0.0240651228005551
 485.9563034207873353 442.9366879820700621 422.3159964087213501   0.0017651228005551
 487.7080795469323753 443.5168339051839174 423.2041676916643362   0.0439651228005551
 485.6785136791009276 440.9449166369170588 422.7600820501928700   0.0439651228005551
 486.4381835849372459 443.1332194999978976 418.9314969028683940  -0.2737348771994449
 488.5149926061167894 445.8525354067105658 418.7292962065388212  -0.0536348771994449
 488.9590782475882019 446.2172525505573364 416.7507529443232761   0.0683651228005551
 487.6041446095666936 447.5117149522933983 419.5343195395893051   0.0683651228005551
 490.2592098277261083 445.4594723708549484 419.7516380449902126   0.0683651228005551
 481.5362339935455835 448.4603574715218847 424.6838232545247057   0.5972651233493332
 480.0376811693460187 449.4203383475538992 423.1871601564590712  -0.5679348788457792
 481.2055319201093429 448.5189389816734547 427.1952692865060640  -0.5163348771994448
 482.5491272013273770 447.7252540054264988 428.3064282532517486   0.2935651228005551
 477.2994680012941015 448.8118465324312510 427.8358864459053659   0.0879651228005551
 478.7734543857526800 452.5043713981133917 427.6809289029237815   0.5365651228005551
 476.8553823598226352 453.2583721255479729 426.5792185668476947  -0.5819348788457793
 480.7349901127629603 454.0180420313842912 428.1873755068146783  -0.4157348771994449
 482.2732271857748458 453.2659310300836403 429.0585392545523994   0.2718651228005551
 480.6008195572545551 456.7581449255700851 427.7962021970929913  -0.0875348771994449
 478.8773893231183619 457.4082107156390382 428.7240577288483520   0.0968651228005551
 482.8117991339423962 458.1470936340022309 429.1001132294986507   0.2984651228005551
 482.8892779054331615 457.5045867484689988 431.0578695042410701  -0.0297348771994449
 485.4045033896823804 457.6765518266558483 427.9020268605926031  -0.3192348771994448
 486.8690411434713077 458.5647231095988344 429.0472008977488715   0.0790651228005551
 485.7654410812612906 455.6583243156279284 427.8453350765749635   0.0790651228005551
 485.4838718873070224 458.4381114586260969 425.9915137391982258   0.0790651228005551
 482.3809415754083345 461.0119184530268319 429.1435769305788321  -0.3192348771994448
 483.8398101507955245 461.9208767234429439 430.2774126109316264   0.0790651228005551
 482.4206258242207092 461.7848164418006623 427.2330638091844546   0.0790651228005551
 480.5479072255047223 461.4125403934181704 429.9882845124416368   0.0790651228005551
 480.3116914587645658 457.4441155121834985 425.0031869711573646   0.5972651233493332
 478.7772338380205407 459.0787286180253986 424.3871362514990489  -0.5679348788457792
 481.6193819434380859 456.1742195501884229 423.2457416666106411  -0.4157348771994449
 482.7078641965767145 454.6964537134620374 423.7729752579746636   0.2718651228005551
 481.5059983754028064 456.8828668504088924 420.5831175439155591  -0.0597348771994449
 481.5815874207596952 458.9691245022579798 420.4791826065499310   0.0868651228005551
 483.8265820678580663 455.8718633687610291 419.1299181469301597   0.1302651228005551
 485.4952102441106039 456.2611469523488397 420.2807613624881652   0.0186651228005551
 483.6980806907514522 453.0108180020042885 418.6631557918515838  -0.3204348771994449
 483.1613984687178321 452.0376090430348158 420.3903654782556377   0.0881651228005551
 482.3034628039175691 452.5818501696041570 417.2080666687322006   0.0881651228005551
 485.5424533974585923 452.3116193324534166 418.0811201426038520   0.0881651228005551
 484.1251587970176534 457.3137244089429541 416.6090234842792038  -0.0430348771994449
 484.0722464652679279 459.3376210983726111 416.9945276155991001   0.0235651228005551
 482.5547963797291141 456.8639695890696971 415.3523556052215326   0.0235651228005551
 486.6101486631240953 456.7486962949004873 415.2276336803827789  -0.0660348771994449
 488.2069672462876047 457.1134134387473118 416.4786323810386055   0.0185651228005551
 486.6555020903382070 454.7871605678902609 414.6002446039208817   0.0185651228005551
 486.7594370277038887 457.9694593774136444 413.5760130393355601   0.0185651228005551
 479.0172290570285576 456.1080791355011856 419.4247154238218324   0.5972651233493332
 477.9911077663093059 457.5102559268707896 417.7995509486495838  -0.5679348788457792
 477.8682755676044287 453.9934755916433051 420.1635983421850790  -0.4157348771994449
 478.7167626017350404 452.9257803259778021 421.5185319802065873   0.2718651228005551
 475.5250151615420594 453.0807378689593327 419.0411010186358665  -0.0237348771994449
 475.7725692850857437 453.1657755449858191 416.9964173417330302   0.0879651228005551
 475.0941576030079975 450.3085096304968855 419.7686455801955313   0.0341651228005551
 476.8364850984833863 449.2540424477688406 419.4587304942324163   0.0240651228005551
 474.6349541524651428 450.1951260624616060 421.7755347344198694   0.0240651228005551
 473.0173485818285615 449.0594006559749354 418.1774961754338126   0.0017651228005551
 472.0309115399216843 450.4785849825498046 417.0549988518846003   0.0439651228005551
 473.9187479477090059 447.7668279803728038 416.8509084294210974   0.0439651228005551
 470.6854265325697199 447.3132937082316861 419.9689565503911736  -0.2737348771994449
 469.1320716504864458 449.9324541298465331 421.5166422540726569  -0.0536348771994449
 470.4114162431511728 450.8017281514503239 422.8753553443620797   0.0683651228005551
 468.5878305239171583 451.3270720166804161 420.1050168320335090   0.0683651228005551
 467.4615537481000852 449.2483732693670498 422.4955203914438667   0.0683651228005551
 473.2686821576401066 454.8136167337651237 419.6666003689637799   0.5972651233493332
 471.7550115243691532 455.3502989557987974 417.9734057529703097  -0.5679348788457792
 473.0362458431677569 455.7811565143328056 422.0004121443564980  -0.3661748770896892
 474.2910239960914978 455.1386496287995733 423.3893608527886438   0.3114351227456773
 469.1150641152811806 457.1795538534345490 421.9172641944639956   0.2246151230749442
 471.5754875416466363 460.4034266379041837 421.9153744683300653   0.8098751231846998
 470.2111052729554766 460.9854622871519693 420.1711572467207464  -0.6015148769799337
 473.9168582215750757 461.3350616219273514 421.9626176216781073  -0.4157348771994449
 475.2283281585164026 460.4790156832610725 423.0681074100220009   0.2718651228005551
 474.6047185343224195 463.6613144927844560 420.5566613780406963  -0.0518348771994449
 473.4009629870145811 465.1712056737874948 421.2728675827968332   0.0921651228005551
 477.4071823909276438 464.2263426068268689 421.1235792182170396  -0.1102348771994449
 477.5659193861770350 464.4190946724868440 423.1701526212537523   0.0456651228005551
 478.5485769758160516 462.5992884055206899 420.5755586393798916   0.0456651228005551
 478.5259002622089956 466.6168461662372805 419.8782496959629501   0.3530651228005551
 477.0859289481610009 468.0851633722940683 419.7686455801955313  -0.0361348771994449
 480.7179825775576414 467.6032832081441577 421.4901860881977944  -0.4121348771994449
 481.4719833049922226 469.3342723468160184 420.6681552199420455   0.0999651228005551
 480.0546887045512837 468.0209126837407612 423.3912505789225741   0.0999651228005551
 482.2127559494893456 466.1878783338371491 421.5997902039652132   0.0999651228005551
 479.6351695028208036 466.1236276452838419 417.2439714652767148  -0.4121348771994449
 480.4949948937549431 467.8508373316878421 416.5220960821187871   0.0999651228005551
 481.0638024600652705 464.6420823562895422 417.3365680458388686   0.0999651228005551
 478.1668522967639621 465.5567098051074449 415.9249426237997204   0.0999651228005551
 474.0056753498693689 463.5649384599544415 417.6748290238107764   0.5972651233493332
 473.3121458587202880 465.4943488426880680 416.5712289616007593  -0.5679348788457792
 474.0491390509495503 461.3445102525970029 416.4483967628958823  -0.4157348771994449
 474.7199918284916291 459.8119423579868542 417.3800317469190500   0.2718651228005551
 473.0324663908999501 461.0516027018392066 413.8632514116916191  -0.0249348771994449
 473.8280410932807824 462.5803911441814946 412.7445335404102135   0.0842651228005551
 473.9244171261107430 458.5571642050631133 412.6708342211873088   0.2116651228005551
 473.9924472669319107 458.8141669592764491 410.6261505442845262   0.0351651228005551
 475.8273713429694531 458.1055196590559796 413.3190102851222780   0.0351651228005551
 472.2765759373314385 456.5068113497585937 413.1716116466764147  -0.6546348782970011
 472.2482300453225918 456.1477633843135602 414.9876384613747619   0.4274651228005550
 470.1203984185272531 461.2972670992489608 413.6648301676298533   0.5972651233493332
 469.1736456254327507 462.5501555260387177 411.9432896596276441  -0.5679348788457792
 468.6785373783453818 460.2333512858512646 415.4449521857836864  -0.4157348771994449
 469.5856059226275634 459.4302176789347647 416.9302769270457930   0.2718651228005551
 465.9611111977665902 460.7114519977333684 415.7662056285503292  -0.0581348771994449
 464.9973508694667690 460.2371307381191251 414.0200986808070800   0.1359651228005551
 464.8688494923601011 458.9974703942667727 417.8260071145245002  -0.0074348771994449
 466.0442591476591463 459.0144779294720916 419.5078633737143887   0.0366651228005551
 463.0244767856529610 459.7401327648978260 418.3721379672277180   0.0366651228005551
 464.4361022076921628 456.3272873670360769 416.9680714497242373   0.1867651228005551
 462.9469980141621955 455.7263544564490961 414.8969316069465383  -0.5432348771994449
 462.1098493368351119 453.3793145981189198 415.2918843689360859   0.1634651228005551
 460.5961787035641588 452.5157097549169196 414.2317480078062504   0.1434651228005551
 463.1869932331702127 452.3928775562119889 417.3630242117137850  -0.2795348771994449
 462.6257445713956064 450.7507055458344214 418.1472605572910894   0.3338651228005551
 464.6609796176287912 454.2410297151869895 418.4628448216559415  -0.2207348771994449
 465.4527748677417631 454.2259119061156548 420.3412325987736655   0.1861651228005551
 465.3620680133135396 463.4855699623297459 416.3387926471284634   0.5972651233493332
 463.6159610655703442 464.5400371450578445 415.2144055974453207  -0.5679348788457792
 466.8266057671025205 464.7479070197891542 417.9658468484346424  -0.4157348771994449
 468.2306722846060012 463.8068234050963888 418.8729153927168239   0.2718651228005551
 466.3390564245508729 467.4237592254216409 418.5667797590216232  -0.0389348771994449
 464.3661823407370648 467.5730475900014343 419.1450359560014945   0.1006651228005551
 467.9094188418394120 468.4026373627928506 420.8155538583879086   0.3653651228005551
 467.0628215338426770 470.1657518457413649 421.4618401961889476   0.0042651228005551
 467.9717798042587890 466.5469262992821826 423.0303128873436103  -0.2438348771994449
 469.0829387710045270 467.3273831925916802 424.5666602342215658   0.0641651228005551
 466.0650461351322719 466.1444146327569675 423.6860478558143006   0.0641651228005551
 468.8580613610678986 464.7875912686015289 422.4804025823725321   0.0641651228005551
 470.4529902180974241 468.8958558837462893 420.2165106739348581  -0.6761348755531105
 470.5455867986595777 470.4492107658295634 419.2754270592420927   0.4101651228005551
 466.6603098673174621 469.0904976755401945 416.2235193529592537   0.5972651233493332
 465.0332556660112831 470.6835368064357896 415.7057343922648290  -0.5679348788457792
 468.6067277852563536 468.5368079183012558 414.6569363879385213  -0.4157348771994449
 469.8426086768408455 467.1951023632172055 415.1388165520884319   0.2718651228005551
 469.0338058915225548 469.9881175891527783 412.3911547533669707  -0.0875348771994449
 468.9619962984335267 471.9779992081718515 412.8087842289635744   0.0968651228005551
 471.7077683710211111 469.4476559148512978 411.3499156535763305   0.2984651228005551
 472.0271320876538239 467.4124208686181130 411.3234594877014678  -0.0297348771994449
 472.1442951079569638 470.4624388487670216 408.6665045434081765  -0.3192348771994448
 471.7058786448872346 472.4749971813931505 408.5871360457834809   0.0790651228005551
 474.1096102872350506 470.1733107502770860 408.1203736907049050   0.0790651228005551
 470.9556573697204602 469.4552148193870189 407.3191298099223354   0.0790651228005551
 473.7014294423080447 470.6929854371054410 413.0563383525072588  -0.3192348771994448
 473.4860006630410139 470.0542580038400157 414.9989768181782898   0.0790651228005551
 475.5892658500953664 470.1733107502770860 412.4138314669740267   0.0790651228005551
 473.5030081982463327 472.7433382924099605 413.0072054730252864   0.0790651228005551
 467.0325859156999538 469.5024579727350071 410.4447368354280792   0.5972651233493332
 466.1425249066230372 471.2825799908888402 409.2485401926559083  -0.5679348788457792
 466.2804749143993027 467.1006160565211213 410.0497840734385315  -0.4157348771994449
 467.0306961895660235 465.6530858379374592 411.0437800198810762   0.2718651228005551
 464.4342124815582325 466.5299187640769174 408.1317120475084329  -0.0597348771994449
 464.8764083968958221 467.3784057982075291 406.3081263282744184   0.0868651228005551
 463.9712295787475171 463.7236754552038327 407.7915613434026484   0.1302651228005551
 465.7267851571603640 462.8109377325198603 407.2189743248245144   0.0186651228005551
 463.0414843208582797 462.5558247044405085 410.2916690185804251  -0.3204348771994449
 461.2859287424454329 463.4666727009905506 410.8642560371585593   0.0881651228005551
 462.7145616996898997 460.5394869195465190 410.0289970859654059   0.0881651228005551
 464.4663378258348860 462.8336144461269163 411.7524273201015456   0.0881651228005551
 462.2194534526025308 463.2342363865182547 405.5163310781614466  -0.0430348771994449
 461.7319041100508294 461.2330164106956537 405.5333386133667116   0.0235651228005551
 461.9870171381302349 467.7998147260719932 408.7855572898451930   0.5972651233493332
 461.2216780538921258 467.7261154068490347 411.2195245503357861  -0.4157348771994449
 462.2591377014148517 466.8171571364329230 412.5404431179467105   0.2718651228005551
 458.9256608011777982 468.9412093109604010 411.9999814436452300  -0.0518348771994449
 457.3817545497641218 468.1890983096597501 410.8642560371585593   0.0921651228005551
 458.2926025463141639 468.5443668228369768 414.8081144786522451  -0.1102348771994449
 458.0034744478242282 466.5072420504698617 414.8893727024108710   0.0456651228005551
 459.8516266067991752 469.0659312357992084 416.0496645486384741   0.0456651228005551
 455.8661941903592920 469.9049696392602759 415.6736090479881754   0.3530651228005551
 456.0570565298853367 471.9061896150828770 415.2276336803827789  -0.0361348771994449
 453.4983673445559361 468.8467230042643706 414.3715877417164463  -0.4121348771994449
 453.3056152788959613 466.8455030284417695 414.8175631093218428   0.0999651228005551
 455.6450962326904702 469.8974107347245548 418.5686694851555535  -0.4121348771994449
 457.2702607078627727 470.8630607891583064 419.3850311750095115   0.0999651228005551
 453.9178865462864702 470.8687299675600972 419.1280284207962295   0.0999651228005551
 455.5902941748067609 467.9547722690535238 419.2489708933671762   0.0999651228005551
 459.2053402689981363 471.7191067278246392 411.5577855283076939   0.5972651233493332
 461.4654527251679496 472.7943608980258633 412.0226581572522858  -0.4157348771994449
 462.9640055493675144 471.7776882379762091 412.6292602462410575   0.2718651228005551
 465.8288303683921154 475.3757267969622657 411.2610985252820374   0.0186651228005551
 465.0521529273504784 476.0919330017184563 415.0859042203386529  -0.0430348771994449
 463.9088686163281403 477.4298591045346996 416.1573789382720163   0.0235651228005551
 464.5211398837185955 474.1700815235204972 415.6017994548991472   0.0235651228005551
 467.8508373316878421 476.5133419295828667 415.6906165831934404  -0.0660348771994449
 468.3837401014536553 478.4351934077807721 415.1766110747668763   0.0185651228005551
 468.1683113221866245 476.2298830094946682 417.7050646419534996   0.0185651228005551
 468.9941216427102339 475.1754158267666234 414.6210315913940071   0.0185651228005551
 477.0197885334737636 448.2392595138531168 438.1519014109814858  -0.8340348771994448
 476.3716124695387944 448.8099568062973206 436.4965013176664602   0.4169651228005551
 475.9218576496655372 446.8030676520729289 438.4504781401410192   0.4169651228005551
 493.3583606873569356 425.8630123620915578 441.9351331310917965  -0.8340348771994448
 493.3016689033392421 427.1215699672831055 440.5272871613204552   0.4169651228005551
 491.6349304532206885 425.6929370100386387 442.6966927630620451   0.4169651228005551
 484.5125526544714800 417.7976612225156535 448.1145375890143094  -0.8340348771994448
 484.9906533663536374 418.6253612691731395 449.7453712425883488   0.4169651228005551
 482.7229820056481031 418.2266290549157850 447.6893492088820385   0.4169651228005551
 458.3133895337872895 459.4604532970774881 414.7022898151526331  -0.8340348771994448
 458.0639456841096748 460.6812163795906452 416.1233638678614326   0.4169651228005551
 457.0812880944706581 458.0374895182348121 414.8704754410716218   0.4169651228005551
 459.8138320841207845 456.3291770931700072 439.3575466844232008  -0.8340348771994448
 459.9385540089595918 458.1187477419933841 439.6258877954400108   0.4169651228005551
 461.3860842275432540 455.9002092607698756 438.5430747207031730   0.4169651228005551
 458.7159012003125045 460.9476677644735249 427.5373097167457788  -0.8340348771994448
 458.5647231095988344 459.8421779761295776 426.0123007266713512   0.4169651228005551
 460.4922437661984769 460.8985348849915527 428.1779268761450806   0.4169651228005551
 467.2952578483150267 453.9235557246882072 411.7958910211817807  -0.8340348771994448
 465.8893016046776157 454.6435413817122046 412.7331951836066856   0.4169651228005551
 468.6728681999435910 455.0403838698356824 412.2324177581175797   0.4169651228005551
 456.1591017411170881 434.1097772105239091 422.7884279422016630  -0.8340348771994448
 457.2286867329165214 434.7957477971373228 421.3919203292339034   0.4169651228005551
 456.8753079458732250 434.6483491586914595 424.4532766661862863   0.4169651228005551
 480.7160928514237111 443.1502270352031628 434.2420580398983839  -0.8340348771994448
 482.0672470371774126 443.7757263855311297 433.1403477038222971   0.4169651228005551
 479.2534448237687141 443.9136763933073415 433.3425484001518697   0.4169651228005551
 482.6832977568357821 433.4559319681871492 438.6848041807472453  -0.8340348771994448
 481.5948155036970996 432.0896599733620591 439.2725090083967681   0.4169651228005551
 483.5846971227161727 432.6395702783331912 437.3090835552525577   0.4169651228005551
 487.7572124264143475 441.0639693833541291 443.7643880287276018  -0.8340348771994448
 489.1121460644358560 440.4252419500887038 444.9152312442856073   0.4169651228005551
 488.4923158925097334 442.3206372624117464 442.5625222075536400   0.4169651228005551
 498.0826760221600653 456.2403599648756602 432.4978408182890650  -0.8340348771994448
 496.2666492074617181 455.7509208961900822 432.6698058964759144   0.4169651228005551
 498.8442356541302601 455.3276222421917416 431.0276338860983469   0.4169651228005551
 485.9544136946534587 426.8022062506504466 435.2020389159303984  -0.8340348771994448
 485.1588389922726262 425.8535637314219602 436.6287821470409348   0.4169651228005551
 487.5455630994151237 427.6242371189061419 435.8010821003834490   0.4169651228005551
 493.7892182458909973 452.8369631976835088 437.4791589073054768  -0.8340348771994448
 493.8270127685693880 451.4442350369835562 438.7566137738362735   0.4169651228005551
 494.2918853975139798 454.4621276728558113 438.3030795016951559   0.4169651228005551
 480.9390805352264630 413.8084493538079096 431.3980202083469085  -0.8340348771994448
 482.1995278665519410 414.9403953080267199 430.5627612571537014   0.4169651228005551
 480.8616017637356977 414.2052918419313340 433.2442826411879788   0.4169651228005551
$end
