$point_charges
  92.0315524480988886 124.6406666150439979 113.8484406642197447   0.0186340135089254
  94.0686772204660038 124.6992481251955679 114.1451276672453746   0.0102340135089254
  91.2435366502537235 123.0041637830681946 114.8197598970552602   0.0102340135089254
  92.7250819392479829 122.9966048785325271 110.2428432006979939   0.0620340135089254
  93.5074285586913840 126.5228338444295825 118.8581046452449764   0.7340340118625910
  94.2954443565365491 124.4176789312412996 119.4439197467605687  -0.5894659853935182
  94.9889738476856434 128.5864147826715871 118.9922752007533948  -0.4157659864910745
  97.5741191988899200 128.3823243602080842 119.7784012724646295   0.0212340135089254
  98.5737843237342554 127.1653407299628146 118.4518135264519143   0.1123340135089254
  98.9233836585096913 130.9523519023409856 119.8766670314285338  -0.1231659864910745
 100.8943680161895555 130.7350333969400515 120.4322465148013762   0.1111340135089254
  98.9611781811881222 132.5435013071026774 116.8417668603510003  -0.3119659864910745
  97.6308109829075598 127.3826592353637489 122.4240178599543929   0.5972340140577036
  99.1029076412322080 125.6951337977720697 123.0419583057466389  -0.5679659881374090
  96.4440629708050134 123.7581645105027758 128.6034223178768790  -0.5679659881374090
  91.4967599521991720 120.5342917260331276 121.3997862953690714  -0.3192659864910745
  93.1105860705679196 119.2870724776451078 121.1125479230130392   0.0790340135089254
  92.0069860083579159 122.4542534780971163 120.8536554426658269   0.0790340135089254
  95.1496005690689515 119.7613937372593377 125.2510481563005764   0.5972340140577036
  95.6503779945580844 117.9321388396235592 126.5927537113846536  -0.5679659881374090
  96.5876821569830295 120.4001211705247227 123.2460487282101150  -0.4157659864910745
  96.1643835029846619 121.9345787912687881 122.1915815454820702   0.2718340135089254
  98.7438596757871745 118.9072375247269352 122.5392911541235758  -0.0518659864910745
  98.1259192299949285 116.9589298806541268 122.2785089476424331   0.0921340135089254
 100.0250939945857782 119.8143060690091303 120.0864266322937873  -0.1102659864910745
 100.2083974295761420 121.8400924845727040 120.4171287057300145   0.0456340135089254
 101.8959228671678213 118.9884957484855477 119.8388725087501029   0.0456340135089254
  98.4396137682258503 119.3626615230019564 117.6864744422138050   0.3530340135089254
  96.6727198330094756 120.4057903489264866 117.8622189726684746  -0.0361659864910746
  99.8512391902650253 120.2451636275431785 115.3035297873391011  -0.4121659864910745
 101.6181331254814001 119.2020348016186482 115.1258955307505011   0.0999340135089254
  98.6814987133677709 119.8993437450355898 113.6443502417562418   0.0999340135089254
 100.2556405829241707 122.2596116863032377 115.4509284257849644   0.0999340135089254
  97.5722294727560032 116.5942127368073159 117.5069504594912883  -0.4121659864910745
  96.4232759833318743 116.1255606555948500 119.1510121960027726   0.0999340135089254
  96.4572910537424582 116.3334305303261866 115.7948585821586364   0.0999340135089254
  99.2200706615353347 115.3602215713567409 117.4483689493397318   0.0999340135089254
 100.6883878675921359 118.9771573916820198 124.5990926400977468   0.5972340140577036
 101.8071057388735279 117.0382983782788090 125.2264817165595903  -0.5679659881374090
 101.1343632351975592 121.2183725865126244 125.7215899636469593  -0.4157659864910745
 100.1309186580853768 122.7566096595245100 125.2038050029525346   0.2718340135089254
 103.0146407384491999 121.5018315066008229 127.6642284293180172   0.0212340135089254
 104.8382264576832144 120.9122369528173835 126.9102277018834360   0.1123340135089254
 103.2414078745197589 124.2419344007866166 128.6090914962786431  -0.1231659864910745
 101.4253810598214250 124.9543611532749467 129.2723853692850008   0.1111340135089254
 104.6322463090857948 124.3950022176342439 130.1208724034156391   0.1111340135089254
 104.2713086175068309 126.4037810979925391 126.1448886176453267  -0.3119659864910745
 104.2505216300337053 128.4673620362345437 127.5791907532915576   0.1932340135089254
 102.3645749483802870 119.8823362098302980 129.9073333502825386   0.5972340140577036
 104.0086366848917849 118.6124402478352222 130.9523519023409856  -0.5679659881374090
  99.9476152230950129 119.8785567575624507 130.7104669571990652  -0.4157659864910745
  98.6342555600197423 120.8914499653442444 129.7656038902384392   0.2718340135089254
  99.1539302468480839 118.4442546219162200 132.8836520112085156  -0.0875659864910746
  99.4808528680164639 115.6909236447929545 132.3469697891748687   0.5972340140577036
 100.1951693466386972 114.2320550694057511 134.0099287870255887  -0.5679659881374090
  98.9441706459828304 114.9104667514834837 129.9885915740411644  -0.4157659864910745
  98.4509521250293784 116.1784729873446426 128.6506654712248942   0.2718340135089254
  99.1218049025714303 112.2988652344043176 129.2818339999545984   0.0336340135089254
  97.9029315461922168 111.1253453052392160 130.4553539291197134   0.0822340135089254
  98.4433932204936975 111.8434412361292967 126.4925982262868323  -0.1825659864910745
  99.6603768507389805 112.9923947255534121 125.2926221312468546   0.0602340135089254
  98.7117343315105075 109.8535596171102101 126.0352845018778810   0.0602340135089254
  96.4761883150816669 112.3612261968237214 126.1694550573863128   0.0602340135089254
 101.8071057388735279 111.4730549138807216 129.6333230608639647   0.5972340140577036
 102.3022139859608969 109.3716794529602994 130.4931484517981309  -0.5679659881374090
 103.6174633751700842 113.1227858287939834 128.9549113787862184  -0.4157659864910745
 103.1166859496809515 114.8254290754570242 128.2519332569675129   0.2718340135089254
 106.2555210581241533 112.5520885363497661 129.1797887887228470  -0.0014659864910746
 106.6655916291850627 110.8154302192761279 128.1498880457357615   0.0875340135089254
 107.9109211514391656 114.6893687938147024 128.0969757139859823  -0.0152659864910746
 107.4895122235747284 115.0125119627152353 126.1070940949669092   0.0294340135089254
 107.5329759246549234 116.4090195756830351 129.1646709796514853   0.0294340135089254
 110.6207884274822361 113.9882803981299138 128.3785449079402506  -0.0011659864910746
 111.6450199920675576 112.0928850858068979 126.9234557848208942  -0.1906659864910745
 110.4488233492954135 111.1026685916321602 125.5704118729332623   0.1698340135089254
 114.1489071195132217 111.4428192957379850 127.1634510038288843  -0.2341659864910745
 114.9350331912244566 109.9234794840652945 126.0163872405386857   0.1655340135089255
 115.6587983005163010 112.7070460793313101 128.8585353459562310   0.3225340135089255
 118.2307155687831193 112.0475316585927862 129.1136483740356096  -0.5579659881374089
 118.7277135420044186 110.6925980205712509 128.0138277640934529   0.3991340135089254
 114.6572434495380354 114.6213386529935346 130.2985066600042257  -0.2341659864910745
 115.8515503661762626 115.6304524085074813 131.6383224889543993   0.1655340135089255
 112.1514665959584545 115.2638455385267533 130.0509525364605413  -0.1906659864910745
 111.3634507981132894 116.7926339808690547 131.1828984906793781   0.1698340135089254
 106.8583436948450242 112.2024892015743302 131.9217814090425978   0.5972340140577036
 108.2888663782234213 110.5092945855808870 132.6153109001917056  -0.5679659881374090
 105.7623025371707013 113.8049769631395499 133.5677328716879990  -0.4157659864910745
 104.5642161682646271 115.1561311488932514 132.9516821520296833   0.2718340135089254
 106.2593005103919871 113.6424605156223250 136.2322467205169577  -0.0252659864910746
 108.2737485691520464 113.8673379255589534 136.6007433166316158   0.0697340135089254
 102.2757578200859939 111.1877062676586198 134.9264459619773947   0.2718340135089254
 105.1557004481819834 106.0155258391161498 133.8530815179101008  -0.4157659864910745
 104.7966524827369499 107.5821088041368688 132.8250705010569457   0.2718340135089254
 106.8299978028362045 104.1503661449358706 132.8137321442534178   0.0336340135089254
 105.8643477484024529 102.3324496041036335 132.7192458375573605   0.0822340135089254
 107.7767505959307607 104.8382264576832144 130.1529977476922927  -0.1825659864910745
 108.7631876378376512 106.6448046417119237 130.2191381623795569   0.0602340135089254
 109.0655438192650585 103.3774681561620807 129.4821449701502677   0.0602340135089254
 106.1723731082316107 104.9799559177273004 128.8679839766258554   0.0602340135089254
 109.1090075203452399 103.8933633907225885 134.4710219637023736   0.5972340140577036
 110.1011137406538945 106.0136361129822329 135.4612384578771113  -0.4157659864910745
 109.4434890460493007 107.7313971687166488 134.9491226755844505   0.2718340135089254
 115.0918804603399309 109.2545164326571729 135.2136843343334269   0.3530340135089254
 116.5035058823791059 107.8050964879395804 134.8300699291474073  -0.0361659864910746
 113.3930166659447238 109.5852185060934001 132.8912109157441830  -0.4121659864910745
 111.9813912439055488 111.0365281769449229 133.2729355947962993   0.0999340135089254
 114.5381907031009920 110.1521363462697702 131.2754950712415320   0.0999340135089254
 112.4481535989840978 107.8032067618056501 132.4716917140136761   0.0999340135089254
 116.7416113752531791 111.5713206728446260 135.7617049131705748  -0.4121659864910745
 118.0568607644623666 111.1347939359088272 137.2867139032450293   0.0999340135089254
 117.7998580102490845 112.0777672767355228 134.0685102971771318   0.0999340135089254
 115.5435250063471048 113.1511317208028031 136.3210638488112777   0.0999340135089254
 147.5517062627052736 114.2811879488877099 117.9699333623019901   0.0142340135089254
 148.3321631560147444 115.5850989812933693 116.5790949277359542   0.1047340135089254
 146.9980165054663347 111.7470652032993090 116.6603531514945667  -0.2041659864910745
 146.5614897685305359 110.2806377233764113 118.0398532292570746   0.0796340135089254
 145.4295438143116989 111.9341480905575067 115.3394345838836018   0.0796340135089254
 149.3469460899304682 110.9609391315880743 115.1939256715716689   0.7129340135089254
 149.6133974748133479 114.4833886452172825 113.5687611963993934   0.4195340135089254
 145.0232526955186233 115.4055749985708527 118.6804703886563765   0.5972340140577036
 143.9801238695941064 116.9268045363774599 117.2669552404832846  -0.5679659881374090
 143.9990211309333018 114.7706270175733149 120.9160164050852171  -0.4157659864910745
 145.0553780397953037 113.7161598348452565 122.1046541433216804   0.2718340135089254
 141.4403319456039282 115.3734496542941857 121.6492301450466592  -0.0024659864910746
 140.1534284484035606 114.6137797484578540 120.2319355446057337   0.0977340135089254
 140.7184565624460274 114.2736290443520156 124.2457138530544773  -0.0343659864910746
 142.1508689719583280 114.6062208439221597 125.6875748932363754   0.0294340135089254
 138.8892016648102490 114.9255845605548588 124.9316844396678907   0.0294340135089254
 140.5143661399825245 111.4730549138807216 123.9395782193592227   0.0117340135089254
 138.3997625961246440 110.4223671834205105 122.8492062400866638  -0.1256659864910745
 136.8823125105858840 111.6620275272728495 122.2142582590891260   0.1329340135089254
 138.1843338168576131 107.8485601890197621 122.5544089631949374  -0.1704659864910745
 136.4986981053998642 107.0473163082371522 121.6851349415911734   0.1429340135089254
 140.0967366643859210 106.2876464024008069 123.3575425701114909  -0.1072659864910745
 139.9417791214043902 104.2467421777658581 123.1288857079070019   0.1296340135089254
 142.2151196605116619 107.3137676931200453 124.4535837277858138  -0.1704659864910745
 142.4173203568412345 109.8913541397886410 124.7427118262757495  -0.1256659864910745
 140.9244367110434338 118.1683546063637157 121.6605685018501873   0.5972340140577036
 138.7361338479626217 118.9336936906018248 121.4904931497972950  -0.5679659881374090
 142.8765238073840893 119.7462759281879626 122.0404034547683733  -0.4157659864910745
 144.5923951369845885 118.9639293087445750 122.3352007316600729   0.2718340135089254
 142.6573155758492248 122.4580329303649768 122.1481178444018886  -0.0581659864910746
 141.9203223836199355 123.6050966936551753 119.6498998953579885   0.5972340140577036
 140.6466469693570261 125.5477351593262064 119.5837594806707377  -0.5679659881374090
 142.7385737996078506 122.4996069053112280 117.5163990901608859  -0.4157659864910745
 143.7495772812557139 120.8820013346746466 117.5882086832499007   0.2718340135089254
 142.2226785650473293 123.5899788845837868 115.0786523774024727  -0.0581659864910746
 142.9180977823303674 125.5288378979870111 115.0540859376614998   0.1359340135089254
 143.4963539793102656 122.1197719523930689 112.9205851324644108  -0.0074659864910746
 142.9596717572766185 120.1317800595078993 112.9923947255534121   0.0366340135089255
 142.9728998402140769 122.9058980241043036 111.0894405086947155   0.0366340135089255
 146.3252740017903794 122.2010301761516678 113.0585351402406629   0.1867340135089255
 147.9031953236146129 120.6287780327291983 111.7111604067548085  -0.5432659864910745
 139.4334427913795633 123.6504501208692871 114.5306317985653112   0.5972340140577036
 138.5131461641599234 125.4570283048979829 113.3911269398107934  -0.5679659881374090
 138.0085892864029569 121.6813554893233396 115.2959708828034204  -0.4157659864910745
 138.7323543956947881 120.2999656854268880 116.3957914927455903   0.2718340135089254
 135.3969877693237774 121.5037212327347262 114.5551982383062838  -0.0252659864910746
 135.3213987239669156 121.4470294487170866 112.4972864784660432   0.0697340135089254
 134.6373178634874322 119.7462759281879626 115.3167578702765593   0.0697340135089254
 133.8115075429638497 123.6731268344763162 115.4792743177937843   0.5972340140577036
 132.6153109001917056 124.9619200578106140 113.9618242322550107  -0.5679659881374090
 133.8190664474995172 124.2098090565099631 117.9661539100341431  -0.4157659864910745
 134.8300699291474073 123.1345548863087658 119.1755786357437452   0.2718340135089254
 132.2222478643360614 126.1543372483149245 118.9960546530212286  -0.0275659864910745
 130.3098450168077535 125.8727680543606562 118.2836279005329253   0.1122340135089255
 132.1409896405774623 126.1505577960470906 121.9251301605991635  -0.0050659864910746
 131.2055752042864341 127.8872161131207154 122.5203938927843535   0.0338340135089254
 131.0581765658405708 124.5272830470087455 122.5846445813376876   0.0338340135089254
 134.6524356725587939 126.0655201200206311 123.2876227031563931  -0.1415659864910745
 136.0413843809909129 124.0038289079125566 123.9754830159037369  -0.1638659864910745
 135.2741555706189004 122.1575664750714864 123.4822644949502715   0.2061340135089254
 132.9705794133688787 128.6884599939033387 117.9869408975072820   0.5972340140577036
 131.3473046643305333 130.2833888509328640 117.5277374469644138  -0.5679659881374090
 135.4385617442700555 129.1533326228479574 117.6108853968569566  -0.4157659864910745
 136.7745981209523685 127.8305243291030756 117.9396977441592535   0.2718340135089254
 135.1305363844408709 132.0597314168188366 114.1186715013704850   0.5972340140577036
 135.2873836535563317 130.1851230919689730 112.4028001717699859  -0.4157659864910745
 135.9752439663036756 128.4843695714398358 112.9262543108661747   0.2718340135089254
 134.3878740138098175 130.4836998211285333 109.8554493432441404  -0.0249659864910746
 135.3894288647880831 132.0502827861492388 108.9710575125689878   0.0842340135089254
 134.8073932155403513 128.0894168094502881 108.2548513078128376   0.2116340135089254
 133.7793821986871962 126.5247235705634858 109.1127869726130871   0.0351340135089254
 134.0855178323824237 128.4238983351543623 106.3537868170880577   0.0351340135089254
 137.4152152803516702 127.4809249943276397 108.1263499307061965  -0.6546659875886308
 137.6382029641543685 125.9861516223959355 107.1229053535940006   0.4274340135089254
 131.5929690617402875 130.8994395705912066 109.9121411272617667   0.5972340140577036
 130.5895244846281185 132.4565739049423144 108.5061848836243556  -0.5679659881374090
 130.2304765191830850 129.5331675757661434 111.4352603912023042  -0.4157659864910745
 131.1866779429472388 128.1423291412000941 112.3498878400201935   0.2718340135089254
 127.4828147204615700 129.7202504630243275 111.7943083566473377  -0.0237659864910746
 126.5511797364384023 129.4178942815969336 109.9820609942168645   0.0879340135089254
 126.4850393217511649 127.5584037658184320 113.4572673544980442   0.0341340135089254
 127.5413962306131400 127.4922633511311678 115.2241612897144055   0.0240340135089254
 124.5008268811338291 127.9023339221921038 113.8975735437016903   0.0240340135089254
 126.6985783748842656 124.9997145804890585 112.0909953596729810   0.0017340135089254
 128.6809010893676444 124.6482255195796922 111.6733658840763776   0.0439340135089254
 126.0655201200206311 123.5181692914947855 113.3684502262037375   0.0439340135089254
 124.9845967714176699 124.7030275774634017 109.1222356032826847  -0.2737659864910745
 121.8722178288493843 123.8148562945204154 110.2012692257517291  -0.0536659864910745
 120.5210636430956828 124.0378439783231405 108.6630321527398299   0.0683340135089254
 121.8892253640546764 121.8419822107066343 110.7644076136602522   0.0683340135089254
 121.3355356068157375 124.9959351282211978 111.7999775350491016   0.0683340135089254
 126.6626735783397514 132.3280725278356734 112.7429508758758108   0.5972340140577036
 124.8542056681770986 133.4089958764386078 111.7546241078349899  -0.5679659881374090
 128.2028003774855673 133.3504143662870646 114.3586667203784751  -0.4157659864910745
 129.7315888198278554 132.4565739049423144 115.0710934728667918   0.2718340135089254
 127.5943085623629191 135.8146172449203809 115.3129784180087123   0.0336340135089254
 125.6611187273614858 135.8278453278578122 116.0254051704970288   0.0822340135089254
 127.7908400802907278 137.6892255697702444 113.2021543264186790   0.5972340140577036
 129.7108018323547299 137.3906488406106841 111.5599823160410981  -0.4157659864910745
 130.9372340932696241 135.9412288958930917 111.7565138339689202   0.2718340135089254
 132.3242930755678128 136.6064124950333797 107.2740834443077109  -0.0297659864910745
 127.8456421381744642 139.0271516725864877 107.7578533345915518   0.5972340140577036
 126.9291249632226581 136.7405830505417846 107.1134567229244030  -0.4157659864910745
 127.6982434997286008 135.1418747412443987 107.8164348447431083   0.2718340135089254
 124.8334186807039730 136.5157056406051562 105.3994751194578208  -0.0875659864910746
 125.1735693848098112 137.5210399438512554 103.6344709103753762   0.0968340135089254
 124.1909117951707409 133.8077280906960159 104.7966524827369499   0.2984340135089255
 123.9074528750825692 132.7570403602357779 106.5465388827480193  -0.0297659864910745
 121.7512753562784108 133.7340287714730844 103.2149517086448559  -0.3192659864910745
 122.0347342763666093 134.7828267757993652 101.4650653086337728   0.0790340135089254
 121.2769540966641943 131.7781622228645683 102.7727557933072795   0.0790340135089254
 120.2130382832665116 134.5881849840054867 104.2845367004442891   0.0790340135089254
 126.4774804172154706 132.5983033649864138 103.4625058321885402  -0.3192659864910745
 128.1177627014591078 132.6738924103432487 104.7059456283087264   0.0790340135089254
 126.0504023109492696 130.6348779118422302 103.0089715600474360   0.0790340135089254
 126.8856612621424497 133.6300938341074025 101.7258475151149156   0.0790340135089254
 122.5411808802575060 137.7232406401808282 106.5484286088819497   0.5972340140577036
 121.1919164206377348 139.1386455144878637 105.2917607298243187  -0.5679659881374090
 122.0763082513128604 137.2413604760309175 109.0012931307117246  -0.4157659864910745
 123.2932918815581570 136.1717754842314842 110.0104068862256844   0.2718340135089254
 119.8936745666338259 138.2429153270091831 110.2636301881711193  -0.0024659864910746
 118.2061491290421466 137.5626139187975336 109.2998698598712846   0.0977340135089254
 119.7481656543218929 137.4548995291640180 113.0566454141067326  -0.0343659864910746
 119.3210875480556916 135.4574590056092508 113.3249865251235560   0.0294340135089254
 121.4470294487170866 137.9405591455817892 114.1148920491026380   0.0294340135089254
 117.6297826581961654 138.8967605693459432 114.2263858910039871   0.0117340135089254
 115.1636900534289322 138.1748851861880156 113.8389920335501337  -0.1256659864910745
 114.7687372914393845 136.5289337235426144 112.6635823782511152   0.1329340135089254
 126.7930646815803227 140.3329524311260775 100.9208241820644585   0.0185340135089254
 114.1130023229687211 140.9130983542399058 104.0709976473111884   0.0559340135089254
 114.4833886452172825 140.6107421728125121 106.0741073492677064  -0.0173659864910746
 112.0815467290033699 141.0529380881500748 103.7629722874820172  -0.0173659864910746
 115.1655797795628489 138.6926701468824403 102.5516578356384981   0.0135340135089254
 117.1497922201801715 138.3714167041158243 102.9995229293778384  -0.0425659864910745
 114.0846564309599012 136.9862474479515389 102.9598386805654906  -0.0425659864910745
 114.9066872992156367 139.3446256630852699  99.7662015142385657   0.8053340124113690
 112.7410611497418805 139.8737489805832227  98.9290528369114553  -0.8188659842959619
 116.8852305614311951 139.3408462108174363  98.4433932204936975  -0.8188659842959619
  99.2824316239547248 130.8276299775021783  96.6122485967240022   0.0796340135089254
 100.4143775781735619 131.1696704077419468 101.7730906684629441  -0.5679659881374090
 101.9620632818550721 134.4048815490151094 107.2495170045667248  -0.5679659881374090
  99.7302967176940651 130.4855895472624368 110.5735452741342075   0.5972340140577036
 101.0852303557156003 130.1832333658350429 112.4405946944484036  -0.5679659881374090
  99.6055747928552712 128.7886154790011598 108.6875985924808028  -0.4157659864910745
  98.5000850045113372 129.1892374193924714 107.1852663160134044   0.2718340135089254
 100.9794056922160151 126.4491345252066509 108.6857088663468859   0.0336340135089254
 100.4729590883251184 125.3644317243358559 110.3618959471350373   0.0822340135089254
 100.3992597691021868 124.8466467636414312 106.3311101034810019  -0.1825659864910745
 100.9132652775287779 125.9011139463694759 104.6379154874875587   0.0602340135089254
 101.4839625699729952 123.0967603636303484 106.4048094227039336   0.0602340135089254
  98.3885911626099746 124.4044508483038414 106.2800874978651262   0.0602340135089254
 103.7705311920176981 126.9140071541512696 108.6951574970164837   0.5972340140577036
 105.1594799004498305 125.6630084534954162 110.0765473009129218  -0.5679659881374090
 104.6738202840320593 128.7489312301888120 107.1795971376116402  -0.4157659864910745
 103.4946311764652072 129.8279648526578430 106.1364683116871099   0.2718340135089254
 107.3477827635306292 129.1533326228479574 106.9301532879340391  -0.0518659864910745
 108.2208362374022538 127.3807695092298186 106.3500073648202106   0.0921340135089254
 108.0261944456083618 131.2055752042864341 104.9799559177273004  -0.1102659864910745
 106.8148799937648428 132.7664889909054025 105.5582121147072120   0.0456340135089254
 109.9990685294221565 131.7876108535341927 105.1008983902982605   0.0456340135089254
 107.4006950952804352 130.4572436552536169 102.2322941190057988   0.3530340135089254
 105.3654600490472369 130.1775641874332790 102.0773365760242683  -0.0361659864910746
 108.2416232248753928 132.5113759628260239 100.3539063418880750  -0.4121659864910745
 110.2768582711085775 132.7910554306463618 100.5069741587357021   0.0999340135089254
 107.7729711436629135 131.9236711351765280  98.4358343159580167   0.0999340135089254
 107.2721937181737806 134.2763801719084684 100.7866536265560536   0.0999340135089254
 108.4721698132137854 127.8361935075048396 101.5708899721333714  -0.4121659864910745
 107.6614773017615644 126.4226783593317613 102.8313373034588361   0.0999340135089254
 107.9959588274656252 127.3713208785602209  99.6225823280605630   0.0999340135089254
 110.5206329423844149 127.8550907688440619 101.7900982036682361   0.0999340135089254
 108.5061848836243556 129.8563107446666627 109.4170328801744113   0.5972340140577036
 110.4280363618222745 128.7886154790011598 110.1672541553411453  -0.5679659881374090
 107.3156574192539756 131.6137560492134400 110.8022021363386831  -0.4157659864910745
 105.6583675998050330 132.2959471835589930 110.1464671678680062   0.2718340135089254
 108.2208362374022538 132.5151554150938575 113.2002646002847487  -0.0024659864910746
 110.0727678486450748 133.3863191628315518 112.9734974642142034   0.0977340135089254
 106.3802429829629473 134.5069267602468610 114.2792982227537796  -0.0343659864910746
 106.3670149000255025 136.1490987706244283 113.0377481527675239   0.0294340135089254
 104.4640606831668058 133.7737130202854322 114.4682708361459076   0.0294340135089254
 107.1455820672010565 135.4328925658682916 116.8342079558153195   0.0117340135089254
 106.7449601268097583 133.9683548120793106 118.9450320474053527  -0.1256659864910745
 105.8851347358755785 132.1088642963008088 118.7277135420044186   0.1329340135089254
 107.4139231782178800 134.8225110246117130 121.3052999886729874  -0.1704659864910745
 107.0964491877191110 133.6300938341074025 122.9550309035862490   0.1429340135089254
 108.3039841872947830 130.3363011826826700 115.0125119627152353   0.5972340140577036
 110.0746575747790049 130.0944162375407495 116.4940572517094947  -0.5679659881374090
 106.3481176386862937 128.7092469813764642 114.9860557968403323  -0.4157659864910745
 104.9138155030400630 128.9322346651791624 113.7463954529879933   0.2718340135089254
 106.2479621535884591 126.6097612465899454 116.7057065787086785   0.0336340135089254
 106.4048094227039336 127.2995112854712195 118.6407861398440287   0.0822340135089254
 103.7894284533569202 125.0771933519798237 116.4619319074328277  -0.1825659864910745
 103.6136839229022372 124.3590974210897565 114.5381907031009920   0.0602340135089254
 103.8310024283031849 123.4973823040216600 117.7828504750437926   0.0602340135089254
 102.1793817872560064 126.2885078038233294 116.8908997398329591   0.0602340135089254
 108.4060293985265346 124.8466467636414312 116.1879216180142538   0.5972340140577036
 109.7439555013427779 124.0680795964658639 117.9170210305521975  -0.5679659881374090
 108.6913780447486498 123.9017836966808053 113.8730071039607174  -0.5163659864910745
 107.4932916758425756 124.5594083912853990 112.5237426443409462   0.2935340135089254
 110.8532247419545590 122.4145692292847685 112.9451515722053835   0.0396340135089254
 110.7870843272673082 120.4889382988190159 113.6651372292293808   0.1104340135089255
 110.8022021363386831 122.1027644171877769 110.0708781225111579   0.0559340135089254
 109.0012931307117246 121.2429390262536105 109.5568726140845802  -0.0173659864910746
 110.9779466667933529 123.9206809580200006 109.1241253294166150  -0.0173659864910746
 112.9716077380802731 120.3434293865070829 109.2564061587911032   0.0135340135089254
 114.7044866028860641 121.4413602703153226 109.0126314875152525  -0.0425659864910745
 113.3249865251235560 118.9412525951375191 110.7341719955175156  -0.0425659864910745
 112.3328803048149015 118.9450320474053527 106.8186594460326900   0.8053340124113690
 111.6185638261926681 120.2394944491414146 104.9799559177273004  -0.8188659842959619
 112.5728755238228918 116.5866538322716351 106.8224388983005236  -0.8188659842959619
 113.3665605000698208 123.5465151835036054 113.8541098426215087   0.5365340135089255
 114.8972386685460389 122.2709500431067658 115.0559756637954167  -0.5819659881374090
 113.7426160007201461 126.0560714893510335 113.5385255782566566  -0.4157659864910745
 112.4783892171268344 127.0538468880614386 112.5539782624836828   0.2718340135089254
 116.1539065476036699 127.1804585390341761 114.1243406797722490  -0.0014659864910746
 117.6127751229908733 126.1241016301722010 113.1322344594635810   0.0875340135089254
 116.3920120404777431 130.0131580137821238 113.4742748897033361  -0.0152659864910746
 114.9728277139028875 131.0865224578493907 114.5155139894939360   0.0294340135089254
 118.2590614607919392 130.6896799697259397 114.0336338253440255   0.0294340135089254
 116.0839866806485853 130.4364566677804912 110.6982671989730148  -0.0011659864910746
 117.5900984093838176 129.2156935852673610 108.9578294296315431  -0.1906659864910745
 118.8543251929771426 127.8191859722995477 109.5436445311471354   0.1698340135089254
 117.2934114063581876 129.6484408699353262 106.4066991488378503  -0.2341659864910745
 118.4026806469699553 128.6128709485464767 105.0838908550929687   0.1655340135089255
 115.5095099359365209 131.3359663075270054 105.5638812931089759   0.3225340135089255
 115.2033743022412800 131.7857211274002624 102.9522797760297964  -0.5579659881374089
 116.5942127368073159 131.1545525986705584 101.9809605431942808   0.3991340135089254
 114.0355235514779424 132.6001930911203171 107.2892012533790726  -0.2341659864910745
 112.7769659462863945 134.0326055006326445 106.6466943678458540   0.1655340135089255
 114.3397694590392664 132.1579971757827543 109.8327726296370845  -0.1906659864910745
 113.2342796706953326 133.1784492881002152 111.1329042097748969   0.1698340135089254
 116.7075963048425952 126.9593605813653813 116.8833408352972650   0.5972340140577036
 118.8184203964326286 126.3281920526356772 117.6278929320622485  -0.5679659881374090
 114.8159804447874266 127.5262784215417516 118.4744902400589701  -0.4157659864910745
 113.1662495298741648 128.1498880457357615 117.7469456784992784   0.2718340135089254
 115.0899907342060006 127.4639174591223478 121.1692397070306788  -0.0024659864910746
 116.8455463126188473 128.4144497044847377 121.6794657631894095   0.0977340135089254
 112.8941289665895078 128.7734976699297983 122.5392911541235758  -0.0343659864910746
 111.0440870814806037 128.3672065511367225 121.7304883688052851   0.0294340135089254
 112.8506652655093262 128.4144497044847377 124.5669672958210933   0.0294340135089254
 113.3249865251235560 131.5457259083922723 122.2199274374908900   0.0117340135089254
 112.9338132154018556 132.7192458375573605 119.9333588154461737  -0.1256659864910745
 112.2931960560025537 131.5967485140081480 118.3289813277470236   0.1329340135089254
 113.3382146080610008 135.2703761183510397 119.6536793476258222  -0.1704659864910745
 113.0245200698300791 136.1679960319636506 117.8263141761239740   0.1429340135089254
 114.1243406797722490 132.9875869485741705 124.2343754962509492  -0.1256659864910745
 114.4342557657353237 132.0767389520241284 126.0560714893510335   0.1329340135089254
 115.4093544508386997 124.7937344318916252 122.1027644171877769   0.5972340140577036
 116.6943682219051504 124.3893330392324799 123.9924905511090287  -0.5679659881374090
 114.1659146547185137 122.8945596673007757 120.9368033925583561  -0.4157659864910745
 112.8884597881877436 123.1515624215140577 119.5421855057244730   0.2718340135089254
 114.6081105700560899 120.3642163739802219 121.8306438539031064  -0.0597659864910745
 114.4833886452172825 120.2999656854268880 123.8866658876094436   0.0868340135089254
 112.6560234737154344 118.4064600992378025 120.8404273597283687   0.1302340135089254
 112.1646946788958993 118.8448765623075316 118.8864505372537962   0.0186340135089254
 113.7180495609791734 115.6871441925251209 120.9235753096209114  -0.3204659864910745
 114.3454386374410304 115.2317201942500998 122.8359781571492056   0.0881340135089254
 112.2856371514668594 114.3265413761018216 120.3547677433106109   0.0881340135089254
 115.3035297873391011 115.4811640439277010 119.6253334556170024   0.0881340135089254
 110.2333945700283827 118.3195326970774261 122.4882685485077000  -0.0430659864910745
 109.2016041009073803 116.5828743800037879 122.0819774297146244   0.0235340135089254
 110.7662973397941825 118.2647306391937032 124.4781501675267731   0.0235340135089254
 108.3417787099732139 120.4624821329441263 122.0914260603842490  -0.0660659864910746
 107.6784848369668562 120.4435848716049041 120.1431184163114271   0.0185340135089254
 106.7185039609348553 120.1563464992488854 123.3159685951652128   0.0185340135089254
 109.1959349225056163 122.2747294953745995 122.5581884154627980   0.0185340135089254
 117.2990805847599516 119.5818697545368208 121.3525431420210293   0.5972340140577036
 118.5973224387638471 118.7503902556114743 123.0910911852285844  -0.5679659881374090
 118.2590614607919392 119.8955642927677428 118.9507012258071168  -0.4157659864910745
 117.0779826270911568 120.4794896681494183 117.5466347083036361   0.2718340135089254
 120.8328684551926879 119.0867615074494521 118.2571717346580223  -0.0875659864910746
 121.0728636742006914 117.1157771497695877 118.8070820396291006   0.0968340135089254
 121.2164828603786941 119.3569923446001924 115.3923469156334079   0.2984340135089255
 120.9405828448262032 121.3355356068157375 114.8896797640103447  -0.0297659864910745
 123.8658789001362911 118.5444101070140545 114.5419701553688390  -0.3192659864910745
 124.0397337044570440 118.6596834011832508 112.4935070261982096   0.0790340135089254
 125.2945118573807581 119.7689526417950185 115.3753393804281158   0.0790340135089254
 124.1984706997064352 116.6036613674769269 115.1277852568844315   0.0790340135089254
 119.3343156309931364 117.7563943091688896 113.8843454607642455  -0.3192659864910745
 119.5667519454654459 118.1985902245064658 111.8925741156112420   0.0790340135089254
 119.6687971566971973 115.7513948810784414 114.2226064387361533   0.0790340135089254
 117.3954566175899258 118.2042594029082297 114.4040201475925869   0.0790340135089254
 122.8397576094170662 120.6155499497917401 119.6820252396346421   0.5972340140577036
 124.6935789467938039 119.5686416715993760 120.6136602236578232  -0.5679659881374090
 122.2936267567138216 123.0155021398717224 120.1998102003290668  -0.4157659864910745
 120.7308232439609363 123.8980042444129448 119.5516341363940842   0.2718340135089254
 124.1323302850191978 124.4819296197946337 121.5509643860827683  -0.0252659864910746
 125.9578057303871158 124.3855535869646461 120.6004321407203784   0.0697340135089254
 123.5257281960304797 126.4472447990727206 121.6719068586537152   0.0697340135089254
 124.4006713960360078 123.4369110677361597 124.1682350815636849   0.5972340140577036
 126.5001571308225266 123.2403795498083510 125.1452234928009914  -0.5679659881374090
 122.2652808647050017 122.7547199333906067 125.3738803550054537  -0.4157659864910745
 120.5985424145864481 122.8378678832831359 124.4498042755179532   0.2718340135089254
 122.2747294953745995 121.8400924845727040 127.9325695403348272  -0.0237659864910746
 123.1591213260497519 123.2630562634154068 129.1287661831069711   0.0879340135089254
 119.6102156465456407 121.2845130011998618 128.9624702833219127   0.0341340135089254
 118.7031471022634323 119.9994992301334111 127.6321030850413636   0.0240340135089254
 119.8483211394197141 120.3377602081053189 130.7766073718863026   0.0240340135089254
 117.9604847316323790 123.6315528595300649 129.3120696180973484   0.0017340135089254
 117.8792265078737666 124.5915337355620525 127.4922633511311678   0.0439340135089254
 116.0764277761128912 122.9777076171933050 129.8279648526578430   0.0439340135089254
 119.0848717813155352 125.8311940794144049 131.7006834513738029  -0.2737659864910745
 118.0322943247213939 123.9943802772429322 134.4048815490151094  -0.0536659864910745
 118.9525909519410470 122.1518972966697224 134.3840945615419837   0.0683340135089254
 115.9895003739525148 123.7430467014314140 134.3122849684529824   0.0683340135089254
 123.6882446435477047 119.3872279627429290 128.1234318798608719   0.5972340140577036
 125.1338851359974634 119.0073930098247565 129.9054436241486083  -0.5679659881374090
 123.3065199644956153 117.6335621104640124 126.3168536958321493  -0.4157659864910745
 122.1972507238838342 117.9680436361680732 124.8012933364273194   0.2718340135089254
 124.5008268811338291 115.2033743022412800 126.5285030228313465  -0.0389659864910746
 124.0359542521892104 114.3794537078516142 128.3577579204671249   0.1006340135089254
 123.6939138219494687 113.3363248819270839 124.4252378357769939   0.3653340135089254
 124.5310624992765791 111.5070699842913055 124.8749926556502511   0.0042340135089254
 120.8498759903979797 112.9583796551428283 124.1852426167689770  -0.2438659864910745
 119.8161957951430606 114.3964612430569062 125.2283714426935207   0.0641340135089254
 120.2565019843467066 113.0849913061155523 122.2161479852230563   0.0641340135089254
 120.3812239091855140 111.0951096870964794 124.9090077260608350   0.0641340135089254
 124.5216138686069815 113.9674934106567747 121.9629246832776080  -0.6761659848447401
 126.3395304094392051 114.0336338253440255 121.9251301605991635   0.4101340135089254
 127.3108496422747474 115.4698256871241731 126.3811043843854832   0.5972340140577036
 128.6884599939033387 114.3851228862533782 127.9042236483260073  -0.5679659881374090
 128.2538229831014432 116.9797168681272524 124.5537392128836351  -0.4157659864910745
 127.0292804483204792 117.6505696456693044 123.2328206452726836   0.2718340135089254
 130.9561313546088463 117.3104189415634797 124.1663453554297816  -0.0014659864910746
 131.8291848284804440 115.4433695212492836 124.2287063178491852   0.0875340135089254
 131.4720265891693406 118.3100840664078149 121.4867136975294344  -0.0152659864910746
 130.1718950090315148 119.8426519610179502 121.0237307947187460   0.0294340135089254
 133.3938780673672461 119.0432978063692570 121.3922273908333771   0.0294340135089254
 131.2528183576344762 116.1557962737375866 119.5969875636081825  -0.0011659864910746
 133.1992362755733677 114.3359900067714194 119.5856492068046546  -0.1906659864910745
 134.8546363688883666 114.7101557812878280 120.6760211860772270   0.1698340135089254
 132.9422335213600587 112.0229652188518133 118.3006354357382039  -0.2341659864910745
 134.3614178479349280 110.6075603445447913 118.4366957173805392   0.1655340135089255
 130.5555094142175346 111.5354158763001254 116.7850750763333607   0.3225340135089255
 130.1303210340852369 109.2923109553356040 115.6021065164986613  -0.5579659881374089
 128.3388606591279028 109.0617643669972114 115.2676249907946005   0.3991340135089254
 128.5996428656090454 113.6292324326848802 116.7340524707174982  -0.2341659864910745
 126.9007790712138382 113.3986858443464877 115.6852544663912040   0.1655340135089255
 129.0361696025448443 115.8364325571049009 118.1532367972923540  -0.1906659864910745
 127.6302133589074333 117.2688449666172015 118.1910313199707715   0.1698340135089254
 132.2203581382021579 118.8089717657630309 126.3017358867607876   0.5972340140577036
 134.3670870263366919 118.2023696767742996 126.9669194859010756  -0.5679659881374090
 130.7747176457523993 120.3793341830515836 127.5602934919523353  -0.4157659864910745
 129.0342798764109140 120.8801116085407163 126.9555811290975477   0.2718340135089254
 129.1060894694999154 124.7578296353471380 126.9650297597671453   0.0235340135089254
 128.5467305338592393 118.1796929631672436 131.2660464405719076   0.2718340135089254
 126.9480222245618534 113.2134926832221935 132.6228698047273730  -0.0430659864910745
 125.0431782815692399 112.6522440214475872 133.1671109312966873   0.0235340135089254
 126.8516461917318658 114.4871680974851297 131.0071539602246951   0.0235340135089254
 128.4730312146363077 110.8702322771598508 131.9104430522390698  -0.0660659864910746
 127.5621832180862656 109.9102514011278497 130.3325217304148095   0.0185340135089254
 130.3778751576289213 111.4295912128005402 131.3643121995358253   0.0185340135089254
 131.8820971602302500 114.3492180897088776 129.8279648526578430   0.2718340135089254
 135.2174637866012605 111.4541576525415129 127.7946195325585885   0.0341340135089254
 135.1040802185659813 113.2607358365702356 126.8100722167856147   0.0240340135089254
 137.0750645762458589 110.6188987013483192 127.4847044465955003   0.0240340135089254
 133.1822287403680759 109.6759253605216102 126.7779468725089344   0.0017340135089254
 131.3699813779375893 110.3618959471350373 127.4752558159258757   0.0439340135089254
 133.2238027153143270 109.8138753682978623 124.7238145649365542   0.0439340135089254
 133.5752917762236932 106.3915813397664753 127.6982434997286008  -0.2737659864910745
 131.6043074185438154 105.1783771617890394 125.1679002064080472  -0.0536659864910745
 132.4055512993264387 105.7226182883583537 123.3499836655757967   0.0683340135089254
 131.5154902902495223 103.1242448542166324 125.2907324051129242   0.0683340135089254
 129.7051326539529660 105.9588340550985102 125.3417550107288001   0.0683340135089254
 134.0458335835700759  72.7884712263787811 122.2293760681604877   0.0641340135089254
 143.3036019136502905  84.1948581707274599 113.4969516033103920  -0.8627659859422964
 142.5439320078139454  85.6310500325076077 114.4985064542886576   0.4477340135089254
 143.2053361546863996  84.1891889923256959 111.5902179341838481   0.4477340135089254
 138.0274865477421523  85.8540377163103194 123.2914021554242267  -0.5894659853935182
 134.0477233097040062  88.2313131927832458 126.1505577960470906  -0.0875659864910746
 134.0477233097040062  88.4127269016396929 124.0983152146086139   0.0968340135089254
 131.6704478332310796  86.9085048990383776 126.9423530461600895   0.2984340135089255
 130.0244963705856517  87.9421850942932967 126.2582721856806062  -0.0297659864910745
 131.6855656423024414  84.2383218718076415 125.7896201044681268  -0.3192659864910745
 133.3296273788139390  83.2046416765527222 126.4718112388137067   0.0790340135089254
 129.9696943127019422  83.2405464730972230 126.3433098617070657   0.0790340135089254
 131.7668238660610402  84.3762718795838936 123.7354877968957198   0.0790340135089254
 129.7769422470419673  85.9806493672830435 130.4402361200483248   0.0790340135089254
 134.0344952267665480  90.8334660791928143 127.3240777252121788   0.5972340140577036
 132.2732704699519371  92.5342195997219382 126.5492900103044719  -0.4157659864910745
 131.0090436863586254  92.1071414934557371 125.1849077416133391   0.2718340135089254
 132.2940574574250896  95.0740115237121030 127.5432859567470434  -0.0014659864910746
 133.1954568233055072  97.1035773915435239 125.6630084534954162  -0.0152659864910746
 132.2184684120682276  96.9164945042853264 123.8583199956006238   0.0294340135089254
 132.9479026997618227  99.0178699652057619 126.3811043843854832   0.0294340135089254
 135.9393391697591882  96.5857924308490992 125.3020707619164523  -0.0011659864910746
 139.4353325175134936  95.3952649664787190 122.7112562323104251  -0.2341659864910745
 140.1779948881445467  94.8113395910970435 120.8801116085407163   0.1655340135089255
 136.8936508673894119  95.8639170476911849 122.9928254262646665  -0.1906659864910745
 135.6256446315282396  95.6636060774955292 121.3827787601637795   0.1698340135089254
 129.7523758073010079  95.8242327988788371 128.5580688906627672   0.5972340140577036
 127.9155620051295352  94.4031587461700646 128.4503545010292519  -0.5679659881374090
 129.3706511282488916 103.5532126866167637 130.5536196880836043  -0.3192659864910745
 127.8834366608528816 104.0502106598380494 129.2194730375351948   0.0790340135089254
 130.9844772466176393 102.7897633285125715 129.5274983973643795   0.0790340135089254
 125.3833289856750512  99.9268282356218738 129.2686059170171670   0.5972340140577036
 124.8258597761683055  98.6361452861536592 127.4242332103100269  -0.5679659881374090
 124.1587864508940874 102.0848954805599491 129.8582004708005931  -0.4157659864910745
 125.1508926712027554 103.0902297838060485 131.1413245157331270   0.2718340135089254
 121.7456061778766468 103.0562147133954647 129.0380593286787745  -0.0875659864910746
 120.1809129389898580 101.8411208092841118 129.6030874427212144   0.0968340135089254
 121.2486082046553744 105.6867134918138529 130.0037093831125261   0.2984340135089255
 119.4325813899570408 106.3575662693558915 129.3007312612938205  -0.0297659864910745
 121.1975855990394987 105.6243525293944494 132.9063287248155716  -0.3192659864910745
 123.0136124137378189 104.9534997518524108 133.6111965727681804   0.0790340135089254
 120.8385376335944518 107.5197478417174652 133.6282041079734724   0.0790340135089254
 119.7047019532416980 104.3544565673993736 133.5412767058131094   0.0790340135089254
 123.2536076327458092 107.4876224974408116 128.9095579515721067  -0.3192659864910745
 123.1440035169783904 107.4706149622355196 126.8535359178657961   0.0790340135089254
 122.9096774763721372 109.3981356188351890 129.5974182643194505   0.0790340135089254
 125.1282159575956994 106.8715717777824824 129.5029319576233932   0.0790340135089254
 121.4167938305743634 103.1129064974131043 126.2072495800647305   0.5972340140577036
 119.3191978219217613 103.5928969354291115 125.3285269277913419  -0.5679659881374090
 123.3896679143881445 102.9012571704139341 124.6671227809189143  -0.3479659864910745
 124.9619200578106140 102.2474119280771740 125.5269481718530807   0.2746340135089254
 123.3499836655757967 102.8634626477355030 121.8835561856529124  -0.2637659864910745
 123.0948706374964180 104.7739757691298940 121.1673499808967487   0.1559340135089254
 125.9445776474496844 101.9129304023731131 120.9273547618887450  -0.0007659864910746
 127.3297469036139429 101.9866297215960448 122.4561432042310464   0.0326340135089254
 125.7952892828698907  99.9457254969610960 120.3245321251678741   0.0326340135089254
 126.9669194859010756 103.5362051514114719 118.7447210772097104   0.0389340135089254
 125.5874194081385542 103.6023455660987093 117.2178223610013393   0.0284340135089254
 127.2673859411945392 105.4561669034754604 119.4382505683588047   0.0284340135089254
 129.4915936008198653 102.5214222174957613 117.7299381432939866   0.0485340135089254
 130.3155141952095175 103.9443859963384644 116.4808291687720499   0.0686340135089254
 130.7822765502880665 102.2360735712736461 119.3154183696539277   0.0686340135089254
 129.1382148137765957 100.1592645500941965 116.2918565553799221  -0.5295659864910744
 127.5924188362290158 100.0553296127285282 115.1844770409020713   0.3455340135089254
 130.5876347584941882  98.1202500515931646 116.3164229951208947   0.8075340146064817
 132.6606643274057905  97.8915931893886889 117.6184443013926375  -0.8627659859422964
 133.3882088889654821  99.3372336818384478 118.6559039489154036   0.4477340135089254
 133.5450561580809430  96.1946191211274121 117.5598627912410809   0.4477340135089254
 129.9621354081662479  96.1606040507168283 114.9766071661707345  -0.8627659859422964
 128.4390161442257238  96.1813910381899539 113.8522201164875785   0.4477340135089254
 131.1337656111974328  94.6431539651780547 115.0295194979205271   0.4477340135089254
 121.1711294331645823 101.2798721475094922 120.8158609199873958   0.7340340118625910
 119.6026567420099465 102.1812715133899366 119.3739998798054842  -0.5894659853935182
 120.8914499653442444  98.9536192766524280 121.7418267256088130  -0.4157659864910745
 122.1689048318750143  98.3337891047262653 123.0136124137378189   0.2718340135089254
 118.7995231350934199  97.2887705526678047 120.9972746288438296  -0.0014659864910746
 118.6880292931920708  97.2849911003999709 118.9374731428696720   0.0875340135089254
 119.3513231661984285  94.5902416334282621 121.9270198867330938  -0.0152659864910746
 118.9809368439498669  94.5467779323480673 123.9546960284305844   0.0294340135089254
 118.0077278849804210  93.3052278623618114 121.0369588776561774   0.0294340135089254
 122.0082781104916929  93.5641203427090239 121.4678164361902391  -0.0011659864910746
 122.9852665217289992  93.4658545837451195 118.9790471178159366  -0.1906659864910745
 121.8608794720458564  94.1461559919567691 117.4502586754736485   0.1698340135089254
 125.3889981640768152  92.4302846623562699 118.4688210616572061  -0.2341659864910745
 126.0900865597616174  92.3112319159192265 116.5847641061377182   0.1655340135089255
 126.9385735938922557  91.3682585750925309 120.6476752940684071   0.3225340135089255
 129.2232524898030553  90.2419817992754579 120.2678403411502345  -0.5579659881374089
 129.4178942815969336  88.8416947340398109 121.4111246521725994   0.3991340135089254
 125.8009584612716549  91.5477825578150477 123.2725048940850314  -0.2341659864910745
 126.7836160509106983  90.8485838882641892 124.8882207385876825   0.1655340135089255
 123.4010062711916724  92.6532723461589816 123.5597432664410636  -0.1906659864910745
 122.6186596517482714  92.7685456403281779 125.4192337822195654   0.1698340135089254
 116.1746935350767956  98.1807212878786380 121.9383582435366217   0.5972340140577036
 114.2604009614145708  97.1848356153021364 121.0671944957989274  -0.5679659881374090
 116.0575305147736823  99.8417905595954277 123.7581645105027758  -0.4157659864910745
 117.5806497787142064  99.9797405673716664 124.8995590953912104   0.2718340135089254
 113.7671824404611324 101.1627091272063792 124.4819296197946337  -0.0237659864910746
 112.1628049527619824  99.8871439868095260 124.2740597450632970   0.0879340135089254
 113.8503303903536616 101.8959228671678213 127.2957318332033591   0.0341340135089254
 115.6776955618555097 102.6726003082094583 127.8059578893621164   0.0240340135089254
 112.4916173000642792 103.3944756913673725 127.6150955498360716   0.0240340135089254
 113.2796330979094443  99.6868330166138835 129.0890819342946502   0.0017340135089254
 114.7120455074217583  98.2260747150927498 128.8453072630187996   0.0439340135089254
 113.4345906408909883 100.3917008645665059 131.0203820431621533   0.0439340135089254
 110.1653644292072150  98.2752075945747087 128.7527106824566458  -0.2737659864910745
 110.9458213225166994  95.3669190744698993 127.1351051118200644  -0.0536659864910745
 112.0683186460659251  94.1820607885012696 128.3879935386098481   0.0683340135089254
 109.2072732793091442  94.3785923064290783 126.6456660431344596   0.0683340135089254
 112.0097371359143685  95.7637615625933637 125.4173440560856351   0.0683340135089254
 113.1511317208028031 103.4266010356440395 122.8303089787474416   0.5972340140577036
 110.9703877622576721 103.7743106442855451 122.0970952387860129  -0.5679659881374090
 115.0540859376614998 105.4070340239935150 122.3333110055261694  -0.4157659864910745
 116.7831853501994438 105.1897155185925673 123.1062089942999459   0.2718340135089254
 114.5665365951098119 107.5291964723870762 120.6382266633987959   0.0336340135089254
 112.9413721199375362 108.6157889993917881 121.3808890340298492   0.0822340135089254
 116.8890100136990290 109.2356191713179642 120.5531889873723363  -0.1825659864910745
 117.1686894815193803 110.0236349691631292 122.4202384076865324   0.0602340135089254
 118.5557484638175826 108.1679239056524612 119.9806019687942023   0.0602340135089254
 116.5753154754681072 110.7776356965977104 119.2209320629578570   0.0602340135089254
 113.8503303903536616 106.6126792974352701 118.0341840508553106   0.5972340140577036
 112.0758775506016059 107.6482492188241196 117.0364086521448921  -0.5679659881374090
 115.2033743022412800 104.7531887816567549 117.0194011169396002  -0.4157659864910745
 116.7945237070029717 104.1390277881323427 117.9000134953469057   0.2718340135089254
 114.7649578391715507 103.8574585941780879 114.4399249441370877  -0.0275659864910745
 115.3148681441426292 105.3446730615741113 113.1208961026600531   0.1122340135089255
 116.3050846383173669 101.4442783211606474 113.9372577925140381  -0.0050659864910746
 116.0461921579701544 100.1554850978263494 115.5265174711418128   0.0338340135089254
 115.4811640439277010 100.5126433371374662 112.2931960560025537   0.0338340135089254
 119.0848717813155352 101.6351406606866921 113.3949063920786405  -0.1415659864910745
 120.5172841908278358 103.7497442045445724 113.2418385752310134  -0.1638659864910745
 119.8388725087501029 105.6526984214032691 113.5725406486672404   0.2061340135089254
 122.9588103558540828 103.1072373190113403 112.5464193579480022  -0.3418659864910745
 124.3383104336166040 104.3960305423456383 112.2270556413153028   0.3411340135089254
 123.2290411930048230 100.5315405984766750 112.2535118071902058   0.1379340135089255
 125.2548276085684103  98.9744062641255670 111.5202980672287637  -0.2601659864910745
 127.0179420915169513  99.7926576801134687 110.9855055713290470   0.1571340135089254
 124.8957796431233766  96.3420177595732618 111.3672302503811365  -0.1134659864910745
 126.3886632889211774  95.1401519383993404 110.7303925432496683   0.1416340135089255
 122.5449603325253398  95.2705430416399116 111.9889501484412296  -0.1972659864910745
 122.2917370305798913  93.2712127919512275 111.8717871281381164   0.1446340135089255
 120.5021663817564741  96.8182287453214220 112.7051563531973798  -0.2387659864910746
 118.7050368283973626  96.0018670554674371 113.1284550071957474   0.1699340135089255
 120.7912944802464232  99.5413241043019373 112.8336577303040343   0.1242340135089254
 111.9719426132359376 103.2603051358589676 113.9410372447818851   0.5972340140577036
 111.0573151644180485 103.6552578978485019 111.8396617838614494  -0.5679659881374090
 110.3902418391438436 102.2908756291573690 116.0745380499789743  -0.4157659864910745
 111.1196761268374521 101.9488351989176139 117.8055271886508484   0.2718340135089254
 107.7313971687166488 101.8203338218109727 115.6739161095876761  -0.0518659864910745
 107.5972266132082439 100.5579967643515780 114.0525310866832342   0.0921340135089254
 106.2196162615796528 100.8433454105736798 118.0285148724535467  -0.1102659864910745
 106.4123683272396142 102.2436324758093269 119.5308471489209451   0.0456340135089254
 104.2429627254980110 100.8849193855199580 117.4445894970718846   0.0456340135089254
 106.4822881941946988  98.3224507479227372 119.4004560456803738   0.3530340135089254
 106.5011854555339076  96.7558677829020183 118.0814272042033393  -0.0361659864910746
 108.7953129821143181  98.3356788308601820 121.0653047696649971  -0.4121659864910745
 108.4872876222851469  99.5885672576499792 122.6696822573641471   0.0999340135089254
 109.1845965657020885  96.4383937924032495 121.7607239869480352   0.0999340135089254
 110.3807932084742460  99.0197596913396788 119.9692636119906742   0.0999340135089254
 104.2543010823015389  98.0597788153076777 121.2334903955839861  -0.4121659864910745
 102.5837831799151517  97.4399486433815150 120.2243766400700395   0.0999340135089254
 104.7135045328444071  96.7086246295539896 122.7055870539086611   0.0999340135089254
 103.8612380464459215  99.8569083686667892 122.1613459273393200   0.0999340135089254
 106.3084333898739459 104.2543010823015389 115.2619558123928366   0.5972340140577036
 104.9346024905132021 104.5131935626487514 113.4024652966143213  -0.5679659881374090
 106.5843334054264502 106.1383580378210268 116.9929449510646972  -0.4157659864910745
 107.9506054002515134 105.9739518641698851 118.3270916016131069   0.2718340135089254
 105.1783771617890394 108.5364205017671059 116.8058620638064995  -0.0875659864910746
 103.1960544473056471 108.0564300637510986 116.5261825959861482   0.0968340135089254
 105.2539662071458878 110.0538705873058658 119.2984108344486359   0.2984340135089255
 104.4130380775509301 108.8746814797390003 120.7648383143715201  -0.0297659864910745
 107.9052519730374017 110.7719665181959465 120.1941410219273028  -0.3192659864910745
 107.7748608697968304 111.9152508292182980 121.9024534469921077   0.0790340135089254
 108.9408218944262511 109.0560951885954475 120.6495650202023240   0.0790340135089254
 108.9030273717478202 111.8358823315936024 118.7428313510757801   0.0790340135089254
 103.6590373501163489 112.4632714080554593 119.1226663039939526  -0.3192659864910745
 103.5532126866167637 113.3684502262037375 120.9745979152367736   0.0790340135089254
 104.4772887661042506 113.7879694279342578 117.7752915705080984   0.0790340135089254
 101.7504139548558883 111.9681631609680906 118.5311820240765963   0.0790340135089254
 105.9758415903038020 110.0406425043684210 114.4588222054763098   0.5972340140577036
 104.3298901276584009 110.9193651566417964 113.0660940447763436  -0.5679659881374090
 108.4135883030622152 110.0859959315825330 113.8408817596840504  -0.4157659864910745
 109.6891534434590684 109.3130979428087294 115.0559756637954167   0.2718340135089254
 108.8217691479892077 113.3174276205878752 111.6147843739248210   0.0863340135089254
 108.3852424110533955 110.2163870348230909 109.1335739600862128   0.5972340140577036
 107.4422690702266997 111.5845487557820842 107.4989608542443395  -0.5679659881374090
 108.3871321371873256 107.6992718244399818 108.8784609320068475  -0.4157659864910745
 109.1959349225056163 106.6259073803727149 110.2504021052336745   0.2718340135089254
 107.2608553613702527 106.4463833976501981 106.6920477950599657   0.0336340135089254
 108.1074526693669743 107.2381786477631970 104.9875148222629947   0.0822340135089254
 107.8731266287607482 103.6174633751700842 106.8167697198987597  -0.1825659864910745
 107.0435368559693184 102.6499235946024025 105.1991641492621649   0.0602340135089254
 109.9140308533956970 103.3358941812158160 106.7884238278899398   0.0602340135089254
 107.0964491877191110 102.8029914114500298 108.5458691324367034   0.0602340135089254
 104.3884716378099574 106.8923587652556080 106.5163032646052827   0.5972340140577036
 103.3831373345638446 107.1058978183887088 104.4243764343544580  -0.5679659881374090
 102.9503900498958795 107.2457375522988910 108.7707465423733320  -0.4157659864910745
 103.8045462624282819 107.0775519263798888 110.4696103367685392   0.2718340135089254
 100.2915453794686847 107.8485601890197621 108.7159444844896225   0.0212340135089254
  99.3202261466331557 106.3991402443021694 107.6217930529492166   0.1123340135089254
  99.1539302468480839 107.6388005881545086 111.3804583333185812  -0.1231659864910745
 100.3539063418880750 108.5836636551151345 112.7599584110811027   0.1111340135089254
  97.2906602788017350 108.5194129665618138 111.3936864162560395   0.1111340135089254
  98.8081103643404950 104.3223312231227066 112.1968200231725662  -0.3119659864910745
  97.9199390813975089 104.6398052136214756 114.5419701553688390   0.1932340135089254
  99.9891891980412774 110.4563822538310944 107.6558081233598004   0.5972340140577036
  98.2582000593694167 110.9382624179810185 106.1856011911690689  -0.5679659881374090
 101.5444338062584684 112.2629604378598036 108.4986259790886748  -0.4157659864910745
 102.9711770373690185 111.7470652032993090 109.6778150866555405   0.2718340135089254
 101.5066392835800510 114.9010181208138727 107.6709259324311621  -0.0252659864910746
  99.7189583608905372 115.7702921424176501 108.2076081544648090   0.0697340135089254
 103.0505455349937007 115.9195805069974301 108.5779944767133704   0.0697340135089254
 101.8278927263466536 115.1202263523487372 104.8136600179422417   0.5972340140577036
 100.1573748239602664 116.1501270953358227 103.5569921388845975  -0.5679659881374090
 103.8158846192318098 113.9391475186479548 103.7780900965533923  -0.4157659864910745
 105.1216853777713996 113.1700289821420121 104.9591689302541747   0.2718340135089254
 104.2731983436407611 113.8446612119518977 101.0436563807693358  -0.0518659864910745
 104.5490983591932654 115.7627332378819693 100.3350090805488663   0.0921340135089254
 106.6863786166582018 112.3083138650739154 100.4654001837894376  -0.1102659864910745
 106.4237066840431423 110.3713445778046348 101.1211351522601144   0.0456340135089254
 106.8885793129877744 112.2440631765205949  98.4131576023509609   0.0456340135089254
 109.1713684827646437 113.3287659773913897 101.5916769596064971   0.3530340135089254
 109.1713684827646437 113.0339687004996766 103.6136839229022372  -0.0361659864910746
 111.4277014866666233 111.8415515099953663 100.5579967643515780  -0.4121659864910745
 113.1813673389455400 112.6957077225277822 101.2156214589561716   0.0999340135089254
 111.3332151799705526 109.9102514011278497 101.2590851600363666   0.0999340135089254
 111.3974658685238733 111.8188747963883104  98.5057541829131011   0.0999340135089254
 109.4907321993973294 116.1652449044071978 101.1740474840099070  -0.4121659864910745
 111.4692754616128880 116.7151552093782760 101.3138872179200759   0.0999340135089254
 108.6819294140790389 116.8020826115386525  99.3995946442578513   0.0999340135089254
 108.4986259790886748 117.1025490668321429 102.7028359263521951   0.0999340135089254
 102.0319831488101565 112.7353919713401166  99.5961261621856600   0.5972340140577036
 101.0701125466442388 113.9164708050408990  97.8462397621745772  -0.5679659881374090
 101.0020824058230710 110.5905528093394995 100.4672899099233543  -0.4157659864910745
 101.6729351833651096 109.7345068706731801 102.0357626010779902   0.2718340135089254
  99.0254288697414427 109.3622308222906884  99.0783412014912353  -0.0597659864910745
  99.5942364360517433 109.0995588896756289  97.1168054744809821   0.0868340135089254
  98.4944158261095732 106.7260628654705362 100.2424124999867259   0.1302340135089254
  98.5133130874487820 106.9339327402018862 102.2946550814252026   0.0186340135089254
  95.8865937612982409 105.6243525293944494  99.5677802701768403  -0.3204659864910745
  95.6295910070849454 105.5997860896534765  97.5249863194079612   0.0881340135089254
  95.7410848489863079 103.7100599557322246 100.3161118192096576   0.0881340135089254
  94.3937101155004534 106.7581882097472031 100.4219364827092426   0.0881340135089254
 100.6033501915656897 104.8231086486118395  99.5356549259001732  -0.0430659864910745
 102.4326050892014547 105.6810443134120890  99.9192693310861930   0.0235340135089254
 100.4294953872449368 103.1752674598325081 100.7601974606811506   0.0235340135089254
 100.6449241665119542 103.8895839384547415  96.7842136749108382  -0.0660659864910746
 100.8112200662970263 105.4750641648146691  95.4803026425051787   0.0185340135089254
 102.2738680939520770 102.6537030468702495  96.5196520161618618   0.0185340135089254
  98.9385014675810663 102.8181092205213913  96.3590252947785539   0.0185340135089254
  96.7501986045002543 111.0346384508109925  99.0310980481432067   0.5972340140577036
  95.5615608662637911 111.3464432629079974  97.0582239643294121  -0.5679659881374090
  96.0887944576278135 112.1835919402351214 101.1986139237508797  -0.4157659864910745
  97.1243643790166630 111.9795015177716185 102.7897633285125715   0.2718340135089254
  93.8778148809399456 113.7463954529879933 101.2968796827147841  -0.0249659864910746
  92.2583195841694341 112.6314570339744483 100.6864981414582190   0.0842340135089254
  93.3411326589063122 114.7838551005107597 103.9632832576776731   0.2116340135089254
  93.1275936057732115 113.2116029570882766 105.2766429207529437   0.0351340135089254
  94.9152745284627119 115.9706031126133060 104.5623264421307101   0.0351340135089254
  94.2104066805100895 115.9687133864793891  99.5621110917750762   0.5972340140577036
  96.5007547548226530 117.0931004361625319  99.4789631418825469  -0.4157659864910745
  97.9671822347455373 116.3731147791385344 100.4672899099233543   0.2718340135089254
  96.9448403962941461 119.2832930253772608  97.9218288075314256  -0.0518659864910745
  95.5842375798708470 120.7421616007644644  98.4358343159580167   0.0921340135089254
  99.6263617803283968 120.3642163739802219  98.2317438934945137  -0.1102659864910745
  99.6169131496587991 120.8517657165318966 100.2329638693171147   0.0456340135089254
 101.1268043306618784 119.0017238314229925  97.8632472973798690   0.0456340135089254
 100.0874549570051817 122.7679480163280381  96.6500431194024331   0.3530340135089254
  99.3920357397221571 122.4410253951596849  94.7395299980080421  -0.0361659864910746
  98.7192932360462018 125.0601858167745317  97.7989966088265485  -0.4121659864910745
  99.4147124533292130 125.3889981640768152  99.7095097302209395   0.0999340135089254
  99.0802309276251522 126.7269242668930853  96.6424842148667388   0.0999340135089254
  96.6935068204826147 124.6916892206598738  97.8594678451120220   0.0999340135089254
 102.9088160749496148 123.2139233839334614  96.1643835029846619  -0.4121659864910745
 103.6930524205269328 121.6076561701004081  95.1401519383993404   0.0999340135089254
 103.1507010200915354 124.9260152612661268  95.0437759055693663   0.0999340135089254
 103.8914736645886584 123.4255727109326318  97.9634027824777037   0.0999340135089254
  96.7105143556879065 118.6143299739691391  95.1647183781403266   0.5972340140577036
  97.9974178528882741 116.5639771186645791  94.3596950450898696  -0.5163659864910745
  98.8780302312955796 115.4547078780527980  95.6390396377545563   0.2935340135089254
  98.1372575867984566 115.8666681752476377  91.7348654450732452   0.0380340135089254
  98.9101555755722465 117.4426997709379677  90.6577215487381311   0.0879340135089254
  99.8380111073275805 113.5328563998548926  91.3210154217445022  -0.0303659864910745
  99.1822761388569036 111.9662734348341737  92.4850867202399928  -0.0122659864910746
  99.7662015142385657 112.9886152732855649  89.3349132549932629  -0.0122659864910746
 102.5497681095045812 114.1923708205934033  92.0372216265006525   0.7993340124113690
 103.1658188291629103 116.4883880733077307  92.1373771115984738  -0.8014659853935182
 104.0388723030345215 112.3971309933682219  92.5153223383827294  -0.8014659853935182
  94.0176546148501279  99.0537747617502626  99.3240055989010030   0.0042340135089254
  94.2160758589118535  96.5857924308490992 104.5679956205324743  -0.5679659881374090
  93.6699450062086089 100.9416111695375842 107.4025848214143521   0.0977340135089254
  92.0995825889200563 108.4022499462586873 106.0854457060712343  -0.1704659864910745
  93.4658545837451195 109.8781260568511962 106.5276416214088106   0.1429340135089254
  91.9162791539296924 106.3046539376060989 107.6047855177439247  -0.1256659864910745
  93.1389319625767393 106.1156813242139845 109.2526267065232562   0.1329340135089254
  93.6982908982174288  97.6988411237287273 110.8362172067492669  -0.5679659881374090
  94.3483566882863417  90.0246632938745236 107.5102992110478674  -0.0275659864910745
  94.1952888714387144  88.3711529266934282 108.7291725674270673   0.1122340135089255
  94.0252135193858087  89.1761762597438717 104.7456298771210740  -0.0050659864910746
  93.8532484411989727  90.7937818303804665 103.4814030935277490   0.0338340135089254
  95.6503779945580844  88.0404508532572010 104.1862709414803848   0.0338340135089254
  93.0860196308269467  80.6705189309643215 103.5021900810008880  -0.1972659864910745
  94.6223669777049291  79.2985777577374944 103.4681750105903042   0.1446340135089255
  93.6888422675478312  83.1687368800082216 103.9160401043296445  -0.2387659864910746
  95.6560471729598484  83.7148677327114528 104.1900503937482184   0.1699340135089255
  97.0298780723205922  90.9052756722818157 107.9109211514391656   0.5972340140577036
  98.6588219997607149  89.3594796947342356 108.5118540620261196  -0.5679659881374090
  97.6043548170326568  93.3656990986472848 107.5329759246549234  -0.4157659864910745
  96.2494211790111214  94.6355950606423739 107.0907800093173470   0.2718340135089254
 100.1857207159690861  94.2406422986528262 107.7257279903148848   0.0336340135089254
 101.3044385872504649  93.1389319625767393 106.3915813397664753   0.0822340135089254
 100.5031947064678551  97.0620034165972592 107.0983389138530279  -0.1825659864910745
  99.4071535487935322  98.1901699185482492 108.4287061121335904   0.0602340135089254
 102.4930763254869416  97.5778986511577672 107.2362889216292800   0.0602340135089254
  99.8342316550597334  97.4191616559083760 105.1840463401908033   0.0602340135089254
 101.2212906373579357  93.8589176196007369 110.3411089596618982   0.5972340140577036
 103.3113277414748433  92.8800394822295271 110.6453548672232222  -0.5679659881374090
  99.7699809665064129  94.5751238243568870 112.3102035912078457  -0.4157659864910745
  98.0276534710310242  95.2969992075148147 112.0191857665839663   0.2718340135089254
 100.6449241665119542  94.3181210701436051 114.8670030504032889  -0.0875659864910746
 102.4722893380138026  95.2289690666936471 115.1429030659557932   0.0968340135089254
  98.8270076256797037  95.3234553733897042 116.8077517899404165   0.2984340135089255
  99.5356549259001732  94.9209437068644759 118.6993676499955986  -0.0297659864910745
  98.5700048714664218  98.1977288230839299 116.4600421812989108  -0.3192659864910745
  97.8613575712459523  98.6002404896091584 114.5684263212437420   0.0790340135089254
  97.2547554822572342  98.9441706459828304 117.8584395204006410   0.0790340135089254
 100.4105981259057147  99.0877898321608465 116.7057065787086785   0.0790340135089254
  96.3212307721001228  93.8778148809399456 116.5639771186645791  -0.3192659864910745
  96.6519328455363500  91.8709257267155807 116.8852305614311951   0.0790340135089254
  95.5502225094602632  94.1518251703585330 114.6742509847433272   0.0790340135089254
 101.0247591194301270  91.5666798191542565 115.3810085588298800   0.5972340140577036
 102.7973222330482656  90.8410249837284952 116.6962579480390673  -0.5679659881374090
  99.3599103954455035  89.9509639746515920 114.3378797329053497  -0.4157659864910745
  97.9936384006204403  90.5840222295152130 113.1662495298741648   0.2718340135089254
  99.5073090338913534  87.2883398519565501 114.8216496231891906   0.0336340135089254
  99.3372336818384478  86.9274021603775863 116.8417668603510003   0.0822340135089254
  97.4305000127119039  85.8011253845605268 113.4345906408909883  -0.1825659864910745
  97.5873472818273647  86.1299377318628237 111.4069144991934843   0.0602340135089254
  97.6497082442467685  83.7904567780683146 113.8219844983448417   0.0602340135089254
  95.5804581276029998  86.4285144610223703 114.0903256093616651   0.0602340135089254
 101.9960783522656424  86.2811158225765206 113.9089119005052181   0.5972340140577036
 103.2697537665285786  84.9072849232157631 115.2846325259998923  -0.5679659881374090
 102.7444099012984596  86.8215774968780011 111.6110049216569738  -0.4157659864910745
 101.6597071004276648  87.9894282476413253 110.5433096559914708   0.2718340135089254
 105.1670388049855113  85.9258473093993207 110.6113397968126385  -0.0014659864910746
 105.2501867548780407  83.9113992506392749 111.0233000940074646   0.0875340135089254
 105.3446730615741113  86.2924541793800485 107.7276177164488018  -0.0152659864910746
 106.0041874823126219  84.5217807918958266 106.9528300015410949   0.0294340135089254
 103.4587263799206932  86.6155973482805815 106.9755067151481509   0.0294340135089254
 107.0983389138530279  88.3295789517471501 106.7071656041313273  -0.0011659864910746
 106.0155258391161498  90.5991400385865746 105.8548991177328417  -0.1906659864910745
 104.0256442200970767  90.7578770338359658 105.9248189846879263   0.1698340135089254
 107.4838430451729644  92.6192572757483979 104.9534997518524108  -0.2341659864910745
 106.6485840939797707  94.3596950450898696 104.3960305423456383   0.1655340135089255
 110.3165425199209253  92.2772168455086562 104.8136600179422417   0.3225340135089255
 111.8226542486561576  94.1272587306175603 103.8820250339190606  -0.5579659881374089
 113.5763201009350742  93.7474237776993877 104.1768223108107736   0.3991340135089254
 111.3917966901221093  89.7582119089916171 105.6621470520728803  -0.2341659864910745
 113.3646707739359038  89.4067228480822642 105.5714401976446568   0.1655340135089255
 109.7288376922714162  87.9006111193470322 106.5711053224890054  -0.1906659864910745
 110.4733897890363864  86.1356069102645876 107.1833765898794874   0.1698340135089254
 107.4403793440927696  87.0899186078948111 111.9700528871020207   0.5972340140577036
 109.3357746564157854  85.7841178493552348 112.2761885207972618  -0.5679659881374090
 107.2797526227094749  89.4142817526179585 112.9073570495269526  -0.4157659864910745
 105.6848237656799360  90.4120571513283770 112.5936625112960306   0.2718340135089254
 109.2998698598712846  90.5953605863187409 114.3700050771820032  -0.0597659864910745
 111.0762124257572707  90.3591448195785844 113.2966406331147361   0.0868340135089254
 108.9653883341672238  93.4753032144147305 114.5665365951098119   0.1302340135089254
 107.0851108309155831  93.8324614537258473 115.3205373225443931   0.0186340135089254
 110.9496007747845464  94.5959108118300261 116.3750045052724513  -0.3204659864910745
 110.5584274650628459  94.0195443409840448 118.3138635186756621   0.0881340135089254
 112.8393269087057983  93.9363963910915156 115.8855654365868465   0.0881340135089254
 110.9193651566417964  96.6519328455363500 116.2767387463085469   0.0881340135089254
 109.1675890304967966  94.8226779479005716 111.9700528871020207  -0.0430659864910745
 108.5061848836243556  96.7596472351698655 112.1987097493064831   0.0235340135089254
 107.9071416991713186  93.9099402252166126 110.6283473320179304   0.0235340135089254
 111.8018672611830185  94.9285026114001702 110.7455103523210434  -0.0660659864910746
 113.1190063765261362  95.9735211634586172 111.9341480905575067   0.0185340135089254
 112.5199631920730992  93.0293278468093071 110.4166980050187466   0.0185340135089254
 111.6582480750050159  95.9054910226374496 108.9389321682923342   0.0185340135089254
 109.6759253605216102  89.2574344835024842 116.8606641216902225   0.5972340140577036
 111.8585590452006582  88.6942960955939612 117.5409655299018720  -0.5679659881374090
 107.5915574348064799  88.4958748515322222 118.2004799506403827  -0.4157659864910745
 105.8397813086614802  89.0231084428962580 117.6581285502049853   0.2718340135089254
 107.8617882719572203  87.1201542260375480 120.5399609044348916  -0.0518659864910745
 109.1959349225056163  88.1519446951585636 121.7229294642695909   0.0921340135089254
 105.3824675842525287  86.7592165344585975 122.0309548240987487  -0.1102659864910745
 104.0426517553023687  86.3907199383439529 120.5116150124260718   0.0456340135089254
 105.4656155341450716  85.1246034286167109 123.2819535247546290   0.0456340135089254
 104.5188627410505153  89.0949180359852594 123.5408460051018414   0.3530340135089254
 102.6480338684684856  88.7283111660045450 124.3213028984113122  -0.0361659864910746
 106.3745738045611833  89.6656153284294767 125.7008029761738336  -0.4121659864910745
 108.2454026771432265  90.0322221984102045 124.9203460828643628   0.0999340135089254
 105.7282874667601176  91.3210154217445022 126.7420420759644470   0.0999340135089254
 106.4671703851233371  88.0480097577928953 126.9725886643028396   0.0999340135089254
 104.0521003859719663  91.3871558364317396 121.8268644016352726  -0.4121659864910745
 102.5856729060490820  90.9317318381567187 120.4549232284084320   0.0999340135089254
 103.4473880231171651  92.9896435979969593 122.9720384387915410   0.0999340135089254
 105.7925381553134381  91.8709257267155807 120.8366479074605349   0.0999340135089254
 108.9238143592209593  84.5406780532350488 120.0089478608030220   0.5972340140577036
 110.5433096559914708  83.6354992350867706 121.4092349260386691  -0.5679659881374090
 108.0715478728224737  83.2726718173738899 117.9718230884359070  -0.4157659864910745
 106.7846443756221061  84.0304519970763047 116.7831853501994438   0.2718340135089254
 109.0371979272562386  80.7952408558031289 117.4143538789291479  -0.0024659864910746
 108.6951574970164837  79.6141620221023465 119.0659745199763130   0.0977340135089254
 107.8598985458232900  79.5026681802009839 115.0862112819381669  -0.0343659864910746
 107.7313971687166488  80.8273662000797824 113.5139591385156839   0.0294340135089254
 108.8595636706676386  77.8075838380736238 114.4758297406816018   0.0294340135089254
 105.2256203151370679  78.7108729300879850 115.6890339186590378   0.0117340135089254
 104.7777552213977278  76.8230365223006501 117.4219127834648288  -0.1256659864910745
 106.3689046261594194  75.9178577041523719 118.3667758504254547   0.1329340135089254
 102.3456776870410783  76.0765946994017631 117.9642641839002262  -0.1704659864910745
 102.0111961613370175  74.5931596842735734 119.3551026184662621   0.1429340135089254
 100.3406782589506302  77.1990920229509756 116.7548394581906239  -0.1072659864910745
  98.4131576023509609  76.6170563737032302 117.1875867428585890   0.1296340135089254
 100.7715358174846785  79.0604722648634210 114.9955044275099433  -0.1704659864910745
  99.1917247695265148  79.9524230000742409 114.0204057424065807   0.1429340135089254
 103.2055030779752447  79.7955757309587800 114.4663811100119907  -0.1256659864910745
 103.5569921388845975  81.2582237586138307 113.0604248663745796   0.1329340135089254
 111.8056467134508656  81.0371258009450493 116.8795613830294312   0.5972340140577036
 113.2682947411059164  79.3439311849516061 117.5031710072234411  -0.5679659881374090
 112.6031111419656418  83.0629122165086230 115.5378558279453409  -0.4157659864910745
 111.2916412050242881  84.3535951659768377 114.9992838797777771   0.2718340135089254
 115.2430585510536278  83.6279403305510764 114.9766071661707345  -0.0252659864910746
 116.0348538011666265  82.1104902450123162 113.8314331290144529   0.0697340135089254
 115.3262065009461571  85.3834959089639232 113.9032427221034542   0.0697340135089254
 116.8663333000919864  83.9454143210498452 117.3463237381079802   0.5972340140577036
 118.8977888940573242  82.8380348065719944 117.4691559368128572  -0.5679659881374090
 115.7929688560247061  85.0698013707330014 119.3380950832609837  -0.4157659864910745
 114.1167817752365547  85.9031705957922648 119.1321149346635638   0.2718340135089254
 117.1535716724480052  85.3986137180352983 121.6832452154572431  -0.0518659864910745
 119.0281799972978955  86.1696219806751579 121.2939616318694862   0.0921340135089254
 115.6606880266502179  87.3166857439653701 123.2989610599599210  -0.1102659864910745
 115.2959708828034204  88.9494091236733264 122.0933157865181525   0.0456340135089254
 113.8295434028805225  86.5211110415845107 123.8072973899847479   0.0456340135089254
 116.9664887851898077  88.2880049768008856 125.7178105113791255   0.3530340135089254
 118.9072375247269352  88.8227974727006021 125.2850632267111603  -0.0361659864910746
 115.5491941847488687  90.6350448351310887 126.6418865908666258  -0.4121659864910745
 113.6330118849527139  90.1153701483027337 127.1917968958377042   0.0999340135089254
 116.5261825959861482  91.4495167988511434 128.2613818876371375   0.0999340135089254
 115.4547078780527980  92.0428908049024165 125.1452234928009914   0.0999340135089254
 116.9475915238505989  86.4133966519510086 127.9250106357991329  -0.4121659864910745
 118.1948107722386187  84.8279164255910810 127.5413962306131400   0.0999340135089254
 117.6467901934014572  87.3355830053045788 129.6295436085961040   0.0999340135089254
 115.0389681285901249  85.7293157914715121 128.2689407921728047   0.0999340135089254
 117.4597073061432463  82.8682704247147312 122.9323541899791932   0.5972340140577036
 119.5062807091799724  82.2238738130475957 123.8280843774578736  -0.5679659881374090
 115.4150236292404636  81.3564895175777350 122.9928254262646665  -0.4157659864910745
 113.8030872370056330  81.9876580463074392 122.1915815454820702   0.2718340135089254
 115.3885674633655606  78.9168530786854049 124.1909117951707409  -0.0275659864910745
 116.0197359920952648  79.1209435011488944 126.1411091653774931   0.1122340135089255
 112.7372816974740469  77.7301050665828585 124.1928015213046712  -0.0050659864910746
 111.8585590452006582  77.8283708255467629 122.3333110055261694   0.0338340135089254
 112.8053118382952144  75.7685693395725919 124.8164111454986811   0.0338340135089254
 110.9968439281325751  79.0963770614079216 125.9899310746637961  -0.1415659864910745
 111.6393508136657937  80.8027997603388096 127.8116270677638803  -0.1638659864910745
 113.6405707894884081  81.2431059495424556 128.0138277640934529   0.2061340135089254
 109.5152986391383157  81.6267203547284754 129.0475079593483722  -0.3418659864910745
 109.4680554857902736  82.8871676860539534 130.4799203688606726   0.3411340135089254
 107.4422690702266997  80.4418620687598457 128.0062688595577587   0.1379340135089255
 104.1220202529270507  77.6016036894762040 125.2812837744433267  -0.1972659864910745
 106.6561429985154516  77.4088516238162425 124.7049173035973320  -0.2387659864910746
 107.2684142659059470  76.1484042924907645 123.1950261225942393   0.1699340135089255
 108.2945355566251854  78.8450434855963901 126.0900865597616174   0.1242340135089254
 117.2027045519299641  77.2331070933615593 122.8189706219439138   0.5972340140577036
 118.3837833856307466  75.5890453568500751 123.9528063022966809  -0.5679659881374090
 117.4011257959916897  77.5184557395836747 120.3018554115608183  -0.4157659864910745
 116.2748490201746300  78.7411085482307219 119.4193533070195960   0.2718340135089254
 119.2190423368239403  76.0992714130088189 118.8675532759145874  -0.0249659864910746
 119.0659745199763130  74.0923822587844405 119.3003005605825526   0.0842340135089254
 118.7503902556114743  76.4715474613912972 116.0310743488987929   0.2116340135089254
 116.9419223454488350  75.6400679624659507 115.5095099359365209   0.0351340135089254
 118.6748012102546125  78.4841057940174263 115.6058859687665084   0.0351340135089254
 120.6968081735503524  75.3830652082526552 114.5608674167080480  -0.6546659875886308
 120.7100362564878106  73.5670383935543350 114.8027523618499684   0.4274340135089254
 121.8287541277691761  77.0006707788892500 119.5724211238672098   0.5972340140577036
 123.6239939549943706  75.5285741205646016 119.6990327748399339  -0.5679659881374090
 122.0952055126520826  79.4781017404600110 120.0864266322937873  -0.4157659864910745
 120.5437403567027388  80.5854812549378620 120.0013889562673412   0.2718340135089254
 124.4705912629911057  80.6327244082858905 120.7440513268983945   0.0336340135089254
 125.8406427100840025  80.2623380860373291 119.2511676811005938   0.0822340135089254
 124.2797289234650609  83.5107773102479633 121.1390040888879288  -0.1825659864910745
 122.9285747377113594  83.9113992506392749 122.6413363653553272   0.0602340135089254
 126.1259913563061045  84.2572191331468636 121.6624582279841174   0.0602340135089254
 123.6485603947353569  84.4046177715927134 119.3928971411446930   0.0602340135089254
 125.4305721390230933  79.4837709188617750 123.1610110521836823   0.5972340140577036
 127.7058024042642683  79.5083373586027479 123.6239939549943706  -0.5679659881374090
 123.7165905355565245  78.5672537439099690 124.8220803239004451  -0.4157659864910745
 121.8571000197779960  78.6749681335434845 124.4044508483038414   0.2718340135089254
 124.4460248232501196  77.4220797067536873 127.1823482651681064  -0.0875659864910746
 125.6082063956116798  78.7203215607575828 128.2821688751102630   0.0968340135089254
 122.2898473044459612  76.5339084238107010 128.8075127403403819   0.2984340135089255
 120.7478307791662283  77.8964009663679170 128.7168058859121584  -0.0297659864910745
 121.3619917726906270  73.9601014294099523 127.8437524120405338  -0.3192659864910745
 120.7251540655591723  74.1452945905342331 125.8935550418338085   0.0790340135089254
 126.0447331325475054  75.1619672505838738 126.5587386409740697   0.5972340140577036
 125.4740358401032747  73.8750637533835062 124.4384659187144253  -0.4157659864910745
 123.7789514979759282  74.2435603494981375 123.6428912163335928   0.2718340135089254
 127.0481777096596745  71.9607711797212682 123.2989610599599210  -0.0249659864910746
 125.9899310746637961  71.0272464695641702 121.7985185096264529   0.0842340135089254
 129.4821449701502677  73.0794890510026469 122.1632356534732503   0.2116340135089254
 130.6140909243690778  73.9052993715262430 123.6731268344763162   0.0351340135089254
 130.5517299619496740  71.5752670484013317 121.2486082046553744   0.0351340135089254
 128.8812120595632868  74.9729946371917460 120.3604369217123749  -0.6546659875886308
 130.4118902280395051  75.6551857715373124 119.6669074305632804   0.4274340135089254
 117.7941888318473205  64.7968194060258084 119.7198197623130730   0.5972340140577036
 116.1917010702820874  66.1933270189936083 118.7655080646828360  -0.5679659881374090
 120.2886273286233736  65.2144488816223985 119.4533683774301798  -0.4157659864910745
 121.1938061467716383  67.3611777697569459 118.0795374780694224  -0.0581659864910746
 120.6609033770058519  69.0751593732235147 119.0886512335833690   0.1359340135089254
 124.0850871316711557  67.3252729732124451 117.7696223921063344  -0.0074659864910746
 125.0167221156943503  67.3649572220247929 119.6064361942777937   0.0366340135089255
 124.6501152457136225  65.6264091788172380 116.7510600059227768   0.0366340135089255
 125.0979803394529494  69.5268039192307021 116.2994154599156029   0.1867340135089255
 125.0790830781137272  69.6647539270069542 113.6991522996399647  -0.5432659864910745
 126.1656756051184523  71.9021896695697117 113.0679837709102605   0.1634340135089254
 126.3111845174303853  72.3311575019698432 111.0592048905519786   0.1434340135089255
 126.8762126314728521  73.2042109758414542 115.0767626512685558  -0.2795659864910745
 127.7246996656034904  74.9087439486384255 115.2090434806430440   0.3338340135089254
 126.2015804016629665  71.7037684255079861 117.1082182452338934  -0.2207659864910745
 126.5814153545811257  72.3406061326394408 119.0300697234318122   0.1861340135089254
 120.1204417027043712  67.2629120107930416 115.4717154132580900   0.5972340140577036
 119.1604608266723837  69.1488586924464462 114.5060653588243385  -0.5679659881374090
 120.2357149968735675  65.0292557204981177 114.2717393182180989  -0.4157659864910745
 121.0010540811116900  63.5136953610932744 115.1447927920897235   0.2718340135089254
 119.3399848093949004  64.7325687174724879 111.7300576680940172  -0.0275659864910745
 120.2565019843467066  66.1441941395116627 110.5433096559914708   0.1122340135089255
 119.8898951143659786  62.0982904867862524 110.6321267842857640  -0.0050659864910746
 119.2228217890917873  60.6375321852651321 111.9209200076200619   0.0338340135089254
 118.9601498564767278  61.8771925291174711 108.8066513389178462   0.0338340135089254
 122.6677925312302168  61.6012925135649668 110.1993794996177988  -0.1415659864910745
 126.4907085001529288  61.4066507217710748 108.2302848680718648   0.1379340135089255
 128.2273668172265536  61.6731021066539815 106.3405587341506129  -0.2601659864910745
 127.3977770444351105  62.6614288746947889 104.0766668257129524  -0.1134659864910745
 128.7262545165817562  62.8976446414349454 102.5195324913618312   0.1416340135089255
 124.9108974521947383  63.3625172703795775 103.7327366693392806  -0.1972659864910745
 124.2759494711972005  64.1429741636890483 101.9356071159801691   0.1446340135089255
 123.1553418737819183  63.0998453377645180 105.6394703384658243  -0.2387659864910746
 121.2032547774412627  63.6743220824765825 105.3163271695652913   0.1699340135089255
 123.9773727420376402  62.1152980219915443 107.8787958071625121   0.1242340135089254
 116.5375209527896761  65.1709851805422170 111.5864384819160011   0.5972340140577036
 115.6361215869092452  66.3388359313055413 109.7893089285568896  -0.5679659881374090
 115.0786523774024727  64.2431296487868829 113.4553776283641139  -0.4157659864910745
 115.8591092707119569  63.4097604237276061 114.9841660707064154   0.2718340135089254
 112.3706748274933189  64.4453303451164556 113.3401043341949177  -0.0597659864910745
 111.6128946477909041  63.6554248211373738 111.5958871125856121   0.0868340135089254
 111.0951096870964794  63.2283467148711726 115.5605325415523966   0.1302340135089254
 111.8755665804059502  63.9653399071004483 117.3198675722330772   0.0186340135089254
 107.9997382797334724  65.8909708375662144 115.4887229484633819   0.0881340135089254
 111.5694309467107091  67.1646462518291372 113.3363248819270839   0.5972340140577036
 110.0160760646274484  67.9375442406029272 111.7867494521116568  -0.5679659881374090
 112.6163392249030866  68.7047730509749532 115.0654242944650279  -0.4157659864910745
 113.9202502573087460  68.0433689041025123 116.2918565553799221   0.2718340135089254
 111.8944638417451723  71.3163745680541193 115.2373893726518637  -0.0024659864910746
 109.8403315341727653  71.4089711486162597 115.3564421190888937   0.0977340135089254
 113.0207406175622318  72.6920951935487935 117.5390758037679419  -0.0343659864910746
 115.0446373069918888  72.3538342155768856 117.7280484171600697   0.0294340135089254
 112.6579131998493513  74.7197713352462975 117.5674216957767616   0.0294340135089254
 111.8056467134508656  71.6243999278832905 119.8464314132857972   0.0117340135089254
 109.3017595860052150  72.1043903658992843 120.3547677433106109  -0.1256659864910745
 108.2151670590004898  73.2665719382608580 119.0470772586371043   0.1329340135089254
 108.1679239056524612  71.1368505853316026 122.4844890962398663  -0.1704659864910745
 106.1799320127673050  71.5204649905176222 122.8605445968901919   0.1429340135089254
 112.0513111108606332  69.2131093809997669 123.6580090254049545  -0.1704659864910745
 113.1738084344098591  70.1844286138352958 121.5245082202078787  -0.1256659864910745
 115.1655797795628489  69.8159320177206511 121.1503424456914567   0.1329340135089254
 112.7467303281436445  72.6675287538078208 112.9073570495269526   0.5972340140577036
 111.4352603912023042  74.3248185732567634 111.9398172689592707  -0.5679659881374090
 114.8953489424121088  72.1988766725953550 112.1476871436906072  -0.4157659864910745
 115.8704476275154848  70.8439430345738063 113.0906604845173165   0.2718340135089254
 116.0254051704970288  73.2268876894485102 109.8384418080388484  -0.0518659864910745
 116.3409894348618674  75.2470049266103334 110.1181212758591865   0.0921340135089254
 118.6181094262369861  71.9758889887926434 109.3905767142995083  -0.1102659864910745
 119.8275341519465751  72.5390273767011798 110.9477110486506161   0.0456340135089254
 118.4423648957823031  69.9406539425594585 109.5171883652722324   0.0456340135089254
 119.9900505994638133  72.6013883391205700 106.8999176697913023   0.3530340135089254
 119.5213985182513341  74.5119014605149609 106.2914258546686541  -0.0361659864910746
 122.8303089787474416  72.4502102484068730 107.3799081078072961  -0.4121659864910745
 123.8847761614755134  72.6165061481919451 105.6262422555283795   0.0999340135089254
 123.3839987359863805  73.9827781430170083 108.6346862607310102   0.0999340135089254
 123.2989610599599210  70.6379628859764001 108.2491821294110737   0.0999340135089254
 119.4231327592874298  70.7248902881367763 104.7664168645941997  -0.4121659864910745
 120.5210636430956828  71.2162190829562980 103.0940092360738956   0.0999340135089254
 119.9239101847765625  68.8162668928763023 105.3616805967794033   0.0999340135089254
 117.4351408664022736  70.7645745369491241 104.2637497129711501   0.0999340135089254
 114.2396139739414454  72.8961856160122964 107.5726601734672578   0.5972340140577036
 113.5800995532029213  74.7424480488533535 106.3235511989453211  -0.5679659881374090
 113.3117584421861112  70.5756019235569963 107.1777074114777235  -0.4157659864910745
 113.7728516188628963  69.1375203356429183 108.3455581622410611   0.2718340135089254
 111.6733658840763776  70.0521477844608076 105.0706627721555239  -0.0249659864910746
 112.5955522374299475  70.6946546699940263 103.3453428118854272   0.0842340135089254
 111.0554254382841316  67.2270072142485408 104.7966524827369499   0.2116340135089254
 109.8648979739137380  66.9511071986960365 103.1393626632880073   0.0351340135089254
 112.8072015644291313  66.1687605792526356 104.5661058943985574   0.0351340135089254
 109.7647424888159169  66.3539537403769162 106.9792861674159845  -0.6546659875886308
 109.3867972620316611  64.5889495312944717 106.7922032801577870   0.4274340135089254
 109.2242808145144363  71.4467656712946906 105.3597908706454730   0.5972340140577036
 108.2019389760630450  72.4350924393355115 103.5191976162061799  -0.5679659881374090
 108.2227259635361707  71.5790465006691788 107.6936026460382179  -0.4157659864910745
 109.1600301259611158  70.8533916652434175 109.1883760179699355   0.2718340135089254
 105.8284429518579521  72.7828020479770172 108.1357985613757942   0.0212340135089254
 104.3941408162117214  71.8398287071503079 106.9981834287552067   0.1123340135089254
 105.0215298926735783  72.6750876583435016 110.9269240611774904  -0.1231659864910745
 106.4766190157929349  73.4687726345904306 112.1514665959584545   0.1111340135089254
 103.2508565051893564  73.6823116877235313 111.2255007903370373   0.1111340135089254
 104.4905168490416954  69.4606635045434513 112.0343035756553414  -0.3119659864910745
 103.8593483203120048  70.0937217594070721 114.3832331601194614   0.1932340135089254
 106.0193052913839969  75.5247946682967546 107.4177026304857270   0.5972340140577036
 104.2920956049799700  76.5641440419534376 106.2593005103919871  -0.5679659881374090
 108.0261944456083618  76.8986255676574985 108.2813074736877272  -0.4157659864910745
 109.3679000006924524  75.9518727745629558 109.2526267065232562   0.2718340135089254
 108.4570520041424103  79.5442421551472618 107.6255725052170638   0.0336340135089254
 106.8205491721666067  80.6686292048304046 108.2794177475538103   0.0822340135089254
 110.9174754305078795  80.3927291892779003 108.9219246330870424  -0.1825659864910745
 110.8966884430347404  79.9146284773958234 110.9174754305078795   0.0602340135089254
 112.5350810011444741  79.4459763961833441 108.0639889682867929   0.0602340135089254
 111.1555809233819528  82.4222950571093213 108.7291725674270673   0.0602340135089254
 108.6422451652666911  79.8787236808513227 104.7985422088708666   0.5972340140577036
 107.2892012533790726  81.5019984298896680 103.7705311920176981  -0.5679659881374090
 110.0916651099842969  78.3499352385090212 103.3963654175013028  -0.4157659864910745
 111.2311699687388012  77.1121646207905992 104.3128825924531089   0.2718340135089254
 110.2333945700283827  78.4803263417495925 100.6241371790388154  -0.0275659864910745
 110.8985781691686707  80.3530449404655525 100.0798960524695011   0.1122340135089255
 112.1533563220923712  76.5490262328820761  99.6301412325962439  -0.0050659864910746
 111.9133611030843811  74.7651247624604094 100.6373652619762736   0.0338340135089254
 111.7206090374244060  76.1748604583656675  97.6497082442467685   0.0338340135089254
 114.8821208594746640  77.3219242216558661  99.7132891824887731  -0.1415659864910745
 116.6962579480390673  76.2466700514546688 101.1551502226706983  -0.1638659864910745
 116.3674456007367704  74.7273302397819783 102.4836276948173304   0.2061340135089254
 119.0244005450300483  77.2690118899060735 100.5655556688872587  -0.3418659864910745
 120.6741314599432967  76.6076077430336327 101.2779824213755753   0.3411340135089254
 118.8297587532361565  79.0755900739347827  98.6985062485730627   0.1379340135089255
 120.6231088543274344  80.5457970061255142  97.4078232991048481  -0.2601659864910745
 122.5827548552037573  80.3379271313941774  97.8330116792371324   0.1571340135089254
 119.8161957951430606  82.2371018959850405  95.5180971651835962  -0.1134659864910745
 121.1711294331645823  83.3407019581950442  94.5014245051339689   0.1416340135089255
 117.2272709916709368  82.4752073888591139  94.9530690511411428  -0.1972659864910745
 116.6320072594857468  83.7640006121934116  93.5168771893609952   0.1446340135089255
 115.4169133553743805  80.9955518259987712  96.2305239176719127  -0.2387659864910746
 113.4629365328998082  81.1410607383107176  95.7580923841915997   0.1699340135089255
 116.1879216180142538  79.1984222726396597  98.1599343004055124   0.1242340135089254
 107.6614773017615644  78.0910427581618089  99.3391234079723645   0.5972340140577036
 107.0737724741120552  79.4062921473710097  97.5117582364705164  -0.5679659881374090
 106.0665484447320255  76.4280837603111158 100.3671344248255333  -0.4157659864910745
 106.5805539531586032  75.3736165775830576 101.8732461535607653   0.2718340135089254
 103.6306914581075290  75.9707700359021645  99.2446371012763074  -0.0518659864910745
 103.9009222952582693  75.5115665853593098  97.2547554822572342   0.0921340135089254
 102.1869406917917005  73.7862466250891996 100.5145330632713830  -0.1102659864910745
 103.4322702140458036  72.1875383157918270 100.1498159194245855   0.0456340135089254
 101.9828502693281976  74.0451391054364119 102.5478783833706509   0.0456340135089254
  99.5734494485786042  73.2703513905287050  99.3334542295706005   0.3530340135089254
  98.4736288386364341  75.0107891598701769  99.3844768351864762  -0.0361659864910746
  99.8228932982562055  72.3632828462464968  96.5876821569830295  -0.4121659864910745
 100.9227139081983754  70.6228450769050249  96.5366595513671538   0.0999340135089254
  97.9501746995402455  72.0155732376049912  95.8053355375396284   0.0999340135089254
 100.7753152697525257  73.8089233386962554  95.4708540118355676   0.0999340135089254
  97.9879692222186764  71.4675526587678296 100.9718467876803344  -0.4121659864910745
  97.7026205759965611  72.3009218838270930 102.8332270295927664   0.0999340135089254
  98.9744062641255670  69.6704231054087181 101.1683783056081431   0.0999340135089254
 102.0300934226762262  78.2989126328931455  99.4940809509539086   0.5972340140577036
 100.9359419911358202  79.1644072022290893  97.6421493397110877  -0.5679659881374090
 101.9204893069087940  79.4270791348441354 101.7749803945968610  -0.4157659864910745
 103.0335379997884221  78.7864619754448336 103.1884955427699529   0.2718340135089254
 100.3331193544149494  81.5851463797822107 102.2587502848807018  -0.0389659864910746
  98.3602452706011549  81.1353915599089537 101.8713564274268486   0.1006340135089254
 100.5542173120837308  82.4506409491181410 104.9497202995845636   0.3653340135089254
 102.5081941345583031  82.9589772791429547 105.3560114183776392   0.0042340135089254
  98.8477946131528428  84.7674451893055941 105.3484525138419451  -0.2438659864910745
  96.8938177906782704  84.2591088592807806 104.9440511211827996   0.0641340135089254
  99.0008624300004700  85.4061726225709791 107.3005396101826005   0.0641340135089254
  99.4392788930701991  86.2830055487104373 104.0842257302486332   0.0641340135089254
  99.8587980948007195  80.4683182346347487 106.6183484758370341  -0.6761659848447401
 100.0061967332465694  81.0409052532128829 108.3323300793036029   0.4101340135089254
 101.1778269362777407  83.7432136247202726 100.6316960835745095   0.5972340140577036
  99.6301412325962439  85.0886986320722101  99.5375446520341035  -0.5679659881374090
 103.6628168023841960  84.2269835150041136 100.6373652619762736  -0.4157659864910745
 104.8079908395404778  83.1007067391870539 101.6918324447043318   0.2718340135089254
 104.8911387894330070  86.1072610182557677  99.0159802390718317  -0.0024659864910746
 104.3525668412654433  87.9988768783109365  99.6320309587301608   0.0977340135089254
 107.7521841561897879  85.8143534674979716  99.3750282045168787  -0.0343659864910746
 108.2246156896701008  86.2584391089694647 101.3327844792592848   0.0294340135089254
 108.2813074736877272  83.8547074666216351  99.0518850356163323   0.0294340135089254
 109.3244362996122575  87.4508562994737750  97.6459287919789213   0.0117340135089254
 110.0406425043684210  89.8829338338304244  98.4339445898240863  -0.1256659864910745
 109.4699452119242037  90.5575660636403100 100.2405227738528090   0.1329340135089254
 111.5240775194965973  91.4098325500387956  96.8503540895980756  -0.1704659864910745
 112.1117823471461067  93.2183004602014349  97.5041993319348355   0.1429340135089254
 112.2119378322439413  90.5405585284350180  94.4296149120449542  -0.1072659864910745
 113.3004200853825834  91.7065195530644389  93.1975134727282959   0.1296340135089254
 111.4560473786754298  88.1217090770158135  93.6227018528605804  -0.1704659864910745
 111.9379275428253538  87.4678638346790670  91.7802188722873570   0.1429340135089254
 110.0482014089041019  86.5607952903968585  95.2459766018989390  -0.1256659864910745
 109.4926219255312597  84.7183123098236487  94.6374847867762908   0.1329340135089254
 104.1163510745252868  85.8483685379085553  96.2191855608683848   0.5972340140577036
 103.3491222641532608  87.6927412446156954  95.0135402874266297  -0.5679659881374090
 104.0653284689094245  83.4805416921052265  95.2497560541667862  -0.4157659864910745
 104.5585469898628631  81.9744299633699810  96.3136718675644419   0.2718340135089254
 103.3963654175013028  83.0591327642407894  92.6476031677572176  -0.0252659864910746
 104.6379154874875587  84.1627328264507929  91.4306195375119346   0.0697340135089254
 103.5985661138308755  81.0579127884181750  92.1997380740178773   0.0697340135089254
 100.7129543073331220  83.8414793836841769  92.1808408126786686   0.5972340140577036
 100.1498159194245855  84.9658664333673331  90.2230845379362492  -0.5679659881374090
  98.9725165379916501  83.2499951037668339  93.9420655694932795  -0.4157659864910745
  99.4449480714719631  82.2805655970652219  95.5162074390496793   0.2718340135089254
  96.3628047470464009  83.8981711677018167  93.5641203427090239  -0.0518659864910745
  95.7788793716647254  83.1517293448029296  91.7348654450732452   0.0921340135089254
  94.5694546459551230  82.8512628895094526  95.6125834718796533  -0.1102659864910745
  95.6825033388347514  83.1422807141333186  97.3208958969444716   0.0456340135089254
  92.8138990675422897  83.9189581551749558  95.7486437535219888   0.0456340135089254
  93.9590731046985579  80.0091147840918806  95.3215656472557875   0.3530340135089254
  96.3439074857071787  78.3688324998482300  95.4236108584875389  -0.4121659864910745
  97.2887705526678047  78.6409530631329006  97.2339684947840952   0.0999340135089254
  95.8242327988788371  76.3865097853648377  95.2119615314883551   0.0999340135089254
  97.6175828999701016  78.9111839002836410  93.8986018684130847   0.0999340135089254
  96.0755663746903687  86.7157528333784025  93.4469573224059106   0.5972340140577036
  94.6185875254370820  87.6681748048747227  91.9068305232600812  -0.5679659881374090
  97.4531767263189598  88.1443857906228695  95.0437759055693663  -0.4157659864910745
  98.6871678917695349  87.3771569802508433  96.2796567971538583   0.2718340135089254
  97.1772767107664555  90.8485838882641892  95.0097608351587825  -0.0389659864910746
  95.1930642701491464  91.3285743262801831  95.2913300291130507   0.1006340135089254
  98.7249624144479657  92.1883997172143495  96.9864143712404108   0.3653340135089254
  98.3394582831280292  94.2104066805100895  96.9278328610888543   0.0042340135089254
  98.0011973051561212  91.1396017128880552  99.5980158883195769  -0.2438659864910745
  98.3867014364760579  89.1175947495923152  99.6584871246050638   0.0641340135089254
  99.1066870935000552  92.0920236843843620 101.0512152853050164   0.0641340135089254
  95.9961978770656731  91.4646346079225185  99.9381665924254017   0.0641340135089254
 101.3497920144645767  91.8463592869746078  96.5442184559028345  -0.6761659848447401
 102.2965448075591329  92.7156333085783853  97.8254527747014516   0.4101340135089254
  97.9955281267543572  91.8236825733675520  92.4737483634364649   0.5972340140577036
  96.7955520317143661  93.5093182848253009  91.4117222761727125  -0.5679659881374090
 100.0609987911302921  90.7729948429073275  91.4192811807084066  -0.4157659864910745
 100.9435008956715145  89.3216851720558181  92.2885552023121841   0.2718340135089254
 101.0531050114389467  91.6498277690467991  89.0457851565033138   0.0212340135089254
 101.4839625699729952  93.6586066494050810  89.2045221517526916   0.1123340135089254
 103.4738441889920681  90.2400920731415410  88.2709974415955936  -0.1231659864910745
 104.9705072870577026  90.5122126364261983  89.6599461500277128   0.1111340135089254
 103.1166859496809515  88.2256440143814818  88.0347816748554371   0.1111340135089254
 104.7437401509871439  91.3418024092176279  85.2738917931964909  -0.3119659864910745
 106.7109450563991745  89.7789988964647560  85.2323178182502262   0.1932340135089254
  99.1463713423124030  91.2416469241198068  86.9916528489309068   0.5972340140577036
  98.7495288541889384  92.8894881128991381  85.4023931703031319  -0.5679659881374090
  97.8991520939243698  89.0268878951640917  86.9878733966630598  -0.4157659864910745
  98.2015082753517771  87.7739994683743079  88.3957193664344009   0.2718340135089254
  98.5152028135826989  83.9359656903802476  86.5173315893166771  -0.0361659864910746
  91.8709257267155807  88.1424960644889526  98.7400802235193274   0.3399340135089254
  97.3643595980246665  99.1539302468480839  87.3034576610279118  -0.1102659864910745
  97.1980636982395946  98.6531528213589510  89.2952290061809151   0.0456340135089254
  98.8477946131528428  98.0200945664953299  86.4341836394241343   0.0456340135089254
  98.0371021017006219 101.9828502693281976  87.0653521681538385   0.3530340135089254
 100.6392549881101903 102.5044146822904695  88.2275337405154121  -0.4121659864910745
 102.0659982192207404 101.3913659894108548  87.2448761508763553   0.0999340135089254
 101.0852303557156003 104.5075243842469874  88.0442303055250483   0.0999340135089254
 100.6184680006370512 101.9866297215960448  90.2211948118023323   0.0999340135089254
 111.4579371048093599 115.1240058046165844  82.0160039383162591   0.0881340135089254
 109.0825513544703369 112.7731864940185475  82.3958388912344183   0.0881340135089254
 111.8661179497363524 109.2904212292016871  80.8802785318295750  -0.5679659881374090
 107.2740834443077109 106.8640128732467883  81.5889258320500445   0.0921340135089254
 103.4454982969832484 103.4360496663136372  82.4166258787075571  -0.4121659864910745
 102.7406304490306260 101.6842735401686375  83.2367670208293757   0.0999340135089254
 105.0876703073608157 104.0804462779807862  83.4805416921052265   0.0999340135089254
 110.1445774417340895 103.1204654019487986  81.2695621154173586  -0.5679659881374090
 114.9482612741619148 102.7784249717090435  78.6409530631329006   0.5972340140577036
 116.0272948966309457 101.0285385716979741  79.7275455901376123  -0.5679659881374090
 115.6323421346413980 105.2048333276639288  78.9546476013638224  -0.4157659864910745
 117.7015922512851667 106.0174155652500667  80.5080024834470965  -0.0024659864910746
 119.4665964603676246 105.1991641492621649  79.8314805275032806   0.0977340135089254
 117.9170210305521975 108.9238143592209593  80.3965086415457340  -0.0343659864910746
 116.1898113441481705 109.7647424888159169  81.1410607383107176   0.0294340135089254
 120.0335143005439949 109.9121411272617667  81.9649813327003832   0.0117340135089254
 122.4655918349006442 109.9499356499401975  81.0522436100164108  -0.1256659864910745
 124.3950022176342439 110.8929089907669068  82.5130019115375448  -0.1704659864910745
 126.3187434219660796 110.9042473475704347  81.7760087193082554   0.1429340135089254
 123.9093426012164727 111.8188747963883104  84.8902773880104711  -0.1072659864910745
 125.4419104958266212 112.5615371670193637  86.0505692342381281   0.1296340135089254
 121.4791547929937670 111.8056467134508656  85.8030151106944435  -0.1704659864910745
 121.0747534003345949 112.5388604534123079  87.6851823400800147   0.1429340135089254
 119.5554135886619178 110.8626733726241565  84.3346979046376289  -0.1256659864910745
 117.6222237536604845 110.8626733726241565  85.0452349309920153   0.1329340135089254
 117.1875867428585890 105.2426278503423599  83.1838546890795833   0.5972340140577036
 118.8089717657630309 104.1560353233376346  84.4443020204050612  -0.5679659881374090
 114.8726722288050528 105.7396258235636455  84.1003718640313893  -0.4157659864910745
 113.5687611963993934 106.5238621691409634  82.9476389223394268   0.2718340135089254
 114.1621352024506665 105.1878257924586370  86.6552815970929291  -0.0597659864910745
 115.4547078780527980 106.0363128265892889  88.0158844135162283   0.0868340135089254
 111.5184083410948334 106.0382025527232056  87.2089713543318545   0.1302340135089254
 110.2182767609570210 105.2123922321996231  85.8426993595067913   0.0186340135089254
 110.7965329579369191 105.1670388049855113  89.8772646554286603  -0.3204659864910745
 112.0966645380747450 105.9928491255090938  91.2454263763876404   0.0881340135089254
 108.8746814797390003 105.7755306201081461  90.3024530355609448   0.0881340135089254
 110.9042473475704347 103.1129064974131043  89.9830893189282455   0.0881340135089254
 111.3067590140956632 108.9105862762835145  86.8461439366189738  -0.0430659864910745
 112.4122488024395836 109.8063164637621815  88.3352481301489140   0.0235340135089254
 112.1306796084853288 109.3660102745585354  85.0131095867153618   0.0235340135089254
 108.5874431073829816 109.8837952352529602  86.9481891478507254  -0.0660659864910746
 107.7635225129933159 109.4302609631118561  88.7812234977543374   0.0185340135089254
 108.5779944767133704 111.9265891860218259  86.6779583106999850   0.0185340135089254
 107.4800635929051174 108.9899547739081967  85.4590849543207717   0.0185340135089254
 114.2944160318251547 102.3929208403891069  87.0918083340287415   0.5972340140577036
 115.3054195134730314 101.5519927107941493  89.0042111815570357  -0.5679659881374090
 113.3117584421861112 100.8716913025824998  85.3097965897409917  -0.4157659864910745
 112.6409056646440593 101.5935666857404274  83.6751834838991184   0.2718340135089254
 113.2682947411059164  98.1750521094768741  85.6423883893111356  -0.0597659864910745
 112.3461083877523463  97.6345904351753934  87.4036131461257463   0.0868340135089254
 112.0550905631284668  96.7974417578482830  83.4767622398373794   0.1302340135089254
 112.8846803359198966  97.3908157638995561  81.6871915910139488   0.0186340135089254
 112.5407501795462380  93.9571833785646412  83.8754944540947608  -0.3204659864910745
 111.7111604067548085  93.3619196463794510  85.6650651029181914   0.0881340135089254
 111.6847042408799054  92.8894881128991381  82.3353676549489448   0.0881340135089254
 114.5703160473776590  93.6038045915213716  83.9095095245053446   0.0881340135089254
 109.2450678019875753  97.5079787842026691  83.2329875685615421  -0.0430659864910745
 108.2416232248753928  96.5744540740455713  84.7712246415734413   0.0235340135089254
 109.1090075203452399  99.5507727349715483  83.4654238830338516   0.0235340135089254
 108.0620992421528626  96.7445294260984904  80.7102031797766693  -0.0660659864910746
 108.1981595237951978  94.7017354753296112  80.4777668653043599   0.0185340135089254
 106.0816662538034006  97.3076678140070268  80.6818572877678494   0.0185340135089254
 109.0636540931311282  97.6780541362555884  79.1700763806308532   0.0185340135089254
 115.9176907808635134  97.1848356153021364  85.7935664800248325   0.5972340140577036
 116.4600421812989108  95.5426636049245689  87.3488110882420236  -0.5679659881374090
 117.6430107411336102  98.1391473129323733  84.1740711832543210  -0.4157659864910745
 117.2178223610013393  99.5186473906948813  82.9249622087323709   0.2718340135089254
 120.1487875947131911  97.0903493086060791  84.1306074821741394  -0.0875659864910746
 120.0788677277581067  95.0399964533015193  83.9473040471837755   0.0968340135089254
 121.8268644016352726  98.1278089561288454  82.0840340791374132   0.2984340135089255
 120.8725527040050357  97.9690719608794676  80.2661175383051761  -0.0297659864910745
 122.4051205986151707 100.9170447297966115  82.6320546579745748  -0.3192659864910745
 123.3594322962453944 101.0776714511799194  84.4499711988068253   0.0790340135089254
 123.6202145027265370 101.6710454572311927  81.1505093689803152   0.0790340135089254
 120.6457855679344902 101.9866297215960448  82.6849669897243808   0.0790340135089254
 124.2116987826438934  96.4686294105459861  81.9328559884237163  -0.3192659864910745
 123.6731268344763162  94.5297703971427887  81.4906600730861401   0.0790340135089254
 125.4570283048979829  97.1886150675699834  80.4588696039651377   0.0790340135089254
 125.1943563722829368  96.5120931116261809  83.7432136247202726   0.0790340135089254
 121.4073451999047388  97.4985301535330716  86.6382740618876372   0.5972340140577036
 122.6451158176231609  95.7958869068700172  87.6209316515266807  -0.5679659881374090
 121.1219965536826369  99.7662015142385657  87.7626611115707800  -0.4157659864910745
 120.1280006072400654 101.1154659738583505  86.8990562683687664   0.2718340135089254
 122.2766192215085298 100.3009940101382824  90.1607235755168454  -0.0275659864910745
 124.2929570064024923  99.8814748084077621  90.0700167210886219   0.1122340135089255
 122.0063883843577894 103.1355832110201603  90.7314208679610628  -0.0050659864910746
 120.1412286901775102 103.8045462624282819  90.1569441232490118   0.0338340135089254
 122.1556767489375561 103.3982551436352198  92.7704353664620947   0.0338340135089254
 124.0019391817786265 104.7494093293889078  89.5201064161175437  -0.1415659864910745
 124.0680795964658639 105.5260867704305448  87.0899186078948111  -0.1638659864910745
 122.6507849960249250 105.1670388049855113  85.6934109949270113   0.2061340135089254
 126.2658310902162736 106.8129902676309259  86.5948103608074424  -0.3418659864910745
 126.6267687817952374 107.6217930529492166  84.9053951970818462   0.3411340135089254
 127.7265893917374208 107.0416471298353883  88.7188625353349338   0.1379340135089255
 130.0509525364605413 108.2227259635361707  89.1761762597438717  -0.2601659864910745
 131.0392793045013755 109.1486917691575877  87.6870720662139315   0.1571340135089254
 131.0543971135727372 108.1509163704471692  91.6271510554397433  -0.1134659864910745
 132.8345191317265702 109.0164109397830997  92.0126551867596798   0.1416340135089255
 129.7051326539529660 106.9490505492732479  93.5773484256464686  -0.1972659864910745
 130.4610231075214773 106.9188149311305110  95.4217211323536086   0.1446340135089255
 127.3977770444351105 105.7263977406262007  93.1257038796392945  -0.2387659864910746
 126.4226783593317613 104.7966524827369499  94.6204772515709989   0.1699340135089255
 126.3225228742339132 105.7415155496975759  90.6218167521936305   0.1242340135089254
 121.1597910763610544  98.6531528213589510  92.1789510865447519   0.5972340140577036
 122.5147247143825896  97.6364801613093237  93.7682107651725132  -0.5679659881374090
 118.8108614918969478  98.2903254036460703  92.1260387547949459  -0.4157659864910745
 117.7696223921063344  99.2257398399370986  90.8107893655857584   0.2718340135089254
 117.4842737458842324  96.7879931271786852  94.0308826977875727  -0.0275659864910745
 118.1305600836852982  97.4002643945691672  95.8903732135660879   0.1122340135089255
 114.6515742711362715  97.4229411081762230  93.9571833785646412  -0.0050659864910746
 113.9788317674603026  97.3284548014801525  92.0107654606257495   0.0338340135089254
 113.6537988724258529  95.9810800679942980  95.0116505612926994   0.0338340135089254
 113.9126913527730652  99.9400563185593320  95.0815704282477838  -0.1415659864910745
 115.1107777216791396 102.1737126088542423  94.7168532844009864  -0.1638659864910745
 116.7567291843245408 102.4515023505406769  93.5376641768341208   0.2061340135089254
 113.8692276516928703 104.0880051825164805  95.9754108895925341  -0.3418659864910745
 114.4210276827978789 105.9172600801522455  95.8809245828964768   0.3411340135089254
 111.7527343817010732 103.2073928041091750  97.1980636982395946   0.1379340135089255
 109.8781260568511962 104.4054791730152493  98.6399247384215062  -0.2601659864910745
 109.9197000317974609 106.4010299704360863  98.8988172187687187   0.1571340135089254
 107.9090314253052487 102.9579489544315603  99.6849432904799534  -0.1134659864910745
 106.4596114805876429 103.8631277725798519 100.7601974606811506   0.1416340135089255
 107.8334423799484004 100.3274501760131854  99.3013288852939470  -0.1972659864910745
 106.3235511989453211  99.2635343626155161 100.1063522183443905   0.1446340135089255
 109.7004918002625963  99.1123562719018192  97.8349014053710493  -0.2387659864910746
 109.6249027549057479  97.1243643790166630  97.5193171410061972   0.1699340135089255
 111.7470652032993090 100.5504378598158971  96.6991759988843786   0.1242340135089254
 118.1059936439443254  93.9401758433593492  93.8891532377434735   0.5972340140577036
 117.9831614452394349  92.6683901552303433  95.8317917034145314  -0.5679659881374090
 118.9015683463251713  92.9064956481044301  91.7102990053322725  -0.4157659864910745
 118.8354279316379205  93.9798600921716970  90.1191496005705809   0.2718340135089254
 120.0183964914726332  90.3364681059715285  91.5817976282256316  -0.0875659864910746
 119.1358943869313974  89.1969632472170108  93.0501148342824462   0.0968340135089254
 119.4779348171711525  88.9248426839323537  89.0911385837174256   0.2984340135089255
 120.3358704819714020  87.0559035374842273  89.2423166744311225  -0.0297659864910745
 116.6376764378875108  88.5223310174071252  88.7207522614688508  -0.3192659864910745
 116.3050846383173669  87.4300693120006359  87.0086603841361988   0.0790340135089254
 115.8987935195243047  87.4735330130808309  90.3270194753019175   0.0790340135089254
 115.6663572050519818  90.3345783798375983  88.5639049923533899   0.0790340135089254
 120.5683067964437115  90.1777311107221375  86.7308706424497776  -0.3192659864910745
 120.2753992456859153  88.9588577543429374  85.0981472627418079   0.0790340135089254
 119.6045464681438768  91.9559634027420402  86.4115069258170785   0.0790340135089254
 122.5884240336055212  90.5122126364261983  86.9500788739846423   0.0790340135089254
 122.8548754184884279  90.2759968696860418  92.1732819081429879   0.5972340140577036
 123.7562747843688723  88.3768221050951922  93.1748367591212401  -0.5679659881374090
 124.0416234305909743  92.5304401474541046  91.8482490131085247  -0.4157659864910745
 123.1931363964603358  94.0611183159303095  91.0866893811382626   0.2718340135089254
 126.7155859100895574  92.6627209768285793  92.3735928783386303  -0.0518659864910745
 127.6717873338537112  91.1981832230396118  91.2851106251999882   0.0921340135089254
 127.8777674824511177  95.2365279712293280  91.6876222917252168  -0.1102659864910745
 127.5584037658184320  95.3347937301932323  89.6542769716259486   0.0456340135089254
 126.9536914029636174  96.8333465543927836  92.6041394666770228   0.0456340135089254
 130.7350333969400515  95.3310142779253985  92.2261942398927804   0.3530340135089254
 131.0392793045013755  94.9190539807305590  94.2217450373136174  -0.0361659864910746
 132.1806738893898101  93.3978244429239518  90.6066989431222688  -0.4121659864910745
 131.8764279818284861  93.8078950139848610  88.6111481457014183   0.0999340135089254
 134.1932322220159392  93.5130977370931480  91.0318873232545397   0.0999340135089254
 131.4984827550442302  91.5005394044670191  91.0281078709867061   0.0999340135089254
 131.7838314012663323  98.0276534710310242  91.9729709379473320  -0.4121659864910745
 130.8295197036361086  99.2654240887494464  93.3146764930314226   0.0999340135089254
 133.8058383645620858  98.0182048403614132  92.3660339738029494   0.0999340135089254
 131.4606882323658128  98.7136240576444379  90.0586783642850941   0.0999340135089254
 127.0916414107398830  92.3206805465888377  95.1779464610777714   0.5972340140577036
 128.8755428811615228  91.0602332152633596  95.9754108895925341  -0.5679659881374090
 125.6989132500399033  93.4790826666825641  96.7218527124914344  -0.4157659864910745
 124.3742152301611182  94.6129183470353181  95.9243882839766718   0.2718340135089254
 125.6913543455042359  93.1578292239159481  99.4846323202843109  -0.0014659864910746
 127.4091154012386383  93.9590731046985579 100.2972145578704486   0.0875340135089254
 123.3839987359863805  94.5184320403392608 100.6298063574405793  -0.0152659864910746
 121.7947390573585922  94.3861512109647726  99.3221158727670726   0.0294340135089254
 122.8246398003456777  93.4866415712182450 102.3230009734340225   0.0294340135089254
 123.7317083446278862  97.2717630174625127 101.3724687280716326  -0.0011659864910746
 124.4781501675267731  99.0632233924198602  99.5394343781680204  -0.1906659864910745
 124.8749926556502511  98.4660699341007533  97.6572671487824494   0.1698340135089254
 124.6897994945259703 101.6445892913562897 100.1309186580853768  -0.2341659864910745
 125.2283714426935207 102.9976332032439081  98.7400802235193274   0.1655340135089255
 124.1266611066174338 102.4855174209512473 102.8048811375839465   0.3225340135089255
 124.2853981018668251 104.9459408473167165 103.4625058321885402  -0.5579659881374089
 124.0472926089927382 105.2161716844674569 105.2539662071458878   0.3991340135089254
 123.4028959973256027 100.4937460757982573 104.7191737112461710  -0.2341659864910745
 122.9984946046664306 100.9926337751534599 106.6315765587744789   0.1655340135089255
 123.2177028362012951  97.9766308654151485 103.9028120213921862  -0.1906659864910745
 122.6621233528284529  96.5706746217777375 105.2407381242084430   0.1698340135089254
 125.5760810513350263  90.3553653673107374 100.2178460602457532   0.5972340140577036
 127.1464434686235925  89.4218406571536394 101.6521481958919840  -0.5679659881374090
 123.7524953321010118  88.9683063850125351  99.1558199729820006  -0.4157659864910745
 122.5562986893288677  89.8186831452771038  97.9388363427367176   0.2718340135089254
 123.4444699722718540  86.2792260964425903  99.6811638382121196  -0.0252659864910746
 123.0967603636303484  86.0108849854257803 101.6918324447043318   0.0697340135089254
 121.8230849493674121  85.5856966052934958  98.6285863816179783   0.0697340135089254
 125.7707228431289315  84.7372095711628575  98.9366117414471361   0.5972340140577036
 126.6248790556613339  83.1800752368117495 100.4332748395127706  -0.5679659881374090
 126.8648742746693240  85.3986137180352983  96.6708301068755587  -0.4157659864910745
 126.1335502608417988  86.7516576299229033  95.5823478537369167   0.2718340135089254
 129.0078237105360244  83.9624218562551372  95.7845485500664893  -0.0597659864910745
 128.5561791645288371  81.9612018804325362  95.7958869068700172   0.0868340135089254
 129.6824559403459100  84.1324972083080563  92.9461798969167779   0.1302340135089254
 131.0506176613049036  82.6169368489032131  92.6476031677572176   0.0186340135089254
 127.4015564967029711  83.4465266216946428  91.2718825422625434  -0.3204659864910745
 126.1165427256365068  85.0357863003224175  91.1074763686114017   0.0881340135089254
 128.0459531083701065  82.9287416610002179  89.3840461344752085   0.0881340135089254
 126.3905530150550809  81.8327005033258950  92.0598983401077085   0.0881340135089254
 131.0373895783674452  86.5437877551915665  92.0995825889200563  -0.0430659864910745
 129.7089121062207996  88.0782453759356321  92.2791065716425730   0.0235340135089254
 132.6512156967361929  86.9066151729044473  93.3241251237010201   0.0235340135089254
 132.0200471680064888  86.4152863780849255  89.3708180515377637  -0.0660659864910746
 130.4477950245840191  86.4228452826206064  88.0404508532572010   0.0185340135089254
 133.2124643585107991  88.0480097577928953  88.9853139202178270   0.0185340135089254
 133.1425444915557281  84.7088636791540376  89.1062563927887873   0.0185340135089254
 131.2093546565542946  84.4008383193248663  97.5098685103365995   0.5972340140577036
 132.6190903524595392  82.6471724670459497  98.0805658027808168  -0.5679659881374090
 131.5665128958653980  86.7743343435299591  98.3696939012707659  -0.4157659864910745
 130.3079552906738502  88.1217090770158135  97.8783651064512442   0.2718340135089254
 133.6319835602413329  87.4716432869469006  99.9891891980412774  -0.0518659864910745
 135.4045466738594717  87.0370062761450185  99.0329877742771236   0.0921340135089254
 133.6074171205003468  90.3043427616948615 100.6600419755833294  -0.1102659864910745
 133.8436328872405033  91.1962934969056949  98.8175589950101061   0.0456340135089254
 131.8178464716769161  90.9033859461478988 101.4877420222408288   0.0456340135089254
 135.7919405313133251  91.0923585595400266 102.4042591971926348   0.3530340135089254
 135.6464316190013921  90.0341119245441214 104.1654839540072457  -0.0361659864910746
 138.3600783473122962  90.5575660636403100 101.1627091272063792  -0.4121659864910745
 138.5074769857581595  91.6177024247701322  99.4014843703917682   0.0999340135089254
 139.8737489805832227  91.1320428083523744 102.4363845414693018   0.0999340135089254
 138.5263742470973816  88.5431180048802508 100.7658666390829146   0.0999340135089254
 135.5141507896268905  93.8551381673328896 103.2640845881268146  -0.4121659864910745
 133.7434774021426820  94.0800155772695182 104.2902058788460531   0.0999340135089254
 137.0882926591832903  94.3540258666881056 104.4942963013095426   0.0999340135089254
 135.5141507896268905  95.0910190589173950 101.6162433993474832   0.0999340135089254
 133.4127753287064684  86.0184438899614611 102.4061489233265652   0.5972340140577036
 135.2968322842259561  85.1019267150096549 103.4095935004387476  -0.5679659881374090
 131.1451039680009607  85.8880527867209031 103.6136839229022372  -0.4157659864910745
 129.7070223800868961  86.8404747582172099 102.7727557933072795   0.2718340135089254
 130.6159806505030081  84.3951691409231024 105.8851347358755785  -0.0024659864910746
 131.8424129114179022  85.0716910968669183 107.3969156430125880   0.0977340135089254
 127.8550907688440619  84.7920116290465668 106.7260628654705362  -0.0343659864910746
 127.6150955498360716  86.7629959867264312 107.2703039920398639   0.0294340135089254
 126.6210996033934735  84.4594198294764363 105.1122367471017886   0.0294340135089254
 126.9499119506957836  83.1555087970707634 108.9238143592209593   0.0117340135089254
 124.7861755273559577  81.6210511763267114 108.6611424266058998  -0.1256659864910745
 123.7713925934402340  81.6078230933892666 106.9263738356661919   0.1329340135089254
 123.9301295886896252  80.1206086259932431 110.6888185683034038  -0.1704659864910745
 122.2898473044459612  78.9603167797655863 110.4866178719738310   0.1429340135089254
 125.2227022642917567  80.1640723270734247 113.0094022607587040  -0.1072659864910745
 124.5594083912853990  79.0396852773902819 114.5551982383062838   0.1296340135089254
 127.3675414262923872  81.7079785784870877 113.2966406331147361  -0.1704659864910745
 128.3407503852618331  81.7438833750315884 115.0654242944650279   0.1429340135089254
 128.2273668172265536  83.1970827720170415 111.2614055868815513  -0.1256659864910745
 129.8525312923988291  84.3611540705125319 111.4919521752199438   0.1329340135089254
 131.2377005485630877  81.5775874752465164 105.5090792352252530   0.5972340140577036
 132.4735814401476064  80.4588696039651377 107.1380231626653757  -0.5679659881374090
 130.5668477710210625  80.4588696039651377 103.3226660982783712  -0.4157659864910745
 129.5445059325696713  81.4831011685504593 102.0641084930868101   0.2718340135089254
 131.2131341088221284  77.8132530164753878 102.7236229138253342  -0.0237659864910746
 130.3665368008253934  76.5943796600961744 104.1560353233376346   0.0879340135089254
 130.2928374816024617  76.9118536505949567 100.0969035876747929   0.0341340135089254
 131.3170690461877833  77.9474235719837929  98.6418144645554231   0.0240340135089254
 130.8465272388414006  74.9370898406472452  99.9022617958809011   0.0240340135089254
 127.4903736249972643  77.0687009197104177  99.3806973829186426   0.0017340135089254
 126.9347941416244221  79.0283469205867540  99.2257398399370986   0.0439340135089254
 127.3297469036139429  76.2787953957313358  97.4834123444616965   0.0439340135089254
 125.2075844552203950  75.4151905525293223 101.3195563963218400  -0.2737659864910745
 124.7068070297312621  77.7338845188506922 103.7818695488212259  -0.0536659864910745
 123.1099884465678066  77.1688564048082388 104.9516100257184805   0.0683340135089254
 126.3773249321176496  77.8680550743591107 104.9723970131916195   0.0683340135089254
 124.3080748154738808  79.5688085948882345 102.9352722408245043   0.0683340135089254
 134.0817383801145901  77.3918440886109505 102.8086605898517937   0.5972340140577036
 134.9812480198611041  75.7440028998316190 104.1862709414803848  -0.5679659881374090
 135.4215542090647635  79.1473996670237974 101.2401878986971444  -0.4157659864910745
 134.6770021122997801  80.6554011218929464 100.3387885328167133   0.2718340135089254
 138.0917372362954862  78.7146523823558323 101.0323180239658077  -0.0875659864910746
 138.4772413676154094  76.7795728212204686 100.4389440179145346   0.0968340135089254
 139.4183249823082016  80.4909949482418047  99.2540857319459184   0.2984340135089255
 138.5036975334903259  80.4380826164920121  97.4097130252387648  -0.0297659864910745
 139.2765955222641024  83.1857444152135135 100.3274501760131854  -0.3192659864910745
 140.1912229710820049  83.2405464730972230 102.1718228827203256   0.0790340135089254
 140.2346866721621865  84.4858759953513259  99.0499953094824154   0.0790340135089254
 137.3037214384503213  83.7451033508542029 100.5239816939409941   0.0790340135089254
 142.1470895196904942  79.5404627028794148  98.8799199574295097  -0.3192659864910745
 139.3106105926746863  78.9886626717744062 103.5626613172863615   0.5972340140577036
 141.0586072665518388  77.5845961542709121 104.1787120369446905  -0.5679659881374090
 138.4923591766867978  80.8594915443564494 105.0857805812268990  -0.4157659864910745
 137.0864029330493870  82.0575779132625236 104.6020106909430580   0.2718340135089254
 139.7225708898695258  81.2204292359353998 107.4743944145033534   0.0336340135089254
 141.7351292224956547  81.3999532186579299 107.0775519263798888   0.0822340135089254
 138.8306201546586790  83.6184916998814786 108.8557842183997916  -0.1825659864910745
 136.8218412743004106  83.4597547046320874 109.2809725985320759   0.0602340135089254
 139.8869770635206809  83.8339204791484960 110.6094500706787082   0.0602340135089254
 139.1499838712913916  85.2625534363929630 107.6558081233598004   0.0602340135089254
 139.3313975801478117  79.0207880160510732 109.2299499929162002   0.5972340140577036
 141.1436449425782983  77.9530927503855568 110.2201664870909379  -0.5679659881374090
 136.9427837468713573  78.2478900272772698 109.6267924810396648  -0.4157659864910745
 135.4952535282876683  79.1965325465057428 108.8198794218552910   0.2718340135089254
 136.3607480976236255  76.2939132048026975 111.4220323082648594  -0.0024659864910746
 137.5550550142618393  76.5584748635516737 113.0793221277137884   0.0977340135089254
 133.5828506807593607  76.2976926570705445 112.2705193423954979  -0.0343659864910746
 132.2543732086127418  76.9042947460592626 110.8173199454100582   0.0294340135089254
 132.9403437952261554  74.5194603650506418 113.0868810322494827   0.0294340135089254
 133.4619082081884138  78.2195441352684633 114.3265413761018216   0.0117340135089254
 133.7359184976069877  80.7555566069907811 113.8200947722109248  -0.1256659864910745
 134.0382746790344084  81.3734970527830269 111.8793460326737972   0.1329340135089254
 133.6319835602413329  82.5054430070018505 115.7400565242749135  -0.1704659864910745
 133.8568609701779615  84.5085527089583818 115.3148681441426292   0.1429340135089254
 133.2464794289213829  81.7325450182280606 118.1910313199707715  -0.1072659864910745
 133.1633314790288535  83.1139348221244987 119.7179300361791428   0.1296340135089254
 132.9649102349671147  79.2059811771753540 118.7107060067991265  -0.1704659864910745
 132.6568848751379569  78.5785921007134968 120.6476752940684071   0.1429340135089254
 133.0726246246006300  77.4674331339677990 116.7850750763333607  -0.1256659864910745
 132.8477472146640016  75.4605439797434341 117.1951456473942833   0.1329340135089254
 137.1260871818617079  73.6728630570539202 110.6472445933571391   0.5972340140577036
 137.9537872285192206  72.1988766725953550 112.2440631765205949  -0.5679659881374090
 136.7840467516219663  72.9774438397709089 108.2208362374022538  -0.4157659864910745
 136.1434295922226643  74.2378911710963735 106.9396019186036501   0.2718340135089254
 137.3207289736556131  70.4452108203164250 107.3817978339412130  -0.0031659864910746
 136.3172843965434172  69.1242922527054735 108.6025609164543433   0.0849340135089254
 136.5138159144712259  69.9652203823004312 104.6322463090857948  -0.0036659864910746
 137.4435611723604902  71.3806252566074532 103.4587263799206932   0.0170340135089254
 133.6603294522501528  70.1069498423445169 104.2297346425605662  -0.0645659864910746
 132.6795615887450127  68.6972141464392723 105.3673497751811672   0.0351340135089254
 132.9573513304314473  71.9834478933283240 104.7078353544426431   0.0351340135089254
 133.1066396950112139  69.5967237861857865 101.4537269518302450   0.6950340118625910
 134.8225110246117130  69.2660217127495729  99.9211590572201099  -0.6086659875886308
 130.6273190073065360  69.5154655624271742 100.7904330788238872  -0.9407659859422963
 130.1416593908887648  69.1847634889909470  98.9744062641255670   0.4250340135089254
 129.2818339999545984  69.7875861257118312 102.1170208248366027   0.4250340135089254
 144.7246759663590630  83.4276293603554339 107.6898231937703843   0.0439340135089254
 144.0538231888170381  85.0565732877955432 102.6990564740843479  -0.0536659864910745
 142.3568491205557343  84.6370540860650228 103.7875387272229899   0.0683340135089254
 143.5889505598723926  86.3718226770047441 101.1834961146795046   0.0683340135089254
 147.1662021313853235  99.1690480559194588 108.3115430918304773  -0.5679659881374090
 144.6868814436806456  94.9795252170160458 110.2352842961623130   0.0396340135089254
 144.3505101918426680  94.6847279401243194 108.2246156896701008   0.1104340135089255
 143.8761889322284247  92.5871319314717308 111.6714761579424607   0.0559340135089254
 145.1139595499468468  91.0583434891294427 111.0629843428198124  -0.0173659864910746
 144.1690964829862209  92.9480696230506946 113.6783653121668256  -0.0173659864910746
 141.1228579551051727  91.8331312040371496 111.2217213380692035   0.0135340135089254
 139.8680798021814588  93.4469573224059106 111.4749446400146520  -0.0425659864910745
 140.9093189019720721  91.0923585595400266 109.3112082166748127  -0.0425659864910745
 140.4463359991613569  89.7827783487326032 113.1284550071957474   0.8053340124113690
 142.1716559594314536  88.9758652895482294 114.5533085121723671  -0.8188659842959619
 138.1937824475272377  89.0136598122266469 113.2059337786865126  -0.8188659842959619
 142.8973107948572149  97.0242088939188417 111.0535357121502147   0.5365340135089255
 141.3099408423633838  97.8575781189781051 109.5738801492898722  -0.5819659881374090
 143.1014012173207179  97.9256082597992728 113.4119139272839325  -0.4157659864910745
 144.4015327974585437  97.2453068515876233 114.6326770097970627   0.2718340135089254
 141.3382867343722037  99.7832090494438577 114.3133132931643634  -0.0031659864910746
 139.4258838868438958  99.1236946287053471 113.9221399834426629   0.0849340135089254
 141.5877305840497915 100.2707583919955456 117.1724689337872275  -0.0036659864910746
 140.1817743404123805 101.6975016231060957 117.6524593718032211   0.0170340135089254
 141.1171887767034087  98.5000850045113372 118.1154422746139231   0.0170340135089254
 144.1974423749950408 101.1608194010724488 118.0398532292570746  -0.0645659864910746
 144.3731869054497238 100.9983029535552240 120.0864266322937873   0.0351340135089254
 145.6846568423910775 100.0609987911302921 117.1346744111087964   0.0351340135089254
 144.5205855438955871 103.9160401043296445 117.3066394892956324   0.6950340118625910
 142.6781025633223503 105.3125477172974443 117.0666442702876289  -0.6086659875886308
 146.9299863646451670 104.7229531635140183 116.9324737147792238  -0.9407659859422963
 147.2569089858135472 106.5389799782123385 116.4411449199597021   0.4250340135089254
 148.3831857616306201 103.5040798071348049 117.1479024940462412   0.4250340135089254
 141.6500915464691951 102.1812715133899366 112.8487755393753958   0.5972340140577036
 139.8302852795030411 103.5645510434202916 112.4198077069752779  -0.5679659881374090
 143.9876827741297739 102.7311818183610148 112.0267446711196471  -0.4157659864910745
 145.4578897063205188 101.5501029846602324 112.3253214002792072   0.2718340135089254
 144.4412170462708915 105.0271990710753425 110.6699213069641951  -0.0518659864910745
 143.9272115378443004 106.6259073803727149 111.8642282236024223   0.0921340135089254
 147.2228939154029633 105.3049888127617635 109.8970233181904049  -0.1102659864910745
 148.1998823266402696 105.3597908706454730 111.7092706806208781   0.0456340135089254
 147.8994158713467792 103.6987215989286967 108.8009821605160821   0.0456340135089254
 147.7482377806330823 107.7559636084576217 108.4419341950710351   0.3530340135089254
 146.5747178514679673 107.7956478572699695 106.7487395790775920  -0.0361659864910746
 147.1435254177782677 110.0670986702433106 110.0916651099842969  -0.4121659864910745
 148.3170453469433827 110.0293041475648931 111.7848597259777401   0.0999340135089254
 147.5271398229642873 111.7886391782455737 109.0296390227205445   0.0999340135089254
 145.1574232510270284 110.0236349691631292 110.6340165104196943   0.0999340135089254
 150.4543256044083190 107.7918684050021222 107.4006950952804352  -0.4121659864910745
 150.7207769892911988 106.1988292741065137 106.1232402287496653   0.0999340135089254
 150.7736893210410049 109.5512034356828162 106.3783532568290306   0.0999340135089254
 142.8632957244466311 105.0064120836022034 108.3096533656965470   0.5972340140577036
 141.6633196294066533 106.8923587652556080 107.6728156585650922  -0.5679659881374090
 142.7933758574915601 102.8445653863962943 106.9717272628803036  -0.4157659864910745
 143.7457978289878534 101.3063283133843952 107.5821088041368688   0.2718340135089254
 141.3817504354523851 102.6518133207363194 104.6587024749606978  -0.0518659864910745
 141.9978011551107007 104.1352483358645089 103.3680195254924829   0.0921340135089254
 141.8806381348075877 100.0912344092730290 103.3585708948228719  -0.1102659864910745
 141.5915100363176520  98.5794535021360193 104.7267326157818519   0.0456340135089254
 140.4916894263754687  99.8342316550597334 101.8562386183554735   0.0456340135089254
 144.5319239006991150  99.8115549414526775 102.1963893224612983   0.3530340135089254
 145.9567774056757214 100.2764275703973098 103.6004558399647924  -0.0361659864910746
 144.9136485797512045  97.0733417734007873 101.3460125621967430  -0.4121659864910745
 143.5114717883816271  96.5706746217777375  99.9230487833540400   0.0999340135089254
 144.7227862402251597  95.8128944420753092 102.9636181328333243   0.0999340135089254
 144.9117588536172742 101.5293159971870935  99.8965926174791370  -0.4121659864910745
 144.8456184389300368 103.5059695332687351 100.4635104576555073   0.0999340135089254
 146.7618007387261782 101.1664885794742128  99.0632233924198602   0.0999340135089254
 143.4547800043639875 101.1664885794742128  98.4887466477078093   0.0999340135089254
 138.6208605537934389 102.9673975851011713 105.2180614106013870   0.5972340140577036
 137.2583680112362094 104.2429627254980110 103.8366716067049489  -0.5679659881374090
 137.8611906479570938 101.7220680628470684 107.0643238434424440  -0.4157659864910745
 139.0441592077917795 100.5920118347621617 108.0677684205546265   0.2718340135089254
 135.2155740604673304 101.9374968421140858 107.8258834754127061  -0.0275659864910745
 134.0382746790344084 101.2364084464293106 106.2819772239990429   0.1122340135089255
 134.5881849840054867 100.4370542917806177 110.2485123790997578  -0.0050659864910746
 136.0149282151160234 100.8338967799040823 111.6733658840763776   0.0338340135089254
 132.8156218703873481 101.1797166624116710 110.9949542019986447   0.0338340135089254
 134.2253575662925927  97.6289212567736295 110.0973342883860609  -0.1415659864910745
 135.5802912043141279  95.8828143090303937 111.3804583333185812  -0.1638659864910745
 137.1695508829419162  96.3023335107609140 112.5842138806264196   0.2061340135089254
 134.6618843032284183  93.4866415712182450 110.9118062521061155  -0.3418659864910745
 135.5084816112251265  91.8728154528494974 111.5373056024340555   0.3411340135089254
 132.5794061036471916  93.5678997949768709 109.3603410961567715   0.1379340135089255
 130.9788080682159020  91.6895120178591469 108.3946910417230065  -0.2601659864910745
 131.2981717848485879  89.7525427305898530 108.8501150399980276   0.1571340135089254
 129.0059339844020941  92.3735928783386303 106.7619676620150502  -0.1134659864910745
 127.7983989848264221  90.9544085517637744 105.9966285777769411   0.1416340135089255
 128.6525551973588245  94.9171642545966421 106.0873354322051646  -0.1972659864910745
 127.2031352526412321  95.3895957880769551 104.7853141259334218   0.1446340135089255
 130.2153587101116964  96.8257876498571027 107.0851108309155831  -0.2387659864910746
 129.9394586945591921  98.7438596757871745 106.5503183350158664   0.1699340135089255
 132.2713807438180336  96.1889499427256482 108.7801951730429432   0.1242340135089254
 134.4426760716935539 104.7229531635140183 108.2605204862146016   0.5972340140577036
 132.6039725433881777 105.5771093760464207 107.1191259013261670  -0.5679659881374090
 135.8845371118754521 106.2026087263743607 109.7231685138696522  -0.4157659864910745
 137.4095461019499063 105.4297107376005574 110.5886630832055826   0.2718340135089254
 135.3081706410294842 108.9030273717478202 110.1540260724036871  -0.0389659864910746
 133.4014369719029403 109.0296390227205445 110.9155857043739625   0.1006340135089254
 137.1412049909330963 110.1143418235913527 112.0097371359143685   0.3653340135089254
 136.5516104371496702 112.0683186460659251 112.3007549605382345   0.0042340135089254
 137.2886036293789596 108.8331075047927356 114.5911030348507980  -0.2438659864910745
 137.8838673615641496 110.2239459393587851 115.9857209216846810   0.0641340135089254
 135.4517898272074869 108.0658786944207096 115.1088879955452093   0.0641340135089254
 138.6832215162128425 107.3326649544592675 114.5892133087168677   0.0641340135089254
 139.5184804674060228 110.1086726451895888 110.8645630987580869  -0.6761659848447401
 140.0249270712969197 108.4268163859996734 110.3694548516707179   0.4101340135089254
 135.3176192716990818 110.4544925276971775 107.7087204551095930   0.5972340140577036
 133.6433219170448608 112.0172960404500494 107.2910909795130030  -0.5679659881374090
 137.0486084103709425 109.8403315341727653 106.0136361129822329  -0.4157659864910745
 138.3789756086515185 108.5005157052225917 106.2876464024008069   0.2718340135089254
 137.1412049909330963 111.2992001095599689 103.7213983125357527  -0.0875659864910746
 137.0202625183621227 113.3230967989896391 104.0861154563825501   0.0968340135089254
 139.6337537615752324 111.2519569562119403 102.2115071315326734   0.2984340135089255
 139.3521845676209642 112.4046898979039028 100.5277611462088412  -0.0297659864910745
 141.7596956622366408 112.4972864784660432 103.7459647522767254  -0.3192659864910745
 142.1130744492799105 111.4371501173362211 105.4788436170825164   0.0790340135089254
 143.4906848009085016 112.5615371670193637 102.6310263332631938   0.0790340135089254
 141.2305723447386882 114.4266968611996429 104.2410729993640941   0.0790340135089254
 140.5275942229199827 108.6762602356772747 101.3271153008575207  -0.3192659864910745
 139.0498283861935435 107.6860437415025370 100.3009940101382824   0.0790340135089254
 142.1792148639671477 108.8784609320068475 100.1120213967461546   0.0790340135089254
 141.0510483620161713 107.6463594926901892 103.0014126555117552   0.0790340135089254
 134.8489671904866026 110.7681870659280994 102.1604845259167975   0.5972340140577036
 133.7642643896158076 112.4916173000642792 101.0398769285015019  -0.5679659881374090
 134.2688212673728010 108.3379992577053669 101.7352961457845132  -0.4157659864910745
 135.1286466583069674 106.9925142503534427 102.7992119591821825   0.2718340135089254
 132.0635108690866970 107.6331314097527444 100.2140666079779060  -0.0237659864910746
 132.3337417062374374 108.4135883030622152  98.3356788308601820   0.0879340135089254
 131.8178464716769161 104.7324017941836158 100.0628885172642091   0.0341340135089254
 131.5551745390618701 104.0161955894274657 101.9771810909264336   0.0240340135089254
 130.1246518556834729 104.2524113561676222  98.9933035254647758   0.0240340135089254
 134.0685102971771318 103.2999893846713154  98.8988172187687187   0.0017340135089254
 135.8221761494560483 103.9349373656688532  99.7435248006315099   0.0439340135089254
 133.8379637088387393 101.3119974917861592  99.3901460135882404   0.0439340135089254
 134.4861397727737353 103.4341599401797203  95.5067588083800681  -0.2737659864910745
 136.5875152336941576 106.1251299548835820  95.2214101621579663  -0.0536659864910745
 137.0013652570229274 106.4558320283198093  93.2315285431388797   0.0683340135089254
 135.7069028552868655 107.8069862140734974  96.0169848645388122   0.0683340135089254
 138.3449605382409347 105.7320669190279647  96.2191855608683848   0.0683340135089254
 129.6238744301943401 108.8123205173196102 101.2477468032328387   0.5972340140577036
 128.1253216059948021 109.7723013933515976  99.7510837051672042  -0.5679659881374090
 129.2931723567581263 108.8709020274711667 103.7591928352141702  -0.4157659864910745
 130.6367676379761337 108.0772170512242377 104.8703518019598680   0.2718340135089254
 125.3871084379429119 109.1638095782289628 104.3998099946134853   0.0863340135089254
 126.8610948224014904 112.8563344439110767 104.2448524516319413   0.5972340140577036
 124.9430227964714186 113.6103351713456579 103.1431421155558545  -0.5679659881374090
 128.8226305494117436 114.3700050771820032 104.7512990555228382  -0.4157659864910745
 130.3608676224236294 113.6178940758813522 105.6224628032605325   0.2718340135089254
 128.6884599939033387 117.1101079713678237 104.3601257458011375  -0.0875659864910746
 126.9650297597671453 117.7601737614367367 105.2879812775564716   0.0968340135089254
 130.9051087489929706 118.5009464059338596 105.6583675998050330   0.2984340135089255
 130.9844772466176393 117.8584395204006410 107.6161238745474526  -0.0297659864910745
 133.4959232785989976 118.0266251463196298 104.4602812308989588  -0.3192659864910745
 134.9604610323879786 118.9204656076643800 105.5997860896534765   0.0790340135089254
 133.8644198747136289 116.0121770875595705 104.4073688991491662   0.0790340135089254
 133.5790712284915269 118.7881847782898918 102.5478783833706509   0.0790340135089254
 130.4704717381910751 121.3619917726906270 105.6980518486173808  -0.3192659864910745
 131.9331197658461257 122.2766192215085298 106.8262183505683707   0.0790340135089254
 130.5101559870034229 122.1330000353305003 103.7875387272229899   0.0790340135089254
 128.6412168405552966 121.7663931653497991 106.5427594304801857   0.0790340135089254
 128.3993318954133762 117.7960785579812374 101.5671105198655244   0.5972340140577036
 126.8648742746693240 119.4306916638231239 100.9510598002071954  -0.5679659881374090
 129.7070223800868961 116.5261825959861482  99.8096652153187607  -0.4157659864910745
 130.7955046332255247 115.0484167592597359 100.3368988066827830   0.2718340135089254
 129.5936388120516169 117.2348298962066177  97.1470410926237189  -0.0597659864910745
 129.6692278574084518 119.3210875480556916  97.0431061552580504   0.0868340135089254
 131.9180019567747640 116.2313853190944352  95.6919519695043489   0.1302340135089254
 133.5866301330272211 116.6206689026822189  96.8409054589284778   0.0186340135089254
 131.7895005796680962 113.3703399523376678  95.2195204360240360  -0.3204659864910745
 131.2528183576344762 112.3895720888325277  96.9410609440262991   0.0881340135089254
 130.4024415973699074 112.9470412983393004  93.7549826822350684   0.0881340135089254
 133.6376527386430968 112.6749207350546431  94.6374847867762908   0.0881340135089254
 132.2146889598003940 117.6713566331424301  93.1710573068534063  -0.0430659864910745
 132.1579971757827543 119.6971430487060172  93.5527819859054958   0.0235340135089254
 130.6443265425118278 117.2159326348674089  91.9143894277957755   0.0235340135089254
 134.7015685520407662 117.1101079713678237  91.7896675029569682  -0.0660659864910746
 136.2983871352042219 117.4710456629467742  93.0406662036128350   0.0185340135089254
 134.7469219792548779 115.1523516966254042  91.1584989742272640   0.0185340135089254
 134.8527466427544631 118.3346505061487876  90.1399365880437198   0.0185340135089254
 127.1048694936773143 116.4600421812989108  95.9886389725299923   0.5972340140577036
 126.0787482029580893 117.8622189726684746  94.3634744973577168  -0.5679659881374090
 125.9559160042532123 114.3454386374410304  96.7275218908931984  -0.4157659864910745
 126.8044030383838508 113.2777433717755274  98.0824555289147337   0.2718340135089254
 123.6126555981908428 113.4327009147570716  95.6050245673439725  -0.0237659864910746
 123.8602097217345271 113.5177385907835177  93.5603408904411766   0.0879340135089254
 123.1496726953801544 110.6642521285624309  96.3457972118411091   0.0341340135089254
 124.8901104647216126 109.6249027549057479  95.9905286986639092   0.0240340135089254
 122.7301534936496206 110.5281918469200957  98.3602452706011549   0.0240340135089254
 121.0558561389953995 109.3679000006924524  94.8056704126952795   0.0017340135089254
 120.7005876258181997 110.4242569095544274  93.0709018217555718   0.0439340135089254
 121.7966287834925225 107.5367553769227570  94.2311936679832286   0.0439340135089254
 118.0814272042033393 108.7480698287662761  96.4213862571979574  -0.2737659864910745
 116.0726483238450574 111.2141624335335094  95.1382622122654236  -0.0536659864910745
 116.3561072439332425 112.9659385596785225  96.1795013120560370   0.0683340135089254
 116.5148442391826203 111.5184083410948334  93.1502703193802674   0.0683340135089254
 114.0978845138973460 110.6566932240267503  95.2932197552469676   0.0683340135089254
 121.3563225942888631 115.1655797795628489  96.2305239176719127   0.5972340140577036
 119.8426519610179502 115.7022620015964826  94.5373293016784695  -0.5679659881374090
 121.1238862798165671 116.1331195601305309  98.5643356930646578  -0.3662059863813188
 122.3786644327402812 115.4906126745973122  99.9532844014967768   0.3114040134540477
 117.2027045519299641 117.5315168992322610  98.4811877431721150   0.2245840137833145
 119.6631279782954333 120.7553896837019226  98.4792980170381981   0.8098440138930701
 118.2987457096042870 121.3374253329496678  96.7350807954288792  -0.6015459862715633
 122.0044986582238591 121.6870246677251037  98.5265411703862267  -0.4157659864910745
 123.3159685951652128 120.8309787290587710  99.6320309587301608   0.2718340135089254
 122.6923589709712029 124.0132775385821544  97.1205849267488159  -0.0518659864910745
 121.4886034236633647 125.5231687195852471  97.8367911315049794   0.0921340135089254
 125.4948228275764272 124.5839748310263851  97.6818335885234355  -0.1102659864910745
 125.6554495489597219 124.8012933364273194  99.7265172654262313   0.0456340135089254
 126.6362174124648618 122.9512514513184154  97.1527102710254829   0.0456340135089254
 126.6135406988578060 126.9593605813653813  96.4062684481265823   0.3530340135089254
 125.1716796586758808 128.4220086090204320  96.2664287142164135  -0.0361659864910746
 128.7961743835368540 127.9760332414150086  98.0125356619596493  -0.4121659864910745
 129.5501751109714352 129.6937942971494379  97.1602691755611635   0.0999340135089254
 128.1215421537269684 128.4314572396900297  99.9003720697469842   0.0999340135089254
 130.2928374816024617 126.5681872716436943  98.1523753958698181   0.0999340135089254
 127.7341482962730882 126.4245680854656646  93.7852183003778052  -0.4121659864910745
 128.5864147826715871 128.1442188673340242  93.0349970252110711   0.0999340135089254
 129.1722298841871796 124.9562508794088500  93.9061607729487653   0.0999340135089254
 126.2752797208858980 125.8293043532804746  92.4680791850347010   0.0999340135089254
 122.0933157865181525 123.9169015057521670  94.2387525725189094   0.5972340140577036
 121.3997862953690714 125.8463118884857666  93.1351525103088923  -0.5679659881374090
 122.1367794875983607 121.6964732983947013  93.0123203116040153  -0.4157659864910745
 122.8076322651403859 120.1639054037845662  93.9439552956271964   0.2718340135089254
 121.1201068275487066 121.4035657476369052  90.4271749603997387  -0.0249659864910746
 121.9156815299295659 122.9323541899791932  89.3084570891183599   0.0842340135089254
 122.0252856456969848 118.9242450599322272  89.2158605085562195   0.2116340135089254
 122.0460726331701372 119.1831375402794395  87.1711768316534237   0.0351340135089254
 123.9490268500288205 118.5028361320677900  89.8262420498127846   0.0351340135089254
 120.4209081579978481 116.8531052171545282  89.7506530044559362  -0.6546659875886308
 120.3906725398551115 116.5224031437183146  91.5723489975560204   0.4274340135089254
 118.2080388551760635 121.6492301450466592  90.2287537163380132   0.5972340140577036
 117.2612860620815207 122.9021185718364698  88.5072132083357501  -0.5679659881374090
 116.7661778149941517 120.5853143316490033  92.0088757344918328  -0.4157659864910745
 117.6732463592763602 119.7821807247324767  93.4942004757539392   0.2718340135089254
 114.0487516344153872 121.0634150435310670  92.3301291772584488  -0.0581659864910746
 113.0849913061155523 120.5890937839168505  90.5840222295152130   0.1359340135089254
 112.9583796551428283 119.2058142538864955  94.2803265474651740  -0.0074659864910746
 114.3416591851731833 118.7428313510757801  95.7240773137810159   0.0366340135089255
 111.3540021674436917 120.1053238936330097  95.2100718053544384   0.0366340135089255
 111.9832809700394655 116.8001928854047356  93.0803504524251828   0.1867340135089255
 111.4484884741397490 116.5715360232002600  90.5122126364261983  -0.5432659864910745
 109.4945116516651766 114.9936147013760131  90.3515859150428902   0.1634340135089254
 108.2397334987414625 114.9331434650905397  88.7509878796116008   0.1434340135089255
 108.9653883341672238 113.9788317674603026  92.6003600144091890  -0.2795659864910745
 107.2476272784328079 113.1473522685349561  92.9556285275863755   0.3338340135089254
 110.5130740378487340 115.1107777216791396  94.3502464144202586  -0.2207659864910745
 110.2201664870909379 115.0956599126077645  96.3457972118411091   0.1861340135089254
 113.4497084499623500 123.8375330081274713  92.9027161958365829   0.5972340140577036
 111.7036015022191142 124.8920001908555429  91.7783291461534403  -0.5679659881374090
 114.9142462037513309 125.0998700655868795  94.5297703971427887  -0.4157659864910745
 116.3183127212548116 124.1587864508940874  95.4368389414249837   0.2718340135089254
 114.4266968611996429 127.7757222712193663  95.1307033077297428  -0.0389659864910746
 112.4538227773858618 127.9250106357991329  95.7089595047096409   0.1006340135089254
 115.9951695523542787 128.7508209563227423  97.3832568593638754   0.3653340135089254
 115.1655797795628489 130.5271635222087147  98.0163151142274963   0.0042340135089254
 116.0178462659613347 126.8969996189459776  99.6036850667213409  -0.2438659864910745
 117.1252257804391854 127.6680078815858508 101.1457015920010871   0.0641340135089254
 114.1016639661651932 126.5285030228313465 100.2405227738528090   0.0641340135089254
 116.8833408352972650 125.1244365053278390  99.0632233924198602   0.0641340135089254
 118.5462998331479714 129.2005757761959993  96.7993314839821997  -0.6761659848447401
 118.6634628534510845 130.7255847662704537  95.8110047159413923   0.4101340135089254
 114.7479503039662589 129.4424607213379199  92.7874429016673867   0.5972340140577036
 113.1208961026600531 131.0354998522335150  92.2696579409729620  -0.5679659881374090
 116.6943682219051504 128.8887709640989810  91.2208599366466677  -0.4157659864910745
 117.9302491134896423 127.5470654090149039  91.7027401007965917   0.2718340135089254
 117.1214463281713516 130.3400806349505038  88.9550783020750903  -0.0875659864910746
 117.0496367350823369 132.3299622539695767  89.3727077776716804   0.0968340135089254
 119.7991882599377686 129.7996189606490231  87.9157289284184071   0.2984340135089255
 120.1204417027043712 127.7643839144158382  87.8911624886774210  -0.0297659864910745
 120.2357149968735675 130.8162916206986504  85.2323178182502262  -0.3192659864910745
 119.7972985338038384 132.8288499533248063  85.1586184990272947   0.0790340135089254
 122.2010301761516678 130.5290532483426182  84.6842972394130649   0.0790340135089254
 119.0470772586371043 129.8109573174525510  83.8830533586304550   0.0790340135089254
 121.7890698789568283 131.0468382090370429  89.6221516273492951  -0.3192659864910745
 121.5774205519576579 130.4118902280395051  91.5666798191542565   0.0790340135089254
 123.6787960128780801 130.5328327006104787  88.9834241940839102   0.0790340135089254
 121.5887589087611858 133.0971910643416163  89.5692392955995025   0.0790340135089254
 115.1202263523487372 129.8544210185327326  87.0086603841361988   0.5972340140577036
 114.2301653432718342 131.6345430366865657  85.8124637413640413  -0.5679659881374090
 114.3681153510480863 127.4525791023188200  86.6137076221466645  -0.4157659864910745
 115.1183366262148205 126.0050488837351576  87.6077035685892359   0.2718340135089254
 112.5218529182070159 126.8818818098746161  84.6956355962165928  -0.0597659864910745
 112.9640488335445922 127.7303688440052544  82.8720498769825783   0.0868340135089254
 112.0588700153963141 124.0756385010015582  84.3554848921107680   0.1302340135089254
 113.8144255938091608 123.1629007783175858  83.7828978735326204   0.0186340135089254
 111.1291247575070633 122.9077877502382339  86.8555925672885850  -0.3204659864910745
 109.3735691790942163 123.8186357467882760  87.4281795858667192   0.0881340135089254
 110.8022021363386831 120.8914499653442444  86.5929206346735255   0.0881340135089254
 112.5539782624836828 123.1855774919246415  88.3163508688097053   0.0881340135089254
 110.3070938892513143 123.5861994323159532  82.0802546268695796  -0.0430659864910745
 109.8195445466996263 121.5849794564933522  82.0972621620748714   0.0235340135089254
 110.0746575747790049 128.1517777718696917  85.3494808385533393   0.5972340140577036
 109.3093184905408958 128.0780784526467600  87.7834480990439191  -0.4157659864910745
 110.3467781380636621 127.1691201822306482  89.1043666666548704   0.2718340135089254
 107.0133012378265683 129.2931723567581263  88.5639049923533899  -0.0518659864910745
 105.4693949864129052 128.5410613554574754  87.4281795858667192   0.0921340135089254
 106.3802429829629473 128.8963298686346753  91.3720380273603647  -0.1102659864910745
 106.0911148844729982 126.8592050962675601  91.4532962511189904   0.0456340135089254
 107.9392670434479855 129.4178942815969336  92.6135880973466338   0.0456340135089254
 103.9538346270080619 130.2569326850579744  92.2375325966963084   0.3530340135089254
 104.1446969665341067 132.2581526608805754  91.7915572290908851  -0.0361659864910746
 101.5860077812047332 129.1986860500620692  90.9355112904245657  -0.4121659864910745
 101.3932557155447715 127.1974660742394681  91.3814866580299757   0.0999340135089254
 103.7327366693392806 130.2493737805222803  95.1325930338636595  -0.4121659864910745
 105.3579011445115561 131.2150238349560585  95.9489547237176445   0.0999340135089254
 102.0055269829352535 131.2206930133577958  95.6919519695043489   0.0999340135089254
 103.6779346114555577 128.3067353148512492  95.8128944420753092   0.0999340135089254
 107.2929807056469197 132.0710697736223645  88.1217090770158135   0.5972340140577036
 109.5530931618167331 133.1463239438235617  88.5865817059604456  -0.4157659864910745
 111.0516459860162844 132.1296512837739344  89.1931837949491637   0.2718340135089254
 113.9164708050408990 135.7276898427599912  87.8250220739901836   0.0186340135089254
 113.1397933639992752 136.4438960475161549  91.6498277690467991  -0.0430659864910745
 111.9965090529769103 137.7818221503323982  92.7213024869801493   0.0235340135089254
 112.6087803203674057 134.5220445693182493  92.1657230036072937   0.0235340135089254
 115.9384777683366391 136.8653049753805920  92.2545401319016003  -0.0660659864910746
 116.4713805381024387 138.7871564535784974  91.7405346234750092   0.0185340135089254
 116.2559517588354213 136.5818460552923934  94.2689881906616461   0.0185340135089254
 117.0817620793590038 135.5273788725643487  91.1849551401021670   0.0185340135089254
 124.9127871783286686 108.8009821605160821 115.0370784024562080  -0.8340659864910746
 124.2249268655813248 109.7515144058784721 113.6141146236135051   0.4169340135089254
 123.8299741035918039 109.3508924654871605 116.4033503972812712   0.4169340135089254
 141.4460011240056922  86.2149754078892698 118.4990566797999427  -0.8340659864910746
 141.3893093399880525  87.4735330130808309 117.0912107100286150   0.4169340135089254
 139.7225708898695258  86.0449000558363641 119.2606163117702048   0.4169340135089254
 132.6001930911203171  78.1496242683133655 124.6784611377224424  -0.8340659864910746
 133.0782938030023940  78.9773243149708783 126.3092947912964818   0.4169340135089254
 130.8106224422968864  78.5785921007134968 124.2532727575901445   0.4169340135089254
 106.4010299704360863 119.8124163428752134  91.2662133638607795  -0.8340659864910746
 106.1515861207584851 121.0331794253883436  92.6872874165695654   0.4169340135089254
 105.1689285311194282 118.3894525640325105  91.4343989897797683   0.4169340135089254
 109.1449123168897407 116.1898113441481705 115.3640010236245880  -0.8340659864910746
 107.6444697665562725 116.5998819152090799 114.3926817907890590   0.4169340135089254
 109.0617643669972114 117.4275819618665927 116.7189346616461233   0.4169340135089254
 106.8035416369613149 121.2996308102712235 104.1012332654539253  -0.8340659864910746
 106.6523635462476179 120.1941410219273028 102.5762242753794708   0.4169340135089254
 108.5798842028472873 121.2504979307892779 104.7418504248532270   0.4169340135089254
 115.9422572206044861 113.8389920335501337  88.9229529577984234  -0.8340659864910746
 114.4437043964049347 114.8216496231891906  89.3405824333950268   0.4169340135089254
 117.2556168836797567 115.1164469000809036  88.9475193975394095   0.4169340135089254
 104.2467421777658581  94.4617402563216211  99.3523514909098227  -0.8340659864910746
 105.3163271695652913  95.1477108429350346  97.9558438779420094   0.4169340135089254
 104.9629483825220084  95.0003122044891715 101.0172002148944462   0.4169340135089254
 128.1158729753252045 103.2773126710642594 107.7654122391272326  -0.8340659864910746
 129.7542655334349114 104.0936743609182444 107.5178581155835483   0.4169340135089254
 127.7795017234871999 102.5951215367186796 106.1100121458122205   0.4169340135089254
 133.4297828639117602  92.5039839815792015 117.0855415316268511  -0.8340659864910746
 132.3450800630409653  91.4495167988511434 118.1305600836852982   0.4169340135089254
 134.7658192405940732  91.3304640524141000 116.6301175333518299   0.4169340135089254
 135.8448528630631043 101.4159324291518275 120.3283115774357079  -0.8340659864910746
 137.1997865010846394 100.7772049958864424 121.4791547929937670   0.4169340135089254
 136.5799563291584901 102.6726003082094583 119.1264457562617999   0.4169340135089254
 146.1703164588088219 116.5923230106733990 109.0617643669972114  -0.8340659864910746
 144.3542896441105017 116.1028839419877942 109.2337294451840472   0.4169340135089254
 146.9318760907790973 115.6795852879894400 107.5915574348064799   0.4169340135089254
 134.0420541313022423  87.1541692964481316 111.7659624646385180  -0.8340659864910746
 133.2464794289213829  86.2055267772196721 113.1927056957490678   0.4169340135089254
 135.6332035360639339  87.9762001647038805 112.3650056490915550   0.4169340135089254
 141.8768586825397540 113.1889262434812208 114.0430824560136231  -0.8340659864910746
 141.9146532052181715 111.7961980827812546 115.3205373225443931   0.4169340135089254
 142.3795258341627902 114.8140907186534963 114.8670030504032889   0.4169340135089254
 129.0267209718752466  74.1604123996056083 107.9619437570550413  -0.8340659864910746
 130.2871683032006978  75.2923583538244451 107.1266848058618478   0.4169340135089254
 128.9492422003844545  74.5572548877290727 109.8082061898960984   0.4169340135089254
$end
