$point_charges
 434.9280286265117976 466.5771619174249059 451.9620199976779809  -0.4121337308226831
 435.8634430628028257 464.7989296254050568 451.5198240823403911   0.0999662691773169
 435.4136882429295687 467.9717798042587890 450.5239384097639163   0.0999662691773169
 435.6347862005983367 467.2139996245564008 453.7837159907780650   0.0999662691773169
 432.9816107085729059 466.9135331692629372 458.4966929687776668  -0.5679337324690175
 436.0429670455253426 471.2277779330051307 458.8992046353028818   0.0212662691773169
 437.4054595880825720 469.7821374405553989 458.3663018655370685   0.1123662691773169
 437.1862513565476805 473.8374897239503801 458.3417354257961361  -0.1231337308226831
 437.7985226239381894 473.9130787693072151 456.3707510681162585   0.1111662691773169
 439.8658830144480278 474.4875555140192796 460.3826396504310581  -0.3119337308226831
 441.4475837885401487 472.7527869230795583 459.4302176789347647   0.1932662691773169
 435.4325855042687641 470.7950306483371387 461.7092273964437735   0.5972662697260950
 436.6079951595678094 469.2019915174415436 462.9224315744212094  -0.5679337324690175
 432.4128031422626323 463.2852589921341036 464.7800323640658078   0.5972662697260950
 432.5375250671014396 461.7167863009794946 466.4902345152645428  -0.5679337324690175
 434.3195368113891492 463.6783220279897210 463.1699856979648938  -0.4157337308226831
 434.1419025548005626 465.0370351182790899 461.8282801428808437   0.2718662691773169
 436.7194890014691585 462.2969322240932962 463.3476199545535342  -0.0518337308226831
 436.3226465133456805 460.2787047130653764 463.4250987260442995   0.0921662691773169
 438.3616610118467258 462.8544014336000417 461.0081390007590251  -0.1102337308226831
 438.5600822559084380 464.8990851105028780 460.8418431009739128   0.0456662691773169
 440.2438282412323104 462.0663856357548769 461.3142746344542258   0.0456662691773169
 437.3204219120560856 461.8056034292737878 458.5004724210454736   0.3530662691773169
 435.3664450895815267 462.4046466137267847 458.2510285713679126  -0.0361337308226831
 438.8662178896036923 462.8241658154573185 456.2838236659558954  -0.4121337308226831
 438.1632397677850138 462.0455986482817512 454.5131502784716601   0.0999662691773169
 438.7131500727560921 464.8745186707618919 456.2233524296703951   0.0999662691773169
 440.8485406040870980 462.2969322240932962 456.5087010758925240   0.0999662691773169
 437.4167979448860999 458.9181018966420771 458.3776402223405966  -0.4121337308226831
 436.6798047526567839 458.2699258327071079 456.5691723121779705   0.0999662691773169
 439.3688850412267287 458.2812641895106360 458.5590539311970436   0.0999662691773169
 436.2886314429350967 458.0922915761185214 459.8837519510758823   0.0999662691773169
 438.1330041496422368 462.9129829437516119 465.8080433809189898   0.5972662697260950
 438.9909398144424997 461.1801040789458209 467.1006160565211213  -0.5679337324690175
 438.2029240165973348 465.3186043122333581 466.5771619174249059  -0.4157337308226831
 437.5925424753407563 466.6886557593263087 465.3809652746527887   0.2718662691773169
 439.3424288753518659 466.0782742180697301 468.9790038336388453   0.0212662691773169
 441.3285310421030784 465.5132461040272633 468.9657757507013871   0.1123662691773169
 439.2120377721112678 468.9619962984335267 469.2681319321287810  -0.1231337308226831
 437.2486123189671111 469.5837161964936331 469.1698661731648901   0.1111662691773169
 440.0019432960903630 469.4854504375297422 471.1011662820323932   0.1111662691773169
 441.0337337652113520 470.4907847407758684 466.7944804228258670  -0.3119337308226831
 440.7994077246051258 472.8737293956505588 467.5938345774745599   0.1932662691773169
 438.0933199008299158 464.7460172936552239 471.2391162898086588   0.5972662697260950
 439.4161281945747708 463.6121816133024836 472.7754636366866141  -0.5679337324690175
 435.5648663336432925 464.7743631856640707 471.4545450690756896  -0.4157337308226831
 434.5217375077187220 465.6871009083480431 470.1260675969290439   0.2718662691773169
 434.2893011932464259 463.4969083191332740 473.5672588867996398  -0.0518337308226831
 435.2568409738141079 464.0940617774523943 475.2869096686679726   0.0921662691773169
 434.5935471008077501 460.6094067865016170 473.4500958664964999   0.5972662697260950
 434.7938580710033925 459.4037615130598483 475.4248596764442381  -0.5679337324690175
 434.7182690256465575 459.4887991890863349 471.1880936841928099  -0.4157337308226831
 434.5179580554509150 460.5470458240822401 469.6026134578328284   0.2718662691773169
 435.2549512476801775 456.7959394482485294 470.8932964073010833   0.0336662691773169
 433.8678922653819618 455.7263544564490961 471.9817786604397121   0.0822662691773169
 434.9752717798598394 456.0665051605549343 468.1040606336333174  -0.1825337308226831
 435.2719587828854962 454.0388290188574169 467.8905215805002167   0.0602662691773169
 433.0855456459385876 456.5464955985709147 467.4388770344930294   0.0602662691773169
 436.3698896666937226 457.0623908331314091 466.9607763226109256   0.0602662691773169
 437.8797808476968153 456.1194174923047135 471.9420944116273911   0.5972662697260950
 438.1405630541779579 454.2145735493121267 473.2535643485687180  -0.5679337324690175
 439.7808453384215951 457.7332436106734879 471.5320238405664549  -0.4157337308226831
 439.4992761444673268 459.2317964348729991 470.3679525420709375   0.2718662691773169
 442.2620557522601765 457.4176593463086358 472.6998745913297791  -0.0024337308226831
 442.8762167457846154 455.4825797851732722 472.3521649826882735   0.0977662691773169
 444.1631202429849562 459.1807738292571500 471.4016327373259105  -0.0343337308226831
 444.1668996952528169 458.8009388763389909 469.3777360478961998   0.0294662691773169
 443.5659667846658359 461.1347506517317091 471.6661943960748600   0.0294662691773169
 446.8276340918139150 458.8557409342227003 472.3994081360363156   0.0117662691773169
 448.0483971743270720 456.4954729929550658 472.1745307260996870  -0.1256337308226831
 447.1507772607144881 454.9723537290145149 471.2069909455320053   0.1329662691773169
 450.4237829246660951 456.1156380400369067 473.3026972280506902  -0.1704337308226831
 451.3214028382786789 454.3109495821420875 473.1836444816136200   0.1429662691773169
 451.5878542231615588 458.1055196590559796 474.6217260695276845  -0.1072337308226831
 453.3604173367796706 457.8031634776285320 475.5287946138099198   0.1296662691773169
 450.4200034723982346 460.4865745877967398 474.7766836125092690  -0.1704337308226831
 451.3270720166804161 461.9964657687998325 475.7612309282822159   0.1429662691773169
 448.0294999129878230 460.8588506361792317 473.6768630025670586  -0.1256337308226831
 447.1167621903039043 462.6484212850026623 473.8507178068878383   0.1329662691773169
 442.2053639682425368 457.7596997765483506 475.5911555762292966   0.5972662697260950
 443.4072297894164447 456.3027209272950908 476.9460892142508587  -0.5679337324690175
 440.6822447043020396 459.5190348072290581 476.5927104272075623  -0.4157337308226831
 439.7978528736268601 460.7303492590725637 475.3984035105693217   0.2718662691773169
 440.2608357764375755 459.7533608478352842 479.3498208565986749  -0.0875337308226831
 442.0919804002072574 460.0292608633878153 480.2531099486130495   0.0968662691773169
 438.5789795172476870 462.0455986482817512 480.0187839080067697   0.2984662691773169
 436.7610629764154096 461.8622952132914276 479.0758105671800739  -0.0297337308226831
 438.0914301746959857 462.2610274275487821 482.8722703702278965  -0.3192337308226830
 439.8810008235194163 462.3196089377003520 483.8927224825453574   0.0790662691773169
 439.7808453384215951 464.5532652279952490 479.2062016704206722  -0.3192337308226830
 438.4901623889533402 466.1103995623463837 479.5879263494727615   0.0790662691773169
 441.5401803691022488 464.8537316832887663 480.2398818656755913   0.0790662691773169
 440.2098131708217266 464.5381474189239142 477.2012022423302105   0.0790662691773169
 439.1477870835579607 457.3137244089429541 480.4609798233443592   0.5972662697260950
 439.9717076779476398 456.4746860054819402 482.4659792514348209  -0.5679337324690175
 437.3544369824666695 456.1024099570994484 479.1513996125369627  -0.4157337308226831
 436.7251581798708956 456.9074332901498785 477.5300145896325208   0.2718662691773169
 436.3169773349439434 453.6306481739304109 479.9186284229089484  -0.0875337308226831
 435.7254930550265602 453.7553700987692183 481.8877230544548959   0.0968662691773169
 433.9737169288815739 452.9333392305134694 478.3255892920133533   0.2984662691773169
 434.4348101055583589 453.0769584166915259 476.3262590423246824  -0.0297337308226831
 434.4064642135495122 448.8590896857792930 478.2140954501120042   0.0790662691773169
 438.3238664891682815 451.5462802482153075 479.8014654026058622   0.5972662697260950
 438.4712651276141448 450.0061534490694916 481.5343442674116532  -0.5679337324690175
 439.9150158939300002 451.5236035346082516 477.8418194017295123  -0.4157337308226831
 439.6806898533237738 452.8105070318085923 476.4434220626277689   0.2718662691773169
 441.9956043673772968 449.7208048028473627 477.6169419917928839   0.0336662691773169
 441.2264858308713270 447.8178505859886527 477.7964659745154005   0.0822662691773169
 443.1502270352031628 449.9759178309267145 474.9732151304370508  -0.1825337308226831
 444.3804387483859174 448.3658711648258008 474.6255055217955452   0.0602662691773169
 441.6630125678071258 449.9740281047928381 473.5464718993265141   0.0602662691773169
 444.2387092883417914 451.7201350525360334 474.8295959442590481   0.0602662691773169
 443.9817065341285093 450.0382787933461451 479.7296558095168340   0.5972662697260950
 445.0248353600530798 448.1674499207640886 480.6159373663258900  -0.5679337324690175
 444.4257921756000291 452.3494138551318074 480.6575113412721948  -0.4157337308226831
 443.6547839129601293 453.8611947622688303 479.7655606060613480   0.2718662691773169
 445.9791470576833033 452.7557049739248830 482.9195135235759385  -0.0518337308226831
 447.6817903043463174 451.6067514845007541 482.7683354328622148   0.0921662691773169
 446.8144060088764568 455.5354921169230513 483.1538395641821647  -0.1102337308226831
 445.1552264632936242 456.7468065687665570 483.3201354639672234   0.0456662691773169
 447.8783218222741529 455.6904496599045819 484.9131745948628721   0.0456662691773169
 448.4905930896646081 456.5370469679013169 480.9863236885744514   0.3530662691773169
 447.3170731604995468 457.1455387830239653 479.4159612712859123  -0.0361337308226831
 450.0174918058730195 458.8141669592764491 481.9066203157941449  -0.4121337308226831
 451.0644000840653970 459.6286389229964769 480.3305887201038148   0.0999662691773169
 448.7438163916100833 460.2446896426547925 482.6587313170947958   0.0999662691773169
 451.3440795518857349 458.2378004884304544 483.3730477957170024   0.0999662691773169
 450.3633116883805948 454.5566139795518416 480.0339017170781580  -0.4121337308226831
 451.8032830024285897 455.4504544408966187 478.8811687753862223   0.0999662691773169
 451.2439240667879137 453.6193098171268830 481.6344997525094742   0.0999662691773169
 449.3749849203397874 453.1676652711197494 478.8773893231183619   0.0999662691773169
 444.6714565730097834 451.8297391683035061 485.3270246181916152   0.5972662697260950
 445.8336381453713705 450.5069308745585974 486.8444747037303751  -0.5679337324690175
 442.2526071215905787 452.4703563277028078 485.6633958700295927  -0.4157337308226831
 441.4267968010669694 453.5834050205824227 484.3386978501507539   0.2718662691773169
 440.6992522395073046 447.4323464546687027 486.0715767149565986  -0.4157337308226831
 440.9524755414527799 448.3261869160134798 484.3991690864363079   0.2718662691773169
 440.8768864960958911 443.7303729583170179 483.3390327253064187  -0.0074337308226831
 439.1572357142275583 444.2859524416898333 482.3469265049978043   0.0366662691773169
 442.4699256269915399 444.6374415025991995 482.4092874674171811   0.0366662691773169
 445.2232566041147920 446.4704758525028118 486.8123493594537216   0.2718662691773169
 449.7000178153742371 445.4349059311139621 488.1710624497430905  -0.1102337308226831
 449.3674260158040663 447.3340806957048118 488.9004967374366320   0.0456662691773169
 451.3591973609570696 444.6733462991437135 489.1291535996411747   0.0456662691773169
 450.2782740123541084 445.5993121047650905 485.3232451659237545   0.3530662691773169
 448.6890143337263737 446.4553580434314232 484.3311389456151403  -0.0361337308226831
 452.6007474309433523 447.2641608287497137 484.9377410346038046  -0.4121337308226831
 453.0712892382897351 447.2962861730264211 482.9365210587812036   0.0999662691773169
 452.1547720633379557 449.1727842240102148 485.5670198371996321   0.0999662691773169
 454.1956762879728777 446.5233881842525908 486.0092157525371682   0.0999662691773169
 450.8527507570661730 443.0255051103643554 484.1327177015533745  -0.4121337308226831
 451.4612425721888211 443.2711695077741095 482.1825203313466223   0.0999662691773169
 452.3172885108551537 442.0522961513949364 485.2041924194867381   0.0999662691773169
 449.1387691535996309 441.8803310732080870 484.0968129050088603   0.0999662691773169
 450.7922795207807263 428.8695666411602850 483.2332080618068603  -0.5579337324690176
 452.5024816719794614 429.4194769461313633 482.9780950337274548   0.3991662691773168
 451.5897439492954890 433.7790751370876687 483.2615539538156532   0.1655662691773169
 483.3144662855654324 450.6959034879507121 480.6121579140580830   0.0135662691773169
 482.4111771935511114 452.1169775406595114 481.8026853784284632  -0.0425337308226831
 483.0158895564058992 451.1702247475649552 478.6317249257086077  -0.0425337308226831
 482.1333874518646500 448.1466629332909629 481.1545093144934940   0.8053662680797605
 480.3079120064967590 448.0748533402019348 482.6473929602912679  -0.8188337286275704
 485.0152198060945699 460.7133417238672987 472.6242855459729442  -0.0024337308226831
 486.1282684989741847 461.8471774042200390 471.3109258828976870   0.0977662691773169
 485.1418314570673075 457.9637901990118536 471.7209964539585693  -0.0343337308226831
 483.9928779676431786 456.7846010914450015 472.9625465239448520   0.0294662691773169
 484.3198005888115586 457.8485169048426438 469.8331600461712478   0.0294662691773169
 487.8006761274944755 456.9112127424177390 471.6189512427268180   0.0117662691773169
 489.3634796402473472 457.3477394793535379 469.5137963295385352  -0.1256337308226831
 488.6737296013661806 458.4626778983670830 467.9491030906517330   0.1329662691773169
 482.2902347209801647 461.6827712305689107 472.4636588245896226   0.5972662697260950
 481.6326100263755441 462.9923514413763075 470.6533011882930664  -0.5679337324690175
 480.6971955900845157 461.1555376392048346 474.3609438630465419  -0.4157337308226831
 481.3453716540195388 460.0689451122001363 475.7990254509606602   0.2718662691773169
 477.9741002311039871 461.7564705497918155 474.2891342699575674  -0.0024337308226831
 477.1747460764552941 460.8323944703043153 472.6299547243746813   0.0977662691773169
 476.6607405680287299 460.6642088443853263 476.6380638544216741  -0.0343337308226831
 477.5848166475162303 461.3936431320789214 478.3312584704151441   0.0294662691773169
 474.7086534716881012 461.3275027173916840 476.6777481032340487   0.0294662691773169
 476.5983796056093531 457.7974942992267950 476.7268809827159672   0.0117662691773169
 475.0299069144546904 456.4482298396070238 475.0563630803296069  -0.1256337308226831
 473.8885123295662290 457.4573435951209568 473.7146575252455029   0.1329662691773169
 474.9505384168299948 453.7931646214476628 475.1111651382133164  -0.1704337308226831
 473.7864671183345313 452.7746022352641320 473.7789082137988102   0.1429662691773169
 476.3848405524762526 452.4703563277028078 476.9064049654384841  -0.1072337308226831
 476.3243693161907523 450.4294521030678322 476.9952220937327773   0.1296662691773169
 477.8871728289436242 453.8158413350547186 478.6260557473068169  -0.1704337308226831
 478.8868379537879595 452.8029481272729249 480.0735859658905327   0.1429662691773169
 478.0421303719251548 456.4633476486784123 478.5107824531376610  -0.1256337308226831
 479.2175400272242001 457.4649024996566779 479.8373701991503762   0.1329662691773169
 477.3674981421152692 464.5910597506736934 473.9981164453337014   0.5972662697260950
 475.2188795278468048 465.2713611588853697 473.4255294267555674  -0.5679337324690175
 479.2402167408312559 466.2577982007922470 474.3042520790289560  -0.4157337308226831
 480.9655367011013258 465.5529303528396380 474.7124329239559080   0.2718662691773169
 479.1325023511977137 469.8841826517870966 471.2164395762016028   0.5972662697260950
 478.0100050276485013 471.8117033083867928 470.5380278941238568  -0.5679337324690175
 480.3816113257196637 468.4744469558818788 469.5270244124759934  -0.4157337308226831
 481.2055319201093429 466.8379441239060484 470.1071703355898486   0.2718662691773169
 480.4723181801478873 469.1075052107455133 466.8095982318972555  -0.0581337308226831
 480.9957723192441028 471.0841587468271280 466.5771619174249059   0.1359662691773169
 482.4848765127740162 467.4917893662428086 465.4811207597506098  -0.0074337308226831
 481.9500840168743263 465.5056871994915961 465.6341885765982102   0.0366662691773169
 482.5018840479793349 467.9793387087945101 463.4799007839280088   0.0366662691773169
 485.1512800877369051 467.7639099295274790 466.4618886232557499   0.1867662691773169
 487.0636829352652129 466.0026851727128952 466.0385899692573555  -0.5432337308226830
 477.9060700902828195 468.7597956021039538 465.4924591165541379   0.5972662697260950
 477.2824604660888365 470.1619723934735581 463.7425727165430280  -0.5679337324690175
 476.3753919218066012 466.9456585135395908 466.3560639597561379  -0.4157337308226831
 477.0027809982684984 465.8496173558652411 467.7884763692684653   0.2718662691773169
 473.9244171261107430 466.3485050552204705 465.2146693748677301  -0.0252337308226831
 474.2003171416632741 465.7494618707674198 463.2606925523931175   0.0697662691773169
 473.0419150215695476 464.7989296254050568 466.2483495701226492   0.0697662691773169
 472.1310670250195055 468.6142866897920210 465.2316769100729951   0.5972662697260950
 471.6038334336554831 469.7405634656090939 463.2701411830627151  -0.5679337324690175
 471.2655724556835752 469.4023024876371861 467.4615537481000852  -0.4157337308226831
 471.8249313913242510 468.5065723001585324 469.0508134267278735   0.2718662691773169
 469.4268689273781722 471.4658834258792175 467.6788722535010463  -0.0275337308226831
 467.8168222612772582 471.0180183321398907 466.4751167061932081   0.1122662691773169
 468.4479907900069624 471.6000539813876226 470.3868498034101867  -0.0050337308226831
 467.1875434586814844 473.2214390042920645 470.5493662509273847   0.0338662691773169
 467.3047064789846243 469.9200874483316108 470.7326696859177620   0.0338662691773169
 470.3962984340797842 471.7663498811726811 472.4315334803129691  -0.1415337308226831
 471.2825799908888402 469.7783579882875383 473.7486725956560868  -0.1638337308226831
 470.7553463995248177 467.8546167839557027 473.4746623062374860   0.2061662691773169
 472.8812883001862261 470.5493662509273847 475.6232809205059503  -0.3418337308226830
 473.6825321809688494 469.3342723468160184 476.8667207166261631   0.3411662691773169
 470.4265340522225076 474.0378006941460224 466.7907009705580066   0.5972662697260950
 468.9355401325586639 475.5722583148901013 465.8836324262758249  -0.5679337324690175
 472.9058547399272124 474.5196808582959332 466.9248715260664651  -0.4157337308226831
 474.0604774077530784 473.2025417429528153 467.6845414319027834   0.2718662691773169
 474.4308637300016398 474.8881774544106181 461.5901746500067569  -0.4157337308226831
 475.2774610379983748 473.4217499744877068 462.4972431942889385   0.2718662691773169
 474.0812643952262040 474.7483377205004222 458.8217258638121165  -0.0389337308226831
 474.8995158112141460 476.4396426103599619 457.9845771864849792   0.1006662691773169
 475.4437569377834334 472.4674382768574833 457.6576545653165991   0.3653662691773169
 475.0450247235260790 472.4504307416521644 455.6356476020208726   0.0042662691773169
 478.3085817568080881 472.5864910232944997 457.9902463648867700  -0.2438337308226831
 479.1589585170726301 470.8800683243636251 457.2041202931755353   0.0641662691773169
 479.0455749490373507 474.2229938552703301 456.9830223355067135   0.0641662691773169
 478.8169180868328616 472.7395588401421538 459.9782382577719128   0.0641662691773169
 474.5858212729831705 470.1714210241431556 458.6686580469645163  -0.6761337291763486
 475.1130548643472465 470.0599271822418065 460.4185444469755722   0.4101662691773169
 471.2882491692906310 474.7256610068933662 458.0469381489044096   0.5972662697260950
 470.5909402258736896 476.0352412177008166 456.2516983216791882  -0.5679337324690175
 469.6517463373148008 473.4311986051573045 459.4755711061488766  -0.4157337308226831
 470.3622833636692004 472.2614581282600500 460.8210561135007872   0.2718662691773169
 466.9059742647272161 473.4708828539696792 459.0579416305522730  -0.0237337308226831
 466.5148009550055291 472.8397143252399750 457.1360901523543676   0.0879662691773169
 465.5264741869647215 471.6302895995303458 460.8305047441703849   0.0341662691773169
 466.0744947658018697 472.0139040047163656 462.7750329359753463   0.0240662691773169
 463.4969083191332740 471.9572122206987258 460.6793266534567148   0.0240662691773169
 466.0329207908556184 468.8391640997286494 460.2239026551816669   0.0017662691773169
 468.0171332314729007 468.4366524332034345 460.5848403467606307   0.0439662691773169
 464.9236515502438105 467.7015489671081023 461.5334828659891173   0.0439662691773169
 465.3412810258404141 467.7752482863310071 457.0283757627208252  -0.2737337308226831
 462.0134733040050977 468.5084620262924627 456.7127914983559731  -0.0536337308226831
 461.3331718957934748 467.8017044522059235 454.9005441359255404   0.0683662691773169
 460.9571163951431226 467.6070626604120182 458.2302415838947869   0.0683662691773169
 461.7319041100508294 470.5474765247934543 456.7846010914450015   0.0683662691773169
 465.7815872150440734 476.1240583459951098 459.3225032893012225   0.5972662697260950
 464.2811446647106321 476.9158535961080818 457.7294641584056274  -0.5679337324690175
 466.5696030128892384 477.5602502077752440 461.2519136720348490  -0.4157337308226831
 467.7695791079292162 476.7968008496710653 462.5425966215030503   0.2718662691773169
 465.8004844763833225 480.1945284384614795 461.5769465670692987  -0.0518337308226831
 463.7406829904091516 480.2512202224791192 461.6204102681494803   0.0921662691773169
 470.0996114310541275 480.1642928203187564 459.2110094473998734   0.2718662691773169
 472.9001855615254216 480.1264982976403118 455.3635270387362019  -0.0297337308226831
 468.2023263925972084 482.3091319823193600 453.8007235259833300   0.5972662697260950
 467.5900551252066995 479.9186284229089484 453.2489234948783215  -0.4157337308226831
 468.3024818776950294 478.5183413576733282 454.3563030093561992   0.2718662691773169
 465.9063091398828807 479.2099811226884790 451.1362096771543713  -0.0875337308226831
 466.6678687718531293 479.9923277421319069 449.3901027294111221   0.0968662691773169
 465.7721385843744758 476.3111412332532941 450.8414124002626449   0.2984662691773169
 465.4017522621259142 475.4626541991226824 452.6820056547019782  -0.0297337308226831
 463.6896603847932488 475.4456466639173638 449.0159369548947539  -0.3192337308226830
 463.7935953221589306 473.4028527131485115 448.7570444745475415   0.0790662691773169
 461.8339493212825808 475.8783939485853558 449.7945041220702675   0.0790662691773169
 463.9031994379263495 476.3829508263423223 447.1923512356607394   0.0790662691773169
 468.2968126992932923 475.2925788470697633 449.8455267276861701  -0.3192337308226830
 468.2136647494007362 473.2365568133633991 449.7472609687222792   0.0790662691773169
 468.6823168306131886 476.0541384790400120 447.9690286767023764   0.0790662691773169
 469.8256011416355803 475.8103638077641881 451.1229815942169131   0.0790662691773169
 463.2720309091966454 480.3570448859786776 451.4650220244566816   0.5972662697260950
 462.3385061990395473 481.6382792047773349 449.7661582300614745  -0.5679337324690175
 462.1060698845672515 480.0471298000156162 453.6778913272784530  -0.4157337308226831
 462.9640055493675144 478.9813242604840436 455.0290455130321545   0.2718662691773169
 459.6361978275321980 481.1582887667613008 454.2542577981244477  -0.0024337308226831
 458.2396902145643847 480.3853907779875243 452.9560159441205253   0.0977662691773169
 458.9048738137046727 480.4156263961302475 456.9622353480335880  -0.0343337308226831
 458.2566977497696497 478.4654290259235492 456.9924709661763649   0.0294662691773169
 460.5886197990284913 480.5044435244245409 458.1470936340022309   0.0294662691773169
 456.9131024685516693 482.1126004643915245 458.1263066465291053   0.0117662691773169
 454.4488995899183531 482.2051970449536781 457.1285312478186465  -0.1256337308226831
 453.9292249030899980 480.9957723192441028 455.5751763657354260   0.1329662691773169
 456.0173722810729621 482.3658237663369997 446.2399292641643924   0.0559662691773169
 455.7263544564490961 482.2505504721677901 448.2789437626654377  -0.0173337308226831
 454.1805584789015431 482.1296079995968432 445.3328607198822108  -0.0173337308226831
 457.7162360754681692 480.1567339157830352 445.4103394913729760   0.0135662691773169
 459.0862875225610661 479.7617811537934876 446.8918847803672757  -0.0425337308226831
 456.5351572417673868 478.4767673827270771 445.2213668779808616  -0.0425337308226831
 459.0843977964271894 480.6291654492633482 442.9026729116594782   0.8053662680797605
 457.7256847061377668 480.9787647840387840 440.9808214334615728  -0.8188337286275704
 461.4333273808912960 480.6291654492633482 442.8592092105792968  -0.8188337286275704
 443.7039167924421015 471.6964300142175832 441.9067872390830034  -0.5679337324690175
 443.4506934904966263 475.6043836591667548 447.2736094594193652  -0.5679337324690175
 440.4101241410173689 471.9572122206987258 450.5976377289868211   0.5972662697260950
 441.2038091172642711 471.9761094820379211 452.7802714136658691  -0.5679337324690175
 440.8579892347566958 470.0750449913131414 448.9762527060823793  -0.4157337308226831
 440.1701289220093520 470.2281128081607955 447.2017998663303370   0.2718662691773169
 442.3263064408134835 467.8130428090094514 449.6149801393477507  -0.0875337308226831
 441.5099447509595256 466.9437687874056604 451.2949466724037625   0.0968662691773169
 442.3300858930813442 465.8307200945260458 447.4795896080167448   0.2984662691773169
 443.4714804779698056 466.5336982163447244 445.9148963691299425  -0.0297337308226831
 443.4431345859609589 463.3249432409464782 448.4150040443077730  -0.3192337308226830
 443.4884880131750707 461.9548917938535277 446.8805464235637478   0.0790662691773169
 445.3838833254981133 463.5895048996954278 449.0537314775731446   0.0790662691773169
 442.3263064408134835 462.5690527873779667 449.9702486525249774   0.0790662691773169
 439.6901384839933716 465.2543536236800511 446.4496888650296861  -0.3192337308226830
 439.8791110973854860 463.9069788901942100 444.9076723397499399   0.0790662691773169
 438.5071699241586588 464.4436611122278301 447.9236752494882647   0.0790662691773169
 438.8076363794521224 466.9551071442091885 445.7070264943986328   0.0790662691773169
 445.0626298827314704 468.4895647649532137 450.2480383942113852   0.5972662697260950
 445.9848162360850406 467.6410777308226020 452.1944563121502767  -0.5679337324690175
 446.2833929652446275 470.1222881446611834 448.7457061177440136  -0.4157337308226831
 445.3971114084355178 470.7836922915336108 447.1942409617946696   0.2718662691773169
 448.9422376356717954 470.8158176358103180 449.1387691535996309  -0.0518337308226831
 450.0987500296315916 469.1018360323437223 449.0934157263855192   0.0921662691773169
 449.8285191924808514 472.6242855459729442 447.0373936926792087  -0.1102337308226831
 448.5246081600751918 474.2192144030024696 446.9618046473223201   0.0456662691773169
 451.6823405298576428 473.3612787382022065 447.5551786533736334   0.0456662691773169
 450.0307198888104240 471.4469861645400222 444.3861079267876545   0.3530662691773169
 448.2619362274601727 470.5210203589185916 443.8909996797002858  -0.0361337308226831
 450.5371664927013209 473.5634794345317791 442.4737050792593469  -0.4121337308226831
 450.7469260935666146 472.7660150060170165 440.5934275760076926   0.0999662691773169
 448.9554657186092536 474.8787288237409667 442.4793742576611376   0.0999662691773169
 452.2700453575071119 474.5574753809743775 442.9782619570163134   0.0999662691773169
 452.1831179553467488 469.5326935908777842 444.1914661349938030  -0.4121337308226831
 452.3210679631230144 468.7938106725145377 442.2771735613315650   0.0999662691773169
 453.9632399735005819 470.4151956954189795 444.7243689047595626   0.0999662691773169
 451.8391877989731037 467.9415441861160656 445.4594723708549484   0.0999662691773169
 449.3749849203397874 472.0044553740467679 451.7371425877413523   0.5972662697260950
 450.9774726819049803 471.1673066967196306 453.1733344495214865  -0.5679337324690175
 447.8877704529437507 473.9168582215750757 452.4325618050243635  -0.4157337308226831
 446.5328368149221885 474.5064527753585286 451.2269165315825950   0.2718662691773169
 448.1523321116927001 475.1073856859454557 454.9307797540682636  -0.0597337308226831
 450.1497726352474943 475.5344637922116569 455.2066797696207411   0.0868662691773169
 446.6783457272341752 477.6245008963285513 455.0611708573088081   0.1302662691773169
 446.9296793030456665 478.3766118976292022 456.9660148003014485   0.0186662691773169
 447.8499759302653062 479.5387934699907893 453.2054597937981400  -0.3204337308226831
 449.8908801549002818 479.6143825153476243 453.4813598093506712   0.0881662691773169
 447.4588026205436191 478.9813242604840436 451.2609316019931787   0.0881662691773169
 443.8135209082095203 477.2843501922227668 454.5962982283642162  -0.0430337308226831
 443.5017160961125288 476.6626302941626602 452.6574392149609921   0.0235662691773169
 443.0935352511855229 475.8292610691033834 455.8586352858235709   0.0235662691773169
 447.4550231682757585 473.3083664064524273 457.1039648080777140   0.5972662697260950
 448.5302773384769827 473.5483616254604445 459.1467587588465663  -0.5679337324690175
 445.7410415648092167 471.4923395917540803 456.6976736892846385  -0.4157337308226831
 445.0021586464460238 471.2939183476923681 454.9458975631396521   0.2718662691773169
 445.1514470110257638 469.5534805783509099 458.5760614664023624   0.0336662691773169
 444.7470456183666183 470.4756669317044798 460.3750807458953906   0.0822662691773169
 442.7779509868206709 468.1229578949725127 457.7540305981466135  -0.1825337308226831
 442.1770180762337438 466.8889667295219511 459.2884882188906387   0.0602662691773169
 441.2850673410228970 469.4589942716548257 457.3080552305412170   0.0602662691773169
 443.1691242965423581 466.9758941316823140 456.0891818741619902   0.0602662691773169
 447.4040005626599096 467.7676893817953397 459.0144779294720916   0.5972662697260950
 448.2600465013262424 467.5295838889212529 461.1555376392048346  -0.5679337324690175
 448.4414602101826894 466.6848763070584482 456.9830223355067135  -0.5163337308226830
 447.6383266032661360 467.0495934509052188 455.2765996365758389   0.2935662691773169
 450.8187356866555891 465.2373460884747861 456.9131024685516693   0.0396662691773169
 450.6146452641921398 463.4383268089817577 457.8900908797889488   0.1104662691773169
 451.4083302404390420 464.6704282482983890 454.1238666948839032   0.0559662691773169
 449.8700931674271562 463.5554898292848439 453.3245125402352103  -0.0173337308226831
 451.4612425721888211 466.4618886232557499 453.1185323916377770  -0.0173337308226831
 453.9084379156168724 463.2909281705358944 453.6249789955286738   0.0135662691773169
 455.3087249808524926 463.8313898448373750 455.0384941437017523  -0.0425337308226831
 453.6041920080555482 461.2556931243027095 453.8007235259833300  -0.0425337308226831
 454.9345592063361242 463.9315453299351961 450.9907007648424385   0.8053662680797605
 453.4284474776008383 463.9391042344708636 449.1614458672066867  -0.8188337286275704
 457.2494737203896470 464.3775206975405927 450.8319637695930473  -0.8188337286275704
 452.9522364918527186 466.6678687718531293 458.2623669281714405   0.5365662691773169
 454.1333153255535010 465.6946598128837105 460.0160327804503571  -0.5819337324690175
 453.3585276106457941 469.0659312357992084 457.5820655199597641  -0.4157337308226831
 452.3872083778102518 469.7613504530822196 456.0797332434923925   0.2718662691773169
 455.4315571795573696 470.5569251554631058 458.6327532504200021  -0.0014337308226831
 457.1738846750327582 469.5421422215473818 458.2755950111088450   0.0875662691773169
 455.5997428054763584 473.1515191373369665 457.3439600270856773  -0.0152337308226831
 453.8517461315992327 474.1738609757883577 457.7370230629412947   0.0294662691773169
 457.1342004262204372 474.1927582371275530 458.2415799406983150   0.0294662691773169
 456.0627257082870738 473.2327773610955924 454.5037016478020624  -0.0011337308226831
 456.8148367095877247 471.0539231286843512 453.1468782836465701  -0.1906337308226831
 457.0397141195243533 469.2775805627983788 454.0709543631340704   0.1698662691773169
 457.1814435795684793 471.1106149127019908 450.5220486836299860  -0.2341337308226831
 457.6425367562452644 469.4098613921729072 449.5507294507944436   0.1655662691773169
 456.8677490413375575 473.5956047788084865 449.1255410706621727   0.3225662691773169
 457.3023860521394262 473.8034746535397963 446.6046464080112167  -0.5579337324690176
 457.4044312633711776 475.5439124228812547 446.1057587086559873   0.3991662691773168
 456.0513873514835458 475.8727247701835650 450.6637781436740584  -0.2341337308226831
 455.7565900745918193 477.6566262406052048 449.7831657652667397   0.1655662691773169
 455.6602140417618587 475.5665891364883105 453.2734899346193078  -0.1906337308226831
 455.0328249653000152 477.1369515537769035 454.3600824616240597   0.1698662691773169
 455.2350256616295878 470.8857375027653622 461.5013575217124638   0.5972662697260950
 457.1190826171490489 470.5909402258736896 462.8392836245287071  -0.5679337324690175
 452.9843618361293721 471.5169060314950664 462.4632281238783547  -0.4157337308226831
 451.4876987380637376 471.6680841222087902 461.2727006595079747   0.2718662691773169
 452.5818501696041570 471.9099690673506838 465.1712056737874948  -0.0518337308226831
 454.2561475242583780 472.8340451468381842 465.9403242102934646   0.0921662691773169
 450.2688253816845108 473.6352890276208075 465.5567098051074449  -0.1102337308226831
 448.8194054369669184 473.1590780418726339 464.1696508228092292   0.0456662691773169
 449.4789198577054691 473.2460054440330506 467.4218694992877105   0.0456662691773169
 450.8565302093340334 476.4906652159758108 465.4489954154739563   0.3530662691773169
 452.0489473998383437 476.9668762017239844 467.0609318077087467  -0.0361337308226831
 452.1944563121502767 477.4128515693293809 463.0528226776618076  -0.4121337308226831
 452.4514590663635588 479.4556455200982869 463.1246322707507821   0.0999662691773169
 454.0520571017948750 476.5397980954577832 462.9054240392159444   0.0999662691773169
 451.0832973454045923 476.9271919529116097 461.3917534059449911   0.0999662691773169
 448.3847684261650497 477.9741002311039871 465.6908803606158499  -0.4121337308226831
 448.7853903665563345 479.9923277421319069 465.7456824184995594   0.0999662691773169
 447.1677847959197531 477.5564707555073836 464.0808336945149361   0.0999662691773169
 447.4247875501330353 477.4336385568025066 467.4294284038234316   0.0999662691773169
 452.3626419380692657 469.4193100228425048 466.6565304150496014   0.5972662697260950
 452.8917652555672183 469.4457661887173675 468.9204223234872754  -0.5679337324690175
 451.7484809445448802 467.2858092176453753 465.4414365109382352  -0.4157337308226831
 451.2269165315825950 467.3897441550110570 463.5951740780972186   0.2718662691773169
 452.0394987691687461 464.7516864720570147 466.5620441083535712  -0.0875337308226831
 451.1532172123596902 464.7403481152534868 468.4215346241320460   0.0968662691773169
 450.6826754050133075 462.6918849860828437 465.0011303217346296   0.2984662691773169
 451.0946357022081202 462.9602260970996538 463.0018000720459050  -0.0297337308226831
 451.4895884641976679 459.9990252452450385 465.7286748832942944  -0.3192337308226830
 450.3784294974519833 458.6346429765539324 464.6647590698965982   0.0790662691773169
 453.4738009048149500 459.6834409808801864 465.2826995156888978   0.0790662691773169
 451.1891220089041505 459.6872204331480468 467.7450126681882837   0.0790662691773169
 447.8159608598547223 462.8562911597339720 465.4093111666615816  -0.3192337308226830
 446.8540902576888314 461.5089164262481312 464.1809891796127572   0.0790662691773169
 447.3510882309101304 462.4386616841373686 467.3708468936718617   0.0790662691773169
 447.1394389039109603 464.7479070197891542 464.9557768945205176   0.0790662691773169
 454.8362934473721796 464.1715405489431596 466.9966811191554396   0.5972662697260950
 455.6318681497530656 463.8465076539087097 469.1623072686292226  -0.5679337324690175
 456.3707510681162585 464.1639816444074921 464.9916816910649782  -0.4157337308226831
 455.6016325316102887 464.4493302906296210 463.2493541955895894   0.2718662691773169
 459.0598313566862033 463.4496651657852856 465.1447495079126322  -0.0875337308226831
 459.1977813644624689 461.6034027329442151 466.0480385999270069   0.0968662691773169
 460.2919327960028346 463.3249432409464782 462.5029123726907293   0.2984662691773169
 460.1388649791552342 465.1806543044571463 461.6222999942834105  -0.0297337308226831
 463.0981761048759193 462.5841705964493016 462.6030678577885506  -0.3192337308226830
 463.8786329981853633 462.5180301817620642 460.6963341886619798   0.0790662691773169
 464.1866583580145481 463.9580014958100589 463.6821014802575814   0.0790662691773169
 463.3060459796072292 460.7341287113404243 463.4855699623297459   0.0790662691773169
 459.0069190249363704 461.3898636798111146 460.7832615908223965  -0.3192337308226830
 459.8950903078794104 461.4408862854269635 458.9275505273117285   0.0790662691773169
 459.2110094473998734 459.5095861765594603 461.5996232806763547   0.0790662691773169
 457.0151476797834209 461.8358390474165112 460.5602739070196446   0.0790662691773169
 460.5546047286179075 465.3110454076976907 466.7869215182901996   0.5972662697260950
 462.1136287891029187 464.5494857757274421 468.3327174958377528  -0.5679337324690175
 460.0198122327181639 467.7714688340631465 466.6073975355676829  -0.4157337308226831
 458.7347984616517534 468.3402764003734739 465.2978173247602325   0.2718662691773169
 461.1801040789458209 469.6630846941183287 468.2609079027487783  -0.0252337308226831
 463.2172288513129359 469.6763127770557869 467.9566619951874541   0.0697662691773169
 460.4204341731095026 471.5150163053611362 467.7809174647327442   0.0697662691773169
 460.6698780227871173 469.1660867208970296 471.0709306638896698   0.5972662697260950
 462.4197644227981732 469.2926983718697671 472.5997191062319579  -0.5679337324690175
 458.3303970689926082 468.5046825740246020 471.7644601550387509  -0.4157337308226831
 456.9716839787031856 468.3024818776950294 470.4265340522225076   0.2718662691773169
 457.6671031959862505 467.9131982941072727 474.3779513982518606   0.0336662691773169
 458.2321313100286636 469.4930093420654096 475.5741480410240316   0.0822662691773169
 454.7947194724259284 467.5938345774745599 474.5839315468492939  -0.1825337308226831
 454.2826036901332408 467.1875434586814844 476.5379083693238528   0.0602662691773169
 453.8555255838670395 469.3304928945482116 473.9924472669319107   0.0602662691773169
 454.1559920391605568 466.0461488737930766 473.3839554518092625   0.0602662691773169
 459.0579416305522730 465.5604892573753054 475.3473809049534728   0.5972662697260950
 460.0651656599322759 465.6058426845894171 477.4430871874721041  -0.5679337324690175
 459.1864430076589410 463.5403720202134554 473.8337102716825195  -0.4157337308226831
 458.3851991268763177 463.6235199701060115 472.0876033239393241   0.2718662691773169
 460.3958677333685163 461.1649862698744860 474.6273952479294753  -0.0389337308226831
 459.5303731640325859 460.5583841808857681 476.3942891831458502   0.1006662691773169
 459.9971355191111081 459.0125882033381612 472.7131026742672373   0.3653662691773169
 460.7435773420100219 457.2815990646663006 473.5408027209247234   0.0042662691773169
 457.2154586499790632 458.5911792754736971 472.0687060626000749  -0.2438337308226831
 456.6447613575348056 456.7468065687665570 472.7679047321509468   0.0641662691773169
 456.0230414594747529 460.0254814111199549 472.9304211796681985   0.0641662691773169
 456.8998743856142111 458.6781066776341138 470.0334710163668901   0.0641662691773169
 461.2783698379097655 459.3999820607920415 470.4284237783564378  -0.6761337291763486
 461.0194773575625530 457.9241059501995326 469.4004127615032558   0.4101662691773169
 463.1869932331702127 461.5807260193371593 475.1584082915613584   0.5972662697260950
 464.0827234206488662 460.9212115985986084 477.1955330639284198  -0.5679337324690175
 464.5362576927899839 462.8279452677251792 473.4387575096929718  -0.4157337308226831
 463.6991090154628466 463.2077802206433383 471.7493423459674161   0.2718662691773169
 467.2310071597616660 463.2928178966697710 473.7335547865846984  -0.0014337308226831
 468.1078400859011242 461.5221445091855894 474.3250390665020814   0.0875662691773169
 468.3327174958377528 463.9504425912743916 471.1257327217733793  -0.0152337308226831
 467.0684907122444678 465.2071104703320090 470.0882730742505996   0.0294662691773169
 470.1411854060004324 464.8858570275654198 471.3373820487725497   0.0294662691773169
 468.8580613610678986 461.5826157454710358 469.6177312669042169  -0.0011337308226831
 471.2542340988800471 460.4638978741896840 469.9181977221976805  -0.1906337308226831
 472.6545211641156674 461.3879739536771843 471.0425847718808233   0.1698662691773169
 471.7833574163779999 458.0885121238506609 468.8826278008088847  -0.2341337308226831
 473.5464718993265141 457.2286867329165214 469.2189990526468625   0.1655662691773169
 469.7481223701448151 456.7127914983559731 467.4180900470199037   0.3225662691773169
 470.0863833481166693 454.3241776650795457 466.5639338344875013  -0.5579337324690176
 468.4347627070695042 453.4926981661541990 466.5204701334073199   0.3991662691773168
 467.2366763381634568 458.0412689705026189 467.0836085213158027  -0.2341337308226831
 465.7230057048925034 457.1417593307561047 466.1009509316767861   0.1655662691773169
 466.9192023476646743 460.4279930776451698 468.1966572141954174  -0.1906337308226831
 465.1277419727073134 461.3237232651238772 468.0568174802852754   0.1698662691773169
 467.8187119874111886 465.1749851260553555 475.8594966872461068   0.5972662697260950
 469.7178867520020382 464.8272755174138499 477.1577385412500291  -0.5679337324690175
 466.2313420349173305 467.0949468781193306 476.3357076729942802  -0.4157337308226831
 464.7138919493785704 467.3651777152700709 475.1924233619719421   0.2718662691773169
 466.5412571208804455 468.7106627226220353 478.5939304030301633  -0.0875337308226831
 468.4744469558818788 469.4211997489764351 478.6260557473068169   0.0968662691773169
 464.7592453765926821 471.0180183321398907 478.5674742371553006   0.2984662691773169
 462.8411733506626374 470.3962984340797842 478.1347269524873086  -0.0297337308226831
 464.7082227709768333 472.4560999200539552 481.0883688998062030  -0.3192337308226830
 463.9069788901942100 471.2750210863531728 482.5736936410683094   0.0790662691773169
 465.6077324107233475 472.9379800842038659 476.5757028920022973  -0.3192337308226830
 464.2868138431123692 474.5159014060281262 476.5076727511811296   0.0790662691773169
 467.4955688185106690 473.6371787537547376 477.0141193550720264   0.0790662691773169
 465.6341885765982102 472.0460293489930192 474.7313301852951572   0.0790662691773169
 466.2067755951763444 467.1573078405387612 481.0071106760476307   0.5972662697260950
 467.7355640375186325 467.4143105947520433 482.7343203624516309  -0.5679337324690175
 464.3246083657908137 465.4754515813488190 481.1129353395471891  -0.4157337308226831
 463.1227425446169056 465.3299426690368860 479.6238311460172757   0.2718662691773169
 463.9409939606047939 463.7879261437571398 483.2861203935566395  -0.0597337308226831
 463.8672946413818354 464.9368796331812687 484.9982122708892512   0.0868662691773169
 461.3898636798111146 462.3744109955840615 483.0669121620217480   0.1302662691773169
 461.2689212072401140 461.5278136875873265 481.1923038371718847   0.0186662691773169
 461.1536479130709581 460.2427999165209160 485.0341170674337652  -0.3204337308226831
 459.3187238370334156 459.3262827415690830 484.9037259641932744   0.0881662691773169
 462.5955089532528295 458.8047183286067978 484.7260917076045805   0.0881662691773169
 461.3993123104807122 461.0043595484911647 486.9370712842924753   0.0881662691773169
 459.1769943769892895 464.2584679511035763 483.3976142354579886  -0.0430337308226831
 459.0163676556060219 464.7875912686015289 485.3837164022092011   0.0235662691773169
 459.5606087821753094 465.9800084591058392 482.3355881481942765   0.0235662691773169
 456.6239743700616800 463.2342363865182547 482.4773176082383488  -0.0660337308226831
 456.0060339242694340 461.6582047908279246 483.6489478112695335   0.0185662691773169
 455.2123489480225318 464.7290097584499589 482.5907011762736283   0.0185662691773169
 456.7808216391771408 462.6125164884581481 480.5176716073619991   0.0185662691773169
 466.2086653213102746 462.0134733040050977 483.6281608237964080   0.5972662697260950
 467.1251824962621076 461.7602500020596760 485.7295362847167764  -0.5679337324690175
 467.2782503131097079 460.9023143372594131 481.6250511218398767  -0.4157337308226831
 466.4637783493896802 461.1139636642585835 479.9016208877036834   0.2718662691773169
 469.5553703044848400 459.3262827415690830 481.9085100419280216  -0.0518337308226831
 469.2435654923877949 458.0431586966365492 483.4939902682880029   0.0921662691773169
 470.0089045766259040 457.7030079925307110 479.5444626483925801  -0.1102337308226831
 470.4586593964991612 458.9351094318473959 477.9552029697647917   0.0456662691773169
 471.6567457654052622 456.5200394326960519 479.9129592445072113   0.0456662691773169
 467.7846969170006047 455.9833572106623782 478.7866824686901382   0.3530662691773169
 466.3409461506847494 457.1001853558098536 477.8701652937383054  -0.0361337308226831
 468.6690887476757303 454.0142625791164308 476.8799487995636213  -0.4121337308226831
 467.0514831770391491 452.9220008737099415 476.2582289015035149   0.0999662691773169
 469.4816709852618817 454.9742434551484452 475.2472254198556516   0.0999662691773169
 470.0863833481166693 452.7840508659337296 477.7322152859620935   0.0999662691773169
 466.5393673947465152 454.5603934318197022 480.9730956056370469  -0.4121337308226831
 465.0313659398773528 453.3849837765206569 480.2247640566042028   0.0999662691773169
 467.9377647338482588 453.4038810378599059 481.9519737430082567   0.0999662691773169
 465.7022187174193779 455.8907606301002781 482.3034628039175691   0.0999662691773169
 471.9231971502881419 460.8512917316435643 482.6417237818894771   0.5972662697260950
 473.5956047788084865 459.8421779761295776 483.9021711132149551  -0.5679337324690175
 472.0384704444573517 463.2833692660001733 481.9689812782135216  -0.4157337308226831
 470.6495217360252057 463.9655604003457800 480.8408147762625184   0.2718662691773169
 465.2108899225998695 458.4135450188851106 489.8812646009417719  -0.5679337324690175
 461.1990013402850699 453.3282919925030171 490.0966933802088566   0.0341662691773169
 462.9602260970996538 453.7024577670194391 489.0894693508288001   0.0240662691773169
 460.5508252763500470 451.4574631199210144 489.5354447184341966   0.0240662691773169
 459.2204580780694710 455.2803790888436996 489.2784419642209683   0.0017662691773169
 459.9102081169507451 457.1606565920953537 489.7716604851743531   0.0439662691773169
 459.0503827260166055 455.2066797696207411 487.2280891089163412   0.0439662691773169
 456.0872921480280599 454.8910955052558890 490.6333756022424766  -0.2737337308226831
 455.1329804503978362 451.8826515000532853 489.3124570346314983  -0.0536337308226831
 453.2130186983338611 451.4517939415192234 489.9228385758880232   0.0683662691773169
 455.1840030560136853 451.9941453419546344 487.2583247270591181   0.0683662691773169
 456.3915380555893841 450.3859884019876507 489.9511844678969236   0.0683662691773169
 457.7918251208250042 439.6391158783774690 487.2696630838625924   0.1429662691773169
 478.8962865844575572 426.0708822368229214 476.4245248012885734   0.0284662691773169
 476.9782145585275123 427.9700570014137708 478.3558249101560765   0.0284662691773169
 479.9224078751768089 430.3265454904135449 475.3851754276318635   0.0686662691773169
 481.9066203157941449 427.3105425806752201 473.3404917507290809   0.4477662691773169
 475.1886439097040816 433.1290093470187692 479.7768989628648761  -0.5894337297251268
 472.1839793567692847 434.0436367958366717 482.6832977568357821  -0.4157337308226831
 470.3528347329996028 435.2379437124749125 480.9825442363066446  -0.0875337308226831
 471.0860484729610584 435.2077080943321355 479.0569133058408786   0.0968662691773169
 467.8073736306076607 433.8282080165696409 480.9504188920299911   0.2984662691773169
 466.7075530206655040 434.5538628519953755 479.3649386656700632  -0.0297337308226831
 468.1985469403293477 430.9973982679556237 480.5535764039065131  -0.3192337308226830
 466.4014173869702496 430.1451317815570979 480.0339017170781580   0.0790662691773169
 469.5629292090205074 430.7158290740013555 479.0569133058408786   0.0790662691773169
 468.9034147882820104 430.0941091759412489 482.2656682812391784   0.0790662691773169
 466.2313420349173305 434.1230052934613673 483.3428121775742791  -0.3192337308226830
 464.4342124815582325 433.1403477038222971 483.1236039460393877   0.0790662691773169
 465.8458379035973806 436.1147766386143708 483.7150882259567709   0.0790662691773169
 470.1109497878576556 438.0139514032052202 481.7497730466786840   0.5972662697260950
 471.1880936841928099 438.7981877487825248 483.6546169896712708  -0.5679337324690175
 468.7352291623630214 439.5162836796725918 480.2757866622201055  -0.4157337308226831
 467.7431229420543536 438.7585034999702038 478.8395948004399174   0.2718662691773169
 468.3062613299628900 442.1789078023676741 480.8767195728070326  -0.0014337308226831
 468.9260915018890661 442.5096098758038609 482.8061299555406591   0.0875662691773169
 469.8766237472514292 443.9004483103698833 479.1060461853228510  -0.0152337308226831
 469.5704881135561749 443.3146332088543448 477.1539590889821685   0.0294662691773169
 469.2473449446556553 445.8525354067105658 479.2742318112418397   0.0294662691773169
 472.6790876038566535 443.8796613228967577 479.7126482743115688  -0.0011337308226831
 473.4595444971661511 444.1064284589673166 482.2505504721677901  -0.1906337308226831
 472.1197286682159777 444.4692558766802108 483.7434341179655639   0.1698662691773169
 475.9879980643527746 443.7020270663081712 482.9100648929062871  -0.2341337308226831
 477.7945762483814704 443.2295955328278582 481.0260079373868260   0.3225662691773169
 477.0651419606878753 443.2144777237564698 478.4654290259235492  -0.2341337308226831
 478.4843262872627445 442.8025174265616571 477.0689214129557358   0.1655662691773169
 474.5026733230906680 443.5168339051839174 477.8021351529171915  -0.1906337308226831
 473.9338657567803407 443.3486482792649284 475.8519377827104394   0.1698662691773169
 465.5170255562951240 442.8573194844453665 481.0241182112528957   0.5972662697260950
 463.8597357368461679 441.2945159716924946 480.5630250345761108  -0.5679337324690175
 465.0956166284306599 445.2194771518469313 481.7875675693570747  -0.4157337308226831
 466.6244050707729479 446.2663854300393088 482.2184251278911364   0.2718662691773169
 462.6578699156722601 446.3249669401908788 482.3677134924709300   0.0336662691773169
 461.6336383510869385 445.0361737168565540 483.6111532885910892   0.0822662691773169
 463.2361261126521312 448.7551547484136112 483.8624868644025805  -0.1825337308226831
 461.4956883433106730 449.6130904132138742 484.5579060816855917   0.0602662691773169
 464.3945282327459115 448.2959512978707564 485.5084383270480621   0.0602662691773169
 464.2546884988357156 450.0930808512298545 482.6870772091035889   0.0602662691773169
 461.0119184530268319 446.7180299760464962 479.9866585637301162   0.5972662697260950
 461.0723896893123322 445.2383744131861803 478.1970879149066853  -0.5679337324690175
 459.5417115208361138 448.7702725574849997 479.9564229455873927  -0.4157337308226831
 459.7155663251568399 449.9192260469090749 481.4663141265904855   0.2718662691773169
 457.4403360599156918 449.3919924555450524 478.2216543546476716  -0.0875337308226831
 455.8850914516984873 448.1126478628803791 478.6506221870478030   0.0968662691773169
 456.6145257393920824 452.1509926110700953 478.7677852073509429   0.2984662691773169
 454.7984989246937888 452.4533487924974892 477.8512680323991100  -0.0297337308226831
 456.3216181886342861 452.7198001773803689 481.6061538605006277  -0.3192337308226830
 455.4939181419768001 454.5906290499624254 481.8537079840443121   0.0790662691773169
 455.0800681186480572 451.3289617428143464 482.4716484298365580   0.0790662691773169
 458.1376450033326331 452.7273590819160900 482.5736936410683094   0.0790662691773169
 458.4796854335723480 454.1314255994195707 477.7397741904977609  -0.3192337308226830
 457.8031634776285320 456.0268209117425597 478.1895290103710179   0.0790662691773169
 460.3448451277526674 453.8782022974740953 478.5769228678248982   0.0790662691773169
 458.6327532504200021 453.9859166871076377 475.6950905135949785   0.0790662691773169
 457.9259956763334629 449.1368794274657006 475.3681678924265983   0.5972662697260950
 456.1345353013761020 449.3693157419379967 473.9263068522446733  -0.5679337324690175
 460.2427999165209160 448.6058663838338177 474.5177911321620565  -0.3479337308226831
 461.5391520443908544 448.1995752650407421 475.8576069611121765   0.2746662691773169
 460.9665650258127202 448.1580012900944908 471.8665053662705023  -0.2637337308226831
 460.8607403623131618 449.9192260469090749 470.8120381835424576   0.1559662691773169
 463.6877706586593187 447.1885717833928788 471.7323348107620974  -0.0007337308226831
 463.8483973800426401 445.3838833254981133 472.7206615788029048   0.0326662691773169
 464.0808336945149361 446.8881053280994152 469.7348942872073569   0.0326662691773169
 465.6039529584554870 449.0650698343766725 472.8567218604452400   0.0389662691773169
 465.2826995156888978 450.9302295285569919 472.0441396228590888   0.0284662691773169
 465.3223837645012186 449.1746739501441451 474.8919569066784249   0.0284662691773169
 468.3497250310430715 448.2883923933350353 472.3464958042865364   0.0485662691773169
 469.6045031839667587 449.7378123380526816 473.1099451623907153   0.0686662691773169
 468.7446777930326192 446.5139395535829932 473.3178150371220251   0.0686662691773169
 468.7805825895771333 448.0710738879341280 469.6082826362346192  -0.5295337308226830
 468.4139757195963785 449.6641130188297231 468.5953894284528257   0.3455662691773169
 468.8353846474608426 445.9602497963440543 468.2779154379540433   0.8075662702748732
 468.9525476677639289 443.7152551492456294 469.2964778241376277  -0.8627337302739049
 469.1112846630133201 443.5697462369336966 471.1786450535231585   0.4477662691773169
 468.9544373938978592 442.1562310887606181 468.2117750232668059   0.4477662691773169
 468.6974346396845771 446.1076484347899176 465.8344995467938525  -0.8627337302739049
 468.6936551874167166 447.8537553825331668 465.0880577238949924   0.4477662691773169
 468.5160209308281301 444.5316168390995875 464.7857015424675986   0.4477662691773169
 459.2091197212659431 446.2815032391106972 470.5285792634542590   0.7340662675309825
 458.0696148625114656 446.8465313531531639 468.5972791545867558  -0.5894337297251268
 458.7555854491248791 444.1026490066994560 471.7077683710211111  -0.4157337308226831
 459.6550950888713933 443.7700572071293389 473.3556095598004694   0.2718662691773169
 456.9981401445781020 442.1996947898407995 470.7118826984446363  -0.0014337308226831
 457.4535641428531500 441.8860002516098778 468.7257805316933702   0.0875662691773169
 457.3704161929605937 439.6882487578594412 472.1405156556891031  -0.0152337308226831
 457.4082107156390382 440.0567453539740725 474.1700815235204972   0.0294662691773169
 455.7206852780473590 438.5090596502925891 471.7852471425118764   0.0294662691773169
 459.6966690638176446 438.1556808632492927 471.4054121895937172  -0.0011337308226831
 459.3754156210510554 436.0694232114002590 469.7613504530822196  -0.1906337308226831
 457.5348223666117221 435.6291170221965996 469.0583723312635409   0.1698662691773169
 461.4238787502216985 434.5274066861205128 469.0470339744600130  -0.2341337308226831
 461.1706554482762231 432.9400367336266548 467.8300503442147164   0.1655662691773169
 464.0468186241043522 435.1510163103144958 470.0315812902329599   0.3225662691773169
 466.0782742180697301 433.7469497928110151 469.3172648116107534  -0.5579337324690176
 467.7015489671081023 434.4385895578262194 469.8331600461712478   0.3991662691773168
 464.2830343908445087 437.4035698619486417 471.8022546777171952  -0.2341337308226831
 466.0782742180697301 437.8854500260985524 472.5751526664909718   0.1655662691773169
 462.0890623493619326 438.7849596658450666 472.4277540280451086  -0.1906337308226831
 462.2364609878077960 440.3250864649908825 473.7241061559151007   0.1698662691773169
 454.1900071095711406 443.0292845626322159 470.7685744824622759   0.5972662697260950
 452.6177549661486175 441.7820653142441961 469.5912751010293542  -0.5679337324690175
 453.5323824149665200 445.0890860486063869 472.0894930500732006  -0.4157337308226831
 454.9345592063361242 446.1038689825221108 472.8982958353915450   0.2718662691773169
 451.0228261091190921 446.2909518697802949 472.0271320876538239  -0.0237337308226831
 449.6036417825442228 444.8831059000089536 471.5547005541735109   0.0879662691773169
 450.3160685350325527 447.3718752183832561 474.6330644263312124   0.0341662691773169
 451.6804508037237126 448.8118465324312510 475.1716363744987628   0.0240662691773169
 448.4981519942003292 448.3186280114778124 474.4894452401532098   0.0240662691773169
 450.1724493488545500 445.4197881220425738 476.7760138621979396   0.0017662691773169
 451.8807617739193550 444.2708346326184986 476.7930213974032046   0.0439662691773169
 450.1346548261761057 446.4818142093063397 478.5429077974143145   0.0439662691773169
 447.4228978239991049 443.3562071838005959 476.8421542768851770  -0.2737337308226831
 448.1126478628803791 441.0828666446933244 474.3798411243857909  -0.0536337308226831
 447.2112484969999348 439.2914062697359634 474.8466034794643131   0.0683662691773169
 447.3737649445171864 441.7480502438336122 472.5770423926249021   0.0683662691773169
 450.1441034568457035 440.8107460814086537 474.2324424859399278   0.0683662691773169
 450.8187356866555891 448.3431944512187448 469.9862278630188482   0.5972662697260950
 448.9497965402075165 448.3715403432275915 468.5991688807206862  -0.5679337324690175
 452.6971234637733129 450.0212712581408263 469.7348942872073569  -0.5163337308226830
 454.2240221799817245 449.8927698810342121 470.8876272288992925   0.2935662691773169
 450.9283398024230616 452.9295597782456626 467.7639099295274790   0.1104662691773169
 452.8539707328887740 450.6977932140846422 465.1069549852341878   0.5365662691773169
 451.3100644814751511 451.3573076348231931 463.4987980452672041  -0.5819337324690175
 454.4073256149720481 448.7230294041369576 464.7781426379318775  -0.4157337308226831
 455.7150160996455682 448.3602019864240636 466.1349660020873699   0.2718662691773169
 454.7172407009351631 447.4304567285348261 462.3536240081109359  -0.0275337308226831
 455.5619482827979678 448.7419266654761529 461.0062492746250948   0.1122662691773169
 456.3858688771875932 445.0664093349993311 462.7901507450467347  -0.0050337308226831
 455.9361140573143361 444.2443784667435822 464.6250748210842772   0.0338662691773169
 455.8246202154129870 443.6774606265671851 461.3766355968736564   0.0338662691773169
 459.2110094473998734 445.2100285211773338 462.5312582646995224  -0.1415337308226831
 460.5432663718143796 447.1715642481876138 461.5977335545424244  -0.1638337308226831
 459.7646992046388121 449.0027088719572957 461.1404198301334999   0.2061662691773169
 462.9640055493675144 446.3929970810120463 461.0497129757052764  -0.3418337308226830
 464.0978412297202547 447.3775443967849932 459.8648546897366333   0.3411662691773169
 463.4439959873834948 444.0006037954677582 461.9303253541125953   0.1379662691773169
 465.5963940539198196 442.4453591872505538 461.8698541178270950  -0.2601337308226830
 467.2593530517705125 443.0311742887661462 460.8947554327237457   0.1571662691773169
 465.5075769256255262 440.0680837107776004 463.0566021299296146  -0.1134337308226831
 467.1214030439942470 438.8511000805323040 463.0339254163225586   0.1416662691773169
 463.2814795398662429 439.2649501038611007 464.2660268556392435  -0.1972337308226831
 463.2417952910539222 437.4621513721002116 465.1693159476536183   0.1446662691773169
 461.0988458551871950 440.7880693678015979 464.2565782249696460  -0.2387337308226831
 459.4302176789347647 440.1550111129379634 465.1882132089928137   0.1699662691773169
 461.0969561290533183 443.2352647112296491 463.0169178811172936   0.1242662691773169
 452.1850076814806791 446.5668518853327724 461.2330164106956537   0.5972662697260950
 451.8694234171158270 446.5819696944041609 458.9294402534456052  -0.5679337324690175
 450.3614219622466646 445.8411970499070377 462.8279452677251792  -0.4157337308226831
 450.6902343095489748 446.0396182939687499 464.6987741403071819   0.2718662691773169
 447.8348581211939715 445.1344394758204986 461.9889068642641114   0.0336662691773169
 448.0219410084521556 443.7284832321830876 460.4960232184663375   0.0822662691773169
 446.4175635207530326 443.9061174887716741 464.1998864409520063  -0.1825337308226831
 444.5675216356441017 443.2636106032384420 463.5668281860883718   0.0602662691773169
 447.4833690602846052 442.2866221920011626 464.9028645627706848   0.0602662691773169
 446.1681196710754179 445.2610511267932363 465.7343440616960315   0.0602662691773169
 446.3967765332799069 447.3832135751867840 460.8437328271078431   0.5972662697260950
 445.5804148434258951 447.2244765799373930 458.6686580469645163  -0.5679337324690175
 446.0868614473167920 449.4656917747680109 462.2440198923435171  -0.4157337308226831
 447.0392834188130853 449.5979726041424857 463.9013097117924192   0.2718662691773169
 444.7149202740899648 451.7031275173307684 461.3067157299185584  -0.0875337308226831
 442.9007831855255481 451.0455028227261478 460.5923992512963518   0.0968662691773169
 444.0610750317532049 453.5739563899127713 463.4496651657852856   0.2984662691773169
 442.9102318161951456 452.5591734559971012 464.8272755174138499  -0.0297337308226831
 446.3589820106014626 454.6227543942390789 464.8518419571548360  -0.3192337308226830
 445.7542696477466749 455.9928058413319758 466.2634673791939841   0.0790662691773169
 447.3189628866334769 453.0864070473611235 465.8193817377225178   0.0790662691773169
 447.6421060555339964 455.5430510214587188 463.5347028418117183   0.0790662691773169
 442.4774845315272073 455.7943845972702638 462.4783459329497432  -0.3192337308226830
 441.8406468243957660 456.9452278128283228 464.0657158854436012   0.0790662691773169
 443.5848640460050849 456.9754634309710462 461.2046705186868070   0.0790662691773169
 440.8220844382121816 455.0762886663801966 461.4843499865071449   0.0790662691773169
 446.0793025427811245 452.9012138862368158 459.0466032737487451   0.5972662697260950
 444.8509805557323001 453.4454550128061572 457.1436490568900350  -0.5679337324690175
 448.5907485747624292 453.0297152633434838 459.0976258793645939  -0.4157337308226831
 449.5072657497142622 452.5364967423900452 460.7152314500012290   0.2718662691773169
 449.4959273929107341 455.9209962482430013 456.5710620383119008   0.0863662691773169
 449.8455267276861701 452.4665768754349474 454.5944085022302859   0.5972662697260950
 449.3447493021970104 453.5078159752255339 452.5705118128006291  -0.5679337324690175
 449.9910356399981031 449.9456822127839913 454.7569249497474841  -0.4157337308226831
 450.4256726507999717 449.1463280581352984 456.4482298396070238   0.2718662691773169
 449.5431705462587762 448.3072896546742845 452.5799604434702267   0.0336662691773169
 450.7998384253163938 448.9006636607255441 451.0568411795296759   0.0822662691773169
 450.1894568840598152 445.5804148434258951 453.3245125402352103  -0.1825337308226831
 449.8625342628914351 444.3180777859664870 451.7333631354734916   0.0602662691773169
 452.1717795985432209 445.4538031924531575 453.8763125713402188   0.0602662691773169
 449.0083780503590328 444.9775922067050377 454.9043235881933472   0.0602662691773169
 446.8162957350103871 448.5151595294055942 451.5802953186258914   0.5972662697260950
 446.4156737946191023 448.3469739034866054 449.2899472443133010  -0.5679337324690175
 444.9209004226873981 448.9138917436630024 453.2186878767355983  -0.4157337308226831
 445.3309709937482805 448.9838116106181004 455.0951859277193919   0.2718662691773169
 442.3130783578760790 449.3995513600807735 452.3475241289979308  -0.0389337308226831
 441.8387570982618357 447.9501314153631274 450.9680240512353825   0.1006662691773169
 440.2589460503036451 449.2256965557599940 454.4016564365703110   0.3653662691773169
 438.4580370446766866 449.5941931518746251 453.4662420002792826   0.0042662691773169
 440.0076124744921540 446.6084258602790773 455.5827352702710934  -0.2438337308226831
 438.6545685626045221 446.6764560011002448 457.1360901523543676   0.0641662691773169
 439.3140829833430192 445.2912867449359595 454.1654406698301545   0.0641662691773169
 441.8160803846547799 445.9451319872727196 456.2894928443576326   0.0641662691773169
 440.4554775682314806 451.0379439181904804 456.3329565454378140  -0.6761337291763486
 442.1732386239658831 451.6710021730541149 456.4576784702766213   0.4101662691773169
 442.0617447820645340 451.9261152011334667 450.9718035035032432   0.5972662697260950
 440.7294878576500278 452.0224912339634273 449.0612903821088657  -0.5679337324690175
 443.3826633496754586 453.9008790110811513 451.8467467035087711  -0.4157337308226831
 444.4465791630731548 453.6665529704749251 453.4303372037347686   0.2718662691773169
 443.4941571915768614 456.3783099726519259 450.6259836209956677  -0.0252337308226831
 441.6006516053877491 457.1814435795684793 450.5182692313621255   0.0697662691773169
 444.6922435604829090 457.6330881255756666 451.7352528616074220   0.0697662691773169
 444.5769702663136992 456.1987859899294090 447.9595800460327789   0.5972662697260950
 443.2843975907115677 456.9112127424177390 446.1567813142718898  -0.5679337324690175
 446.8068471043407893 455.0252660607642941 447.6931286611498453  -0.4157337308226831
 447.7611588019710130 454.5339372659447858 449.2842780659115639   0.2718662691773169
 447.9954848425772392 454.5641728840875090 445.2289257825165291  -0.0518337308226831
 448.3979965091025079 456.3726407942501886 444.3199675121004171   0.0921662691773169
 450.5088206006925278 453.1393193791109026 445.5974223786312140  -0.1102337308226831
 450.1044192080333825 451.3421898257518046 446.5252779103865211   0.0456662691773169
 451.2873877678680951 452.7198001773803689 443.7322626844508946   0.0456662691773169
 452.5364967423900452 454.5414961704804530 447.1469978084466275   0.3530662691773169
 451.7806062888215337 455.1046345583889897 448.9668040754127815  -0.0361337308226831
 454.7644838542832051 452.7632638784606041 447.6080909851234126  -0.4121337308226831
 456.2271318819382558 453.7591495510370789 448.6568889894497202   0.0999662691773169
 454.1314255994195707 451.1399891294222320 448.7060218689316390   0.0999662691773169
 455.5090359510481349 452.1188672667934418 445.7996230749607866   0.0999662691773169
 453.5210440581629921 456.9074332901498785 445.8355278715052470  -0.4121337308226831
 454.9912509903537102 457.8107223821642532 446.9599149211883897   0.0999662691773169
 454.2240221799817245 456.4387812089374260 443.9722579034589115   0.0999662691773169
 451.9771378067493156 458.2340210361625939 445.6012018308990208   0.0999662691773169
 446.2701648823071693 453.0958556780307212 443.4374654075592218   0.5972662697260950
 445.7882847181572587 453.9348940814917351 441.3285310421030784  -0.5679337324690175
 445.2572716745253756 450.9283398024230616 444.2651654542167078  -0.4157337308226831
 445.6994675898629654 450.3217377134343437 446.0282799371652220   0.2718662691773169
 443.6736811742993783 449.3560876590005384 442.6154345393034729  -0.0597337308226831
 444.7546045229023395 448.9554657186092536 440.9090118403725446   0.0868662691773169
 443.0122770274268970 446.8181854611443174 443.9098969410395348   0.1302662691773169
 442.3508728805544696 447.2414841151426580 445.8166306101660516   0.0186662691773169
 440.8598789608906261 445.3876627777659203 442.5663016598215007  -0.3204337308226831
 440.6028762066773440 443.5338414403891824 443.4261270507556939   0.0881662691773169
 439.0910952995403209 446.4289018775565605 442.7363770118744198   0.0881662691773169
 441.2888467932907575 445.1627853678292917 440.5613022317310390   0.0881662691773169
 445.3612066118910575 445.0890860486063869 444.1536716123153587  -0.0430337308226831
 446.8862156019654849 446.1530018620040293 445.0267250861869564   0.0235662691773169
 444.8925545306785513 443.5357311665231127 445.4273470265782949   0.0235662691773169
 446.3948868071459766 443.9476914637179254 441.6913584598159726  -0.0660337308226831
 446.9126717678404013 445.4367956572478925 440.3647707138032572   0.0185662691773169
 448.0786327924697952 442.8403119492401015 442.1184365660821738   0.0185662691773169
 445.0021586464460238 442.7023619414638359 440.8258638904800422   0.0185662691773169
 441.3455385773083973 450.8244048650573799 441.7423810654318214   0.5972662697260950
 440.7540542973910141 450.7393671890308935 439.4954966921994664  -0.5679337324690175
 440.0472967233044748 452.1868974076146093 443.4355756814252915  -0.4157337308226831
 440.6935830611055675 452.3021707017838191 445.2402641393200570   0.2718662691773169
 437.8608835863575663 453.7175755760908276 442.7023619414638359  -0.0275337308226831
 436.5097294006039184 454.7796016633545398 445.0342839907226773  -0.0050337308226831
 436.0146211535165495 453.2205776028695286 446.2890621436463646   0.0338662691773169
 437.8060815284738568 456.0154825549390318 446.0566258291740687   0.0338662691773169
 437.6208883673496028 460.5527150024839772 443.5886434982728919   0.1699662691773169
 438.5714206127119659 455.8265099415469173 440.8504303302210283   0.5972662697260950
 440.7408262144535559 457.0680600115331998 441.2000296649964643  -0.4157337308226831
 441.8330879198600449 456.6126360132581521 442.7155900244012941   0.2718662691773169
 441.7026968166195005 459.0088087510703008 439.4803788831280778  -0.0518337308226831
 440.2551665980358384 460.4582286957878932 439.2517220209236425   0.0921662691773169
 444.0289496874765513 460.2220129290477367 440.7483851189892770  -0.1102337308226831
 443.4469140382288193 460.7927102214919943 442.6400009790444590   0.0456662691773169
 445.5010463458011995 458.7990491502050607 440.9808214334615728   0.0456662691773169
 445.2081387950434034 462.5539349783065782 439.4671508001906733   0.3530662691773169
 443.7511599457901436 463.9806782094171148 439.1629048926293491  -0.0361337308226831
 447.1885717833928788 463.6424172314452068 441.2623906274158410  -0.4121337308226831
 448.0238307345860859 465.3563988349118025 440.5121693522491205   0.0999662691773169
 446.3381950231283370 464.0751645161131990 443.0859763466498555   0.0999662691773169
 448.6852348814585133 462.2553582491470449 441.5458495475040396   0.0999662691773169
 446.5082703751812561 461.9775685074605835 436.9481458636736476  -0.4121337308226831
 447.8405272995957086 463.4628932487226901 436.4700451517915438   0.0999662691773169
 447.5721861885788986 460.2201232029138601 437.1031034066551781   0.0999662691773169
 445.1231011190169707 461.8131623338094552 435.4420341349383616   0.0999662691773169
 442.2431584909209812 457.8976497843246162 436.8574390092454241   0.5972662697260950
 443.7549393980579503 455.8888709039663477 436.7383862628083538  -0.5163337308226830
 444.5637421833762410 455.2936071717811577 438.3824479993198515   0.2935662691773169
 444.6147647889921436 454.7247996054708305 434.3837874999425101   0.0380662691773169
 445.5804148434258951 456.1572120149831578 433.2650696286611044   0.0879662691773169
 446.4931525661098675 452.5818501696041570 434.9469258878509929  -0.0303337308226831
 445.5577381298188394 451.1418788555561623 436.0902101988733847  -0.0122337308226831
 447.0468423233488064 451.7106864218664359 433.1611346912954227  -0.0122337308226831
 448.8855458516541556 453.4303372037347686 436.3094184304082223   0.7993662680797605
 450.1119781125690500 451.7692679320180058 437.4527027414306141  -0.8014337297251267
 449.5847445212050275 455.6753318508332472 436.0486362239271334  -0.8014337297251267
 436.9897198386198987 435.0640889081541328 444.7168100002238951   0.0822662691773169
 437.0086170999590942 438.4731548537480749 442.5303968632769865  -0.1825337308226831
 439.0079473496477649 438.8454309021305669 442.8610989367132271   0.0602662691773169
 436.3396540485509993 438.1103274360351810 447.2830580900889629   0.5972662697260950
 438.0234000338748180 437.3771136960737252 448.7060218689316390  -0.5679337324690175
 436.6098848857017395 441.9521406662971152 450.6940137618168354   0.0868662691773169
 433.1271196208848389 445.0626298827314704 452.7783816875319388  -0.3204337308226831
 435.0565300036184654 445.7486004693448841 452.9805823838615114   0.0881662691773169
 435.7708464822406719 446.2607162516375717 447.5211635829630497  -0.0660337308226831
 437.1295595725300409 444.7451558922326880 447.2112484969999348   0.0185662691773169
 435.7179341504908927 447.4550231682757585 445.8430867760409680   0.0185662691773169
 436.3812280234972505 447.4134491933295074 449.1160924399925750   0.0185662691773169
 435.4042396122599710 439.5295117626100500 454.5698420624892998  -0.5679337324690175
 434.7541738221910715 433.2971949729377580 456.7543654733022781  -0.5679337324690175
 437.4224671232878370 431.2638496528385034 452.7084618205768410  -0.0275337308226831
 436.9632636727449822 429.8994673841473437 454.1843379311693498   0.1122662691773169
 437.5188431561178515 429.8125399819869806 450.2045746931312036  -0.0050337308226831
 437.5188431561178515 431.1485763586692938 448.6379917281104712   0.0338662691773169
 439.2970754481377542 428.7713008821963404 450.1308753739082990   0.0338662691773169
 438.6885836330151060 419.5229811827857770 449.4411253350270248   0.1446662691773169
 437.5755349401354911 423.4460526368062836 449.6130904132138742  -0.2387337308226831
 439.4803788831280778 424.1509204847588924 449.7869452175346001   0.1699662691773169
 440.0000535699564329 432.3693394411824509 453.4397858344043662   0.5972662697260950
 441.5118344770934557 431.0068468986252213 454.5622831579536323  -0.5679337324690175
 440.5027207215795227 434.7938580710033925 452.9106625169064136  -0.4157337308226831
 439.2384939379861842 435.8086410049191163 451.8883206784550224   0.2718662691773169
 442.9045626377934085 435.9938341660433702 453.6457659830017995  -0.0389337308226831
 444.4087846403947105 434.7598430005928086 453.0145974542720953   0.1006662691773169
 443.3580969099345262 438.5241774593639238 452.2870528927124305   0.3653662691773169
 443.0727482637123973 438.2463877176775162 450.2650459294167039   0.0042662691773169
 441.7348221608961540 440.7370467621857489 453.1563269143162215  -0.2438337308226831
 442.0390680684574782 442.3414242498848721 451.9034384875264109   0.0641662691773169
 439.7600583509484694 440.2022542662860055 453.0731789644236653   0.0641662691773169
 442.2280406818495926 441.2869570671568273 455.0800681186480572   0.0641662691773169
 445.8657634896480240 439.2668398299949771 452.6895645592376456  -0.6761337291763486
 446.1000895302542502 440.9449166369170588 452.0357193169008855   0.4101662691773169
 443.1936907362833442 436.1506814351588311 456.5162599804281915   0.5972662697260950
 445.0342839907226773 435.1925902852608006 457.5612785324866385  -0.5679337324690175
 441.2661700796837017 437.0898753237177199 457.8636347139140323  -0.4157337308226831
 439.7581686248145393 437.8211993375452453 456.9508969912300599   0.2718662691773169
 441.3379796727726762 437.1843616304138040 460.6453115830461310  -0.0875337308226831
 443.0897557989177162 438.1235555189726392 461.1895527096154185   0.0968662691773169
 439.1572357142275583 438.7566137738362735 461.7696986327292738   0.2984662691773169
 439.5162836796725918 438.9663733747015136 463.7879261437571398  -0.0297337308226831
 439.0816466688707234 441.4116789919956347 460.6056273342337563  -0.3192337308226830
 437.7512794705901473 442.5889783734285564 461.6487561601583269   0.0790662691773169
 440.9449166369170588 442.2828427397333021 460.7171211761351055   0.0790662691773169
 438.4901623889533402 441.3342002205048692 458.6327532504200021   0.0790662691773169
 436.5380752926127113 437.5547479526623655 461.4635629990340194  -0.3192337308226830
 436.1109971863465101 437.2769582109759042 459.4680122016131555   0.0790662691773169
 436.4492581643184182 435.7500594947675463 462.4481103148070200   0.0790662691773169
 441.4494735146740253 434.5292964122544431 461.7904856202023994   0.5972662697260950
 442.7817304390885315 434.1419025548005626 463.6480864098469978  -0.5679337324690175
 440.2117028969556031 432.6546880874045259 460.6245245955730053  -0.4157337308226831
 439.1534562619596979 433.0685381107332689 459.0919567009628568   0.2718662691773169
 440.3685501660710639 430.0298584873879418 461.4578938206322823   0.0336662691773169
 439.7789556122876647 429.9429310852275251 463.4326576305799667   0.0822662691773169
 438.5336260900335753 428.4141426428852371 459.8988697601472172  -0.1825337308226831
 438.5298466377657148 426.4885117124194712 460.6358629523765334   0.0602662691773169
 436.6287821470409348 429.1908200839268742 460.0330403156556223   0.0602662691773169
 439.1156617392813070 428.3687892156711253 457.9259956763334629   0.0602662691773169
 443.0935352511855229 429.0169652796061483 461.3407308003291422   0.5972662697260950
 444.0176113306730233 428.0229693331635500 463.2323466603843244  -0.5679337324690175
 444.4333510801356966 429.3438879007745283 459.2110094473998734  -0.4157337308226831
 443.6491147345583922 430.2604050757263075 457.7200155277360297   0.2718662691773169
 447.0638498585540714 428.4878419621081956 459.0466032737487451  -0.0014337308226831
 447.0903060244289879 426.5659904839102901 459.7854861921119378   0.0875662691773169
 447.9898156641755021 428.3196563361892068 456.2838236659558954  -0.0152337308226831
 449.2559321739027172 426.7171685746239602 456.2044551683311998   0.0294662691773169
 446.3892176287441858 427.8717912424498262 455.0687297618445292   0.0294662691773169
 449.4581328702322898 430.5211872822074501 455.1575468901388225  -0.0011337308226831
 448.3602019864240636 431.9158051690413332 453.1657755449858191  -0.1906337308226831
 446.5347265410561188 431.3810126731415897 452.4949227674437403   0.1698662691773169
 449.5923034257406949 434.0134011776938948 452.0867419225167882  -0.2341337308226831
 448.7268088564047646 435.1113320615021749 450.6392117039330723   0.1655662691773169
 452.1736693246771511 434.7617327267267389 453.0920762257628606   0.3225662691773169
 453.4360063821365594 436.8007472252277842 452.1812282292128185  -0.5579337324690176
 454.5547242534179112 437.4772691811715465 453.4397858344043662   0.3991662691773168
 453.3396303493065451 433.0874353720725179 455.1008551061211827  -0.2341337308226831
 455.1745544253440875 433.4918367647316633 455.8227304892791104   0.1655662691773169
 451.9393432840709249 431.0276338860983469 456.0192620072068922  -0.1906337308226831
 452.7670433307284109 429.8541139569332319 457.4384463337817614   0.1698662691773169
 448.8439718767079045 429.9977331431112346 460.7549156988135500   0.5972662697260950
 450.6203144425938769 428.8903536286334107 461.7583602759257459  -0.5679337324690175
 448.3583122602901333 432.4392593081374950 461.1876629834815420  -0.4157337308226831
 446.9674738257241108 433.2990846990716883 460.1842184063693461   0.2718662691773169
 449.8644239890253654 433.9567093936762552 462.9526671925639865  -0.0237337308226831
 451.8524158819105619 433.7204936269360987 462.4688973022801455   0.0879662691773169
 449.1879020330815495 436.7705116070850074 462.7277897826273579   0.0341662691773169
 447.1451080823126974 436.9972787431555661 462.8732986949392909   0.0240662691773169
 450.0326096149443544 437.7909637194025219 464.3057111044515645   0.0240662691773169
 450.0968603034977151 437.9856055111963737 460.2522485471905136   0.0017662691773169
 449.0839670957159215 437.1371184770657620 458.6762169515001835   0.0439662691773169
 449.5809650689371668 439.9754871302154466 460.3089403312081534   0.0439662691773169
 453.4492344650740176 437.8023020762060500 459.5284834378986556  -0.2737337308226831
 454.8533009825774983 438.5544130775067009 462.5520452521726480  -0.0536337308226831
 456.8620798629357668 438.8718870680054833 462.2648068798166425   0.0683662691773169
 453.9783577825719702 440.2438282412323104 463.3381713238838828   0.0683662691773169
 454.6000776806320232 436.9840506602181079 463.8616254629800983   0.0683662691773169
 449.6036417825442228 433.0477511232601432 465.6927700867497802   0.5972662697260950
 451.5217138084743214 432.7151593236900262 466.9664455010127164  -0.5679337324690175
 447.2981758991602976 432.4997305444229953 466.5885002742284337  -0.4157337308226831
 445.7693874568180095 432.8209839871895845 465.4735618552149426   0.2718662691773169
 446.9240101246439292 431.4414839094270899 469.1301819243525154  -0.0518337308226831
 447.9558005937649182 432.6074449340564838 470.4794463839723405   0.0921662691773169
 444.1102079112351771 431.4584914446324088 469.8652853904479013  -0.1102337308226831
 443.0557407285071323 430.3227660381457381 468.5046825740246020   0.0456662691773169
 443.9495811898518557 430.5381948174127153 471.7058786448872346   0.0456662691773169
 442.8667681151149642 434.0871004969168533 470.0523682777061392   0.3530662691773169
 442.6475598835801264 434.8940135561012137 468.1815394051240827  -0.0361337308226831
 440.2400487889644498 433.8017518506947245 471.2239984807372702  -0.4121337308226831
 439.3008549004055610 435.6328964744644064 471.2712416340853123   0.0999662691773169
 439.1156617392813070 432.5053997228247861 470.0844936219827928   0.0999662691773169
 440.3987857842138410 433.0685381107332689 473.1420705066673689   0.0999662691773169
 444.3672106654484592 435.9730471785702446 471.6472971347356647  -0.4121337308226831
 443.2976256736490259 437.7191541263134938 471.8627259140026955   0.0999662691773169
 444.7508250706344790 435.1793622023233424 473.5105671027820002   0.0999662691773169
 446.1454429574683619 436.4322506291130993 470.7156621507124970   0.0999662691773169
 448.0446177220592116 428.7788597867320615 469.3796257740301301   0.5972662697260950
 449.3012856011168289 428.2346186601627204 471.2580135511478541  -0.5679337324690175
 447.7554896235692759 427.1574747638276197 467.4615537481000852  -0.4157337308226831
 446.6481101090913981 427.6620316415845862 465.9781187329719091   0.2718662691773169
 449.0442828469035468 424.6989410635960942 467.4010825118145851  -0.0024337308226831
 448.5548437782179688 423.6406944286001888 469.0999463062097922   0.0977662691773169
 448.2203622525138678 423.1796012519234038 465.0616015580200760  -0.0343337308226831
 448.7910595449581253 424.2472965175889067 463.3948631079015224   0.0294662691773169
 449.2748294352419662 421.4089278644391684 465.0521529273504784   0.0294662691773169
 445.4367956572478925 422.5200868311848530 464.7554659243248217   0.0117662691773169
 443.7360421367187550 422.5370943663901717 466.8133776841650623  -0.1256337308226831
 444.3653209393145289 423.0397615180132079 468.6615298431400631   0.1329662691773169
 441.1735734991215479 421.9286025512675235 466.4373221835147638  -0.1704337308226831
 439.8961186325907510 421.9739559784816352 467.9963462439997751   0.1429662691773169
 440.2948508468481593 421.2898751180021519 464.0090241014259616  -0.1072337308226831
 438.3484329289092676 420.8420100242627713 463.7293446336056235   0.1296662691773169
 441.9823762844398386 421.2520805953237076 461.9548917938535277  -0.1704337308226831
 441.3228618637013413 420.7758696095755339 460.1086293610125109   0.1429662691773169
 444.5429551959031154 421.8624621365802861 462.3328370206378102  -0.1256337308226831
 445.8071819794964541 421.8511237797767582 460.7643643294831476   0.1329662691773169
 451.9336741056691341 424.9899588882199600 467.4294284038234316   0.5972662697260950
 453.2300262335391261 423.5254211344309790 468.6823168306131886  -0.5679337324690175
 452.9503467657187882 426.9193692709535329 466.1633118940961628  -0.4157337308226831
 451.7995035501607290 428.0191898808956895 465.0975063545645902   0.2718662691773169
 455.6261989713512748 427.5845528700938209 466.2407906655869281  -0.0252337308226831
 456.7505860210344176 425.9801753823946977 465.6001735061876264   0.0697662691773169
 455.9455626879839876 429.1662536441858881 464.9614460729222548   0.0697662691773169
 456.5294880633656497 428.3612303111354579 468.8731791701392333   0.5972662697260950
 458.4815751597062783 427.4333747793800971 469.7065483951985101  -0.5679337324690175
 455.0781783925141269 429.8994673841473437 470.2602381524374490  -0.4157337308226831
 453.5078159752255339 430.6459092070462574 469.4495456409852280   0.2718662691773169
 455.6658832201635958 430.5589818048858946 472.8964061092576146  -0.0518337308226831
 457.5839552460936944 431.3148722584543523 472.9549876194091309   0.0921662691773169
 453.8007235259833300 432.6357908260653305 473.7467828695221566  -0.1102337308226831
 453.6004125557876877 433.9604888459441157 472.1783101783675476   0.0456662691773169
 451.9450124624726620 431.7986421487381933 474.0755952168244667   0.0456662691773169
 454.5811804192928277 434.1948148865503418 476.0843740971827352   0.3530662691773169
 456.4557887441426912 434.9903895889312280 475.7687898328178831  -0.0361337308226831
 452.7065720944429643 436.3736691189615830 476.4056275399493781  -0.4121337308226831
 453.3150639095655589 437.6114397366800053 477.9363057084255964   0.0999662691773169
 452.6215344184164779 437.4716000027698094 474.6727486751435870   0.0999662691773169
 450.8262945911913102 435.6423451051340578 476.8251467416798582   0.0999662691773169
 454.5868495976945648 432.7416154895649426 478.5863714984944959  -0.4121337308226831
 454.8797571484523611 434.0568648787741301 480.1435058328455770   0.0999662691773169
 452.7972789488711878 431.7570681737919420 478.8301461697703198   0.0999662691773169
 456.1458736581796299 431.4074688390165061 478.6260557473068169   0.0999662691773169
 455.5997428054763584 428.2176111249574552 474.6084979865902263   0.5972662697260950
 457.3647470145588030 427.7451795914771422 476.0390206699686234  -0.5679337324690175
 453.6193098171268830 426.6680356951419879 474.4384226345373609  -0.4157337308226831
 452.1642206940075535 427.1555850376936893 473.2819102405775109   0.2718662691773169
 453.3868735026545870 424.3701287162937839 475.9766597075492467  -0.0275337308226831
 453.6835605056802438 424.8576780588454316 477.9552029697647917   0.1122662691773169
 450.7015726663525028 423.3307793426370738 475.7064288703985064  -0.0050337308226831
 450.3727603190501926 422.8167738342105096 473.7373342388525589   0.0338662691773169
 450.5466151233709721 421.6243566437061993 476.8478234552869141   0.0338662691773169
 448.6549992633157901 425.1071219085230463 476.5379083693238528  -0.1415337308226831
 448.9705835276806422 427.1366877763544940 478.0534687287286827  -0.1638337308226831
 450.7582644503701425 427.7300617824057539 478.8320358959042501   0.2061662691773169
 446.6915738101715797 428.3234357884570136 478.4654290259235492  -0.3418337308226830
 446.5044909229133954 429.8371064217279669 479.6143825153476243   0.3411662691773169
 444.7735017842415348 427.1423569547562311 477.1690768980535570   0.1379662691773169
 442.1826872546354809 427.6374652018436001 476.9309714051794702  -0.2601337308226830
 441.8160803846547799 423.9487197884293198 474.2022068677972044  -0.1972337308226831
 440.6633474429627906 422.7109491707108977 473.0608122829087430   0.1446662691773169
 444.4201229971982384 423.4649498981454790 474.4610993481444169  -0.2387337308226831
 445.2686100313289037 421.8624621365802861 473.5256849118533885   0.1699662691773169
 445.9659189747458451 425.0542095767732671 475.9407549110047325   0.1242662691773169
 455.4013215614146463 422.3972546324799758 475.3398220004177517   0.5972662697260950
 456.2743750352862440 421.0442107205923440 477.0141193550720264  -0.5679337324690175
 456.2554777739470487 422.3122169564535431 472.9682157023465891  -0.4157337308226831
 455.3824243000754509 423.3988094834582416 471.6510765870034715   0.2718662691773169
 458.5458258482595854 420.9553935922980508 472.2331122362512569  -0.0249337308226831
 458.4192141972869016 419.0278729356984083 472.9455389887395333   0.0842662691773169
 458.7499162707230883 420.8514586549324228 469.3531696081552674   0.2116662691773169
 457.0812880944706581 419.9406106583823807 468.5651538103101023   0.0351662691773169
 458.8746381955618957 422.7619717763268003 468.5953894284528257   0.0351662691773169
 460.9325499554021363 419.4965250169108606 468.6407428556669374  -0.6546337319202393
 460.6793266534567148 417.7201824510248882 468.9903421904423732   0.4274662691773168
 460.9212115985986084 422.1572594134719588 473.3745068211396647   0.5972662697260950
 462.4707870284140758 420.7890976925129922 474.4100767425285141  -0.5679337324690175
 461.1838835312136813 424.6649259931855104 473.3915143563449836  -0.4157337308226831
 459.8913108556115498 425.7420698895206111 472.4731074552592204   0.2718662691773169
 463.3003768012054921 425.9877342869303651 474.5990493559206287   0.0336662691773169
 465.0540426534844086 425.1997184890852001 473.8620561636913662   0.0822662691773169
 463.2399055649199918 428.7901981435355894 473.8601664375574359  -0.1825337308226831
 464.9293207286456012 429.7275023059604943 474.5782623684475031   0.0602662691773169
 463.2115596729111988 428.9772810307937737 471.8060341299850557   0.0602662691773169
 461.5826157454710358 429.7142742230230897 474.6519616876704616   0.0602662691773169
 463.4439959873834948 425.6003404294764849 477.4789919840166183   0.5972662697260950
 465.4943488426880680 425.8119897564757089 478.5429077974143145  -0.5679337324690175
 461.4030917627485192 424.8255527145687780 478.7621160289491521  -0.4157337308226831
 459.7080074206211725 424.8387807975062362 477.8758344721400961   0.2718662691773169
 461.6241897204173408 423.8466745771975683 481.3529305585552060  -0.0518337308226831
 462.5803911441814946 425.2601897253707004 482.5094429525150023   0.0921662691773169
 459.0314854646773566 423.2854259154229621 482.5188915831846001  -0.1102337308226831
 458.0922915761185214 421.8246676139018418 481.4134017948406526   0.0456662691773169
 457.2116791977112027 425.5247513841196499 482.8382552998173126   0.3530662691773169
 456.4746860054819402 426.1030075810995749 481.0071106760476307  -0.0361337308226831
 458.4305525540904294 427.8207686368339774 484.1024820834105974  -0.4121337308226831
 457.0208168581851580 429.2871961167568885 484.4105074432397821   0.0999662691773169
 459.9064286646829383 428.5955563517416842 482.8949470838349523   0.0999662691773169
 463.2304569342503941 421.4334943041801545 481.5267853628759321   0.5972662697260950
 463.4250987260442995 419.9576181935876457 479.4915503166427472  -0.4157337308226831
 462.5350377169673829 420.5812278177816824 477.9155187209524171   0.2718662691773169
 465.3299426690368860 417.9941927404434892 479.0663619365104763   0.0336662691773169
 464.6099570120128887 416.8509084294210974 477.5205659589629233   0.0822662691773169
 467.7412332159204233 419.2489708933671762 478.0761454423357386  -0.1825337308226831
 469.1018360323437223 417.8108893054531117 477.5035584237576044   0.0602662691773169
 467.2782503131097079 420.4149319179965701 476.4415323364938922   0.0602662691773169
 468.5708229887118394 420.4319394532018890 479.5444626483925801   0.0602662691773169
 456.4085455907946491 410.2463155913663134 474.5536959287065170   0.5972662697260950
 455.2728201843079784 411.4311738773349565 472.9096341921950192  -0.5679337324690175
 458.8727484694279654 410.5751279386686237 475.0185685576511626  -0.4157337308226831
 460.4903540400646004 412.3023376250726776 473.5672588867996398  -0.0014337308226831
 459.8497368806652987 414.2374171862080412 473.8809534250305615   0.0875662691773169
 463.2361261126521312 412.0887985719395770 474.5026733230906680  -0.0152337308226831
 463.3910836556337156 413.0279924604984120 476.3281487684586128   0.0294662691773169
 463.6745425757219142 410.1140347619918386 474.8144781351876596   0.0294662691773169
 465.2222282794033975 413.1451554808015519 472.7149924004011677  -0.0011337308226831
 465.2751406111531767 415.7416391888093431 472.1896485351710755  -0.1906337308226831
 463.9107583424620707 416.9605125451885162 473.0608122829087430   0.1698662691773169
 467.0684907122444678 416.7564221227250669 470.5134614543829241  -0.2341337308226831
 467.1025057826550517 418.7614215508154747 470.1166189662594463   0.1655662691773169
 468.8108182077198565 415.1482651827580833 469.3021470025393649   0.3225662691773169
 470.5229100850525219 416.1252535939953627 467.6599749921617973  -0.5579337324690176
 471.5395827451021223 414.8572473581341636 466.8681797420488255   0.3991662691773168
 468.7522366975682866 412.5272150350093062 469.7991449757606639  -0.2341337308226831
 470.0807141697149321 411.2894444172908839 468.8731791701392333   0.1655662691773169
 466.9815633100841050 411.5407779931023753 471.5282443882985945  -0.1906337308226831
 466.9815633100841050 409.5527861002172325 471.9458738638951979   0.1698662691773169
 460.2938225221367649 411.7940012950478504 470.7175518768463734   0.5972662697260950
 459.5813957696484348 413.4890856371751971 469.2889189196019066  -0.5679337324690175
 460.7681437817510082 409.4394025321819530 469.9238669005994713  -0.4157337308226831
 461.2689212072401140 408.1373812259102239 471.2353368375407981   0.2718662691773169
 460.5791711683588936 408.6211511161940647 467.2839194915114988  -0.0275337308226831
 461.7300143839168991 409.8702600907160149 466.1141790146142443   0.1122662691773169
 461.6241897204173408 405.9226221969545222 467.0212475588964259  -0.0050337308226831
 460.8210561135007872 404.7320947325841422 468.5027928478906719   0.0338662691773169
 460.9779033826162483 405.1591728388503434 465.2184488271355369   0.0338662691773169
 464.4531097428974278 405.6807372518125749 467.0609318077087467  -0.1415337308226831
 465.9289858534899367 405.6391632768663236 469.1434100072899736  -0.1638337308226831
 468.7257805316933702 405.3443659999745972 465.9063091398828807   0.1379662691773169
 470.5115717282489940 404.9456337857172427 461.7262349316490923  -0.1134337308226831
 468.0587072064192055 405.0250022833419383 460.7038930931977009  -0.1972337308226831
 467.8111530828755211 404.9153981675744658 458.6781066776341138   0.1446662691773169
 465.9346550318917274 405.2895639420908878 462.2855938672897682  -0.2387337308226831
 464.0657158854436012 405.3689324397155835 461.4730116297036170   0.1699662691773169
 466.2086653213102746 405.4577495680098766 464.9349899070473383   0.1242662691773169
 457.8636347139140323 408.7798881114434559 466.2766954621314423   0.5972662697260950
 457.4989175700672617 409.5811319922260792 464.1280768478629780  -0.5679337324690175
 455.9474524141178640 408.1071456077675005 467.7828071908666744  -0.4157337308226831
 456.3272873670360769 407.4136161166183659 469.5270244124759934   0.2718662691773169
 453.3018358266281543 408.2545442462133101 466.9834530362179814   0.0336662691773169
 453.0845173212271933 407.1509441840033467 465.2562433498139814   0.0822662691773169
 451.6180898413042820 407.0753551386464578 469.0262469869868874  -0.1825337308226831
 451.8184008114999782 408.1071456077675005 470.7969203744710690   0.0602662691773169
 452.4798049583724056 410.9738601529260318 466.3674023165596658   0.5972662697260950
 451.4650220244566816 411.4425122341384843 464.3227186396568834  -0.5679337324690175
 452.9749132054597743 412.7861075153565184 468.0568174802852754  -0.4157337308226831
 453.8158413350547186 412.3080068034744147 469.7178867520020382   0.2718662691773169
 452.3815391994084610 415.4544008164532839 467.6089523865459485  -0.0024337308226831
 450.4294521030678322 415.6150275378366055 466.9815633100841050   0.0977662691773169
 452.6895645592376456 416.9359461054475838 470.0844936219827928  -0.0343337308226831
 454.6322030249086767 416.7186276000466226 470.7364491381856224   0.0294662691773169
 452.3890981039441821 418.9277174506005870 469.6725333247879262   0.0294662691773169
 450.9094425410838126 416.2518652449680467 472.2387814146529940   0.0117662691773169
 448.4509088408522871 415.3183405348109487 471.7871368686458067  -0.1256337308226831
 447.7781663371763317 415.0122049011157480 469.8898518301888874   0.1329662691773169
 446.8144060088764568 414.8100042047861754 473.8185924626111848  -0.1704337308226831
 450.0458376978818126 416.1951734609504608 476.7741241360640093  -0.1704337308226831
 451.6936788866611709 416.6751638989664410 474.7445582682325615  -0.1256337308226831
 453.5701769376449645 417.3819214730529803 475.1206137688829139   0.1329662691773169
 453.9821372348397772 416.5882364968060781 465.4735618552149426   0.5972662697260950
 452.9786926577275813 417.9696263007025029 463.8880816288550147  -0.5679337324690175
 456.4009866862589817 415.8682508397820808 465.2940378724924257  -0.4157337308226831
 457.1209723432829790 414.7400843378310774 466.6678687718531293   0.2718662691773169
 458.0885121238506609 416.6260310194844688 463.2342363865182547  -0.0518337308226831
 458.2566977497696497 418.6820530531907791 463.2588028262591872   0.0921662691773169
 460.7076725454655079 415.4544008164532839 463.7614699778822770  -0.1102337308226831
 461.2046705186868070 415.9211631715318598 465.6908803606158499   0.0456662691773169
 460.5829506206267006 413.4021582350148341 463.6802117541236513   0.0456662691773169
 462.9073137653498748 416.3482412777980610 462.0890623493619326   0.3530662691773169
 462.5463760737709109 418.2606441253263689 461.4144301195520470  -0.0361337308226831
 465.3563988349118025 416.3350131948606028 463.6272994223738721  -0.4121337308226831
 466.9683352271466467 416.7828782885999297 462.4329925057356315   0.0999662691773169
 465.2430152668765232 417.7428591646319442 465.1296316988412437   0.0999662691773169
 465.6549755640713359 414.4774124052160045 464.4701172781027465   0.0999662691773169
 463.2928178966697710 414.5794576164477560 459.8440677022635077  -0.4121337308226831
 464.8234960651459892 415.2654282030611695 458.6573196901609882   0.0999662691773169
 463.7595802517483469 412.6840623041247670 460.5054718491359353   0.0999662691773169
 461.5769465670692987 414.5019788449569907 458.7310190093838930   0.0999662691773169
 457.0000298707120323 415.8399049477732340 460.6585396659835892   0.5972662697260950
 456.6542099882044570 417.4291646264010224 458.9993601204007030  -0.5679337324690175
 456.3083901056968279 413.4323938531575575 460.3448451277526674  -0.4157337308226831
 456.6107462871242217 412.2097410445105237 461.7942650724702599   0.2718662691773169
 455.1858927821476154 412.4459568112506802 458.0072539000920350  -0.0518337308226831
 456.3934277817233142 412.9580725935433142 456.4161044953303702   0.0921662691773169
 455.0233763346304174 409.5433374695476347 458.1697703476092869  -0.1102337308226831
 454.7210201532029699 408.9801990816390982 460.1294163484856366   0.0456662691773169
 453.3679762413153917 408.9197278453535980 457.1096339864794511   0.0456662691773169
 457.3137244089429541 408.1222634168388353 457.0642805592653394   0.3530662691773169
 457.2570326249253145 408.2998976734274219 455.0120379778268895  -0.0361337308226831
 459.8969800340132869 409.0538984008620031 457.9581210206101165  -0.4121337308226831
 461.3804150491414632 407.8142380570097044 457.2494737203896470   0.0999662691773169
 460.2352410119851950 410.9322861779797271 457.2060100193094656   0.0999662691773169
 459.9763485316379825 409.0954723758083080 460.0141430543164268   0.0999662691773169
 457.1077442603455208 405.3197995602336111 457.7332436106734879  -0.4121337308226831
 458.6327532504200021 404.2710015559073571 456.8318442447930434   0.0999662691773169
 457.2324661851843282 405.0816940673595779 459.7779272875762703   0.0999662691773169
 455.3068352547185623 404.5771371896025577 457.0680600115331998   0.0999662691773169
 452.5837398957380873 413.6024692052104766 457.4441155121834985   0.5972662697260950
 452.0565063043740112 414.1863945805921387 455.2558126491027135  -0.5679337324690175
 450.9831418603067711 414.0049808717356915 459.3584080858457365  -0.4157337308226831
 451.4744706551262794 413.4267246747558203 461.1196328426603743   0.2718662691773169
 448.5378362430126500 415.2484206678559045 459.0088087510703008   0.0336662691773169
 447.4625820728114796 414.1977329373956666 457.5971833290311526   0.0822662691773169
 447.0751882153575993 415.1709418963651392 461.5089164262481312  -0.1825337308226831
 445.2100285211773338 416.0043111214243624 461.2481342197669884   0.0602662691773169
 446.8578697099566920 413.2188548000244568 462.1325260504421679   0.0602662691773169
 448.0861916970054627 416.2348577097627818 462.9564466448317933   0.0602662691773169
 448.8383026983061137 417.9715160268364332 458.0223717091634235   0.5972662697260950
 447.4890382386863423 418.7292962065388212 456.2781544875541047  -0.5679337324690175
 450.6637781436740584 419.3982592579469697 459.0409340953469543  -0.4157337308226831
 451.6615535423844635 418.6915016838604305 460.5205896582073236   0.2718662691773169
 451.2533726974575114 421.9569484432763164 458.1452039078683006  -0.0249337308226831
 449.5034862974464016 423.0378717918792777 458.1792189782788844   0.0842662691773169
 453.1412091052448330 423.2797567370212250 459.9177670214864125   0.2116662691773169
 453.0864070473611235 425.3036534264508818 459.5322628901665163   0.0351662691773169
 452.5799604434702267 422.9830697339955682 461.8755232962288321   0.0351662691773169
 455.6639934940297192 422.4596155948994064 459.6059622093894211  -0.6546337319202393
 455.7754873359310683 420.6416990540671290 459.8497368806652987   0.4274662691773168
 452.1831179553467488 421.9456100864727885 455.3918729307450487   0.5972662697260950
 451.1021946067437876 423.2721978324855039 453.8177310611886489  -0.5679337324690175
 453.9934755916433051 420.3091072544970119 454.7115715225333723  -0.4157337308226831
 454.8740879700506240 419.3037729512508857 456.0835126957601993   0.2718662691773169
 454.8835366007202215 420.0407661434802019 452.0924111009185253  -0.0275337308226831
 455.6167503406816773 421.8567929581784953 451.4517939415192234   0.1122662691773169
 457.0775086422027976 418.1567091879606872 451.9582405454101202  -0.0050337308226831
 456.6731072495436524 416.5428830695919664 453.1771139017893470   0.0338662691773169
 457.1927819363720072 417.4367235309366896 450.0307198888104240   0.0338662691773169
 459.6418670059339351 419.1998380138852040 452.5742912650684359  -0.1415337308226831
 461.0497129757052764 418.5818975680929581 454.6095263113016207  -0.1638337308226831
 460.4393314344486979 417.3025529754282847 456.0740640650906017   0.2061662691773169
 463.4024220124372435 419.7043948916422242 454.4470098637844228  -0.3418337308226830
 464.8253857912799195 419.3529058307328579 455.6791113031010540   0.3411662691773169
 463.6197405178381510 421.1462559318240955 452.2889426188463609   0.1379662691773169
 465.6152913152590149 422.5484327231936996 451.2458137929217903  -0.2601337308226830
 467.4029722379485152 422.5881169720060205 452.1736693246771511   0.1571662691773169
 465.2411255407425929 423.8561232078671660 448.9573554447431840  -0.1134337308226831
 466.7529064478796157 424.9200390212648622 448.1409937548891722   0.1416662691773169
 462.8789678733410280 423.7673060795728728 447.7365923622300267  -0.1972337308226831
 462.6087370361902877 424.7726403828189989 446.0074929496920964   0.1446662691773169
 460.8796376236523573 422.3254450393910013 448.7513752961457507  -0.2387337308226831
 459.1108539623020522 422.2177306497574591 447.7895046939798598   0.1699662691773169
 461.2122294232224744 420.9289374264231881 451.0908562499402596   0.1242662691773169
 452.7727125091302017 419.2829859637777601 450.2518178464792457   0.5972662697260950
 452.6687775717645200 420.2713127318185674 448.1466629332909629  -0.5679337324690175
 451.0606206317975364 417.5860118955164832 451.0058185739138269  -0.4157337308226831
 451.2703802326627764 416.7658707533946647 452.7292488080500203   0.2718662691773169
 448.9346787311361280 416.8187830851444438 449.4222280736878295   0.0336662691773169
 449.6697821972315139 416.1743864734772815 447.6080909851234126   0.0822662691773169
 447.5665170101771615 414.6002446039208817 450.6883445834150446  -0.1825337308226831
 446.0037134974242359 413.9785247058608289 449.4978171190446645   0.0602662691773169
 448.8779869471184883 413.0336616389002030 450.9529062421639940   0.0602662691773169
 446.8314135440817756 415.1728316224990157 452.5270481117204477   0.0602662691773169
 447.1375491777770299 419.0373215663680058 448.8912150300559466   0.5972662697260950
 446.5290573626543817 419.5456578963928330 446.7029121669751076  -0.5679337324690175
 446.3476436537979345 420.4224908225322912 450.8470815786644358  -0.4157337308226831
 446.9466868382509852 419.9651770981233131 452.6139755138808105   0.2718662691773169
 444.6979127388846998 422.6145731378809370 450.5371664927013209   0.0336662691773169
 443.0368434671678833 422.0174196795618166 449.4770301315715388   0.0822662691773169
 443.8418668002183670 423.4687293504133394 453.1657755449858191  -0.1825337308226831
 442.8988934593916714 425.2979842480490910 453.0523919769505396   0.0602662691773169
 442.5322865894109168 422.0816703681151237 453.9481221644291933   0.0602662691773169
 445.4689210015245460 423.5915615491182164 454.4243331501773668   0.0602662691773169
 445.9640292486119149 424.7272869556048871 448.9800321583502397   0.5972662697260950
 444.7886195933129233 425.7439596156545412 447.2433738412765883  -0.5679337324690175
 448.3923273307007172 425.2394027378975211 449.4392356088930945  -0.4157337308226831
 449.2389246386974522 424.3663492640259233 450.9264500762891313   0.2718662691773169
 449.9608000218553799 426.9458254368284493 447.9217855233543343  -0.0024337308226831
 449.2200273773582569 428.8638974627584942 448.0597355311305999   0.0977662691773169
 452.6158652400147408 426.9042514618821443 449.0896362741176586  -0.0343337308226831
 452.5213789333186567 427.7300617824057539 450.9774726819049803   0.0294662691773169
 453.2205776028695286 424.9521643655415157 449.3220725885899546   0.0294662691773169
 454.6227543942390789 428.2554056476358460 447.5778553669806894   0.0117662691773169
 455.2066797696207411 430.7876386670903300 448.1277656719517676  -0.1256337308226831
 454.2372502629191827 431.7495092692562746 449.6074212348120833   0.1329662691773169
 457.1077442603455208 432.0329681893444731 446.7633834032606079  -0.1704337308226831
 457.5877346983615549 433.9208045971317947 447.2584916503479766   0.1429662691773169
 458.3700813178049292 430.7819694886885929 444.7810606887772022  -0.1072337308226831
 459.7911553705137285 431.7419503647205535 443.7209243276473665   0.1296662691773169
 457.7672586810840717 428.2554056476358460 444.2122531224669286  -0.1704337308226831
 458.7045628435089766 427.2973144977378155 442.7061413937316963   0.1429662691773169
 455.9247757005108083 426.9798405072390332 445.6371066274435350  -0.1256337308226831
 455.4976975942446070 425.0523198506393369 445.2251463302487221   0.1329662691773169
 449.9891459138641727 426.2239500536705216 445.0985346792759846   0.5972662697260950
 449.5261630110534575 427.8132097322983100 443.4525832166305565  -0.5679337324690175
 450.4011062110590393 423.7994314238495264 444.5013812209568643  -0.4157337308226831
 450.8092870559859913 422.5692197106668252 445.9186758213978032   0.2718662691773169
 450.4124445678625672 422.8621272614246215 441.8935591561455452  -0.0518337308226831
 451.8089521808303268 423.9506095145632501 440.8390919734175004   0.0921662691773169
 451.2080192702433997 420.0634428570872577 441.8935591561455452  -0.1102337308226831
 453.0901864996289304 419.9009264095700061 442.7193694766691009   0.0456662691773169
 449.9041082378377400 419.0127551266270197 443.0935352511855229   0.0456662691773169
 451.2136884486451368 418.8294516916366424 439.2536117470575728   0.3530662691773169
 449.3674260158040663 419.0429907447697431 438.3711096425163236  -0.0361337308226831
 453.2224673290034589 419.9840743594625621 437.5226226083856582  -0.4121337308226831
 453.2375851380747936 418.9995270436895615 435.7160444243569626   0.0999662691773169
 452.8010584011389948 421.9701765262137746 437.1768027258780829   0.0999662691773169
 455.0819578447819337 419.8272270903471012 438.3975658083912400   0.0999662691773169
 451.7314734093395615 415.9986419430226253 439.4879377876637989  -0.4121337308226831
 451.6917891605272405 415.1218090168831668 437.6265575457513400   0.0999662691773169
 453.5777358421806318 415.6906165831934404 440.3496529047318686   0.0999662691773169
 450.2839431907558992 415.1274781952849040 440.6671268952306510   0.0999662691773169
 447.8461964779974994 423.2457416666106411 440.5877583976059554   0.5972662697260950
 447.7668279803728038 424.0110807508487502 438.3900069038555189  -0.5679337324690175
 445.7523799216127446 422.7808690376659956 441.9219050481543383  -0.4157337308226831
 445.9508011656744567 422.1459210566684310 443.7247037799152271   0.2718662691773169
 443.1993599146851350 423.2211752268696550 440.9165707449082657  -0.0597337308226831
 443.0273948364982856 422.2101717452217917 439.1345590006205026   0.0868662691773169
 441.1716837729876175 422.1988333884182638 442.7590537254814755   0.1302662691773169
 441.5364009168344420 422.9925183646651660 444.6242134196617413   0.0186662691773169
 441.2718392580854388 419.2867654160456205 443.0198359319626181  -0.0430337308226831
 443.1010941557212441 418.7387448372084189 443.7681674809954085   0.0235662691773169
 439.8602138360462906 418.7066194929317654 444.4031154619929734   0.0235662691773169
 442.8025174265616571 426.0198596312070187 440.2665049548393662   0.5972662697260950
 441.8576543596010312 426.5848877452494854 438.2104829211330020  -0.5679337324690175
 443.6132099380138780 427.7716357573520050 441.9030077868151430  -0.4157337308226831
 444.3955565574572523 427.1877103819703429 443.5584078801301685   0.2718662691773169
 443.4865982870411403 430.5079591992699919 441.3776639215850508  -0.0875337308226831
 441.5288420122987209 430.9955085418216934 440.9713728027919752   0.0968662691773169
 444.3218572382343474 432.0802113426924615 443.6944681617725039   0.2984662691773169
 446.2134730982895297 431.5114037763821878 444.2689449064845683  -0.0297337308226831
 444.3464236779753335 434.9242491742439369 443.1256605954621765  -0.3192337308226830
 444.7980682239825209 435.9768266308381052 444.8396421989287721   0.0790662691773169
 445.7920641704250655 435.3645553634475963 441.7253735302265564   0.0790662691773169
 442.5077201496699305 435.5308512632327086 442.4226824736434978   0.0790662691773169
 442.5133893280717215 431.6965969375064417 445.9281244520674008  -0.3192337308226830
 443.1993599146851350 432.7397257634310123 447.5684067363110379   0.0790662691773169
 440.6312220986861369 432.3731188934502576 445.4386853833818228   0.0790662691773169
 442.3943365816346512 429.7104947707552293 446.4345710559582976   0.0790662691773169
 445.0191661816512890 431.1863708813477381 439.0117268019156253   0.5972662697260950
 444.0421777704140095 432.4732743785480789 437.3355397211274742  -0.5679337324690175
 447.3303012434370050 430.1961543871730004 438.7566137738362735  -0.4157337308226831
 448.0408382697913509 429.1738125487216092 440.2192618014913242   0.2718662691773169
 448.9252301004665302 430.5929968752964783 436.5229574835413230   0.0212662691773169
 449.2578219000366475 432.6168935647261352 436.3018595258725549   0.1123662691773169
 451.4801398335280702 429.3060933780960838 437.0237349090304825  -0.1231337308226831
 452.3324063199265423 430.1451317815570979 438.7074808943543013   0.1111662691773169
 451.2042398179755390 427.2916453193360246 437.3619958870023906   0.1111662691773169
 453.5815152944484924 429.7388406627640221 434.3459929772640656  -0.3119337308226831
 455.7358030871186937 429.2116070713999999 435.5667560597771690   0.1932662691773169
 447.6628930430071221 429.6670310696750476 434.0606443310419369   0.5972662697260950
 447.5589581056414404 431.0446414213036119 432.1784771016564061  -0.5679337324690175
 446.5517340762614375 427.3936905305677761 434.0682032355776580  -0.4157337308226831
 446.6934635363055101 426.3241055387683429 435.6593526403393228   0.2718662691773169
 449.0461725730374771 421.9286025512675235 432.1822565539242129  -0.4121337308226831
 449.8379678231505026 423.7370704614301494 431.5945517262746904   0.0999662691773169
 449.0518417514392142 421.8360059707053697 434.2363888614966468   0.0999662691773169
 445.5690764866223673 437.2845171155116253 432.9816107085729059  -0.1102337308226831
 444.9908202896424959 436.9405869591379265 434.9318080787796580   0.0456662691773169
 447.2471532935444488 436.1431225306231637 432.6206730169939420   0.0456662691773169
 446.2758340607089064 440.0964296027864471 432.7718511077076658   0.3530662691773169
 446.9051128633046802 440.5083898999812598 430.8537790817775674  -0.0361337308226831
 444.0610750317532049 441.8368673721279056 433.4540422420532188  -0.4121337308226831
 444.7243689047595626 443.7870647423346577 433.5447490964814423   0.0999662691773169
 443.2900667691133585 441.3209721375674110 435.2946354964925522   0.0999662691773169
 448.4263424011113008 440.6614577168288603 434.6162238144148059  -0.4121337308226831
 449.0405033946357400 442.6173242654374032 434.4007950351477751   0.0999662691773169
 447.8008430507833876 440.3779987967407154 436.5588622800858370   0.0999662691773169
 450.0307198888104240 439.4255768252443683 434.2458374921662445   0.0999662691773169
 456.9206613730873367 451.5122651778047237 428.1741474238772738   0.0881662691773169
 459.5681676867110304 453.4964776184220060 428.7372858117857566   0.0881662691773169
 461.0251465359642901 447.5854142715163568 428.7391755379196869  -0.5679337324690175
 456.6560997143383335 444.9190106965534678 428.8298823923479104   0.0921662691773169
 452.8936549817011486 441.3342002205048692 429.4194769461313633  -0.4121337308226831
 451.9941453419546344 439.6580131397167180 430.1999338394408072   0.0999662691773169
 454.3752002706953946 441.9143461436186708 430.7290571569387598   0.0999662691773169
 451.5028165471351261 442.8440914015079083 429.2607399508819721   0.0999662691773169
 459.4944683674880720 441.2510522706123131 429.6708105219429083  -0.5679337324690175
 465.7891461195797945 439.4860480615298686 429.9561591681649833  -0.5679337324690175
 467.0477037247713424 444.6355517764652692 430.5287461867431175  -0.0024337308226831
 468.8807380746749544 443.7039167924421015 430.6761448251889808   0.0977662691773169
 467.5012379969124061 447.4380156330704935 429.9051365625491344  -0.0343337308226831
 465.6908803606158499 448.3620917125579938 429.5857728459164219   0.0294662691773169
 468.9128634189516079 448.9460170879396559 431.8950181815682076   0.0117662691773169
 471.5376930189681920 449.3409698499292036 431.6739202238993858  -0.1256337308226831
 472.8189273377668494 450.8546404832001031 433.4483730636514817  -0.1704337308226831
 474.8239267658572572 451.1966809134398716 433.2518415457236462   0.1429662691773169
 471.4828909610844827 451.9506816408744528 435.4666005746793479  -0.1072337308226831
 472.4542101939200251 453.1071940348342491 436.8461006524418960   0.1296662691773169
 468.8750688962731636 451.5217138084743214 435.7160444243569626  -0.1704337308226831
 467.8546167839557027 452.3437446767300702 437.2845171155116253   0.1429662691773169
 467.5881653990728228 450.0458376978818126 433.9245840493996017  -0.1256337308226831
 465.5718276141788333 449.7774965868650026 434.1154463889256462   0.1329662691773169
 465.6965495390176406 444.2462681928775125 433.0666483845993922   0.5972662697260950
 466.8095982318972555 443.1577859397388300 434.7862991664677250  -0.5679337324690175
 463.2682514569288386 444.9360182317587327 433.2480620934557858  -0.4157337308226831
 462.4556692193426873 445.7901744442911352 431.7325017340509559   0.2718662691773169
 461.7413527407204270 444.6450004071348669 435.5610868813754319  -0.0597337308226831
 462.5596041567083691 445.8128511578981912 437.0520808010392756   0.0868662691773169
 459.0069190249363704 445.5671867604884369 435.0810964433594515   0.1302662691773169
 458.3190587121890803 444.6336620503313389 433.3765634705624535   0.0186662691773169
 457.2078997454433421 444.8528702818662304 437.2561712235027785  -0.3204337308226831
 455.3351811467274090 445.6484449842470628 436.9519253159414544   0.0881662691773169
 457.0000298707120323 442.8100763310973244 437.3997904096807812   0.0881662691773169
 457.9392237592708675 445.5634073082206301 439.0400726939244721   0.0881662691773169
 458.9540066931865913 448.4546882931201476 434.6256724450844037  -0.0430337308226831
 459.1335306759091081 449.4505739656966224 436.4152430939078343   0.0235662691773169
 460.5489355502161167 449.0178266810286841 433.4540422420532188   0.0235662691773169
 456.5483853247048450 449.3390801237952732 433.2764079854646323  -0.0660337308226831
 454.8929852313898193 449.0367239423678794 434.4612662714332754   0.0185662691773169
 456.7071223199542360 451.3497487302874720 432.8625579621358893   0.0185662691773169
 456.3121695579646885 448.3148485592099517 431.5076243241143273   0.0185662691773169
 461.8074931554076644 441.9011180606812126 436.5097294006039184   0.5972662697260950
 462.5142507294942572 441.4286865272008997 438.6715760978097871  -0.5679337324690175
 461.2311266845617234 440.0624145323758633 434.8694471163602276  -0.4157337308226831
 460.7246800806708266 440.5631919578649693 433.0874353720725179   0.2718662691773169
 461.2443547674991816 437.3657753392701974 435.5573074291075714  -0.0597337308226831
 459.9801279839058431 437.1068828589229849 437.1635746429406247   0.0868662691773169
 460.2427999165209160 435.7349416856961579 433.3425484001518697   0.1302662691773169
 461.2594725765705165 436.2772930861315688 431.6304565228192043   0.0186662691773169
 460.6944444625280497 432.8890141280107521 433.7979723984269177  -0.3204337308226831
 459.9461129134952593 431.7702962567294002 432.2446175163436435   0.0881662691773169
 462.7107822474220390 432.4865024614855371 433.9132456925960736   0.0881662691773169
 459.7930450966476588 432.3088682048969506 435.5591971552415015   0.0881662691773169
 457.3874237281658589 436.2319396589174570 432.9400367336266548  -0.0430337308226831
 456.3253976409021467 435.4703800269472084 434.5349655906561802   0.0235662691773169
 457.0434935717922137 438.2596158006149744 432.8814552234750848   0.0235662691773169
 456.3367359977056746 435.1094423353682445 430.4796133072611990  -0.0660337308226831
 456.3594127113127304 433.0534203016619340 430.5419742696805757   0.0185662691773169
 454.3846489013649921 435.7179341504908927 430.2339489098513911   0.0185662691773169
 457.4611230473888174 435.7576183993032137 428.8790152718298828   0.0185662691773169
 463.8767432720514868 436.5153985790056556 436.4416992597827507   0.5972662697260950
 464.0600467070418104 435.1302293228413702 438.2993000494272954  -0.5679337324690175
 465.9006399614811436 437.3714445176719881 435.1925902852608006  -0.4157337308226831
 465.6209604936607520 438.5487438991049101 433.7034860917308335   0.2718662691773169
 468.5122414785602695 436.7761807854867981 435.8917889548116188  -0.0252337308226831
 468.8240462906573148 434.7466149176553504 435.7330519595622813   0.0697662691773169
 469.7783579882875383 437.7437205660544801 434.5878779224059592   0.0697662691773169
 469.1849839822362786 437.6171089150817424 438.5770897911137569   0.5972662697260950
 470.1676415718752952 436.1147766386143708 440.0567453539740725  -0.5679337324690175
 468.5443668228369768 439.9547001427423211 439.2706192822628378  -0.4157337308226831
 467.6902106103045744 441.0960947276307826 437.9874952373303038   0.2718662691773169
 468.9015250621480800 440.9033426619708075 441.8538749073331706  -0.0275337308226831
 470.8573916107565693 440.5915378498738161 442.4226824736434978   0.1122662691773169
 468.4083065411946414 443.7587188503258110 441.8954488822794755  -0.0050337308226831
 466.6867660331923785 444.1914661349938030 440.8428714256853072   0.0338662691773169
 468.1002811813654568 444.3350853211718056 443.8494257047540345   0.0338662691773169
 470.5512559770613150 445.3082942801412247 440.8712173176941540  -0.1415337308226831
 471.1691964228535608 445.5841942956937558 438.4089041651947679  -0.1638337308226831
 470.1600826673396278 444.7735017842415348 436.8479903785757726   0.2061662691773169
 473.3197047632559554 447.0222758836078202 438.1707986723206811  -0.3418337308226830
 474.0226828850746877 447.5627375579093008 436.4813835085950717   0.3411662691773169
 474.2381116643416649 447.7535998974353456 440.4838234602402737   0.1379662691773169
 476.3470460297978081 449.1803431285458822 441.2113680217999922  -0.2601337308226830
 477.6169419917928839 449.9041082378377400 439.8243090395017765   0.1571662691773169
 476.7779035883318700 449.6168698654816810 443.7927339207363948  -0.1134337308226831
 478.3936194328345209 450.6713370482097794 444.3842182006537242   0.1416662691773169
 475.0752603416688022 448.6738965246549854 445.6030915570329511  -0.1972337308226831
 475.4021829628371822 449.0423931207696167 447.5457300227039822   0.1446662691773169
 472.9701054284805194 447.2188074015356020 444.8925545306785513  -0.2387337308226831
 471.7191067278246392 446.4950422922437979 446.2928415959142252   0.1699662691773169
 472.4901149904645390 446.7010224408411773 442.2526071215905787   0.1242662691773169
 467.2442352426991242 439.4841583353959383 443.7606085764597413   0.5972662697260950
 468.1437448824456382 438.7282678818274268 445.7674977306840794  -0.5679337324690175
 464.8688494923601011 438.9550350178979857 443.1067633341229812  -0.4157337308226831
 464.1998864409520063 439.6107699863686760 441.4305762533348300   0.2718662691773169
 463.1170733662151148 437.6567931638941170 444.8075168546521186  -0.0275337308226831
 463.2115596729111988 438.5808692433815636 446.6481101090913981   0.1122662691773169
 460.3977574595024466 437.9818260589285667 443.8399770740844367  -0.0050337308226831
 460.3410656754848070 437.5377404174570468 441.8274187414583078   0.0338662691773169
 459.2185683519355945 436.5947670766303512 444.7772812365093954   0.0338662691773169
 459.1618765679179547 440.5216179829187181 444.2462681928775125  -0.1415337308226831
 460.1596519666283598 442.8044071526955873 443.6680119958975875  -0.1638337308226831
 462.0078041256033606 443.1086530602569115 442.8516503060436293   0.2061662691773169
 458.4116552927511805 444.6903538343489787 444.0932003760298584  -0.3418337308226830
 458.6667683208305859 446.4969320183777282 443.4847085609072100   0.3411662691773169
 456.2025654421972695 443.7417113151205460 445.0758579656689286   0.1379662691773169
 453.9197762724204003 444.8831059000089536 445.8015128010946631  -0.2601337308226830
 453.6741118750106462 446.8729875190280267 445.5993121047650905   0.1571662691773169
 451.9601302715440506 443.3713249928719844 446.7652731293945382  -0.1134337308226831
 450.2140233238008013 444.2217017531365262 447.3132937082316861   0.1416662691773169
 452.2851631665785002 440.7408262144535559 446.9958197177329037  -0.1972337308226831
 450.7941692469146567 439.6088802602347456 447.7498204451674851   0.1446662691773169
 454.5566139795518416 439.5805343682259528 446.2285909073608643  -0.2387337308226831
 454.7663735804170816 437.5830938446711585 446.3911073548781162   0.1699662691773169
 456.6258640961956103 441.0790871924254637 445.2213668779808616   0.1242662691773169
 463.8370590232391122 434.8713368424941577 445.2950661972037665   0.5972662697260950
 463.2266774819825337 433.8924587051229479 447.3132937082316861  -0.5679337324690175
 465.2278974578051347 433.5901025236955542 443.5999818550764198  -0.4157337308226831
 465.5680481619109728 434.4102436658173728 441.8973386084134058   0.2718662691773169
 466.4127557437737775 431.1164510143926403 444.1876866827259423  -0.0875337308226831
 465.1957721135284811 430.1432420554232213 445.5331716900778531   0.0968662691773169
 466.6376331537104061 429.3438879007745283 441.8822207993420173   0.2984662691773169
 467.4275386776895015 427.5637658826206952 442.5568530291519029  -0.0297337308226831
 464.0373699934347545 428.7316166333840195 440.7710618325963327  -0.3192337308226830
 464.2376809636303970 427.3710138169607202 439.2384939379861842   0.0790662691773169
 462.8657397904035698 427.9020268605926031 442.2412687647870508   0.0790662691773169
 463.1416398059561009 430.4361496061809637 440.0454069971705446   0.0790662691773169
 468.3761811969179879 430.2887509677351542 439.7713967077519975  -0.3192337308226830
 468.5198003830959906 428.8563385582228268 438.2993000494272954   0.0790662691773169
 467.6108421126798788 432.0046222973356264 438.9474761133623183   0.0790662691773169
 470.2640176047053094 430.6629167422515226 440.4989412693116623   0.0790662691773169
 468.9808935597727756 431.3469976027310058 445.5123847026047276   0.5972662697260950
 469.6290696237077448 429.6840386048803128 447.0090478006703619  -0.5679337324690175
 470.4133059692850492 433.3897915534999118 445.0720785134010682  -0.4157337308226831
 469.8123730586981221 434.6691361461645851 443.7795058377989366   0.2718662691773169
 472.8094787070971979 433.9094662403282668 446.3816587242085184  -0.0518337308226831
 474.0623671338870085 432.3031990264951598 446.0793025427811245   0.0921662691773169
 474.0661465861548692 436.2527266463905826 445.1854620814363475  -0.1102337308226831
 474.4081870163945840 435.7991923742495187 443.2050290930868721   0.0456662691773169
 472.7679047321509468 437.8438760511523011 445.2308155086504592   0.0456662691773169
 476.5813720704040344 437.0785369669141920 446.4118943423512416   0.3530662691773169
 477.5734782907127023 435.4269163258670270 447.1432183561787670  -0.0361337308226831
 478.2670077818617834 438.3333151198378793 444.4239024494660988  -0.4121337308226831
 480.0471298000156162 438.9115713168178043 445.2856175665341687   0.0999662691773169
 478.6732989006548590 437.0010581954234267 442.9083420900612690   0.0999662691773169
 477.3240344410350876 439.9943843915546958 443.6491147345583922   0.0999662691773169
 476.2185446526911403 439.0136165280495557 448.5397259691465803  -0.4121337308226831
 478.0515790025947523 439.6051008079668852 449.2672705307062451   0.0999662691773169
 475.2226589801146655 440.6765755259002488 447.8367478473279016   0.0999662691773169
 475.1565185654274281 438.2048137427312649 450.1025294818994522   0.0999662691773169
 472.4315334803129691 434.1607998161397582 449.2483732693670498   0.5972662697260950
 473.9187479477090059 433.1176709902152413 450.6940137618168354  -0.5679337324690175
 470.3774011727405889 435.3777834463850546 450.0760733160245358  -0.4157337308226831
 469.2889189196019066 436.2848519906672899 448.7853903665563345   0.2718662691773169
 469.6252901714398844 435.4666005746793479 452.7519255216570761  -0.0014337308226831
 471.0312464150772952 436.4983910438003904 453.8517461315992327   0.0875662691773169
 467.0571523554409399 436.8139753081651888 453.0448330724148724  -0.0152337308226831
 465.7853666673119340 436.1676889703641500 451.5557288788849053   0.0294662691773169
 466.2351214871851910 436.1714684226320104 454.8230653644347213   0.0294662691773169
 467.0042400236911071 439.6939179362611783 453.0712892382897351  -0.0011337308226831
 468.3289380435699458 441.1093228105682408 451.2288062577165251  -0.1906337308226831
 469.5062374250028678 440.1739083742772124 449.8946596071681425   0.1698662691773169
 468.1191784427046521 443.7568291241918807 451.0757384408689249  -0.2341337308226831
 469.0980565800758619 444.8018476762503279 449.6622232926957928   0.1655662691773169
 466.4618886232557499 445.1174319406151799 452.9711337531919139   0.3225662691773169
 466.1727605247657606 447.6647827691410524 452.9238905998438718  -0.5579337324690176
 465.8382789990617132 448.2940615717368263 454.6057468590338140   0.3991662691773168
 465.1447495079126322 443.5262825358535149 454.9534564676753196  -0.2341337308226831
 463.9485528651404613 444.3879976529215848 456.3235079147682164   0.1655662691773169
 465.4754515813488190 440.8920043051672796 454.9099927665951379  -0.1906337308226831
 464.5041323485133303 439.7751761600198043 456.2838236659558954   0.1698662691773169
 469.3966333092354490 432.8001969997164589 453.8687536668044978   0.5972662697260950
 470.5418073463917172 432.2030435413973386 455.8000537756720546  -0.5679337324690175
 467.9736695303927191 431.1447969064014332 452.5988577048094222  -0.4157337308226831
 467.1308516746638447 431.7192736511134977 450.9869213125745779   0.2718662691773169
 467.6127318388137553 428.5464234722597118 453.4492344650740176  -0.0252337308226831
 466.7321194604064903 428.5520926506615026 455.3125044331203531   0.0697662691773169
 466.3636228642918053 427.5921117746294883 452.1283158974630393   0.0697662691773169
 470.0977217049201973 427.0837754446046612 453.6060817341894785   0.5972662697260950
 470.5569251554631058 425.8289972916809739 455.5052564987803281  -0.5679337324690175
 471.7512320721012927 427.2689686057289688 451.6974583389289776  -0.4157337308226831
 471.3071464306298263 428.3744583940729161 450.1913466101937454   0.2718662691773169
 474.1681917973866205 425.8913582541004045 451.7144658741342963  -0.0597337308226831
 473.7203267036472400 423.9827348588399037 452.3324063199265423   0.0868662691773169
 475.2944685732036400 425.6570322134941247 449.0216061332964910   0.1302662691773169
 473.7430034172542960 425.6740397486994434 447.6610033168731917   0.0186662691773169
 477.0915981265627917 427.8226583629679077 448.3091793808082146  -0.3204337308226831
 477.6093830872572164 427.6771494506559747 446.3211874879230181   0.0881662691773169
 476.1675220470752914 429.6273468208626730 448.6039766576998874   0.0881662691773169
 478.8093591822971942 427.7508487698788793 449.4486842395626923   0.0881662691773169
 476.7344398872516347 423.1380272769770988 448.6814554291906527  -0.0430337308226831
 477.8304810449259844 423.2230649530035854 446.9372382075813338   0.0235662691773169
 478.0515790025947523 422.8659067136924283 450.2442589419435245   0.0235662691773169
 474.9902226656423695 420.8287819413253670 448.4773650067272036  -0.0660337308226831
 473.6560760150939330 421.0895641478064559 446.9277895769117362   0.0185662691773169
 476.1259480721290401 419.1525948605372156 448.1013095060768512   0.0185662691773169
 473.9489835658517292 420.5339846644336403 450.2272514067382596   0.0185662691773169
 476.0276823131650956 426.9080309141500050 453.7081269454212301   0.5972662697260950
 477.3863954034545182 425.4000294592808426 454.8495215303096379  -0.5679337324690175
 475.9823288859509838 429.3797926973189886 454.2599269765261848  -0.4157337308226831
 474.8598315624017713 430.5344153651449083 453.2130186983338611   0.2718662691773169
 477.3731673205170599 430.5211872822074501 456.3726407942501886  -0.0518337308226831
 479.3573797611343421 430.0241893089861510 456.1742195501884229   0.0921662691773169
 477.1671871719196267 433.4238066239104956 456.2063448944650765  -0.1102337308226831
 478.0156742060502920 434.0417470697027416 454.4318920547130342   0.0456662691773169
 475.1754158267666234 433.9472607630066574 456.1609914672509647   0.0456662691773169
 478.4181858725755071 434.8770060208959485 458.4059861143494433   0.3530662691773169
 477.4922200669540765 434.3743388692728587 460.1747697756997483  -0.0361337308226831
 481.2471058950555940 434.3214265375230795 458.6516505117591974  -0.4121337308226831
 482.0464600497042871 435.4911670144203340 460.1483136098248319   0.0999662691773169
 481.5400134458133903 432.3485524537092715 459.1580971156500942   0.0999662691773169
 482.2070867710876085 434.7333868347178922 456.8771976720071553   0.0999662691773169
 478.1120502388802526 437.7172644001795636 457.9902463648867700  -0.4121337308226831
 478.8509331572434455 438.7452754170327456 459.6154108400590187   0.0999662691773169
 479.1060461853228510 438.3106384062308233 456.2876031182237022   0.0999662691773169
 476.1127199891915819 438.1745781245885417 457.7956045730928648   0.0999662691773169
 476.4472015148956293 429.4893968130864613 458.9294402534456052   0.5972662697260950
 477.9797694095057778 428.7448447163214777 460.5130307536716564  -0.5679337324690175
 473.9546527442535200 429.2909755690246955 459.2922676711584991  -0.4157337308226831
 472.7735739105527376 430.0034023215130254 457.9581210206101165   0.2718662691773169
 472.8680602172487679 428.1136761875917735 461.5523801273283126  -0.0024337308226831
 473.6145020401476818 429.0906645988290530 463.2058904945094080   0.0977662691773169
 469.9654408755457226 428.4122529167513069 461.5561595795961731  -0.0343337308226831
 469.5100168772707283 430.4040242619043102 461.7545808236578852   0.0294662691773169
 469.2416757662539182 427.8075405538965192 459.7287944080942981   0.0294662691773169
 468.5027928478906719 427.0270836605870752 463.6197405178381510   0.0117662691773169
 466.3881893040327914 425.5360897409231778 462.9791233584388493  -0.1256337308226831
 465.8344995467938525 425.3565657582006610 461.0534924279731369   0.1329662691773169
 464.9765638819936433 424.2907602186690883 464.8631803139583638  -0.1704337308226831
 463.3816350249641179 423.1588142644502244 464.3699617930049254   0.1429662691773169
 465.6587550163391963 424.5553218774180377 467.4162003208859734  -0.1072337308226831
 464.5891700245397631 423.6199074411270095 468.8505024565321775   0.1296662691773169
 467.7412332159204233 426.0708822368229214 468.0757147416244707  -0.1704337308226831
 468.2382311891417223 426.2919801944916893 470.0183532072955554   0.1429662691773169
 469.1566380902274319 427.3048734022734828 466.1878783338371491  -0.1256337308226831
 470.7194416029803037 428.4613857962332791 466.7226708297368925   0.1329662691773169
 473.6522965628260725 425.3225506877900773 461.8112726076755251   0.5972662697260950
 474.4289740038677095 424.5477629728823704 463.8672946413818354  -0.5679337324690175
 473.6371787537547376 423.8504540294654289 459.7344635864960889  -0.4157337308226831
 472.9682157023465891 424.6025650307660798 458.1036299329220495   0.2718662691773169
 474.5007835969567378 421.1991682635739284 459.7628094785048820  -0.0237337308226831
 473.3310431200594833 420.1465908069797601 461.0950664029193882   0.0879662691773169
 474.3193698881002907 419.8706907914272826 457.1663257704970908   0.0341662691773169
 475.6251706466398804 420.7834285141112551 455.8624147380914313   0.0240662691773169
 474.9864432133745090 417.9375009564258494 457.4252182508443032   0.0240662691773169
 471.7625704289048206 419.7006154393743635 455.8113921324755825   0.0017662691773169
 471.2183293023355332 421.5525470506171711 455.1443188072013643   0.0439662691773169
 472.0705957887340053 418.5554414022180953 454.1276461471517102   0.0439662691773169
 469.1093949368793898 418.3097770048083411 457.4667922257905545  -0.2737337308226831
 467.9774489826605798 421.0007470195121626 459.2450245178104573  -0.0536337308226831
 466.1330762759534396 420.5736689132459613 460.0500478508609410   0.0683662691773169
 469.2775805627983788 421.4278251257783638 460.7851513169562732   0.0683662691773169
 467.8092633567415908 422.6372498514879929 458.0072539000920350   0.0683662691773169
 477.2484453956782526 421.0026367456460929 460.6717677489209937   0.5972662697260950
 477.7851276177118726 419.6439236553567239 462.4840151113514803  -0.5679337324690175
 478.9945523434215018 422.3424525745962665 459.4113204175955694  -0.4157337308226831
 478.4219653248433139 423.4857368856186044 457.9789080080832421   0.2718662691773169
 481.7176477024019768 422.1553696873380822 459.9631204487005243  -0.0875337308226831
 482.1862997836144828 420.1503702592476207 460.0141430543164268   0.0968662691773169
 483.3182457378332930 423.3534560562441298 457.8352888219052395   0.2984662691773169
 482.5604655581309049 422.7033902661752303 456.0324900901443504  -0.0297337308226831
 483.2842306674227092 426.2447370411436473 457.8296196435034485  -0.3192337308226830
 484.3027930536062400 426.9533843413641167 456.1855579069919508   0.0790662691773169
 481.3415922017516781 426.8796850221412119 457.7200155277360297   0.0790662691773169
 484.1535046890264463 426.9949583163103680 459.5398217947021837   0.0790662691773169
 482.3639340402030694 423.1909396087269318 462.5860603225832317   0.5972662697260950
 484.1270485231516374 422.2593046247037102 463.7690288824179445  -0.5679337324690175
 480.8767195728070326 424.9823999836842389 463.5687179122223021  -0.4157337308226831
 479.5047783995802054 425.7477390679223482 462.4707870284140758   0.2718662691773169
 481.1015969827436612 425.8592329098236973 466.1727605247657606   0.0212662691773169
 483.0517943529504132 426.3959151318573710 466.4996831459341406   0.1123662691773169
 479.4858811382410101 428.2383981124305808 466.5469262992821826  -0.1231337308226831
 480.2587791270147866 429.7860838161120642 465.4206495234651095   0.1111662691773169
 477.5432426725699790 427.8906885037890752 465.9478831148291320   0.1111662691773169
 479.5350140177229286 429.0698776113559273 469.8785134733853595  -0.3119337308226831
 478.5731434155570377 431.4225866480878946 469.6763127770557869   0.1932662691773169
 480.4496414665408314 423.7956519715817194 468.1116195381689847   0.5972662697260950
 482.0313422406329523 423.1399170031110291 469.6933203122610519  -0.5679337324690175
 478.1044913343445852 422.8545683568889004 468.0681558370888032  -0.4157337308226831
 476.9064049654384841 423.4347142800027556 466.6867660331923785   0.2718662691773169
 477.0821494958931940 421.2917648441360285 470.1185086923933766  -0.0024337308226831
 477.7057591200871770 422.0627731067759284 471.9269766025560026   0.0977662691773169
 474.1814198803240251 421.3711333417607241 470.0599271822418065  -0.0343337308226831
 473.5067876505141395 421.5374292415458364 468.1172887165707756   0.0294662691773169
 473.4519855926304300 419.5891215974730144 470.7969203744710690   0.0294662691773169
 473.0929376271853965 423.4970752424221325 471.6321793256642761   0.0117662691773169
 473.6636349196296004 426.0293082618766164 471.0558128548182815  -0.1256337308226831
 474.7785733386431454 426.4790630817498734 469.4117511183067837   0.1329662691773169
 472.7338896617403630 427.9889542627529662 472.5808218448927626  -0.1704337308226831
 473.1439602328012990 429.9391516329597183 472.1159492159481170   0.1429662691773169
 471.1862039580588796 427.4144775180409018 474.6519616876704616  -0.1072337308226831
 470.4019676124815214 428.9243686990439945 475.7555617498804249   0.1296662691773169
 470.6287347485520803 424.8916931292560154 475.2510048721234584  -0.1704337308226831
 469.4854504375297422 424.4627252968559377 476.8818385256974980   0.1429662691773169
 471.5773772677805667 422.9301574022457891 473.7392239649864892  -0.1256337308226831
 471.1559683399161025 420.9894086627086346 474.2040965939310811   0.1329662691773169
 478.0081153015145709 418.5611105806198324 470.0504785515722089   0.5972662697260950
 478.3671632669596044 417.4291646264010224 472.0479190751269493  -0.5679337324690175
 478.3898399805666604 417.4801872320168712 467.7998147260719932  -0.4157337308226831
 478.0704762639340015 418.5100879750039836 466.2105550474442049   0.2718662691773169
 479.1684071477422277 414.8383500967949683 467.5465914241265179  -0.0031337308226831
 477.8947317334792915 413.6629404414959768 468.6653092954079236   0.0849662691773169
 478.9662064514126551 414.0333267637445382 464.7668042811283496  -0.0036337308226831
 476.9895529153310401 414.1240336181727617 464.1828789057466875   0.0170662691773169
 480.0565784306852140 415.3372377961501977 463.5989535303650254   0.0170662691773169
 477.9022906380150126 410.8415793235515034 460.3164992357438207  -0.6086337319202393
 487.9783103840830618 444.0535161272175374 465.4565543200096237  -0.5679337324690175
 487.4737535063260953 441.3417591250405366 468.6671990215418539  -0.5163337308226830
 485.1040369343889169 440.2721741332411033 467.7223359545812280   0.0396662691773169
 485.4045033896823804 439.6277775215739410 465.7872563934458643   0.1104662691773169
 484.3727129205613915 437.9723774282589154 469.3342723468160184   0.0559662691773169
 483.8039053542510106 438.6413404796670639 471.1994320409963378  -0.0173337308226831
 482.2259840324268038 436.4360300813809600 468.1267373472403732   0.0135662691773169
 481.0600230077974099 437.6719109729654517 466.9664455010127164  -0.0425337308226831
 483.0461251745486224 435.0149560286721604 466.8757386465844929  -0.0425337308226831
 480.5290099641655270 435.1510163103144958 470.0844936219827928   0.8053662680797605
 478.2348824375851298 434.9072416390386719 469.5515908522169795  -0.8188337286275704
 481.4341887823138319 434.4102436658173728 472.1386259295551730  -0.8188337286275704
 482.9837642121292456 442.2412687647870508 467.6221804694834067   0.5365662691773169
 481.9519737430082567 442.7420461902761569 465.5982837800536961  -0.5819337324690175
 482.3658237663369997 443.4166784200860425 469.7726888098857475  -0.4157337308226831
 483.3031279287619045 442.9820414092841738 471.3808457498527311   0.2718662691773169
 480.4175161222641778 445.3819935993641830 469.8331600461712478  -0.0031337308226831
 478.7356598630742893 444.6279928719296018 468.9317606802908033   0.0849662691773169
 479.6162722414815546 446.0282799371652220 472.5373581438125811  -0.0036337308226831
 478.1498447615586971 447.4776998818828145 472.4655485507235530   0.0170662691773169
 478.7413290414760265 444.3369750473057360 473.3083664064524273   0.0170662691773169
 481.6968607149288512 446.8843258758315546 474.3703924937161934  -0.0645337308226831
 480.8219175149233231 447.0430628710809458 476.2185446526911403   0.0351662691773169
 483.1821854561909578 445.4594723708549484 474.4856657878853493   0.0351662691773169
 482.8382552998173126 449.4600225963662201 473.7637904047274753   0.6950662675309824
 481.5796976946257649 451.1569966646274970 472.8510526820435029  -0.6086337319202393
 485.2722225603079056 449.8152911095434469 474.1020513826993295  -0.9407337302739048
 486.4041685145267159 448.4301218533791615 474.7540068989022130   0.4250662691773169
 485.9544136946534587 451.5311624391439190 473.6485171105582657   0.4250662691773169
 481.1412812315560358 447.6723416736767197 468.2344517368738619   0.5972662697260950
 479.4972194950445380 448.6398814542444015 466.9210920737986047  -0.5679337324690175
 483.5714690397787682 448.3545328080222727 468.1002811813654568  -0.4157337308226831
 484.8375855495059833 447.4965971432220634 469.2378963139860578   0.2718662691773169
 484.4860964885966709 450.3292966179700109 466.4051968392381101  -0.0024337308226831
 483.6470580851356033 452.1283158974630393 466.9702249532805769   0.0977662691773169
 487.3679288428265371 450.5598432063083766 466.6565304150496014  -0.0343337308226831
 487.8044555797623359 451.6917891605272405 468.3251585913020854   0.0294662691773169
 488.1861802588144254 448.6965732382620412 466.9645557748787861   0.0294662691773169
 488.6245967218842082 451.7352528616074220 464.3642926146031344   0.0117662691773169
 488.3014535529836888 454.3222879389456154 463.8597357368461679  -0.1256337308226831
 487.1789562294343689 455.4693517022358140 465.1201830681716460   0.1329662691773169
 489.3804871754526660 455.4051010136825069 461.6884404089706478  -0.1704337308226831
 489.1178152428375931 457.3968723588355101 461.3123849083203493   0.1429662691773169
 490.7580975270812303 453.8914303804115537 459.9952457929772315  -0.1072337308226831
 491.5725694908013655 454.7229098793369002 458.3171689860551500   0.1296662691773169
 491.0528948039729567 451.2930569462698324 460.4733465048592816  -0.1704337308226831
 492.0960236298975273 450.1252061955065082 459.1656560201857616   0.1429662691773169
 489.9870892644414378 450.2140233238008013 462.6559801895383297  -0.1256337308226831
 490.1949591391726938 448.2146930741121306 463.0131384288494329   0.1329662691773169
 483.6621758942069919 449.8247397402130444 463.6669836711861931   0.5972662697260950
 482.4433025378277649 451.4499042153852933 462.5218096340299246  -0.5679337324690175
 484.1459457844908327 447.5419505704361752 462.6729877247436484  -0.4157337308226831
 485.0908088514514587 446.2531573471018506 463.7350138120073606   0.2718662691773169
 483.2539950492799860 446.8314135440817756 460.1539827882265690  -0.0518337308226831
 483.9399656358933458 448.2260314309156586 458.8047183286067978   0.0921662691773169
 484.2347629127850722 444.2084736701990680 459.3697464426492646  -0.1102337308226831
 483.7887875451796757 442.8516503060436293 460.8550711839113710   0.0456662691773169
 483.2010827175302068 443.6358866516209340 457.6784415527897786   0.0456662691773169
 487.0769110182026712 444.0459572226818700 458.7688135320623373   0.3530662691773169
 488.1767316281448277 444.3766592961180569 460.4752362309932119  -0.0361337308226831
 487.6476083106469287 441.3908920045225090 457.7767073117536693  -0.4121337308226831
 487.1506103374255760 439.9962741176886259 459.2091197212659431   0.0999662691773169
 486.5572363313743698 441.0186159561400171 456.0683948866888646   0.0999662691773169
 487.9272877784672129 445.9243449997995940 456.7354682119630291  -0.4121337308226831
 489.8963824100132141 445.5766353911580347 456.2460291432774511   0.0999662691773169
 486.7594370277038887 445.7221443034700213 455.0517222266392105   0.0999662691773169
 487.7817788661552801 447.8480862041314297 457.4497846905852893   0.0999662691773169
 480.3797215995857335 446.9315690291795967 459.9650101748344546   0.5972662697260950
 479.4310790803573006 448.0313896391217534 458.1546525385378983  -0.5679337324690175
 479.0021112479571692 445.9016682861925380 461.8112726076755251  -0.4157337308226831
 479.8978414354358228 445.0191661816512890 463.2606925523931175   0.2718662691773169
 476.2431110924321264 446.0358388417009431 461.7980445247380668  -0.0275337308226831
 475.5552507796847826 445.0323942645887472 460.1313060746195669   0.1122662691773169
 475.1017165075437186 444.7300380831613534 464.1337460262647689  -0.0050337308226831
 475.9313062803351349 445.5350614162117834 465.8344995467938525   0.0338662691773169
 473.1193937930603129 445.2440435915879174 464.1620919182735618   0.0338662691773169
 475.1602980176952349 441.8860002516098778 464.3283878180586205  -0.1415337308226831
 476.3867302786101291 440.5235077090526484 466.1122892884803140  -0.1638337308226831
 477.5904858259179674 441.2888467932907575 467.5635989593318367   0.2061662691773169
 475.8538275088443695 437.9856055111963737 465.8666248910705599  -0.3418337308226830
 476.6399535805556044 436.6344513254426719 467.0117989282268282   0.3411662691773169
 474.1984274155293440 437.5547479526623655 463.9145377947298775   0.1379662691773169
 473.0381355693016872 435.3626656373136660 462.9772336323049726  -0.2601337308226830
 473.4066321654163182 433.5787641668920262 463.8370590232391122   0.1571662691773169
 471.4224197247990361 435.5478587984379737 460.8758581713844967  -0.1134337308226831
 470.5399176202577869 433.9075765141943365 460.1256368962177759   0.1416662691773169
 470.9840032617293070 437.8930089306342735 459.7136765990229632  -0.1972337308226831
 469.7821374405553989 438.0082822248034294 458.0979607545202585   0.1446662691773169
 472.1253978466177148 440.0907604243846564 460.6698780227871173  -0.2387337308226831
 471.8230416651903209 441.8387570982618357 459.7514711217013539   0.1699662691773169
 473.7751287615310032 440.0019432960903630 462.8506219813322349   0.1242662691773169
 475.3001377516054308 448.7910595449581253 461.5599390318640337   0.5972662697260950
 473.8185924626111848 449.3353006715274128 459.8497368806652987  -0.5679337324690175
 476.2431110924321264 450.5692918369780281 463.0943966526080589  -0.4157337308226831
 477.4959995192219370 450.0439479717478823 464.4474405644956907   0.2718662691773169
 475.4910000911314755 453.2564823994140426 462.9186521221534026  -0.0389337308226831
 473.4463164142286929 453.3547481583779335 463.1151836400811845   0.1006662691773169
 476.7325501611177582 454.9270003018004031 464.9841227865293107   0.3653662691773169
 475.7347747624072994 456.7297990335612920 464.9652255251901154   0.0042662691773169
 476.6853070077697161 453.9405632598935259 467.6977695148402417  -0.2438337308226831
 477.0934878526967221 455.4958078681107304 468.9846730120405824   0.0641662691773169
 474.8598315624017713 453.0996351302985817 468.1399654301778314   0.0641662691773169
 478.1763009274335597 452.5950782525415615 468.0303613144103589   0.0641662691773169
 479.2987982509827722 455.4353366318252301 464.4776761826384139  -0.6761337291763486
 480.2209846043363960 453.8611947622688303 464.3529542577996066   0.4101662691773169
 476.1221686198611797 454.4281126024452274 460.3467348538865441   0.5972662697260950
 474.5820418207153636 455.7887154188685267 459.2544731484800548  -0.5679337324690175
 478.3444865533525487 453.8196207873225792 459.3054957540959574  -0.4157337308226831
 479.5463523745264567 452.7254693557821596 460.3183889618777510   0.2718662691773169
 479.1854146829475466 454.7644838542832051 456.8564106845340297  -0.0252337308226831
 479.1627379693404906 456.8242853402573761 456.8658593152036272   0.0697662691773169
 481.1167147918150495 454.1257564210177799 456.5332675156334565   0.0697662691773169
 477.5413529464360487 453.8139516089207882 454.6832256305245792   0.5972662697260950
 476.8988460609028167 455.2879379933793670 452.9994796452007606  -0.5679337324690175
 476.8100289326085235 451.3894329790998466 454.7285790577386910  -0.4157337308226831
 477.3845056773205879 450.2801637384880387 456.1855579069919508   0.2718662691773169
 475.1262829472846510 450.3122890827646923 452.8105070318085923  -0.0237337308226831
 475.8765042224514255 450.8262945911913102 450.9718035035032432   0.0879662691773169
 474.9826637611066484 447.4058902887938400 452.9616851225223161   0.0341662691773169
 474.1738609757883577 446.8937745065011523 454.7814913894884702   0.0240662691773169
 473.6768630025670586 446.7558244987249405 451.5047062732690026   0.0240662691773169
 477.4487563658738949 445.8941093816568169 452.6593289410949222   0.0017662691773169
 478.6827475313244565 446.2588265255036414 454.2504783458565872   0.0439662691773169
 476.9328611313134005 443.9023380365038136 452.7689330568623413   0.0439662691773169
 479.3025777032506328 446.2815032391106972 449.8020630266059887  -0.2737337308226831
 481.2282086337163987 448.9989294196894351 450.6146452641921398  -0.0536337308226831
 482.6757388523000610 449.2597116261705776 449.1708944978762845   0.0683662691773169
 480.0660270613548116 450.6921240356829051 450.7015726663525028   0.0683662691773169
 482.1352771779985803 448.6852348814585133 452.4382309834261006   0.0683662691773169
 472.4617690984556923 451.4517939415192234 452.9579056702544557   0.5972662697260950
 471.4016327373259105 452.0716241134453997 450.9831418603067711  -0.5679337324690175
 471.4564347952096200 451.8543056080444385 455.2482537445670460  -0.4157337308226831
 472.4674382768574833 451.3308514689482767 456.7883805437128620   0.2718662691773169
 467.5163558059837947 451.9563508192761899 454.7739324849528027   0.0863662691773169
 468.8675099917374962 455.6828907553689147 454.4243331501773668   0.5972662697260950
 467.3028167528506941 456.1269763968404345 452.7462563432552853  -0.5679337324690175
 470.5720429645344405 457.3912031804337194 455.1821133298798086  -0.4157337308226831
 471.8343800219938488 456.8866463026767529 456.5408264201691776   0.2718662691773169
 470.4681080271688124 460.0273711372538850 454.3355160218830736  -0.0875337308226831
 468.5386976444351859 460.6812163795906452 454.6548797385157325   0.0968662691773169
 472.2312225101173268 461.7300143839168991 455.9228859743769316   0.2984662691773169
 471.7871368686458067 461.4087609411503099 457.9108778672620744  -0.0297337308226831
 475.0563630803296069 461.2122294232224744 455.5430510214587188  -0.3192337308226830
 476.1429556073343052 462.3214986638342823 456.8979846594802808   0.0790662691773169
 475.4588747468548220 459.2242375303373316 455.8661941903592920   0.0790662691773169
 475.6516268125147968 461.7281246577830225 453.6400968046000624   0.0790662691773169
 471.7606807027709440 464.5305885143881931 455.3635270387362019  -0.3192337308226830
 472.8586115865791703 465.6946598128837105 456.6598791666061941   0.0790662691773169
 472.2992526509384943 464.9954611433328386 453.4303372037347686   0.0790662691773169
 469.7670196314840104 464.9652255251901154 455.6261989713512748   0.0790662691773169
 470.9329806561134043 460.2730355346636393 451.4933679164654747   0.5972662697260950
 469.5780470180918960 461.6846609567027874 450.2367000374078573  -0.5679337324690175
 472.7414485662760304 458.8708587432940889 450.4029959371929158  -0.4157337308226831
 473.7656801308613519 457.6671031959862505 451.4933679164654747   0.2718662691773169
 473.3272636677916226 459.1165231407038429 447.6893492088820385  -0.0875337308226831
 473.4217499744877068 461.1328609255977788 447.2811683639550326   0.0968662691773169
 475.9577624462100514 458.0299306136990910 447.0638498585540714   0.2984662691773169
 477.2654529308835176 458.6308635242860718 448.5397259691465803  -0.0297337308226831
 476.0201234086294281 455.1443188072013643 446.9107820417064710  -0.3192337308226830
 477.9759899572379174 454.5093708262037995 446.8200751872782475   0.0790662691773169
 475.1451802086239000 454.3374057480170039 448.5831896702267619   0.0790662691773169
 475.0091199269815648 454.4848043864628134 445.2421538654539873   0.0790662691773169
 476.9423097619829983 459.0768388918914683 444.5486243743049062  -0.3192337308226830
 478.8490434311095152 458.3776402223405966 444.2046942179312075   0.0790662691773169
 475.7196569533359646 458.4948032426437365 442.9952694922216320   0.0790662691773169
 477.0008912721345682 461.1347506517317091 444.6261031457956716   0.0790662691773169
 471.2296676591390610 458.0488278750383400 446.0131621280938871   0.5972662697260950
 470.6684189973644549 459.1146334145699128 444.0176113306730233  -0.5679337324690175
 470.0089045766259040 455.9833572106623782 446.7973984736711917  -0.4157337308226831
 470.4851155623740776 455.1896722344154761 448.4830341851289407   0.2718662691773169
 468.0889428245619289 454.7493660452118166 445.2553819483914455  -0.0237337308226831
 468.8826278008088847 454.5528345272839811 443.3637660883362633   0.0879662691773169
 467.6543058137600602 452.0848521963828579 446.3117388572534206   0.0341662691773169
 469.4873401636636725 451.1966809134398716 446.6197642170826052   0.0240662691773169
 466.7037735683976435 452.2095741212216652 448.1372143026213654   0.0240662691773169
 466.1840988815692885 450.3689808667823319 444.5127195777603922   0.0017662691773169
 465.6379680288660707 451.4215583233765002 442.8327530447043804   0.0439662691773169
 467.4407667606269597 448.8590896857792930 443.8966688581020765   0.0439662691773169
 463.3986425601693830 448.9422376356717954 445.8771018464515519  -0.2737337308226831
 461.5429314966587148 451.7692679320180058 446.4100046162173115  -0.0536337308226831
 462.2685863320845032 452.7897200443354667 448.0427279959252812   0.0683662691773169
 461.6166308158816197 452.9824721099954418 444.7489353445005487   0.0683662691773169
 459.5908444003180862 451.2306959838504554 446.7425964157874823   0.0683662691773169
 465.6984392651515710 456.3896483294554538 444.9738127544371773   0.5972662697260950
 464.6893255096375843 456.5616134076423032 442.8762167457846154  -0.5679337324690175
 464.8083782560746545 457.6689929221201271 446.9750327302597783  -0.3661737307129274
 465.6530858379374592 457.3288422180143426 448.7324780348065554   0.3114362691224391
 461.0194773575625530 458.7555854491248791 445.6314374490417979   0.2246162694517060
 463.2909281705358944 462.1117390629689886 445.7637182784162725   0.8098762695614616
 462.4386616841373686 462.3328370206378102 443.6510044606923223  -0.6015137306031718
 465.5019077472237355 463.2058904945094080 446.2815032391106972  -0.4157337308226831
 466.4845653368628057 462.6181856668598852 447.8178505859886527   0.2718662691773169
 466.4788961584610149 465.3450604781082746 444.7527147967684091  -0.0518337308226831
 465.0804988193593250 466.8530619329774370 444.8717675432054257   0.0921662691773169
 469.0016805472459013 466.1670913463640235 445.9621395224779846  -0.1102337308226831
 468.5953894284528257 466.5525954776839734 447.9463519630953206   0.0456662691773169
 470.3207093887229493 464.5835008461380259 445.9130066429960661   0.0456662691773169
 470.3150402103211585 468.5141312046941998 444.8377524727948418   0.3530662691773169
 468.8996353360141497 469.9106388176620130 444.2972907984933613  -0.0361337308226831
 472.0441396228590888 469.6819819554575240 446.8465313531531639  -0.4121337308226831
 472.8869574785880171 471.4167505463972453 446.1227662438613061   0.0999662691773169
 470.9594368219883207 470.1374059537325720 448.5340567907448432   0.0999662691773169
 473.5351335425229863 468.3553942094448086 447.3586471354457979   0.0999662691773169
 472.0252423615198935 467.9169777463750795 442.5738605643571679  -0.4121337308226831
 473.0154588556946312 469.6252901714398844 441.9861557367076990   0.0999662691773169
 473.4047424392823881 466.4751167061932081 443.0803071682480647   0.0999662691773169
 470.9216422993098764 467.2612427779044429 440.9713728027919752   0.0999662691773169
 466.6924352115941156 464.7838118163336684 441.8689927164045591   0.5972662697260950
 466.2710262837297052 466.4751167061932081 440.3269761911248129  -0.5679337324690175
 467.1346311269317052 462.4159849705303126 441.0715282878897963  -0.4157337308226831
 467.5711578638675042 461.0893972245175974 442.3811084986972467   0.2718662691773169
 466.8719591943166323 461.6752123260331896 438.3918966299894492  -0.0249337308226831
 467.8980804850358841 463.0773891174027939 437.2939657461812229   0.0842662691773169
 468.2287825584721248 459.1769943769892895 437.8325376943487732   0.2116662691773169
 468.6860962828810492 459.1221923191055800 435.8237588139904511   0.0351662691773169
 469.9937867675545693 459.0881772486949964 438.8945637816124854   0.0351662691773169
 466.7321194604064903 457.0453832979261441 438.3862274515877121  -0.6546337319202393
 466.2899235450689005 457.0869572728723954 440.1739083742772124   0.4274662691773168
 464.1205179433273107 461.6789917783010503 437.3903417790111835   0.5972662697260950
 463.6424172314452068 462.5955089532528295 435.3021944010282196  -0.5679337324690175
 462.2780349627541007 460.7870410430902035 438.8718870680054833  -0.4157337308226831
 462.7674740314396789 460.2787047130653764 440.6538988122931928   0.2718662691773169
 459.5643882344431698 461.1101842119907228 438.3805582731859211  -0.0581337308226831
 459.1278614975073710 460.3164992357438207 436.5399650187466417   0.1359662691773169
 457.9902463648867700 459.6550950888713933 440.3364248217944104  -0.0074337308226831
 458.9861320374632448 459.4906889152202113 442.1222160183500343   0.0366662691773169
 456.2365805126078534 460.6812163795906452 440.6992522395073046   0.0366662691773169
 457.2551428987913841 457.0793983683367279 439.4180179207087009   0.1867662691773169
 455.9039887130376826 456.6693277972757917 437.2070383440208598  -0.5432337308226830
 455.2690407320401716 454.2202427277138638 437.2127075224225969   0.1634662691773169
 454.1049694335446542 453.3245125402352103 435.7935231958477279   0.1434662691773169
 456.1496531104474367 453.0901864996289304 439.3046343526734216  -0.2795337308226831
 455.8076126802077220 451.2666007803949696 439.7751761600198043   0.3338662691773169
 457.4176593463086358 454.8665290655149565 440.7238186792482907  -0.2207337308226830
 458.2189032270912591 454.6133057635694814 442.5795297427589589   0.1861662691773169
 458.7499162707230883 463.8880816288550147 438.3200870369004747   0.5972662697260950
 457.3477394793535379 464.6383029040217354 436.6174437902374069  -0.5679337324690175
 459.6758820763445189 465.4773413074827494 440.0510761755723354  -0.4157337308226831
 460.8059383044294525 464.7838118163336684 441.4381351578704972   0.2718662691773169
 458.9634553238561890 468.1702010483205546 440.0643042585097936  -0.0389337308226831
 456.9055435640159482 468.2609079027487783 440.0661939846436703   0.1006662691773169
 459.8799724988080219 469.6234004453060077 442.4132338429739003   0.3653662691773169
 458.8273950422138536 471.3921841066562590 442.4944920667324723   0.0042662691773169
 459.5133656288272673 468.2212236539364037 444.8982237090803421  -0.2438337308226831
 460.2598074517261811 469.3701771433605326 446.4307916036904908   0.0641662691773169
 457.5159251052725267 467.8394989748843142 445.2194771518469313   0.0641662691773169
 460.5281485627429911 466.4429913619165009 444.8944442568124817   0.0641662691773169
 462.4575589454766176 470.2356717126964629 442.2922913704028997  -0.6761337291763486
 462.7995993757163324 471.4299786293347035 443.6169893902817384   0.4101662691773169
 459.8648546897366333 469.4948990681993399 437.6530137116262564   0.5972662697260950
 458.3946477575459153 470.8725094198279578 436.4738246040594043  -0.5679337324690175
 462.1986664651294053 468.9997908211119710 436.7931883206920632  -0.4157337308226831
 463.3721863942944666 467.9793387087945101 437.9232445487769967   0.2718662691773169
 463.1983315899737406 470.1657518457413649 434.4726046282368033  -0.0875337308226831
 462.6314137497973436 472.1405156556891031 434.5463039474597081   0.0968662691773169
 466.1122892884803140 470.2148847252233372 434.4310306532904983   0.2984662691773169
 466.7680242569509506 470.8290457187477226 436.2867417168011665  -0.0297337308226831
 467.3236037403238196 467.6580852660278670 433.8508847301766968  -0.3192337308226830
 469.3701771433605326 467.8035941783398000 434.0171806299617553   0.0790662691773169
 466.6527509627817946 466.2937029973367610 435.2209361772695937   0.0790662691773169
 466.8379441239060484 467.0231372850303561 431.9517099655858472   0.0790662691773169
 467.0930571519854541 472.1310670250195055 432.4902819137533976  -0.3192337308226830
 469.1452997334239040 472.2595684021261197 432.6168935647261352   0.0790662691773169
 466.5714927390231687 471.5622594587091781 430.5797687923590200   0.0790662691773169
 466.2955927234706376 473.9905575407979804 432.8814552234750848   0.0790662691773169
 462.0172527562729581 469.0772695926027362 432.0537551768175988   0.5972662697260950
 461.5656082102657708 470.5096820021150637 430.2717434325298354  -0.5679337324690175
 461.3671869662040586 466.6281845230408084 431.9328127042465982  -0.4157337308226831
 461.7753678111310109 465.4622234984114145 433.4067990887051768   0.2718662691773169
 460.0443786724591502 465.6171810413929452 429.6897077832821036  -0.0875337308226831
 461.0251465359642901 466.3825201256310543 428.0475357729045361   0.0968662691773169
 460.2427999165209160 462.7202308780916368 429.4553817426758774   0.2984662691773169
 462.1703205731205586 462.1646513947188215 429.9240338238883298  -0.0297337308226831
 458.4267731018225688 461.2500239459009187 431.1485763586692938  -0.3192337308226830
 458.8821971000976168 459.2412450655426503 431.1107818359908493   0.0790662691773169
 458.6346429765539324 461.9322150802464718 433.0590894800636712   0.0790662691773169
 456.4671271009462191 461.5108061523820613 430.5646509832876317   0.0790662691773169
 457.3288422180143426 466.6092872617016130 429.5139632528273937   0.5972662697260950
 455.9871366629302387 466.8965256340576186 431.6436846057566626  -0.4157337308226831
 456.6787764279453894 466.2143344997120656 433.3028641513395487   0.2718662691773169
 453.5418310456361178 468.1890983096597501 431.6531332364262603  -0.0518337308226831
 452.3777597471406540 467.2971475744489032 430.2093824701104587   0.0921662691773169
 452.2114638473555956 467.8470578794200353 434.2156018740234674  -0.1102337308226831
 451.9620199976779809 465.8344995467938525 434.6029957314773477   0.0456662691773169
 453.4227782991991012 468.6350736772652003 435.6858088062142392   0.0456662691773169
 449.6168698654816810 469.1812045299684180 434.2893011932464259   0.3530662691773169
 449.8568650844896980 471.1502991615143654 433.7450600666770848  -0.0361337308226831
 447.6893492088820385 467.9680003519909820 432.4978408182890650  -0.4121337308226831
 447.4739204296150077 465.9686701023023113 432.9457059120283919   0.0999662691773169
 448.5264978862091221 469.2435654923877949 436.9519253159414544  -0.4121337308226831
 447.6156498896590800 471.0539231286843512 437.2996349245829600   0.0999662691773169
 447.1545567129822949 467.7336743113847558 437.1862513565476805   0.0999662691773169
 450.0193815320068962 468.9979010949780406 438.3427637505075305   0.0999662691773169
 453.8234002395903860 470.9915621662649742 430.9444859362057909   0.5972662697260950
 455.7887154188685267 472.3030321032063011 431.8458853020862352  -0.4157337308226831
 456.9490072650961296 471.4526553429417593 433.1233401686170321   0.2718662691773169
 458.7404676400534907 475.8821734008531626 432.4033545115930347   0.0341662691773169
 458.3663018655370685 476.0144542302276373 434.4196922964869704   0.0240662691773169
 460.2805944391993067 474.5593651071083078 432.1255647699065733   0.0240662691773169
 460.5716122638231725 478.7942413732258057 436.9953890170216360   0.0683662691773169
 454.7077920702655653 478.5013338224680095 435.8785608718742143   0.4477662691773169
 455.9531215925196548 477.0178988073398332 438.6602377410062592  -0.8340337308226831
 456.9546764434979206 475.6610754431843946 439.3802233980302566   0.4169662691773169
 456.6693277972757917 478.4805468349948839 439.6088802602347456   0.4169662691773169
 447.8518656563992365 459.6909998854159075 459.1902224599267477  -0.8340337308226831
 447.8367478473279016 460.7341287113404243 457.6916696357271829   0.4169662691773169
 449.6735616494993207 459.1921121860606781 459.1977813644624689   0.4169662691773169
 462.8676295165375001 453.2186878767355983 439.3046343526734216  -0.8340337308226831
 463.4515548919191622 454.1994557402407384 437.8627733124914964   0.4169662691773169
 463.1832137809023520 454.4186639717755760 440.6784652520341789   0.4169662691773169
 452.4514590663635588 459.1713251985875524 434.0474162481044787  -0.8340337308226831
 451.1626658430292877 457.9770182819493118 434.7182690256465575   0.4169662691773169
 453.8611947622688303 458.7121217480446977 435.1529060364484260   0.4169662691773169
 449.5545089030623043 462.1835486560580168 446.6140950386808144  -0.8340337308226831
 450.6807856788793772 461.6846609567027874 445.2686100313289037   0.4169662691773169
 450.7696028071736704 463.1737651502327545 447.6799005782123871   0.4169662691773169
 479.5860366233388314 435.6990368891516974 476.5114522034489364  -0.8340337308226831
 478.0780351684696688 434.6710258722985154 476.5171213818507272   0.4169662691773169
 480.3438168030412730 435.2001491897964680 474.8692801930713689   0.4169662691773169
 451.2401446145200532 458.0620559579757445 440.0227302835634887  -0.8340337308226831
 450.2801637384880387 457.1474285091578955 438.6980322636847036   0.4169662691773169
 452.9446775873169974 457.5272634620760546 439.5767549159580921   0.4169662691773169
 459.8497368806652987 449.3428595760631339 441.3512077557101344  -0.8340337308226831
 461.3312821696595447 449.2200273773582569 442.4415797349826933   0.4169662691773169
 460.3977574595024466 450.7336980106291564 440.2381590628305195   0.4169662691773169
 470.9745546310597092 435.5591971552415015 469.9635511494117922  -0.8340337308226831
 472.3332677213490782 436.0599745807306076 471.1408505308447679   0.4169662691773169
 471.7644601550387509 435.9503704649631888 468.3591736617126692   0.4169662691773169
 470.7874717438014715 445.8393073237731076 458.2283518577608568  -0.8340337308226831
 471.9458738638951979 447.2225868538034627 458.6762169515001835   0.4169662691773169
 469.1717558992988204 446.7936190214033311 458.3039409031176918   0.4169662691773169
 475.0998267814097883 437.0653088839767338 472.5468067744821787  -0.8340337308226831
 476.2393316401642659 437.4716000027698094 473.9244171261107430   0.4169662691773169
 476.2922439719140988 436.1469019828910243 471.4110813679955082   0.4169662691773169
 464.3794104236745230 441.9200153220204616 487.0750212920687945  -0.8340337308226831
 462.9829028107067097 440.7880693678015979 487.4472973404512864   0.4169662691773169
 464.1167384910594501 443.2163674498904000 488.3846015028761912   0.4169662691773169
$end
