$point_charges
  81.9687607849682170 129.9470175990948864 118.3629963981576075   0.0102651228005551
  82.1955279210387758 129.6654484051406182 123.6617884776727883  -0.5894348761018886
  85.4742027633921466 133.6300938341074025 123.9962700033768626   0.0212651228005551
  86.4738678882364821 132.4131102038621061 122.6696822573641471   0.1123651228005551
  88.7944515806917822 135.9828028708393698 124.6501152457136225   0.1111651228005551
  85.5308945474097865 132.6304287092630673 126.6418865908666258   0.5972651233493332
  87.0029912057344347 130.9429032716713880 127.2598270366588717  -0.5679348788457792
  81.0106696350701463 124.5348419515444127 125.3304166539252721   0.0790651228005551
  83.0496841335711782 125.0091632111586560 129.4689168872128095   0.5972651233493332
  83.5504615590603111 123.1799083135228776 130.8106224422968864  -0.5679348788457792
  84.4877657214852562 125.6478906444240276 127.4639174591223478  -0.4157348771994449
  84.0644670674868886 127.1823482651681064 126.4094502763943031   0.2718651228005551
  86.6439432402894012 124.1550069986262536 126.7571598850358087  -0.0518348771994449
  86.0260027944971552 122.2066993545534317 126.4963776785546661   0.0921651228005551
  87.9251775590880048 125.0620755429084620 124.3042953632060204  -0.1102348771994449
  88.1084809940783687 127.0878619584720223 124.6349974366422340   0.0456651228005551
  89.7960064316700480 124.2362652223848527 124.0567412396623358   0.0456651228005551
  86.3396973327280772 124.6104309969012747 121.9043431731260379   0.3530651228005551
  84.5728033975117023 125.6535598228257916 122.0800877035807211  -0.0361348771994449
  87.7513227547672519 125.4929331014424971 119.5213985182513341  -0.4121348771994449
  89.5182166899836268 124.4498042755179532 119.3437642616627476   0.0999651228005551
  86.5815822778699976 125.1471132189348947 117.8622189726684746   0.0999651228005551
  88.1557241474263974 127.5073811602025563 119.6687971566971973   0.0999651228005551
  85.4723130372582165 121.8419822107066343 121.7248191904035212  -0.4121348771994449
  84.3233595478341010 121.3733301294941549 123.3688809269150188   0.0999651228005551
  84.3573746182446849 121.5812000042254917 120.0127273130708693   0.0999651228005551
  87.1201542260375480 120.6079910452560593 121.6662376802519512   0.0999651228005551
  88.5884714320943626 124.2249268655813248 128.8169613710099797   0.5972651233493332
  89.7071893033757412 122.2860678521781273 129.4443504474718232  -0.5679348788457792
  89.0344467996997859 126.4661420604119427 129.9394586945591921  -0.4157348771994449
  88.0310022225876035 128.0043791334238285 129.4216737338647674   0.2718651228005551
  90.9147243029514266 126.7496009805001144 131.8820971602302500   0.0212651228005551
  92.7383100221854411 126.1600064267166884 131.1280964327956688   0.1123651228005551
  91.1414914390219721 129.4897038746859350 132.8269602271908760  -0.1231348771994449
  89.3254646243236519 130.2021306271742651 133.4902541001972337   0.1111651228005551
  92.5323298735880215 129.6427716915335622 134.3387411343278720   0.1111651228005551
  92.1713921820090576 131.6515505718918575 130.3627573485575596  -0.3119348771994449
  92.1506051945359320 133.7151315101338621 131.7970594842037905   0.1932651228005551
  90.2646585128825137 125.1301056837296029 134.1252020811947715   0.5972651233493332
  91.9087202493940116 123.8602097217345271 135.1702206332532187  -0.5679348788457792
  87.8476987875972396 125.1263262314617691 134.9283356881112980  -0.4157348771994449
  86.5343391245219689 126.1392194392435628 133.9834726211506721   0.2718651228005551
  87.3809364325186905 120.9386931186922731 136.5648385200871016   0.5972651233493332
  88.0952529111409239 119.4798245433050694 138.2277975179378216  -0.5679348788457792
  86.8442542104850571 120.1582362253828023 134.2064603049533974  -0.4157348771994449
  86.3510356895316051 121.4262424612439610 132.8685342021371539   0.2718651228005551
  87.0218884670736436 117.5466347083036361 133.4997027308668312   0.0336651228005551
  85.8030151106944435 116.3731147791385344 134.6732226600319462   0.0822651228005551
  86.3434767849959242 117.0912107100286150 130.7104669571990652  -0.1825348771994449
  87.5604604152412074 118.2401641994527305 129.5104908621590874   0.0602651228005551
  86.6118178960127342 115.1013290910095285 130.2531532327901408   0.0602651228005551
  84.3762718795838936 117.6089956707230263 130.3873237882985459   0.0602651228005551
  89.7071893033757412 116.7208243877800400 133.8511917917761975   0.5972651233493332
  90.2022975504631101 114.6194489268596179 134.7110171827103639  -0.5679348788457792
  91.5175469396723109 118.3705553026933018 133.1727801096984513  -0.4157348771994449
  91.0167695141831782 120.0731985493563425 132.4698019878797458   0.2718651228005551
  94.1556046226263800 117.7998580102490845 133.3976575196350799  -0.0014348771994449
  94.5656751936872894 116.0631996931754464 132.3677567766480212   0.0875651228005551
  95.8110047159413923 119.9371382677140207 132.3148444448982152  -0.0152348771994449
  95.3895957880769551 120.2602814366145536 130.3249628258791421   0.0294651228005551
  95.4330594891571367 121.6567890495823535 133.3825397105637182   0.0294651228005551
  98.5208719919844628 119.2360498720292321 132.5964136388524834  -0.0011348771994449
  99.5451035565697843 117.3406545597062163 131.1413245157331270  -0.1906348771994449
  98.3489069137976268 116.3504380655314786 129.7882806038454952   0.1698651228005551
 102.0489906840154484 116.6905887696373034 131.3813197347411172  -0.2341348771994449
 102.8351167557266833 115.1712489579646131 130.2342559714509186   0.1655651228005551
 103.5588818650185277 117.9548155532306150 133.0764040768684907   0.3225651228005551
 106.1307991332853460 117.2953011324921045 133.3315171049478425  -0.5579348788457793
 106.6277971065066318 115.9403674944705692 132.2316964950056860   0.3991651228005551
 102.5573270140402621 119.8691081268928532 134.5163753909164854  -0.2341348771994449
 103.7516339306784893 120.8782218824067996 135.8561912198666321   0.1655651228005551
 100.0515501604606812 120.5116150124260718 134.2688212673728010  -0.1906348771994449
  99.2635343626155161 122.0404034547683733 135.4007672215916110   0.1698651228005551
  94.7584272593472511 117.4502586754736485 136.1396501399548307   0.5972651233493332
  96.1889499427256482 115.7570640594802053 136.8331796311039385  -0.5679348788457792
  93.6623861016729282 119.0527464370388682 137.7856016026002318  -0.4157348771994449
  92.4642997327668537 120.4039006227925697 137.1695508829419162   0.2718651228005551
  94.1593840748942138 118.8902299895216434 140.4501154514291905  -0.0252348771994449
  96.1738321336542731 119.1151073994582720 140.8186120475438487   0.0697651228005551
  90.1758413845882206 116.4354757415579381 139.1443146928896276   0.2718651228005551
  93.0557840126842101 111.2632953130154682 138.0709502488223339  -0.4157348771994449
  92.6967360472391632 112.8298782780361871 137.0429392319691785   0.2718651228005551
  94.7300813673384312 109.3981356188351890 137.0316008751656506   0.0336651228005551
  93.7644313129046796 107.5802190780029519 136.9371145684695933   0.0822651228005551
  95.6768341604329874 110.0859959315825330 134.3708664786045255  -0.1825348771994449
  96.6632712023398779 111.8925741156112420 134.4370068932917898   0.0602651228005551
  96.9656273837672717 108.6252376300613990 133.7000137010625006   0.0602651228005551
  94.0724566727338374 110.2277253916266187 133.0858527075380882   0.0602651228005551
  97.0090910848474668 109.1411328646219070 138.6888906946146065   0.5972651233493332
  97.9823000438169124 107.0586546650406801 139.0177030419168899  -0.5679348788457792
  98.0011973051561212 111.2614055868815513 139.6791071887893444  -0.4157348771994449
  97.3435726105515276 112.9791666426159673 139.1669914064966836   0.2718651228005551
 100.1479261932906686 111.1461322927123551 141.3420661866400373  -0.0518348771994449
 101.5141981881157318 109.8365520819049183 140.5294839490538862   0.0921651228005551
 101.4518372256963280 113.7010420257738816 141.7634751145044746  -0.1102348771994449
  99.8512391902650253 114.9747174400368042 141.9996908812446311   0.0456651228005551
 102.9919640248421442 114.5022859065564912 139.4315530652456598   0.3530651228005551
 104.4035894468813191 113.0528659618388988 139.0479386600596402  -0.0361348771994449
 101.2931002304469370 114.8329879799927184 137.1090796466564427  -0.4121348771994449
  99.8814748084077621 116.2842976508442278 137.4908043257085322   0.0999651228005551
 102.4382742676032187 115.3999058201690887 135.4933638021537648   0.0999651228005551
 100.3482371634863111 113.0509762357049687 136.6895604449259090   0.0999651228005551
 104.6416949397554058 116.8190901467439443 139.9795736440828079  -0.4121348771994449
 105.9569443289645933 116.3825634098081456 141.5045826341572621   0.0999651228005551
 105.6999415747512977 117.3255367506348412 138.2863790280893647   0.0999651228005551
 103.4436085708493315 118.3989011947021217 140.5389325797235106   0.0999651228005551
 135.4517898272074869 119.5289574227870282 122.1878020932142364   0.0142651228005551
 136.2322467205169577 120.8328684551926879 120.7969636586481871   0.1047651228005551
 134.8981000699685748 116.9948346771986276 120.8782218824067996  -0.2041348771994449
 134.4615733330327492 115.5284071972757297 122.2577219601693076   0.0796651228005551
 133.3296273788139390 117.1819175644568251 119.5573033147958481   0.0796651228005551
 137.2470296544326815 116.2087086054873792 119.4117944024839017   0.7129651228005551
 138.1238625805721397 114.0657591696206790 119.6045464681438768  -0.5931348755531104
 138.2977173848928926 117.9944998020429628 117.8924545908112249  -0.9191348755531104
 137.5134810393155882 119.7311581191166010 117.7866299273116262   0.4195651228005551
 132.9233362600208634 120.6533444724701710 122.8983391195686094   0.5972651233493332
 131.8802074340963197 122.1745740102767782 121.4848239713955309  -0.5679348788457792
 131.8991046954355419 120.0183964914726332 125.1338851359974634  -0.4157348771994449
 132.9554616042975169 118.9639293087445750 126.3225228742339132   0.2718651228005551
 129.3404155101061683 120.6212191281935041 125.8670988759588921  -0.0024348771994449
 128.0535120129058007 119.8615492223571589 124.4498042755179532   0.0977651228005551
 128.6185401269482407 119.5213985182513341 128.4635825839667101  -0.0343348771994449
 130.0509525364605413 119.8539903178214781 129.9054436241486083   0.0294651228005551
 126.7892852293124622 120.1733540344541772 129.1495531705801236   0.0294651228005551
 128.4144497044847377 116.7208243877800400 128.1574469502714556   0.0117651228005551
 126.2998461606268573 115.6701366573198291 127.0670749709988969  -0.1256348771994449
 124.7823960750880973 116.9097970011721680 126.4321269900013589   0.1329651228005551
 126.0844173813598533 113.0963296629190804 126.7722776941071702  -0.1704348771994449
 124.3987816699020775 112.2950857821364706 125.9030036725034063   0.1429651228005551
 127.9968202288881611 111.5354158763001254 127.5754113010237238  -0.1072348771994449
 127.8418626859066035 109.4945116516651766 127.3467544388192348   0.1296651228005551
 130.1152032250138752 112.5615371670193637 128.6714524586980467  -0.1704348771994449
 131.6364327628204958 111.3313254538366359 129.3120696180973484   0.1429651228005551
 130.3174039213434478 115.1391236136879594 128.9605805571879824  -0.1256348771994449
 128.8245202755456739 123.4161240802630341 125.8784372327624202   0.5972651233493332
 126.6362174124648618 124.1814631645011432 125.7083618807095279  -0.5679348788457792
 130.7766073718863026 124.9940454020872945 126.2582721856806062  -0.4157348771994449
 129.8204059481221487 128.8528661675544937 123.8677686262702214   0.5972651233493332
 128.5467305338592393 130.7955046332255247 123.8016282115829840  -0.5679348788457792
 130.6386573641100639 127.7473763792105464 121.7342678210731188  -0.4157348771994449
 131.6496608457579272 126.1297708085739650 121.8060774141621201   0.2718651228005551
 130.1227621295495695 128.8377483584831053 119.2965211083147056  -0.0581348771994449
 130.8181813468325807 130.7766073718863026 119.2719546685737329   0.1359651228005551
 131.3964375438124789 127.3675414262923872 117.1384538633766437  -0.0074348771994449
 130.8597553217788588 125.3795495334072176 117.2102634564656450   0.0366651228005551
 130.8729834047162902 128.1536674980036220 115.3073092396069483   0.0366651228005551
 134.2253575662925927 127.4487996500509861 117.2764038711528958   0.1867651228005551
 135.8032788881168530 125.8765475066285167 115.9290291376670413  -0.5432348771994449
 127.3335263558818034 128.8982195947685786 118.7485005294775440   0.5972651233493332
 126.4132297286621367 130.7047977787973012 117.6089956707230263  -0.5679348788457792
 125.9086728509051702 126.9291249632226581 119.5138396137156533  -0.4157348771994449
 126.6324379601970014 125.5477351593262064 120.6136602236578232   0.2718651228005551
 123.2970713338259907 126.7514907066340448 118.7730669692185169  -0.0252348771994449
 123.2214822884691557 126.6947989226164049 116.7151552093782760   0.0697651228005551
 122.5374014279896455 124.9940454020872945 119.5346266011887924   0.0697651228005551
 121.7115911074660630 128.9208963083756345 119.6971430487060172   0.5972651233493332
 120.5153944646939189 130.2096895317099325 118.1796929631672436  -0.5679348788457792
 121.7191500120017573 129.4575785304092814 122.1840226409463760  -0.4157348771994449
 122.7301534936496206 128.3823243602080842 123.3934473666559781   0.2718651228005551
 120.1223314288383015 131.4021067222142428 123.2139233839334614  -0.0275348771994449
 118.2099285813099937 131.1205375282599746 122.5014966314451582   0.1122651228005551
 120.0410732050796890 131.3983272699464092 126.1429988915113964  -0.0050348771994449
 119.1056587687886608 133.1349855870200338 126.7382626236965866   0.0338651228005551
 118.9582601303428109 129.7750525209080638 126.8025133122499205   0.0338651228005551
 122.5525192370610341 131.3132895939199494 127.5054914340686260  -0.1415348771994449
 123.9414679454931531 129.2515983818118752 128.1933517468159698  -0.1638348771994449
 123.1742391351211136 127.4053359489708047 127.7001332258625043   0.2061651228005551
 120.8706629778711188 133.9362294678026571 122.2048096284195284   0.5972651233493332
 119.2473882288327600 135.5311583248321825 121.7456061778766468  -0.5679348788457792
 123.3386453087722688 134.4011020967472758 121.8287541277691761  -0.4157348771994449
 124.6746816854545818 133.0782938030023940 122.1575664750714864   0.2718651228005551
 123.0306199489431110 137.3075008907181549 118.3365402322827179   0.5972651233493332
 123.1874672180585719 135.4328925658682916 116.6206689026822189  -0.4157348771994449
 123.8753275308059157 133.7321390453391541 117.1441230417784076   0.2718651228005551
 122.2879575783120577 135.7314692950278248 114.0733180741563733  -0.0249348771994449
 123.2895124292903232 137.2980522600485572 113.1889262434812208   0.0842651228005551
 122.7074767800425646 133.3371862833496064 112.4727200387250705   0.2116651228005551
 121.6794657631894095 131.7724930444628042 113.3306557035253200   0.0351651228005551
 121.9856013968846638 133.6716678090536807 110.5716555480002907   0.0351651228005551
 125.3152988448538837 132.7286944682269582 112.3442186616184293  -0.6546348782970011
 125.5382865286566088 131.2339210962952540 111.3407740845062334   0.4274651228005550
 119.4930526262425142 136.1472090444905250 114.1300098581740129   0.5972651233493332
 118.4896080491303318 137.7043433788416327 112.7240536145366021  -0.5679348788457792
 118.1305600836852982 134.7809370496654349 115.6531291221145370  -0.4157348771994449
 119.0867615074494521 133.3900986150994124 116.5677565709324263   0.2718651228005551
 115.3828982849637967 134.9680199369236459 116.0121770875595705  -0.0237348771994449
 114.4512633009406155 134.6656637554962522 114.1999297251290976   0.0879651228005551
 114.3662256249141694 132.8080629658516538 117.6713566331424301   0.0341651228005551
 115.4188030815082975 132.7286944682269582 119.4401402944927216   0.0240651228005551
 112.3820131842968470 133.1708903835645478 118.1078833700782423   0.0240651228005551
 114.5495290599045199 130.2418148759866129 116.3088640905852139   0.0017651228005551
 116.5299620482539953 129.8506415662648988 115.9290291376670413   0.0439651228005551
 113.8616687471571895 128.7753873960637016 117.5749806003124559   0.0439651228005551
 112.8846803359198966 129.9715840388358725 113.3079789899182642  -0.2737348771994449
 109.7647424888159169 128.9794778185272045 114.2925263056912378  -0.0536348771994449
 108.4362650166692712 129.2232524898030553 112.7335022452061997   0.0683651228005551
 109.7987575592265006 126.9895961995081314 114.7970831834482045   0.0683651228005551
 109.1600301259611158 130.0944162375407495 115.9120216024617495   0.0683651228005551
 114.5627571428419781 137.5758420017349918 116.9608196067880437   0.5972651233493332
 112.7542892326793387 138.6567653503379261 115.9724928387472227  -0.5679348788457792
 116.1028839419877942 138.5981838401863830 118.5765354512907082  -0.4157348771994449
 117.6316723843300823 137.7043433788416327 119.2889622037790247   0.2718651228005551
 115.4943921268651458 141.0623867188196994 119.5308471489209451   0.0336651228005551
 113.5612022918637125 141.0756148017571308 120.2432739014092618   0.0822651228005551
 117.6108853968569566 142.6384183145100025 115.7778510469533444  -0.4157348771994449
 118.8373176577718508 141.1889983697924101 115.9743825648811531   0.2718651228005551
 120.2243766400700395 141.8541819689326981 111.4919521752199438  -0.0297348771994449
 115.7457257026766774 144.2749211464858061 111.9757220655037848   0.5972651233493332
 114.8292085277248714 141.9883525244411032 111.3313254538366359  -0.4157348771994449
 115.5983270642308141 140.3896442151437171 112.0343035756553414   0.2718651228005551
 112.7335022452061997 141.7634751145044746 109.6173438503700536  -0.0875348771994449
 113.0736529493120244 142.7688094177505740 107.8523396412876091   0.0968651228005551
 112.0909953596729810 139.0554975645953074 109.0145212136491828   0.2984651228005551
 111.8075364395847825 138.0048098341350965 110.7644076136602522  -0.0297348771994449
 109.6513589207806375 138.9817982453724028 107.4328204395570887  -0.3192348771994448
 109.9348178408688226 140.0305962496986836 105.6829340395460059   0.0790651228005551
 109.1770376611664076 137.0259316967638867 106.9906245242195124   0.0790651228005551
 108.1131218477687383 139.8359544579048052 108.5024054313565220   0.0790651228005551
 114.3775639817176975 137.8460728388857053 107.6803745631007731  -0.3192348771994448
 116.0178462659613347 137.9216618842425671 108.9238143592209593   0.0790651228005551
 113.9504858754514829 135.8826473857415486 107.2268402909596689   0.0790651228005551
 114.7857448266446764 138.8778633080067211 105.9437162460271485   0.0790651228005551
 110.4412644447597193 142.9710101140801466 110.7662973397941825   0.5972651233493332
 109.0919999851399481 144.3864149883871820 109.5096294607365515  -0.5679348788457792
 109.9763918158151006 142.4891299499302359 113.2191618616239574  -0.4157348771994449
 111.1933754460603837 141.4195449581308026 114.2282756171379173   0.2718651228005551
 107.7937581311360526 143.4906848009085016 114.4814989190833658  -0.0024348771994449
 106.1062326935443733 142.8103833926968519 113.5177385907835177   0.0977651228005551
 107.6482492188241196 142.7026690030633366 117.2745141450189655  -0.0343348771994449
 107.2211711125579049 140.7052284795085692 117.5428552560357889   0.0294651228005551
 109.3471130132193133 143.1883286194811078 118.3327607800148709   0.0294651228005551
 105.5298662226983921 144.1445300432452616 118.4442546219162200   0.0117651228005551
 103.0637736179311589 143.4226546600873339 118.0568607644623666  -0.1256348771994449
 102.6688208559416112 141.7767031974419328 116.8814511091633481   0.1329651228005551
 114.6931482460825360 145.5807219050253958 105.1386929129766916   0.0185651228005551
 102.0130858874709344 146.1608678281392243 108.2888663782234213   0.0559651228005551
 102.3834722097195092 145.8585116467118304 110.2919760801799392  -0.0173348771994449
  99.9816302935055967 146.3007075620493932 107.9808410183942501  -0.0173348771994449
 103.0656633440650756 143.9404396207817586 106.7695265665507310   0.0135651228005551
 105.0498757846823982 143.6191861780151426 107.2173916602900713  -0.0425348771994449
 101.9847399954621279 142.2340169218508572 107.1777074114777235  -0.0425348771994449
 102.8067708637178634 144.5923951369845885 103.9840702451508122   0.8053651217029987
 100.6411447142441072 145.1215184544825411 103.1469215678236881  -0.8188348750043323
 104.7853141259334218 144.5886156847167546 102.6612619514059304  -0.8188348750043323
  87.1825151884569515 136.0753994514014968 100.8301173276362350   0.0796651228005551
  88.3144611426757886 136.4174398816412385 105.9909593993751771  -0.5679348788457792
  89.8621468463572854 139.6526510229144277 111.4673857354789577  -0.5679348788457792
  87.6303802821962918 135.7333590211617551 114.7914140050464403   0.5972651233493332
  88.9853139202178270 135.4310028397343613 116.6584634253606364  -0.5679348788457792
  87.5056583573574845 134.0363849529004781 112.9054673233930357  -0.4157348771994449
  86.4001685690135504 134.4370068932917898 111.4031350469256372   0.2718651228005551
  88.8794892567182420 131.6969039991059692 112.9035775972591188   0.0336651228005551
  88.3730426528273451 130.6122011982351743 114.5797646780472701   0.0822651228005551
  88.2993433336044135 130.0944162375407495 110.5489788343932348  -0.1825348771994449
  88.8133488420309911 131.1488834202687943 108.8557842183997916   0.0602651228005551
  89.3840461344752085 128.3445298375296667 110.6226781536161664   0.0602651228005551
  86.2886747271122013 129.6522203222031600 110.4979562287773591   0.0602651228005551
  91.6706147565199247 132.1617766280505879 112.9130262279287165   0.5972651233493332
  93.0595634649520437 130.9107779273947345 114.2944160318251547  -0.5679348788457792
  92.5739038485342860 133.9967007040881305 111.3974658685238733  -0.4157348771994449
  91.3947147409674205 135.0757343265571614 110.3543370425993430   0.2718651228005551
  95.2478663280328559 134.4011020967472758 111.1480220188462720  -0.0518348771994449
  96.1209198019044805 132.6285389831291370 110.5678760957324435   0.0921651228005551
  95.9262780101105887 136.4533446781857525 109.1978246486395333  -0.1102348771994449
  94.7149635582670695 138.0142584648047209 109.7760808456194448   0.0456651228005551
  97.8991520939243698 137.0353803274335111 109.3187671212104934   0.0456651228005551
  95.3007786597826485 135.7050131291529352 106.4501628499180453   0.3530651228005551
  93.2655436135494636 135.4253336613325973 106.2952053069365011  -0.0361348771994449
  96.1417067893776061 137.7591454367253422 104.5717750728003213  -0.4121348771994449
  98.1769418356108044 138.0388249045456801 104.7248428896479352   0.0999651228005551
  95.6730547081651402 137.1714406090758197 102.6537030468702495   0.0999651228005551
  95.1722772826760073 139.5241496458077868 105.0045223574682865   0.0999651228005551
  96.3722533777159987 133.0839629814041581 105.7887587030456043  -0.4121348771994449
  95.5615608662637911 131.6704478332310796 107.0492060343710823   0.0999651228005551
  95.8960423919678519 132.6190903524595392 103.8404510589727959   0.0999651228005551
  98.4207165068866415 133.1028602427433803 106.0079669345804690   0.0999651228005551
  96.4062684481265823 135.1040802185659813 113.6349016110866442   0.5972651233493332
  98.3281199263245013 134.0363849529004781 114.3851228862533782  -0.5679348788457792
  95.2157409837562023 136.8615255231127584 115.0200708672509161  -0.4157348771994449
  93.5584511643072597 137.5437166574583114 114.3643358987802393   0.2718651228005551
  96.1209198019044805 137.7629248889931759 117.4181333311969816  -0.0024348771994449
  97.9728514131473015 138.6340886367308703 117.1913661951264362   0.0977651228005551
  94.2803265474651740 139.7546962341461793 118.4971669536660260  -0.0343348771994449
  94.2670984645277292 141.3968682445237468 117.2556168836797567   0.0294651228005551
  92.3641442476690325 139.0214824941847238 118.6861395670581404   0.0294651228005551
  94.6450436913119850 139.2161242859786289 123.1629007783175858  -0.1256348771994449
  93.7852183003778052 137.3566337702001271 122.9455822729166514   0.1329651228005551
  94.9965327522213377 138.8778633080067211 127.1728996344984819   0.1429651228005551
  96.2040677517970097 135.5840706565819885 119.2303806936274682   0.5972651233493332
  97.9747411392812182 135.3421857114400679 120.7119259826217276  -0.5679348788457792
  94.2482012031885204 133.9570164552757827 119.2039245277525652  -0.4157348771994449
  92.8138990675422897 134.1800041390784810 117.9642641839002262   0.2718651228005551
  94.1480457180906860 131.8575307204892638 120.9235753096209114   0.0336651228005551
  94.3048929872061603 132.5472807593705379 122.8586548707562616   0.0822651228005551
  91.6895120178591469 130.3249628258791421 120.6798006383450606  -0.1825348771994449
  91.5137674874044639 129.6068668949890480 118.7560594340132383   0.0602651228005551
  91.7310859928054116 128.7451517779209784 122.0007192059560255   0.0602651228005551
  90.0794653517582331 131.5362772777226477 121.1087684707451787   0.0602651228005551
  96.3061129630287613 130.0944162375407495 120.4057903489264866   0.5972651233493332
  97.6440390658450046 129.3158490703651822 122.1348897614644304  -0.5679348788457792
  96.5914616092508631 129.1495531705801236 118.0908758348729504  -0.5163348771994448
  95.3933752403447889 129.8071778651847174 116.7416113752531791   0.2935651228005551
  98.7533083064567857 127.6623387031840869 117.1630203031176163   0.0396651228005551
  98.6871678917695349 125.7367077727183476 117.8830059601416137   0.1104651228005551
  98.6626014520285622 127.4374612932474583 114.2755187704859459   0.0559651228005551
  96.8257876498571027 126.7061372794199330 113.6915933951042704  -0.0173348771994449
  98.9120453017061633 129.3064004396955845 113.4515981760962803  -0.0173348771994449
 100.7394104732080116 125.6762365364328475 113.2758536456415971   0.0135651228005551
 102.4741790641477195 125.8916653156998784 114.3700050771820032  -0.0425348771994449
 100.1290289319514464 123.7128110832886640 113.4723851635694058  -0.0425348771994449
 101.3233358485896871 126.2639413640823701 110.5149637639826509   0.8053651217029987
  99.6188028757927160 125.8482016146196968 108.9275938114888063  -0.8188348750043323
 103.4870722719295129 127.0670749709988969 110.0122966123596013  -0.8188348750043323
 101.2666440645720474 128.7942846574029237 118.0719785735337415   0.5365651228005551
 102.7973222330482656 127.5187195170060842 119.2738443947076496  -0.5819348788457793
 101.6426995652223728 131.3038409632503519 117.7563943091688896  -0.4157348771994449
 100.3784727816290611 132.3016163619607570 116.7718469933959159   0.2718651228005551
 104.0539901121058966 132.4282280129334947 118.3422094106844819  -0.0014348771994449
 105.5128586874931002 131.3718711040715196 117.3501031903758138   0.0875651228005551
 104.2920956049799700 135.2609274876814422 117.6921436206155689  -0.0152348771994449
 102.8729112784051142 136.3342919317487091 118.7333827204061825   0.0294651228005551
 106.1591450252941659 135.9374494436252581 118.2515025562562584   0.0294651228005551
 103.9840702451508122 135.6842261416798096 114.9161359298852477  -0.0011348771994449
 105.4901819738860443 134.4634630591666793 113.1756981605437760  -0.1906348771994449
 106.7544087574793559 133.0669554461988661 113.7615132620593682   0.1698651228005551
 105.1934949708604009 134.8962103438346445 110.6245678797500831  -0.2341348771994449
 106.3027642114721820 133.8606404224457951 109.3017595860052150   0.1655651228005551
 103.4095935004387476 136.5837357814263238 109.7817500240212088   0.3225651228005551
 103.1034578667435067 137.0334906012995810 107.1701485069420427  -0.5579348788457793
 104.4942963013095426 136.4023220725698768 106.1988292741065137   0.3991651228005551
 101.9356071159801691 137.8479625650196356 111.5070699842913055  -0.2341348771994449
 100.6770495107886214 139.2803749745319360 110.8645630987580869   0.1655651228005551
 102.2398530235414931 137.4057666496820727 114.0506413605493173  -0.1906348771994449
 101.1343632351975592 138.4262187619995336 115.3507729406871297   0.1698651228005551
 104.6076798693448219 132.2071300552646997 121.1012095662095113   0.5972651233493332
 106.7185039609348553 131.5759615265349955 121.8457616629744679  -0.5679348788457792
 102.7160640092896399 132.7740478954410700 122.6923589709712029  -0.4157348771994449
 101.0663330943763915 133.3976575196350799 121.9648144094115113   0.2718651228005551
 102.9900742987082273 132.7116869330216662 125.3871084379429119  -0.0024348771994449
 104.7456298771210740 133.6622191783840561 125.8973344941016423   0.0977651228005551
 100.7942125310917345 134.0212671438291166 126.7571598850358087  -0.0343348771994449
  98.9441706459828304 133.6149760250360410 125.9483570997175180   0.0294651228005551
 100.7507488300115394 133.6622191783840561 128.7848360267333261   0.0294651228005551
 101.2250700896257827 136.7934953822915907 126.4377961684031230   0.0117651228005551
 100.8338967799040823 137.9670153114566788 124.1512275463583931  -0.1256348771994449
 100.1932796205047803 136.8445179879074665 122.5468500586592701   0.1329651228005551
 101.2382981725632275 140.5181455922503583 123.8715480785380552  -0.1704348771994449
 100.9246036343322923 141.4157655058629690 122.0441829070362069   0.1429651228005551
 102.0244242442744623 138.2353564224734888 128.4522442271631822  -0.1256348771994449
 102.3343393302375504 137.3245084259234468 130.2739402202632664   0.1329651228005551
 103.3094380153409130 130.0415039057909435 126.3206331481000097   0.5972651233493332
 104.5944517864073637 129.6371025131317983 128.2103592820212616  -0.5679348788457792
 102.0659982192207404 128.1423291412000941 125.1546721234705890  -0.4157348771994449
 100.7885433526899705 128.3993318954133762 123.7600542366367061   0.2718651228005551
 102.5081941345583031 125.6119858478795403 126.0485125848153393  -0.0597348771994449
 102.3834722097195092 125.5477351593262064 128.1045346185216766   0.0868651228005551
 100.5579967643515780 123.6542295731371209 125.0582960906406016   0.1302651228005551
 100.0572193388624451 124.1020946668764476 123.1099884465678066   0.0186651228005551
 101.6256920300170810 120.9386931186922731 125.1130981485243109  -0.3204348771994449
 102.3059934382287305 120.4738204897476542 127.0047140085794931   0.0881651228005551
 100.1781618114334054 119.5762005761350569 124.5820851048924548   0.0881651228005551
 103.1677085552968272 120.7346026962287835 123.7600542366367061   0.0881651228005551
  98.1448164913341373 123.5578535403071333 126.7136961839556271  -0.0430348771994449
  97.1092465699452878 121.8249746755013423 126.3036256128947179   0.0235651228005551
  98.6852781656356179 123.4973823040216600 128.7016880768407699   0.0235651228005551
  96.2532006312789687 125.7064721545755976 126.3319715049035378  -0.0660348771994449
  95.5861273060047637 125.6989132500399033 124.3855535869646461   0.0185651228005551
  94.6318156083745268 125.3984467947464398 127.5584037658184320   0.0185651228005551
  97.1130260222131351 127.5168297908721539 126.8044030383838508   0.0185651228005551
 105.1991641492621649 124.8296392284361394 125.5704118729332623   0.5972651233493332
 106.4974060032660738 123.9981597295107927 127.3089599161408173  -0.5679348788457792
 106.1591450252941659 125.1433337666670611 123.1685699567193497  -0.4157348771994449
 104.9780661915933835 125.7272591420487232 121.7645034392158690   0.2718651228005551
 108.7329520196949146 124.3345309813487704 122.4750404655702686  -0.0875348771994449
 108.9729472387029047 122.3635466236688926 123.0249507705413470   0.0968651228005551
 109.0844410806042672 124.5253933208748152 119.5894286590725017   0.2984651228005551
 108.7594081855698041 126.4755906910815405 119.0149519143604373  -0.0297348771994449
 111.7432857510314620 123.7392672491635804 118.7466108033436273  -0.3192348771994448
 111.8982432940130060 123.8243049251900400 116.6962579480390673   0.0790651228005551
 113.1549111730706369 124.9978248543551281 119.5535238625280011   0.0790651228005551
 112.1061131687443427 121.8117465925638840 119.3626615230019564   0.0790651228005551
 107.2268402909596689 122.8057425390064824 118.1683546063637157  -0.3192348771994448
 107.5027403065121732 123.0136124137378189 116.1406784646662251   0.0790651228005551
 107.5235272939853122 120.8385376335944518 118.7050368283973626   0.0790651228005551
 105.2804223730207908 123.3197480474330466 118.5973224387638471   0.0790651228005551
 110.7398411739192795 125.8633194236910585 123.8998939705468749   0.5972651233493332
 112.5936625112960306 124.8164111454986811 124.8315289545700695  -0.5679348788457792
 110.1937103212160349 128.2632716137710408 124.4176789312412996  -0.4157348771994449
 108.6309068084631630 129.1457737183122631 123.7695028673063036   0.2718651228005551
 112.0324138495214111 129.7296990936939521 125.7688331169950012  -0.0252348771994449
 113.8578892948893425 129.6333230608639647 124.8183008716326113   0.0697651228005551
 111.4258117605326930 131.6950142729720389 125.8897755895659481   0.0697651228005551
 112.3007549605382345 128.6846805416354781 128.3861038124759180   0.5972651233493332
 114.4002406953247399 128.4881490237076694 129.3630922237132243  -0.5679348788457792
 110.1653644292072150 128.0024894072899250 129.5917490859176865  -0.4157348771994449
 108.4986259790886748 128.0856373571824543 128.6676730064301862   0.2718651228005551
 110.1748130598768261 127.0878619584720223 132.1504382712470601  -0.0237348771994449
 111.0592048905519786 128.5108257373147253 133.3466349140192042   0.0879651228005551
 107.5102992110478674 126.5322824750991801 133.1803390142341455   0.0341651228005551
 106.6032306667656590 125.2472687040327428 131.8499718159535965   0.0240651228005551
 107.7484047039219408 125.5855296820046239 134.9944761027985623   0.0240651228005551
 105.8605682961346058 128.8793223334293833 133.5299383490095815   0.0017651228005551
 105.7793100723759933 129.8393032094613709 131.7101320820434006   0.0439651228005551
 103.9765113406151179 128.2254770910926233 134.0458335835700759   0.0439651228005551
 106.9849553458177484 131.0789635533137233 135.9185521822860359  -0.2737348771994449
 105.9323778892236206 129.2421497511422506 138.6227502799273422  -0.0536348771994449
 106.8526745164432602 127.3996667705690408 138.6019632924542168   0.0683651228005551
 103.8895839384547415 128.9908161753307324 138.5301536993652155   0.0683651228005551
 111.5883282080499180 124.6349974366422340 132.3413006107731048   0.5972651233493332
 113.0339687004996766 124.2551624837240748 134.1233123550608412  -0.5679348788457792
 111.2066035289978285 122.8813315843633173 130.5347224267443821  -0.4157348771994449
 110.0973342883860609 123.2158131100673918 129.0191620673395523   0.2718651228005551
 112.4009104456360558 120.4511437761405984 130.7463717537435794  -0.0389348771994449
 111.9360378166914370 119.6272231817509326 132.5756266513793578   0.1006651228005551
 111.6393508136657937 118.6275580569065839 128.7111367075103945   0.3653651228005551
 112.5785447022246557 116.8172004206100276 129.0002648060003302   0.0042651228005551
 108.7612979117037343 118.2552820085241056 128.8358586323492018  -0.2438348771994449
 107.8202142970109421 120.0637499186867315 128.5448408077253090   0.0641651228005551
 108.1754828101881420 116.9343634409131407 127.3675414262923872   0.0641651228005551
 108.2454026771432265 117.5031710072234411 130.6821210651902455   0.0641651228005551
 112.3593364706897910 119.5591930409297650 126.2998461606268573  -0.6761348755531105
 111.8604487713345885 118.3743347549611354 125.0205015679621841   0.4101651228005551
 115.2109332067769607 120.7175951610234915 130.5989731152977160   0.5972651233493332
 116.5885435584055520 119.6328923601526967 132.1220923792382402  -0.5679348788457792
 116.1539065476036699 122.2274863420265842 128.7716079437958679  -0.4157348771994449
 114.9293640128226925 122.8983391195686094 127.4506893761849165   0.2718651228005551
 118.8562149191110595 122.5581884154627980 128.3842140863420145  -0.0014348771994449
 119.7292683929826707 120.6911389951485885 128.4465750487614181   0.0875651228005551
 119.3815587843411651 123.5805302539141892 125.7121413329773615  -0.0152348771994449
 118.0681991212658945 125.1017597917207830 125.2510481563005764   0.0294651228005551
 121.2920719057355560 124.3383104336166040 125.6403317398883602   0.0294651228005551
 119.2095937061543291 121.4451397225831831 123.8016282115829840  -0.0011348771994449
 121.1824677899681102 119.6536793476258222 123.7902898547794561  -0.1906348771994449
 122.8189706219439138 120.0335143005439949 124.9033385476590708   0.1698651228005551
 120.9519212016297178 117.3387648335722994 122.5052760837129920  -0.2341348771994449
 122.3692158020706568 115.9271394115331110 122.6640130789623832   0.1655651228005551
 118.5670868206211105 116.8266490512796386 120.9972746288438296   0.3225651228005551
 118.1381189882209789 114.5665365951098119 119.8558800439553950  -0.5579348788457793
 116.3277613519244226 114.2868571272894738 119.7028122271077811   0.3991651228005551
 116.5885435584055520 118.8921197156555601 120.9330239402905089  -0.2341348771994449
 114.8764516810728999 118.6143299739691391 119.9163512802408816   0.1655651228005551
 116.9986141294664612 121.1030992923434146 122.3522082668653647  -0.1906348771994449
 115.5567530892845496 122.4958274530433942 122.4334664906239907   0.1698651228005551
 120.1204417027043712 124.0567412396623358 130.5196046176730204   0.5972651233493332
 122.2671705908389052 123.4501391506736179 131.1847882168133085  -0.5679348788457792
 118.6748012102546125 125.6271036569509020 131.7781622228645683  -0.4157348771994449
 116.9343634409131407 126.1278810824400349 131.1734498600097806   0.2718651228005551
 117.0061730340021555 130.0055991092464564 131.1828984906793781   0.0235651228005551
 116.4468140983614660 123.4274624370665620 135.4839151714841404   0.2718651228005551
 114.8481057890640801 118.4612621571215118 136.8407385356396059  -0.0430348771994449
 112.9432618460714666 117.9000134953469057 137.3849796622089202   0.0235651228005551
 114.7517297562340925 119.7349375713844347 135.2250226911369548   0.0235651228005551
 116.3731147791385344 116.1180017510591692 136.1283117831513028  -0.0660348771994449
 115.4622667825884923 115.1580208750271683 134.5503904613270424   0.0185651228005551
 118.2779587221311614 116.6773606866998586 135.5821809304480582   0.0185651228005551
 119.7821807247324767 119.5969875636081825 134.0458335835700759   0.2718651228005551
 122.9550309035862490 117.3066394892956324 134.8527466427544631  -0.0237348771994449
 123.1175473511034738 116.7019271264408313 132.0124882634708213   0.0341651228005551
 123.0041637830681946 118.5085053104695539 131.0279409476978476   0.0240651228005551
 124.9751481407480722 115.8666681752476377 131.7025731775077332   0.0240651228005551
 121.0823123048702891 114.9236948344209285 130.9958156034211672   0.0017651228005551
 119.2700649424398160 115.6096654210343422 131.6931245468381088   0.0439651228005551
 121.1238862798165671 115.0616448421971807 128.9416832958487870   0.0439651228005551
 121.4753753407259065 111.6393508136657937 131.9161122306408339  -0.2737348771994449
 119.5043909830460421 110.4261466356883577 129.3857689373202801  -0.0536348771994449
 120.3056348638286520 110.9703877622576721 127.5678523964880295   0.0683651228005551
 119.4155738547517490 108.3720143281159507 129.5086011360251573   0.0683651228005551
 117.6052162184551927 111.2066035289978285 129.5596237416410330   0.0683651228005551
 121.9459171480723160  78.0362407002780994 126.4472447990727206   0.0641651228005551
 131.2036854781525306  89.4426276446267784 117.7148203342226249  -0.8627348766506667
 130.4440155723161855  90.8788195064069261 118.7163751852008905   0.4477651228005551
 131.1054197191886129  89.4369584662250145 115.8080866650960812   0.4477651228005551
 125.9275701122443924  91.1018071902096378 127.5092708863364596  -0.5894348761018886
 121.9478068742062195  93.4790826666825641 130.3684265269593235  -0.0875348771994449
 121.9478068742062195  93.6604963755390113 128.3161839455208468   0.0968651228005551
 119.5705313977332929  92.1562743729376959 131.1602217770723224   0.2984651228005551
 117.9245799350878784  93.1899545681926152 130.4761409165928390  -0.0297348771994449
 119.5856492068046546  89.4860913457069598 130.0074888353803597  -0.3192348771994448
 121.2297109433161523  88.4524111504520407 130.6896799697259397   0.0790651228005551
 117.8697778772041689  88.4883159469965413 130.5611785926192986   0.0790651228005551
 119.6669074305632804  89.6240413534832120 127.9533565278079526   0.0790651228005551
 121.9345787912687881  96.0812355530921327 131.5419464561244118   0.5972651233493332
 120.1733540344541772  97.7819890736212567 130.7671587412167050  -0.4157348771994449
 118.9091272508608521  97.3549109673550555 129.4027764725255721   0.2718651228005551
 120.1941410219273028 100.3217809976114215 131.7611546876592763  -0.0014348771994449
 121.0955403878077474 102.3513468654428422 129.8808771844076490  -0.0152348771994449
 120.1185519765704545 102.1642639781846447 128.0761887265128567   0.0294651228005551
 120.8479862642640628 104.2656394391050670 130.5989731152977160   0.0294651228005551
 123.8394227342614017 101.8335619047484175 129.5199394928286852  -0.0011348771994449
 125.4645872094336772 102.1226900032383666 131.5287183731869805  -0.1906348771994449
 127.3354160820157069 100.6430344403780375 126.9291249632226581  -0.2341348771994449
 128.0780784526467600 100.0591090649963620 125.0979803394529494   0.1655651228005551
 124.7937344318916252 101.1116865215905033 127.2106941571768995  -0.1906348771994449
 123.5257281960304797 100.9113755513948476 125.6006474910760124   0.1698651228005551
 117.6524593718032211 101.0720022727781555 132.7759376215750003   0.5972651233493332
 115.8156455696317619  99.6509282200693695 132.6682232319414848  -0.5679348788457792
 117.5560833389732337 103.3982551436352198 133.8152869952316833  -0.4157348771994449
 119.1793580880115925 104.3922510900777911 133.6716678090536807   0.2718651228005551
 115.4849434961955483 104.5056346581130705 135.1796692639228431  -0.0875348771994449
 116.2748490201746300 106.8073210892291619 136.6366481131761298   0.2984651228005551
 117.2707346927511319 108.8009821605160821 134.7714884189958372  -0.3192348771994448
 115.7835202253551083 109.2979801337373679 133.4373417684474277   0.0790651228005551
 117.8508806158649467 110.4828384197059974 135.8089480665186169   0.0790651228005551
 118.8845608111198794 108.0375328024118899 133.7453671282766123   0.0790651228005551
 113.2834125501772913 105.1745977095211922 133.4864746479293999   0.5972651233493332
 112.7259433406705188 103.8839147600529775 131.6421019412222597  -0.5679348788457792
 112.0588700153963141 107.3326649544592675 134.0760692017128259  -0.4157348771994449
 113.0509762357049687 108.3379992577053669 135.3591932466453599   0.2718651228005551
 109.6456897423788735 108.3039841872947830 133.2559280595910073  -0.0875348771994449
 108.0809965034920847 107.0888902831834167 133.8209561736334473   0.0968651228005551
 109.1486917691575877 110.9344829657131713 134.2215781140247589   0.2984651228005551
 107.3326649544592675 111.6053357432552098 133.5185999922060534  -0.0297348771994449
 109.0976691635417120 110.8721220032937677 137.1241974557278044  -0.3192348771994448
 110.9136959782400322 110.2012692257517291 137.8290653036804401   0.0790651228005551
 108.7386211980966785 112.7675173156167835 137.8460728388857053   0.0790651228005551
 107.6047855177439247 109.6022260412986919 137.7591454367253422   0.0790651228005551
 111.1536911972480359 112.7353919713401166 133.1274266824843395  -0.3192348771994448
 111.0440870814806037 112.7183844361348380 131.0714046487780290   0.0790651228005551
 110.8097610408743639 114.6459050927345075 133.8152869952316833   0.0790651228005551
 113.0282995220979127 112.1193412516818009 133.7208006885356262   0.0790651228005551
 109.3168773950765767 108.3606759713124226 130.4251183109769633   0.5972651233493332
 107.2192813864239880 108.8406664093284165 129.5463956587035748  -0.5679348788457792
 111.2897514788903712 108.1490266443132390 128.8849915118311474  -0.3479348771994449
 112.8620036223128406 107.4951814019764923 129.7448169027653138   0.2746651228005551
 111.2500672300780234 108.1112321216348216 126.1014249165651453  -0.2637348771994449
 110.9949542019986447 110.0217452430291989 125.3852187118089816   0.1559651228005551
 113.8484406642197447 107.1928252205490850 125.1263262314617691  -0.0007348771994449
 115.2921914305355732 107.5480937337262849 126.5568489148401662   0.0326651228005551
 113.8030872370056330 105.1632593527176643 124.7653885398828053   0.0326651228005551
 114.6383461881988267 108.6252376300613990 122.7244843152478565   0.0389651228005551
 113.1756981605437760 108.4343752905353543 121.2845130011998618   0.0284651228005551
 114.8329879799927184 110.6226781536161664 123.1988055748620997   0.0284651228005551
 117.1762483860550611 107.7124999073774401 121.6586787757162838   0.0485651228005551
 117.8697778772041689 109.1279047816844488 120.3264218513017910   0.0686651228005551
 118.5425203808801244 107.5651012689315769 123.1969158487281694   0.0686651228005551
 116.8984586443686399 105.2955401820921525 120.3037451376947351  -0.5295348771994448
 115.3942366417673248 105.1386929129766916 119.1453430176010086   0.3455651228005551
 118.4007909208360384 103.3018791108052321 120.4076800750604034   0.8075651238981114
 120.4284670625335424 103.1544804723593824 121.7985185096264529  -0.8627348766506667
 121.0955403878077474 104.6435846658893227 122.8095219912743160   0.4477651228005551
 121.3619917726906270 101.4839625699729952 121.7985185096264529   0.4477651228005551
 117.8867854124094609 101.3176666701879231 119.0584156154406322  -0.8627348766506667
 116.4619319074328277 101.3365639315271319 117.8036374625169181   0.4477651228005551
 119.1151073994582720  99.8493494641311085 119.1340046607974807   0.4477651228005551
 109.0712129976668224 106.5276416214088106 125.0337296508996423   0.7340651211542206
 107.5027403065121732 107.4290409872892415 123.5918686107177171  -0.5894348761018886
 108.7915335298464711 104.2013887505517463 125.9596954565210459  -0.4157348771994449
 110.0689883963772410 103.5815585786255836 127.2314811446500520   0.2718651228005551
 106.6996066995956466 102.5365400265671230 125.2151433597560625  -0.0014348771994449
 106.5881128576942974 102.5327605742992894 123.1553418737819183   0.0875651228005551
 107.2570759091024191  99.8455700118632613 126.1770139619219802  -0.0152348771994449
 106.8866895868538441  99.8323419289258165 128.2046901036194977   0.0294651228005551
 105.9059217233487176  98.5529973362611297 125.3077399403182163   0.0294651228005551
 109.9121411272617667  98.7967720075369671 125.7404872249861814  -0.0011348771994449
 111.0006233804004087  98.8799199574295097 123.2989610599599210  -0.1906348771994449
 109.9574945544758784  99.7113994563548564 121.7871801528229248   0.1698651228005551
 113.4119139272839325  97.8556883928441884 122.8057425390064824  -0.2341348771994449
 114.1923708205934033  97.8859240109869250 120.9519212016297178   0.1655651228005551
 114.8594441458676080  96.6065794183222382 124.9524714271410164   0.3225651228005551
 117.1554613985819355  95.4954204515765402 124.5820851048924548  -0.5579348788457793
 117.3217572983670075  94.0478902329928647 125.6705673580310834   0.3991651228005551
 113.6046659929438939  96.5820129785812655 127.5319475999435156  -0.2341348771994449
 114.5192934417617833  95.7524232057898358 129.1230970047052072   0.1655651228005551
 111.2028240767299813  97.6893924930591163 127.8040681632281860  -0.1906348771994449
 110.3429986857958149  97.6686055055859773 129.6314333347300343   0.1698651228005551
 104.0747770995790223 103.4284907617779564 126.1562269744488546   0.5972651233493332
 102.1604845259167975 102.4326050892014547 125.2850632267111603  -0.5679348788457792
 103.9576140792759092 105.0895600334947326 127.9760332414150086  -0.4157348771994449
 105.4807333432164331 105.2275100412709848 129.1174278263034432   0.2718651228005551
 101.6672660049633457 106.4104786011056975 128.6997983507068666  -0.0237348771994449
 100.0628885172642091 105.1349134607088444 128.4919284759755298   0.0879651228005551
 101.7579728593915692 107.1493615194689036 131.5098211118477581   0.0341651228005551
 103.5758894002238197 107.9449362218497495 132.0124882634708213   0.0240651228005551
 100.3879214122986589 108.6384657129988438 131.8310745546143744   0.0240651228005551
 101.2137317328222548 104.9383819427810357 133.3126198436086472   0.0017651228005551
 102.6518133207363194 103.4851825457955962 133.0556170893953382   0.0439651228005551
 101.3932557155447715 105.6470292430015051 135.2401405002083165   0.0439651228005551
  98.0975733379861088 103.5135284378044159 133.0253814712526150  -0.2737348771994449
  98.8534637915546067 100.6354755358423433 131.3397457597948390  -0.0536348771994449
  99.9967481025769582  99.4298302624005882 132.5529499377723020   0.0683651228005551
  97.1111362960792182  99.6528179462032999 130.8559758695109982   0.0683651228005551
  99.8947028913452203 101.0663330943763915 129.6182052517925761   0.0683651228005551
 101.0512152853050164 108.6743705095433580 127.0481777096596745   0.5972651233493332
  98.8704713267598987 109.0220801181848636 126.3149639696982458  -0.5679348788457792
 102.9541695021637265 110.6548034978928200 126.5511797364384023  -0.4157348771994449
 104.6832689147016705 110.4374849924918856 127.3240777252121788   0.2718651228005551
 102.4666201596120386 112.7769659462863945 124.8560953943110289   0.0336651228005551
 100.8414556844397629 113.8635584732911064 125.5987577649420821   0.0822651228005551
 104.7229531635140183 114.5533085121723671 124.7653885398828053  -0.1825348771994449
 104.6700408317642257 115.6550188482484539 126.4888187740189987   0.0602651228005551
 106.4860676464625459 113.5007310555782257 124.5877542832942187   0.0602651228005551
 104.5264216455862096 115.8572195445780266 123.1780185873889741   0.0602651228005551
 101.7504139548558883 111.8604487713345885 122.2520527817675435   0.5972651233493332
  99.9759611151038326 112.8960186927234245 121.2542773830571386  -0.5679348788457792
 103.1034578667435067 110.0009582555560734 121.2372698478518465  -0.4157348771994449
 104.6946072715051983 109.3867972620316611 122.1178822262591386   0.2718651228005551
 102.6650414036737776 109.1052280680773929 118.6577936750493205  -0.0275348771994449
 103.2149517086448559 110.5924425354734296 117.3387648335722994   0.1122651228005551
 104.1163510745252868 106.6240176542387980 118.1910313199707715  -0.0050348771994449
 103.8461202373745600 105.3824675842525287 119.8161957951430606   0.0338651228005551
 103.2338489699840646 105.6772648611442418 116.5847641061377182   0.0338651228005551
 106.8753512300503162 106.6844888905242715 117.5749806003124559  -0.1415348771994449
 108.3039841872947830 108.7461801026323593 117.1063285190999767  -0.1638348771994449
 107.6425800404223556 110.6793699376338061 117.1875867428585890   0.2061651228005551
 110.6850391160355700 107.9902896490638612 116.3504380655314786  -0.3418348771994449
 112.0116268620482854 109.2242808145144363 115.7117106322660936   0.3411651228005551
 110.9250343350435603 105.4013648455917511 116.3013051860495196   0.1379651228005551
 112.8884597881877436 103.7705311920176981 115.5699811722219944  -0.2601348771994449
 114.6062208439221597 104.5226421933183623 114.8235393493231075   0.1571651228005551
 112.5010659307338904 101.1419221397332401 115.6587983005163010  -0.1134348771994449
 113.9334783402461908  99.8795850822738452 115.0030633320456241   0.1416651228005551
 110.1842616905464373 100.1611542762281134 116.5242928698522313  -0.1972348771994449
 109.9045822227260858  98.1618240265394293 116.5753154754681072   0.1446651228005551
 108.2057184283308787 101.7900982036682361 117.2480579791440759  -0.2387348771994449
 106.4293758624449062 101.0398769285015019 117.8414319851953492   0.1699651228005551
 108.5231924188296477 104.5113038365148345 117.1308949588409494   0.1242651228005551
  99.8720261777381643 108.5080746097582860 118.1589059756941180   0.5972651233493332
  98.9573987289202752 108.9030273717478202 116.0575305147736823  -0.5679348788457792
  98.2903254036460703 107.5386451030566739 120.2924067808912072  -0.4157348771994449
  99.0197596913396788 107.1966046728169322 122.0233959195630813   0.2718651228005551
  95.6314807332188755 107.0681032957102913 119.8917848404999090  -0.0518348771994449
  95.4973101777104572 105.8057662382508963 118.2703998175954671   0.0921651228005551
  94.1178100999479491 106.0967840628747623 122.2463836033657795  -0.1102348771994449
  94.3030032610722299 107.4951814019764923 123.7506056059671083   0.0456651228005551
  92.1411565638663208 106.1440272162227908 121.6586787757162838   0.0456651228005551
  94.3804820325630086 103.5739996740898894 123.6164350504587034   0.3530651228005551
  94.4012690200361343 102.0111961613370175 122.2974062089816552  -0.0361348771994449
  96.6953965466165314 103.5872277570273476 125.2831735005772300  -0.4121348771994449
  96.3892609129212905 104.8495648144867425 126.8818818098746161   0.0999651228005551
  97.0846801302043151 101.6899427185704014 125.9804824439941715   0.0999651228005551
  98.2789870468425424 104.2694188913729140 124.1852426167689770   0.0999651228005551
  92.1506051945359320 103.3056585630730793 125.4456899480944550  -0.4121348771994449
  90.4744181137477806 102.7066153786200421 124.4327967403126613   0.0999651228005551
  92.6022497405431059 101.9431660205158499 126.9083379757495057   0.0999651228005551
  91.7632113370820651 105.0971189380304269 126.3886632889211774   0.0999651228005551
  94.2085169543761726 109.5020705562008574 119.4798245433050694   0.5972651233493332
  92.8346860550154153 109.7609630365480697 117.6203340275265542  -0.5679348788457792
  94.4844169699286769 111.3861275117203452 121.2108136819769301  -0.4157348771994449
  95.8506889647537401 111.2217213380692035 122.5449603325253398   0.2718651228005551
  93.0784607262912661 113.7841899756664242 121.0237307947187460  -0.0875348771994449
  91.0961380118078738 113.3041995376504170 120.7440513268983945   0.0968651228005551
  93.1540497716481145 115.2940811566695035 123.5219487437626193   0.2984651228005551
  92.2791065716425730 114.1167817752365547 124.9694789623463082  -0.0297348771994449
  95.8053355375396284 115.9535955774080140 124.4592529061875778  -0.3192348771994448
  95.6730547081651402 117.1214463281713516 126.1505577960470906   0.0790651228005551
  96.7974417578482830 114.2207167126022230 124.9411330703374885   0.0790651228005551
  96.8427951850623947 116.9816065942611828 123.0117226876038888   0.0790651228005551
  91.5836873543595483 117.7185997864904585 123.3499836655757967  -0.3192348771994448
  91.4740832385921161 118.6181094262369861 125.2019152768186311   0.0790651228005551
  92.4340641146241171 119.0395183541014234 122.0139472888934569   0.0790651228005551
  89.6788434113669349 117.2499477052779928 122.7301534936496206   0.0790651228005551
  93.8759251548060287 115.2884119782677396 118.6766909363885427   0.5972651233493332
  92.2299736921606142 116.1671346305411147 117.2839627756885766  -0.5679348788457792
  96.3136718675644419 115.3337654054818379 118.0587504905962833  -0.5163348771994448
  97.5892370079612951 114.5608674167080480 119.2738443947076496   0.2935651228005551
  96.7218527124914344 118.5651970944871801 115.8326531048370539   0.0879651228005551
  96.2853259755556222 115.4641565087224092 113.3514426909984456   0.5365651228005551
  95.3423526347289266 116.8323182296814026 111.7168295851565724  -0.5819348788457793
  96.2872157016895525 112.9470412983393004 113.0963296629190804  -0.4157348771994449
  97.0960184870078430 111.8736768542720333 114.4682708361459076   0.2718651228005551
  95.1609389258724794 111.6941528715495164 110.9099165259721986   0.0336651228005551
  96.0075362338692010 112.4859481216625153 109.2053835531752275   0.0822651228005551
  95.7807690977986557 108.8671225752033195 111.0365281769449229  -0.1825348771994449
  94.9511793250072259 107.8920238900999569 109.4227020585761753   0.0602651228005551
  97.8235630485675212 108.5931122857847455 111.0044028326682559   0.0602651228005551
  95.0135402874266297 108.0526506114832648 112.7694070417507004   0.0602651228005551
  92.2885552023121841 112.1401282391549264 110.7341719955175156   0.5972651233493332
  91.2832208990660713 112.3536672922880271 108.6422451652666911  -0.5679348788457792
  90.8504736143981062 112.4935070261982096 112.9886152732855649  -0.4157348771994449
  91.7046298269305086 112.3253214002792072 114.6874790676807720   0.2718651228005551
  88.1916289439708980 113.0963296629190804 112.9338132154018556   0.0212651228005551
  87.2203097111353824 111.6469097182014880 111.8396617838614494   0.1123651228005551
  87.0691316204216855 112.9224748585983275 115.6077756949004253  -0.1231348771994449
  88.1746214087656061 114.0355235514779424 116.9419223454488350   0.1111651228005551
  85.1472801422237667 113.6632475030954639 115.5794298028916054   0.1111651228005551
  86.9633069569220871 109.6475794685128037 116.6187791765483020  -0.3119348771994449
  89.4709735366355847 109.3433335609514797 116.8587743955562921   0.1932651228005551
  87.8892727625435041 115.7041517277304127 111.8736768542720333   0.5972651233493332
  86.1582836238716434 116.1860318918803235 110.4034699220813018  -0.5679348788457792
  89.4445173707606951 117.5107299117591220 112.7164947100009078  -0.4157348771994449
  90.8712606018712452 116.9948346771986276 113.8956838175677734   0.2718651228005551
  89.4067228480822642 120.1487875947131911 111.8887946633434084  -0.0252348771994449
  87.6228213776606110 121.0218410685848157 112.4311460637788058   0.0697651228005551
  90.9544085517637744 121.1616808024949847 112.7977529337595202   0.0697651228005551
  89.7279762908488803 120.3679958262480557 109.0315287488544746   0.5972651233493332
  88.0574583884624930 121.3978965692351412 107.7748608697968304  -0.5679348788457792
  91.7159681837340365 119.1869169925472733 107.9959588274656252  -0.4157348771994449
  93.0217689422736263 118.4177984560413304 109.1770376611664076   0.2718651228005551
  92.1732819081429879 119.0924306858512160 105.2615251116815686  -0.0518348771994449
  92.4491819236954786 121.0105027117812878 104.5528778114610992   0.0921651228005551
  94.5921313595621790 117.5693114219106919 104.7588579600585188  -0.1102348771994449
  94.3691436757594807 115.6852544663912040 105.5657710192428926   0.0456651228005551
  94.8094498649631268 117.3652209994471890 102.7179537354235700   0.0456651228005551
  97.0053116325796196 118.7862950521559751 105.8397813086614802   0.3530651228005551
  96.8352362805267139 119.0489669847710212 107.8674574503589842  -0.0361348771994449
  99.2106220308657235 116.9853860465290164 105.3711292274490008  -0.4121348771994449
 100.9680673354124872 117.8811162340076970 105.9474956982949821   0.0999651228005551
  98.9309425630453722 115.2789633475981284 106.4898470987303797   0.0999651228005551
  99.2824316239547248 116.4921675255755778 103.3774681561620807   0.0999651228005551
  97.5249863194079612 121.3752198556280853 104.6700408317642257  -0.4121348771994449
  99.4449480714719631 121.9950500275542615 105.0876703073608157   0.0999651228005551
  97.1867253414360665 121.3449842374853352 102.6423646900667216   0.0999651228005551
  96.2513109051450384 122.7490507549888427 105.5034100568234890   0.0999651228005551
  89.9320667133123832 117.9831614452394349 103.8139948930978929   0.5972651233493332
  88.9701961111464655 119.1642402789402174 102.0641084930868101  -0.5679348788457792
  88.9021659703252977 115.8383222832388178 104.6851586408355874  -0.4157348771994449
  89.5730187478673363 114.9822763445724851 106.2536313319902232   0.2718651228005551
  86.9255124342436694 114.6100002961900068 103.2962099324034682  -0.0597348771994449
  87.4943200005539566 114.3473283635749473 101.3346742053932150   0.0868651228005551
  86.3982788428796337 111.9719426132359376 104.4602812308989588   0.1302651228005551
  86.4228452826206064 112.1779227618333575 106.5144135384713658   0.0186651228005551
  83.7904567780683146 110.8683425510259205 103.7894284533569202  -0.3204348771994449
  83.5334540238550191 110.8513350158206286 101.7466345025880411   0.0881651228005551
  83.6430581396224515 108.9540499773636959 104.5339805501218904   0.0881651228005551
  82.3013525845383610 112.0021782313786744 104.6492538442910866   0.0881651228005551
  88.5034337560679164 110.0652089441093939 103.7516339306784893  -0.0430348771994449
  90.3345783798375983 110.9193651566417964 104.1409175142662731   0.0235651228005551
  88.3257994994793165 108.4192574814639794 104.9799559177273004   0.0235651228005551
  88.5412282787463339 109.1316842339522959 101.0020824058230710  -0.0660348771994449
  88.6961858217278779 110.7190541864461539  99.7000610995513283   0.0185651228005551
  90.1701722061864566 107.8995827946356377 100.7318515686723307   0.0185651228005551
  86.8366953059493628 108.0564300637510986 100.5787837518247034   0.0185651228005551
  84.6502821690024810 116.2824079247103109 103.2489667790554397   0.5972651233493332
  83.4616444307660043 116.5942127368073159 101.2760926952416584  -0.5679348788457792
  83.9888780221300402 117.4313614141344398 105.4164826546631126  -0.4157348771994449
  85.0244479435188896 117.2272709916709368 107.0076320594248044   0.2718651228005551
  81.7778984454421723 118.9941649268873117 105.5147484136270169  -0.0249348771994449
  80.1584031486716608 117.8792265078737666 104.9043668723704518   0.0842651228005551
  81.2412162234085388 120.0316245744100780 108.1811519885899060   0.2116651228005551
  81.0276771702754381 118.4593724309875949 109.4945116516651766   0.0351651228005551
  82.8153580929649386 121.2183725865126244 108.7801951730429432   0.0351651228005551
  82.1104902450123162 121.2164828603786941 103.7799798226873092   0.5972651233493332
  84.4008383193248663 122.3408699100618368 103.6968318727947798  -0.4157348771994449
  85.8672657992477642 121.6208842530378395 104.6851586408355874   0.2718651228005551
  84.8449239607963728 124.5310624992765791 102.1396975384436586  -0.0518348771994449
  83.4843211443730603 125.9899310746637961 102.6537030468702495   0.0921651228005551
  87.5264453448306235 125.6119858478795403 102.4496126244067466  -0.1102348771994449
  87.5169967141610124 126.0995351904312149 104.4508326002293610   0.0456651228005551
  89.0268878951640917 124.2494933053223109 102.0811160282921021   0.0456651228005551
  87.9875385215074084 128.0157174902273564 100.8679118503146659   0.3530651228005551
  87.2921193042243838 127.6887948690589764  98.9573987289202752  -0.0361348771994449
  86.6193768005484285 130.3079552906738502 102.0168653397387814  -0.4121348771994449
  87.3147960178314397 130.6367676379761337 103.9273784611331723   0.0999651228005551
  86.9803144921273789 131.9746937407923770 100.8603529457789719   0.0999651228005551
  84.5935903849848414 129.9394586945591921 102.0773365760242683   0.0999651228005551
  90.8088996394518414 128.4616928578327798 100.3822522338968948  -0.4121348771994449
  91.5931359850291595 126.8554256439997265  99.3580206693115868   0.0999651228005551
  91.0507845845937621 130.1737847351654451  99.2616446364815992   0.0999651228005551
  91.7915572290908851 128.6733421848319502 102.1812715133899366   0.0999651228005551
  84.6105979201901332 123.8620994478684574  99.3825871090525595   0.5972651233493332
  85.8975014173905008 121.8117465925638840  98.5775637760021024  -0.5163348771994448
  86.7781137957978063 120.7024773519521166  99.8569083686667892   0.2935651228005551
  86.0373411513006833 121.1144376491469427  95.9527341759854917   0.0380651228005551
  86.8102391400744732 122.6904692448372728  94.8755902796503776   0.0879651228005551
  87.7380946718298071 118.7806258737542110  95.5388841526567353  -0.0303348771994449
  87.0823597033591303 117.2140429087334920  96.7029554511522257  -0.0122348771994449
  87.6662850787407924 118.2363847471848832  93.5527819859054958  -0.0122348771994449
  90.4498516740067945 119.4401402944927216  96.2550903574128854   0.7993651217029988
  91.0659023936651236 121.7361575472070491  96.3552458425107066  -0.8014348761018886
  91.9389558675367482 117.6449004672675405  96.7331910692949625  -0.8014348761018886
  82.8474834372416056 118.1116628223460893  97.8783651064512442   0.2718651228005551
  81.9177381793523412 104.3015442356495810 103.5418743298132358   0.0042651228005551
  82.1161594234140802 101.8335619047484175 108.7858643514447071  -0.5679348788457792
  81.5700285707108355 106.1893806434369025 111.6204535523265850   0.0977651228005551
  79.9996661534222830 113.6500194201580057 110.3033144369834671  -0.1704348771994449
  81.3659381482473462 115.1258955307505011 110.7455103523210434   0.1429651228005551
  79.8163627184319191 111.5524234115054172 111.8226542486561576  -0.1256348771994449
  81.0390155270789660 111.3634507981132894 113.4704954374354890   0.1329651228005551
  81.5983744627196555 102.9466105976280324 115.0540859376614998  -0.5679348788457792
  82.2484402527885684  95.2724327677738286 111.7281679419601003  -0.0275348771994449
  82.0953724359409411  93.6189224005927332 112.9470412983393004   0.1122651228005551
  81.9252970838880354  94.4239457336431901 108.9634986080333071  -0.0050348771994449
  81.7533320057011996  96.0415513042797849 107.6992718244399818   0.0338651228005551
  83.5504615590603111  93.2882203271565196 108.4041396723926177   0.0338651228005551
  80.9861031953291734  85.9182884048636399 107.7200588119131209  -0.1972348771994449
  82.5224505422071423  84.5463472316368127 107.6860437415025370   0.1446651228005551
  81.5889258320500445  88.4165063539075266 108.1339088352418773  -0.2387348771994449
  83.5561307374620750  88.9626372066107712 108.4079191246604513   0.1699651228005551
  84.9299616368228189  96.1530451461811340 112.1287898823513985   0.5972651233493332
  86.5589055642629416  94.6072491686335541 112.7297227929383660  -0.5679348788457792
  85.5044383815348835  98.6134685725466032 111.7508446555671563  -0.4157348771994449
  84.1495047435133481  99.8833645345416922 111.3086487402295799   0.2718651228005551
  88.0858042804713128  99.4884117725521447 111.9435967212271177   0.0336651228005551
  89.2045221517526916  98.3867014364760579 110.6094500706787082   0.0822651228005551
  88.4032782709700818 102.3097728904965777 111.3162076447652608  -0.1825348771994449
  87.3072371132957589 103.4379393924475675 112.6465748430458232   0.0602651228005551
  90.3931598899891683 102.8256681250570721 111.4541576525415129   0.0602651228005551
  87.7343152195619601 102.6669311298076943 109.4019150711030362   0.0602651228005551
  89.1213742018601624  99.1066870935000552 114.5589776905741311   0.5972651233493332
  91.2114113059770700  98.1278089561288454 114.8632235981354553  -0.5679348788457792
  87.6700645310086396  99.8228932982562055 116.5280723221200785  -0.4157348771994449
  85.9277370355332375 100.5447686814141332 116.2370544974961991   0.2718651228005551
  88.5450077310141809  99.5658905440429234 119.0848717813155352  -0.0875348771994449
  90.3723729025160292 100.4767385405929655 119.3607717968680260   0.0968651228005551
  86.7270911901819306 100.5712248472890228 121.0256205208526493   0.2984651228005551
  87.4357384904024000 100.1687131807637942 122.9172363809078315  -0.0297348771994449
  86.4700884359686485 103.4454982969832484 120.6779109122111437  -0.3192348771994448
  85.7614411357481790 103.8480099635084768 118.7862950521559751   0.0790651228005551
  85.1548390467594475 104.1919401198821487 122.0763082513128604   0.0790651228005551
  88.3106816904079414 104.3355593060601648 120.9235753096209114   0.0790651228005551
  84.2213143366023495  99.1255843548392640 120.7818458495768120  -0.3192348771994448
  84.5520164100385767  97.1186952006148990 121.1030992923434146   0.0790651228005551
  83.4503060739624764  99.3995946442578513 118.8921197156555601   0.0790651228005551
  88.9248426839323537  96.8144492930535748 119.5988772897421128   0.5972651233493332
  90.6974057975504789  96.0887944576278135 120.9141266789513002  -0.5679348788457792
  87.2599939599477302  95.1987334485509103 118.5557484638175826  -0.4157348771994449
  85.8937219651226672  95.8317917034145314 117.3841182607863977   0.2718651228005551
  87.4073925983935801  92.5361093258558685 119.0395183541014234   0.0336651228005551
  87.2373172463406745  92.1751716342769047 121.0596355912632332   0.0822651228005551
  85.3305835772141306  91.0488948584598317 117.6524593718032211  -0.1825348771994449
  85.4874308463295914  91.3777072057621286 115.6247832301057171   0.0602651228005551
  85.5497918087489952  89.0382262519676196 118.0398532292570746   0.0602651228005551
  83.4805416921052265  91.6762839349216887 118.3081943402738980   0.0602651228005551
  89.8961619167678692  91.5288852964758390 118.1267806314174510   0.5972651233493332
  91.1698373310307919  90.1550543971150815 119.5025012569121252  -0.5679348788457792
  90.6444934658006863  92.0693469707773061 115.8288736525692067  -0.4157348771994449
  89.5597906649298915  93.2371977215406437 114.7611783869037037   0.2718651228005551
  93.0671223694877380  91.1736167832986391 114.8292085277248714  -0.0014348771994449
  93.1502703193802674  89.1591687245385799 115.2411688249196975   0.0875651228005551
  93.2749922442190748  91.5194366658062278 111.9473761734949649  -0.0152348771994449
  94.1159203738140322  89.8130139668753398 111.2009343505960646   0.0294651228005551
  91.3814866580299757  91.6668353042520911 111.1725884585872447   0.0294651228005551
  94.8359060308380298  93.7039600766191927 110.9212548827757265  -0.0011348771994449
  93.5282155461645231  95.7750999193968918 109.8932438659225579  -0.1906348771994449
  91.5288852964758390  95.6598266252276954 109.7930883808247367   0.1698651228005551
  94.7848834252221541  97.9520644256741758 109.0409773795240724  -0.2341348771994449
  93.7719902174403604  99.5621110917750762 108.4079191246604513   0.1655651228005551
  97.6440390658450046  97.9841897699508293 109.0768821760685729   0.3225651228005551
  98.9403911937149832 100.0080864593804861 108.1792622624559891  -0.5579348788457793
 100.7035056766635108  99.9287179617558041 108.6233479039274821   0.3991651228005551
  98.9781857163934141  95.6390396377545563 110.0576500395737131  -0.2341348771994449
 100.9850748706177792  95.5483327833263328 110.0878856577164497   0.1655651228005551
  97.5079787842026691  93.6075840437892053 110.9458213225166994  -0.1906348771994449
  98.4377240420919336  91.9710812118134017 111.6733658840763776   0.1698651228005551
  95.3404629085949963  92.3376880817941295 116.1879216180142538   0.5972651233493332
  97.2358582209180121  91.0318873232545397 116.4940572517094947  -0.5679348788457792
  95.1798361872116882  94.6620512265172769 117.1252257804391854  -0.4157348771994449
  93.5849073301821627  95.6598266252276954 116.8115312422082637   0.2718651228005551
  97.1999534243735113  95.8431300602180593 118.5878738080942361  -0.0597348771994449
  98.9762959902594839  95.6069142934779028 117.5145093640269690   0.0868651228005551
  96.8579129941337698  98.7230726883140354 118.7900745044238087   0.1302651228005551
  94.9700765863464347  99.0764514753573184 119.5289574227870282   0.0186651228005551
  98.8307870779475509  99.8323419289258165 120.6174396759256704  -0.3204348771994449
  98.4150473284848776  99.2616446364815992 122.5506295109271037   0.0881651228005551
 100.7242926641366499  99.1690480559194588 120.1468978685792742   0.0881651228005551
  98.8100000904744119 101.8883639626321404 120.5153944646939189   0.0881651228005551
  97.0733417734007873 100.0761166002016538 116.1992599748177817  -0.0430348771994449
  96.3646944731803178 101.9960783522656424 116.4184682063526461   0.0235651228005551
  95.8563581431555041  99.1369227116427919 114.8348777061266353   0.0235651228005551
  99.7302967176940651 100.2443022261206426 115.0370784024562080  -0.0660348771994449
 100.9926337751534599 101.3327844792592848 116.2465031281658103   0.0185651228005551
 100.5050844326017854  98.3621349967350850 114.7422811255644950   0.0185651228005551
  99.6093542451231048 101.2061728282865606 113.2210515877578878   0.0185651228005551
  97.5760089250238369  94.5052039574018026 121.0785328526024553   0.5972651233493332
  99.7586426097028849  93.9420655694932795 121.7588342608141051  -0.5679348788457792
  95.4916409993086932  93.7436443254315405 122.4183486815526290  -0.4157348771994449
  93.7398648731636935  94.2708779167955764 121.8759972811172181   0.2718651228005551
  95.7618718364594335  92.3679236999368663 124.7578296353471380  -0.0518348771994449
  97.0960184870078430  93.3997141690578687 125.9407981951818237   0.0921651228005551
  93.2825511487547554  92.0069860083579159 126.2488235550110084  -0.1102348771994449
  91.9427353198045954  91.6384894122432712 124.7294837433383181   0.0456651228005551
  93.3656990986472848  90.3723729025160292 127.4998222556668620   0.0456651228005551
  92.4189463055527420  94.3426875098845777 127.7587147360140743   0.3530651228005551
  90.5481174329706989  93.9760806399038500 128.5391716293235451  -0.0361348771994449
  94.2746573690634100  94.9133848023287950 129.9186717070860665  -0.4121348771994449
  96.1454862416454532  95.2799916723095228 129.1382148137765957   0.0999651228005551
  93.6283710312623443  96.5687848956438073 130.9599108068766799   0.0999651228005551
  94.3672539496255504  93.2957792316922002 131.1904573952150724   0.0999651228005551
  91.9521839504741930  96.6349253103310581 126.0447331325475054  -0.4121348771994449
  90.4857564705513087  96.1795013120560370 124.6727919593206785   0.0999651228005551
  91.3474715876193918  98.2374130718962777 127.1899071697037739   0.0999651228005551
  93.6926217198156648  97.1186952006148990 125.0545166383727678   0.0999651228005551
  96.8238979237231860  89.7884475271343671 124.2268165917152549   0.5972651233493332
  98.4433932204936975  88.8832687089860756 125.6271036569509020  -0.5679348788457792
  95.9716314373247004  88.5204412912732083 122.1896918193481399  -0.4157348771994449
  94.6847279401243194  89.2782214709756233 121.0010540811116900   0.2718651228005551
  96.9372814917584518  86.0430103297024338 121.6322226098413674  -0.0024348771994449
  96.5952410615187103  84.8619314960016514 123.2838432508885593   0.0977651228005551
  95.7599821103255166  84.7504376541003023 119.3040800128503998  -0.0343348771994449
  95.6314807332188755  86.0751356739791008 117.7318278694279167   0.0294651228005551
  96.7596472351698655  83.0553533119729422 118.6936984715938347   0.0294651228005551
  93.1257038796392945  83.9586424039873034 119.9069026495712707   0.0117651228005551
  92.6778387858999545  82.0708059961999684 121.6397815143770617  -0.1256348771994449
  94.2689881906616461  81.1656271780516903 122.5846445813376876   0.1329651228005551
  90.2457612515433050  81.3243641733010681 122.1821329148124725  -0.1704348771994449
  89.9112797258392442  79.8409291581728918 123.5729713493784950   0.1429651228005551
  88.2407618234528569  82.4468614968502940 120.9727081891028701  -0.1072348771994449
  86.3132411668531742  81.8648258476025488 121.4054554737708353   0.1296651228005551
  88.6716193819869052  84.3082417387627259 119.2133731584221763  -0.1704348771994449
  87.0918083340287415  85.2001924739735593 118.2382744733188136   0.1429651228005551
  91.1055866424774714  85.0433452048580984 118.6842498409242235  -0.1256348771994449
  91.4570757033868242  86.5059932325131490 117.2782935972868125   0.1329651228005551
  99.7057302779530924  86.2848952748443543 121.0974301139416507   0.5972651233493332
 101.1683783056081431  84.5917006588509245 121.7210397381356874  -0.5679348788457792
 100.5031947064678551  88.3106816904079414 119.7557245588575737  -0.4157348771994449
  99.1917247695265148  89.6013646398761560 119.2171526106900234   0.2718651228005551
 103.1431421155558545  88.8757098044503947 119.1944758970829674  -0.0252348771994449
 103.9368270918027701  87.3601494450455515 118.0455224076588385   0.0697651228005551
 103.2244003393144668  90.6312653828632417 118.1211114530156871   0.0697651228005551
 104.7664168645941997  89.1931837949491637 121.5641924690201997   0.5972651233493332
 106.7978724585595509  88.0858042804713128 121.6870246677251037  -0.5679348788457792
 103.6930524205269328  90.3175708446323063 123.5559638141732031  -0.4157348771994449
 102.0168653397387814  91.1509400696915831 123.3499836655757967   0.2718651228005551
 105.0536552369502319  90.6463831919346166 125.9011139463694759  -0.0518348771994449
 106.9282635618001222  91.4173914545744764 125.5118303627817192   0.0921651228005551
 103.5569921388845975  92.5625654917307581 127.5149400647382235  -0.1102348771994449
 103.1828263643681889  94.1915094191708808 126.3074050651625515   0.0456651228005551
 101.7296269673827492  91.7575421586803012 128.0289455731648146   0.0456651228005551
 104.8590134451563401  93.5414436291019679 129.9318997900235247   0.3530651228005551
 106.7940930062917037  94.0913539340730461 129.4934833269537956  -0.0361348771994449
 103.4284907617779564  95.8790348567625600 130.8578655956449285  -0.4121348771994449
 101.5198673665174958  95.3480218131306905 131.4228937096873953   0.0999651228005551
 104.4111483514170132  96.7086246295539896 132.4698019878797458   0.0999651228005551
 103.3151071937426769  97.2849911003999709 129.3593127714453637   0.0999651228005551
 104.8609031712902704  91.6687250303860078 132.1409896405774623  -0.4121348771994449
 106.1194607764818181  90.0926934346956779 131.7535957831236089   0.0999651228005551
 105.5582121147072120  92.5965805621413419 133.8417431611065729   0.0999651228005551
 102.9560592282976434  90.9695263608351496 132.4886992492189679   0.0999651228005551
 105.3597908706454730  88.1160398986140496 127.1502229208914261   0.5972651233493332
 107.4063642736821991  87.4716432869469006 128.0459531083701065  -0.5679348788457792
 103.3151071937426769  86.6042589914770534 127.2106941571768995  -0.4157348771994449
 101.7031708015078596  87.2354275202067441 126.4094502763943031   0.2718651228005551
 103.2886510278677875  84.1646225525847098 128.4087805260829738  -0.0275348771994449
 103.9198195565974781  84.3687129750482128 130.3589778962897259   0.1122651228005551
 100.6373652619762736  82.9778745404821635 128.4106702522169041  -0.0050348771994449
  99.7586426097028849  83.0761402994460812 126.5511797364384023   0.0338651228005551
 100.7053954027974277  81.0163388134719103 129.0342798764109140   0.0338651228005551
  98.8969274926348017  84.3441465353072401 130.2077998055760290  -0.1415348771994449
  99.5394343781680204  86.0505692342381281 132.0294957986761132  -0.1638348771994449
 101.5406543539906214  86.4908754234417741 132.2316964950056860   0.2061651228005551
  97.4153822036405289  86.8744898286277937 133.2653766902606051  -0.3418348771994449
  97.3681390502925003  88.1349371599532717 134.6977890997729057   0.3411651228005551
  95.3423526347289266  85.6896315426591643 132.2241375904699917   0.1379651228005551
  92.0221038174292776  82.8493731633755223 129.4991525053555596  -0.1972348771994449
  94.5562265630176782  82.6566210977155609 128.9227860345095649  -0.2387348771994449
  95.1684978304081603  81.3961737663900828 127.4128948535064990   0.1699651228005551
  96.1946191211274121  84.0928129594957085 130.3079552906738502   0.1242651228005551
 105.1027881164321908  82.4808765672608778 127.0368393528561466   0.5972651233493332
 106.2838669501329733  80.8368148307493934 128.1706750332089138  -0.5679348788457792
 105.3012093604939164  82.7662252134829931 124.5197241424730512  -0.4157348771994449
 104.1749325846768567  83.9888780221300402 123.6372220379318289   0.2718651228005551
 107.1191259013261670  81.3470408869081239 123.0854220068268203  -0.0249348771994449
 106.9660580844785397  79.3401517326837589 123.5181692914947855   0.0842651228005551
 106.6542532723815348  81.7155374830227685 120.2489430798110258   0.2116651228005551
 104.8344470054153674  80.9124038761062420 119.7273786668487538   0.0351651228005551
 106.6145690235691870  83.7280958156489110 119.8161957951430606   0.0351651228005551
 108.5874431073829816  80.5892607072057090 118.7881847782898918  -0.6546348782970011
 108.5628766676419955  78.7732338925073888 119.0244005450300483   0.4274651228005550
 109.7288376922714162  82.2484402527885684 123.7902898547794561   0.5972651233493332
 111.5240775194965973  80.7763435944639065 123.9169015057521670  -0.5679348788457792
 109.9952890771543093  84.7258712143593296 124.3042953632060204  -0.4157348771994449
 108.4438239212049655  85.8332507288371803 124.2192576871795608   0.2718651228005551
 112.3706748274933189  85.8804938821852090 124.9619200578106140   0.0336651228005551
 113.7407262745862294  85.5101075599366474 123.4690364120128401   0.0822651228005551
 112.1798124879672742  88.7585467841472817 125.3568728198001616  -0.1825348771994449
 110.8286583022135861  89.1591687245385799 126.8592050962675601   0.0602651228005551
 114.0260749208083446  89.5049886070461686 125.8803269588963503   0.0602651228005551
 111.5486439592375836  89.6523872454920319 123.6107658720569393   0.0602651228005551
 113.3306557035253200  84.7315403927610935 127.3788797830959151   0.5972651233493332
 115.6058859687665084  84.7561068325020662 127.8418626859066035  -0.5679348788457792
 111.6166741000587377  83.8150232178092873 129.0399490548126780  -0.4157348771994449
 109.7571835842802361  83.9227376074427894 128.6223195792160745   0.2718651228005551
 112.3461083877523463  82.6698491806530056 131.4002169960803393  -0.0875348771994449
 113.5082899601139199  83.9680910346569012 132.5000376060224960   0.0968651228005551
 110.1899308689482013  81.7816778977100193 133.0253814712526150   0.2984651228005551
 108.6479143436684550  83.1441704402672355 132.9346746168243913  -0.0297348771994449
 109.2620753371928672  79.2078709033092707 132.0616211429527667  -0.3192348771994448
 108.6252376300613990  79.3930640644335515 130.1114237727460416   0.0790651228005551
 113.9448166970497187  80.4097367244831922 130.7766073718863026   0.5972651233493332
 113.3741194046055014  79.1228332272828112 128.6563346496266582  -0.4157348771994449
 111.6790350624781415  79.4913298233974558 127.8607599472458259   0.2718651228005551
 114.9482612741619148  77.2085406536205866 127.5168297908721539  -0.0249348771994449
 113.8900146391660094  76.2750159434634885 126.0163872405386857   0.0842651228005551
 117.3822285346524810  78.3272585249019654 126.3811043843854832   0.2116651228005551
 118.5141744888713179  79.1530688454255614 127.8909955653885759   0.0351651228005551
 118.4518135264519143  76.8230365223006501 125.4664769355676075   0.0351651228005551
 116.7812956240655269  80.2207641110910643 124.5783056526246212  -0.6546348782970011
 118.3119737925417318  80.9029552454366308 123.8847761614755134   0.4274651228005550
 105.6942723963495338  70.0445888799251268 123.9376884932252924   0.5972651233493332
 104.0917846347843141  71.4410964928929266 122.9833767955950689  -0.5679348788457792
 108.1887108931255868  70.4622183555217168 123.6712371083424127  -0.4157348771994449
 109.4680554857902736  69.2225580116693779 124.3572076949558264   0.2718651228005551
 109.0938897112738650  72.6089472436562643 122.2974062089816552  -0.0581348771994449
 108.5609869415080786  74.3229288471228331 123.3065199644956153   0.1359651228005551
 111.9851706961733824  72.5730424471117637 121.9874911230185673  -0.0074348771994449
 112.9168056801965636  72.6127266959240981 123.8243049251900400   0.0366651228005551
 112.5501988102158358  70.8741786527165565 120.9689287368350097   0.0366651228005551
 112.9980639039551761  74.7745733931300204 120.5172841908278358   0.1867651228005551
 112.9791666426159673  74.9125234009062726 117.9170210305521975  -0.5432348771994449
 114.0657591696206790  77.1499591434690301 117.2858525018224934   0.1634651228005551
 114.2112680819326254  77.5789269758691482 115.2770736214642115   0.1434651228005551
 114.7762961959750788  78.4519804497407728 119.2946313821807886  -0.2795348771994449
 115.6247832301057171  80.1565134225377439 119.4269122115552768   0.3338651228005551
 114.1016639661651932  76.9515378994072910 121.3260869761461399  -0.2207348771994449
 114.4814989190833658  77.5883756065387592 123.2479384543440453   0.1861651228005551
 108.0205252672065979  72.5106814846923599 119.6895841441703363   0.5972651233493332
 107.0605443911746104  74.3966281663457647 118.7239340897365713  -0.5679348788457792
 108.1357985613757942  70.2770251943974362 118.4896080491303318  -0.4157348771994449
 108.9011376456139033  68.7614648349925930 119.3626615230019564   0.2718651228005551
 107.2400683738971271  69.9803381913717929 115.9479263990062501  -0.0275348771994449
 108.1565855488489333  71.3919636134109813 114.7611783869037037   0.1122651228005551
 107.7899786788682053  67.3460599606855708 114.8499955151980105  -0.0050348771994449
 107.1229053535940006  65.8853016591644505 116.1387887385322948   0.0338651228005551
 106.8602334209789545  67.1249620030167894 113.0245200698300791   0.0338651228005551
 110.5678760957324435  66.8490619874642851 114.4172482305300317  -0.1415348771994449
 114.3907920646551423  66.6544201956703933 112.4481535989840978   0.1379651228005551
 116.1274503817287669  66.9208715805532865 110.5584274650628459  -0.2601348771994449
 115.2978606089373371  67.9091983485941072 108.2945355566251854  -0.1134348771994449
 116.6263380810839829  68.1454141153342637 106.7374012222740641   0.1416651228005551
 112.8109810166969784  68.6102867442788960 107.9506054002515134  -0.1972348771994449
 112.1760330356994272  69.3907436375883668 106.1534758468924020   0.1446651228005551
 111.0554254382841316  68.3476148116638365 109.8573390693780572  -0.2387348771994449
 109.1033383419434760  68.9220915563759009 109.5341959004775244   0.1699651228005551
 111.8774563065398805  67.3630674958908628 112.0966645380747450   0.1242651228005551
 104.4376045172919028  70.4187546544415354 115.8043072128282340   0.5972651233493332
 103.5362051514114719  71.5866054052048596 114.0071776594691225  -0.5679348788457792
 102.9787359419046994  69.4908991226862013 117.6732463592763602  -0.4157348771994449
 103.7591928352141702  68.6575298976269245 119.2020348016186482   0.2718651228005551
 100.2707583919955456  69.6930998190157741 117.5579730651071640  -0.0597348771994449
  99.5129782122931174  68.9031942950366922 115.8137558434978451   0.0868651228005551
  98.9951932515987061  68.4761161887704775 119.7784012724646295   0.1302651228005551
  99.7756501449081769  69.2131093809997669 121.5377363031453101   0.0186651228005551
  95.8998218442356857  71.1387403114655327 119.7065916793756147   0.0881651228005551
  99.4695145112129360  72.4124157257284556 117.5541936128393168   0.5972651233493332
  97.9161596291296616  73.1853137145022455 116.0046181830238899  -0.5679348788457792
 100.5164227894053133  73.9525425248742715 119.2832930253772608  -0.4157348771994449
 101.8203338218109727  73.2911383780018307 120.5097252862921549   0.2718651228005551
  99.7945474062473856  76.5641440419534376 119.4552581035640968  -0.0024348771994449
  97.7404150986749920  76.6567406225155780 119.5743108500011402   0.0977651228005551
 100.9208241820644585  77.9398646674481120 121.7569445346801747  -0.0343348771994449
 102.9447208714941155  77.6016036894762040 121.9459171480723160   0.0294651228005551
 100.5579967643515780  79.9675408091456160 121.7852904266889946   0.0294651228005551
  99.7057302779530924  76.8721694017826089 124.0643001441980301   0.0117651228005551
  97.2018431505074282  77.3521598397986027 124.5726364742228572  -0.1256348771994449
  96.1152506235027165  78.5143414121601764 123.2649459895493371   0.1329651228005551
  96.0680074701546879  76.3846200592309210 126.7023578271520992  -0.1704348771994449
  94.0800155772695182  76.7682344644169406 127.0784133278024247   0.1429651228005551
  99.9513946753628599  74.4608788548990852 127.8758777563171874  -0.1704348771994449
 101.0738919989120724  75.4321980877346142 125.7423769511201118  -0.1256348771994449
 103.0656633440650756  75.0637014916199695 125.3682111766036895   0.1329651228005551
 100.6468138926458712  77.9152982277071391 117.1252257804391854   0.5972651233493332
  99.3353439557045309  79.5725880471560683 116.1576859998715170  -0.5679348788457792
 102.7954325069143355  77.4466461464946600 116.3655558746028537  -0.4157348771994449
 103.7705311920176981  76.0917125084731247 117.3085292154295493   0.2718651228005551
 103.9254887349992420  78.4746571633478286 114.0563105389510813  -0.0518348771994449
 104.2410729993640941  80.4947744005096383 114.3359900067714194   0.0921651228005551
 106.5181929907391994  77.2236584626919617 113.6065557190778243  -0.1102348771994449
 107.7276177164488018  77.7792379460648039 115.1655797795628489   0.0456651228005551
 106.3424484602845298  75.1884234164587634 113.7218290132470205   0.0456651228005551
 107.8920238900999569  77.8642756220912634 111.1215658529713690   0.3530651228005551
 107.4214820827535608  79.7766784696195713 110.5187432162504981  -0.0361348771994449
 110.7322822693835987  77.7130975313775665 111.6034460171212929  -0.4121348771994449
 111.7905289043794906  77.8869523356983194 109.8535596171102101   0.0999651228005551
 111.2821925743546769  79.2456654259877018 112.8638933484467710   0.0999651228005551
 111.2009343505960646  75.9008501689470799 112.4708303125911536   0.0999651228005551
 107.3288855021914204  75.9972262017770675 108.9767266909707519  -0.4121348771994449
 108.4230369337318264  76.5017830795340340 107.3080985147182814   0.0999651228005551
 107.8372218322162340  74.0848233542487597 109.5606520663524140   0.0999651228005551
 105.3408936093062642  76.0312412721876514 108.4778389916155493   0.0999651228005551
 102.1396975384436586  78.1439550899116015 111.7905289043794906   0.5972651233493332
 101.4801831177051480  79.9902175227526718 110.5414199298575539  -0.5679348788457792
 101.2118420066883245  75.8233713974563146 111.3955761423899564  -0.4157348771994449
 101.6729351833651096  74.3852898095422367 112.5634268931532940   0.2718651228005551
  99.5734494485786042  75.2999172583601260 109.2885315030677567  -0.0249348771994449
 100.4956358019321742  75.9424241438933446 107.5632115427976600   0.0842651228005551
  98.9555090027863583  72.4747766881478459 109.0145212136491828   0.2116651228005551
  97.7649815384159647  72.1988766725953550 107.3572313942002402   0.0351651228005551
 100.7072851289313580  71.4165300531519539 108.7839746253107902   0.0351651228005551
  97.6648260533181436  71.6017232142762347 111.1971548983282308  -0.6546348782970011
  97.2868808265338878  69.8367190051937902 111.0100720110700198   0.4274651228005550
  97.1243643790166630  76.6945351451940091 109.5776596015577058   0.5972651233493332
  96.1020225405652583  77.6828619132348165 107.7370663471184129  -0.5679348788457792
  96.1228095280383974  76.8268159745684971 111.9114713769504508  -0.4157348771994449
  97.0601136904633425  76.1011611391427358 113.4062447488821685   0.2718651228005551
  93.7285265163601654  78.0305715218763355 112.3536672922880271   0.0212651228005551
  92.2942243807139481  77.0875981810496265 111.2160521596674395   0.1123651228005551
  92.9216134571757916  77.9228571322428200 115.1447927920897235  -0.1231348771994449
  94.3767025802951616  78.7165421084897490 116.3693353268706873   0.1111651228005551
  91.1509400696915831  78.9300811616228497 115.4433695212492836   0.1111651228005551
  92.3906004135439221  74.7084329784427696 116.2521723065675743  -0.3119348771994449
  91.7594318848142315  75.3414912333063907 118.6011018910316943   0.1932651228005551
  93.9193888558862236  80.7725641421960729 111.6355713613979599   0.5972651233493332
  92.1921791694821967  81.8119135158527562 110.4771692413042334  -0.5679348788457792
  95.9262780101105887  82.1463950415568170 112.4991762045999601  -0.4157348771994449
  97.2679835651946790  81.1996422484622741 113.4704954374354890   0.2718651228005551
  96.3571355686446370  84.7920116290465668 111.8434412361292967   0.0336651228005551
  94.7206327366688334  85.9163986787297230 112.4972864784660432   0.0822651228005551
  98.8100000904744119  85.6915212687930810 113.1171166503922195  -0.1825348771994449
  98.7892131030012862  85.2890096022678660 115.1277852568844315   0.0602651228005551
 100.4351645656467008  84.7220917620914824 112.2988652344043176   0.0602651228005551
  99.0386569526788875  87.7173076843566683 112.8393269087057983   0.0602651228005551
  96.5423287297689178  85.1264931547506276 109.0164109397830997   0.5972651233493332
  95.1892848178812993  86.7497679037889864 107.9883999229299443  -0.5679348788457792
  97.9917486744865102  83.5977047124083396 107.6142341484135357  -0.4157348771994449
  99.1312535332410279  82.3599340946899175 108.5307513233653419   0.2718651228005551
  98.1334781345306094  83.7280958156489110 104.8420059099510482  -0.0275348771994449
  98.7986617336708840  85.6008144143648709 104.2977647833817339   0.1122651228005551
 100.0515501604606812  81.7930162545135474 103.8480099635084768  -0.0050348771994449
  99.8191138459883717  80.0147839624936445 104.8627928974241873   0.0338651228005551
  99.6093542451231048  81.4112915754614579 101.8694667012929183   0.0338651228005551
 102.7784249717090435  82.5715834216891013 103.9141503781957141  -0.1415348771994449
 104.6001209648091278  81.5171162389610431 105.3616805967794033  -0.1638348771994449
 104.2769777959085949  80.0166736886275748 106.7128347825330914   0.2061651228005551
 106.9225943833983583  82.5489067080820453 104.7626374123263661  -0.3418348771994449
 108.5742150244455233  81.9234073577541053 105.5015203306895721   0.3411651228005551
 106.7166142348009384  84.3403670830393929 102.8842496352086421   0.1379651228005551
 108.5005157052225917  85.8181329197658052 101.5897872334725802  -0.2601348771994449
 110.4601617060989416  85.6329397586415244 102.0206447920066286   0.1571651228005551
 107.6822642892346900  87.5037686312235676  99.7000610995513283  -0.1134348771994449
 109.0258595704527107  88.6262659547727935  98.6909473440373819   0.1416651228005551
 105.0895600334947326  87.7229768627584322  99.1331432593749582  -0.1972348771994449
 104.4848476706399314  89.0174392644944939  97.7082897543983251   0.1446651228005551
 103.2905407540017042  86.2300932169606447 100.4124878520396450  -0.2387348771994449
 101.3346742053932150  86.3718226770047441  99.9495049492289296   0.1699651228005551
 104.0747770995790223  84.4443020204050612 102.3456776870410783   0.1242651228005551
  95.5615608662637911  83.3388122320611273 103.5569921388845975   0.5972651233493332
  94.9738560386142819  84.6540616212703146 101.7296269673827492  -0.5679348788457792
  93.9666320092342522  81.6758532342104207 104.5850031557377661  -0.4157348771994449
  94.4806375176608299  80.6213860514823626 106.0911148844729982   0.2718651228005551
  91.5307750226097557  81.2185395098014829 103.4625058321885402  -0.0518348771994449
  91.8010058597604960  80.7593360592586147 101.4726242131694671   0.0921651228005551
  90.0870242562939138  79.0340160989885180 104.7324017941836158  -0.1102348771994449
  91.3323537785480303  77.4353077896911321 104.3676846503368184   0.0456651228005551
  89.8829338338304244  79.2929085793357304 106.7657471142828840   0.0456651228005551
  87.4735330130808309  78.5181208644280102 103.5513229604828334   0.3530651228005551
  86.3737124031386608  80.2585586337694818 103.6023455660987093  -0.0361348771994449
  87.7229768627584322  77.6110523201458151 100.8055508878952624  -0.4121348771994449
  88.8227974727006021  75.8706145508043433 100.7545282822793867   0.0999651228005551
  85.8502582640424722  77.2633427115043095 100.0232042684518612   0.0999651228005551
  88.6753988342547390  79.0566928125955740  99.6887227427478004   0.0999651228005551
  85.8880527867209031  76.7153221326671346 105.1897155185925673  -0.4121348771994449
  85.6027041404987878  77.5486913577264114 107.0510957605049992   0.0999651228005551
  86.8744898286277937  74.9181925793080365 105.3862470365203760   0.0999651228005551
  89.9301769871784529  83.5466821067924639 103.7119496818661415   0.5972651233493332
  88.8360255556380469  84.4121766761283942 101.8600180706233205  -0.5679348788457792
  89.8205728714110207  84.6748486087434537 105.9928491255090938  -0.4157348771994449
  90.9336215642906354  84.0342314493441520 107.4063642736821991   0.2718651228005551
  88.2332029189171761  86.8329158536815290 106.4766190157929349  -0.0389348771994449
  86.2603288351033816  86.3831610338082720 106.0892251583390815   0.1006651228005551
  88.4543008765859575  87.6984104230174595 109.1675890304967966   0.3653651228005551
  90.4082776990605298  88.2067467530422731 109.5738801492898722   0.0042651228005551
  86.7478781776550695  90.0152146632049124 109.5663212447541779  -0.2438348771994449
  84.7939013551804971  89.5068783331800989 109.1619198520950325   0.0641651228005551
  86.9009459945026833  90.6539420964702975 111.5184083410948334   0.0641651228005551
  87.3393624575724258  91.5307750226097557 108.3020944611608661   0.0641651228005551
  87.7588816593029328  85.7160877085340673 110.8362172067492669  -0.6761348755531105
  87.9062802977487961  86.2886747271122013 112.5501988102158358   0.4101651228005551
  89.0779105007799674  88.9909830986195909 104.8495648144867425   0.5972651233493332
  87.5302247970984706  90.3364681059715285 103.7554133829463364  -0.5679348788457792
  91.5629003668864228  89.4747529889034320 104.8552339928885065  -0.4157348771994449
  92.7080744040426911  88.3484762130863723 105.9097011756165646   0.2718651228005551
  92.7912223539352337  91.3550304921550861 103.2338489699840646  -0.0024348771994449
  92.2526504057676699  93.2466463522102549 103.8498996896423937   0.0977651228005551
  95.6522677206920011  91.0715715720668875 103.5966763876969453  -0.0343348771994449
  96.1209198019044805  91.5062085828687830 105.5563223885732816   0.0294651228005551
  96.1908396688595649  89.1157050234583984 103.2621948619928845   0.0294651228005551
  97.2207404118466504  92.7250819392479829 101.8770256058286126   0.0117651228005551
  97.9823000438169124  95.1307033077297428 102.7009462002182782  -0.1256348771994449
  97.4701842615242517  95.7750999193968918 104.5377600023897375   0.1329651228005551
  99.4506172498737270  96.6727198330094756 101.1173556999922672  -0.1704348771994449
 100.0704474217998899  98.4622904818329063 101.7938776559360697   0.1429651228005551
 100.0931241354069457  95.8393506079502122  98.6720500826981732  -0.1072348771994449
 101.1816063885455879  97.0147602632492307  97.4475075479171959   0.1296651228005551
  99.3051083375617808  93.4431778701380635  97.8330116792371324  -0.1704348771994449
  99.7624220619707321  92.8176785198101233  95.9754108895925341   0.1429651228005551
  97.9010418200583001  91.8709257267155807  99.4487275237397969  -0.1256348771994449
  97.3208958969444716  90.0435605552137324  98.8175589950101061   0.1329651228005551
  92.0164346390275135  91.0961380118078738 100.4370542917806177   0.5972651233493332
  91.2492058286554875  92.9405107185150139  99.2314090183388626  -0.5679348788457792
  91.9654120334116378  88.7283111660045450  99.4676247850790191  -0.4157348771994449
  92.4586305543650898  87.2221994372692993 100.5315405984766750   0.2718651228005551
  91.2964489820035161  88.3069022381400943  96.8654718986694505  -0.0252348771994449
  92.5379990519897854  89.4105023003501115  95.6484882684241675   0.0697651228005551
  91.4986496783330887  86.3056822623174933  96.4176068049301104   0.0697651228005551
  88.6130378718353487  89.0892488575834954  96.3987095435909017   0.5972651233493332
  88.0498994839268122  90.2136359072666380  94.4409532688484821  -0.5679348788457792
  86.8726001024938634  88.4977645776661525  98.1599343004055124  -0.4157348771994449
  87.3450316359741764  87.5283350709645403  99.7340761699619122   0.2718651228005551
  84.2628883115486276  89.1459406416011351  97.7819890736212567  -0.0518348771994449
  83.6789629361669521  88.3994988187022481  95.9527341759854917   0.0921651228005551
  82.4695382104573497  88.0990323634087576  99.8304522027918998  -0.1102348771994449
  83.5825869033369646  88.3900501880326370 101.5387646278567045   0.0456651228005551
  80.7139826320445164  89.1667276290742741  99.9665124844342216   0.0456651228005551
  81.8591566692007846  85.2568842579911991  99.5394343781680204   0.3530651228005551
  84.2439910502094054  83.6166019737475485  99.6414795893997718  -0.4121348771994449
  85.1888541171700314  83.8887225370322190 101.4518372256963280   0.0999651228005551
  83.7243163633810638  81.6342792592641562  99.4298302624005882   0.0999651228005551
  85.5176664644723283  84.1589533741829459  98.1164705993253175   0.0999651228005551
  83.9756499391925954  91.9635223072777209  97.6648260533181436   0.5972651233493332
  82.5186710899393087  92.9159442787740277  96.1246992541723141  -0.5679348788457792
  85.3532602908211865  93.3921552645221879  99.2616446364815992  -0.4157348771994449
  86.5872514562717615  92.6249264541501619 100.4975255280660911   0.2718651228005551
  85.0773602752686822  96.0963533621634944  99.2276295660710153  -0.0389348771994449
  83.0931478346513596  96.5763438001795014  99.5091987600252838   0.1006651228005551
  86.6250459789501924  97.4361691911136678 101.2042831021526437   0.3653651228005551
  86.2395418476302559  99.4581761544094079 101.1457015920010871   0.0042651228005551
  85.9012808696583479  96.3873711867873736 103.8158846192318098  -0.2438348771994449
  86.2867850009782846  94.3653642234916335 103.8763558555172967   0.0641651228005551
  87.0067706580022819  97.3397931582836804 105.2690840162172629   0.0641651228005551
  83.8962814415678998  96.7124040818218234 104.1560353233376346   0.0641651228005551
  89.2498755789668034  97.0941287608739263 100.7620871868150675  -0.6761348755531105
  90.1966283720613462  97.9634027824777037 102.0433215056136844   0.4101651228005551
  85.8956116912565839  97.0714520472668704  96.6916170943486978   0.5972651233493332
  84.6956355962165928  98.7570877587246193  95.6295910070849454  -0.5679348788457792
  87.9610823556325054  96.0207643168066458  95.6371499116206396  -0.4157348771994449
  88.8435844601737412  94.5694546459551230  96.5064239332244170   0.2718651228005551
  88.9531885759411734  96.8975972429461176  93.2636538874155467   0.0212651228005551
  89.3840461344752085  98.9063761233043993  93.4223908826649245   0.1123651228005551
  91.3739277534942948  95.4878615470408594  92.4888661725078264  -0.1231348771994449
  92.8705908515599293  95.7599821103255166  93.8778148809399456   0.1111651228005551
  91.0167695141831782  93.4734134882808002  92.2526504057676699   0.1111651228005551
  92.6438237154893706  96.5895718831169462  89.4917605241087238  -0.3119348771994449
  94.6110286209014012  95.0267683703640745  89.4501865491624593   0.1932651228005551
  87.0464549068146297  96.4894163980191252  91.2095215798431397   0.5972651233493332
  86.6496124186911651  98.1372575867984566  89.6202619012153649  -0.5679348788457792
  85.7992356584265965  94.2746573690634100  91.2057421275753060  -0.4157348771994449
  86.1015918398540038  93.0217689422736263  92.6135880973466338   0.2718651228005551
  86.4152863780849255  89.1837351642795660  90.7352003202289100  -0.0361348771994449
  79.7710092912178073  93.3902655383882709 102.9579489544315603   0.3399651228005551
  85.2644431625268798 104.4016997207474022  91.5213263919401447  -0.1102348771994449
  85.0981472627418079 103.9009222952582693  93.5130977370931480   0.0456651228005551
  86.7478781776550695 103.2678640403946485  90.6520523703363671   0.0456651228005551
  85.9371856662028486 107.2306197432275161  91.2832208990660713   0.3530651228005551
  84.5104424350922986 108.3455581622410611  92.2658784887051282  -0.0361348771994449
  88.5393385526124170 107.7521841561897879  92.4454024714276450  -0.4121348771994449
  89.9660817837229537 106.6391354633101597  91.4627448817885882   0.0999651228005551
  88.9853139202178270 109.7552938581463058  92.2620990364372811   0.0999651228005551
  88.5185515651392779 107.2343991954953631  94.4390635427145652   0.0999651228005551
  97.4286102865779872 119.8369827826161860  85.7501027789446509  -0.3204348771994449
  99.3580206693115868 120.3717752785159028  86.2338726692284920   0.0881651228005551
  96.1246992541723141 121.2693951921285001  86.4511911746294263   0.0881651228005551
  96.9826349189725638 118.0209559679178658  86.6137076221466645   0.0881651228005551
  99.7662015142385657 114.5381907031009920  85.0981472627418079  -0.5679348788457792
  95.1741670088099242 112.1117823471461067  85.8067945629622773   0.0921651228005551
  91.3455818614854751 108.6838191402129556  86.6344946096197902  -0.4121348771994449
  90.6407140135328527 106.9320430140679558  87.4546357517416222   0.0999651228005551
  92.9877538718630424 109.3282157518801045  87.6984104230174595   0.0999651228005551
  98.0446610062363162 108.3682348758481035  85.4874308463295914  -0.5679348788457792
 102.8483448386641281 108.0261944456083618  82.8588217940451335   0.5972651233493332
 103.9273784611331723 106.2763080455972790  83.9454143210498452  -0.5679348788457792
 103.5324256991436247 110.4526028015632473  83.1725163322760552  -0.4157348771994449
 105.6016758157873934 111.2651850391493851  84.7258712143593296  -0.0024348771994449
 107.3666800248698513 110.4469336231614834  84.0493492584155137   0.0977651228005551
 105.8171045950544242 114.1715838331202776  84.6143773724579804  -0.0343348771994449
 104.0898949086503972 115.0125119627152353  85.3589294692229505   0.0294651228005551
 107.9335978650462216 115.1599106011610850  86.1828500636126161   0.0117651228005551
 110.3656753994028709 115.1977051238395161  85.2701123409286439  -0.1256348771994449
 112.2950857821364706 116.1406784646662251  86.7308706424497776  -0.1704348771994449
 114.2188269864683063 116.1520168214697530  85.9938774502204883   0.1429651228005551
 111.8094261657187128 117.0666442702876289  89.1081461189227176  -0.1072348771994449
 113.3419940603288479 117.8093066409186820  90.2684379651503610   0.1296651228005551
 109.3792383574959802 117.0534161873501841  90.0208838416066766  -0.1704348771994449
 108.9748369648368350 117.7866299273116262  91.9030510709922476   0.1429651228005551
 107.4554971531641445 116.1104428465234749  88.5525666355498618  -0.1256348771994449
 105.5223073181627112 116.1104428465234749  89.2631036619042482   0.1329651228005551
 105.0876703073608157 110.4903973242416782  87.4017234199918162   0.5972651233493332
 106.7090553302652576 109.4038047972369531  88.6621707513172942  -0.5679348788457792
 102.7727557933072795 110.9873952974629639  88.3182405949436222  -0.4157348771994449
 101.4688447609016201 111.7716316430402819  87.1655076532516597   0.2718651228005551
 102.0622187669528932 110.4355952663579553  90.8731503280051621  -0.0597348771994449
 103.3547914425550247 111.2840823004886072  92.2337531444284612   0.0868651228005551
  99.4184919055970601 111.2859720266225241  91.4268400852440874   0.1302651228005551
  98.1183603254592343 110.4601617060989416  90.0605680904190244   0.0186651228005551
  98.6966165224391458 110.4148082788848297  94.0951333863408934  -0.3204348771994449
  99.9967481025769582 111.2406185994084124  95.4632951072998867   0.0881651228005551
  96.7747650442412270 111.0233000940074646  94.5203217664731777   0.0881651228005551
  98.8043309120726479 108.3606759713124226  94.2009580498404784   0.0881651228005551
  99.2068425785978765 114.1583557501828194  91.0640126675312069  -0.0430348771994449
 100.3123323669418103 115.0540859376614998  92.5531168610611471   0.0235651228005551
 100.0307631729875421 114.6137797484578540  89.2309783176275946   0.0235651228005551
  96.4875266718851948 115.1315647091522653  91.1660578787629582  -0.0660348771994449
  95.6636060774955292 114.6780304370111745  92.9990922286665705   0.0185651228005551
  96.4780780412155971 117.1743586599211442  90.8958270416122179   0.0185651228005551
  95.3801471574073441 114.2377242478075150  89.6769536852330046   0.0185651228005551
 102.1944995963273814 107.6406903142884253  91.3096770649409743   0.5972651233493332
 103.2055030779752447 106.7997621846934676  93.2220799124692822  -0.5679348788457792
 101.2118420066883245 106.1194607764818181  89.5276653206532246  -0.4157348771994449
 100.5409892291462860 106.8413361596397324  87.8930522148113513   0.2718651228005551
 101.1683783056081431 103.4228215833761924  89.8602571202233685  -0.0597348771994449
 100.2461919522545729 102.8823599090747117  91.6214818770379794   0.0868651228005551
  99.9551741276306937 102.0452112317476013  87.6946309707496123   0.1302651228005551
 100.7847639004221233 102.6385852377988746  85.9050603219261951   0.0186651228005551
 100.4408337440484649  99.2049528524639596  88.0933631850069936  -0.3204348771994449
  99.6112439712570351  98.6096891202787696  89.8829338338304244   0.0881651228005551
  99.5847878053821321  98.1372575867984566  86.5532363858611777   0.0881651228005551
 102.4703996118798856  98.8515740654206900  88.1273782554175775   0.0881651228005551
  97.1451513664897886 102.7557482581019877  87.4508562994737750  -0.0430348771994449
  96.1417067893776061 101.8222235479448896  88.9890933724856742   0.0235651228005551
  97.0090910848474668 104.7985422088708666  87.6832926139460844   0.0235651228005551
  95.9621828066550893 101.9922988999978087  84.9280719106889022  -0.0660348771994449
  96.0982430882974245  99.9495049492289296  84.6956355962165928   0.0185651228005551
  93.9817498183056139 102.5554372879063452  84.8997260186800823   0.0185651228005551
  96.9637376576333548 102.9258236101549068  83.3879451115430861   0.0185651228005551
 103.8177743453657401 102.4326050892014547  90.0114352109370654   0.5972651233493332
 104.3601257458011375 100.7904330788238872  91.5666798191542565  -0.5679348788457792
 105.5430943056358368 103.3869167868316919  88.3919399141665539  -0.4157348771994449
 105.1179059255035525 104.7664168645941997  87.1428309396446037   0.2718651228005551
 108.0488711592154178 102.3381187825053974  88.3484762130863723  -0.0875348771994449
 107.9789512922603334 100.2877659272008376  88.1651727780960084   0.0968651228005551
 109.7269479661374859 103.3755784300281638  86.3019028100496461   0.2984651228005551
 108.7726362685072624 103.2168414347787726  84.4839862692174090  -0.0297348771994449
 110.3052041631173974 106.1648142036959298  86.8499233888868210  -0.3192348771994448
 111.2595158607476211 106.3254409250792380  88.6678399297190582   0.0790651228005551
 111.5202980672287637 106.9188149311305110  85.3683780998925482   0.0790651228005551
 108.5458691324367034 107.2343991954953631  86.9028357206366136   0.0790651228005551
 112.1117823471461067 101.7163988844453044  86.1507247193359492  -0.3192348771994448
 111.5732103989785563  99.7775398710420938  85.7085288039983730   0.0790651228005551
 113.3571118694002096 102.4363845414693018  84.6767383348773706   0.0790651228005551
 113.0944399367851635 101.7598625855254859  87.9610823556325054   0.0790651228005551
 109.3074287644069789 102.7462996274323899  90.8561427927998701   0.5972651233493332
 110.5451993821253877 101.0436563807693358  91.8388003824389135  -0.5679348788457792
 109.0220801181848636 105.0139709881378842  91.9805298424830129  -0.4157348771994449
 108.0280841717422787 106.3632354477576554  91.1169249992809993   0.2718651228005551
 110.1767027860107430 105.5487634840376008  94.3785923064290783  -0.0275348771994449
 112.1930405709047190 105.1292442823070804  94.2878854520008682   0.1122651228005551
 109.9159205795296137 108.3852424110533955  94.9473998727393789  -0.0050348771994449
 108.0507608853493347 109.0560951885954475  94.3748128541612447   0.0338651228005551
 110.0652089441093939 108.6573629743380660  96.9864143712404108   0.0338651228005551
 111.9190302814861450 109.9877301726186286  93.7266367902262487  -0.1415348771994449
 111.9757220655037848 110.7776356965977104  91.3021181604052801  -0.1638348771994449
 110.5433096559914708 110.4374849924918856  89.9150591781070914   0.2061651228005551
 114.1772530115220416 112.0588700153963141  90.8051201871839944  -0.3418348771994449
 114.5249626201635472 112.8846803359198966  89.1232639279940791   0.3411651228005551
 115.6436804914449260 112.2742987946633315  92.9235031833097219   0.1379651228005551
 117.9718230884359070 113.4515981760962803  93.3770374554508127  -0.2601348771994449
 118.9525909519410470 114.3832331601194614  91.8860435357869556   0.1571651228005551
 118.9809368439498669 113.3760091307394317  95.8261225250127675  -0.1134348771994449
 120.7610588621036865 114.2433934262092790  96.2097369301987736   0.1416651228005551
 117.6373415627318462 112.1684741311637463  97.7744301690855759  -0.1972348771994449
 118.3932320163003577 112.1401282391549264  99.6206926019266327   0.1446651228005551
 115.3299859532140041 110.9420418702488521  97.3265650753462356  -0.2387348771994449
 114.3567769942445584 110.0122966123596013  98.8251178995457870   0.1699651228005551
 114.2471728784771260 110.9647185838559081  94.8264574001684186   0.1242651228005551
 109.0598746408632945 103.9009222952582693  96.3968198174569848   0.5972651233493332
 110.4148082788848297 102.8842496352086421  97.9860794960847463  -0.5679348788457792
 106.7109450563991745 103.5380948775453886  96.3439074857071787  -0.4157348771994449
 105.6697059566085611 104.4735093138364036  95.0286580964979912   0.2718651228005551
 105.3843573103864591 102.0357626010779902  98.2487514286998057  -0.0275348771994449
 106.0306436481875249 102.6480338684684856 100.1082419444783208   0.1122651228005551
 102.5459886572367342 102.6518133207363194  98.1693829310751101  -0.0050348771994449
 101.8751358796946822 102.5478783833706509  96.2229650131362184   0.0338651228005551
 101.5538824369280796 101.2080625544204909  99.2295192922049323   0.0338651228005551
 101.7806495729986249 105.1651490788515946  99.2843213500886552  -0.1415348771994449
 102.9976332032439081 107.3912464646108240  98.9630679073220391  -0.1638348771994449
 104.6813791885677535 107.6671464801633283  97.8367911315049794   0.2061651228005551
 101.7560831332576522 109.2960904076034510 100.2272946909153508  -0.3418348771994449
 102.3834722097195092 111.1026685916321602 100.2235152386475172   0.3411651228005551
  99.6244720541944799 108.4211472075979095 101.4272707859553554   0.1379651228005551
  97.7668712645498816 109.6154541242361367 102.8955879920121700  -0.2601348771994449
  97.8519089405763411 111.6015562909873762 103.2244003393144668   0.1571651228005551
  95.7845485500664893 108.1717033579202948 103.9122606520617972  -0.1134348771994449
  94.3540258666881056 109.0674335453989754 105.0215298926735783   0.1416651228005551
  95.6749444342990571 105.5506532101715177 103.4700647367242211  -0.1972348771994449
  94.1612738010281442 104.4867373967738618 104.2675291652389971   0.1446651228005551
  97.5287657716758082 104.3412284844619288 101.9828502693281976  -0.2387348771994449
  97.4437280956493487 102.3570160438446062 101.6483687436241367   0.1699651228005551
  99.5961261621856600 105.7755306201081461 100.8811399332521107   0.1242651228005551
 106.0060772084465386  99.1879453172586675  98.1070219686557064   0.5972651233493332
 105.8832450097416616  97.9161596291296616 100.0496604343267643  -0.5679348788457792
 106.8016519108273980  98.1542651220037484  95.9281677362445054  -0.4157348771994449
 106.7355114961401472  99.2276295660710153  94.3370183314828138   0.2718651228005551
 107.9184800559748465  95.5842375798708470  95.7996663591378644  -0.0875348771994449
 107.0359779514336241  94.4447327211163291  97.2679835651946790   0.0968651228005551
 107.3685697510037682  94.1726121578316721  93.3127867668974922   0.2984651228005551
 108.2170567851344066  92.2998935591157120  93.4658545837451195  -0.0297348771994449
 104.5245319194522793  93.7852183003778052  92.9442901707828476  -0.3192348771994448
 104.1843812153464545  92.6797285120338712  91.2397571979858765   0.0790651228005551
 103.7762003704194620  92.7572072835246501  94.5600060152855255   0.0790651228005551
 103.5664407695542085  95.6012451150761389  92.7723250925960250   0.0790651228005551
 108.4665006348120212  95.4160519539518446  90.9506290994959274  -0.3192348771994448
 108.1622547272506972  94.1971785975726447  89.3160159936540542   0.0790651228005551
 107.5140786633157012  97.1999534243735113  90.6312653828632417   0.0790651228005551
 110.4885075981077613  95.7373053967184607  91.1679476048968752   0.0790651228005551
 110.7549589829906546  95.5237663435853602  96.3911506390552208   0.5972651233493332
 111.6563583488710855  93.6245915789944971  97.3927054900334730  -0.5679348788457792
 111.9417069950932010  97.7782096213534095  96.0661177440207576  -0.4157348771994449
 111.0932199609625491  99.3088877898296279  95.3045581120504955   0.2718651228005551
 114.6156694745917707  97.9104904507278977  96.5914616092508631  -0.0518348771994449
 115.5718708983559247  96.4459526969389301  95.5029793561122211   0.0921651228005551
 115.7778510469533444 100.4842974451286463  95.9054910226374496  -0.1102348771994449
 115.4584873303206453 100.5825632040925507  93.8721457025381817   0.0456651228005551
 114.8537749674658441 102.0811160282921021  96.8220081975892557   0.0456651228005551
 118.6351169614422782 100.5787837518247034  96.4440629708050134   0.3530651228005551
 118.9393628690035888 100.1668234546298773  98.4396137682258503  -0.0361348771994449
 120.0807574538920234  98.6455939168232701  94.8245676740345017  -0.4121348771994449
 119.7765115463307128  99.0556644878841795  92.8290168766136514   0.0999651228005551
 122.0933157865181525  98.7608672109924665  95.2497560541667862   0.0999651228005551
 119.3985663195464569  96.7483088783663374  95.2459766018989390   0.0999651228005551
 119.6839149657685724 103.2754229449303427  96.1908396688595649  -0.4121348771994449
 118.7296032681383353 104.5131935626487514  97.5325452239436554   0.0999651228005551
 121.7059219290642990 103.2659743142607316  96.5839027047151823   0.0999651228005551
 119.3607717968680260 103.9613935315437562  94.2765470951973403   0.0999651228005551
 114.9917249752420962  97.5684500204881560  99.3958151919900043   0.5972651233493332
 116.7756264456637629  96.3080026891626780 100.1932796205047803  -0.5679348788457792
 113.5989968145421300  98.7268521405818827 100.9397214434036673  -0.4157348771994449
 112.2742987946633315  99.8606878209346364 100.1422570148889047   0.2718651228005551
 113.5914379100064492  98.4055986978152666 103.7025010511965438  -0.0014348771994449
 115.3091989657408652  99.2068425785978765 104.5150832887826817   0.0875651228005551
 111.2651850391493851  99.7567528835689681 104.8438956360849784  -0.0152348771994449
 109.6778150866555405  99.5772289008464513 103.5399846036793055   0.0294651228005551
 110.7171644603122235  98.7079548792426739 106.5314210736766576   0.0294651228005551
 111.4787240922824856 102.5308708481653591 105.6111244464570046  -0.0011348771994449
 112.1363487868870928 104.4035894468813191 103.8158846192318098  -0.1906348771994449
 112.6371262123762122 103.8517894157763240 101.9450557466497801   0.1698651228005551
 112.0739878244676892 107.0000731548891236 104.4205969820866110  -0.2341348771994449
 112.5010659307338904 108.4060293985265346 103.0429866304580199   0.1655651228005551
 111.2992001095599689 107.7899786788682053 107.0718827479781249   0.3225651228005551
 111.0214103678735477 110.2541815575015217 107.7389560732523296  -0.5579348788457793
 109.9083616749939330 110.3902418391438436 109.1638095782289628   0.3991651228005551
 110.7114952819104596 105.7093902054209089 108.9408218944262511  -0.2341348771994449
 110.1710336076089791 106.1515861207584851 110.8305480283475030   0.1655651228005551
 110.8135404931422112 103.1866058166360359 108.1187910261705022  -0.1906348771994449
 110.3184322460548422 101.7390755980523604 109.4340404153796897   0.1698651228005551
 113.4761646158372530  95.6031348412100558 104.4357147911579861   0.5972651233493332
 115.0465270331258191  94.6696101310529577 105.8700169268042168  -0.5679348788457792
 111.6525788966032519  94.2160758589118535 103.3736887038942471  -0.4157348771994449
 110.4563822538310944  95.0664526191764223 102.1567050736489505   0.2718651228005551
 111.3445535367740807  91.5269955703419087 103.8990325691243524  -0.0252348771994449
 110.9930644758647278  91.2605441854590155 105.9097011756165646   0.0697651228005551
 109.7212787877357219  90.8334660791928143 102.8483448386641281   0.0697651228005551
 113.6708064076311448  89.9849790450621758 103.1544804723593824   0.5972651233493332
 114.5249626201635472  88.4278447107110544 104.6511435704250035  -0.5679348788457792
 114.7649578391715507  90.6463831919346166 100.8886988377877916  -0.4157348771994449
 114.0336338253440255  91.9994271038222216  99.8002165846491496   0.2718651228005551
 116.9079072750382511  89.2101913301544556 100.0024172809787222  -0.0597348771994449
 116.4562627290310638  87.2089713543318545 100.0137556377822503   0.0868651228005551
 117.5806497787142064  89.3821564083412916  97.1659383539629277   0.1302651228005551
 118.9507012258071168  87.8684857750703652  96.8673616248033674   0.0186651228005551
 115.2997503350712675  88.6980755478617948  95.4916409993086932  -0.3204348771994449
 114.0128468378708864  90.2873352264895697  95.3366834563271625   0.0881651228005551
 115.9403674944705692  88.1897392178369812  93.6000251392535244   0.0881651228005551
 114.2887468534233907  87.0823597033591303  96.2777670710199414   0.0881651228005551
 118.9318039644679079  91.7953366813587321  96.3193410459662061  -0.0430348771994449
 117.5995470400534285  93.3279045759688674  96.4969753025548060   0.0235651228005551
 120.5399609044348916  92.1619435513394599  97.5514424852828642   0.0235651228005551
 119.9239101847765625  91.6649455781181608  93.5943559608517605  -0.0660348771994449
 118.3535477674880099  91.6687250303860078  92.2620990364372811   0.0185651228005551
 121.1182171014148031  93.2957792316922002  93.2088518295318240   0.0185651228005551
 121.0501869605936356  89.9585228791872728  93.3335737543706313   0.0185651228005551
 119.1094382210565078  89.6486077932241847 101.7277372412488323   0.5972651233493332
 120.5191739169617661  87.8949419409452682 102.2984345336930496  -0.5679348788457792
 119.4665964603676246  92.0221038174292776 102.5875626321829987  -0.4157348771994449
 118.2080388551760635  93.3694785509151319 102.0962338373634770   0.2718651228005551
 121.5320671247435461  92.7194127608462190 104.2070579289535104  -0.0518348771994449
 123.3046302383616849  92.2847757500443371 103.2508565051893564   0.0921651228005551
 121.5075006850025869  95.5521122355941801 104.8779107064955622  -0.1102348771994449
 121.7437164517427434  96.4440629708050134 103.0354277259223390   0.0456651228005551
 119.7179300361791428  96.1511554200472171 105.7056107531530617   0.0456651228005551
 123.6920240958155384  96.3401280334393449 106.6221279281048677   0.3530651228005551
 123.5465151835036054  95.2818813984434397 108.3833526849194786  -0.0361348771994449
 126.2601619118145096  95.8053355375396284 105.3805778581186120  -0.4121348771994449
 126.4075605502603728  96.8654718986694505 103.6193531013040011   0.0999651228005551
 127.7738325450854360  96.3798122822516927 106.6542532723815348   0.0999651228005551
 126.4264578115995949  93.7908874787795692 104.9837353699951474   0.0999651228005551
 123.4142343541291306  99.1029076412322080 107.4819533190390475  -0.4121348771994449
 121.6435609666448953  99.3277850511688366 108.5080746097582860   0.0999651228005551
 124.9883762236855304  99.6017953405874240 108.7121650322217755   0.0999651228005551
 123.4142343541291306 100.3387885328167133 105.8341121302597162   0.0999651228005551
 121.3128588932086817  91.2662133638607795 106.6240176542387980   0.5972651233493332
 123.1969158487281694  90.3496961889089733 107.6274622313509805  -0.5679348788457792
 119.0451875325031874  91.1358222606202082 107.8315526538144700  -0.4157348771994449
 117.6071059445891094  92.0882442321165282 106.9906245242195124   0.2718651228005551
 118.5160642150052348  89.6429386148224207 110.1030034667878248  -0.0024348771994449
 119.7424964759201289  90.3194605707662366 111.6147843739248210   0.0977651228005551
 115.7532846072123583  90.0397811029458853 110.9439315963827825  -0.0343348771994449
 115.5170688404722018  92.0050962822239856 111.5032905320234719   0.0294651228005551
 114.5211831678957002  89.7223071124471163 109.3263260257461876   0.0294651228005551
 114.8405468845283993  88.3881604618987201 113.1265652810618170   0.0117651228005551
 112.6484645691797401  86.8952768161009194 112.8620036223128406  -0.1256348771994449
 111.6166741000587377  86.9274021603775863 111.1347939359088272   0.1329651228005551
 111.7810802737098929  85.3853856350978401 114.8764516810728999  -0.1704348771994449
 110.1143418235913527  84.2647780376825445 114.6723612586094105   0.1429651228005551
 113.0906604845173165  85.3759370044282423 117.1875867428585890  -0.1072348771994449
 112.4160282547074307  84.2496602286111694 118.7258238158704882   0.1296651228005551
 115.2638455385267533  86.8801590070295577 117.4786045674824684  -0.1704348771994449
 116.2446134020318934  86.8839384592973915 119.2436087765649130   0.1429651228005551
 116.1331195601305309  88.3806015573630260 115.4565976041867284  -0.1256348771994449
 117.7752915705080984  89.5219961422514606 115.6909236447929545   0.1329651228005551
 119.1377841130653278  86.8253569491458349 109.7269479661374859   0.5972651233493332
 120.3736650046498197  85.7066390778644561 111.3558918935776086  -0.5679348788457792
 118.4669313355232758  85.7066390778644561 107.5405348291906042  -0.4157348771994449
 117.4445894970718846  86.7308706424497776 106.2819772239990429   0.2718651228005551
 119.1132176733243417  83.0610224903747061 106.9414916447375670  -0.0237348771994449
 118.2666203653276335  81.8421491339954928 108.3739040542498674   0.0879651228005551
 118.1872518677029379  82.1615128506281919 104.3147723185870258   0.0341651228005551
 119.2077039800204122  83.1989724981509583 102.8596831954676560   0.0240651228005551
 118.7409416249418634  80.1867490406804805 104.1201305267931340   0.0240651228005551
 115.3828982849637967  82.3164703936097361 103.6099044706344035   0.0017651228005551
 114.8254290754570242  84.2761163944860724 103.4492777492510954   0.0439651228005551
 115.2147126590448079  81.5208956912288902 101.7163988844453044   0.0439651228005551
 113.1095577458565252  80.6724086570982383 105.5657710192428926  -0.2737348771994449
 112.5898830590281836  83.0175587892945113 107.9997382797334724  -0.0536348771994449
 111.0025131065343390  82.4525306752520579 109.1827068395681716   0.0683651228005551
 114.2641804136824180  83.1838546890795833 109.1845965657020885   0.0683651228005551
 112.1684741311637463  84.8392547823946089 107.1361334365314588   0.0683651228005551
 121.9818219446168033  82.6396135625102688 107.0265293207640266   0.5972651233493332
 122.8813315843633173  80.9917723737309376 108.4041396723926177  -0.5679348788457792
 123.3216377735669768  84.3951691409231024 105.4580566296093773  -0.4157348771994449
 122.5770856768019933  85.9031705957922648 104.5566572637289462   0.2718651228005551
 125.9918208007976994  83.9624218562551372 105.2501867548780407  -0.0875348771994449
 126.3773249321176496  82.0273422951197736 104.6568127488267674   0.0968651228005551
 127.3184085468104149  85.7387644221411230 103.4719544628581514   0.2984651228005551
 126.4037810979925391  85.6858520903913304 101.6275817561510113  -0.0297348771994449
 127.1766790867663425  88.4335138891128184 104.5453189069254183  -0.3192348771994448
 128.0913065355842184  88.4883159469965413 106.3896916136325584   0.0790651228005551
 128.1347702366643998  89.7336454692506442 103.2678640403946485   0.0790651228005551
 125.2038050029525346  88.9928728247535212 104.7418504248532270   0.0790651228005551
 130.0471730841927075  84.7882321767787332 103.0977886883417428  -0.3192348771994448
 127.2106941571768995  84.2364321456737246 107.7805300481985943   0.5972651233493332
 128.9586908310540789  82.8323656281702305 108.3965807678569234  -0.5679348788457792
 126.3924427411890111  86.1072610182557677 109.3036493121391319  -0.4157348771994449
 124.9864864975516002  87.3053473871618420 108.8198794218552910   0.2718651228005551
 127.6226544543717390  86.4681987098347181 111.6922631454155863   0.0336651228005551
 129.6352127869978680  86.6477226925572350 111.2954206572921351   0.0822651228005551
 126.7307037191609191  88.8662611737807972 113.0736529493120244  -0.1825348771994449
 124.7219248388026238  88.7075241785314060 113.4988413294443088   0.0602651228005551
 127.7870606280228942  89.0816899530478146 114.8273188015909545   0.0602651228005551
 127.0500674357936048  90.5103229102922814 111.8736768542720333   0.0602651228005551
 127.2314811446500520  84.2685574899503915 113.4478187238284331   0.5972651233493332
 129.0437285070805384  83.2008622242848752 114.4380352180031708  -0.5679348788457792
 124.8428673113735707  83.4956595011765882 113.8446612119518977  -0.4157348771994449
 123.3953370927899084  84.4443020204050612 113.0377481527675239   0.2718651228005551
 124.2608316621258388  81.5416826787020158 115.6399010391770922  -0.0024348771994449
 125.4551385787640794  81.8062443374509920 117.2971908586260214   0.0977651228005551
 121.4829342452616008  81.5454621309698629 116.4883880733077307  -0.0343348771994449
 120.1544567731149550  82.1520642199585809 115.0351886763222911   0.0294651228005551
 120.8404273597283687  79.7672298389499601 117.3047497631617155   0.0294651228005551
 121.3619917726906270  83.4673136091677683 118.5444101070140545   0.0117651228005551
 121.6360020621092278  86.0033260808900994 118.0379635031231578  -0.1256348771994449
 121.9383582435366217  86.6212665266823454 116.0972147635860301   0.1329651228005551
 121.5320671247435461  87.7532124809011689 119.9579252551871464  -0.1704348771994449
 121.7569445346801747  89.7563221828577002 119.5327368750548620   0.1429651228005551
 121.1465629934236230  86.9803144921273789 122.4089000508830044  -0.1072348771994449
 121.0634150435310670  88.3617042960238171 123.9357987670913891   0.1296651228005551
 120.8649937994693548  84.4537506510746723 122.9285747377113594  -0.1704348771994449
 120.5569684396401836  83.8263615746128154 124.8655440249806265   0.1429651228005551
 120.9727081891028701  82.7152026078671174 121.0029438072455935  -0.1256348771994449
 120.7478307791662283  80.7083134536427524 121.4130143783065027   0.1329651228005551
 125.0261707463639480  78.9206325309532385 114.8651133242693720   0.5972651233493332
 125.8538707930214609  77.4466461464946600 116.4619319074328277  -0.5679348788457792
 124.6841303161242064  78.2252133136702273 112.4387049683144866  -0.4157348771994449
 124.0435131567249044  79.4856606449956919 111.1574706495158830   0.2718651228005551
 125.2208125381578264  75.6929802942157433 111.5996665648534459  -0.0031348771994449
 124.2173679610456573  74.3720617266047919 112.8204296473665761   0.0849651228005551
 124.4138994789734660  75.2129898561997495 108.8501150399980276  -0.0036348771994449
 125.3436447368627034  76.6283947305067583 107.6765951108329261   0.0170651228005551
 121.5604130167523661  75.3547193162438355 108.4476033734727991  -0.0645348771994449
 120.5796451532472394  73.9449836203385908 109.5852185060934001   0.0351651228005551
 120.8574348949336605  77.2312173672276426 108.9257040853548760   0.0351651228005551
 121.0067232595134540  74.8444932600851048 105.6715956827424778   0.6950651211542206
 122.7225945891139263  74.5137911866488778 104.1390277881323427  -0.6086348782970011
 118.5274025718087626  74.7632350363264925 105.0083018097361201  -0.9407348766506668
 118.0417429553910049  74.4325329628902653 103.1922749950377999   0.4250651228005551
 117.1819175644568251  75.0353555996111496 106.3348895557488489   0.4250651228005551
 131.9539067533192514  90.3043427616948615 106.9169252049965943  -0.0536348771994449
 130.2569326850579744  89.8848235599643412 108.0054074581352364   0.0683651228005551
 131.4890341243746327  91.6195921509040491 105.4013648455917511   0.0683651228005551
 136.3097254920077498 102.8294475773249192 113.6840344905685896   0.5972651233493332
 135.0662856958875638 104.4168175298187773 112.5294118227427101  -0.5679348788457792
 132.5869650081828857 100.2272946909153508 114.4531530270745459   0.0396651228005551
 132.2505937563448813  99.9324974140236378 112.4424844205823337   0.1104651228005551
 131.7762724967306648  97.8349014053710493 115.8893448888546935   0.0559651228005551
 133.0140431144490869  96.3061129630287613 115.2808530737320453  -0.0173348771994449
 132.0691800474884610  98.1958390969500131 117.8962340430790585  -0.0173348771994449
 129.0229415196073859  97.0809006779364681 115.4395900689814365   0.0135651228005551
 127.7681633666836720  98.6947267963052157 115.6928133709268848  -0.0425348771994449
 128.8094024664742854  96.3401280334393449 113.5290769475870456  -0.0425348771994449
 128.3464195636635970  95.0305478226319081 117.3463237381079802   0.8053651217029987
 130.0717395239336938  94.2236347634475343 118.7711772430846000  -0.8188348750043323
 126.0938660120294510  94.2614292861259652 117.4238025095987455  -0.8188348750043323
 130.7973943593594550 102.2719783678181466 115.2714044430624476   0.5365651228005551
 129.2100244068655970 103.1053475928774234 113.7917488802021051  -0.5819348788457793
 131.0014847818229312 103.1733777336985912 117.6297826581961654  -0.4157348771994449
 132.3016163619607570 102.4930763254869416 118.8505457407092956   0.2718651228005551
 129.2383702988744170 105.0309785233431761 118.5311820240765963  -0.0031348771994449
 127.3259674513461091 104.3714641026046654 118.1400087143549092   0.0849651228005551
 129.4878141485520317 105.5185278658948642 121.3903376646994470  -0.0036348771994449
 128.0818579049146206 106.9452710970054141 121.8703281027154542   0.0170651228005551
 129.0172723412056220 103.7478544784106557 122.3333110055261694   0.0170651228005551
 132.0975259394972809 106.4085888749717672 122.2577219601693076  -0.0645348771994449
 132.2732704699519371 106.2460724274545424 124.3042953632060204   0.0351651228005551
 133.5847404068932908 105.3087682650295973 121.3525431420210293   0.0351651228005551
 132.4206691083978004 109.1638095782289628 121.5245082202078787   0.6950651211542206
 130.5781861278245906 110.5603171911967627 121.2845130011998618  -0.6086348782970011
 134.8300699291474073 109.9707226374133366 121.1503424456914567  -0.9407348766506668
 135.1569925503157873 111.7867494521116568 120.6590136508719350   0.4250651228005551
 136.2832693261328334 108.7518492810341233 121.3657712249584877   0.4250651228005551
 129.5501751109714352 107.4290409872892415 117.0666442702876289   0.5972651233493332
 127.7303688440052544 108.8123205173196102 116.6376764378875108  -0.5679348788457792
 131.8877663386320140 107.9789512922603334 116.2446134020318934  -0.4157348771994449
 133.3579732708227321 106.7978724585595509 116.5431901311914401   0.2718651228005551
 132.3413006107731048 110.2749685449746474 114.8877900378764279  -0.0518348771994449
 131.8272951023465405 111.8736768542720333 116.0820969545146552   0.0921651228005551
 135.1229774799052034 110.5527582866610818 114.1148920491026380  -0.1102348771994449
 136.0999658911424829 110.6075603445447913 115.9271394115331110   0.0456651228005551
 135.7994994358489925 108.9464910728280151 113.0188508914283151   0.0456651228005551
 135.6483213451352956 113.0037330823569400 112.6598029259832680   0.3530651228005551
 134.4748014159702074 113.0434173311692878 110.9666083099898248  -0.0361348771994449
 135.0436089822805078 115.3148681441426292 114.3095338408965298  -0.4121348771994449
 136.2171289114455960 115.2770736214642115 116.0027284568899730   0.0999651228005551
 135.4272233874665276 117.0364086521448921 113.2475077536327773   0.0999651228005551
 133.0575068155292685 115.2714044430624476 114.8518852413319272   0.0999651228005551
 138.3544091689105322 113.0396378789014406 111.6185638261926681  -0.4121348771994449
 138.6208605537934389 111.4465987480058321 110.3411089596618982   0.0999651228005551
 138.6737728855432181 114.7989729095821346 110.5962219877412634   0.0999651228005551
 139.6923352717267755 112.8997981449912717 113.1775878866776927   0.0999651228005551
 130.7633792889488712 110.2541815575015217 112.5275220966087798   0.5972651233493332
 129.5634031939088666 112.1401282391549264 111.8906843894773253  -0.5679348788457792
 130.6934594219937733 108.0923348602956126 111.1895959937925365  -0.4157348771994449
 131.6458813934900935 106.5540977872837136 111.7999775350491016   0.2718651228005551
 129.2818339999545984 107.8995827946356377 108.8765712058729306  -0.0518348771994449
 129.8978847196129409 109.3830178097638275 107.5858882564047160   0.0921651228005551
 129.7788319731758975 105.3390038831723473 107.5745498996011879  -0.1102348771994449
 129.4897038746859350 103.8272229760353377 108.9446013466940983   0.0456651228005551
 128.3879935386098481 105.0820011289590518 106.0722176231337895   0.0456651228005551
 132.4282280129334947 105.0631038676198430 106.4104786011056975   0.3530651228005551
 133.8549712440440311 105.5185278658948642 107.8183245708770252  -0.0361348771994449
 132.8099526919855840 102.3286701518357865 105.5506532101715177  -0.4121348771994449
 131.4077759006160067 101.8316721786145008 104.1257997051948979   0.0999651228005551
 132.6134211740577753 101.0606639159746276 107.1644793285402787   0.0999651228005551
 132.8137321442534178 106.7865341017560228 104.1163510745252868  -0.4121348771994449
 132.7513711818340140 108.7594081855698041 104.6927175453712816   0.0999651228005551
 134.6599945770944880 106.4199272317752951 103.2792023971981763   0.0999651228005551
 131.3491943904644636 106.4331553147127533 102.7103948308878759   0.0999651228005551
 126.5209441182956522 108.2151670590004898 109.4359301415136201   0.5972651233493332
 125.1584515757384226 109.4907321993973294 108.0545403376171817  -0.5679348788457792
 125.7612742124593071 106.9698375367463867 111.2821925743546769  -0.4157348771994449
 126.9442427722940196 105.8397813086614802 112.2856371514668594   0.2718651228005551
 123.1156576249695705 107.1852663160134044 112.0437522063249390  -0.0275348771994449
 121.9383582435366217 106.4841779203286156 110.4998459549112758   0.1122651228005551
 122.4788199178381024 105.6697059566085611 114.4550427532084628  -0.0050348771994449
 123.8980042444129448 106.0608792663302616 115.8874551627207766   0.0338651228005551
 120.7024773519521166 106.4066991488378503 115.1977051238395161   0.0338651228005551
 122.1141027739913048 102.8596831954676560 114.2774084966198628  -0.1415348771994449
 123.4765953165485075 101.1097967954565866 115.5435250063471048  -0.1638348771994449
 125.0658549951762958 101.5293159971870935 116.7453908275210263   0.2061651228005551
 122.5581884154627980  98.7136240576444379 115.0654242944650279  -0.3418348771994449
 123.4066754495934363  97.0997979392756903 115.6814750141233569   0.3411651228005551
 120.4587026806762792  98.7986617336708840 113.5404153043905735   0.1379651228005551
 118.8392073839057677  96.9240534088210070 112.5974419635638779  -0.2601348771994449
 119.1604608266723837  94.9889738476856434 113.0547556879728157   0.1571651228005551
 116.8304285035474724  97.6100239954344207 111.0062925588021726  -0.1134348771994449
 115.5945476119629805  96.1983985733952458 110.2711890927068136   0.1416651228005551
 116.4676010858345917 100.1554850978263494 110.3448884119297452  -0.1972348771994449
 114.9747174400368042 100.6524830710476351 109.0938897112738650   0.1446651228005551
 118.0663093951319776 102.0546598624172125 111.2992001095599689  -0.2387348771994449
 117.7696223921063344 103.9727318883472841 110.7606281613924186   0.1699651228005551
 120.1487875947131911 101.4216016075535914 112.9678282858124393   0.1242651228005551
 122.3427596361957672 109.9707226374133366 112.4783892171268344   0.5972651233493332
 120.5040561078903910 110.8248788499457391 111.3369946322383998  -0.5679348788457792
 123.7846206763776922 111.4503782002736659 113.9410372447818851  -0.4157348771994449
 125.3096296664521464 110.6774802114998757 114.8065318141178154   0.2718651228005551
 123.2082542055316975 114.1507968456471386 114.3718948033159334  -0.0389348771994449
 121.3015205364051536 114.2774084966198628 115.1334544352861954   0.1006651228005551
 125.0393988293014063 115.3583318452228240 116.2313853190944352   0.3653651228005551
 124.4592529061875778 117.3160881199652436 116.5167339653165507   0.0042651228005551
 125.1697899325419507 114.0770975264242069 118.8108614918969478  -0.2438348771994449
 125.8217454487447803 115.4452592473832005 120.1998102003290668   0.0641651228005551
 123.3140788690312827 113.3665605000698208 119.3437642616627476   0.0641651228005551
 126.5114954876260545 112.5313015488766270 118.8033025873612669   0.0641651228005551
 127.4223434841760966 115.3337654054818379 115.1013290910095285  -0.6761348755531105
 127.9023339221921038 113.6462399678901721 114.5986619393864789   0.4101651228005551
 123.2177028362012951 115.7022620015964826 111.9265891860218259   0.5972651233493332
 121.5434054815470740 117.2650655143493677 111.5089597104252358  -0.5679348788457792
 124.9486919748731826 115.0881010080720837 110.2315048438944658  -0.4157348771994449
 126.2790591731537318 113.7482851791219100 110.5055151333130399   0.2718651228005551
 125.0412885554353095 116.5469695834592873 107.9392670434479855  -0.0875348771994449
 124.9203460828643628 118.5708662728889441 108.3039841872947830   0.0968651228005551
 127.5300578738096121 116.4978367039773417 106.4237066840431423   0.2984651228005551
 127.2352605969178856 117.6203340275265542 104.7210634373800879  -0.0297348771994449
 129.6465511438013958 117.7809607489098623 107.9411567695819023  -0.3192348771994448
 130.0055991092464564 116.7491702797888599 109.6910431695929853   0.0790651228005551
 131.3737608302054229 117.8263141761239740 106.8205491721666067   0.0790651228005551
 129.1060894694999154 119.7122608577773787 108.4041396723926177   0.0790651228005551
 128.4635825839667101 113.9240297095765933 105.5733299237785735  -0.3192348771994448
 126.9763681165706732 112.8657830745806879 104.6265771306840308   0.0790651228005551
 130.0566217148623052 114.1432379411114577 104.2864264265782059   0.0790651228005551
 129.0853024820267897 112.9508207506071474 107.2495170045667248   0.0790651228005551
 122.7490507549888427 116.0159565398274178 106.3783532568290306   0.5972651233493332
 121.6643479541180478 117.7393867739635976 105.2577456594137348  -0.5679348788457792
 122.1689048318750143 113.5857687316046852 105.9531648766967461  -0.4157348771994449
 123.0287302228091807 112.2402837242527611 107.0170806900944154   0.2718651228005551
 119.9635944335889103 112.8809008836520630 104.4319353388901389  -0.0237348771994449
 120.2338252707396506 113.6613577769615338 102.5535475617724151   0.0879651228005551
 119.7047019532416980 109.9801712680829344 104.2750880697746780   0.0341651228005551
 119.4344711160909577 109.2620753371928672 106.1874909173029858   0.0240651228005551
 118.0058381588464909 109.5115191868704684 103.2073928041091750   0.0240651228005551
 121.9402479696705520 108.5231924188296477 103.1091270451452707   0.0017651228005551
 123.6901343696816080 109.0882205328721010 104.0067469587578545   0.0439651228005551
 121.6454506927788256 106.5314210736766576 103.5494332343489167   0.0439651228005551
 122.4504740258292825 108.7235033890253034  99.7302967176940651  -0.2737348771994449
 124.5669672958210933 111.4106939514613315  99.5602213656411595  -0.0536348771994449
 125.0318399247657120 111.7848597259777401  97.5873472818273647   0.0683651228005551
 123.6750165606102465 113.0755426754459548 100.3728036032272972   0.0683651228005551
 126.2998461606268573 110.9855055713290470 100.5920118347621617   0.0683651228005551
 117.5239579946965802 114.0600899912189151 105.4656155341450716   0.5972651233493332
 116.0254051704970288 115.0200708672509161 103.9689524360794371  -0.5679348788457792
 117.1932559212603530 114.1186715013704850 107.9770615661264164  -0.4157348771994449
 118.5368512024783604 113.3249865251235560 109.0882205328721010   0.2718651228005551
 113.2871920024451251 114.4115790521282677 108.6176787255257182   0.0863651228005551
 114.7611783869037037 118.1041039178103952 108.4627211825441742   0.5972651233493332
 112.8431063609736319 118.8581046452449764 107.3610108464680874  -0.5679348788457792
 116.7227141139139703 119.6177745510813216 108.9691677864350710  -0.4157348771994449
 118.2609511869258695 118.8656635497806707 109.8403315341727653   0.2718651228005551
 116.5885435584055520 122.3578774452671287 108.5779944767133704  -0.0875348771994449
 114.8651133242693720 123.0079432353360550 109.5058500084687045   0.0968651228005551
 118.8033025873612669 123.7468261536992479 109.8762363307172661   0.2984651228005551
 118.8902299895216434 123.0986500897642785 111.8321028793257686  -0.0297348771994449
 121.3941171169673074 123.2838432508885593 108.6705910572755108  -0.3192348771994448
 122.8586548707562616 124.1739042599654489 109.8138753682978623   0.0790651228005551
 121.7645034392158690 121.2675054659945697 108.6082300948561072   0.0790651228005551
 121.4697061623241426 124.0529617873945022 106.7619676620150502   0.0790651228005551
 118.3667758504254547 126.6078715204560421 109.9272589363331418  -0.3192348771994448
 119.8275341519465751 127.5206092431399875 111.0592048905519786   0.0790651228005551
 118.3989011947021217 127.3864386876315826 108.0205252672065979   0.0790651228005551
 116.5375209527896761 127.0047140085794931 110.7776356965977104   0.0790651228005551
 116.2994154599156029 123.0438480318805423 105.7849792507777573   0.5972651233493332
 114.7649578391715507 124.6784611377224424 105.1689285311194282  -0.5679348788457792
 117.6071059445891094 121.7739520698854666 104.0275339462309936  -0.4157348771994449
 118.6955881977277514 120.2961862331590544 104.5547675375950295   0.2718651228005551
 117.4937223765538301 122.4825993701059360 101.3649098235359518  -0.0597348771994449
 117.5693114219106919 124.5688570219549966 101.2609748861702835   0.0868651228005551
 119.8161957951430606 121.4734856145920030  99.9098207004165818   0.1302651228005551
 121.4848239713955309 121.8627691981797599 101.0606639159746276   0.0186651228005551
 119.6876944180364060 118.6105505217012919  99.4392788930701991  -0.3204348771994449
 119.1529019221366895 117.6335621104640124 101.1627091272063792   0.0881651228005551
 118.2968559834703701 118.1853621415690076  97.9804103176829821   0.0881651228005551
 121.5339568508774765 117.9132415782843505  98.8553535176885236   0.0881651228005551
 120.1128827981686903 122.9172363809078315  97.3889260377656393  -0.0430348771994449
 120.0561910141510507 124.9411330703374885  97.7763198952194928   0.0235651228005551
 118.5444101070140545 122.4637021087667407  96.1322581587080084   0.0235651228005551
 122.6016521165429794 122.3578774452671287  96.0113156861370482  -0.0660348771994449
 124.1984706997064352 122.7244843152478565  97.2623143867929151   0.0185651228005551
 122.6507849960249250 120.3963417182568755  95.3839266096751911   0.0185651228005551
 122.7509404811227460 123.5786405277802589  94.3578053189559528   0.0185651228005551
 115.0049530581795410 121.7078116551982292 100.2065077034422251   0.5972651233493332
 113.9788317674603026 123.1099884465678066  98.5813432282699497  -0.5679348788457792
 113.8559995687554256 119.5932081113403489 100.9453906218054314  -0.4157348771994449
 114.7044866028860641 118.5255128456748323 102.3003242598269665   0.2718651228005551
 111.5127391626930694 118.6804703886563765  99.8228932982562055  -0.0237348771994449
 111.7602932862367538 118.7655080646828360  97.7782096213534095   0.0879651228005551
 111.0781021518911874 115.9044626979260686 100.5258714200749110   0.0341651228005551
 112.8412166348397152 114.8670030504032889 100.2783172965312265   0.0240651228005551
 110.5300815730540260 115.7721818685515804 102.5081941345583031   0.0240651228005551
 109.0901102590060312 114.6440153666005906  98.8326768040814678   0.0017651228005551
 108.2378437726075456 116.0367435273005568  97.5741191988899200   0.0439651228005551
 110.0482014089041019 113.2682947411059164  97.6421493397110877   0.0439651228005551
 106.5843334054264502 113.0434173311692878 100.5183125155392302  -0.2737348771994449
 104.8892490632990903 115.7816304992211782 101.6540379220259009  -0.0536348771994449
 106.0174155652500667 116.7812956240655269 103.0562147133954647   0.0683651228005551
 104.4867373967738618 117.0382983782788090 100.0723371479338202   0.0683651228005551
 103.1280243064844794 115.1674695056967793 102.5081941345583031   0.0683651228005551
 109.2564061587911032 120.4133492534621675 100.4483926485841456   0.5972651233493332
 107.7427355255201769 120.9500314754958144  98.7551980325907024  -0.5679348788457792
 109.0239698443187803 121.3808890340298492 102.7822044239768907  -0.3661748770896892
 110.2787479972424944 120.7383821484966306 104.1711531324090097   0.3114351227456773
 105.1027881164321908 122.7792863731315660 102.6990564740843479   0.2246151230749442
 107.5632115427976600 126.0031591576012275 102.6971667479504311   0.8098751231846998
 106.1988292741065137 126.5851948068489861 100.9529495263411121  -0.6015148769799337
 109.9045822227260858 126.9347941416244221 102.7444099012984596  -0.4157348771994449
 111.2160521596674395 126.0787482029580893 103.8498996896423937   0.2718651228005551
 110.5924425354734296 129.2610470124814727 101.3384536576610488  -0.0518348771994449
 109.3886869881655914 130.7709381934845386 102.0546598624172125   0.0921651228005551
 113.3949063920786405 129.8298545787917733 101.9034817717035021  -0.1102348771994449
 113.5517536611941014 130.0358347273891796 103.9481654486062980   0.0456651228005551
 114.5363009769670751 128.2009106513516372 101.3649098235359518   0.0456651228005551
 114.5117345372261024 132.2127992336664636 100.6449241665119542   0.3530651228005551
 113.0698734970441908 133.6792267135893481 100.5202022416731469  -0.0361348771994449
 116.6981476741729842 133.2162438107786595 102.2530811064789379  -0.4121348771994449
 117.4502586754736485 134.9415637710487565 101.4178221552857444   0.0999651228005551
 116.0291846227648626 133.6489910954466249 104.1484764188019537   0.0999651228005551
 118.1948107722386187 131.8046183887394848 102.3778030313177452   0.0999651228005551
 115.6285626823735644 131.7025731775077332  98.0163151142274963  -0.4121348771994449
 116.4808291687720499 133.4260034116438996  97.2812116481321238   0.0999651228005551
 117.0609750918858650 130.2285867930491546  98.1240295038609984   0.0999651228005551
 114.1659146547185137 131.1205375282599746  96.6991759988843786   0.0999651228005551
 109.9933993510203926 129.1646709796514853  98.4566213034311423   0.5972651233493332
 109.2998698598712846 131.0940813623850850  97.3530212412211386  -0.5679348788457792
 110.0368630521005740 126.9442427722940196  97.2301890425162481  -0.4157348771994449
 110.7077158296426260 125.4116748776838711  98.1618240265394293   0.2718651228005551
 109.0201903920509467 126.6513352215362235  94.6450436913119850  -0.0249348771994449
 109.8157650944317926 128.1801236638785116  93.5263258200305928   0.0842651228005551
 109.9253692101992249 124.1701248076976153  93.4412881440041466   0.2116651228005551
 109.9556048283419615 124.4252378357769939  91.3947147409674205   0.0351651228005551
 111.8453309622632134 123.7468261536992479  94.0573388636624757   0.0351651228005551
 108.3172122702322412 122.1008746910538465  93.9723011876360161  -0.6546348782970011
 108.2888663782234213 121.7663931653497991  95.7939971807361005   0.4274651228005550
 106.1081224196782902 126.8969996189459776  94.4466224472502460   0.5972651233493332
 105.1613696265837474 128.1498880457357615  92.7250819392479829  -0.5679348788457792
 104.6662613794963786 125.8330838055483084  96.2267444654040657  -0.4157348771994449
 105.5733299237785735 125.0299501986317817  97.7120692066661721   0.2718651228005551
 101.9488351989176139 126.3111845174303853  96.5479979081706817  -0.0581348771994449
 100.9850748706177792 125.8368632578161689  94.8018909604274459   0.1359651228005551
 100.8603529457789719 124.5745262003567605  98.5907918589395472  -0.0074348771994449
 102.0848954805599491 124.5102755118034535 100.2367433215849620   0.0366651228005551
  99.0481055833484987 125.3455344629966337  99.2030631263300427   0.0366651228005551
 100.3387885328167133 121.9345787912687881  97.6761644101216715   0.1867651228005551
  98.9309425630453722 121.4224630089761273  95.5218766174514433  -0.5432348771994449
  97.8594678451120220 119.1661300050741477  95.8998218442356857   0.1634651228005551
  96.3193410459662061 118.4272470867109280  94.7829936990882237   0.1434651228005551
  98.7155137837783546 118.1324498098192150  98.0484404585041498  -0.2795348771994449
  97.9029315461922168 116.6036613674769269  98.8496843392867597   0.3338651228005551
 100.2972145578704486 119.8558800439553950  99.1973939479282787  -0.2207348771994449
 100.9718467876803344 119.8086368906073663 101.1192454261261841   0.1861651228005551
 101.3497920144645767 129.0853024820267897  97.1205849267488159   0.5972651233493332
  99.6036850667213409 130.1397696647548613  95.9961978770656731  -0.5679348788457792
 102.8143297682535442 130.3476395394861981  98.7476391280550217  -0.4157348771994449
 104.2183962857570383 129.4065559247934057  99.6547076723372166   0.2718651228005551
 102.3267804257018696 133.0234917451186847  99.3485720386419757  -0.0389348771994449
 100.3539063418880750 133.1727801096984513  99.9268282356218738   0.1006651228005551
 103.8990325691243524 134.0004801563559641 101.5992358641421914   0.3653651228005551
 103.0429866304580199 135.7560357347688109 102.2549708326128548   0.0042651228005551
 103.9765113406151179 132.1409896405774623 103.8121051669639762  -0.2438348771994449
 105.0914497596286629 132.9157773554851691 105.3484525138419451   0.0641651228005551
 102.0735571237564212 131.7384779740522205 104.4791784922381675   0.0641651228005551
 104.8609031712902704 130.3816546098967817 103.2584154097250507   0.0641651228005551
 106.4350450408466702 134.5125959386486249 100.9888543228856263  -0.6761348755531105
 106.5087443600696019 136.0772891775354269 100.0666679695320563   0.4101651228005551
 102.6480338684684856 134.6902301952372383  97.0053116325796196   0.5972651233493332
 101.0209796671622798 136.2832693261328334  96.4875266718851948  -0.5679348788457792
 104.5944517864073637 134.1365404379982994  95.4387286675589006  -0.4157348771994449
 105.8303326779918690 132.7948348829142224  95.9206088317088246   0.2718651228005551
 105.0215298926735783 135.5878501088498221  93.1729470329873232  -0.0875348771994449
 104.9497202995845636 137.5777317278688953  93.5905765085839269   0.0968651228005551
 107.6973820983060651 135.0492781606822718  92.1354873854645569   0.2984651228005551
 108.0186355410726812 133.0121533883151568  92.1090312195896539  -0.0297348771994449
 108.1339088352418773 136.0621713684640654  89.4501865491624593  -0.3192348771994448
 107.6954923721721482 138.0747297010901943  89.3727077776716804   0.0790651228005551
 110.0992240145199778 135.7711535438401726  88.9040556964592146   0.0790651228005551
 106.9452710970054141 135.0530576129501054  88.1047015418105217   0.0790651228005551
 109.6910431695929853 136.2946076829363613  93.8400203582615281  -0.3192348771994448
 109.4756143903259679 135.6577699758049200  95.7845485500664893   0.0790651228005551
 111.5788795773803203 135.7749329961080332  93.1994031988622262   0.0790651228005551
 109.4945116516651766 138.3449605382409347  93.7871080265117355   0.0790651228005551
 103.0203099168509639 135.1021904924320510  91.2265291150484317   0.5972651233493332
 102.1302489077740609 136.8823125105858840  90.0303324722762876  -0.5679348788457792
 102.2681989155503130 132.7003485762181383  90.8315763530588974  -0.4157348771994449
 103.0184201907170472 131.2528183576344762  91.8255722995014687   0.2718651228005551
 100.4219364827092426 132.1296512837739344  88.9135043271288256  -0.0597348771994449
 100.8641323980468189 132.9781383179045729  87.0899186078948111   0.0868651228005551
  99.9589535798985408 129.3234079749008765  88.5733536230230009   0.1302651228005551
 101.7145091583113875 128.4106702522169041  88.0007666044448532   0.0186651228005551
  99.0292083220092899 128.1555572241375255  91.0734612982008178  -0.3204348771994449
  97.2736527435964430 129.0664052206875944  91.6460483167789521   0.0881651228005551
  98.7022857008409098 126.1392194392435628  90.8107893655857584   0.0881651228005551
 100.4540618269859097 128.4333469658239599  92.5342195997219382   0.0881651228005551
  98.2071774537535410 128.8339689062152715  86.2981233577818125  -0.0430348771994449
  97.7196281112018529 126.8327489303926705  86.3151308929871043   0.0235651228005551
  97.9747411392812182 133.3995472457690100  89.5673495694655723   0.5972651233493332
  97.2094020550431225 133.3258479265460785  92.0013168299561519  -0.4157348771994449
  98.2468617025658888 132.4168896561299666  93.3222353975671032   0.2718651228005551
  94.9133848023287950 134.5409418306574448  92.7817737232656227  -0.0518348771994449
  93.3694785509151319 133.7888308293567937  91.6460483167789521   0.0921651228005551
  94.2803265474651740 134.1440993425339936  95.5899067582726110  -0.1102348771994449
  93.9911984489752249 132.1069745701668786  95.6711649820312233   0.0456651228005551
  95.8393506079502122 134.6656637554962522  96.8314568282588668   0.0456651228005551
  91.8539181915102886 135.5047021589572929  96.4554013276085413   0.3530651228005551
  92.0447805310363334 137.5059221347798939  96.0094259600031179  -0.0361348771994449
  89.4860913457069598 134.4464555239613875  95.1533800213367986  -0.4121348771994449
  89.2933392800469982 132.4452355481387865  95.5993553889422085   0.0999651228005551
  91.6328202338415073 135.4971432544215986  99.3504617647758926  -0.4121348771994449
  93.2579847090137827 136.4627933088553502 100.1668234546298773   0.0999651228005551
  89.9056105474374802 136.4684624872571142  99.9098207004165818   0.0999651228005551
  91.5780181759577843 133.5545047887505676 100.0307631729875421   0.0999651228005551
  95.1930642701491464 137.3188392475216828  92.3395778079280464   0.5972651233493332
  97.4531767263189598 138.3940934177228800  92.8044504368726785  -0.4157348771994449
  98.9517295505185111 137.3774207576732528  93.4110525258613966   0.2718651228005551
 101.8165543695431257 140.9754593166593095  92.0428908049024165   0.0186651228005551
 101.0398769285015019 141.6916655214154733  95.8676964999590320  -0.0430348771994449
  99.8965926174791370 143.0295916242317166  96.9391712178923822   0.0235651228005551
 100.5088638848696190 139.7698140432175410  96.3835917345195266   0.0235651228005551
 103.8385613328388658 142.1130744492799105  96.4724088628138331  -0.0660348771994449
 104.3714641026046654 144.0349259274778159  95.9584033543872556   0.0185651228005551
 104.1560353233376346 141.8296155291917120  98.4868569215738789   0.0185651228005551
 104.9818456438612305 140.7751483464636670  95.4028238710143998   0.0185651228005551
 112.9923947255534121 113.7350570961844652 119.5459649579923202  -0.8340348771994448
 113.0831015799816356 112.7883043030899226 117.9661539100341431   0.4169651228005551
 111.1952651721943005 113.9693831367907050 119.7443862020540458   0.4169651228005551
 129.3460846885079323  91.4627448817885882 122.7169254107121624  -0.8340348771994448
 129.2893929044902926  92.7213024869801493 121.3090794409408479   0.4169651228005551
 127.6226544543717390  91.2926695297356825 123.4784850426824377   0.4169651228005551
 120.5002766556225437  83.3973937422126838 128.8963298686346753  -0.8340348771994448
 120.9783773675046343  84.2250937888701967 130.5271635222087147   0.4169651228005551
 118.7107060067991265  83.8263615746128154 128.4711414885023776   0.4169651228005551
  94.3011135349383130 125.0601858167745317  95.4840820947730124  -0.8340348771994448
  94.0516696852607117 126.2809488992876619  96.9051561474817983   0.4169651228005551
  93.0690120956216549 123.6372220379318289  95.6522677206920011   0.4169651228005551
  96.7974417578482830 121.4111246521725994 120.0089478608030220  -0.8340348771994448
  97.4097130252387648 122.6866897925694390 121.1427835411557624   0.4169651228005551
  98.1637137526733462 120.1752437605880941 120.0202862176065501   0.4169651228005551
  94.7036252014635416 126.5474002841705418 108.3191019963661581  -0.8340348771994448
  94.5524471107498312 125.4419104958266212 106.7940930062917037   0.4169651228005551
  96.4799677673495140 126.4982674046885963 108.9597191557654599   0.4169651228005551
 103.7251777648035997 118.9110169769947690  93.4601854053433554  -0.8340348771994448
 102.2322941190057988 119.7916293554020743  94.0554491375285456   0.4169651228005551
 104.9912942745308283 120.2281560923378867  93.4677443098790362   0.4169651228005551
  92.1468257422680849  99.7095097302209395 103.5702202218220557  -0.8340348771994448
  93.2164107340675182 100.3954803168343530 102.1737126088542423   0.4169651228005551
  92.8630319470242351 100.2480816783884898 105.2350689458066790   0.4169651228005551
 116.3126435428530477 108.1962697976612811 112.2440631765205949  -0.8340348771994448
 117.8055271886508484 109.0768821760685729 111.6147843739248210   0.4169651228005551
 115.5567530892845496 109.4907321993973294 113.3079789899182642   0.4169651228005551
 121.4810445191276704  97.8235630485675212 121.3657712249584877  -0.8340348771994448
 120.4133492534621675  96.7483088783663374 122.4051205986151707   0.4169651228005551
 122.8114117174082463  96.6651609284737948 120.8649937994693548   0.4169651228005551
 123.7449364275653444 106.6637019030511458 124.5461803083479408  -0.8340348771994448
 125.0998700655868795 106.0249744697857608 125.6970235239059998   0.4169651228005551
 124.4800398936607034 107.9203697821087768 123.3443144871740327   0.4169651228005551
 134.0704000233110620 121.8400924845727040 113.2796330979094443  -0.8340348771994448
 132.2543732086127418 121.3506534158870992 113.4515981760962803   0.4169651228005551
 134.8319596552813106 120.9273547618887450 111.8094261657187128   0.4169651228005551
 121.9421376958044555  92.4019387703474502 115.9838311955507508  -0.8340348771994448
 121.1465629934236230  91.4532962511189904 117.4105744266613007   0.4169651228005551
 123.5332871005661472  93.2239696386031989 116.5828743800037879   0.4169651228005551
 129.7769422470419673 118.4366957173805392 118.2609511869258695  -0.8340348771994448
 129.8147367697203848 117.0439675566805729 119.5384060534566260   0.4169651228005551
 130.2796093986650303 120.0618601925528146 119.0848717813155352   0.4169651228005551
 116.9268045363774599  79.4081818735049266 112.1798124879672742  -0.8340348771994448
 118.1872518677029379  80.5401278277237501 111.3445535367740807   0.4169651228005551
 116.8493257648866946  79.8050243616283910 114.0260749208083446   0.4169651228005551
$end
