$point_charges
 304.2610253703929406 354.1138905093694868 333.8881516980103223  -0.0361584802197980
 307.5491488434158824 356.0395214398351990 332.4651879191675926  -0.4121584802197980
 308.4845632797069106 354.2612891478153501 332.0229920038300567   0.0999415197802020
 308.0348084598336536 357.4341393266690821 331.0271063312535280   0.0999415197802020
 308.2559064175024752 356.6763591469666939 334.2868839122676769   0.0999415197802020
 305.0622692511755100 358.2580599210587611 337.7507519157453286   0.5972415203289801
 305.6027309254769907 356.3758926916732304 338.9998608902672785  -0.5679584818661324
 306.4153131630631419 360.3877812739880301 337.8320101395039543  -0.4157584802197979
 308.6640872624294274 360.6901374554154240 339.4023725567925473   0.0212415197802020
 310.0265798049866569 359.2444969629656920 338.8694697870267341   0.1123415197802020
 309.8073715734518192 363.2998492463606732 338.8449033472857480  -0.1231584802197980
 310.4196428408422742 363.3754382917175082 336.8739189896058702   0.1111415197802020
 312.4870032313521126 363.9499150364295727 340.8858075719207236  -0.3119584802197979
 314.0687040054442335 362.2151464454898514 339.9333856004243766   0.1932415197802020
 308.0537057211728489 360.2573901707474320 342.2123953179334390   0.5972415203289801
 309.2291153764718943 358.6643510398518367 343.4255994959108750  -0.5679584818661324
 302.4903519829087053 349.6560265594492368 342.2974329939598718   0.0790415197802020
 305.0339233591667172 352.7476185145443967 345.2832002855554734   0.5972415203289801
 305.1586452840055245 351.1791458233897877 346.9934024367542084  -0.5679584818661324
 306.9406570282932340 353.1406815504000141 343.6731536194545594  -0.4157584802197979
 306.7630227717046475 354.4993946406893830 342.3314480643704556   0.2718415197802020
 309.3406092183732434 351.7592917465035894 343.8507878760431459  -0.0518584802197980
 308.9437667302497654 349.7410642354756695 343.9282666475339112   0.0921415197802020
 310.9827812287508107 352.3167609560103350 341.5113069222486370  -0.1102584802197980
 311.1812024728125229 354.3614446329131711 341.3450110224635784   0.0456415197802020
 312.8649484581363951 351.5287451581651700 341.8174425559438914   0.0456415197802020
 309.9415421289602242 351.2679629516840811 339.0036403425351392   0.3530415197802020
 307.9875653064856116 351.8670061361370778 338.7541964928575245  -0.0361584802197980
 311.4873381065077772 352.2865253378676116 336.7869915874455073  -0.4121584802197980
 310.7843599846890987 351.5079581706920443 335.0163181999612718   0.0999415197802020
 311.3342702896601770 354.3368781931721850 336.7265203511600070   0.0999415197802020
 313.4696608209911829 351.7592917465035894 337.0118689973821357   0.0999415197802020
 310.0379181617901848 348.3804614190523704 338.8808081438302622  -0.4121584802197980
 309.3009249695609224 347.7322853551174012 337.0723402336676360   0.0999415197802020
 311.9900052581308672 347.7436237119209291 339.0622218526867092   0.0999415197802020
 308.9097516598391815 347.5546510985288147 340.3869198725654942   0.0999415197802020
 310.7541243665463216 352.3753424661619050 346.3112113024086017   0.5972415203289801
 311.6120600313465845 350.6424636013561140 347.6037839780107332  -0.5679584818661324
 310.8240442335014195 354.7809638346436513 347.0803298389145714  -0.4157584802197979
 310.2136626922448410 356.1510152817366019 345.8841331961424005   0.2718415197802020
 311.9635490922559508 355.5406337404800234 349.4821717551284572   0.0212415197802020
 313.9496512590071633 354.9756056264375566 349.4689436721910527   0.1123415197802020
 311.8331579890153527 358.4243558208438198 349.7712998536184466  -0.1231584802197980
 309.8697325358711960 359.0460757189039262 349.6730340946545020   0.1111415197802020
 312.6230635129944479 358.9478099599400353 351.6043342035220586   0.1111415197802020
 313.6548539821154905 359.9531442631861615 347.2976483443155326  -0.3119584802197979
 313.4205279415092107 362.3360889180608520 348.0970024989642255   0.1932415197802020
 310.7144401177340007 354.2083768160655172 351.7422842112982705   0.5972415203289801
 312.0372484114788556 353.0745411357127767 353.2786315581762796  -0.5679584818661324
 308.1859865505473774 354.2367227080743638 351.9577129905653015  -0.4157584802197979
 307.1428577246228067 355.1494604307583362 350.6292355184186558   0.2718415197802020
 306.9104214101505108 352.9592678415435671 354.0704268082893053  -0.0518584802197980
 307.8779611907181925 353.5564212998626874 355.7900775901576381   0.0921415197802020
 307.2146673177118350 350.0717663089119101 353.9532637879861652   0.5972415203289801
 307.4149782879074773 348.8661210354701416 355.9280275979338498  -0.5679584818661324
 307.3393892425506424 348.9511587114966280 351.6912616056824216  -0.4157584802197979
 307.1390782723549999 350.0094053464925334 350.1057813793224940   0.2718415197802020
 307.8760714645842624 346.2582989706588225 351.3964643287906952   0.0336415197802020
 306.4890124822861004 345.1887139788593892 352.4849465819293238   0.0822415197802020
 307.5963919967639243 345.5288646829652274 348.6072285551229291  -0.1825584802197980
 307.8930789997895811 343.5011885412677100 348.3936895019898286   0.0602415197802020
 305.7066658628426724 346.0088551209812078 347.9420449559826413   0.0602415197802020
 308.9910098835978075 346.5247503555417024 347.4639442441005910   0.0602415197802020
 310.5009010646009002 345.5817770147150066 352.4452623331170028   0.5972415203289801
 310.7616832710820428 343.6769330717224200 353.7567322700583297  -0.5679584818661324
 312.4019655553256799 347.1956031330837810 352.0351917620560668  -0.4157584802197979
 312.1203963613714117 348.6941559572832922 350.8711204635606030   0.2718415197802020
 314.8831759691642613 346.8800188687189289 353.2030425128194447  -0.0024584802197980
 315.4973369626887003 344.9449393075835653 352.8553329041779391   0.0977415197802020
 316.7936890905586389 348.6355744471317759 351.9048006588155224  -0.0343584802197980
 316.8314836132370832 348.2160552454012421 349.8903526000554631   0.0294415197802020
 316.1663000140967952 350.5857718173384744 352.1164499858146925   0.0294415197802020
 319.4468645825841232 348.3691230622488423 352.9535986631418300   0.0117415197802020
 320.6619584866954895 345.9956270380437496 352.9158041404633857  -0.1256584802197980
 319.7700077514846427 344.4139262639516824 352.0408609404578576   0.1329415197802020
 322.9995497143560682 345.6762633214110907 354.1384569491104192  -0.1704584802197980
 323.8707134620937357 343.8583467805788133 354.1913692808602520   0.1429415197802020
 324.1390545731105457 347.7417339857869988 355.3629994838914369  -0.1072584802197980
 325.8757128901841973 347.4941798622433144 356.3532159780661746   0.1296415197802020
 322.9844319052846797 350.1360169974652172 355.3176460566773252  -0.1704584802197980
 323.8574853791562774 351.7007102363520194 356.2436118622987019   0.1429415197802020
 320.6298331424187822 350.4478218095622625 354.1233391400390845  -0.1256584802197980
 319.7170954197348635 352.2468410890552909 354.1649131149853356   0.1329415197802020
 314.8264841851466215 347.2220592989586438 356.0943234977189621   0.5972415203289801
 316.0283500063205833 345.7650804497053839 357.4492571357404706  -0.5679584818661324
 313.3033649212061244 348.9813943296393512 357.0958783486972279  -0.4157584802197979
 312.4189730905309449 350.1927087814828570 355.9015714320589873   0.2718415197802020
 312.8819559933416603 349.2157203702455773 359.8529887780882866  -0.0875584802197980
 314.7131006171113422 349.4916203857981087 360.7562778701026614   0.0968415197802020
 311.2000997341517718 351.5079581706920443 360.5219518294964351   0.2984415197802021
 309.3821831933194945 351.3246547357017207 359.5789784886697394  -0.0297584802197980
 310.7125503916000704 351.7233869499590752 363.3754382917175082  -0.3192584802197979
 312.5021210404235012 351.7819684601106451 364.3958904040350230   0.0790415197802020
 312.4019655553256799 354.0156247504055422 359.7093695919102839  -0.3192584802197979
 311.1112826058574787 355.5727590847566770 360.0910942709623734   0.0790415197802020
 314.1613005860063873 354.3160912056990594 360.7430497871652032   0.0790415197802020
 312.8309333877258115 354.0005069413342073 357.7043701638198224   0.0790415197802020
 311.7689073004620454 346.7760839313532472 360.9641477448340248   0.5972415203289801
 312.5928278948517247 345.9370455278922333 362.9691471729244326  -0.5679584818661324
 309.9755571993708080 345.5647694795097416 359.6545675340265746  -0.4157584802197979
 309.3462783967750342 346.3697928125601716 358.0331825111221327   0.2718415197802020
 308.9380975518480283 343.0930076963407040 360.4217963443986140  -0.0875584802197980
 308.3466132719306451 343.2177296211795116 362.3908909759445615   0.0968415197802020
 306.5948371457856587 342.3956987529237627 358.8287572135029650   0.2984415197802021
 307.0559303224624438 342.5393179391018190 356.8294269638142943  -0.0297584802197980
 307.0275844304536507 338.3214492081895862 358.7172633716016159   0.0790415197802020
 310.9449867060723664 341.0086397706256006 360.3046333240954739   0.5972415203289801
 311.0923853445182297 339.4685129714797847 362.0375121889012649  -0.5679584818661324
 312.5361361108340850 340.9859630570185449 358.3449873232191242  -0.4157584802197979
 312.3018100702278587 342.2728665542188857 356.9465899841174343   0.2718415197802020
 314.6167245842813815 339.1831643252576559 358.1201099132824956   0.0336415197802020
 313.8476060477754119 337.2802101083989458 358.2996338960050661   0.0822415197802020
 315.7713472521072474 339.4382773533370078 355.4763830519267162  -0.1825584802197980
 317.0015589652900023 337.8282306872360939 355.1286734432851569   0.0602415197802020
 314.2841327847112644 339.4363876272031312 354.0496398208161260   0.0602415197802020
 316.8598295052459299 341.1824945749463267 355.3327638657486598   0.0602415197802020
 316.6028267510325941 339.5006383157564382 360.2328237310064994   0.5972415203289801
 317.6459555769571647 337.6298094431743817 361.1191052878155554  -0.5679584818661324
 317.0469123925041140 341.8117733775421006 361.1606792627618067  -0.4157584802197979
 316.2759041298642678 343.3235542846791234 360.2687285275509599   0.2718415197802020
 318.6002672745873882 342.2180644963351762 363.4226814450655503  -0.0518584802197980
 320.3029105212504559 341.0691110069110473 363.2715033543518802   0.0921415197802020
 319.3221426577453158 345.0280872574760679 363.6853533776806232  -0.1102584802197980
 317.6081610542787203 346.1675921162305990 363.7798396843766536   0.0456415197802020
 320.3104694257861234 345.2435160367430987 365.4824829310397212   0.0456415197802020
 321.0266756305422603 346.0995619754094313 361.5858676428940776   0.3530415197802020
 319.9759879000820760 346.3093215762746714 359.8397606951508820  -0.0361584802197980
 322.0150023985830676 348.6960456834172225 362.3776628930071033  -0.4121584802197980
 323.1299408175966127 349.5105176471373040 360.8526539029326757   0.0999415197802020
 320.4257427199553330 349.9451546579391724 362.7707259288627206   0.0999415197802020
 323.1866326016142523 348.5316395097660942 364.0651883305987823   0.0999415197802020
 323.2867880867120735 344.3799111935410985 361.1039874787441670  -0.4121584802197980
 324.6889648780816778 345.3720174138497665 359.9814901551949546   0.0999415197802020
 324.0974805981642946 343.8205522579004227 362.9105656627729163   0.0999415197802020
 322.6707373670537579 342.7093932911547381 360.0684175573553174   0.0999415197802020
 317.2925767899138683 341.2920986907137992 365.8301925396812269   0.5972415203289801
 318.4547583622754554 339.9692903969688908 367.3476426252199870  -0.5679584818661324
 314.8737273384946636 341.9327158501131012 366.1665637915192046  -0.4157584802197979
 314.0479170179711079 343.0457645429927158 364.8418657716404195   0.2718415197802020
 313.3203724564113895 336.8947059770789958 366.5747446364462105  -0.4157584802197979
 313.5735957583568646 337.7885464384237729 364.9023370079259198   0.2718415197802020
 313.4980067129999760 333.1927324807273112 363.8422006467960841  -0.0074584802197980
 311.7783559311316432 333.7483119641001266 362.8500944264874162   0.0366415197802020
 315.0910458438956248 334.0998010250094926 362.9124553889067930   0.0366415197802020
 317.7309932529835974 334.2585380202588838 368.2339241820290430  -0.4157584802197979
 317.8443768210188768 335.9328353749131049 367.3155172809433335   0.2718415197802020
 322.3211380322783220 334.8972654535242555 368.6742303712327024  -0.1102584802197980
 321.9885462327082049 336.7964402181151049 369.4036646589262975   0.0456415197802020
 323.9803175778612083 334.1357058215540068 369.6323215211307866   0.0456415197802020
 322.8993942292582469 335.0616716271753836 365.8264130874133664   0.3530415197802020
 321.3101345506304586 335.9177175658417163 364.8343068671047521  -0.0361584802197980
 325.2218676478474371 336.7265203511600070 365.4409089560934701  -0.4121584802197980
 325.6924094551938198 336.7586456954367143 363.4396889802708691   0.0999415197802020
 324.7758922802420406 338.6351437464205079 366.0701877586892440   0.0999415197802020
 326.8167965048769626 335.9857477066628841 366.5123836740267799   0.0999415197802020
 323.4738709739703115 332.4878646327746485 364.6358856230429862  -0.4121584802197980
 324.0823627890929597 332.7335290301844026 362.6856882528362879   0.0999415197802020
 324.9384087277592386 331.5146556738052295 365.7073603409763498   0.0999415197802020
 321.7598893705037158 331.3426905956183801 364.5999808264984722   0.0999415197802020
 323.4133997376848112 318.3319261635705781 363.7363759832964720  -0.5579584818661324
 325.1236018888835462 318.8818364685416564 363.4812629552171202   0.3991415197802020
 324.2108641661995738 323.2414346594979618 363.7647218753053188   0.1655415197802020
 355.9355865024695709 340.1582630103610052 361.1153258355476949   0.0135415197802020
 355.0322974104551963 341.5793370630698046 362.3058532999180749  -0.0425584802197980
 355.6370097733099840 340.6325842699752485 359.1348928471982196  -0.0425584802197980
 354.7545076687687885 337.6090224557012561 361.6576772359831057   0.8053415186826456
 352.9290322234008439 337.5372128626122279 363.1505608817808798  -0.8188584780246854
 355.6955912834615540 335.6682737161641017 360.6882477292814937  -0.8188584780246854
 357.1336728713756185 345.6668146907414930 359.0233990052968704  -0.5819584818661324
 357.6363400229986547 350.1757012462775918 353.1274534674625559  -0.0024584802197980
 358.7493887158783233 351.3095369266303322 351.8140938043872987   0.0977415197802020
 357.7629516739713924 347.4261497214221467 352.2241643754482349  -0.0343584802197980
 356.6139981845472635 346.2469606138552946 353.4657144454344639   0.0294415197802020
 356.9409208057156435 347.3108764272529371 350.3363279676608597   0.0294415197802020
 360.4217963443986140 346.3735722648280323 352.1221191642164835   0.0117415197802020
 361.9845998571514857 346.8100990017638311 350.0169642510282006  -0.1256584802197980
 361.2948498182702118 347.9250374207773761 348.4522710121413986   0.1329415197802020
 354.9113549378842494 351.1451307529792040 352.9668267460792882   0.5972415203289801
 354.2537302432796290 352.4547109637866006 351.1564691097827319  -0.5679584818661324
 353.3183158069886006 350.6178971616151279 354.8641117845362075  -0.4157584802197979
 353.9664918709236235 349.5313046346104294 356.3021933724502719   0.2718415197802020
 350.5952204480080719 351.2188300722021087 354.7923021914471793  -0.0024584802197980
 349.7958662933594327 350.2947539927146084 353.1331226458643467   0.0977415197802020
 349.2818607849328147 350.1265683667956196 357.1412317759113396  -0.0343584802197980
 350.2059368644203152 350.8560026544892145 358.8344263919047560   0.0294415197802020
 347.3297736885921861 350.7898622398019773 357.1809160247236606   0.0294415197802020
 349.2194998225134380 347.2598538216370883 357.2300489042056328   0.0117415197802020
 347.6510271313587753 345.9105893620173169 355.5595310018192187  -0.1256584802197980
 346.5096325464703675 346.9197031175312499 354.2178254467351148   0.1329415197802020
 347.5716586337340797 343.2555241438579559 355.6143330597029281  -0.1704584802197980
 346.4075873352386160 342.2369617576744251 354.2820761352884755   0.1429415197802020
 349.0059607693803373 341.9327158501131012 357.4095728869281497  -0.1072584802197980
 348.9454895330948372 339.8918116254781253 357.4983900152224428   0.1296415197802020
 350.5082930458477089 343.2782008574650117 359.1292236687964824  -0.1704584802197980
 351.5079581706920443 342.2653076496832182 360.5767538873801446   0.1429415197802020
 350.6632505888292397 345.9257071710887054 359.0139503746272727  -0.1256584802197980
 351.8386602441282850 346.9272620220669710 360.3405381206399881   0.1329415197802020
 349.9886183590193540 354.0534192730839865 354.5012843668233133   0.5972415203289801
 347.8399997447508897 354.7337206812956631 353.9286973482451791  -0.5679584818661324
 351.8613369577353407 355.7201577232025401 354.8074200005185677  -0.4157584802197979
 353.5866569180054643 355.0152898752499313 355.2156008454455736   0.2718415197802020
 349.7637409490827254 359.0215092791629401 355.1343426216869477   0.1359415197802020
 351.7536225681017986 359.3465421741973898 351.7196074976912684   0.5972415203289801
 350.6311252445525861 361.2740628307970861 351.0411958156135221  -0.5679584818661324
 353.0027315426237485 357.9368064782921720 350.0301923339656588  -0.4157584802197979
 353.8266521370134278 356.3003036463163417 350.6103382570794605   0.2718415197802020
 353.0934383970519720 358.5698647331558064 347.3127661533868673  -0.0581584802197980
 353.6168925361481877 360.5465182692374214 347.0803298389145714   0.1359415197802020
 355.1059967296781011 356.9541488886531017 345.9842886812402217  -0.0074584802197980
 354.5712042337784112 354.9680467219018892 346.1373564980878758   0.0366415197802020
 355.1230042648834198 357.4416982312048032 343.9830687054176207   0.0366415197802020
 357.7724003046409900 357.2262694519377723 346.9650565447453616   0.1867415197802020
 359.6848031521692978 355.4650446951231883 346.5417578907470210  -0.5432584802197979
 350.5271903071869581 358.2221551245142472 345.9956270380437496   0.5972415203289801
 349.9035806829929213 359.6243319158838512 344.2457406380326936  -0.5679584818661324
 348.9965121387107397 356.4080180359498839 346.8592318812458035  -0.4157584802197979
 349.6239012151725832 355.3119768782755342 348.2916442907580770   0.2718415197802020
 346.5455373430148278 355.8108645776307636 345.7178372963573420  -0.0252584802197980
 346.8214373585673589 355.2118213931777131 343.7638604738827829   0.0697415197802020
 345.6630352384736325 354.2612891478153501 346.7515174916122611   0.0697415197802020
 344.7521872419235904 358.0766462122023142 345.7348448315626607   0.5972415203289801
 344.2249536505595680 359.2029229880193871 343.7733091045523806  -0.5679584818661324
 343.8866926725876601 358.8646620100474792 347.9647216695896971  -0.4157584802197979
 344.4460516082283359 357.9689318225688255 349.5539813482174854   0.2718415197802020
 342.0479891442822571 360.9282429482895106 348.1820401749906582  -0.0275584802197980
 340.4379424781813431 360.4803778545501839 346.9782846276828198   0.1122415197802020
 341.0691110069110473 361.0624135037979157 350.8900177248997984  -0.0050584802197980
 339.8086636755855692 362.6837985267023576 351.0525341724170502   0.0338415197802020
 339.9258266958887092 359.3824469707419039 351.2358376074074275   0.0338415197802020
 343.0174186509838691 361.2287094035829744 352.9347014018025810  -0.1415584802197980
 343.9037002077929251 359.2407175106978316 354.2518405171456987  -0.1638584802197980
 343.3764666164289026 357.3169763063659959 353.9778302277271515   0.2061415197802020
 345.5024085170903110 360.0117257733376778 356.1264488419956157  -0.3418584802197979
 346.3036523978729342 358.7966318692263115 357.3698886381157750   0.3411415197802020
 343.0476542691265923 363.5001602165563155 347.2938688920476719   0.5972415203289801
 341.5566603494627488 365.0346178373003946 346.3868003477654905  -0.5679584818661324
 345.5269749568312973 363.9820403807062263 347.4280394475560770  -0.4157584802197979
 346.6815976246571633 362.6649012653631086 348.1877093533923953   0.2718415197802020
 347.0519839469057247 364.3505369768209112 342.0933425714963688  -0.4157584802197979
 347.8985812549024597 362.8841094968979999 343.0004111157786041   0.2718415197802020
 346.7023846121303426 364.2106972429107153 339.3248937853017284  -0.0389584802197980
 347.5206360281182308 365.9020021327702550 338.4877451079746446   0.1006415197802020
 348.0648771546875183 361.9297977992677764 338.1608224868062646   0.3653415197802020
 347.6661449404301638 361.9127902640624576 336.1388155235105380   0.0042415197802020
 350.9297019737121730 362.0488505457047930 338.4934142863763819  -0.2438584802197979
 351.7800787339767150 360.3424278467739184 337.7072882146651470   0.0641415197802020
 351.6666951659414355 363.6853533776806232 337.4861902569963790   0.0641415197802020
 351.4380383037370001 362.2019183625524469 340.4814061792615784   0.0641415197802020
 347.2069414898873091 359.6337805465534490 339.1718259684541280  -0.6761584785734636
 347.7341750812513314 359.5222867046520998 340.9217123684651840   0.4101415197802020
 343.9093693861947159 364.1880205293036595 338.5501060703940215   0.5972415203289801
 343.2120604427777743 365.4976007401111098 336.7548662431688538  -0.5679584818661324
 342.2728665542188857 362.8935581275675977 339.9787390276384883  -0.4157584802197979
 342.9834035805732853 361.7238176506703431 341.3242240349904527   0.2718415197802020
 339.5270944816313010 362.9332423763799723 339.5611095520418849  -0.0237584802197980
 339.1359211719096140 362.3020738476502681 337.6392580738439795   0.0879415197802020
 338.1475944038688064 361.0983183003424299 341.3355623917939806   0.0341415197802020
 338.6918355304381476 361.4932710623319774 343.2800905835989420   0.0240415197802020
 336.1180285360374125 361.4214614692429492 341.1824945749463267   0.0240415197802020
 338.6634896384293010 358.3053030744068032 340.7497472902783884   0.0017415197802020
 340.6533712574483739 357.9160194908190465 341.0936774466520334   0.0439415197802020
 337.5731176591567421 357.1771365724558000 342.0801144885589106   0.0439415197802020
 337.9453937075392338 357.1979235599289256 337.5750073852906724  -0.2737584802197979
 334.6289243425074454 357.9708215487027558 337.2594231209258203  -0.0536584802197980
 333.9221667684209061 357.2206002735359814 335.4736319243702501   0.0683415197802020
 333.5725674336454704 357.1355625975095487 338.8127780030090944   0.0683415197802020
 334.3775907666959004 360.0173949517394686 337.2688717515954179   0.0683415197802020
 338.4027074319481582 365.5864178684054031 339.8256712107908881   0.5972415203289801
 336.9022648816147169 366.3782131185183750 338.2326320798952928  -0.5679584818661324
 339.1907232297933233 367.0226097301855374 341.7550815935244607  -0.4157584802197979
 340.3906993248333547 366.2591603720813584 343.0457645429927158   0.2718415197802020
 338.4216046932874074 369.6568879608717727 342.0801144885589106  -0.0518584802197980
 336.3618032073132363 369.7135797448894125 342.1235781896391457   0.0921415197802020
 342.7207316479582660 369.6266523427290495 339.7141773688895390   0.2718415197802020
 345.5213057784295602 369.5888578200506052 335.8666949602258675  -0.0297584802197980
 340.8234466095012930 371.7714915047296531 334.3038914474729956   0.5972415203289801
 340.2111753421108380 369.3809879453192415 333.7520914163679870  -0.4157584802197979
 340.9236020945991143 367.9807008800836215 334.8594709308458110   0.2718415197802020
 338.5274293567869656 368.6723406450987721 331.6393775986440369  -0.0875584802197980
 339.2889889887572679 369.4546872645422000 329.8932706509007877   0.0968415197802020
 338.3932588012785607 365.7735007556635872 331.3445803217523104   0.2984415197802021
 338.0228724790299991 364.9250137215329756 333.1851735761915901  -0.0297584802197980
 336.3107806016973337 364.9080061863276569 329.5191048763843656  -0.3192584802197979
 336.4147155390630154 362.8652122355588046 329.2602123960371534   0.0790415197802020
 334.4550695381866657 365.3407534709956489 330.2976720435599331   0.0790415197802020
 336.5243196548304344 365.8453103487526154 327.6955191571503511   0.0790415197802020
 340.9179329161973772 364.7549383694800565 330.3486946491757820  -0.3192584802197979
 340.8347849663048211 362.6989163357736923 330.2504288902118910   0.0790415197802020
 341.3034370475173271 365.5164980014503051 328.4721965981919883   0.0790415197802020
 342.4467213585396652 365.2727233301744812 331.6261495157065787   0.0790415197802020
 335.8931511261007839 369.8194044083889707 331.9681899459462935   0.5972415203289801
 334.9596264159436322 371.1006387271875743 330.2693261515510864  -0.5679584818661324
 334.7271901014713364 369.5094893224259096 334.1810592487681186  -0.4157584802197979
 335.5851257662715993 368.4436837828943367 335.5322134345218201   0.2718415197802020
 332.2573180444362828 370.6206482891715939 334.7574257196140596  -0.0024584802197980
 330.8608104314684696 369.8477503003978174 333.4591838656101909   0.0977415197802020
 331.5259940306087574 369.8779859185405406 337.4654032695232534  -0.0343584802197980
 330.8778179666737346 367.9277885483338423 337.4956388876659768   0.0294415197802020
 333.2097400159325762 369.9668030468348340 338.6502615554918428   0.0294415197802020
 329.5342226854557542 371.5749599868018176 338.6294745680187172   0.0117415197802020
 327.0700198068224379 371.6675565673639715 337.6316991693083120  -0.1256584802197980
 326.5503451199940829 370.4581318416543959 336.0783442872250379   0.1329415197802020
 328.6384924979770468 371.8281832887472928 326.7430971856540578   0.0559415197802020
 328.3474746733531810 371.7129099945780832 328.7821116841551033  -0.0173584802197980
 326.8016786958056277 371.5919675220071363 325.8360286413718763  -0.0173584802197980
 330.3373562923722539 369.6190934381933284 325.9135074128626416   0.0135415197802020
 331.7074077394652046 369.2241406762037807 327.3950527018568876  -0.0425584802197980
 329.1562774586714715 367.9391269051373702 325.7245347994705272  -0.0425584802197980
 331.7055180133312743 370.0915249716736413 323.4058408331491438   0.8053415186826456
 330.3468049230419053 370.4411243064490773 321.4839893549512384  -0.8188584780246854
 334.0544475977953809 370.0915249716736413 323.3623771320689624  -0.8188584780246854
 316.3250370093461863 361.1587895366278763 322.4099551605726153  -0.5679584818661324
 316.0718137074007649 365.0667431815770481 327.7767773809089771  -0.5679584818661324
 313.0312443579214538 361.4195717431090191 331.1008056504764865   0.5972415203289801
 313.8249293341683560 361.4384690044482144 333.2834393351555347  -0.5679584818661324
 313.4791094516607806 359.5374045137234345 329.4794206275720446  -0.4157584802197979
 312.7912491389134368 359.6904723305710886 327.7049677878199489   0.2718415197802020
 314.9474266577176221 357.2754023314197445 330.1181480608374163  -0.0875584802197980
 314.1310649678636103 356.4061283098159538 331.7981145938934281   0.0968415197802020
 314.9512061099854289 355.2930796169363389 327.9827575295064102   0.2984415197802021
 316.0926006948738905 355.9960577387550175 326.4180642906196081  -0.0297584802197980
 316.0642548028650438 352.7873027633567714 328.9181719657974385  -0.3192584802197979
 316.1096082300791555 351.4172513162638208 327.3837143450533597   0.0790415197802020
 318.0050035424021982 353.0518644221057209 329.5568993990628101   0.0790415197802020
 314.9474266577176221 352.0314123097882598 330.4734165740145893   0.0790415197802020
 312.3112587008974564 354.7167131460903442 326.9528567865192978  -0.3192584802197979
 312.5002313142895708 353.3693384126045031 325.4108402612395516   0.0790415197802020
 311.1282901410627437 353.9060206346381234 328.4268431709778766   0.0790415197802020
 311.4287565963562072 356.4174666666194816 326.2101944158882447   0.0790415197802020
 317.6837500996355553 357.9519242873635068 330.7512063157010508   0.5972415203289801
 318.6059364529891253 357.1034372532328951 332.6976242336399423  -0.5679584818661324
 318.9045131821487123 359.5846476670714766 329.2488740392336253  -0.4157584802197979
 318.0182316253396564 360.2460518139439039 327.6974088832842815   0.2718415197802020
 321.5633578525758803 360.2781771582206113 329.6419370750892428  -0.0518584802197980
 322.7198702465357303 358.5641955547540157 329.5965836478751309   0.0921415197802020
 322.4496394093849899 362.0866450683832373 327.5405616141688206  -0.1102584802197980
 321.1457283769793305 363.6815739254127627 327.4649725688119854   0.0456415197802020
 324.3034607467617277 362.8236382606124998 328.0583465748632453   0.0456415197802020
 322.6518401057145626 360.9093456869503153 324.8892758482773201   0.3530415197802020
 320.8830564443642574 359.9833798813288847 324.3941676011899511  -0.0361584802197980
 323.1582867096054594 363.0258389569420724 322.9768730007490122  -0.4121584802197980
 323.3680463104706995 362.2283745284273096 321.0965954974973581   0.0999415197802020
 321.5765859355133385 364.3410883461512598 322.9825421791507493   0.0999415197802020
 324.8911655744112504 364.0198349033846706 323.4814298785059787   0.0999415197802020
 324.8042381722508337 358.9950531132880773 324.6946340564834149  -0.4121584802197980
 324.9421881800270993 358.2561701949248310 322.7803414828211767   0.0999415197802020
 326.5843601904046667 359.8775552178292729 325.2275368262492279   0.0999415197802020
 324.4603080158771885 357.4039037085263589 325.9626402923445601   0.0999415197802020
 321.9961051372438723 361.4668148964570610 332.2403105092309642   0.5972415203289801
 323.5985928988091188 360.6296662191299237 333.6765023710111521  -0.5679584818661324
 320.5088906698478353 363.3792177439853688 332.9357297265139752  -0.4157584802197979
 319.1539570318263271 363.9688122977688217 331.7300844530722604   0.2718415197802020
 320.7734523285968386 364.5697452083557488 335.4339476755578755  -0.0597584802197980
 322.7708928521515792 364.9968233146219501 335.7098476911104066   0.0868415197802020
 319.2994659441382601 367.0868604187388444 335.5643387787984736   0.1302415197802020
 319.5507995199497512 367.8389714200394953 337.4691827217910604   0.0186415197802020
 320.4710961471694447 369.0011529924010824 333.7086277152878056  -0.3204584802197979
 322.5120003718043667 369.0767420377579174 333.9845277308402831   0.0881415197802020
 320.0799228374477040 368.4436837828943367 331.7640995234828442   0.0881415197802020
 316.4346411251136052 366.7467097146330599 335.0994661498538281  -0.0430584802197980
 316.1228363130166137 366.1249898165729533 333.1606071364506038   0.0235415197802020
 315.7146554680896078 365.2916205915136765 336.3618032073132363   0.0235415197802020
 320.0761433851798970 362.7707259288627206 337.6071327295673259   0.5972415203289801
 321.1513975553810676 363.0107211478707376 339.6499266803362317  -0.5679584818661324
 318.3621617817133015 360.9546991141643734 337.2008416107742503  -0.4157584802197979
 317.6232788633501087 360.7562778701026614 335.4490654846292640   0.2718415197802020
 317.7725672279298485 359.0158401007612030 339.0792293878919741   0.0336415197802020
 317.3681658352707032 359.9380264541147730 340.8782486673850025   0.0822415197802020
 315.3990712037247557 357.5853174173828059 338.2571985196362254  -0.1825584802197980
 314.7981382931378286 356.3513262519322443 339.7916561403803042   0.0602415197802020
 313.9061875579269819 358.9213537940651189 337.8112231520308289   0.0602415197802020
 315.7902445134464966 356.4382536540926073 336.5923497956516020   0.0602415197802020
 320.0251207795639945 357.2300489042056328 339.5176458509617033   0.5972415203289801
 320.8811667182303273 356.9919434113315460 341.6587055606945001  -0.5679584818661324
 321.0625804270867742 356.1472358294687413 337.4861902569963790  -0.5163584802197979
 320.2594468201702207 356.5119529733155119 335.7797675580655045   0.2935415197802020
 323.4398559035597276 354.6997056108850792 337.4162703900412812   0.0396415197802020
 323.2357654810962247 352.9006863313920508 338.3932588012785607   0.1104415197802020
 324.0294504573431268 354.1157802355033634 334.6345935209091826   0.0559415197802020
 322.4364113264475317 353.1085562061233606 333.7974448435820988  -0.0173584802197980
 324.2335408798066298 355.9034611581929174 333.6387078483327076  -0.0173584802197980
 326.4312923735570663 352.5529767227504915 334.2207434975804395   0.0135415197802020
 327.8013438206499632 352.9479294847400392 335.7136271433782134  -0.0425584802197980
 325.9645300184784905 350.5441978423922231 334.3265681610800516  -0.0425584802197980
 327.6142609333917791 353.1803657992123887 331.6526056815814414   0.8053415186826456
 326.2290916772274937 353.1331226458643467 329.7326439295174663  -0.8188584780246854
 329.9253959951774412 353.6622459633622994 331.6544954077153717  -0.8188584780246854
 325.5733567087568034 356.1302282942634226 338.7655348496610524   0.5365415197802020
 326.7544355424575858 355.1570193352940036 340.5192007019399690  -0.5819584818661324
 325.9796478275498790 358.5282907582095015 338.0852334414494297  -0.4157584802197979
 325.0083285947143366 359.2237099754925127 336.5829011649820044   0.2718415197802020
 328.0526773964615082 360.0192846778733989 339.1359211719096140  -0.0014584802197980
 329.7950048919368967 359.0045017439576751 338.7787629325985106   0.0875415197802020
 328.2208630223804970 362.6119889336133294 337.8433484963074824  -0.0152584802197980
 326.4728663485033176 363.6324410459307903 338.2288526276274323   0.0294415197802020
 329.7515411908567153 363.6588972118057068 338.7447478621879267   0.0294415197802020
 328.6951842819946866 362.6875779789701644 335.0049798431577439  -0.0011584802197980
 329.4283980219561421 360.5011648420233096 333.6500462051362356  -0.1906584802197980
 329.6400473489553125 358.7248222761373370 334.5741222846237359   0.1698415197802020
 329.7950048919368967 360.5540771737730886 331.0252166051195979  -0.2341584802197979
 330.2428699856762236 358.8514339271100210 330.0520076461501789   0.1655415197802020
 329.5039870673130309 363.0409567660134608 329.6287089921517844   0.3225415197802020
 329.9367343519809693 363.2450471884769637 327.1059246033669519  -0.5579584818661324
 330.0482281938823184 364.9854849578184222 326.6051471778777922   0.3991415197802020
 328.7103020910660751 365.3275253880581907 331.1669460651637239  -0.2341584802197979
 328.4362918016474741 367.1133165846137608 330.2844439606224749   0.1655415197802020
 328.3153493290765274 365.0251692066307968 333.7747681299750430  -0.1906584802197980
 327.6992986094182118 366.6012008023211269 334.8575812047119345   0.1698415197802020
 327.8561458785336727 360.3480970251756555 342.0045254432020755   0.5972415203289801
 329.7402028340531874 360.0532997482839827 343.3424515460183190  -0.5679584818661324
 325.6054820530334570 360.9792655539053597 342.9663960453680202  -0.4157584802197979
 324.1088189549678225 361.1304436446190834 341.7758685809976401   0.2718415197802020
 325.2029703865082418 361.3723285897609770 345.6743735952771604  -0.0518584802197980
 326.8772677411624629 362.2964046692484773 346.4434921317831301   0.0921415197802020
 322.8899455985886494 363.0976485500311006 346.0598777265971103  -0.1102584802197980
 321.4405256538710031 362.6214375642829270 344.6728187442988948   0.0456415197802020
 322.1000400746095540 362.7083649664433437 347.9250374207773761   0.0456415197802020
 323.4776504262381183 365.9530247383861041 345.9521633369635682   0.3530415197802020
 324.6700676167424286 366.4292357241342775 347.5640997291984123  -0.0361584802197980
 324.8155765290543616 366.8752110917396740 343.5559905991514195  -0.4121584802197980
 325.0725792832676437 368.9180050425085800 343.6278001922404476   0.0999415197802020
 326.6731773186989599 366.0021576178680763 343.4085919607055561   0.0999415197802020
 323.7044175623086770 366.3895514753219029 341.8949213274346566   0.0999415197802020
 321.0058886430691346 367.4364597535142804 346.1940482821055154  -0.4121584802197980
 321.4065105834604194 369.4546872645422000 346.2488503399892249   0.0999415197802020
 319.7889050128238380 367.0188302779176767 344.5840016160046015   0.0999415197802020
 320.0459077670371202 366.8959980792127997 347.9325963253130435   0.0999415197802020
 324.9837621549733503 358.8816695452527979 347.1596983365392670   0.5972415203289801
 325.5128854724713031 358.9081257111276606 349.4235902449769409  -0.5679584818661324
 324.3696011614489650 356.7481687400556684 345.9446044324279007  -0.4157584802197979
 323.8480367484866799 356.8521036774213503 344.0983419995868303   0.2718415197802020
 324.6606189860728310 354.2140459944673080 347.0652120298431829  -0.0875584802197980
 323.7743374292637751 354.2027076376637799 348.9247025456217115   0.0968415197802020
 323.3000161696495318 352.1334575210200114 345.5439824920366159   0.2984415197802021
 323.7497709895227889 352.3262095866799865 343.5427625162139612  -0.0297584802197980
 324.0823627890929597 349.4689436721910527 346.4038078829707555  -0.3192584802197979
 322.9390784780705679 348.0573182501518509 345.4419372808048646   0.0790415197802020
 326.0590163251745746 349.1098957067460192 345.9616119676331657   0.0790415197802020
 323.7951244167369007 349.2761916065310776 348.4371532030700100   0.0790415197802020
 320.4276324460892096 352.3167609560103350 345.8973612790798587  -0.3192584802197979
 319.4752104745929162 350.9391506043817708 344.6973851840398809   0.0790415197802020
 319.9287447467340339 351.9577129905653015 347.8645661844918758   0.0790415197802020
 319.7643385730828519 354.1970384592619892 345.3890249490550317   0.0790415197802020
 327.4574136642762643 353.6339000713534527 347.4998490406451052   0.5972415203289801
 328.2529883666571505 353.3088671763190030 349.6654751901188345  -0.5679584818661324
 328.9918712850203434 353.6263411668177853 345.4948496125546437  -0.4157584802197979
 328.2227527485143736 353.9116898130399141 343.7525221170792550   0.2718415197802020
 331.6809515735902882 352.9120246881955250 345.6479174294022440  -0.0875584802197980
 331.8189015813665537 351.0657622553545084 346.5512065214166188   0.0968415197802020
 332.8865968470320567 352.7513979668122574 342.9947419373768133   0.2984415197802021
 332.7032934120416794 354.5844323167158694 342.0763350362911038  -0.0297584802197980
 335.7022887865746855 352.0427506665917879 343.0854487918050368  -0.3192584802197979
 336.4619586924110575 351.9596027166992317 341.1711562181427987   0.0790415197802020
 336.7794326829098399 353.4524863624970057 344.1266878915956770   0.0790415197802020
 335.9460634578505631 350.2116060428221060 343.9944070622211486   0.0790415197802020
 331.5940241714299251 350.7577368955253236 341.3374521179278573  -0.3192584802197979
 332.4576290146319252 350.7558471693913935 339.4666232453458544   0.0790415197802020
 331.8075632245630258 348.8982463797467951 342.1972775088620505   0.0790415197802020
 329.5965836478751309 351.1867047279254551 341.1144644341251590   0.0790415197802020
 333.1757249455219924 354.7734049301079838 347.2900894397798115   0.5972415203289801
 334.7347490060070036 354.0118452981377354 348.8358854173274182  -0.5679584818661324
 332.6409324496223026 357.2338283564734396 347.1105654570572946  -0.4157584802197979
 331.3559186785558383 357.8026359227837670 345.8009852462498981   0.2718415197802020
 333.8012242958499058 359.1254442165286218 348.7640758242383900  -0.0252584802197980
 335.8383490682170208 359.1386722994660800 348.4598299166770660   0.0697415197802020
 333.0415543900135872 360.9773758277714294 348.2840853862224096   0.0697415197802020
 333.2909982396912019 358.6284462433073227 351.5740985853792817   0.5972415203289801
 335.0408846397022581 358.7550578942800604 353.1028870277216234  -0.5679584818661324
 330.9515172858966931 357.9670420964348953 352.2676280765284163  -0.4157584802197979
 329.5928041956073241 357.7648414001053227 350.9297019737121730   0.2718415197802020
 330.2882234128903354 357.3755578165175658 354.8811193197414725   0.0336415197802020
 330.8532515269328022 358.9553688644757027 356.0773159625136435   0.0822415197802020
 327.4158396893300132 357.0561940998848533 355.0870994683389058  -0.1825584802197980
 326.9037239070373793 356.6499029810917775 357.0410762908134647   0.0602415197802020
 326.4766458007711781 358.7928524169585047 354.4956151884215762   0.0602415197802020
 326.7771122560646416 355.5085083962033697 353.8871233732989280   0.0602415197802020
 331.6790618474563578 355.0228487797855985 355.8505488264430845   0.5972415203289801
 332.6862858768364144 355.0682022069997105 357.9462551089617697  -0.5679584818661324
 331.8075632245630258 353.0027315426237485 354.3368781931721850  -0.4157584802197979
 331.0063193437804026 353.0858794925163048 352.5907712454289358   0.2718415197802020
 333.0169879502726011 350.6273457922847791 355.1305631694190872  -0.0389584802197980
 332.1514933809366708 350.0207437032960613 356.8974571046354620   0.1006415197802020
 332.5540050474618859 348.5316395097660942 353.1746966208105979   0.3653415197802020
 333.3760359157176347 346.7798633836211079 353.8852336471649977   0.0042415197802020
 329.7307542033835360 348.1007819512320323 352.7211623486694803  -0.2438584802197979
 329.1902925290820553 346.2847551365337389 353.5167370510503664   0.0641415197802020
 328.5969185230307957 349.5653197050210133 353.6150028100142574   0.0641415197802020
 329.2904480141798766 348.1291278432408791 350.7104937421772817   0.0641415197802020
 333.6538256574040961 349.0305272091213236 350.8049800488733657  -0.6761584785734636
 333.2626523476823554 350.7520677171235865 350.3306587892591226   0.4101415197802020
 335.8081134500742976 351.0430855417474525 355.6615762130509701   0.5972415203289801
 336.7038436375529511 350.3835711210089015 357.6987009854180853  -0.5679584818661324
 337.1573779096940687 352.2903047901354723 353.9419254311826374  -0.4157584802197979
 336.3202292323669851 352.6701397430536314 352.2525102674570280   0.2718415197802020
 339.8521273766658045 352.7551774190800641 354.2367227080743638  -0.0014584802197980
 340.7289603028052627 350.9845040315958825 354.8282069879916933   0.0875415197802020
 340.9217123684651840 353.4543760886309358 351.6251211909951843  -0.0152584802197980
 339.6272499667291759 354.6959261586172185 350.6065588048115998   0.0294415197802020
 342.7056138388868776 354.4313644998682153 351.8254321611908267   0.0294415197802020
 341.4942993870433718 351.1281232177738852 350.0831046657154380  -0.0011584802197980
 343.9868481576854811 350.2021574121524546 350.1568039849383428  -0.1906584802197980
 345.4135913887960178 351.2244992506038994 351.1583588359166084   0.1698415197802020
 344.6123475080133945 347.9023607071703203 349.0191888523177957  -0.2341584802197979
 346.4831763805954511 347.2201695728247673 349.1382415987548121   0.1655415197802020
 342.5563254743070840 346.3735722648280323 347.7398442596530685   0.3225415197802020
 343.0136391987160086 344.0340913110335232 346.8100990017638311  -0.5579584818661324
 341.5623295278645395 342.9456090578948946 347.1011168263876971   0.3991415197802020
 339.9277164220226395 347.4922901361093841 347.6548065836266358  -0.2341584802197979
 338.4083766103499492 346.5058530942025069 346.7798633836211079   0.1655415197802020
 339.5308739338991615 349.8449991728413514 348.8113189775864321  -0.1906584802197980
 337.6865012271920215 350.6273457922847791 348.8018703469168345   0.1698415197802020
 340.4398322043152734 354.6373446484656486 356.3626646087357722   0.5972415203289801
 342.3390069689061229 354.2896350398241430 357.6609064627396408  -0.5679584818661324
 338.8524622518214154 356.5573064005296237 356.8388755944838921  -0.4157584802197979
 337.3350121662826553 356.8275372376803640 355.6955912834615540   0.2718415197802020
 339.1623773377845304 358.1730222450323284 359.0970983245198289  -0.0875584802197980
 341.0955671727859637 358.8835592713867282 359.1292236687964824   0.0968415197802020
 337.3803655934967670 360.4803778545501839 359.0706421586449125   0.2984415197802021
 335.4622935675667222 359.8586579564900773 358.6378948739769203  -0.0297584802197980
 337.3293429878809181 361.9184594424642485 361.5915368212958683  -0.3192584802197979
 336.5280991070982949 360.7373806087634661 363.0768615625579750   0.0790415197802020
 338.2288526276274323 362.4003396066141590 357.0788708134919090  -0.3192584802197979
 336.9079340600164540 363.9782609284384195 357.0108406726707413   0.0790415197802020
 340.1166890354147539 363.0995382761650309 357.5172872765616381   0.0790415197802020
 338.2553087935023488 361.5083888714033123 355.2344981067847689   0.0790415197802020
 338.8278958120804830 356.6196673629490543 361.5102785975372426   0.5972415203289801
 340.3566842544227710 356.8766701171623364 363.2374882839412965  -0.5679584818661324
 336.9457285826948983 354.9378111037591121 361.6161032610368546  -0.4157584802197979
 335.7438627615209905 354.7923021914471793 360.1269990675068876   0.2718415197802020
 336.5621141775088787 353.2502856661674329 363.7892883150462512  -0.0597584802197980
 336.4884148582859739 354.3992391555915618 365.5013801923789166   0.0868415197802020
 334.0109838967151995 351.8367705179943546 363.5700800835114136   0.1302415197802020
 333.8900414241442526 350.9901732099976196 361.6954717586615502   0.0186415197802020
 333.7747681299750430 349.7051594389312092 365.5372849889234307  -0.3204584802197979
 331.9398440539375004 348.7886422639793763 365.4068938856828863   0.0881415197802020
 335.2166291701569680 348.2670778510170909 365.2292596290942461   0.0881415197802020
 334.0204325273847970 350.4667190709014578 367.4402392057821408   0.0881415197802020
 331.7981145938934281 353.7208274735138694 363.9007821569476542  -0.0430584802197980
 331.6374878725101066 354.2499507910118220 365.8868843236988667   0.0235415197802020
 332.1817289990793940 355.4423679815161325 362.8387560696838882   0.0235415197802020
 329.2450945869658185 352.6965959089285479 362.9804855297279607  -0.0660584802197980
 328.6271541411735189 351.1205643132382178 364.1521157327591454   0.0185415197802020
 327.8334691649266167 354.1913692808602520 363.0938690977632400   0.0185415197802020
 329.4019418560812794 352.0748760108684415 361.0208395288516645   0.0185415197802020
 338.8297855382143594 351.4758328264153908 364.1313287452860197   0.5972415203289801
 339.7463027131661925 351.2226095244699693 366.2327042062064420  -0.5679584818661324
 339.8993705300137927 350.3646738596697062 362.1282190433294886  -0.4157584802197979
 339.0848985662937649 350.5763231866688766 360.4047888091932952   0.2718415197802020
 342.1764905213889249 348.7886422639793763 362.4116779634176869  -0.0518584802197980
 341.8646857092919334 347.5055182190468423 363.9971581897776148   0.0921415197802020
 342.6300247935300425 347.1653675149410041 360.0476305698821920  -0.1102584802197980
 343.0797796134032997 348.3974689542576891 358.4583708912544036   0.0456415197802020
 344.2778659823093471 345.9823989551063450 360.4161271659968230   0.0456415197802020
 340.4058171339046896 345.4457167330726713 359.2898503901797501   0.3530415197802020
 338.9620663675888879 346.5625448782201467 358.3733332152279709  -0.0361584802197980
 341.2902089645798689 343.4766221015267239 357.3831167210532332  -0.4121584802197980
 339.6726033939432877 342.3843603961202346 356.7613968229931266   0.0999415197802020
 342.1027912021659664 344.4366029775587383 355.7503933413452635   0.0999415197802020
 342.7075035650208078 342.2464103883440229 358.2353832074517054   0.0999415197802020
 339.1604876116506001 344.0227529542299953 361.4762635271266588  -0.4121584802197980
 337.6524861567814377 342.8473432989309500 360.7279319780938683   0.0999415197802020
 340.5588849507523437 342.8662405602701990 362.4551416644978686   0.0999415197802020
 338.3233389343234626 345.3531201525105175 362.8066307254072346   0.0999415197802020
 344.5443173671922268 350.3136512540538037 363.1448917033791427   0.5972415203289801
 346.2167249957125714 349.3045374985398707 364.4053390347046207  -0.5679584818661324
 344.6595906613614366 352.7457287884104664 362.4721491997031872  -0.4157584802197979
 343.2706419529293445 353.4279199227560733 361.3439826977521840   0.2718415197802020
 346.6154572099699259 354.4993946406893830 363.3489821258426456  -0.0252584802197980
 348.4654990950788568 353.6546870588265783 363.0428464921473911   0.0697415197802020
 346.4888455589972419 356.2247146009595066 362.2340437068291004   0.0697415197802020
 337.8320101395039543 347.8759045412954039 370.3844325224314374  -0.5679584818661324
 333.8201215571891547 342.7906515149133104 370.5998613016984683   0.0341415197802020
 335.5813463140037386 343.1648172894297324 369.5926372723184656   0.0240415197802020
 333.1719454932541317 340.9198226423313075 370.0386126399238622   0.0240415197802020
 331.8415782949736095 344.7427386112539927 369.7816098857105800   0.0017415197802020
 332.5313283338548300 346.6230161145056470 370.2748284066640186   0.0439415197802020
 331.6715029429206904 344.6690392920310342 367.7312570304060068   0.0439415197802020
 328.7084123649321448 344.3534550276661821 371.1365435237320885  -0.2737584802197979
 327.7541006673019211 341.3450110224635784 369.8156249561211639  -0.0536584802197980
 325.8341389152379460 340.9141534639295167 370.4260064973776888   0.0683415197802020
 327.8051232729178238 341.4565048643649275 367.7614926485487300   0.0683415197802020
 329.0126582724934688 339.8483479243979439 370.4543523893865355   0.0683415197802020
 342.9607268669662295 336.2503093654118871 368.9539098390530403   0.0790415197802020
 330.4129453377291427 329.1014754007877622 367.7728310053522579   0.1429415197802020
 351.5174068013616421 315.5332417592332145 356.9276927227781853   0.0284415197802020
 349.5993347754315971 317.4324165238240640 358.8589928316457421   0.0284415197802020
 352.5435280920808938 319.7889050128238380 355.8883433491215290   0.0686415197802020
 354.5277405326982298 316.7729021030855132 353.8436596722187464   0.4477415197802020
 347.8097641266081665 322.5913688694290623 360.2800668843544878  -0.5894584791222417
 344.8050995736733696 323.5059963182469650 363.1864656783253938  -0.4157584802197979
 342.9739549499036877 324.7003032348852057 361.4857121577962563  -0.0875584802197980
 343.7071686898651432 324.6700676167424286 359.5600812273304905   0.0968415197802020
 340.4284938475117455 323.2905675389799342 361.4535868135196028   0.2984415197802021
 339.3286732375695888 324.0162223744056686 359.8681065871596751  -0.0297584802197980
 340.8196671572334862 320.4597577903659168 361.0567443253961250  -0.3192584802197979
 339.0225376038743345 319.6074913039673910 360.5370696385678236   0.0790415197802020
 342.1840494259245923 320.1781885964116486 359.5600812273304905   0.0790415197802020
 341.5245350051860952 319.5564686983515422 362.7688362027287903   0.0790415197802020
 338.8524622518214154 323.5853648158716606 363.8459800990638910  -0.3192584802197979
 337.0553326984623174 322.6027072262325902 363.6267718675290532   0.0790415197802020
 338.4669581205015192 325.5771361610246639 364.2182561474463827   0.0790415197802020
 342.7320700047617941 327.4763109256155135 362.2529409681682959   0.5972415203289801
 343.8092139010968946 328.2605472711928179 364.1577849111609362  -0.5679584818661324
 341.3563493792671063 328.9786432020828851 360.7789545837097172  -0.4157584802197979
 340.3642431589584383 328.2208630223804970 359.3427627219295830   0.2718415197802020
 340.9273815468669749 331.6412673247779672 361.3798874942966982  -0.0014584802197980
 341.5472117187931510 331.9719693982141540 363.3092978770302710   0.0875415197802020
 342.4977439641555141 333.3628078327801764 359.6092141068124627  -0.0152584802197980
 342.1916083304603134 332.7769927312646379 357.6571270104718340   0.0294415197802020
 341.8684651615597402 335.3148949291208589 359.7773997327314516   0.0294415197802020
 345.3002078207607383 333.3420208453070510 360.2158161958011807  -0.0011584802197980
 346.0806647140702360 333.5687879813776097 362.7537183936574554  -0.1906584802197980
 344.7408488851200623 333.9316153990905039 364.2466020394552295   0.1698415197802020
 348.6091182812568595 333.1643865887184645 363.4132328143959527  -0.2341584802197979
 349.1703669430314656 333.1700557671202552 365.3634301846027048   0.1655415197802020
 350.4156964652855551 332.6919550552381515 361.5291758588764379   0.3225415197802020
 352.8194281076334249 332.1061399537225591 362.1905800057489190  -0.5579584818661324
 353.9627124186557630 333.4610735917441212 361.5839779167602011   0.3991415197802020
 349.6862621775919602 332.6768372461667630 358.9685969474131609  -0.2341584802197979
 351.1054465041668292 332.2648769489719503 357.5720893344453477   0.1655415197802020
 347.1237935399947528 332.9791934275942105 358.3053030744068032  -0.1906584802197980
 346.5549859736844793 332.8110078016752217 356.3551057042000511   0.1698415197802020
 338.1381457731992088 332.3196790068556596 361.5272861327425613   0.5972415203289801
 336.4808559537502528 330.7568754941027879 361.0661929560657764  -0.5679584818661324
 337.7167368453347447 334.6818366742572244 362.2907354908467402  -0.4157584802197979
 339.2455252876770328 335.7287449524496019 362.7215930493807483   0.2718415197802020
 335.2789901325763448 335.7873264626011719 362.8708814139605417   0.0336415197802020
 334.2547585679910234 334.4985332392668471 364.1143212100807547   0.0822415197802020
 335.8572463295562698 338.2175142708239045 364.3656547858922461  -0.1825584802197980
 334.1168085602147576 339.0754499356241674 365.0610740031752571   0.0602415197802020
 337.0156484496499964 337.7583108202810497 366.0116062485376740   0.0602415197802020
 336.8758087157398005 339.5554403736401478 363.1902451305932544   0.0602415197802020
 333.6330386699309168 336.1803894984567893 360.4898264852197815   0.5972415203289801
 333.6935099062164171 334.7007339355964736 358.7002558363963509  -0.5679584818661324
 332.1628317377401987 338.2326320798952928 360.4595908670770583  -0.4157584802197979
 332.3366865420609784 339.3815855693193680 361.9694820480800974   0.2718415197802020
 330.0614562768197766 338.8543519779553457 358.7248222761373370  -0.0875584802197980
 328.5062116686025722 337.5750073852906724 359.1537901085374686   0.0968415197802020
 329.2261973256265695 341.6095726812125279 359.2974092947154712   0.2984415197802021
 327.3648170837141644 341.8930316013007263 358.4640400696561944  -0.0297584802197980
 329.0655706042432480 342.1953877827281202 362.1452265785348072  -0.3192584802197979
 328.3247979597461250 344.0945625473189698 362.4230163202212150   0.0790415197802020
 327.8126821774534911 340.8499027753762095 363.0655232057544471   0.0790415197802020
 330.9156124893521789 342.1594829861836062 363.0447362182813214   0.0790415197802020
 331.0214371528517909 343.6051234786333919 358.1805811495679959  -0.3192584802197979
 330.3316871139705168 345.4929598864207134 358.6397846001108506   0.0790415197802020
 332.9187221913087102 343.3878049732324307 358.9553688644757027   0.0790415197802020
 331.1045851027442935 343.4407173049822635 356.1340077465312831   0.0790415197802020
 330.5471158932375478 338.5992389498759937 355.8713358139162102   0.5972415203289801
 328.7556555182801869 338.8316752643482898 354.4294747737343388  -0.5679584818661324
 332.8639201334250009 338.0682259062441108 355.0209590536516684  -0.3479584802197979
 334.1602722612949929 337.6619347874510352 356.3607748826018420   0.2746415197802020
 333.5876852427168051 337.6203608125047841 352.3696732877601679  -0.2637584802197979
 333.4818605792172467 339.3815855693193680 351.3152061050320693   0.1559415197802020
 336.2994422448938058 336.5772319865802673 352.2487308151891673  -0.0007584802197980
 336.3674723857149735 334.7309695537391968 353.1690274424088608   0.0326415197802020
 336.7321895295617978 336.3051114232955966 350.2512902916344270   0.0326415197802020
 338.3290081127252536 338.2666471503058230 353.4694938977023244   0.0389415197802020
 338.2042861878864462 340.1677116410306028 352.6814780998571593   0.0284415197802020
 338.0020854915568734 338.3705820876715047 355.5009494916676488   0.0284415197802020
 341.0029705922238099 337.2140696937117086 353.0197390778290674   0.0485415197802020
 342.3768014915845674 338.4631786682336585 353.9211384437095117   0.0686415197802020
 341.1447000522679361 335.3526894517993032 353.8946822778345953   0.0686415197802020
 341.5302041835878324 337.0855683166050406 350.2909745404468016  -0.5295584802197979
 341.1182438863930197 338.6786074475006894 349.3026477724059404   0.3455415197802020
 341.7531918673905843 335.0371051874344512 348.8887977490771974   0.8075415208777582
 342.4070371097272906 332.8355742414161542 349.7883073888237115  -0.8627584796710198
 342.9474987840287712 332.7032934120416794 351.5986650251202678   0.4477415197802020
 342.5997891753872656 331.3370214172166430 348.6336847209978456   0.4477415197802020
 341.2240685498926317 335.2109599917551772 346.4982941896668396  -0.8627584796710198
 340.6193561870377903 336.8852573464093983 345.8161030553212329   0.4477415197802020
 341.0936774466520334 333.6330386699309168 345.4457167330726713   0.4477415197802020
 331.8302399381700816 335.7438627615209905 351.0317471849439246   0.7340415181338675
 330.6907350794155505 336.3088908755634573 349.1004470760763677  -0.5894584791222417
 331.3767056660289640 333.5650085291097493 352.2109362925107767  -0.4157584802197979
 332.2762153057754781 333.2324167295396320 353.8587774812900813   0.2718415197802020
 329.6192603614821869 331.6620543122510928 351.2150506199342482  -0.0014584802197980
 330.0746843597572348 331.3483597740201711 349.2289484531830356   0.0875415197802020
 329.9915364098646786 329.1524980064036647 352.6474630294465755  -0.0152584802197980
 330.0331103848109299 329.5209946025182960 354.6751391711440929   0.0294415197802020
 328.3418054949514439 327.9714191727028822 352.2959739685372094   0.0294415197802020
 332.3196790068556596 327.6199301117935162 351.9123595633511896  -0.0011584802197980
 331.9889769334194728 325.4920984849981775 350.3249896108573316  -0.1906584802197980
 330.1389350483105419 325.0102183208482668 349.6730340946545020   0.1698415197802020
 334.0393297887239924 323.9519716858523616 349.6125628583690554  -0.2341584802197979
 333.7785475822428498 322.3286969368139894 348.4466018337396078   0.1655415197802020
 336.6736080194102279 324.6247141895283168 350.5309697594547649   0.3225415197802020
 338.7031738872416756 323.2263168504266269 349.8034251978951001  -0.5579584818661324
 340.3283383624139243 323.8933901757007916 350.3533355028661783   0.3991415197802020
 336.9192724168199819 326.9188417161087142 352.2468410890552909  -0.2341584802197979
 338.7220711485808710 327.4309574984014018 352.9819445551506229   0.1655415197802020
 334.7234106492034757 328.2945623416034018 352.8798993439188715  -0.1906584802197980
 334.8802579183189903 329.8516966759545366 354.1516850320478774   0.1698415197802020
 326.8111273264752255 332.4916440850425090 351.2717424039518878   0.5972415203289801
 325.2388751830527560 331.2444248366544892 350.0944430225189661  -0.5679584818661324
 326.1535026318706049 334.5514455710166800 352.5926609715628662  -0.4157584802197979
 327.5556794232402091 335.5662285049324040 353.4014637568811568   0.2718415197802020
 323.6439463260231769 335.7533113921905880 352.5303000091434356  -0.0237584802197980
 322.2247619994483613 334.3454654224192469 352.0578684756631226   0.0879415197802020
 322.9371887519366376 336.8323450146596191 355.1381220739548083   0.0341415197802020
 324.3110196512973951 338.2590882457701555 355.6880323789258866   0.0240415197802020
 321.1268311156400813 337.7923258906916334 354.9926131616428753   0.0240415197802020
 322.7708928521515792 334.8745887399171995 357.2716228791518841   0.0017415197802020
 324.4621977420111189 333.6972893584842777 357.2829612359554120   0.0439415197802020
 322.7463264124105929 335.9252764703774375 359.0441859927699961   0.0439415197802020
 319.9892159830194805 332.8582509550232099 357.3169763063659959  -0.2737584802197979
 320.6695173912311569 330.5452261671036175 354.8886782242771936  -0.0536584802197980
 319.7227645981366006 328.7802219580211730 355.3629994838914369   0.0683415197802020
 319.9684289955463549 331.2066303139760449 353.0688719573110396   0.0683415197802020
 322.6971935329286743 330.2296419027387654 354.7771843823758445   0.0683415197802020
 323.4398559035597276 337.8055539736290379 350.4893957845085136   0.5972415203289801
 321.5709167571116014 337.8338998656378847 349.1023368022102981  -0.5679584818661324
 325.3182436806774516 339.4836307805511196 350.2380622086969687  -0.4157584802197979
 326.8451423968858093 339.3551294034445053 351.3907951503889581   0.2718415197802020
 323.5494600193271464 342.3919193006559557 348.2670778510170909   0.0778415197802020
 325.4750909497929125 340.1601527364949355 345.6101229067238533   0.5972415203289801
 323.9311846983792359 340.8196671572334862 344.0019659667568697  -0.5679584818661324
 327.0284458318761867 338.1853889265472509 345.2813105594215430  -0.4157584802197979
 328.3361363165496531 337.8225615088343568 346.6381339235769816   0.2718415197802020
 327.3383609178392480 336.8928162509451193 342.8567919296005476  -0.0275584802197980
 328.1830684997020526 338.2042861878864462 341.5094171961147067   0.1122415197802020
 329.0069890940917317 334.5325483096774310 343.2687522267954141  -0.0050584802197980
 328.4589685152545301 333.6254797653952494 345.0356461620117890   0.0338415197802020
 328.5496753696827536 333.1984016591290483 341.7664199503279888   0.0338415197802020
 331.8359091165718187 334.7460873628105317 343.2082809905099138  -0.1415584802197980
 333.1776146716559227 336.7246306250261304 342.3163302552990671  -0.1638584802197980
 332.3763707908732994 338.4839656557067842 341.6681541913640979   0.2061415197802020
 335.6833915252354902 336.0518881213501215 342.1103501067016875  -0.3418584802197979
 337.0288765325874546 337.1913929801046526 341.3525699269992458   0.3411415197802020
 336.0934620962964262 333.5857955165829286 342.8001001455829079   0.1379415197802020
 338.2288526276274323 332.0116536470265288 342.6961652082172799  -0.2601584802197979
 339.9201575174869184 332.6484913541579699 341.8004350207385727   0.1571415197802020
 338.0946820721190272 329.5757966604020054 343.7487426648113945  -0.1134584802197980
 339.6933903814164133 328.3418054949514439 343.6901611546598246   0.1416415197802020
 335.8421285204848814 328.7424274353427286 344.8844680712980652  -0.1972584802197980
 335.7684292012619766 326.8980547286355885 345.7008297611520768   0.1446415197802020
 333.6708331926093613 330.2825542344885446 344.9014756065033839  -0.2387584802197980
 331.9776385766159449 329.6041425524108520 345.7499626406339955   0.1699415197802020
 333.7105174414217359 332.7788824573985143 343.7638604738827829   0.1242415197802020
 324.8061278983847640 336.0292114077430655 341.7361843321852654   0.5972415203289801
 324.4905436340199119 336.0443292168144540 339.4326081749352705  -0.5679584818661324
 322.9825421791507493 335.3035565723173310 343.3311131892147909  -0.4157584802197979
 323.3113545264530596 335.5019778163790430 345.2019420617968474   0.2718415197802020
 320.4559783380980564 334.5967989982307917 342.4920747857537769   0.0336415197802020
 320.6430612253562405 333.1908427545933809 340.9991911399560031   0.0822415197802020
 319.0386837376571175 333.3665872850480371 344.7030543624416180  -0.1825584802197980
 317.1886418525481864 332.7221906733808747 344.0662166553101767   0.0602415197802020
 320.1025995510547598 331.7470919882775256 345.4060324842603504   0.0602415197802020
 318.7816809834438353 334.7196311969356689 346.2375119831856969   0.0602415197802020
 319.0178967501839918 336.8455730975970773 341.3469007485975087   0.5972415203289801
 318.2015350603299800 336.6868361023476861 339.1718259684541280  -0.5679584818661324
 318.7079816642208768 338.9280512971783040 342.7471878138331288  -0.4157584802197979
 319.6604036357172239 339.0603321265527788 344.4044776332820848   0.2718415197802020
 317.3360404909940497 341.1654870397410615 341.8098836514081703  -0.0875584802197980
 315.5219034024296866 340.5078623451364411 341.0955671727859637   0.0968415197802020
 316.6651877134520245 343.0400953645909251 343.9433844566052997   0.2984415197802021
 315.6522945056702311 341.9950768125324779 345.4022530319924899  -0.0297584802197980
 318.9536460616306309 344.2873146129789449 345.1887139788593892  -0.3192584802197979
 318.3205878067670503 345.6139023589916601 346.6305750190413142   0.0790415197802020
 320.0912611942512319 342.8454535727970197 346.1014517015433616   0.0790415197802020
 320.0629153022424388 345.3058769991625291 343.7884269136237692   0.0790415197802020
 314.8945143259677892 345.1244632903060821 342.9909624851089527  -0.3192584802197979
 314.2860225108451410 346.3055421240068646 344.5688838069332131   0.0790415197802020
 315.8469362974641363 346.3093215762746714 341.6020137766768605   0.0790415197802020
 313.2277758758492356 344.2778659823093471 342.1273576419069527   0.0790415197802020
 318.7004227596852094 342.3635734086471092 339.5497711952383568   0.5972415203289801
 317.4721007726363849 342.9078145352164503 337.6468169783797006  -0.5679584818661324
 321.2118687916665677 342.4920747857537769 339.6007938008542595  -0.4157584802197979
 322.1283859666183471 341.9988562648003383 341.2183993714908407   0.2718415197802020
 322.1170476098148190 345.3833557706532946 337.0742299598015664   0.0863415197802020
 322.4666469445902549 341.9289363978452405 335.0975764237198978   0.5972415203289801
 321.9658695191011489 342.9701754976358270 333.0736797342902410  -0.5679584818661324
 322.6121558569021879 339.4080417351942844 335.2600928712371494  -0.4157584802197979
 323.0467928677041103 338.6086875805455915 336.9513977610966355   0.2718415197802020
 322.1642907631628611 337.7696491770845776 333.0831283649598386   0.0336415197802020
 323.4209586422204786 338.3630231831358373 331.5600091010193413   0.0822415197802020
 322.8086873748300235 335.0446640919701186 333.8314599139926826  -0.1825584802197980
 322.4798750275277132 333.7785475822428498 332.2440899614988246   0.0602415197802020
 324.7910100893134291 334.9161627148634508 334.3832599450976912   0.0602415197802020
 321.6238290888613806 334.4437311813831378 335.4112709619508195   0.0602415197802020
 319.4374159519144719 337.9775190518158873 332.0834632401155031   0.5972415203289801
 319.0367940115231871 337.8093334258968986 329.7931151658029666  -0.5679584818661324
 317.5420206395914829 338.3762512660732955 333.7218557982252638  -0.4157584802197979
 317.9520912106523653 338.4461711330283935 335.5983538492090575   0.2718415197802020
 314.9341985747801639 338.8619108824910668 332.8506920504875427  -0.0389584802197980
 314.4598773151659206 337.4124909377734206 331.4711919727250481   0.1006415197802020
 312.8819559933416603 338.6823868997685500 334.9067140841938530   0.3653415197802020
 311.0829367138486319 339.0943471969633627 333.9883071831081435   0.0042415197802020
 312.6136148823248503 336.0443292168144540 336.0386600384127169  -0.2438584802197979
 311.2378942568301625 336.0877929178946354 337.5712279330228117   0.0641415197802020
 311.9370929263810344 334.7536462673462528 334.5892400936950706   0.0641415197802020
 314.4126341618178787 335.3715867131384986 336.7605354215705909   0.0641415197802020
 313.1143923078140100 340.4341630259135363 336.8928162509451193  -0.6761584785734636
 314.7754615795307727 341.2146199192229803 336.8871470725433284   0.4101415197802020
 314.6828649989686189 341.3884747235437598 331.4749714249928549   0.5972415203289801
 313.3506080745541665 341.4848507563737206 329.5644583035984774  -0.5679584818661324
 316.0037835665795972 343.3632385334914444 332.3499146249984366  -0.4157584802197979
 317.0676993799772397 343.1289124928852182 333.9335051252244342   0.2718415197802020
 316.1152774084809463 345.8406694950622190 331.1291515424852796  -0.0252584802197980
 314.2217718222918340 346.6438031019787724 331.0195474267178608   0.0697415197802020
 317.3114740512530636 347.0973373741198364 332.2384207830970339   0.0697415197802020
 317.1980904832178378 345.6611455123397022 328.4627479675223906   0.5972415203289801
 315.9055178076156526 346.3735722648280323 326.6599492357615017  -0.5679584818661324
 319.4279673212448742 344.4876255831745872 328.1962965826395109  -0.4157584802197979
 320.3822790188750979 343.9962967883550789 329.7874459874011756   0.2718415197802020
 320.6166050594813777 344.0265324064978021 325.7320937040061944  -0.0518584802197980
 321.0191167260065928 345.8350003166604819 324.8231354335900827   0.0921415197802020
 323.1374997221323337 342.6243556151282517 326.1062594785226167  -0.1102584802197980
 322.7501058646784535 340.8385644185726816 327.0605711761528402   0.0456415197802020
 323.9198463415757080 342.1897186043263831 324.2467689627440880   0.0456415197802020
 325.1406094240888112 344.0888933689172327 327.6331581947309744   0.3530415197802020
 324.3563730785115068 344.7162824453790762 329.4227288435544050  -0.0361584802197980
 327.3553684530445666 342.3257788859687185 328.1887376781037897  -0.4121584802197980
 328.7991192193603683 343.3575693550897073 329.2224178733587627   0.0999415197802020
 326.6901848539042786 340.7459678380105277 329.3282425368583209   0.0999415197802020
 328.1301561679522735 341.6228007641499862 326.4142848383517475   0.0999415197802020
 326.1648409886741328 346.3962489784350881 326.2517683908345495  -0.4121584802197980
 327.5878047675168626 347.3600093067349093 327.3874937973212202   0.0999415197802020
 326.9452978819836306 345.8387797689282887 324.4414107545379932   0.0999415197802020
 324.6303833679301076 347.7058291892424848 325.8908306992555856   0.0999415197802020
 318.8912850992112542 342.5582152004410144 323.9406333290488335   0.5972415203289801
 318.4094049350613434 343.3972536039020283 321.8316989635927440  -0.5679584818661324
 317.8783918914294605 340.3906993248333547 324.7683333757063732  -0.4157584802197979
 318.3205878067670503 339.7840972358446368 326.5314478586548876   0.2718415197802020
 316.2948013912034631 338.8184471814108316 323.1186024607930848  -0.0597584802197980
 317.3757247398064243 338.4178252410195468 321.4121797618622102   0.0868415197802020
 315.6333972443310358 336.2786552574206802 324.4111751363952163   0.1302415197802020
 314.9682136451907477 336.7019539114190746 326.3179088055217869   0.0186415197802020
 313.4866683561964481 334.8462428479084066 323.0638004029093753  -0.3204584802197979
 313.2277758758492356 332.9924215105316150 323.9236257938435685   0.0881415197802020
 311.7159949687122664 335.8874819476989931 323.2300963026944339   0.0881415197802020
 313.9194156408644401 334.6194757118378477 321.0606907009528439   0.0881415197802020
 317.9842165549290725 334.5514455710166800 324.6606189860728310  -0.0430584802197980
 319.5054460927356395 335.6172511105482528 325.5393416383462196   0.0235415197802020
 317.5155644737165665 332.9962009627994755 325.9286252219339763   0.0235415197802020
 319.0292351069875197 333.4176098906639396 322.1983058335734449  -0.0660584802197980
 319.5470200676819444 334.9104935364617137 320.8754975398285902   0.0185415197802020
 320.7148708184452686 332.3140098284539225 322.6291633921075066   0.0185415197802020
 317.6421761246893040 332.1722803684097965 321.3271420858357238   0.0185415197802020
 313.9666587942124822 340.2867643874676730 322.2455489869214870   0.5972415203289801
 313.3751745142950989 340.2017267114411866 319.9986646136891317  -0.5679584818661324
 312.6684169402085596 341.6492569300249026 323.9387436029149034  -0.4157584802197979
 313.3147032780096523 341.7645302241941122 325.7434320608097225   0.2718415197802020
 310.4820038032617048 343.1799350985011208 323.2055298629534476  -0.0275584802197980
 309.1308496175080033 344.2419611857648329 325.5374519122122892  -0.0050584802197980
 308.6357413704206344 342.6829371252798217 326.7922300651360302   0.0338415197802020
 310.4272017453779417 345.4778420773493249 326.5597937506636805   0.0338415197802020
 310.2420085842536877 350.0150745248942705 324.0918114197625573   0.1699415197802020
 311.1925408296160508 345.2888694639572104 321.3535982517106402   0.5972415203289801
 313.3619464313576944 346.5304195339434932 321.7031975864860760  -0.4157584802197979
 314.4542081367641298 346.0749955356684452 323.2187579458909058   0.2718415197802020
 314.3238170335235853 348.4711682734805939 319.9835468046177434  -0.0518584802197980
 312.8762868149399232 349.9205882181981863 319.7548899424132542   0.0921415197802020
 316.6500699043806362 349.6843724514580299 321.2515530404788887  -0.1102584802197980
 316.0680342551329042 350.2550697439022874 323.1431689005340709   0.0456415197802020
 318.1221665627052844 348.2614086726153538 321.4839893549512384   0.0456415197802020
 317.8292590119474883 352.0162945007168715 319.9703187216802852   0.3530415197802020
 316.3722801626942284 353.4430377318274080 319.6660728141189610  -0.0361584802197980
 319.8096920002969637 353.1047767538555001 321.7655585489054529  -0.4121584802197980
 320.6449509514901708 354.8187583573220958 321.0153372737387322   0.0999415197802020
 318.9593152400324219 353.5375240385234921 323.5891442681394674   0.0999415197802020
 321.3063550983625982 351.7177177715573381 322.0490174689936515   0.0999415197802020
 319.1293905920853410 351.4399280298708766 317.4513137851632593  -0.4121584802197980
 320.4616475164997935 352.9252527711329832 316.9732130732812092   0.0999415197802020
 320.1933064054829834 349.6824827253241532 317.6062713281447900   0.0999415197802020
 317.7442213359210556 351.2755218562197485 315.9452020564280272   0.0999415197802020
 314.8642787078250660 347.3600093067349093 317.3606069307350358   0.5972415203289801
 316.3760596149620889 345.3512304263766409 317.2415541842980192  -0.5163584802197979
 317.1848624002803796 344.7559666941914509 318.8856159208095170   0.2935415197802020
 317.2358850058962284 344.1871591278811236 314.8869554214321218   0.0380415197802020
 318.2015350603299800 345.6195715373934511 313.7682375501507163   0.0879415197802020
 319.1142727830139524 342.0442096920144501 315.4500938093406583  -0.0303584802197980
 318.1788583467229242 340.6042383779664554 316.5933781203629964  -0.0122584802197980
 319.6679625402528913 341.1730459442767290 313.6643026127850883  -0.0122584802197980
 321.5066660685582405 342.8926967261450618 316.8125863518978879   0.7993415186826456
 322.7330983294731346 341.2316274544282989 317.9558706629202260  -0.8014584791222417
 322.2058647381091123 345.1376913732435404 316.5518041454167453  -0.8014584791222417
 313.8494957739093421 341.0256473058308659 316.2834630343999351   0.2718415197802020
 309.6108400555239835 324.5264484305644259 325.2199779217135068   0.0822415197802020
 309.6297373168631789 327.9355143761583683 323.0335647847666521  -0.1825584802197980
 311.6290675665519034 328.3077904245408600 323.3642668582028388   0.0602415197802020
 308.9607742654550840 327.5726869584454741 327.7862260115785746   0.5972415203289801
 310.6445202507789028 326.8394732184840186 329.2091897904213045  -0.5679584818661324
 309.2310051026058244 331.4145001887074083 331.1971816833064473   0.0868415197802020
 305.7482398377889237 334.5249894051417635 333.2815496090216044  -0.3204584802197979
 307.6776502205225502 335.2109599917551772 333.4837503053511770   0.0881415197802020
 308.3919666991447568 335.7230757740478648 328.0243315044526614  -0.0660584802197980
 309.7506797894341794 334.2075154146429813 327.7144164184896001   0.0185415197802020
 308.3390543673949776 336.9173826906860518 326.3462546975305799   0.0185415197802020
 309.0023482404013353 336.8758087157398005 329.6192603614821869   0.0185415197802020
 308.0253598291640559 328.9918712850203434 335.0730099839789117  -0.5679584818661324
 310.0435873401919757 320.7262091752487965 333.2116297420665065  -0.0275584802197980
 309.5843838896490671 319.3618269065576368 334.6875058526590154   0.1122415197802020
 310.1399633730219363 319.2748995043972740 330.7077426146208155  -0.0050584802197980
 310.1399633730219363 320.6109358810795869 329.1411596496001368   0.0338415197802020
 311.9181956650418391 318.2336604046066335 330.6340432953979107   0.0338415197802020
 311.3097038499191907 308.9853407051960703 329.9442932565166365   0.1446415197802020
 310.1966551570395760 312.9084121592165768 330.1162583347034860  -0.2387584802197980
 312.1014991000322164 313.6132800071691856 330.2901131390242657   0.1699415197802020
 312.6211737868605176 321.8316989635927440 333.9429537558940318   0.5972415203289801
 314.1329546939975406 320.4692064210355146 335.0654510794432442  -0.5679584818661324
 313.1238409384836076 324.2562175934136856 333.4138304383960792  -0.4157584802197979
 311.8596141548902691 325.2710005273294095 332.3914885999446879   0.2718415197802020
 315.5256828546974934 325.4561936884536633 334.1489339044914650  -0.0389584802197980
 317.0299048572987954 324.2222025230031019 333.5177653757617609   0.1006415197802020
 315.9792171268386111 327.9865369817742171 332.7902208142020424   0.3653415197802020
 315.6938684806164822 327.7087472400878093 330.7682138509063158   0.0042415197802020
 314.3559423778002389 330.1994062845960422 333.6594948358058332  -0.2438584802197979
 314.6601882853615631 331.8037837722951652 332.4066064090160226   0.0641415197802020
 312.3811785678525543 329.6646137886962986 333.5763468859132772   0.0641415197802020
 314.8491608987536775 330.7493165895671204 335.5832360401376689   0.0641415197802020
 318.4868837065521089 328.7291993524052704 333.1927324807273112  -0.6761584785734636
 318.7212097471583351 330.4072761593273519 332.5388872383905511   0.4101415197802020
 315.8148109531874827 325.6130409575691242 337.0194279019178032   0.5972415203289801
 317.6554042076267622 324.6549498076710939 338.0644464539762504  -0.5679584818661324
 313.8872902965877865 326.5522348461280130 338.3668026354036979  -0.4157584802197979
 312.3792888417186240 327.2835588599555385 337.4540649127197255   0.2718415197802020
 313.9590998896767610 326.6467211528240972 341.1484795045357429  -0.0875584802197980
 315.7108760158218010 327.5859150413829323 341.6927206311050840   0.0968415197802020
 311.7783559311316432 328.2189732962465666 342.2728665542188857   0.2984415197802021
 312.1374038965766767 328.4287328971118067 344.2910940652468053  -0.0297584802197980
 311.7027668857748082 330.8740385144059278 341.1087952557234219  -0.3192584802197979
 310.3723996874942322 332.0513378958388496 342.1519240816479388   0.0790415197802020
 313.5660368538211435 331.7452022621435952 341.2202890976247710   0.0790415197802020
 311.1112826058574787 330.7965597429151625 339.1359211719096140   0.0790415197802020
 309.1591955095167962 327.0171074750726588 341.9667309205236848  -0.3192584802197979
 308.7321174032505950 326.7393177333861973 339.9711801231028209   0.0790415197802020
 309.0703783812225030 325.2124190171778396 342.9512782362966317   0.0790415197802020
 314.0705937315781638 323.9916559346647362 342.2936535416920111   0.5972415203289801
 315.4028506559926164 323.6042620772108560 344.1512543313366095  -0.5679584818661324
 312.8328231138597416 322.1170476098148190 341.1276925170626172  -0.4157584802197979
 311.7745764788638364 322.5308976331435620 339.5951246224524687   0.2718415197802020
 312.9896703829752025 319.4922180097982351 341.9610617421218940   0.0336415197802020
 312.4000758291917496 319.4052906076378184 343.9358255520695786   0.0822415197802020
 311.1547463069376601 317.8765021652955303 340.4020376816368828  -0.1825584802197980
 311.1509668546697996 315.9508712348297643 341.1390308738661451   0.0602415197802020
 309.2499023639450197 318.6531796063371673 340.5362082371452877   0.0602415197802020
 311.7367819561853919 317.8311487380814186 338.4291635978230746   0.0602415197802020
 315.7146554680896078 318.4793248020164415 341.8438987218187541   0.5972415203289801
 316.6387315475771081 317.4853288555738431 343.7355145818739363  -0.5679584818661324
 317.0544712970397815 318.8062474231848214 339.7141773688895390  -0.4157584802197979
 316.2702349514624768 319.7227645981366006 338.2231834492256416   0.2718415197802020
 319.6849700754581563 317.9502014845184887 339.5497711952383568  -0.0014584802197980
 319.7114262413330727 316.0283500063205833 340.2886541136016033   0.0875415197802020
 320.6071564288117263 317.7820158585994999 336.7851018613115770  -0.0152584802197980
 321.8449270465301485 316.1587411095611277 336.6943950068833535   0.0294415197802020
 319.0008892149786729 317.3662761091368267 335.5662285049324040   0.0294415197802020
 322.1113784314130819 319.9703187216802852 335.6815017991015599  -0.0011584802197980
 321.0285653566761904 321.4178489402639473 333.7218557982252638  -0.1906584802197980
 319.1993104590404388 320.9114023363730505 333.0358852116118501   0.1698415197802020
 322.2757846050642102 323.5343422102557579 332.6976242336399423  -0.2341584802197979
 321.4159592141300706 324.6757367951442194 331.2803296331990034   0.1655415197802020
 324.8590402301345430 324.2392100582084206 333.7275249766270009   0.3225415197802020
 326.1270464659957421 326.3084601748521893 332.8941557515677241  -0.5579584818661324
 327.1815136487237871 326.9736437739924235 334.2112948669108418   0.3991415197802020
 326.0136628979604629 322.5025517411347691 335.6928401559050878  -0.2341584802197979
 327.8448075217301446 322.8767175156511912 336.4336128004022108   0.1655415197802020
 324.5982580236534541 320.4295221722231399 336.5545552729732113  -0.1906584802197980
 325.4070608089717448 319.2125385419778433 337.9472834336731641   0.1698415197802020
 321.4650920936119894 319.4600926655215277 341.2580836203032154   0.5972415203289801
 323.2414346594979618 318.3527131510437038 342.2615281974153576  -0.5679584818661324
 320.9794324771942182 321.9016188305477882 341.6908309049711537  -0.4157584802197979
 319.5885940426281957 322.7614442214819814 340.6873863278589578   0.2718415197802020
 322.4855442059294503 323.4190689160865483 343.4558351140535982  -0.0237584802197980
 324.4735360988146467 323.1828531493463918 342.9720652237697573   0.0879415197802020
 321.8014633454499669 326.2290916772274937 343.2233987995813024   0.0341415197802020
 319.7586693946811148 326.4501896348962617 343.3519001766879165   0.0240415197802020
 322.6291633921075066 327.2552129679466917 344.8069892998072997   0.0240415197802020
 322.7274291510713975 327.4404061290709993 340.7497472902783884   0.0017415197802020
 321.7315434784948691 326.5786910120029296 339.1699362423201976   0.0439415197802020
 322.1964161074395146 329.4265082958222118 340.7932109913585698   0.0439415197802020
 326.0892519433172978 327.2778896815537477 340.0562177991292536  -0.2737584802197979
 327.4574136642762643 328.0148828737830639 343.0967871486085647  -0.0536584802197980
 329.4756411753041842 328.2926726154694715 342.8416741205292129   0.0683415197802020
 326.5975882733421250 329.7231952988478686 343.8602365067127437   0.0683415197802020
 327.1550574828488706 326.4539690871641221 344.4082570855498916   0.0683415197802020
 322.2247619994483613 322.5101106456704364 346.1959380082394457   0.5972415203289801
 324.1428340253784063 322.1775188461003193 347.4696134225023283  -0.5679584818661324
 319.9192961160644361 321.9620900668332884 347.0916681957180993  -0.4157584802197979
 318.3905076737221481 322.2833435095998776 345.9767297767045543   0.2718415197802020
 319.5451303415480141 320.9038434318373831 349.6333498458421810  -0.0518584802197980
 320.5769208106690031 322.0698044564667769 350.9826143054619522   0.0921415197802020
 316.7313281281392619 320.9208509670427019 350.3684533119375669  -0.1102584802197980
 315.6768609454112172 319.7851255605560312 349.0078504955142676   0.0456415197802020
 316.5707014067559406 320.0005543398230084 352.2090465663768463   0.0456415197802020
 315.4878883320191028 323.5494600193271464 350.5555361991957510   0.3530415197802020
 315.2686801004842113 324.3563730785115068 348.6847073266136944  -0.0361584802197980
 312.8611690058685347 323.2641113731050178 351.7271664022269358  -0.4121584802197980
 311.9219751173096995 325.0952559968746995 351.7744095555749779   0.0999415197802020
 311.7367819561853919 321.9677592452350255 350.5876615434724045   0.0999415197802020
 313.0199060011179259 322.5308976331435620 353.6452384281569806   0.0999415197802020
 316.9883308823525440 325.4354067009805379 352.1504650562252764  -0.4121584802197980
 315.9187458905531108 327.1815136487237871 352.3658938354923073   0.0999415197802020
 317.3719452875385638 324.6417217247336357 354.0137350242716655   0.0999415197802020
 318.7665631743724468 325.8946101515233926 351.2188300722021087   0.0999415197802020
 320.6657379389632964 318.2412193091423546 349.8827936955197957   0.5972415203289801
 321.9224058180209675 317.6969781825730135 351.7611814726375197  -0.5679584818661324
 320.3766098404733608 316.6198342862379128 347.9647216695896971  -0.4157584802197979
 319.2692303259954830 317.1243911639948793 346.4812866544615208   0.2718415197802020
 321.6654030638076317 314.1613005860063873 347.9042504333042505  -0.0024584802197980
 321.1759639951220537 313.1030539510104820 349.6031142276994576   0.0977415197802020
 320.8414824694180063 312.6419607743336971 345.5647694795097416  -0.0343584802197980
 321.4121797618622102 313.7096560399992000 343.8980310293911880   0.0294415197802020
 321.8959496521460510 310.8712873868494616 345.5553208488401438   0.0294415197802020
 318.0579158741519774 311.9824463535951461 345.2586338458144873   0.0117415197802020
 316.3571623536228399 311.9994538888004648 347.3165456056547279  -0.1256584802197980
 316.9864411562186137 312.5021210404235012 349.1646977646297285   0.1329415197802020
 313.7946937160256327 311.3909620736778166 346.9404901050043755  -0.1704584802197980
 312.5172388494948895 311.4363155008919283 348.4995141654894406   0.1429415197802020
 312.9159710637522442 310.7522346404124452 344.5121920229155733  -0.1072584802197980
 310.9695531458133525 310.3043695466730647 344.2325125550952354   0.1296415197802020
 314.6034965013439232 310.7144401177340007 342.4580597153431931  -0.1704584802197980
 313.9439820806054262 310.2382291319858273 340.6117972825021228   0.1429415197802020
 317.1640754128072539 311.3248216589905792 342.8360049421274221  -0.1256584802197980
 318.4283021964005389 311.3134833021870513 341.2675322509728131   0.1329415197802020
 324.5547943225732727 314.4523184106302533 347.9325963253130435   0.5972415203289801
 325.8511464504432110 312.9877806568412724 349.1854847521028541  -0.5679584818661324
 325.5714669826228731 316.3817287933638260 346.6664798155858284  -0.4157584802197979
 324.4206237670648139 317.4815494033059827 345.6006742760542019   0.2718415197802020
 328.2473191882553597 317.0469123925041140 346.7439585870765937  -0.0252584802197980
 329.3698165118045722 315.4406451786710607 346.1052311538112222   0.0697415197802020
 328.5685726310220026 318.6267234404623046 345.4627242682779900   0.0697415197802020
 329.1506082802697344 317.8235898335457512 349.3763470916288989   0.5972415203289801
 331.1026953766103632 316.8957343017903902 350.2097163166881757  -0.5679584818661324
 327.6992986094182118 319.3618269065576368 350.7634060739271146  -0.4157584802197979
 326.1289361921296724 320.1082687294565507 349.9527135624748935   0.2718415197802020
 328.2870034370677343 320.0213413272961877 353.3995740307472265  -0.0518584802197980
 330.2050754629977793 320.7772317808646456 353.4581555408987965   0.0921415197802020
 326.4161745644856778 322.0943708962077632 354.2499507910118220  -0.1102584802197980
 326.2064149636204377 323.4133997376848112 352.6795883737232292   0.0456415197802020
 324.5661326793767469 321.2496633143449585 354.5844323167158694   0.0456415197802020
 327.1966314577951754 323.6609538612284956 356.5818728402706100   0.3530415197802020
 329.0674603303771783 324.4621977420111189 356.2606193975040208  -0.0361584802197980
 325.3144642284095910 325.8322491891040157 356.9031262830372528  -0.4121584802197980
 325.9191765912643787 327.0737992590902984 358.4319147253795409   0.0999415197802020
 325.2199779217135068 326.9264006206444351 355.1664679659636014   0.0999415197802020
 323.4379661774257973 325.0914765446068927 357.3283146631695237   0.0999415197802020
 327.2155287191343707 322.2115339165109031 359.0857599677163008  -0.4121584802197980
 327.5065465437582367 323.5286730318540208 360.6428943020673820   0.0999415197802020
 325.4316272487127309 321.2194276962022351 359.3389832696617225   0.0999415197802020
 328.7821116841551033 320.8811667182303273 359.1235544903946915   0.0999415197802020
 328.2208630223804970 317.6799706473677485 355.1116659080798919   0.5972415203289801
 329.9858672314629415 317.2075391138874355 356.5421885914582890  -0.5679584818661324
 326.2404300340310216 316.1303952175522811 354.9415905560269728  -0.4157584802197979
 324.7853409109116384 316.6179445601039825 353.7850781620671765   0.2718415197802020
 326.0079937195586719 313.8324882387040770 356.4798276290388584  -0.0275584802197980
 326.3046807225843287 314.3200375812557249 358.4583708912544036   0.1122415197802020
 323.3226928832565877 312.7931388650473670 356.2095967918881183  -0.0050584802197980
 322.9938805359542774 312.2791333566208029 354.2405021603421708   0.0338415197802020
 323.1677353402750570 311.0867161661164924 357.3509913767765797   0.0338415197802020
 321.2761194802198750 314.5694814309333396 357.0410762908134647  -0.1415584802197980
 321.5917037445847269 316.5990472987647872 358.5566366502183482  -0.1638584802197980
 323.3793846672742273 317.1924213048160470 359.3352038173938618   0.2061415197802020
 319.3126940270757183 317.7857953108673067 358.9685969474131609  -0.3418584802197979
 319.1256111398174803 319.2994659441382601 360.1175504368372898   0.3411415197802020
 317.3946220011456196 316.6047164771665243 357.6722448195431689   0.1379415197802020
 314.4372006015588648 313.4110793108396129 354.7053747892868163  -0.1972584802197980
 313.2844676598668752 312.1733086931211909 353.5639802043984085   0.1446415197802020
 317.0412432141023232 312.9273094205557721 354.9642672696340286  -0.2387584802197980
 317.8897302482329886 311.3248216589905792 354.0288528333430004   0.1699415197802020
 318.5870391916499300 314.5165690991835604 356.4439228324943981   0.1242415197802020
 328.0224417783187311 311.8596141548902691 355.8429899219074171   0.5972415203289801
 328.8954952521903826 310.5065702430026373 357.5172872765616381  -0.5679584818661324
 328.8765979908511336 311.7745764788638364 353.4713836238362547  -0.4157584802197979
 328.0035445169795358 312.8611690058685347 352.1542445084931370   0.2718415197802020
 331.1669460651637239 310.4177531147083439 352.7362801577408688  -0.0249584802197980
 331.0403344141909862 308.4902324581087014 353.4487069102291987   0.0842415197802020
 331.3691467614932965 310.3138181773427159 349.8544478035109490   0.2116415197802020
 329.7061877636426036 309.3878523717212853 349.0721011840675747   0.0351415197802020
 331.4711919727250481 312.2262210248710237 349.0985573499424911   0.0351415197802020
 333.5612290768419423 308.9834509790621400 349.1306826942191446  -0.6546584813173543
 333.3325722146374532 307.2071084131761676 349.4953998380659154   0.4274415197802020
 333.5423318155026933 311.6196189358822520 353.8776747426293303   0.5972415203289801
 335.0919072453181607 310.2514572149232855 354.9132446640181797  -0.5679584818661324
 333.8050037481177662 314.1272855155958035 353.8946822778345953  -0.4157584802197979
 332.5124310725156346 315.2044294119309042 352.9762753767488858   0.2718415197802020
 335.9214970181095770 315.4500938093406583 355.1022172774102941   0.0336415197802020
 337.6751628703884935 314.6620780114954934 354.3652240851809781   0.0822415197802020
 335.8610257818240767 318.2525576659458825 354.3633343590470478  -0.1825584802197980
 337.5504409455496861 319.1898618283707874 355.0814302899371687   0.0602415197802020
 335.8326798898152837 318.4396405532040668 352.3092020514746676   0.0602415197802020
 334.2037359623751744 319.1766337454333830 355.1551296091600733   0.0602415197802020
 336.0651162042875797 315.0626999518867780 357.9821599055062837   0.5972415203289801
 338.1154690595921529 315.2743492788860021 359.0460757189039262  -0.5679584818661324
 334.0242119796526577 314.2879122369790713 359.2652839504388177  -0.4157584802197979
 332.3291276375252573 314.3011403199165296 358.3790023936297080   0.2718415197802020
 334.2453099373214256 313.3090340996078615 361.8560984800448179  -0.0518584802197980
 335.2015113610855795 314.7225492477809935 363.0126108740046679   0.0921415197802020
 331.6526056815814414 312.7477854378332552 363.0220595046742655  -0.1102584802197980
 330.7134117930226063 311.2870271363121349 361.9165697163303182   0.0456415197802020
 329.8327994146152874 314.9871109065299430 363.3414232213069245   0.3530415197802020
 329.0958062223860250 315.5653671035098680 361.5102785975372426  -0.0361584802197980
 331.0516727709945143 317.2831281592442705 364.6056500049002630  -0.4121584802197980
 329.6419370750892428 318.7495556391671818 364.9136753647294477   0.0999415197802020
 332.5275488815870232 318.0579158741519774 363.3981150053245642   0.0999415197802020
 335.8515771511544790 310.8958538265904478 362.0299532843655977   0.5972415203289801
 336.0462189429483844 309.4199777159979388 359.9947182381324128  -0.4157584802197979
 335.1561579338714677 310.0435873401919757 358.4186866424420827   0.2718415197802020
 337.9510628859410246 307.4565522628537823 359.5695298580001419   0.0336415197802020
 337.2310772289170272 306.3132679518313905 358.0237338804525350   0.0822415197802020
 340.3623534328245081 308.7113304157774693 358.5793133638254040  -0.1825584802197980
 341.7229562492478072 307.2732488278634050 358.0067263452472700   0.0602415197802020
 339.8993705300137927 309.8772914404068634 356.9447002579835041   0.0602415197802020
 341.1919432056159243 309.8942989756121821 360.0476305698821920   0.0602415197802020
 329.0296658076987877 299.7086751137766065 355.0568638501961824   0.5972415203289801
 327.8939404012121170 300.8935333997452496 353.4128021136846848  -0.5679584818661324
 331.4938686863321039 300.0374874610789168 355.5217364791407743  -0.4157584802197979
 333.1114742569686853 301.7646971474829707 354.0704268082893053  -0.0014584802197980
 332.4708570975693833 303.6997767086183343 354.3841213465202271   0.0875415197802020
 335.8572463295562698 301.5511580943498702 355.0058412445802798  -0.0152584802197980
 336.0122038725378005 302.4903519829087053 356.8313166899482247   0.0294415197802020
 336.2956627926259990 299.5763942844021319 355.3176460566773252   0.0294415197802020
 337.8433484963074824 302.6075150032118452 353.2181603218907794  -0.0011584802197980
 337.8962608280572614 305.2039987112196363 352.6928164566606874  -0.1906584802197980
 336.5318785593661555 306.4228720675988093 353.5639802043984085   0.1698415197802020
 339.6896109291485527 306.2187816451353600 351.0166293758725360  -0.2341584802197979
 339.7236259995591365 308.2237810732257680 350.6197868877490580   0.1655415197802020
 341.4319384246239414 304.6106247051683766 349.8053149240290304   0.3225415197802020
 343.1440303019566068 305.5876131164056561 348.1631429136514629  -0.5579584818661324
 344.1607029620062609 304.3196068805444569 347.3713476635384374   0.3991415197802020
 341.3733569144723715 301.9895745574195993 350.3023128972503295  -0.2341584802197979
 342.7018343866190170 300.7518039397011772 349.3763470916288989   0.1655415197802020
 339.6026835269881898 301.0031375155126684 352.0314123097882598  -0.1906584802197980
 339.6026835269881898 299.0151456226275256 352.4490417853848635   0.1698415197802020
 332.9149427390408498 301.2563608174581437 351.2207197983360390   0.5972415203289801
 332.2025159865525733 302.9514451595854902 349.7920868410915722  -0.5679584818661324
 333.3892639986550929 298.9017620545922461 350.4270348220890832  -0.4157584802197979
 333.8900414241442526 297.5997407483205170 351.7385047590304637   0.2718415197802020
 333.2002913852629785 298.0835106386043579 347.7870874130011105  -0.0275584802197980
 334.3511346008210377 299.3326196131263080 346.6173469361038560   0.1122415197802020
 334.2453099373214256 295.3849817193648153 347.5244154803860376  -0.0050584802197980
 333.4421763304048721 294.1944542549944353 349.0059607693803373   0.0338415197802020
 333.5990235995203329 294.6215323612606365 345.7216167486252024   0.0338415197802020
 337.0742299598015664 295.1430967742228680 347.5640997291984123  -0.1415584802197980
 338.5501060703940215 295.1015227992766169 349.6465779287796392  -0.1638584802197980
 341.3469007485975087 294.8067255223848905 346.4094770613725463   0.1379415197802020
 343.1326919451530789 294.4079933081275358 342.2294028531387040  -0.1134584802197980
 340.6798274233232904 294.4873618057522314 341.2070610146873128  -0.1972584802197980
 340.4322732997796060 294.3777576899847589 339.1812745991237257   0.1446415197802020
 338.5557752487958123 294.7519234645011810 342.7887617887793801  -0.2387584802197980
 336.6868361023476861 294.8312919621258766 341.9761795511932826   0.1699415197802020
 338.8297855382143594 294.9201090904201698 345.4381578285370039   0.1242415197802020
 330.4847549308181172 298.2422476338537491 346.7798633836211079   0.5972415203289801
 330.1200377869713466 299.0434915146363723 344.6312447693526435  -0.5679584818661324
 328.5685726310220026 297.5695051301777938 348.2859751123563399  -0.4157584802197979
 328.9484075839401617 296.8759756390286590 350.0301923339656588   0.2718415197802020
 325.9229560435322392 297.7169037686236032 347.4866209577076470   0.0336415197802020
 325.7056375381312780 296.6133037064136398 345.7594112713035931   0.0822415197802020
 324.2392100582084206 296.5377146610567511 349.5294149084764993  -0.1825584802197980
 324.4395210284040629 297.5695051301777938 351.3000882959607346   0.0602415197802020
 325.1009251752764904 300.4362196753363251 346.8705702380493313   0.5972415203289801
 324.0861422413607665 300.9048717565487775 344.8258865611464951  -0.5679584818661324
 325.5960334223638592 302.2484670377668117 348.5599854017748871  -0.4157584802197979
 326.4369615519588034 301.7703663258847078 350.2210546734917035   0.2718415197802020
 325.0026594163125995 304.9167603388635772 348.1121203080355604  -0.0024584802197980
 323.0505723199719171 305.0773870602468986 347.4847312315737167   0.0977415197802020
 325.3106847761417305 306.3983056278578769 350.5876615434724045  -0.0343584802197980
 327.2533232418128152 306.1809871224569157 351.2396170596752343   0.0294415197802020
 325.0102183208482668 308.3900769730108803 350.1757012462775918   0.0294415197802020
 323.5305627579879511 305.7142247673783399 352.7419493361426596   0.0117415197802020
 321.0720290577563720 304.7807000572212418 352.2903047901354723  -0.1256584802197980
 320.3992865540804166 304.4745644235260411 350.3930197516784993   0.1329415197802020
 319.4355262257805953 304.2723637271964685 354.3217603841007965  -0.1704584802197980
 322.6669579147858974 305.6575329833607539 357.2772920575536212  -0.1704584802197980
 324.3147991035652555 306.1375234213767343 355.2477261897222271  -0.1256584802197980
 326.1912971545490492 306.8442809954632734 355.6237816903725258   0.1329415197802020
 326.6032574517438621 306.0505960192163713 345.9767297767045543   0.5972415203289801
 325.5998128746317198 307.4319858231127960 344.3912495503446266  -0.5679584818661324
 329.0221069031630665 305.3306103621923739 345.7972057939820374  -0.4157584802197979
 329.7420925601870639 304.2024438602413707 347.1710366933427949   0.2718415197802020
 330.7096323407547458 306.0883905418947619 343.7374043080078664  -0.0518584802197980
 330.8778179666737346 308.1444125756010724 343.7619707477488527   0.0921415197802020
 333.3269030362357161 304.9167603388635772 344.2721968039076100  -0.1102584802197980
 333.8201215571891547 305.3873021462100135 346.2016071866411829   0.0456415197802020
 333.2021811113969088 302.8645177574251274 344.1947180324167911   0.0456415197802020
 335.5341031606556965 305.8068213479404937 342.6054583537890564   0.3530415197802020
 335.1693860168089259 307.7116652909331341 341.9119288626399217  -0.0361584802197980
 337.9756293256819570 305.8143802524762148 344.1531440574705398  -0.4121584802197980
 339.5913451701846618 306.2584658939476810 342.9645063192340899   0.0999415197802020
 337.8490176747092732 307.2297851267832234 345.6460277032683137   0.0999415197802020
 338.2760957809754744 303.9643383673672839 345.0110797222708027   0.0999415197802020
 335.9366148271809653 304.0229198775188538 340.3755815157619664  -0.4121584802197980
 337.4691827217910604 304.7032212857304765 339.1888335036594468   0.0999415197802020
 336.4109360867951550 302.1331937435976019 341.0539931978397124   0.0999415197802020
 334.2245229498483000 303.9246541185549629 339.2606430967484213   0.0999415197802020
 329.6211500876161172 305.3022644701835272 341.1617075874732011   0.5972415203289801
 329.2753302051085417 306.8915241488113155 339.5025280418903686  -0.5679584818661324
 328.9295103226009664 302.8947533755678506 340.8480130492422793  -0.4157584802197979
 329.2318665040283603 301.6721005669208169 342.2974329939598718   0.2718415197802020
 327.8070129990517003 301.9083163336609734 338.5104218215817006  -0.0518584802197980
 329.0145479986273991 302.4204321159536073 336.9192724168199819   0.0921415197802020
 327.6444965515345023 299.0056969919579280 338.6729382690988986  -0.1102584802197980
 327.3421403701071084 298.4425586040493914 340.6325842699752485   0.0456415197802020
 325.9890964582194766 298.3820873677638913 337.6128019079691167   0.0456415197802020
 329.9348446258470390 297.5846229392491285 337.5674484807550050   0.3530415197802020
 329.8781528418293993 297.7622571958377150 335.5152058993165012  -0.0361584802197980
 332.5181002509174254 298.5162579232722962 338.4612889420997282  -0.4121584802197980
 334.0015352660456017 297.2765975794199975 337.7526416418792587   0.0999415197802020
 332.8563612288892798 300.3946457003900202 337.7091779407990773   0.0999415197802020
 332.5974687485420674 298.5578318982186012 340.5173109758060387   0.0999415197802020
 329.7288644772496594 294.7821590826439042 338.2364115321630998  -0.4121584802197980
 331.2538734673240869 293.7333610783176502 337.3350121662826553   0.0999415197802020
 329.8535864020884130 294.5440535897698712 340.2810952090658822   0.0999415197802020
 327.9279554716227008 294.0394967120128509 337.5712279330228117   0.0999415197802020
 325.2048601126421722 303.0648287276207697 337.9472834336731641   0.5972415203289801
 324.6776265212781497 303.6487541030024318 335.7589805705923252  -0.5679584818661324
 323.6042620772108560 303.4673403941459848 339.8615760073354021  -0.4157584802197979
 324.0955908720303642 302.8890841971661135 341.6228007641499862   0.2718415197802020
 321.1589564599167348 304.7107801902661976 339.5119766725599662   0.0336415197802020
 320.0837022897155645 303.6600924598059597 338.1003512505207644   0.0822415197802020
 319.6963084322616842 304.6333014187754324 342.0120843477377965  -0.1825584802197980
 317.8311487380814186 305.4666706438346555 341.7513021412566540   0.0602415197802020
 319.4789899268607767 302.6812143224347499 342.6356939719317796   0.0602415197802020
 320.7073119139096012 305.6972172321730749 343.4596145663214589   0.0602415197802020
 321.4594229152102523 307.4338755492467263 338.5255396306530354   0.5972415203289801
 320.1101584555904809 308.1916557289491145 336.7813224090437702  -0.5679584818661324
 323.2848983605781432 308.8606187803572630 339.5441020168366197  -0.4157584802197979
 324.2826737592886020 308.1538612062707239 341.0237575796969355   0.2718415197802020
 323.8744929143615963 311.4193079656866097 338.6483718293579661  -0.0249584802197980
 322.1246065143505401 312.5002313142895708 338.6823868997685500   0.0842415197802020
 325.7642190482828482 312.7402265332975878 340.4228246691100084   0.2116415197802020
 325.6905197290599433 314.7641232227272448 340.0524383468614468   0.0351415197802020
 325.2143087433117697 312.4246422689327359 342.3805809438524278   0.0351415197802020
 328.2945623416034018 311.9427621047828252 340.0902328695398375  -0.6546584813173543
 328.4136150880404184 310.1248455639505478 340.3340075408157151   0.4274415197802020
 324.8042381722508337 311.4079696088830816 335.8950408522346606   0.5972415203289801
 323.7233148236478723 312.7345573548957970 334.3208989826782606  -0.5679584818661324
 326.6145958085473900 309.7714667769073051 335.2147394440230377  -0.4157584802197979
 327.4952081869547088 308.7661324736611788 336.5866806172498648   0.2718415197802020
 327.5046568176243064 309.5031256658904950 332.5955790224081907  -0.0275584802197980
 328.2378705575857621 311.3191524805887884 331.9549618630088890   0.1122415197802020
 329.6910699545712150 307.6115098058353128 332.4614084668997858  -0.0050584802197980
 329.2753302051085417 305.9939042351987316 333.6708331926093613   0.0338415197802020
 329.8101227010082316 306.8971933272130526 330.5301083580322289   0.0338415197802020
 332.2592077705702132 308.6376310965545647 333.0887975433616293  -0.1415584802197980
 333.6689434664754310 307.9781166758160138 335.1108045066573560  -0.1638584802197980
 333.0528927468171153 306.6742056434103543 336.5526655468392810   0.2061415197802020
 336.0273216816091890 309.0892756425616984 334.9596264159436322  -0.3418584802197979
 337.4559546388536558 308.6886537021704136 336.1690511416532614   0.3411415197802020
 336.2484196392779570 310.5613723008864004 332.8242358846126263   0.1379415197802020
 338.2515293412344881 311.9673285445238113 331.7962248677594977  -0.2601584802197979
 340.0429897161918493 311.9805566274612158 332.7184112211130679   0.1571415197802020
 337.8830327451198570 313.3033649212061244 329.5247740547861564  -0.1134584802197980
 339.4023725567925473 314.3578321039341692 328.7121918172000052   0.1416415197802020
 335.5152058993165012 313.2504525894562916 328.3077904245408600  -0.1972584802197980
 335.2525339667014283 314.2727944279077365 326.5881396426725272   0.1446415197802020
 333.5102064712260398 311.8104812754082967 329.3093452755191256  -0.2387584802197980
 331.7395330837418581 311.7235538732479337 328.3474746733531810   0.1699415197802020
 333.8352393662604894 310.3780688658960230 331.6280392418405090   0.1242415197802020
 325.3938327260342866 308.7453454861880532 330.7549857679688576   0.5972415203289801
 325.2898977886686049 309.7336722542288608 328.6498308547805748  -0.5679584818661324
 323.6817408487016212 307.0483714179267764 331.5089864954034387  -0.4157584802197979
 323.8915004495668613 306.2282302758049578 333.2324167295396320   0.2718415197802020
 321.5557989480402129 306.2811426075547370 329.9253959951774412   0.0336415197802020
 322.2909024141355988 305.6367459958875746 328.1112589066130245   0.0822415197802020
 320.1876372270812462 304.0626041263311748 331.1915125049046563  -0.1825584802197980
 318.6248337143283745 303.4408842282711221 330.0009850405342763   0.0602415197802020
 321.4991071640225732 302.4960211613104961 331.4560741636536596   0.0602415197802020
 319.4525337609858603 304.6351911449093090 333.0302160332100594   0.0602415197802020
 319.7586693946811148 308.4996810887782991 329.3943829515455583   0.5972415203289801
 319.1501775795584666 309.0080174188031261 327.2060800884647732  -0.5679584818661324
 318.9687638707020194 309.8848503449425845 331.3502495001540475  -0.4157584802197979
 319.5678070551550701 309.4275366205336062 333.1171434353704224   0.2718415197802020
 317.3190329557887847 312.0769326602912303 331.0403344141909862   0.0336415197802020
 315.6579636840719682 311.4797792019721100 329.9801980530611507   0.0822415197802020
 316.4629870171224519 312.9310888728236325 333.6689434664754310  -0.1825584802197980
 315.5200136762957563 314.7603437704593843 333.5555598984401515   0.0602415197802020
 315.1534068063150017 311.5440298905254170 334.4512900859188589   0.0602415197802020
 318.0900412184286309 313.0539210715285098 334.9275010716669787   0.0602415197802020
 318.5851494655159998 314.1896464780151804 329.4832000798398516   0.5972415203289801
 317.4097398102170082 315.2063191380648345 327.7465417627662537  -0.5679584818661324
 321.0134475476048020 314.7017622603078142 329.9424035303827601  -0.4157584802197979
 321.8600448556015371 313.8287087864362166 331.4296179977787432   0.2718415197802020
 322.5819202387594647 316.4081849592387424 328.4249534448439462  -0.0024584802197980
 321.8411475942623416 318.3262569851687874 328.5629034526202118   0.0977415197802020
 325.2350957307848954 316.3666109842924376 329.5965836478751309  -0.0343584802197980
 325.1330505195531440 317.1659651389411306 331.4938686863321039   0.0294415197802020
 325.8568156288450018 314.4183033402196695 329.7968946180707734   0.0294415197802020
 327.2249773498039685 317.7631185972602509 328.1055897282112874   0.0117415197802020
 327.7522109411679910 320.3048002473843326 328.6668383899858935  -0.1256584802197980
 326.7487663640557949 321.2383249575414305 330.1408247744444722   0.1329415197802020
 329.6211500876161172 321.6011523752543246 327.3062355735625944  -0.1704584802197980
 330.0425590154805813 323.5059963182469650 327.7918951899803656   0.1429415197802020
 330.9175022154861092 320.3841687450090280 325.3239128590791887  -0.1072584802197980
 332.3121201023199923 321.3781646914516263 324.2618867718154765   0.1296415197802020
 330.3732610889167681 317.8462665471528070 324.7456566620993174  -0.1704584802197980
 331.3256830604131151 316.9184110153974462 323.2319860288283640   0.1429415197802020
 328.5572342742184747 316.5234582534079522 326.1610615364063260  -0.1256584802197980
 328.1679506906306641 314.5902684184064650 325.7358731562740551   0.1329415197802020
 322.6102661307682576 315.6863095760808147 325.6017026007655963   0.5972415203289801
 322.1472832279575961 317.2755692547086031 323.9557511381202220  -0.5679584818661324
 323.0222264279631240 313.2617909462598195 325.0045491424465297  -0.4157584802197979
 323.4304072728900762 312.0315792330771183 326.4218437428874686   0.2718415197802020
 323.0335647847666521 312.3244867838349146 322.3967270776351571  -0.0518584802197980
 324.4300723977344653 313.4129690369735433 321.3422598949071122   0.0921415197802020
 323.8291394871474843 309.5258023794975508 322.3967270776351571  -0.1102584802197980
 325.7113067165330690 309.3632859319802992 323.2225373981587665   0.0456415197802020
 322.5252284547418249 308.4751146490373128 323.5967031726751885   0.0456415197802020
 323.8348086655492753 308.2918112140469356 319.7567796685471845   0.3530415197802020
 321.9885462327082049 308.5053502671800363 318.8742775640059891  -0.0361584802197980
 325.8435875459075436 309.4464338818728552 318.0257905298753238  -0.4121584802197980
 325.8587053549789321 308.4618865660998547 316.2192123458466280   0.0999415197802020
 325.4221786180430797 311.4325360486240679 317.6799706473677485   0.0999415197802020
 327.7030780616860722 309.2895866127573943 318.9007337298808519   0.0999415197802020
 324.3525936262436464 305.4610014654329184 319.9911057091534106  -0.4121584802197980
 324.3129093774313254 304.5841685392934600 318.1297254672410055   0.0999415197802020
 326.1988560590847166 305.1529761056037337 320.8528208262215342   0.0999415197802020
 322.9050634076599841 304.5898377176951971 321.1702948167202629   0.0999415197802020
 320.4673166949015843 312.7081011890209342 321.0909263190955673   0.5972415203289801
 320.3879481972768886 313.4734402732590435 318.8931748253451845  -0.5679584818661324
 318.3735001385168294 312.2432285600762887 322.4250729696440037  -0.4157584802197979
 318.5719213825785416 311.6082805790787241 324.2278717014048927   0.2718415197802020
 315.8204801315892198 312.6835347492799481 321.4197386663978776  -0.0597584802197980
 315.6485150534023704 311.6725312676320848 319.6377269221101679   0.0868415197802020
 313.7928039898917024 311.6611929108285569 323.2622216469710874   0.1302415197802020
 314.1575211337385267 312.4548778870754591 325.1273813411514069   0.0186415197802020
 313.8929594749895237 308.7491249384559139 323.5230038534522300  -0.0430584802197980
 315.7222143726253289 308.2011043596187121 324.2713354024850741   0.0235415197802020
 312.4813340529503755 308.1689790153420585 324.9062833834825851   0.0235415197802020
 315.4236376434657418 315.4822191536173120 320.7696728763289781   0.5972415203289801
 314.4787745765051159 316.0472472676597786 318.7136508426226676  -0.5679584818661324
 316.2343301549179629 317.2339952797622983 322.4061757083048083  -0.4157584802197979
 317.0166767743613908 316.6500699043806362 324.0615758016197804   0.2718415197802020
 316.1077185039452252 319.9703187216802852 321.8808318430746625  -0.0875584802197980
 314.1499622292028595 320.4578680642319865 321.4745407242815869   0.0968415197802020
 316.9429774551384323 321.5425708651027547 324.1976360832621156   0.2984415197802021
 318.8345933151936145 320.9737632987924811 324.7721128279741802  -0.0297584802197980
 316.9675438948794184 324.3866086966542300 323.6288285169518421  -0.3192584802197979
 317.4191884408866057 325.4391861532483983 325.3428101204183840   0.0790415197802020
 318.4131843873292041 324.8269148858578895 322.2285414517161681   0.0790415197802020
 315.1288403665740154 324.9932107856430018 322.9258503951331097   0.0790415197802020
 315.1345095449758064 321.1589564599167348 326.4312923735570663  -0.3192584802197979
 315.8204801315892198 322.2020852858413054 328.0715746578007035   0.0790415197802020
 313.2523423155902217 321.8354784158605508 325.9418533048714345   0.0790415197802020
 315.0154567985387898 319.1728542931655224 326.9377389774479631   0.0790415197802020
 317.6402863985553739 320.6487304037580312 319.5148947234052909   0.5972415203289801
 316.6632979873180944 321.9356339009583720 317.8387076426171397  -0.5679584818661324
 319.9514214603410897 319.6585139095832936 319.2597816953258854  -0.4157584802197979
 320.6619584866954895 318.6361720711319023 320.7224297229809361   0.2718415197802020
 321.5463503173706151 320.0553563977067716 317.0261254050309884   0.0212415197802020
 321.8789421169407324 322.0792530871364284 316.8050274473621667   0.1123415197802020
 324.1012600504321550 318.7684529005063771 317.5269028305200944  -0.1231584802197980
 324.9535265368306271 319.6074913039673910 319.2106488158439667   0.1111415197802020
 323.8253600348796239 316.7540048417463179 317.8651638084920023   0.1111415197802020
 326.2026355113525773 319.2012001851743155 314.8491608987536775  -0.3119584802197979
 328.3569233040227785 318.6739665938102930 316.0699239812668346   0.1932415197802020
 320.2840132599112070 319.1293905920853410 314.5638122525316025   0.5972415203289801
 320.1800783225455251 320.5070009437139052 312.6816450231460178  -0.5679584818661324
 319.1728542931655224 316.8560500529780693 314.5713711570672697  -0.4157584802197979
 319.3145837532095947 315.7864650611786360 316.1625205618289884   0.2718415197802020
 322.4590880400545875 313.1994299838404426 312.0977196477643557   0.0999415197802020
 321.6729619683433528 311.2983654931156628 314.7395567829862587   0.0999415197802020
 318.1901967035264521 326.7468766379219184 313.4847786300625714  -0.1102584802197980
 317.6119405065465808 326.4029464815482196 315.4349760002692699   0.0456415197802020
 319.8682735104485336 325.6054820530334570 313.1238409384836076   0.0456415197802020
 318.8969542776129913 329.5587891251967403 313.2750190291972777   0.3530415197802020
 319.5262330802088188 329.9707494223915530 311.3569470032672327  -0.0361584802197980
 316.6821952486572897 331.2992268945381987 313.9572101635428844  -0.4121584802197980
 317.3454891216636472 333.2494242647449509 314.0479170179711079   0.0999415197802020
 315.9111869860174433 330.7833316599777043 315.7978034179821639   0.0999415197802020
 321.0474626180153857 330.1238172392391534 315.1193917359044178  -0.4121584802197980
 321.6616236115398249 332.0796837878476963 314.9039629566373870   0.0999415197802020
 320.4219632676874725 329.8403583191510085 317.0620302015755025   0.0999415197802020
 322.6518401057145626 328.8879363476546615 314.7490054136558562   0.0999415197802020
 329.5417815899914216 340.9746247002150168 308.6773153453668857   0.0881415197802020
 332.1892879036151151 342.9588371408322992 309.2404537332754221   0.0881415197802020
 333.6462667528683750 337.0477737939266499 309.2423434594093525  -0.5679584818661324
 329.2772199312424720 334.3813702189637609 309.3330503138375759   0.0921415197802020
 325.5147751986052335 330.7965597429151625 309.9226448676209752  -0.4121584802197980
 324.6152655588587193 329.1203726621270111 310.7031017609304728   0.0999415197802020
 326.9963204875994794 331.3767056660289640 311.2322250784284254   0.0999415197802020
 324.1239367640392110 332.3064509239182014 309.7639078723715839   0.0999415197802020
 332.1155885843921568 330.7134117930226063 310.1739784434325202  -0.5679584818661324
 338.4102663364838793 328.9484075839401617 310.4593270896546489  -0.5679584818661324
 339.6688239416754270 334.0979112988755623 311.0319141082327831  -0.0024584802197980
 341.5018582915790393 333.1662763148523946 311.1793127466786462   0.0977415197802020
 340.1223582138165447 336.9003751554807866 310.4083044840387463  -0.0343584802197980
 338.3120005775199347 337.8244512349682871 310.0889407674060875   0.0294415197802020
 341.5339836358556928 338.4083766103499492 312.3981861030578195   0.0117415197802020
 344.1588132358723306 338.8033293723394967 312.1770881453890513  -0.1256584802197980
 345.4400475546709342 340.3170000056103964 313.9515409851410936  -0.1704584802197980
 347.4450469827613957 340.6590404358501649 313.7550094672133118   0.1429415197802020
 344.1040111779886213 341.4130411632847461 315.9697684961690133  -0.1072584802197980
 345.0753304108241097 342.5695535572445422 317.3492685739315079   0.1296415197802020
 341.4961891131772485 340.9840733308846145 316.2192123458466280  -0.1704584802197980
 340.4757370008597874 341.8061041991403635 317.7876850370012370   0.1429415197802020
 340.2092856159769077 339.5081972202921057 314.4277519708892670  -0.1256584802197980
 338.1929478310829182 339.2398561092752957 314.6186143104153118   0.1329415197802020
 338.3176697559217255 333.7086277152878056 313.5698163060890041   0.5972415203289801
 339.4307184488013404 332.6201454621491233 315.2894670879573369  -0.5679584818661324
 335.8893716738329233 334.3983777541690261 313.7512300149454511  -0.4157584802197979
 335.0767894362467721 335.2525339667014283 312.2356696555406213   0.2718415197802020
 334.3624729576245656 334.1073599295451601 316.0642548028650438  -0.0597584802197980
 335.1807243736124538 335.2752106803084843 317.5552487225289412   0.0868415197802020
 331.6280392418405090 335.0295462828987300 315.5842643648490634   0.1302415197802020
 330.9401789290931652 334.0960215727416322 313.8797313920521191   0.0186415197802020
 329.8290199623474806 334.3152298042765235 317.7593391449924441  -0.3204584802197979
 327.9563013636314937 335.1108045066573560 317.4550932374311199   0.0881415197802020
 329.6211500876161172 332.2724358535076177 317.9029583311704468   0.0881415197802020
 330.5603439761750060 335.0257668306309233 319.5432406154140840   0.0881415197802020
 331.5751269100906762 337.9170478155304409 315.1288403665740154  -0.0430584802197980
 331.7546508928131928 338.9129334881069157 316.9184110153974462   0.0235415197802020
 333.1700557671202552 338.4801862034389774 313.9572101635428844   0.0235415197802020
 329.1695055416089299 338.8014396462055666 313.7795759069542442  -0.0660584802197980
 327.5141054482939041 338.4990834647781727 314.9644341929228871   0.0185415197802020
 329.3282425368583209 340.8121082526977651 313.3657258836255012   0.0185415197802020
 328.9332897748687734 337.7772080816202450 312.0107922456039929   0.0185415197802020
 334.4286133723118029 331.3634775830915058 317.0128973220935301   0.5972415203289801
 335.1353709463983421 330.8910460496111928 319.1747440192994527  -0.5679584818661324
 333.8522469014658083 329.5247740547861564 315.3726150378498930  -0.4157584802197979
 333.3458002975749115 330.0255514802752624 313.5906032935621298   0.2718415197802020
 333.8654749844032665 326.8281348616804905 316.0604753505972368  -0.0597584802197980
 332.6012482008099280 326.5692423813332782 317.6667425644302903   0.0868415197802020
 332.8639201334250009 325.1973012081064510 313.8457163216415353   0.1302415197802020
 333.8805927934746011 325.7396526085418619 312.1336244443088699   0.0186415197802020
 333.3155646794321882 322.3513736504210453 314.3011403199165296  -0.3204584802197979
 332.5672331303993441 321.2326557791396933 312.7477854378332552   0.0881415197802020
 335.3319024643261239 321.9488619838958302 314.4164136140857392   0.0881415197802020
 332.4141653135517437 321.7712277273072437 316.0623650767311134   0.0881415197802020
 330.0085439450699974 325.6942991813277501 313.4432046551162665  -0.0430584802197980
 328.9465178578062316 324.9327395493575015 315.0381335121458456   0.0235415197802020
 329.6646137886962986 327.7219753230252676 313.3846231449647502   0.0235415197802020
 328.9578562146097595 324.5718018577785377 310.9827812287508107  -0.0660584802197980
 328.9805329282168153 322.5157798240722273 311.0451421911702413   0.0185415197802020
 327.0057691182691307 325.1802936729011861 310.7371168313410567   0.0185415197802020
 330.0822432642929021 325.2199779217135068 309.3821831933194945   0.0185415197802020
 336.4978634889555717 325.9777581014159487 316.9448671812723626   0.5972415203289801
 336.6811669239458953 324.5925888452516633 318.8024679709169610  -0.5679584818661324
 338.5217601783852285 326.8338040400822815 315.6957582067504125  -0.4157584802197979
 338.2420807105648906 328.0111034215152032 314.2066540132204454   0.2718415197802020
 341.1333616954644080 326.2385403078970913 316.3949568763012842  -0.0252584802197980
 341.4451665075613996 324.2089744400656437 316.2362198810518932   0.0697415197802020
 342.3994782051916231 327.2060800884647732 315.0910458438956248   0.0697415197802020
 341.8061041991403635 327.0794684374920355 319.0802577126033686   0.5972415203289801
 342.7887617887793801 325.5771361610246639 320.5599132754637381  -0.5679584818661324
 341.1654870397410615 329.4170596651526143 319.7737872037525033  -0.4157584802197979
 340.3113308272086593 330.5584542500410757 318.4906631588199694   0.2718415197802020
 341.5226452790521649 330.3657021843811006 322.3570428288228361  -0.0275584802197980
 343.4785118276606542 330.0538973722841092 322.9258503951331097   0.1122415197802020
 341.0369856626343937 333.2229680988700344 322.3891681730994897  -0.0050584802197980
 339.3097759762303935 333.6519359312701658 321.3460393471749728   0.0338415197802020
 340.7421883857426673 333.8050037481177662 324.3431449955740486   0.0338415197802020
 343.1742659200993300 334.7630948980158503 321.3422598949071122  -0.1415584802197980
 343.8205522579004227 334.9709647727471601 318.8799467424077262  -0.1638584802197980
 342.8473432989309500 334.0960215727416322 317.3284815864583822   0.2061415197802020
 345.9540530630974985 336.4298333481344040 318.6229439881944441  -0.3418584802197979
 346.6740387201214958 336.9268313213557030 316.9240801937992370   0.3411415197802020
 346.8441140721744149 337.2310772289170272 320.9208509670427019   0.1379415197802020
 348.9360409024252394 338.6918355304381476 321.6313879933970478  -0.2601584802197979
 350.2116060428221060 339.3929239261228959 320.2386598326970952   0.1571415197802020
 349.3461114734861757 339.1850540513915862 324.2051949877978367  -0.1134584802197980
 350.9561581395870358 340.2584184954588263 324.7815614586437777   0.1416415197802020
 347.6377990484213171 338.2723163287076138 326.0268909808979211  -0.1972584802197980
 347.9571627650540296 338.6823868997685500 327.9638602681671612   0.1446415197802020
 345.5496516704383530 336.7888813135794375 325.3314717636148560  -0.2387584802197980
 344.2967632436485425 336.0688956565554401 326.7298691027165995   0.1699415197802020
 345.0923379460294286 336.2087353904655823 322.7009729851964811   0.1242415197802020
 339.8653554596032089 328.9465178578062316 324.2637764979493530   0.5972415203289801
 340.7648650993497231 328.1906274042377201 326.2706656521737448  -0.5679584818661324
 337.4899697092642397 328.4173945403082788 323.6099312556126467  -0.4157584802197979
 336.8210066578560910 329.0731295087789691 321.9337441748244954   0.2718415197802020
 335.7381935831191995 327.1191526863044101 325.3106847761417305  -0.0275584802197980
 335.8326798898152837 328.0432287657918567 327.1512780305810637   0.1122415197802020
 333.0132084980047944 327.4763109256155135 324.3696011614489650  -0.0050584802197980
 332.9300605481122381 327.0265561057422563 322.3589325549567665   0.0338415197802020
 331.8264604859022212 326.1119286569243538 325.3295820374809795   0.0338415197802020
 331.8283502120361513 330.0406692893466510 324.7872306370455685  -0.1415584802197980
 332.8752584902285288 332.3026714716503946 324.2127538923335041  -0.1638584802197980
 334.7253003753374060 332.5634536781315372 323.3831641195420878   0.2061415197802020
 331.1782844219672518 334.2283024021161607 324.6530600815371636  -0.3418584802197979
 331.4787508772607156 336.0329908600109261 324.0521271709501826   0.3411415197802020
 328.9446281316723013 333.3287927623695928 325.6262690405065826   0.1379415197802020
 326.6882951277703485 334.5212099528739031 326.3481444236645103  -0.2601584802197979
 326.4842047053068455 336.5148710241608367 326.1402745489332003   0.1571415197802020
 324.6870751519477474 333.0528927468171153 327.2967869428929967  -0.1134584802197980
 322.9541962871419565 333.9410640297601015 327.8259102603909493   0.1416415197802020
 324.9516368106966968 330.4167247899969495 327.5273335312313624  -0.1972584802197980
 323.4266278206222694 329.3150144539208627 328.2624369973267482   0.1446415197802020
 327.1985211839290521 329.2035206120195135 326.7657738992611137  -0.2387584802197980
 327.3572581791784433 327.2004109100629824 326.9131725377069769   0.1699415197802020
 329.3055658232512651 330.6548302828710363 325.7623293221489179   0.1242415197802020
 336.4581792401431970 324.3336963649044510 325.7982341186934318   0.5972415203289801
 335.8477976988866722 323.3548182275332412 327.8164616297213517  -0.5679584818661324
 337.8490176747092732 323.0524620461058474 324.1031497765660853  -0.4157584802197979
 338.1891683788150577 323.8726031882276660 322.4005065299030175   0.2718415197802020
 339.0338759606778624 320.5788105368029334 324.6908546042155542  -0.0875584802197980
 337.8168923304325660 319.6056015778334607 326.0363396115675186   0.0968415197802020
 339.2568636444805607 318.8043576970508911 322.3853887208316290   0.2984415197802021
 340.0505486207275165 317.0261254050309884 323.0600209506415148  -0.0297584802197980
 336.6566004842049629 318.1920864296603824 321.2817886586216121  -0.3192584802197979
 336.8531320021327447 316.8352630655049436 319.7435515856097263   0.0790415197802020
 335.4906394595755151 317.3568274784671753 322.7519955908123838   0.0790415197802020
 335.7552011183245184 319.8966194024573804 320.5599132754637381   0.0790415197802020
 340.9935219615542123 319.7511104901454474 320.2726749031076789  -0.3192584802197979
 341.1371411477322150 318.3186980806331199 318.8024679709169610   0.0790415197802020
 340.2244034250482426 321.4650920936119894 319.4487543087179998   0.0790415197802020
 342.8832480954754642 320.1271659907957461 320.9983297385334672   0.0790415197802020
 341.6020137766768605 320.8093571251412991 326.0155526240943930   0.5972415203289801
 342.2501898406118297 319.1463981272906059 327.5122157221600275  -0.5679584818661324
 343.0344261861891880 322.8521510759102049 325.5752464348907336  -0.4157584802197979
 342.4334932756022070 324.1314956685748782 324.2826737592886020   0.2718415197802020
 345.4305989240013365 323.3718257627385599 326.8848266456981303  -0.0518584802197980
 346.6834873507910934 321.7655585489054529 326.5824704642707364   0.0921415197802020
 346.6872668030589540 325.7150861688008758 325.6886300029260130  -0.1102584802197980
 347.0293072332986689 325.2615518966598118 323.7081970145765376   0.0456415197802020
 345.3890249490550317 327.3062355735625944 325.7339834301401248   0.0456415197802020
 349.2024922873081191 326.5408964893244851 326.9150622638409072   0.3530415197802020
 350.1945985076167871 324.8892758482773201 327.6463862776684326  -0.0361584802197980
 350.8881279987658680 327.7956746422481724 324.9270703709557107  -0.4121584802197980
 352.6682500169197011 328.3739308392280974 325.7887854880238343   0.0999415197802020
 351.2944191175589438 326.4634177178337198 323.4115100115508809   0.0999415197802020
 349.9451546579391724 329.4567439139649889 324.1522826560480039   0.0999415197802020
 348.8396648695952788 328.4759760504598488 329.0428938906362459  -0.4121584802197980
 350.6726992194988911 329.0674603303771783 329.7704384521959106   0.0999415197802020
 347.8437791970187504 330.1389350483105419 328.3399157688175135   0.0999415197802020
 347.7776387823315130 327.6671732651415583 330.6056974033891178   0.0999415197802020
 345.0526536972170540 323.6231593385500513 329.7515411908567153   0.5972415203289801
 346.5398681646130907 322.5800305126255344 331.1971816833064473  -0.5679584818661324
 342.9985213896446738 324.8401429687953477 330.5792412375142013  -0.4157584802197979
 341.9100391365060452 325.7472115130775293 329.2885582880459999   0.2718415197802020
 342.2464103883440229 324.9289600970896410 333.2550934431466879  -0.0014584802197980
 343.6523666319814337 325.9607505662106837 334.3549140530888445   0.0875415197802020
 339.7255157256930669 326.3689314111376357 333.5291037325652888  -0.0152584802197980
 338.4348327762248656 325.7415423346757922 332.0475584435709891   0.0294415197802020
 338.8845875960981226 325.7887854880238343 335.3205641075225960   0.0294415197802020
 339.8011047710499018 329.2602123960371534 333.5064270189582330  -0.0011584802197980
 341.3733569144723715 330.5905795943177292 331.7924454154916373  -0.1906584802197980
 342.5827816401820005 329.5871350172055333 330.5357775364340197   0.1698415197802020
 341.3903644496776901 333.2456448124770902 331.6639440383849693  -0.2341584802197979
 342.5922302708515982 334.1905078794377161 330.3562535537115031   0.1655415197802020
 339.6744931200771643 334.7271901014713364 333.4157201645300093   0.3225415197802020
 339.5951246224524687 337.3028868220060017 333.3514694759766486  -0.5579584818661324
 340.3906993248333547 337.9264964462000385 331.8340193904378884   0.3991415197802020
 338.0398800142353179 333.2229680988700344 335.2336367053622330  -0.2341584802197979
 336.7888813135794375 334.1583825351610626 336.5054223934912391   0.1655415197802020
 338.1910581049489880 330.5679028807106733 335.1977319088177190  -0.1906584802197980
 337.0402148893909825 329.5172151502504355 336.4808559537502528   0.1698415197802020
 342.0177535261395337 322.2625565221267520 334.3719215882941633   0.5972415203289801
 343.1629275632958021 321.6654030638076317 336.3032216971616663  -0.5679584818661324
 340.5947897472968577 320.6071564288117263 333.1020256262990875  -0.4157584802197979
 339.7519718915679296 321.1816331735237908 331.4900892340642434   0.2718415197802020
 340.2338520557178938 318.0087829946700050 333.9524023865636295  -0.0252584802197980
 339.3551294034445053 318.0125624469378656 335.8156723546099650   0.0697415197802020
 338.9847430811959439 317.0544712970397815 332.6333735450865815   0.0697415197802020
 342.7188419218243359 316.5461349670149543 334.1092496556790904   0.5972415203289801
 343.1780453723671906 315.2913568140912672 336.0084244202699398  -0.5679584818661324
 344.3723522890054313 316.7313281281392619 332.2006262604186432  -0.4157584802197979
 343.9282666475339112 317.8368179164832094 330.6945145316834109   0.2718415197802020
 346.7893120142907054 315.3537177765106440 332.2176337956239082  -0.0597584802197980
 346.3414469205513787 313.4450943812501968 332.8355742414161542   0.0868415197802020
 347.9212579685095156 315.1137225575026807 329.5266637809200330   0.1302415197802020
 346.3697928125601716 315.0910458438956248 328.1660609644967338   0.0186415197802020
 349.6824827253241532 317.3058048728513265 328.7991192193603683  -0.3204584802197979
 350.2002676860185781 317.1527370560037260 326.8092376003412952   0.0881415197802020
 348.7262813015599994 319.0934857955408268 329.0806884133146365   0.0881415197802020
 351.4002437810585558 317.2699000763068123 329.9367343519809693   0.0881415197802020
 349.4122518881734130 312.6249532391283782 329.2035206120195135  -0.0430584802197980
 350.4950649629102507 312.7137703674226714 327.4517444858745272   0.0235415197802020
 350.7482882648557260 312.3981861030578195 330.7587652202367180   0.0235415197802020
 347.7209469983138732 310.2722442023964111 329.0372247122344551  -0.0660584802197980
 346.3603441818905741 310.4933421600652327 327.5065465437582367   0.0185415197802020
 348.8925772013450580 308.6225132874831762 328.6536103070484353   0.0185415197802020
 346.7175024212016773 309.9623291164333498 330.8060083735847601   0.0185415197802020
 348.6488025300692341 316.3703904365602981 334.2112948669108418   0.5972415203289801
 350.0075156203586030 314.8623889816911357 335.3526894517993032  -0.5679584818661324
 348.6034491028551223 318.8421522197292818 334.7630948980158503  -0.4157584802197979
 347.4809517793058562 319.9967748875552016 333.7161866198234730   0.2718415197802020
 349.9942875374211448 319.9835468046177434 336.8758087157398005  -0.0518584802197980
 351.9784999780384270 319.4865488313964441 336.6773874716780883   0.0921415197802020
 349.7883073888237115 322.8861661463207887 336.7095128159547419  -0.1102584802197980
 350.6367944229543769 323.5041065921130347 334.9350599762026998   0.0456415197802020
 347.7965360436707083 323.4096202854169506 336.6641593887406301   0.0456415197802020
 351.0393060894795920 324.3393655433062418 338.9091540358390550   0.3530415197802020
 350.1133402838581614 323.8366983916831518 340.6779376971893602  -0.0361584802197980
 353.8682261119596789 323.7837860599333726 339.1548184332488630  -0.4121584802197980
 354.6675802666083718 324.9535265368306271 340.6514815313144438   0.0999415197802020
 354.1611336627174752 321.8109119761195647 339.6612650371397598   0.0999415197802020
 354.8282069879916933 324.1957463571281853 337.3803655934967670   0.0999415197802020
 350.7331704557843375 327.1796239225898567 338.4934142863763819  -0.4121584802197980
 351.4720533741475840 328.2076349394430387 340.1185787615486842   0.0999415197802020
 351.7271664022269358 327.7729979286411164 336.7907710397133678   0.0999415197802020
 348.7338402060956668 327.6369376469987812 338.2987724945825302   0.0999415197802020
 349.0683217317997142 318.9517563354967544 339.4326081749352705   0.5972415203289801
 350.6008896264098627 318.2072042387317708 341.0161986751612681  -0.5679584818661324
 346.5757729611576049 318.7533350914349886 339.7954355926481647  -0.4157584802197979
 345.3946941274568225 319.4657618439233185 338.4612889420997282   0.2718415197802020
 345.4891804341528528 317.5760357100020666 342.0555480488179782  -0.0024584802197980
 346.2356222570517667 318.5530241212393463 343.7090584159990735   0.0977415197802020
 342.5903405447176679 317.8897302482329886 342.0593275010857849  -0.0343584802197980
 342.1462549032462017 319.8871707717877289 342.2312925792726344   0.0294415197802020
 341.8609062570240728 317.2642308979050752 340.2395212341196309   0.0294415197802020
 341.1352514215982847 316.5291274318096893 344.1436954268009420   0.0117415197802020
 339.0735602094902370 314.9568752883872198 343.5219755287408356  -0.1256584802197980
 338.5463266181262147 314.7112108909774656 341.5963445982750697   0.1329415197802020
 337.6865012271920215 313.7153252184009371 345.4249297455995457  -0.1704584802197980
 336.1388155235105380 312.5115696710930987 344.9468290337174956   0.1429415197802020
 338.3365670172609208 314.0649245531763731 347.9760600263932249  -0.1072584802197980
 337.2877690129346669 313.1238409384836076 349.4235902449769409   0.1296415197802020
 340.3585739805567012 315.6655225886076893 348.6147874596586502  -0.1704584802197980
 340.8347849663048211 315.9452020564280272 350.5555361991957510   0.1429415197802020
 341.7550815935244607 316.8957343017903902 346.7099435166660098  -0.1256584802197980
 343.2782008574650117 318.1108282059017565 347.2296182034943648   0.1329415197802020
 346.2734167797302110 314.7849102102003704 342.3144405291651904   0.5972415203289801
 347.0500942207718482 314.0101224952926636 344.3704625628715009  -0.5679584818661324
 346.2582989706588225 313.3128135518757220 340.2376315079857008  -0.4157584802197979
 345.5893359192506740 314.0649245531763731 338.6067978544116612   0.2718415197802020
 347.1219038138608227 310.6615277859842215 340.2659773999945473  -0.0237584802197980
 345.9521633369635682 309.6089503293900534 341.5982343244089999   0.0879415197802020
 346.9499387356740270 309.3311605877036456 337.6694936919867563   0.0341415197802020
 348.2632983987492842 310.2420085842536877 336.3693621118489037   0.0240415197802020
 347.6170120609481914 307.3979707527022123 337.9321656246017756   0.0240415197802020
 344.4025879071481545 309.1591955095167962 336.2994422448938058   0.0017415197802020
 343.8545673283110065 311.0149065730274642 335.6418175502892389   0.0439415197802020
 344.7257310760486740 308.0253598291640559 334.6100270811682501   0.0439415197802020
 341.7456329628548632 307.7437906352097876 337.9283861723339688  -0.2737584802197979
 340.6080178302342622 310.4177531147083439 339.7274054518269972  -0.0536584802197980
 338.7598656712593153 309.9831161039064754 340.5173109758060387   0.0683415197802020
 341.9005905058363937 310.8297134119032105 341.2750911555084805   0.0683415197802020
 340.4473911088509945 312.0637045773537721 338.5009731909121028   0.0683415197802020
 349.8695656125823375 310.4649962680563860 341.1749356704106593   0.5972415203289801
 350.4062478346159575 309.1062831777670170 342.9871830328411459  -0.5679584818661324
 351.6156725603255867 311.8048120970065596 339.9144883390851813  -0.4157584802197979
 351.0430855417474525 312.9480964080288977 338.4820759295728538   0.2718415197802020
 354.3387679193061154 311.6177292097483755 340.4662883701901898  -0.0875584802197980
 354.8074200005185677 309.6127297816579139 340.5173109758060387   0.0968415197802020
 355.9393659547373779 312.8158155786544229 338.3384567433948512   0.2984415197802021
 355.1815857750349897 312.1657497885855234 336.5356580116339623  -0.0297584802197980
 355.9053508843267941 315.7070965635539404 338.3327875649931140  -0.3192584802197979
 356.9239132705103785 316.4157438637744098 336.6887258284816164   0.0790415197802020
 353.9627124186557630 316.3420445445515052 338.2231834492256416   0.0790415197802020
 356.7746249059305848 316.4573178387206611 340.0429897161918493   0.0790415197802020
 354.9850542571071542 312.6532991311372249 343.0892282440728973   0.5972415203289801
 356.7481687400556684 311.7216641471140036 344.2721968039076100  -0.5679584818661324
 353.4978397897111174 314.4447595060945322 344.0718858337119138  -0.4157584802197979
 352.1258986164842903 315.2100985903326413 342.9739549499036877   0.2718415197802020
 353.7227171996477459 315.3215924322339904 346.6759284462554261   0.0212415197802020
 355.6729145698544980 315.8582746542676642 347.0028510674238061   0.1123415197802020
 352.1070013551450950 317.7007576348408740 347.0500942207718482  -0.1231584802197980
 352.8798993439188715 319.2484433385223575 345.9238174449547751   0.1111415197802020
 350.1643628894740639 317.3530480261993683 346.4510510363187976   0.1111415197802020
 352.1561342346270672 318.5322371337662206 350.3816813948749714  -0.3119584802197979
 351.1942636324611226 320.8849461704981877 350.1794806985453986   0.1932415197802020
 353.0707616834449162 313.2580114939920127 348.6147874596586502   0.5972415203289801
 354.6524624575370371 312.6022765255213222 350.1964882337507174  -0.5679584818661324
 350.7256115512486701 312.3169278792991936 348.5713237585784151  -0.4157584802197979
 349.5275251823425690 312.8970738024130488 347.1899339546819902   0.2718415197802020
 349.7032697127972788 310.7541243665463216 350.6216766138829884  -0.0024584802197980
 350.3268793369912619 311.5251326291862217 352.4301445240456145   0.0977415197802020
 346.8025400972281636 310.8334928641710173 350.5630951037314184  -0.0343584802197980
 346.1279078674182780 310.9997887639561296 348.6204566380603873   0.0294415197802020
 346.0731058095345149 309.0514811198833077 351.3000882959607346   0.0294415197802020
 345.7140578440894814 312.9594347648324256 352.1353472471539417   0.0117415197802020
 346.2847551365337389 315.4916677842869095 351.5589807763079468  -0.1256584802197980
 347.3996935555472839 315.9414226041601667 349.9149190397964492   0.1329415197802020
 345.3550098786444479 317.4513137851632593 353.0839897663823745  -0.1704584802197980
 345.7650804497053839 319.4015111553700114 352.6191171374377826   0.1429415197802020
 343.8073241749629645 316.8768370404511949 355.1551296091600733  -0.1072584802197980
 343.0230878293856599 318.3867282214542876 356.2587296713700905   0.1296415197802020
 343.2498549654561651 314.3540526516663086 355.7541727936131239  -0.1704584802197980
 342.1065706544338270 313.9250848192662308 357.3850064471871634   0.1429415197802020
 344.1984974846846515 312.3925169246560822 354.2423918864761009  -0.1256584802197980
 343.7770885568202411 310.4517681851189278 354.7072645154207466   0.1329415197802020
 350.6292355184186558 308.0234701030301255 350.5536464730618208   0.5972415203289801
 350.9882834838637430 306.8915241488113155 352.5510869966166149  -0.5679584818661324
 351.0109601974707989 306.9425467544271643 348.3029826475616051  -0.4157584802197979
 350.6915964808380864 307.9724474974142767 346.7137229689338705   0.2718415197802020
 351.7895273646463126 304.3007096192052616 348.0497593456161834  -0.0031584802197980
 350.5158519503834300 303.1252999639062700 349.1684772168975354   0.0849415197802020
 351.5873266683167399 303.4956862861548313 345.2699722026180151  -0.0036584802197980
 349.6106731322351250 303.5863931405830550 344.6860468272363530   0.0170415197802020
 352.6776986475892989 304.7995973185604910 344.1021214518546909   0.0170415197802020
 350.5234108549190974 300.3039388459617967 340.8196671572334862  -0.6086584813173542
 360.5994306009872005 333.5158756496278305 345.9597222414992893  -0.5679584818661324
 357.7251571512930017 329.7345336556513965 348.2255038760708397   0.0396415197802020
 358.0256236065864653 329.0901370439842343 346.2904243149354760   0.1104415197802020
 356.9938331374654763 327.4347369506692086 349.8374402683056839   0.0559415197802020
 356.4250255711551491 328.1037000020773571 351.7025999624859495  -0.0173584802197980
 354.8471042493308887 325.8983896037912531 348.6299052687299851   0.0135415197802020
 353.6811432247014948 327.1342704953757450 347.4696134225023283  -0.0425584802197980
 355.6672453914527609 324.4773155510824537 347.3789065680741046  -0.0425584802197980
 353.1501301810696118 324.6133758327247890 350.5876615434724045   0.8053415186826456
 350.8560026544892145 324.3696011614489650 350.0547587737066451  -0.8188584780246854
 354.0553089992179168 323.8726031882276660 352.6417938510448384  -0.8188584780246854
 355.6048844290333305 331.7036282871973439 348.1253483909730186   0.5365415197802020
 354.5730939599123415 332.2044057126864500 346.1014517015433616  -0.5819584818661324
 354.9869439832410845 332.8790379424963356 350.2758567313754131  -0.4157584802197979
 355.9242481456660430 332.4444009316944669 351.8840136713423967   0.2718415197802020
 353.0386363391682627 334.8443531217744763 350.3363279676608597  -0.0031584802197980
 351.3567800799783742 334.0903523943398951 349.4349286017804688   0.0849415197802020
 352.2373924583856394 335.4906394595755151 353.0405260653021930  -0.0036584802197980
 350.7709649784627818 336.9400594042931076 352.9687164722131647   0.0170415197802020
 351.3624492583801114 333.7993345697160291 353.8115343279420929   0.0170415197802020
 354.3179809318329897 336.3466853982418479 354.8735604152058051  -0.0645584802197980
 353.4430377318274080 336.5054223934912391 356.7217125741808058   0.0351415197802020
 355.8033056730950425 334.9218318932652416 354.9888337093750149   0.0351415197802020
 355.4593755167213975 338.9223821187765133 354.2669583262170872   0.6950415181338675
 354.2008179115298498 340.6193561870377903 353.3542206035331148  -0.6086584813173542
 357.8933427772119905 339.2776506319537400 354.6052193041889951  -0.9407584796710198
 359.0252887314308005 337.8924813757894546 355.2571748203918249   0.4250415197802020
 358.5755339115575435 340.9935219615542123 354.1516850320478774   0.4250415197802020
 353.7624014484601207 337.1347011960870129 348.7376196583635272   0.5972415203289801
 352.1183397119486229 338.1022409766546947 347.4242599952882164  -0.5679584818661324
 356.1925892566828531 337.8168923304325660 348.6034491028551223  -0.4157584802197979
 357.4587057664100682 336.9589566656323566 349.7410642354756695   0.2718415197802020
 357.1072167055007558 339.7916561403803042 346.9083647607277220  -0.0024584802197980
 356.2681783020396882 341.5906754198733326 347.4733928747701888   0.0977415197802020
 359.9890490597306220 340.0222027287186698 347.1596983365392670  -0.0343584802197980
 360.4255757966664745 341.1541486829375336 348.8283265127917509   0.0294415197802020
 360.8073004757185639 338.1589327606723345 347.4677236963684517   0.0294415197802020
 361.2457169387882930 341.1976123840177151 344.8674605360928000   0.0117415197802020
 360.9225737698877199 343.7846474613559085 344.3629036583358335  -0.1256584802197980
 359.8000764463385074 344.9317112246461071 345.6233509896612579   0.1329415197802020
 362.0016073923567509 344.8674605360928000 342.1916083304603134  -0.1704584802197980
 361.7389354597417317 346.8592318812458035 341.8155528298099610   0.1429415197802020
 363.3792177439853688 343.3537899028218468 340.4984137144668434  -0.1072584802197980
 364.1936897077054503 344.1852694017471933 338.8203369075447619   0.1296415197802020
 363.6740150208770953 340.7554164686801255 340.9765144263489471  -0.1704584802197980
 364.7171438468016121 339.5875657179168013 339.6688239416754270   0.1429415197802020
 362.6082094813454688 339.6763828462110945 343.1591481110279953  -0.1256584802197980
 362.8160793560768324 337.6770525965224238 343.5163063503390985   0.1329415197802020
 356.2832961111110766 339.2870992626233377 344.1701515926758584   0.5972415203289801
 355.0644227547318498 340.9122637377955864 343.0249775555195365  -0.5679584818661324
 356.7670660013949176 337.0043100928464685 343.1761556462332603  -0.4157584802197979
 357.7119290683555435 335.7155168695121437 344.2381817334970261   0.2718415197802020
 355.8751152661840708 336.2937730664920687 340.6571507097162346  -0.0518584802197980
 356.5610858527974843 337.6883909533259517 339.3078862500964632   0.0921415197802020
 356.8596625819570714 333.6708331926093613 339.8729143641389300  -0.1102584802197980
 356.4155769404855513 332.3140098284539225 341.3582391054010366   0.0456415197802020
 355.8259823867020984 333.0982461740312271 338.1816094742793903   0.0456415197802020
 359.7018106873746165 333.5120961973599701 339.2719814535519492   0.3530415197802020
 360.8016312973167732 333.8409085446622804 340.9802938786167541  -0.0361584802197980
 360.2725079798188204 330.8570309792006089 338.2779855071093509  -0.4121584802197980
 359.7792894588653820 329.4605233662327957 339.7103979166216783   0.0999415197802020
 359.1840257266801918 330.4866446569520475 336.5677833559106695   0.0999415197802020
 360.5484079953713515 335.3923737006116242 337.2405258595866250  -0.4121584802197980
 362.5193923530511756 335.0465538181040489 336.7529765170349235   0.0999415197802020
 359.3843366968758342 335.1882832781481213 335.5548901481288760   0.0999415197802020
 360.4028990830594187 337.3161149049434600 337.9548423382088315   0.0999415197802020
 353.0008418164898721 336.3939285515898900 340.4681780963241202   0.5972415203289801
 352.0521992972613855 337.4937491615320465 338.6578204600275639  -0.5679584818661324
 351.6232314648612541 335.3640278086028313 342.3144405291651904  -0.4157584802197979
 352.5189616523399077 334.4815257040615821 343.7638604738827829   0.2718415197802020
 348.8642313093362113 335.4981983641112362 342.3012124462277322  -0.0275584802197980
 348.1763709965889211 334.4947537869990403 340.6344739961091786   0.1122415197802020
 347.7228367244478035 334.2169640453126326 344.6520317568257692  -0.0050584802197980
 348.5940004721854709 335.0030901170238675 346.3414469205513787   0.0338415197802020
 345.7499626406339955 334.7706538025515178 344.7125029931112158   0.0338415197802020
 347.7417339857869988 331.3729262137611035 344.8485632747535510  -0.1415584802197980
 348.9813943296393512 329.9839775053290112 346.6041188531663978  -0.1638584802197980
 350.2305033041613013 330.7228604236922040 348.0327518104108648   0.2061415197802020
 348.4182559417308147 327.4498547597405971 346.3414469205513787  -0.3418584802197979
 349.2251690009151751 326.0798033126477001 347.4507161611631328   0.3411415197802020
 346.7363996825409262 327.0567917238849797 344.3988084548802940   0.1379415197802020
 345.5496516704383530 324.8873861221433897 343.4388275788483332  -0.2601584802197979
 345.9200379926869146 323.0845873903825009 344.2589687209701518   0.1571415197802020
 343.9055899339268554 325.1160429843478788 341.3620185576688434  -0.1134584802197980
 343.0041905680464109 323.4908785091755765 340.5985691995646646   0.1416415197802020
 343.4633940185892657 327.4838698301511808 340.2470801386552983  -0.1972584802197980
 342.2407412099422319 327.6312684685970441 338.6483718293579661   0.1446415197802020
 344.6331344954865739 329.6589446102945615 341.2221788237587013  -0.2387584802197980
 344.3251091356573892 331.4315077239126735 340.3453458976192429   0.1699415197802020
 346.3168804808103924 329.5191048763843656 343.3745768902949725   0.1242415197802020
 347.9212579685095156 338.2534190673684184 342.0631069533536456   0.5972415203289801
 346.4397126795152697 338.7976601939377059 340.3529048021549104  -0.5679584818661324
 348.8642313093362113 340.0316513593883212 343.5975645740977244  -0.4157584802197979
 350.1171197361260219 339.5063074941581754 344.9506084859853024   0.2718415197802020
 348.1121203080355604 342.7188419218243359 343.4218200436430144  -0.0389584802197980
 346.0674366311327778 342.8171076807882268 343.6183515615708501   0.1006415197802020
 349.3612292825575103 344.3780214674071684 345.4910701602867831   0.3653415197802020
 348.3842408713202309 346.1883791037037247 345.4513859114744621   0.0042415197802020
 349.2761916065310776 343.3972536039020283 348.2122757931333814  -0.2438584802197979
 349.7146080696008067 344.9336009507800374 349.5086279210033736   0.0641415197802020
 347.4318188998239375 342.6016789015211958 348.6544717084709712   0.0641415197802020
 350.7312807296504072 342.0158638000056035 348.5505367711052895   0.0641415197802020
 351.9293670985565085 344.8712399883606070 344.9959619131994144  -0.6761584785734636
 352.8534431780440087 343.2970981188042070 344.8787988928963279   0.4101415197802020
 348.7432888367652644 343.8904721248555205 340.8499027753762095   0.5972415203289801
 347.2031620376194484 345.2510749412788198 339.7576410699697204  -0.5679584818661324
 350.9656067702566872 343.2819803097328723 339.8086636755855692  -0.4157584802197979
 352.1674725914305953 342.1878288781924529 340.8215568833673629   0.2718415197802020
 351.8065348998516314 344.2268433766934983 337.3595786060236414  -0.0252584802197980
 351.7876376385123822 346.2866448626676693 337.3690272366932391   0.0697415197802020
 353.7378350087191344 343.5881159434280730 337.0364354371231220   0.0697415197802020
 350.1624731633401336 343.2763111313310816 335.1863935520141911   0.5972415203289801
 349.5199662778069015 344.7502975157896601 333.5026475666903723  -0.5679584818661324
 349.4311491495126084 340.8517925015101398 335.2317469792283029  -0.4157584802197979
 350.0056258942246727 339.7425232608983318 336.6887258284816164   0.2718415197802020
 347.7474031641887896 339.7746486051749854 333.3136749532982579  -0.0237584802197980
 348.4976244393555103 340.2886541136016033 331.4749714249928549   0.0879415197802020
 347.6623654881623032 336.8701395373380634 333.4648530440119280   0.0341415197802020
 346.9253722959330409 336.3410162198401108 335.3054462984512612   0.0240415197802020
 346.3452263728191855 336.1879484029924567 332.0362200867674612   0.0240415197802020
 350.1681423417418707 335.4415065800935966 333.1058050785668945   0.0017415197802020
 351.4701636480136537 335.9290559226452443 334.6100270811682501   0.0439415197802020
 349.7429539616095998 333.4346174258692048 333.3193441316999950   0.0439415197802020
 351.8348807918604243 335.7948853671368393 330.1351555960426813  -0.2737584802197979
 353.8172035063438300 338.5104218215817006 330.8135672781204275  -0.0536584802197980
 355.1211145387494894 338.8071088246073037 329.2488740392336253   0.0683415197802020
 352.6625808385179640 340.1979472591733798 331.0516727709945143   0.0683415197802020
 354.8962371288128611 338.1683813913419321 332.5351077861226906   0.0683415197802020
 345.0828893153598309 340.9141534639295167 333.4610735917441212   0.5972415203289801
 344.0227529542299953 341.5339836358556928 331.4863097817963828  -0.5679584818661324
 344.0775550121137048 341.3166651304547316 335.7514216660566577  -0.4157584802197979
 345.0885584937615680 340.7932109913585698 337.2915484652024738   0.2718415197802020
 340.1374760228878796 341.4187103416864832 335.2771004064424146   0.0863415197802020
 341.4886302086415810 345.1452502777792078 334.9275010716669787   0.5972415203289801
 339.9239369697547790 345.5893359192506740 333.2494242647449509  -0.5679584818661324
 343.1931631814385790 346.8535627028440125 335.6852812513694205  -0.4157584802197979
 344.4555002388979336 346.3490058250870460 337.0439943416587893   0.2718415197802020
 343.0892282440728973 349.4897306596641783 334.8386839433726855  -0.0875584802197980
 341.1598178613392708 350.1435759020009383 335.1580476600053980   0.0968415197802020
 344.8523427270214115 351.1942636324611226 336.4241641697326132   0.2984415197802021
 344.4082570855498916 350.8711204635606030 338.4121560626178097  -0.0297584802197980
 347.6774832972336917 350.6783683979006282 336.0443292168144540  -0.3192584802197979
 348.7640758242383900 351.7914170907802429 337.3954834025681555   0.0790415197802020
 348.0837744160267673 348.6903765050154854 336.3693621118489037   0.0790415197802020
 348.2708573032849514 351.1942636324611226 334.1413749999557439   0.0790415197802020
 344.3761317412732381 353.9929480367984862 335.8666949602258675  -0.3192584802197979
 345.4721728989475878 355.1607987875618643 337.1649368142297362   0.0790415197802020
 344.9165934155747187 354.4597103918770621 333.9335051252244342   0.0790415197802020
 342.3824706699863581 354.4275850476004085 336.1255874405730798   0.0790415197802020
 343.5541008730174891 349.7353950570739324 331.9965358379551403   0.5972415203289801
 342.1991672349959808 351.1470204791130805 330.7398679588975227  -0.5679584818661324
 345.3625687831801689 348.3332182657043820 330.9061638586825813  -0.4157584802197979
 346.3868003477654905 347.1294627183965438 331.9965358379551403   0.2718415197802020
 345.9483838846957614 348.5788826631141362 328.1925171303716502  -0.0875584802197980
 346.0428701913917917 350.5952204480080719 327.7843362854446445   0.0968415197802020
 348.5826621153819430 347.5036284929129120 327.5689075061776673   0.2984415197802021
 349.8884628739215328 348.1102305819016301 329.0447836167701225  -0.0297584802197980
 348.6469128039353038 344.6199064125491156 327.4233985938656807  -0.3192584802197979
 350.6046690786777233 343.9868481576854811 327.3308020133035805   0.0790415197802020
 347.7738593300636523 343.8148830794986319 329.0958062223860250   0.0790415197802020
 347.6359093222874404 343.9603919918105647 325.7528806914793201   0.0790415197802020
 349.5634299788870830 348.5467573188374827 325.0517922957945181  -0.3192584802197979
 351.4720533741475840 347.8494483754205411 324.7078621394208731   0.0790415197802020
 348.3426668963739798 347.9628319434557668 323.4984374137112439   0.0790415197802020
 349.6201217629047228 350.6046690786777233 325.1254916150174765   0.0790415197802020
 343.8507878760431459 347.5111873974486331 326.5163300495834990   0.5972415203289801
 343.2895392142685398 348.5769929369802059 324.5207792521626888  -0.5679584818661324
 342.6300247935300425 345.4457167330726713 327.3005663951608034  -0.4157584802197979
 343.1062357792781625 344.6520317568257692 328.9862021066186062   0.2718415197802020
 340.7100630414660138 344.2117255676221097 325.7585498698810572  -0.0237584802197980
 341.5037480177129696 344.0151940496942742 323.8669340098259289   0.0879415197802020
 340.2773157567980754 341.5698884324002070 326.8602602059571979   0.0341415197802020
 342.1065706544338270 340.6665993403858322 327.1380499476436055   0.0240415197802020
 339.3778061170515612 341.7569713196583911 328.7065226387982145   0.0240415197802020
 338.7258506008487314 339.8162225801212903 325.1727347683655186   0.0017415197802020
 337.9869676824854851 340.8650205844475443 323.5664675545324114   0.0439415197802020
 339.9749595753706815 338.3573540047340465 324.4300723977344653   0.0439415197802020
 336.1331463451087472 338.3082211252521279 326.8054581480734347  -0.2737584802197979
 334.1319263692861462 341.0615521023753798 327.1909622793933846  -0.0536584802197980
 334.7536462673462528 342.1670418907193273 328.8123473022978265   0.0683415197802020
 334.2112948669108418 342.2312925792726344 325.4977676633999683   0.0683415197802020
 332.1930673558829221 340.4492808349848710 327.4593033904101947   0.0683415197802020
 338.3195594820556558 345.8520078518657469 325.4769806759268426   0.5972415203289801
 337.3104457265417228 346.0239729300525963 323.3793846672742273  -0.5679584818661324
 337.4294984729787394 347.1313524445304203 327.4782006517494437  -0.3661984801100423
 338.2742060548415441 346.7912017404246358 329.2356459562961671   0.3114115197253242
 333.6405975744666379 348.2179449715351724 326.1346053705314096   0.2245915200545911
 335.9120483874399792 351.5740985853792817 326.2668861999058843   0.8098515201643467
 335.0597819010415071 351.7951965430481033 324.1541723821819342  -0.6015384800002868
 338.1230279641278203 352.6682500169197011 326.7846711606003091  -0.4157584802197979
 339.1056855537668906 352.0805451892701786 328.3210185074783182   0.2718415197802020
 339.1000163753650998 354.8074200005185677 325.2558827182580210  -0.0518584802197980
 337.7016190362634099 356.3154214553877301 325.3749354646950913   0.0921415197802020
 341.6246904902839163 355.6294508687743166 326.4615279916997895  -0.1102584802197980
 341.2165096453569106 356.0508597966387271 328.4381815277814045   0.0456415197802020
 342.9323809749574364 354.0364117378787215 326.4388512780927337   0.0456415197802020
 342.9588371408322992 357.9481448350957000 325.2993464193382024   0.3530415197802020
 341.5566603494627488 359.3408729957956526 324.7210902223583313  -0.0361584802197980
 344.6784879227006319 359.1462312040017474 327.2967869428929967  -0.4121584802197980
 345.5383133136348252 360.8602128074683431 326.5427862154584155   0.0999415197802020
 343.5843364911602662 359.6470086294909072 328.9635253930115503   0.0999415197802020
 346.1581434855610012 357.8234229102568927 327.8485869739980052   0.0999415197802020
 344.6841571011024227 357.2924098666250098 323.0619106767754449  -0.4121584802197980
 345.6838222259467581 358.9818250303506191 322.4420805048492688   0.0999415197802020
 346.0560982743292499 355.8581077309788057 323.6118209817465234   0.0999415197802020
 343.5900056695620033 356.6026598277437356 321.4669818197459195   0.0999415197802020
 339.3135554284982003 354.2461713387439615 322.3721606378942247   0.5972415203289801
 338.8921465006337901 355.9374762286035012 320.8301441126144784  -0.5679584818661324
 339.7557513438357901 351.8783444929406059 321.5746962093794082  -0.4157584802197979
 340.1922780807715890 350.5517567469278905 322.8842764201868584   0.2718415197802020
 339.4930794112207172 351.1375718484434829 318.8950645514791146  -0.0249584802197980
 340.5192007019399690 352.5397486398130870 317.7971336676708348   0.0842415197802020
 340.8612411321797375 348.6469128039353038 318.3300364374366480   0.2116415197802020
 341.2826500600441478 348.5807723892480664 316.3118089264087281   0.0351415197802020
 342.6432528764674471 348.5807723892480664 319.3637166326915671   0.0351415197802020
 339.3910341999890194 346.5096325464703675 318.9271898957557683  -0.6546584813173543
 338.9356102017139715 346.5927804963628699 320.7092016400434779   0.4274415197802020
 336.7416381602313956 351.1413513007113434 317.8935097005008490   0.5972415203289801
 336.2635374483493455 352.0578684756631226 315.8053623225178313  -0.5679584818661324
 334.8991551796581856 350.2494005655004966 319.3750549894950950  -0.4157584802197979
 335.3885942483437637 349.7410642354756695 321.1570667337828584   0.2718415197802020
 332.1855084513472547 350.5725437344010162 318.8837261946755867  -0.0581584802197980
 331.7489817144114557 349.7788587581541140 317.0431329402362536   0.1359415197802020
 330.6075871295229942 349.1344621464869516 320.8471516478197434  -0.0074584802197980
 331.5770166362246065 349.0267477568534629 322.6499503795806323   0.0366415197802020
 328.8331342897709521 350.1360169974652172 321.1589564599167348   0.0366415197802020
 329.9272857213113715 346.5266400816756325 319.9816570784838131   0.1867415197802020
 328.4797555027277094 346.0542085481953195 317.8462665471528070  -0.5432584802197979
 327.9770883511046194 343.5748878604906685 317.8765021652955303   0.1634415197802020
 326.7941197912699066 342.6205761628603911 316.5083404443365636   0.1434415197802020
 329.0504527951719133 342.4826261550841794 319.9003988547251872  -0.2795584802197980
 328.8803774431189942 340.6325842699752485 320.3558228530002351   0.3338415197802020
 330.2938925912920725 344.3232194095234589 321.2591119450145561  -0.2207584802197979
 331.2406453843866287 344.1096803563903584 323.0486825938379867   0.1861415197802020
 331.3710364876272269 353.3504411512653078 318.8232549583900864   0.5972415203289801
 329.9688596962576228 354.1006624264320286 317.1206117117270188  -0.5679584818661324
 332.2970022932486038 354.9397008298930425 320.5542440970619473  -0.4157584802197979
 333.4270585213335374 354.2461713387439615 321.9413030793601628   0.2718415197802020
 331.5845755407603276 357.6325605707308479 320.5674721799994055  -0.0389584802197980
 329.5266637809200330 357.7232674251590714 320.5693619061333356   0.1006415197802020
 332.5010927157121068 359.0819805154484404 322.9164017644635121   0.3653415197802020
 331.4655227943232573 360.8602128074683431 322.9919908098203471   0.0042415197802020
 332.1080296798564894 357.6835831763466968 325.4032813567038843  -0.2438584802197979
 332.8733687640945985 358.8211983089672978 326.9339595251801025   0.0641415197802020
 330.1030302517660277 357.3415427461069820 325.7188656210687362   0.0641415197802020
 333.0887975433616293 355.8883433491215290 325.3995019044360237   0.0641415197802020
 335.0862380669163699 359.6677956169640328 322.8086873748300235  -0.6761584785734636
 335.4093812358169431 360.9717066493696923 324.0313401834770572   0.4101415197802020
 332.4859749066407182 358.9572585906096330 318.1561816331158683   0.5972415203289801
 331.0157679744500001 360.3348689422382510 316.9769925255490162  -0.5679584818661324
 334.8197866820334900 358.4621503435222641 317.2963562421817287  -0.4157584802197979
 335.9933066111986052 357.4416982312048032 318.4264124702666086   0.2718415197802020
 335.8194518068778254 359.6281113681516580 314.9757725497264152  -0.0875584802197980
 335.2525339667014283 361.6028751780993964 315.0494718689493736   0.0968415197802020
 338.7334095053843988 359.6791339737675607 314.9341985747801639   0.2984415197802021
 339.3872547477211588 360.2932949672919460 316.7899096382908319  -0.0297584802197980
 339.9447239572279045 357.1204447884381603 314.3540526516663086  -0.3192584802197979
 341.9912973602646172 357.2678434268840235 314.5203485514514209   0.0790415197802020
 339.2738711796858795 355.7560625197470543 315.7241040987592592   0.0790415197802020
 339.4590643408101333 356.4873865335745795 312.4567676132093894   0.0790415197802020
 339.7141773688895390 361.5934265474297987 312.9915601091090791  -0.3192584802197979
 341.7664199503279888 361.7219279245364128 313.1181717600818168   0.0790415197802020
 339.1907232297933233 361.0246189811194714 311.0829367138486319   0.0790415197802020
 338.9186026665087065 363.4548067893422038 313.3827334188308200   0.0790415197802020
 334.6383729731770430 358.5396291150130294 312.5569230983072105   0.5972415203289801
 334.1867284271698557 359.9720415245253568 310.7749113540195010  -0.5679584818661324
 333.9883071831081435 356.0905440454511017 312.4359806257362638  -0.4157584802197979
 334.3964880280351494 354.9245830208217078 313.9099670101948423   0.2718415197802020
 332.6654988893632351 355.0795405638032383 310.1928757047717155  -0.0875584802197980
 333.6462667528683750 355.8448796480413474 308.5507036943941480   0.0968415197802020
 332.8639201334250009 352.1825904005019299 309.9585496641654891   0.2984415197802021
 334.7914407900246434 351.6270109171291146 310.4272017453779417  -0.0297584802197980
 331.0478933187266537 350.7123834683112119 311.6517442801589592  -0.3192584802197979
 331.5033173170017017 348.7036045879529436 311.6139497574805149   0.0790415197802020
 331.2557631934580173 351.3945746026567649 313.5622574015533367   0.0790415197802020
 329.0882473178503040 350.9731656747923546 311.0678189047772971   0.0790415197802020
 329.9499624349184275 356.0716467841119064 310.0171311743170591   0.5972415203289801
 328.6082568798343236 356.3588851564679117 312.1468525272463281  -0.4157584802197979
 329.2998966448495280 355.6766940221223587 313.8060320728291606   0.2718415197802020
 326.1629512625402563 357.6514578320700433 312.1563011579159257  -0.0518584802197980
 324.9988799640447389 356.7595070968591965 310.7125503916000704   0.0921415197802020
 324.8325840642596804 357.3094174018303284 314.7187697955131330  -0.1102584802197980
 324.5831402145820657 355.2968590692041458 315.1061636529670133   0.0456415197802020
 326.0438985161031861 358.0974331996754935 316.1889767277038511   0.0456415197802020
 322.2379900823857659 358.6435640523787113 314.7924691147360378   0.3530415197802020
 322.4779853013937828 360.6126586839246587 314.2482279881667504  -0.0361584802197980
 320.3104694257861234 357.4303598744012753 313.0010087397787306  -0.4121584802197980
 320.0950406465190925 355.4310296247126044 313.4488738335180572   0.0999415197802020
 321.1476181031132070 358.7059250147980880 317.4550932374311199  -0.4121584802197980
 320.2367701065631649 360.5162826510946443 317.8028028460726255   0.0999415197802020
 319.7756769298863798 357.1960338337950490 317.6894192780373461   0.0999415197802020
 322.6405017489110347 358.4602606173883340 318.8459316719971424   0.0999415197802020
 326.4445204564945245 360.4539216886752675 311.4476538576954562   0.5972415203289801
 328.4098356357726114 361.7653916256165944 312.3490532235759007  -0.4157584802197979
 329.5701274820002683 360.9150148653520524 313.6265080901066438   0.2718415197802020
 331.3615878569575754 365.3445329232634557 312.9065224330826464   0.0341415197802020
 330.9874220824412072 365.4768137526379305 314.9228602179766360   0.0240415197802020
 332.9017146561033915 364.0217246295186009 312.6287326913962387   0.0240415197802020
 333.1927324807273112 368.2566008956360989 317.4985569385113013   0.0683415197802020
 327.3289122871696502 367.9636933448783027 316.3817287933638260   0.4477415197802020
 328.5742418094237397 366.4802583297501264 319.1634056624959248  -0.8340584802197980
 329.5757966604020054 365.1234349655946877 319.8833913195199221   0.4169415197802020
 329.2904480141798766 367.9429063574051770 320.1120481817243575   0.4169415197802020
 319.5489097938158747 349.1287929680852145 339.2776506319537400  -0.8340584802197980
 319.4034008815038881 350.9221430691764519 339.0660013049545159   0.4169415197802020
 321.3044653722286678 348.8642313093362113 339.6537061326040387   0.4169415197802020
 335.5945743969411968 342.4864056073519862 319.6793008970564192  -0.8340584802197980
 335.9082689351721188 343.2536344177240256 318.0390186128127820   0.4169415197802020
 336.0292114077430655 343.8866926725876601 320.8036879467395620   0.4169415197802020
 325.0725792832676437 348.6336847209978456 314.5505841695941442  -0.8340584802197980
 323.7837860599333726 347.4393778043596049 315.2214369471361692   0.4169415197802020
 326.4823149791729152 348.1744812704549908 315.6560739579380915   0.4169415197802020
 322.1756291199663890 351.6459081784683099 327.1172629601704798  -0.8340584802197980
 323.3019058957834621 351.1470204791130805 325.7717779528185154   0.4169415197802020
 323.3907230240777552 352.6361246726430476 328.1830684997020526   0.4169415197802020
 352.2071568402429162 325.1613964115619907 357.0146201249386020  -0.8340584802197980
 350.6991553853737536 324.1333853947088086 357.0202893033403391   0.4169415197802020
 352.9649370199453579 324.6625087122067612 355.3724481145610345   0.4169415197802020
 323.8612648314241381 347.5244154803860376 320.5258982050531542  -0.8340584802197980
 322.9012839553921773 346.6097880315681888 319.2012001851743155   0.4169415197802020
 325.5657978042211360 346.9896229844863479 320.0799228374477040   0.4169415197802020
 332.9602961662549615 338.6786074475006894 321.8487064987980090  -0.8340584802197980
 334.5571147494184171 338.1608224868062646 322.5875894171612018   0.4169415197802020
 333.5404420893688166 340.1015712263433654 320.7866804115342431   0.4169415197802020
 343.5956748479637941 325.0215566776517949 350.4667190709014578  -0.8340584802197980
 344.9543879382531630 325.5223341031409007 351.6440184523343796   0.4169415197802020
 344.3855803719428895 325.4127299873734819 348.8623415832023346   0.4169415197802020
 343.4029227823038190 335.3224538336565264 338.3441259217966419  -0.8340584802197980
 344.5462070933261571 336.5791217127141974 339.0395451390796532   0.4169415197802020
 341.7626404980601819 336.0159833248056609 338.6956149827059545   0.4169415197802020
 347.7209469983138732 326.5276684063870269 353.0499746959717906  -0.8340584802197980
 348.8604518570684045 326.9339595251801025 354.4275850476004085   0.4169415197802020
 348.9133641888181837 325.6092615053013174 351.9142492894851199   0.4169415197802020
 337.0005306405786079 331.3823748444307548 367.5781892135584064  -0.8340584802197980
 335.6040230276107946 330.2504288902118910 367.9504652619408981   0.4169415197802020
 336.7378587079635349 332.6787269723006933 368.8877694243658029   0.4169415197802020
$end
