$point_charges
 318.4415302793379972 349.8563375296448793 333.0377749377457268   0.3530415197802020
 318.0125624469378656 348.3540052531775076 334.3794804928298307  -0.0361584802197980
 318.6947535812834186 347.2711921784406162 329.8913809247668575   0.0999415197802020
 321.3006859199608611 350.2796361836432735 332.9565167139871547  -0.4121584802197980
 322.2361003562518892 348.5014038916233708 332.5143207986495650   0.0999415197802020
 321.7863455363786322 351.6742540704771566 331.5184351260730363   0.0999415197802020
 322.0074434940474002 350.9164738907747148 334.7782127070872389   0.0999415197802020
 318.8138063277204889 352.4981746648667820 338.2420807105648906   0.5972415203289801
 319.3542680020219694 350.6160074354812513 339.4911896850868407  -0.5679584818661324
 320.1668502396081207 354.6278960177960510 338.3233389343234626  -0.4157584802197979
 322.4156243389744061 354.9302521992234449 339.8937013516120556   0.0212415197802020
 323.7781168815316355 353.4846117067737129 339.3607985818462424   0.1123415197802020
 323.5589086499967442 357.5399639901686941 339.3362321421052563  -0.1231584802197980
 324.1711799173872529 357.6155530355255291 337.3652477844254323   0.1111415197802020
 326.2385403078970913 358.1900297802375936 341.3771363667402319  -0.3119584802197979
 327.8202410819891585 356.4552611892978723 340.4247143952439386   0.1932415197802020
 321.8052427977178276 354.4975049145555066 342.7037241127529473   0.5972415203289801
 322.9806524530168192 352.9044657836598576 343.9169282907303833  -0.5679584818661324
 319.8229200832344219 355.7144885448007493 343.7014995114633525  -0.4157584802197979
 316.4006260547030213 348.5996696505872617 345.5194160522956298  -0.0875584802197980
 316.2418890594536840 343.8961413032572577 342.7887617887793801   0.0790415197802020
 318.7854604357116421 346.9877332583524176 345.7745290803749816   0.5972415203289801
 318.9101823605504495 345.4192605671978086 347.4847312315737167  -0.5679584818661324
 320.6921941048382129 347.3807962942080350 344.1644824142740677  -0.4157584802197979
 320.5145598482496263 348.7395093844974039 342.8227768591899639   0.2718415197802020
 323.0921462949182220 345.9994064903116102 344.3421166708626542  -0.0518584802197980
 322.6953038067947440 343.9811789792836904 344.4195954423534195   0.0921415197802020
 324.7343183052957895 346.5568756998183559 342.0026357170681453  -0.1102584802197980
 324.9327395493575015 348.6015593767211920 341.8363398172830867   0.0456415197802020
 326.6164855346813203 345.7688599019732445 342.3087713507633996   0.0456415197802020
 323.6930792055051491 345.5080776954921019 339.4949691373546475   0.3530415197802020
 321.7391023830305902 346.1071208799450987 339.2455252876770328  -0.0361584802197980
 325.2388751830527560 346.5266400816756325 337.2783203822650156  -0.4121584802197980
 324.5358970612340237 345.7480729145000652 335.5076469947808340   0.0999415197802020
 325.0858073662051019 348.5769929369802059 337.2178491459795690   0.0999415197802020
 327.2211978975361079 345.9994064903116102 337.5031977922016440   0.0999415197802020
 323.7894552383351636 342.6205761628603911 339.3721369386497705  -0.4121584802197980
 323.0524620461058474 341.9724000989254219 337.5636690284871443   0.0999415197802020
 325.7415423346757922 341.9837384557289500 339.5535506475062174   0.0999415197802020
 322.6612887363841601 341.7947658423368354 340.8782486673850025   0.0999415197802020
 324.5056614430913003 346.6154572099699259 346.8025400972281636   0.5972415203289801
 325.3635971078915634 344.8825783451641349 348.0951127728302952  -0.5679584818661324
 324.5755813100463983 349.0210785784516721 347.5716586337340797  -0.4157584802197979
 323.9651997687898198 350.3911300255446226 346.3754619909619624   0.2718415197802020
 325.7150861688008758 349.7807484842880441 349.9735005499480192   0.0212415197802020
 327.7011883355521419 349.2157203702455773 349.9602724670105610   0.1123415197802020
 325.5846950655603313 352.6644705646518943 350.2626286484379548  -0.1231584802197980
 323.6212696124161209 353.2861904627119471 350.1643628894740639   0.1111415197802020
 326.3746005895394267 353.1879247037480561 352.0956629983415671   0.1111415197802020
 327.4063910586604155 354.1932590069941824 347.7889771391350409  -0.3119584802197979
 327.1720650180541893 356.5762036618688729 348.5883312937837338   0.1932415197802020
 324.4659771942789256 348.4484915598735379 352.2336130061178326   0.5972415203289801
 325.7887854880238343 347.3146558795207976 353.7699603529957879  -0.5679584818661324
 321.9375236270923023 348.4768374518823847 352.4490417853848635  -0.4157584802197979
 320.8943948011677855 349.3895751745663571 351.1205643132382178   0.2718415197802020
 320.6619584866954895 347.1993825853515880 354.5617556031088136  -0.0518584802197980
 321.6294982672631713 347.7965360436707083 356.2814063849771464   0.0921415197802020
 320.9662043942568136 344.3118810527199310 354.4445925828056737   0.5972415203289801
 321.1665153644524560 343.1062357792781625 356.4193563927534120  -0.5679584818661324
 321.0909263190955673 343.1912734553046488 352.1825904005019299  -0.4157584802197979
 320.8906153488999248 344.2495200903005541 350.5971101741420023   0.2718415197802020
 321.6276085411292410 340.4984137144668434 351.8877931236102572   0.0336415197802020
 320.2405495588310253 339.4288287226674101 352.9762753767488858   0.0822415197802020
 321.3479290733089031 339.7689794267732483 349.0985573499424911  -0.1825584802197980
 321.6446160763345060 337.7413032850757308 348.8850182968093906   0.0602415197802020
 319.4582029393876512 340.2489698647892287 348.4333737508022033   0.0602415197802020
 322.7425469601427861 340.7648650993497231 347.9552730389200995   0.0602415197802020
 324.2524381411458251 339.8218917585230275 352.9365911279365111   0.5972415203289801
 324.5132203476269677 337.9170478155304409 354.2480610648778919  -0.5679584818661324
 326.1535026318706049 341.4357178768918019 352.5265205568756288  -0.4157584802197979
 325.8719334379163367 342.9342707010913667 351.3624492583801114   0.2718415197802020
 328.6347130457092400 341.1201336125269498 353.6943713076389530  -0.0024584802197980
 329.2488740392336253 339.1850540513915862 353.3466616989974474   0.0977415197802020
 330.5357775364340197 342.8964761784129224 352.4017986320368214  -0.0343584802197980
 330.6623891874067574 342.4013679313255535 350.4062478346159575   0.0294415197802020
 329.8214610578117595 344.8258865611464951 352.5095130216703099   0.0294415197802020
 333.1719454932541317 342.8189974069221569 353.5337445862556315   0.0117415197802020
 334.4871948824633192 340.5078623451364411 353.7397247348530647  -0.1256584802197980
 333.6613845619397635 338.8052190984734270 353.0424157914361231   0.1329415197802020
 336.8493525498648841 340.4190452168421478 354.9585980912322914  -0.1704584802197980
 337.8036642474951614 338.6559307338936336 355.1834755011689201   0.1429415197802020
 337.9170478155304409 342.6489220548692378 355.9393659547373779  -0.1072584802197980
 339.6801622984789551 342.5846713663159308 356.9163543659747110   0.1296415197802020
 336.6528210319371022 344.9695057473245516 355.6634659391849005  -0.1704584802197980
 337.4729621740589208 346.6589209110501073 356.4023488575480931   0.1429415197802020
 334.2774352815980792 345.0526536972170540 354.4748282009484506  -0.1256584802197980
 333.2985571442268694 346.8119887278977614 354.3312090147703943   0.1329415197802020
 328.5780212616916003 341.4621740427666646 356.5856522925384704   0.5972415203289801
 329.7798870828655084 340.0051951935134047 357.9405859305599789  -0.5679584818661324
 327.0549019977510494 343.2215090734473721 357.5872071435167362  -0.4157584802197979
 326.1705101670759237 344.4328235252908777 356.3929002268784955   0.2718415197802020
 326.6334930698866389 343.4558351140535982 360.3443175729078485  -0.0875584802197980
 328.4646376936563209 343.7317351296061293 361.2476066649221697   0.0968415197802020
 324.9516368106966968 345.7480729145000652 361.0132806243159433   0.2984415197802021
 323.1337202698644731 345.5647694795097416 360.0703072834892477  -0.0297584802197980
 324.4640874681450492 345.9635016937670960 363.8667670865370704  -0.3192584802197979
 326.2536581169684261 346.0220832039186660 364.8872191988545312   0.0790415197802020
 326.1535026318706049 348.2557394942135630 360.2006983867298459  -0.3192584802197979
 324.8628196824024036 349.8128738285646976 360.5824230657819353   0.0790415197802020
 327.9128376625513123 348.5562059495070803 361.2343785819847652   0.0790415197802020
 326.5824704642707364 348.2406216851422282 358.1956989586393844   0.0790415197802020
 325.5204443770070243 341.0161986751612681 361.4554765396535331   0.5972415203289801
 326.3443649713966496 340.1771602717002542 363.4604759677439948  -0.5679584818661324
 323.7270942759157330 339.8048842233177625 360.1458963288460829  -0.4157584802197979
 323.0978154733199591 340.6099075563681925 358.5245113059416947   0.2718415197802020
 322.6896346283929532 337.3331224401487249 360.9131251392181223  -0.0875584802197980
 322.0981503484756237 337.4578443649875323 362.8822197707640698   0.0968415197802020
 320.3463742223306374 336.6358134967317836 359.3200860083225272   0.2984415197802021
 320.8074673990074225 336.7794326829098399 357.3207557586338563  -0.0297584802197980
 320.7791215069985757 332.5615639519976070 359.2085921664211780   0.0790415197802020
 324.6965237826173450 335.2487545144336215 360.7959621189150360   0.5972415203289801
 324.8439224210632083 333.7086277152878056 362.5288409837208271  -0.5679584818661324
 326.2876731873790100 335.2260778008265658 358.8363161180386861  -0.4157584802197979
 326.0533471467727836 336.5129812980269063 357.4379187789369426   0.2718415197802020
 328.3682616608263066 333.4232790690656767 358.6114387081020577   0.0336415197802020
 327.5991431243203905 331.5203248522069666 358.7909626908245744   0.0822415197802020
 329.5228843286522263 333.6783920971450285 355.9677118467462245  -0.1825584802197980
 330.7530960418349272 332.0683454310441684 355.6200022381047189   0.0602415197802020
 328.0356698612561893 333.6765023710111521 354.5409686156356880   0.0602415197802020
 330.6113665817908549 335.4226093187543476 355.8240926605682218   0.0602415197802020
 330.3543638275775728 333.7407530595644591 360.7241525258260079   0.5972415203289801
 331.3974926535020896 331.8699241869824026 361.6104340826350637  -0.5679584818661324
 330.7984494690490390 336.0518881213501215 361.6520080575813150  -0.4157584802197979
 330.0274412064091928 337.5636690284871443 360.7600573223705219   0.2718415197802020
 332.3518043511323133 336.4581792401431970 363.9140102398850586  -0.0518584802197980
 334.0544475977953809 335.3092257507190682 363.7628321491713884   0.0921415197802020
 332.9829728798620173 339.2927684410250748 364.1823513509019224  -0.1102584802197980
 331.2141892185117123 340.3434561714853128 364.2579403962587574   0.0456415197802020
 333.9372845774922410 339.5781170872472035 365.9889295349306181   0.0456415197802020
 334.6308140686413756 340.4398322043152734 362.0847553422493069   0.3530415197802020
 333.8484674491979476 340.0316513593883212 360.2347134571403761  -0.0361584802197980
 334.7819921593550457 343.3065467494738048 362.4173471418194240  -0.4121584802197980
 335.9744093498593560 344.1172392609260256 360.9509196618965666   0.0999415197802020
 332.8979352038355846 344.1172392609260256 362.2491615159004353   0.0999415197802020
 335.5662285049324040 343.7695296522845200 364.2636095746604945   0.0999415197802020
 337.2953279174703343 339.3645780341141030 362.1905800057489190  -0.4121584802197980
 338.4688478466354493 340.2962130181372707 360.7827340359775778   0.0999415197802020
 338.0909026198511668 339.6782725723450248 364.0632986044648522   0.0999415197802020
 337.2367464073187643 337.3482402492201135 361.7823991608219131   0.0999415197802020
 331.0441138664588469 335.5322134345218201 366.3215213345007351   0.5972415203289801
 332.2062954388203803 334.2094051407769115 367.8389714200394953  -0.5679584818661324
 328.6252644150396424 336.1728305939211218 366.6578925863387129  -0.4157584802197979
 327.7994540945160328 337.2858792868007367 365.3331945664599278   0.2718415197802020
 327.1323807692418147 335.4452860323614034 368.8764310675622751  -0.0518584802197980
 327.0719095329563681 331.1348207208870704 367.0660734312657188  -0.4157584802197979
 327.3251328349017897 332.0286611822317938 365.3936658027454281   0.2718415197802020
 327.2495437895449546 327.4328472245353319 364.3335294416155923  -0.0074584802197980
 325.5298930076766218 327.9884267079081475 363.3414232213069245   0.0366415197802020
 328.8425829204405497 328.3399157688175135 363.4037841837263549   0.0366415197802020
 329.9556316133201646 323.4058408331491438 363.9990479159115449  -0.5432584802197979
 331.4825303295285760 328.4986527640669047 368.7252529768486050  -0.4157584802197979
 331.5959138975638555 330.1729501187211258 367.8068460757628418   0.2718415197802020
 333.7974448435820988 327.4555239381423879 369.8250735867907616  -0.0518584802197980
 334.0960215727416322 325.6224895882387756 368.9369023038477753   0.0921415197802020
 336.0726751088233008 329.1373801973322762 369.1655591660522644  -0.1102584802197980
 335.7400833092531298 331.0365549619231258 369.8949934537458595   0.0456415197802020
 337.7318546544061333 328.3758205653620277 370.1236503159502949   0.0456415197802020
 336.6509313058031719 329.3017863709834045 366.3177418822329283   0.3530415197802020
 335.0616716271753836 330.1578323096497372 365.3256356619242604  -0.0361584802197980
 338.9734047243924158 330.9666350949680279 365.9322377509129784  -0.4121584802197980
 339.4439465317387986 330.9987604392447351 363.9310177750903774   0.0999415197802020
 338.5274293567869656 332.8752584902285288 366.5615165535087523   0.0999415197802020
 340.5683335814219412 330.2258624504709049 367.0037124688463420   0.0999415197802020
 337.2254080505152364 326.7279793765826694 365.1272144178625484  -0.4121584802197980
 337.8338998656378847 326.9736437739924235 363.1770170476557962   0.0999415197802020
 338.6899458043042174 325.7547704176132504 366.1986891357958581   0.0999415197802020
 335.5114264470486408 325.5828053394264010 365.0913096213180342   0.0999415197802020
 337.1649368142297362 312.5720409073785990 364.2277047781160342  -0.5579584818661324
 338.8751389654284712 313.1219512123496773 363.9725917500366285   0.3991415197802020
 337.9624012427445527 317.4815494033059827 364.2560506701248271   0.1655415197802020
 371.3878770995436333 344.4158159900856127 353.6187822622821178  -0.0024584802197980
 372.5009257924232483 345.5496516704383530 352.3054225992068069   0.0977415197802020
 371.5144887505163710 341.6662644652301676 352.7154931702677432  -0.0343584802197980
 370.3655352610922421 340.4870753576633155 353.9570432402540259   0.0294415197802020
 370.6924578822606221 341.5509911710610117 350.8276567624804216   0.0294415197802020
 374.1733334209435390 340.6136870086360530 352.6134479590359918   0.0117415197802020
 375.0463868948151904 342.1651521645853970 348.9435998069609069   0.1329415197802020
 368.6628920144291745 345.3852454967872247 353.4581555408987965   0.5972415203289801
 368.0052673198246076 346.6948257075946215 351.6477979046022402  -0.5679584818661324
 367.0698528835335792 344.8580119054232024 355.3554405793557158  -0.4157584802197979
 367.7180289474685486 343.7714193784184503 356.7935221672697802   0.2718415197802020
 364.3467575245530506 345.4589448160101295 355.2836309862667413  -0.0024584802197980
 363.5474033699043576 344.5348687365226293 353.6244514406838551   0.0977415197802020
 363.0333978614777936 344.3666831106036403 357.6325605707308479  -0.0343584802197980
 363.9574739409652938 345.0961173982972354 359.3257551867242643   0.0294415197802020
 361.0813107651371111 345.0299769836099980 357.6722448195431689   0.0294415197802020
 362.9710368990583629 341.4999685654451090 357.7213776990251411   0.0117415197802020
 361.4025642079037539 340.1507041058253377 356.0508597966387271  -0.1256584802197980
 360.2611696230152925 341.1598178613392708 354.7091542415546768   0.1329415197802020
 361.3231957102790583 337.4956388876659768 356.1056618545224902  -0.1704584802197980
 360.1591244117835411 336.4770765014824460 354.7734049301079838   0.1429415197802020
 362.7574978459252624 336.1728305939211218 357.9009016817476579  -0.1072584802197980
 362.6970266096398158 334.1319263692861462 357.9897188100419511   0.1296415197802020
 364.2598301223926877 337.5183156012730326 359.6205524636159907  -0.1704584802197980
 365.2594952472370230 336.5054223934912391 361.0680826821996529   0.1429415197802020
 364.4147876653742183 340.1658219148967263 359.5052791694467809  -0.1256584802197980
 365.5901973206732099 341.1673767658749919 360.8318669154594964   0.1329415197802020
 363.7401554355643327 348.2935340168920074 354.9926131616428753   0.5972415203289801
 361.5915368212958683 348.9738354251036837 354.4200261430646874  -0.5679584818661324
 365.6128740342802657 349.9602724670105610 355.2987487953380760  -0.4157584802197979
 367.3381939945503895 349.2554046190579522 355.7069296402650819   0.2718415197802020
 365.3690993630044420 352.7022650873302850 354.9831645309732239  -0.0581584802197980
 363.5152780256277041 353.2616240229709610 355.6256714165064561   0.1359415197802020
 365.5051596446467772 353.5866569180054643 352.2109362925107767   0.5972415203289801
 364.3826623210975647 355.5141775746051070 351.5325246104330304  -0.5679584818661324
 366.7542686191687273 352.1769212221001928 350.5215211287851671  -0.4157584802197979
 367.5781892135584064 350.5404183901243626 351.1016670518989688   0.2718415197802020
 366.8449754735969508 352.8099794769638273 347.8040949482064294  -0.0581584802197980
 367.3684296126931127 354.7866330130454420 347.5716586337340797   0.1359415197802020
 368.8575338062230797 351.1942636324611226 346.4756174760597837  -0.0074584802197980
 368.3227413103233362 349.2081614657099101 346.6286852929073841   0.0366415197802020
 368.8745413414283447 351.6818129750128241 344.4743975002371826   0.0366415197802020
 371.5239373811859688 351.4663841957457930 347.4563853395649238   0.1867415197802020
 373.4363402287142764 349.7051594389312092 347.0330866855665293  -0.5432584802197979
 364.2787273837318830 352.4622698683222680 346.4869558328633115   0.5972415203289801
 363.6551177595378463 353.8644466596918721 344.7370694328522019  -0.5679584818661324
 362.7480492152556647 350.6481327797579048 347.3505606760653117  -0.4157584802197979
 363.3754382917175082 349.5520916220835551 348.7829730855776392   0.2718415197802020
 360.2970744195598067 350.0509793214387844 346.2091660911768503  -0.0252584802197980
 360.5729744351122839 349.4519361369857338 344.2551892687022912   0.0697415197802020
 359.4145723150185575 348.5014038916233708 347.2428462864317694   0.0697415197802020
 358.5037243184685154 352.3167609560103350 346.2261736263821690   0.5972415203289801
 357.9764907271044929 353.4430377318274080 344.2646378993718889  -0.5679584818661324
 357.6382297491325850 353.1047767538555001 348.4560504644092590  -0.4157584802197979
 358.1975886847733147 352.2090465663768463 350.0453101430369937   0.2718415197802020
 355.7995262208272357 355.1683576920975315 348.6733689698101665  -0.0275584802197980
 354.1894795547263217 354.7204925983582048 347.4696134225023283   0.1122415197802020
 354.8206480834560259 355.3025282476059366 351.3813465197193605  -0.0050584802197980
 353.5602007521305479 356.9239132705103785 351.5438629672365585   0.0338415197802020
 353.6773637724336341 353.6225617145499248 351.7271664022269358   0.0338415197802020
 356.7689557275288477 355.4688241473909951 353.4260301966221429  -0.1415584802197980
 357.6552372843379037 353.4808322545058523 354.7431693119652606  -0.1638584802197980
 357.1280036929738814 351.5570910501740167 354.4691590225466598   0.2061415197802020
 359.2539455936352898 354.2518405171456987 356.6177776368151240  -0.3418584802197979
 360.0551894744178592 353.0367466130343324 357.8612174329353370   0.3411415197802020
 356.7991913456715711 357.7402749603643364 347.7851976868671802   0.5972415203289801
 355.3081974260076737 359.2747325811084153 346.8781291425849988  -0.5679584818661324
 359.2785120333762759 358.2221551245142472 347.9193682423755853  -0.4157584802197979
 360.4331347012021419 356.9050160091711832 348.6790381482119573   0.2718415197802020
 364.4752589016597185 357.7062598899537526 348.6317949948639152   0.4101415197802020
 360.0627483789535803 360.5843127919158120 343.9452741827392300   0.5972415203289801
 360.8035210234507033 358.5906517206289321 342.5846713663159308  -0.4157584802197979
 361.6501183314474383 357.1242242407060208 343.4917399105981124   0.2718415197802020
 360.4539216886752675 358.4508119867187362 339.8162225801212903  -0.0389584802197980
 361.2721731046631558 360.1421168765782759 338.9790739027941531   0.1006415197802020
 361.8164142312324969 356.1699125430757973 338.6521512816257729   0.3653415197802020
 361.4176820169750888 356.1529050078704784 336.6301443183300464   0.0042415197802020
 364.6812390502570980 356.2889652895128137 338.9847430811959439  -0.2438584802197979
 365.5316158105216936 354.5825425905819393 338.1986170094847091   0.0641415197802020
 365.4182322424864142 357.9254681214886440 337.9775190518158873   0.0641415197802020
 365.1895753802819251 356.4420331063604677 340.9727349740810867   0.0641415197802020
 360.9584785664322340 353.8738952903614698 339.6631547632736363  -0.6761584785734636
 361.4857121577962563 353.7624014484601207 341.4130411632847461   0.4101415197802020
 357.6609064627396408 358.4281352731116802 339.0414348652135835   0.5972415203289801
 356.9635975193226994 359.7377154839191306 337.2461950379883621  -0.5679584818661324
 356.0244036307638643 357.1336728713756185 340.4700678224580503  -0.4157584802197979
 356.7349406571182641 355.9639323944783640 341.8155528298099610   0.2718415197802020
 353.2786315581762796 357.1733571201879932 340.0524383468614468  -0.0237584802197980
 352.8874582484545926 356.5421885914582890 338.1305868686635414   0.0879415197802020
 351.8972417542798549 355.3422124964182576 341.8287809127474192   0.0341415197802020
 352.4433726069830727 355.7352755322739286 343.7733091045523806   0.0240415197802020
 349.8676758864484072 355.6672453914527609 341.6738233697658887   0.0240415197802020
 352.4074678104385585 352.5473075443487544 341.2410760850978967   0.0017415197802020
 354.3916802510558945 352.1504650562252764 341.6039035028107908   0.0439415197802020
 351.3000882959607346 351.4248102207995419 342.5601049265749447   0.0439415197802020
 351.7120485931555473 351.4531561128083348 338.0568875494405829  -0.2737584802197979
 348.3936895019898286 352.2166054709125138 337.7224060237365355  -0.0536584802197980
 347.7096086415103453 351.4909506354867793 335.9177175658417163   0.0683415197802020
 347.3241045101903953 351.3492211754426531 339.2493047399448932   0.0683415197802020
 348.1329072955086858 354.2593994216814197 337.7639799986827868   0.0683415197802020
 352.1542445084931370 359.8265326122134238 340.3170000056103964   0.5972415203289801
 350.6538019581596419 360.6183278623263959 338.7239608747148011  -0.5679584818661324
 352.9422603063383021 361.2627244739935581 342.2464103883440229  -0.4157584802197979
 354.1422364013782798 360.4992751158893793 343.5370933378122242   0.2718415197802020
 352.1731417698323324 363.8970027046797936 342.5714432833784726  -0.0518584802197980
 350.1133402838581614 363.9536944886974332 342.6149069844586540   0.0921415197802020
 356.4722687245031912 363.8667670865370704 340.2055061637090473   0.2718415197802020
 359.2728428549744851 363.8289725638586258 336.3580237550453758  -0.0297584802197980
 354.5749836860462718 366.0116062485376740 334.7952202422925039   0.5972415203289801
 353.9627124186557630 363.6211026891272624 334.2434202111874953  -0.4157584802197979
 354.6751391711440929 362.2208156238916422 335.3507997256653731   0.2718415197802020
 352.2789664333319444 362.9124553889067930 332.1307063934635452  -0.0875584802197980
 353.0405260653021930 363.6948020083502209 330.3845994457202960   0.0968415197802020
 352.1447958778235393 360.0136154994716081 331.8359091165718187   0.2984415197802021
 351.7744095555749779 359.1651284653409964 333.6765023710111521  -0.0297584802197980
 350.0623176782423124 359.1481209301356778 330.0104336712038739  -0.3192584802197979
 350.1662526156079942 357.1053269793668255 329.7515411908567153   0.0790415197802020
 348.2066066147316443 359.5808682148036698 330.7890008383794414   0.0790415197802020
 350.2758567313754131 360.0854250925606363 328.1868479519699131   0.0790415197802020
 354.6694699927423021 358.9950531132880773 330.8400234439953439  -0.3192584802197979
 354.5863220428497997 356.9390310795817132 330.7417576850313993   0.0790415197802020
 355.0549741240622522 359.7566127452583260 328.9635253930115503   0.0790415197802020
 356.1982584350845902 359.5128380739825021 332.1174783105260870   0.0790415197802020
 349.6446882026457089 364.0595191521969916 332.4595187407658555   0.5972415203289801
 348.7111634924886108 365.3407534709956489 330.7606549463706483  -0.5679584818661324
 348.4787271780163150 363.7496040662339302 334.6723880435876269  -0.4157584802197979
 349.3366628428165242 362.6837985267023576 336.0235422293413284   0.2718415197802020
 346.0088551209812078 364.8607630329796148 335.2487545144336215  -0.0024584802197980
 344.6123475080133945 364.0878650442058383 333.9505126604296992   0.0977415197802020
 345.2775311071536826 364.1181006623485615 337.9567320643427617  -0.0343584802197980
 344.6293550432187132 362.1679032921418632 337.9869676824854851   0.0294415197802020
 346.9612770924775548 364.2069177906428549 339.1415903503114047   0.0294415197802020
 343.2857597620006791 365.8150747306098385 339.1208033628382791   0.0117415197802020
 340.8215568833673629 365.9076713111719923 338.1230279641278203  -0.1256584802197980
 340.3018821965390615 364.6982465854624168 336.5696730820445462   0.1329415197802020
 342.3900295745220256 366.0682980325553137 327.2344259804735661   0.0559415197802020
 342.0990117498981596 365.9530247383861041 329.2734404789746116  -0.0173584802197980
 340.5532157723505529 365.8320822658151572 326.3273574361913846  -0.0173584802197980
 344.0888933689172327 363.8592081820013492 326.4048362076821499   0.0135415197802020
 345.4589448160101295 363.4642554200118016 327.8863814966763959  -0.0425584802197980
 342.9078145352164503 362.1792416489453911 326.2158635942900355  -0.0425584802197980
 345.4570550898761992 364.3316397154816622 323.8971696279686521   0.8053415186826456
 344.0983419995868303 364.6812390502570980 321.9753181497707467  -0.8188584780246854
 347.8059846743403059 364.3316397154816622 323.8537059268884706  -0.8188584780246854
 330.0765740858911650 355.3989042804358972 322.9012839553921773  -0.5679584818661324
 329.8233507839456898 359.3068579253850690 328.2681061757284854  -0.5679584818661324
 326.7827814344663787 355.6596864869170398 331.5921344452959948   0.5972415203289801
 327.5764664107133346 355.6785837482562890 333.7747681299750430  -0.5679584818661324
 327.2306465282057593 353.7775192575315090 329.9707494223915530  -0.4157584802197979
 326.5427862154584155 353.9305870743791095 328.1962965826395109   0.2718415197802020
 328.6989637342625470 351.5155170752277654 330.6094768556569246  -0.0875584802197980
 327.8826020444085891 350.6462430536239745 332.2894433887129364   0.0968415197802020
 328.7027431865304077 349.5331943607443597 328.4740863243259186   0.2984415197802021
 329.8441377714188155 350.2361724825630384 326.9093930854391164  -0.0297584802197980
 329.8157918794100224 347.0274175071647922 329.4095007606169468  -0.3192584802197979
 329.8611453066241341 345.6573660600718417 327.8750431398728680   0.0790415197802020
 331.7565406189471231 347.2919791659137418 330.0482281938823184   0.0790415197802020
 328.6989637342625470 346.2715270535962807 330.9647453688341513   0.0790415197802020
 326.0627957774423814 348.9568278898983651 327.4441855813388600  -0.3192584802197979
 326.2517683908345495 347.6094531564125240 325.9021690560591137   0.0790415197802020
 324.8798272176077223 348.1461353784461440 328.9181719657974385   0.0790415197802020
 325.1802936729011861 350.6575814104275025 326.7015232107078067   0.0790415197802020
 331.4352871761805339 352.1920390311715814 331.2425351105205591   0.5972415203289801
 332.3574735295341041 351.3435519970409160 333.1889530284594506  -0.5679584818661324
 332.6560502586936373 353.8247624108794974 329.7402028340531874  -0.4157584802197979
 331.7697687018845813 354.4861665577519785 328.1887376781037897   0.2718415197802020
 335.3148949291208589 354.5182919020286320 330.1332658699088048  -0.0518584802197980
 336.4714073230806552 352.8043102985620365 330.0879124426946931   0.0921415197802020
 336.2011764859299149 356.3267598121912582 328.0318904089883289  -0.1102584802197980
 334.8972654535242555 357.9216886692207836 327.9563013636314937   0.0456415197802020
 338.0549978233066526 357.0637530044205205 328.5496753696827536   0.0456415197802020
 336.4033771822594875 355.1494604307583362 325.3806046430968284   0.3530415197802020
 334.6345935209091826 354.2234946251369056 324.8854963960094594  -0.0361584802197980
 336.9098237861503844 357.2659537007500931 323.4682017955685205  -0.4121584802197980
 337.1195833870156244 356.4684892722353305 321.5879242923168664   0.0999415197802020
 335.3281230120583171 358.5812030899592807 323.4738709739703115   0.0999415197802020
 338.6427026509561753 358.2599496471926915 323.9727586733254872   0.0999415197802020
 338.5557752487958123 353.2351678570960982 325.1859628513029232  -0.4121584802197980
 338.6937252565720779 352.4962849387328517 323.2716702776407389   0.0999415197802020
 340.3358972669496454 354.1176699616372935 325.7188656210687362   0.0999415197802020
 338.2118450924221135 351.6440184523343796 326.4539690871641221   0.0999415197802020
 335.7476422137887972 355.7069296402650819 332.7316393040505261   0.5972415203289801
 337.3501299753540438 354.8697809629379446 334.1678311658306604  -0.5679584818661324
 334.2604277463928142 357.6193324877933897 333.4270585213335374  -0.4157584802197979
 332.9054941083712520 358.2089270415768426 332.2214132478917687   0.2718415197802020
 334.5249894051417635 358.8098599521637697 335.9252764703774375  -0.0597584802197980
 336.5224299286965578 359.2369380584299709 336.2011764859299149   0.0868415197802020
 333.0510030206831850 361.3269751625468653 336.0556675736179819   0.1302415197802020
 333.3023365964947300 362.0790861638475699 337.9605115166106223   0.0186415197802020
 334.2226332237143697 363.2412677362091033 334.1999565101073139  -0.3204584802197979
 336.2635374483493455 363.3168567815659382 334.4758565256598450   0.0881415197802020
 333.8314599139926826 362.6837985267023576 332.2554283183023525   0.0881415197802020
 330.1861782016585840 360.9868244584410808 335.5907949446733364  -0.0430584802197980
 329.8743733895615924 360.3651045603809742 333.6519359312701658   0.0235415197802020
 329.4661925446345865 359.5317353353216974 336.8531320021327447   0.0235415197802020
 333.8276804617248222 357.0108406726707413 338.0984615243868342   0.5972415203289801
 334.9029346319260462 357.2508358916787584 340.1412554751557400  -0.5679584818661324
 332.1136988582582802 355.1948138579724479 337.6921704055938123  -0.4157584802197979
 331.3748159398950336 354.9963926139106821 335.9403942794487723   0.2718415197802020
 331.5241043044748273 353.2559548445692238 339.5705581827115363   0.0336415197802020
 331.1197029118156819 354.1781411979227938 341.3695774622045645   0.0822415197802020
 329.1506082802697344 351.8254321611908267 338.7485273144557874  -0.1825584802197980
 328.5496753696827536 350.5914409957402652 340.2829849351998125   0.0602415197802020
 327.6577246344719605 353.1614685378731397 338.3025519468503372   0.0602415197802020
 329.5417815899914216 350.6783683979006282 337.0836785904711639   0.0602415197802020
 333.7766578561089731 351.4701636480136537 340.0089746457812654   0.5972415203289801
 334.6327037947753059 351.2320581551395669 342.1500343555140085  -0.5679584818661324
 334.8141175036316992 350.3873505732767622 337.9775190518158873  -0.5163584802197979
 334.0109838967151995 350.7520677171235865 336.2710963528850127   0.2935415197802020
 337.1913929801046526 348.9398203546931001 337.9075991848607895   0.0396415197802020
 336.9873025576411496 347.1408010752000717 338.8845875960981226   0.1104415197802020
 337.7866567122898426 348.3672333361149659 335.1259223157287445   0.0559415197802020
 336.2408607347422896 347.2711921784406162 334.3133400781425933  -0.0173584802197980
 337.8811430189859267 350.1549142588044662 334.1168085602147576  -0.0173584802197980
 340.2678671261284777 346.9423798311383058 334.6761674958554873   0.0135415197802020
 341.6662644652301676 347.4790620531719259 336.0953518224303566  -0.0425584802197980
 339.9314958742904463 344.9147036894407884 334.8670298353815321  -0.0425584802197980
 341.3280034872582597 347.5433127417252866 332.0475584435709891   0.8053415186826456
 339.8502376505318742 347.4828415054397865 330.1975165584621119  -0.8188584780246854
 343.6372488229100454 348.0100750968038088 331.9228365187321818  -0.8188584780246854
 339.3248937853017284 350.3703430380714433 339.2568636444805607   0.5365415197802020
 340.5059726190025108 349.3971340791020245 341.0105294967595310  -0.5819584818661324
 339.7311849040948040 352.7684055020175224 338.5765622362689380  -0.4157584802197979
 338.7598656712593153 353.4638247193005336 337.0742299598015664   0.2718415197802020
 341.8042144730064331 354.2593994216814197 339.6272499667291759  -0.0014584802197980
 343.5465419684818217 353.2446164877656958 339.2700917274180189   0.0875415197802020
 341.9705103727914918 356.8521036774213503 338.3365670172609208  -0.0152584802197980
 340.2206239727804356 357.8725557897388112 338.7239608747148011   0.0294415197802020
 343.5011885412677100 357.8990119556137276 339.2360766570074350   0.0294415197802020
 342.4410521801378744 356.9314721750460459 335.4981983641112362  -0.0011584802197980
 343.1837145507689277 354.7469487642330674 334.1432647260896742  -0.1906584802197980
 343.4067022345716797 352.9724959244810253 335.0692305317111047   0.1698415197802020
 343.5522111468836127 354.8017508221167769 331.5203248522069666  -0.2341584802197979
 344.0095248712925371 353.1009973015876931 330.5471158932375478   0.1655415197802020
 343.2479652393222885 357.2867406882232726 330.1219275131052769   0.3225415197802020
 343.6807125239902268 357.4927208368206520 327.5991431243203905  -0.5579584818661324
 343.7997652704272971 359.2331586061621641 327.1002554249651612   0.3991415197802020
 342.4448316324057349 359.5695298580001419 331.6582748599832322  -0.2341584802197979
 342.1613727123175365 361.3553210545557119 330.7757727554419832   0.1655415197802020
 342.0498788704161874 359.2671736765727480 334.2660969247945513  -0.1906584802197980
 341.4281589723560808 360.8413155461291478 335.3507997256653731   0.1698415197802020
 341.6076829550785976 354.5882117689836764 342.4958542380216376   0.5972415203289801
 343.4917399105981124 354.2934144920920036 343.8337803408378809  -0.5679584818661324
 339.3570191295784356 355.2193802977133804 343.4577248401875285  -0.4157584802197979
 337.8603560315128011 355.3705583884271041 342.2671973758171484   0.2718415197802020
 338.9545074630531668 355.6124433335689977 346.1657023900966687  -0.0518584802197980
 340.6288048177073878 356.5365194130564982 346.9348209266026384   0.0921415197802020
 336.6414826751335743 357.3377632938391215 346.5512065214166188  -0.1102584802197980
 335.1920627304159819 356.8615523080909479 345.1641475391184031   0.0456415197802020
 335.8515771511544790 356.9484797102513646 348.4163662155968844   0.0456415197802020
 337.2291875027830969 360.1931394821941248 346.4434921317831301   0.3530415197802020
 338.4216046932874074 360.6693504679422984 348.0554285240179206  -0.0361584802197980
 338.5671136055993402 361.1153258355476949 344.0473193939709814  -0.4121584802197980
 338.8241163598126224 363.1581197863166009 344.1191289870599559   0.0999415197802020
 340.4247143952439386 360.2422723616760971 343.8999207555251183   0.0999415197802020
 337.4559546388536558 360.6296662191299237 342.3862501222541649   0.0999415197802020
 334.7574257196140596 361.6765744973223011 346.6853770769250237  -0.4121584802197980
 333.5404420893688166 361.2589450217256976 345.0753304108241097   0.0999415197802020
 333.7974448435820988 361.1361128230208206 348.4239251201325518   0.0999415197802020
 338.7352992315183292 353.1217842890608188 347.6510271313587753   0.5972415203289801
 339.2644225490162818 353.1482404549356815 349.9149190397964492  -0.5679584818661324
 338.1211382379938900 350.9882834838637430 346.4359332272474090  -0.4157584802197979
 337.5995738250316585 351.0922184212293710 344.5896707944063386   0.2718415197802020
 338.4121560626178097 348.4541607382753289 347.5565408246627448  -0.0875584802197980
 337.5258745058087000 348.4428223814718008 349.4160313404412198   0.0968415197802020
 337.0043100928464685 346.3716825386941019 346.0882236186059034   0.2984415197802021
 337.4332779252465999 346.5039633680685767 344.0794447382476350  -0.0297584802197980
 337.7299649282722029 343.7279556773382689 347.0368661378343900  -0.3192584802197979
 336.5602244513749484 342.3049918984955392 346.1316873196860848   0.0790415197802020
 339.6971698336842201 343.3330029153487212 346.5776626872915352   0.0790415197802020
 337.4729621740589208 343.6089029309012523 349.0815498147371724   0.0790415197802020
 334.1357058215540068 346.6192366622377863 346.4831763805954511  -0.3192584802197979
 333.1303715183078806 345.1792653481897916 345.4135913887960178   0.0790415197802020
 333.6802818232789589 346.4000284307028948 348.4806169041501915   0.0790415197802020
 333.4856400314851073 348.4768374518823847 345.8765742916067330   0.0790415197802020
 341.2089507408212432 347.8740148151614736 347.9911778354646135   0.5972415203289801
 342.0045254432020755 347.5489819201270237 350.1568039849383428  -0.5679584818661324
 342.7434083615653220 347.8664559106258062 345.9861784073741520  -0.4157584802197979
 341.9742898250593522 348.1518045568479350 344.2438509118987633   0.2718415197802020
 345.4324886501352131 347.1521394320035996 346.1392462242218059  -0.0875584802197980
 345.5704386579114787 345.3058769991625291 347.0425353162361271   0.0968415197802020
 346.6211263883717167 347.0387558639683201 343.4671734708571263   0.2984415197802021
 346.4208154181760743 348.9001361058807254 342.6073480799229867  -0.0297584802197980
 349.4443772324500666 346.3641236341584345 343.5144166242051682  -0.3192584802197979
 350.1851498769471896 346.3093215762746714 341.5906754198733326   0.0790415197802020
 350.5158519503834300 347.7738593300636523 344.5613249023975457   0.0790415197802020
 349.7127183434668766 344.5235303797191014 344.3950290026124871   0.0790415197802020
 345.3625687831801689 345.1036763028329565 341.7078384401764725  -0.3192584802197979
 346.0239729300525963 345.4173708410638783 339.7803177835767762   0.0790415197802020
 345.8690153870710658 343.1969426337063860 342.2785357326206764   0.0790415197802020
 343.3178851062773327 345.3172153559660572 341.7248459753817375   0.0790415197802020
 346.9272620220669710 349.0135196739160047 347.7814182345993734   0.5972415203289801
 348.4862860825519824 348.2519600419457561 349.3272142121469265  -0.5679584818661324
 346.3924695261672276 351.4739431002814605 347.6018942518768568  -0.4157584802197979
 345.1074557551007635 352.0427506665917879 346.2923140410694063   0.2718415197802020
 347.5527613723948844 353.3655589603366427 349.2554046190579522  -0.0252584802197980
 349.5898861447619994 353.3787870432741009 348.9511587114966280   0.0697415197802020
 346.7930914665585124 355.2174905715795039 348.7754141810419181   0.0697415197802020
 347.0425353162361271 352.8685609871153436 352.0654273801988437   0.5972415203289801
 348.7924217162472368 352.9951726380880811 353.5942158225411317  -0.5679584818661324
 344.7030543624416180 352.2071568402429162 352.7589568713479246  -0.4157584802197979
 343.3443412721522491 352.0049561439133434 351.4210307685316813   0.2718415197802020
 344.0397604894352603 351.6156725603255867 355.3724481145610345   0.0336415197802020
 344.6047886034777271 353.1954836082837236 356.5686447573331518   0.0822415197802020
 341.1673767658749919 351.2963088436928739 355.5784282631584141  -0.1825584802197980
 340.6552609835823043 350.8900177248997984 357.5324050856330267   0.0602415197802020
 340.2281828773161030 353.0329671607665256 354.9869439832410845   0.0602415197802020
 340.5286493326095666 349.7486231400113906 354.3784521681184363   0.0602415197802020
 345.4305989240013365 349.2629635235936194 356.3418776212626467   0.5972415203289801
 346.4378229533813393 349.3083169508077311 358.4375839037812780  -0.5679584818661324
 345.5591003011079508 347.2428462864317694 354.8282069879916933  -0.4157584802197979
 344.7578564203253275 347.3259942363243254 353.0821000402484441   0.2718415197802020
 346.7685250268175798 344.8674605360928000 355.6218919642386492  -0.0389584802197980
 345.9030304574816495 344.2608584471040821 357.3887858994550240   0.1006415197802020
 346.3660133602923112 342.7056138388868776 353.7132685689781483   0.3653415197802020
 347.1294627183965438 340.9821836047506842 354.5428583417696183   0.0042415197802020
 343.5654392298210170 342.2615281974153576 353.1482404549356815  -0.2438584802197979
 342.8945864522789921 340.6458123529127067 354.2253843512708359   0.0641415197802020
 342.4183754665308185 343.8923618509893972 353.6452384281569806   0.0641415197802020
 343.2819803097328723 341.9346055762469776 351.1394615745774131   0.0641415197802020
 347.6000045257429265 343.0306467339213273 351.3700081629158324  -0.6761584785734636
 349.3820162700306360 343.2725316790632209 351.6402390000665728   0.4101415197802020
 349.5596505266192762 345.2832002855554734 356.1529050078704784   0.5972415203289801
 350.4553807140979299 344.6236858648169224 358.1900297802375936  -0.5679584818661324
 350.9089149862390475 346.5304195339434932 354.4332542260021456  -0.4157584802197979
 350.0717663089119101 346.9102544868616523 352.7438390622765363   0.2718415197802020
 353.6036644532107295 346.9952921628881387 354.7280515028938721  -0.0014584802197980
 354.4804973793501877 345.2246187754039034 355.3195357828112016   0.0875415197802020
 354.7734049301079838 347.5206360281182308 352.1107808074129554  -0.0152584802197980
 353.6187822622821178 348.8547826786666135 351.0430855417474525   0.0294415197802020
 356.6555721594935685 348.3124312782312027 352.3356582173495840   0.0294415197802020
 355.0606433024639894 345.0356461620117890 350.6934862069720165  -0.0011584802197980
 357.0845399918936998 343.4671734708571263 351.4210307685316813  -0.1906584802197980
 358.4772681525936526 344.2136152937560400 352.6814780998571593   0.1698415197802020
 357.2111516428663838 340.9311609991348354 350.6519122320257116  -0.2341584802197979
 358.6719099443875041 339.7198465472912761 351.3000882959607346   0.1655415197802020
 355.1645782398296711 339.8823629948085277 348.9681662467018930   0.3225415197802020
 355.1381220739548083 337.3954834025681555 348.3445566225079099  -0.5579584818661324
 353.5790980134697432 336.9551772133644961 347.4563853395649238   0.3991415197802020
 353.1198945629268884 341.6946103572390143 348.0932230466963651  -0.2341584802197979
 351.6402390000665728 341.0728904591789077 346.8762394164510685   0.1655415197802020
 353.1803657992123887 344.1966077585507212 348.9965121387107397  -0.1906584802197980
 351.7328355806286729 345.4646139944119203 348.4333737508022033   0.1698415197802020
 354.1913692808602520 348.8774593922736695 356.8539934035552804   0.5972415203289801
 356.0905440454511017 348.5297497836321639 358.1522352575592030  -0.5679584818661324
 352.6039993283663941 350.7974211443376445 357.3302043893034541  -0.4157584802197979
 351.0865492428276339 351.0676519814883849 356.1869200782810623   0.2718415197802020
 352.9139144143294554 352.4131369888403493 359.5884271193393372  -0.0875584802197980
 354.8471042493308887 353.1236740151947491 359.6205524636159907   0.0968415197802020
 351.1319026700417456 354.7204925983582048 359.5619709534644208   0.2984415197802021
 349.2138306441116472 354.0987727002980982 359.1292236687964824  -0.0297584802197980
 351.0808800644258431 356.1585741862722692 362.0828656161153766  -0.3192584802197979
 350.2796361836432735 354.9774953525714868 363.5681903573774832   0.0790415197802020
 351.9803897041723573 356.6404543504221799 357.5701996083114173  -0.3192584802197979
 350.6594711365614327 358.2183756722464402 357.5021694674902496   0.0790415197802020
 352.0068458700472737 355.7485036152113332 355.7258269016042772   0.0790415197802020
 352.5794328886254080 350.8597821067570752 362.0016073923567509   0.5972415203289801
 354.1082213309676960 351.1167848609703573 363.7288170787608048  -0.5679584818661324
 350.6972656592398235 349.1779258475671330 362.1074320558563629  -0.4157584802197979
 349.4953998380659154 349.0324169352552000 360.6183278623263959   0.2718415197802020
 350.3136512540538037 347.4904004099754538 364.2806171098658134  -0.0597584802197980
 350.2399519348308989 348.6393538993995827 365.9927089871984787   0.0868415197802020
 347.7625209732601244 346.0768852618023755 364.0614088783309219   0.1302415197802020
 347.6415785006891775 345.2302879538056405 362.1868005534810585   0.0186415197802020
 347.5263052065199680 343.9452741827392300 366.0286137837429390  -0.3204584802197979
 345.6913811304824254 343.0287570077873970 365.8982226805023946   0.0881415197802020
 348.9681662467018930 342.5071925948251655 365.7205884239138080   0.0881415197802020
 347.7719696039297220 344.7068338147094787 367.9315680006016491   0.0881415197802020
 345.5496516704383530 347.9609422173218903 364.3921109517671625  -0.0430584802197980
 345.3890249490550317 348.4900655348198429 366.3782131185183750   0.0235415197802020
 345.9332660756243728 349.6824827253241532 363.3300848645033964   0.0235415197802020
 342.9966316635107434 346.9367106527365687 363.4718143245475226  -0.0660584802197980
 342.3786912177184975 345.3606790570462386 364.6434445275787073   0.0185415197802020
 341.5850062414715416 348.4314840246682729 363.5851978925828021   0.0185415197802020
 343.1534789326262044 346.3149907546764623 361.5121683236711727   0.0185415197802020
 352.5813226147593383 345.7159475702234117 364.6226575401055280   0.5972415203289801
 353.4978397897111174 345.4627242682779900 366.7240330010260039  -0.5679584818661324
 353.6509076065587716 344.6047886034777271 362.6195478381489969  -0.4157584802197979
 352.8364356428386901 344.8164379304768975 360.8961176040128571   0.2718415197802020
 355.9280275979338498 343.0287570077873970 362.9030067582371952  -0.0518584802197980
 355.6162227858368584 341.7456329628548632 364.4884869845971231   0.0921415197802020
 356.3815618700749675 341.4054822587490250 360.5389593647017002  -0.1102584802197980
 356.8313166899482247 342.6375836980657099 358.9496996860739656   0.0456415197802020
 358.0294030588543258 340.2225136989143659 360.9074559608163852   0.0456415197802020
 354.1573542104496682 339.6858314768806922 359.7811791849993121   0.3530415197802020
 352.7136034441338129 340.8026596220281676 358.8646620100474792  -0.0361584802197980
 355.0417460411247940 337.7167368453347447 357.8744455158727415  -0.4121584802197980
 353.4241404704882126 336.6244751399282555 357.2527256178126888   0.0999415197802020
 355.8543282787109452 338.6767177213667592 356.2417221361647718   0.0999415197802020
 356.4590406415657329 336.4865251321520436 358.7267120022712673   0.0999415197802020
 352.9120246881955250 338.2628676980380162 361.9675923219461670  -0.4121584802197980
 351.4040232333264163 337.0874580427389709 361.2192607729133766   0.0999415197802020
 354.3104220272972686 337.1063553040782199 362.9464704593173768   0.0999415197802020
 352.0748760108684415 339.5932348963185921 363.2979595202267429   0.0999415197802020
 358.2958544437372057 344.5537659978618782 363.6362204981986510   0.5972415203289801
 359.9682620722574964 343.5446522423478916 364.8966678295241290  -0.5679584818661324
 358.4111277379064152 346.9858435322184873 362.9634779945226955  -0.4157584802197979
 357.0221790294742694 347.6680346665640940 361.8353114925716923   0.2718415197802020
 351.5835472160489331 342.1160192851034246 370.8757613172509457  -0.5679584818661324
 347.5716586337340797 337.0307662587213311 371.0911900965179768   0.0341415197802020
 349.3328833905487174 337.4049320332377531 370.0839660671379739   0.0240415197802020
 346.9234825697991105 335.1599373861393284 370.5299414347433704   0.0240415197802020
 345.5931153715185347 338.9828533550620135 370.2729386805300883   0.0017415197802020
 346.2828654103998086 340.8631308583136677 370.7661572014835269   0.0439415197802020
 345.4230400194656154 338.9091540358390550 368.2225858252255151   0.0439415197802020
 342.4599494414771234 338.5935697714742030 371.6278723185516505  -0.2737584802197979
 341.5056377438468999 335.5851257662715993 370.3069537509406722  -0.0536584802197980
 339.5856759917828710 335.1542682077375374 370.9173352921972507   0.0683415197802020
 341.5566603494627488 335.6966196081729484 368.2528214433682920   0.0683415197802020
 342.7641953490384476 334.0884626682059648 370.9456811842060438   0.0683415197802020
 344.1644824142740677 323.3415901445957830 368.2641598001718199   0.1429415197802020
 365.2689438779066207 309.7733565030412354 357.4190215175977472   0.0284415197802020
 363.3508718519765221 311.6725312676320848 359.3503216264652504   0.0284415197802020
 366.2950651686258726 314.0290197566318589 356.3796721439410373   0.0686415197802020
 368.2792776092431547 311.0130168468935341 354.3349884670382547   0.4477415197802020
 361.5613012031531451 316.8314836132370832 360.7713956791740497  -0.5894584791222417
 358.5566366502183482 317.7461110620549859 363.6777944731449021  -0.4157584802197979
 356.7254920264486126 318.9404179786932265 361.9770409526158185  -0.0875584802197980
 357.4587057664100682 318.9101823605504495 360.0514100221500524   0.0968415197802020
 354.1800309240567242 317.5306822827879549 361.9449156083391111   0.2984415197802021
 353.0802103141145677 318.2563371182136895 360.3594353819791834  -0.0297584802197980
 354.5712042337784112 314.6998725341739377 361.5480731202156869  -0.3192584802197979
 352.7740746804193131 313.8476060477754119 361.0283984333873319   0.0790415197802020
 355.9355865024695709 314.4183033402196695 360.0514100221500524   0.0790415197802020
 355.2760720817310202 313.7965834421595629 363.2601649975483523   0.0790415197802020
 352.6039993283663941 317.8254795596796813 364.3373088938834530  -0.3192584802197979
 350.8068697750072960 316.8428219700406111 364.1181006623485615   0.0790415197802020
 352.2184951970464441 319.8172509048326848 364.7095849422659447   0.0790415197802020
 356.4836070813067190 321.7164256694235342 362.7442697629878042   0.5972415203289801
 355.1078864558120312 323.2187579458909058 361.2702833785292255  -0.4157584802197979
 354.1157802355033634 322.4609777661885178 359.8340915167490912   0.2718415197802020
 354.6789186234118999 325.8813820685859881 361.8712162891162064  -0.0014584802197980
 355.2987487953380760 326.2120841420221748 363.8006266718497793   0.0875415197802020
 356.2492810407004929 327.6029225765882510 360.1005429016319709  -0.0152584802197980
 355.9431454070052384 327.0171074750726588 358.1484558052913423   0.0294415197802020
 355.6200022381047189 329.5550096729288798 360.2687285275509599   0.0294415197802020
 359.0517448973057170 327.5821355891150717 360.7071449906206890  -0.0011584802197980
 359.8322017906151609 327.8089027251856306 363.2450471884769637  -0.1906584802197980
 358.4923859616649875 328.1717301428985248 364.7379308342747378   0.1698415197802020
 364.1672335418305339 326.9320697990461724 362.0205046536959999   0.3225415197802020
 363.4377992541369388 326.9169519899748375 359.4599257422326692  -0.2341584802197979
 364.8569835807118080 326.5049916927799712 358.0634181292649096   0.1655415197802020
 360.8753306165397317 327.2193081714022314 358.7966318692263115  -0.1906584802197980
 360.3065230502294042 327.0511225454832426 356.8464344990196132   0.1698415197802020
 351.8896828497441338 326.5597937506636805 362.0186149275620696   0.5972415203289801
 350.2323930302952316 324.9969902379108086 361.5575217508852847  -0.5679584818661324
 351.4682739218797234 328.9219514180652453 362.7820642856662485  -0.4157584802197979
 352.9970623642220114 329.9688596962576228 363.2129218442003102   0.2718415197802020
 349.0305272091213236 330.0274412064091928 363.3622102087800500   0.0336415197802020
 348.0062956445360020 328.7386479830749217 364.6056500049002630   0.0822415197802020
 349.6087834061011949 332.4576290146319252 364.8569835807118080  -0.1825584802197980
 347.8683456367597365 333.3155646794321882 365.5524027979948193   0.0602415197802020
 350.7671855261949213 331.9984255640890704 366.5029350433571823   0.0602415197802020
 350.6273457922847791 333.7955551174481686 363.6815739254127627   0.0602415197802020
 347.3845757464758956 330.4205042422648101 360.9811552800392898   0.5972415203289801
 347.4450469827613957 328.9408486794044945 359.1915846312158592  -0.5679584818661324
 345.9143688142851775 332.4727468237033137 360.9509196618965666  -0.4157584802197979
 346.0882236186059034 333.6217003131273889 362.4608108428996593   0.2718415197802020
 343.8129933533647016 333.0944667217633664 359.2161510709568453  -0.0875584802197980
 342.2577487451475508 331.8151221290986931 359.6451189033569768   0.0968415197802020
 342.9928522112428830 335.8534668772884093 359.7906278156689098   0.2984415197802021
 341.1787151226785197 336.1973970336620543 358.8760003668510071  -0.0297584802197980
 342.6923857559494195 336.3882593731880990 362.6346656472203852  -0.3192584802197979
 342.1027912021659664 338.3384567433948512 362.9124553889067930   0.0790415197802020
 341.2637527987049525 335.1429298509340095 363.4321300757351480   0.0790415197802020
 344.4592796911657941 336.1784997723228589 363.6645663902074977   0.0790415197802020
 344.8901372496998560 337.8225615088343568 358.7966318692263115  -0.3192584802197979
 344.2173947460238468 339.7198465472912761 359.2369380584299709   0.0790415197802020
 346.7363996825409262 337.5579998500853535 359.6753545214997000   0.0790415197802020
 345.0828893153598309 337.6770525965224238 356.7538379184574594   0.0790415197802020
 344.2986529697824728 332.8393536936840146 356.3626646087357722   0.5972415203289801
 342.5071925948251655 333.0717900081563106 354.9208035685538472  -0.5679584818661324
 346.6154572099699259 332.3083406500521317 355.5122878484711767  -0.3479584802197979
 347.9118093378399179 331.9020495312590561 356.8521036774213503   0.2746415197802020
 347.3392223192617837 331.8604755563128048 352.8610020825796762  -0.2637584802197979
 347.2333976557621718 333.6217003131273889 351.8065348998516314   0.1559415197802020
 350.0490895953048541 330.8060083735847601 352.6928164566606874  -0.0007584802197980
 350.1435759020009383 328.9748637498150781 353.6395692497552435   0.0326415197802020
 350.4516012618300693 330.4942035614877150 350.6953759331059468   0.0326415197802020
 352.1032219028772343 332.5181002509174254 353.8285418631473579   0.0389415197802020
 351.8046451737177011 334.4645181688563171 353.2124911434890422   0.0284415197802020
 351.9728307996366899 332.4444009316944669 355.8826741707197381   0.0284415197802020
 354.7582871210365955 331.6582748599832322 353.0197390778290674   0.0485415197802020
 356.1566844601383391 332.7070728643095398 354.1195596877712239   0.0686415197802020
 354.9869439832410845 329.6551651580267011 353.4449274579613383   0.0686415197802020
 355.1721371443653922 332.1855084513472547 350.3136512540538037  -0.5295584802197979
 355.2344981067847689 334.0317708841883251 349.8166532808325583   0.3455415197802020
 355.2760720817310202 330.5754617852463407 348.4069175849272868   0.8075415208777582
 355.6011049767654698 328.1471637031575385 348.7092737663546807  -0.8627584796710198
 355.9393659547373779 327.4536342120084575 350.4383731788926110   0.4477415197802020
 355.5085083962033697 326.9774232262602841 347.2145003944229763   0.4477415197802020
 355.0001720661785427 331.4466255329840620 346.1241284151504176  -0.8627584796710198
 354.2405021603421708 333.1889530284594506 345.8992510052137890   0.4477415197802020
 355.1702474182314618 330.3411357446401145 344.5745529853350039   0.4477415197802020
 345.5817770147150066 329.9839775053290112 351.5230759797634329   0.7340415181338675
 344.4422721559604754 330.5490056193714779 349.5917758708959297  -0.5894584791222417
 345.1282427425738889 327.8051232729178238 352.7022650873302850  -0.4157584802197979
 346.0277523823204568 327.4725314733476529 354.3501062761096433   0.2718415197802020
 343.3707974380271655 325.9021690560591137 351.7063794147538102  -0.0014584802197980
 343.8262214363021598 325.5884745178281918 349.7202772480025440   0.0875415197802020
 343.7411837602757271 323.3926127502116856 353.1406815504000141  -0.0152584802197980
 343.7733091045523806 323.7629990724602471 355.1702474182314618   0.0294415197802020
 342.0914528453624385 322.2115339165109031 352.7835233110889109   0.0294415197802020
 346.0693263572667081 321.8505962249319393 352.4244753456438772  -0.0011584802197980
 345.7405140099643978 319.6887495277260168 350.8824588203641310  -0.1906584802197980
 343.8904721248555205 319.1917515545047177 350.2418416609648292   0.1698415197802020
 347.7889771391350409 318.1335049195088123 350.1983779598846478  -0.2341584802197979
 347.5281949326538983 316.4875534568634380 349.0664320056657839   0.1655415197802020
 350.4270348220890832 318.8308138629257539 351.0941081473633013   0.3225415197802020
 352.4603801421883914 317.4229678931544664 350.3967992039463598  -0.5579584818661324
 354.0836548912267099 318.1410638240445334 350.8824588203641310   0.3991415197802020
 350.6726992194988911 321.1627359121845955 352.7551774190800641  -0.2341584802197979
 352.4811671296615170 321.6975284080843389 353.4657144454344639   0.1655415197802020
 348.4768374518823847 322.5460154422149505 353.3693384126045031  -0.1906584802197980
 348.6374641732657062 324.1314956685748782 354.6071090303229254   0.1698415197802020
 340.5626644030201504 326.7317588288505299 351.7630711987714498   0.5972415203289801
 338.9904122595976810 325.4845395804625101 350.5857718173384744  -0.5679584818661324
 339.9050397084155835 328.7915603148247009 353.0839897663823745  -0.4157584802197979
 341.3072164997851341 329.8063432487404248 353.8927925517006652   0.2718415197802020
 337.3954834025681555 329.9934261359986089 353.0216288039629975  -0.0237584802197980
 335.9762990759932863 328.5855801662272678 352.5491972704826845   0.0879415197802020
 336.6887258284816164 331.0724597584676400 355.6294508687743166   0.0341415197802020
 338.0682259062441108 332.4878646327746485 356.1869200782810623   0.0240415197802020
 334.8821476444528669 332.0399995390353217 355.4820522303284533   0.0240415197802020
 336.5035326673573088 329.1090343053234833 357.7572824955696553   0.0017415197802020
 338.1910581049489880 327.9298451977565773 357.7780694830427809   0.0439415197802020
 336.4657381446789181 330.1540528573819304 359.5317353353216974   0.0439415197802020
 333.7180763459574032 327.0983656988312308 357.7724003046409900  -0.2737584802197979
 334.4323928245796097 324.7721128279741802 355.3667789361592437  -0.0536584802197980
 333.4931989360207748 323.0033291666238750 355.8448796480413474   0.0683415197802020
 333.7464222379661963 325.4165094396413425 353.5356343123895618   0.0683415197802020
 336.4638484185449878 324.4678669204128560 355.2760720817310202   0.0683415197802020
 337.1913929801046526 332.0456687174371125 350.9807245793280219   0.5972415203289801
 335.3224538336565264 332.0740146094459055 349.5936655970298600  -0.5679584818661324
 339.0697807572223766 333.7237455243591403 350.7293910035165307  -0.4157584802197979
 340.5966794734307343 333.5952441472525261 351.8821239452084664   0.2718415197802020
 337.3009970958720714 336.6320340444639766 348.7584066458366529   0.0778415197802020
 339.2266280263378375 334.4002674803029562 346.1014517015433616   0.5972415203289801
 337.6827217749241609 335.0597819010415071 344.4932947615763780  -0.5679584818661324
 340.7799829084211116 332.4255036703552716 345.7726393542410513  -0.4157584802197979
 342.0876733930946317 332.0626762526423776 347.1294627183965438   0.2718415197802020
 341.0898979943842266 331.1329309947531400 343.3481207244201097  -0.0275584802197980
 341.9346055762469776 332.4444009316944669 342.0007459909342687   0.1122415197802020
 342.7830926103776429 328.7896705886907705 343.7185070466686711  -0.0050584802197980
 342.2161747702012458 327.8296897126587562 345.4532756376083924   0.0338415197802020
 342.3673528609149696 327.4914287346868482 342.1708213429871341   0.0338415197802020
 345.6139023589916601 329.0334452599665944 343.7222864989364781  -0.1415584802197980
 346.9971818890220153 331.0119885221821397 342.8813583693415339  -0.1638584802197980
 346.2299530786500296 332.7864413619342354 342.2161747702012458   0.2061415197802020
 349.5256354562086923 330.3505843753097123 342.7944309671811708  -0.3418584802197979
 350.8786793680962705 331.5127659476712992 342.0914528453624385   0.3411415197802020
 349.9092498613946584 327.8996095796138541 343.5918953956959336   0.1379415197802020
 352.0427506665917879 326.3160190793878565 343.6901611546598246  -0.2601584802197979
 353.8096446018081626 326.9320697990461724 342.9701754976358270   0.1571415197802020
 351.8159835305212290 323.8537059268884706 344.6595906613614366  -0.1134584802197980
 353.4146918398186151 322.6159353091700484 344.7011646363076877   0.1416415197802020
 349.4708333983249292 322.9976599882221379 345.5591003011079508  -0.1972584802197980
 349.3177655814773289 321.1287208417740116 346.3055421240068646   0.1446415197802020
 347.3165456056547279 324.5529045964393423 345.4287091978674063  -0.2387584802197980
 345.5534311227062137 323.8669340098259289 346.1090106060790290   0.1699415197802020
 347.4601647918327306 327.0700198068224379 344.3496755753983753   0.1242415197802020
 338.5576649749297427 330.2693261515510864 342.2275131270047737   0.5972415203289801
 338.2420807105648906 330.2844439606224749 339.9239369697547790  -0.5679584818661324
 336.7340792556957282 329.5436713161253519 343.8224419840343530  -0.4157584802197979
 337.0628916029980384 329.7420925601870639 345.6932708566163557   0.2718415197802020
 334.2075154146429813 328.8369137420388126 342.9834035805732853   0.0336415197802020
 334.3945983019012191 327.4309574984014018 341.4905199347755114   0.0822415197802020
 332.7902208142020424 327.6067020288560580 345.1943831572611800  -0.1825584802197980
 330.9401789290931652 326.9623054171888956 344.5575454501296850   0.0602415197802020
 333.8541366275997386 325.9872067320855464 345.8973612790798587   0.0602415197802020
 332.5351077861226906 328.9578562146097595 346.7288407780052051   0.0602415197802020
 332.7694338267289168 331.0856878414050982 341.8382295434170170   0.5972415203289801
 331.9530721368749586 330.9269508461557070 339.6631547632736363  -0.5679584818661324
 332.4595187407658555 333.1681660409863249 343.2385166086526370  -0.4157584802197979
 333.4119407122621488 333.3004468703607997 344.8958064281015931   0.2718415197802020
 331.0875775675390283 335.4056017835490824 342.3012124462277322  -0.0875584802197980
 329.2734404789746116 334.7479770889444618 341.5868959676054720   0.0968415197802020
 330.4337323252022683 337.2613128470597504 344.4573899650318640   0.2984415197802021
 329.2375356824300974 336.2521990915458174 345.7990955201159677  -0.0297584802197980
 332.7354187563183329 338.2212937230917649 345.9181482665529843  -0.3192584802197979
 332.1420447502670732 339.6045732531221200 347.3241045101903953   0.0790415197802020
 333.6046927779221239 336.6471518535353115 346.9140339391295128   0.0790415197802020
 334.0922421204738252 339.0905677446955022 344.6444728522900481   0.0790415197802020
 328.9162822396635082 339.5308739338991615 343.4974090889998495  -0.3192584802197979
 328.2851137109338040 340.6741582449214996 345.0961173982972354   0.0790415197802020
 330.0557870984179857 340.6987246846624857 342.2464103883440229   0.0790415197802020
 327.2514335156788849 338.8581314302232062 342.4864056073519862   0.0790415197802020
 332.4519598362301344 336.6036881524551300 340.0410999900579190   0.5972415203289801
 331.2236378491813637 337.1479292790244712 338.1381457731992088  -0.5679584818661324
 334.9634058682114928 336.7321895295617978 340.0921225956737678  -0.4157584802197979
 335.8799230431633257 336.2389710086083592 341.7097281663103490   0.2718415197802020
 335.8685846863597978 339.6234705144613153 337.5655587546210746   0.0863415197802020
 336.2181840211352336 336.1690511416532614 335.5889052185394597   0.5972415203289801
 335.7174065956460740 337.2102902414438479 333.5650085291097493  -0.5679584818661324
 336.3636929334471666 333.6481564790023053 335.7514216660566577  -0.4157584802197979
 336.7983299442490352 332.8488023243536124 337.4427265559161976   0.2718415197802020
 335.9158278397077860 332.0097639208925985 333.5744571597794005   0.0336415197802020
 337.1724957187654573 332.6031379269438581 332.0513378958388496   0.0822415197802020
 336.5545552729732113 329.2828891096442091 334.3227887088121909  -0.1825584802197980
 336.2351915563404988 328.0205520521848010 332.7316393040505261   0.0602415197802020
 338.5330985351887566 329.1506082802697344 334.8878168228546577   0.0602415197802020
 335.3621380824689010 328.6781767467894214 335.8950408522346606   0.0602415197802020
 333.1889530284594506 332.2176337956239082 332.5747920349350653   0.5972415203289801
 332.7883310880681658 332.0494481697049194 330.2844439606224749  -0.5679584818661324
 331.2935577161364079 332.6163660098813163 334.2131845930447721  -0.4157584802197979
 331.7036282871973439 332.6862858768364144 336.0896826440285658   0.2718415197802020
 328.6857356513250888 333.1020256262990875 333.3420208453070510  -0.0389584802197980
 328.2114143917108455 331.6526056815814414 331.9625207675445564   0.1006415197802020
 326.6278238914848482 332.9243913697104473 335.3942634267455545   0.3653415197802020
 324.8269148858578895 333.3080057748964671 334.4664078949901936   0.0042415197802020
 326.3764903156733568 330.3033412219616702 336.5658936297767392  -0.2438584802197979
 325.0177772253839342 330.3638124582471705 338.1135793334582226   0.0641415197802020
 325.6867402767920827 328.9918712850203434 335.1410401248000792   0.0641415197802020
 328.1830684997020526 329.6362678966875056 337.2745409299972086   0.0641415197802020
 326.8508115752875464 334.7234106492034757 337.3387916185505159  -0.6761584785734636
 328.5704623571559329 335.3507997256653731 337.4313881991126695   0.4101415197802020
 328.4344020755135977 335.6285894673517807 331.9663002198124168   0.5972415203289801
 327.1021451510990915 335.7249655001817413 330.0557870984179857  -0.5679584818661324
 329.7553206431245221 337.6033532772994653 332.8412434198179450  -0.4157584802197979
 330.8192364565222183 337.3690272366932391 334.4248339200439425   0.2718415197802020
 329.8668144850258712 340.0807842388702399 331.6204803373047879  -0.0252584802197980
 327.9714191727028822 340.8820281196528632 331.5070967692695084   0.0697415197802020
 331.0630111277980422 341.3393418440617876 332.7259701256487354   0.0697415197802020
 330.9496275597627628 339.9012602561477231 328.9540767623418988   0.5972415203289801
 329.6570548841606312 340.6136870086360530 327.1512780305810637  -0.5679584818661324
 333.1795043977898528 338.7277403269826617 328.6876253774590191  -0.4157584802197979
 334.1338160954200765 338.2364115321630998 330.2787747822207378   0.2718415197802020
 334.3681421360263027 338.2666471503058230 326.2234224988257029  -0.0518584802197980
 334.7706538025515178 340.0751150604685028 325.3144642284095910   0.0921415197802020
 336.8947059770789958 336.8776984418737308 326.5824704642707364  -0.1102584802197980
 336.5243196548304344 335.1032456021216885 327.5632383277758763   0.0456415197802020
 337.6543758829153678 336.4260538958665435 324.7154210439565403   0.0456415197802020
 338.9034848574373179 338.3800307183411024 328.0583465748632453   0.3530415197802020
 338.1400354993331390 339.0130889732047368 329.8573658543562737  -0.0361584802197980
 341.1276925170626172 336.6320340444639766 328.5893596184951282  -0.4121584802197980
 342.5884508185837375 337.6808320487902844 329.5776863865359356   0.0999415197802020
 340.4606191917883991 335.0711202578450350 329.7496514647227850   0.0999415197802020
 341.8835829706311288 335.9063792090381885 326.8130170526091558   0.0999415197802020
 339.9050397084155835 340.6779376971893602 326.6467211528240972  -0.4121584802197980
 341.3261137611243831 341.6643747390962373 327.7635492979715189   0.0999415197802020
 340.6873863278589578 340.0977917740755586 324.8439224210632083   0.0999415197802020
 338.3611334570019071 341.9742898250593522 326.2668861999058843   0.0999415197802020
 332.6428221757561791 336.7983299442490352 324.4319621238683418   0.5972415203289801
 332.1609420116062686 337.6373683477100491 322.3230277584122523  -0.5679584818661324
 331.6299289679744393 334.6308140686413756 325.2596621705258815  -0.4157584802197979
 332.0721248833119752 334.0242119796526577 327.0227766534743959   0.2718415197802020
 330.0463384677483881 333.0585619252189061 323.6099312556126467  -0.0597584802197980
 331.1272618163513493 332.6579399848275676 321.9035085566817185   0.0868415197802020
 329.3849343208759607 330.5187700012287011 324.9025039312147783   0.1302415197802020
 328.7216404478696030 330.9420686552270953 326.8092376003412952   0.0186415197802020
 327.2344259804735661 329.0882473178503040 323.5589086499967442  -0.3204584802197979
 326.9755335001263538 327.2344259804735661 324.4187340409309374   0.0881415197802020
 325.4656423191233147 330.1294864176409442 323.7252045497818027   0.0881415197802020
 327.6652835390076279 328.8614801817797989 321.5557989480402129   0.0881415197802020
 331.7338639053400673 328.7915603148247009 325.1500580547584627  -0.0430584802197980
 333.2588728954145484 329.8573658543562737 326.0250012547639908   0.0235415197802020
 331.2671015502615452 327.2363157066074964 326.4199540167535384   0.0235415197802020
 332.7751030051307076 327.6539451822041000 322.6858551761251464  -0.0660584802197980
 333.2909982396912019 329.1449391018679436 321.3611571562463075   0.0185415197802020
 334.4607387165884565 326.5484553938601526 323.1148230085252778   0.0185415197802020
 331.3823748444307548 326.4086156599500104 321.8184708806552858   0.0185415197802020
 327.7181958707574071 334.5268791312756939 322.7368777817409953   0.5972415203289801
 327.1267115908400776 334.4418414552492612 320.4899934085086400  -0.5679584818661324
 326.4199540167535384 335.8893716738329233 324.4300723977344653  -0.4157584802197979
 327.0662403545545773 336.0046449680021331 326.2347608556292308   0.2718415197802020
 324.2335408798066298 337.4200498423091416 323.6968586577730098  -0.0275584802197980
 322.9012839553921773 336.2068456643317057 322.6990832590625510   0.1122415197802020
 322.8823866940529283 338.4820759295728538 326.0287807070317975  -0.0050584802197980
 322.3872784469655594 336.9230518690878426 327.2835588599555385   0.0338415197802020
 324.1787388219229203 339.7179568211573457 327.0511225454832426   0.0338415197802020
 323.9935456607986127 344.2551892687022912 324.5831402145820657   0.1699415197802020
 324.9440779061610296 339.5289842077652313 321.8449270465301485   0.5972415203289801
 327.1134835079026194 340.7705342777515140 322.1945263813055845  -0.4157584802197979
 328.2057452133091084 340.3151102794764661 323.7100867407104680   0.2718415197802020
 328.0753541100685640 342.7112830172886148 320.4748755994372517  -0.0518584802197980
 326.6278238914848482 344.1607029620062609 320.2462187372328163   0.0921415197802020
 330.4016069809256148 343.9244871952661044 321.7428818352983970  -0.1102584802197980
 329.8195713316778292 344.4951844877103083 323.6344976953535792   0.0456415197802020
 331.8737036392502630 342.5015234164233747 321.9753181497707467   0.0456415197802020
 331.5807960884924669 346.2564092445248922 320.4616475164997935   0.3530415197802020
 330.1238172392391534 347.6831524756354288 320.1574016089384693  -0.0361584802197980
 333.5612290768419423 347.3448914976635208 322.2568873437250149  -0.4121584802197980
 334.3964880280351494 349.0588731011301165 321.5066660685582405   0.0999415197802020
 332.7108523165773468 347.7776387823315130 324.0804730629590294   0.0999415197802020
 335.0578921749075768 345.9578325153653589 322.5403462638132134   0.0999415197802020
 332.8809276686302659 345.6800427736788975 317.9426425799827677  -0.4121584802197980
 334.2131845930447721 347.1653675149410041 317.4645418681007175   0.0999415197802020
 333.9448434820279621 343.9225974691321741 318.0976001229643520   0.0999415197802020
 331.4957584124659805 345.5156366000277692 316.4365308512475355   0.0999415197802020
 328.6158157843699910 341.6001240505429302 317.8519357255545441   0.5972415203289801
 330.1275966915070140 339.5913451701846618 317.7328829791175277  -0.5163584802197979
 330.9363994768253045 338.9960814379994717 319.3769447156290253   0.2935415197802020
 330.9874220824412072 338.4272738716891445 315.3782842162516301   0.0380415197802020
 331.9530721368749586 339.8596862812014718 314.2595663449702783   0.0879415197802020
 332.8658098595589311 336.2843244358224710 315.9414226041601667  -0.0303584802197980
 331.9303954232679029 334.8443531217744763 317.0847069151825583  -0.0122584802197980
 333.4194996167978163 335.4131606880847498 314.1556314076045966  -0.0122584802197980
 335.2582031451032193 337.1328114699530826 317.3039151467173961   0.7993415186826456
 336.4846354060181135 335.4717421982363198 318.4471994577397342  -0.8014584791222417
 335.9574018146540910 339.3778061170515612 317.0431329402362536  -0.8014584791222417
 327.6010328504543209 335.2657620496388865 316.7747918292194435   0.2718415197802020
 323.3623771320689624 318.7665631743724468 325.7113067165330690   0.0822415197802020
 323.3812743934081577 322.1756291199663890 323.5248935795861603  -0.1825584802197980
 325.3806046430968284 322.5479051683488809 323.8555956530224008   0.0602415197802020
 322.3778298162959618 323.9765381255933477 323.4266278206222694   0.0602415197802020
 322.7123113420000092 321.8128017022534950 328.2775548063981368   0.5972415203289801
 324.3960573273238815 321.0795879622920392 329.7005185852408128  -0.5679584818661324
 321.0380139873457881 323.5834750897377303 328.9540767623418988  -0.4157584802197979
 321.0833674145598999 324.9100628357504457 331.3974926535020896  -0.0597584802197980
 322.9825421791507493 325.6546149325154292 331.6885104781259556   0.0868415197802020
 319.4997769143339023 328.7651041489497844 333.7728784038411127  -0.3204584802197979
 321.4291872970674752 329.4510747355631981 333.9750791001706853   0.0881415197802020
 322.1435037756897354 329.9631905178558857 328.5156602992721697  -0.0660584802197980
 323.5022168659791044 328.4476301584510020 328.2057452133091084   0.0185415197802020
 322.0905914439399564 331.1574974344941263 326.8375834923501419   0.0185415197802020
 322.7538853169463139 331.1159234595478214 330.1105891563017488   0.0185415197802020
 321.7768969057089808 323.2319860288283640 335.5643387787984736  -0.5679584818661324
 323.7951244167369007 314.9663239190568174 333.7029585368860148  -0.0275584802197980
 323.3359209661940459 313.6019416503656577 335.1788346474785237   0.1122415197802020
 323.8915004495668613 313.5150142482052946 331.1990714094403774  -0.0050584802197980
 323.8915004495668613 314.8510506248876078 329.6324884444196451   0.0338415197802020
 325.6697327415867640 312.4737751484147081 331.1253720902174190   0.0338415197802020
 325.0612409264641158 303.2254554490040912 330.4356220513361987   0.1446415197802020
 323.9481922335845009 307.1485269030245976 330.6075871295229942  -0.2387584802197980
 325.8530361765771413 307.8533947509772064 330.7814419338437740   0.1699415197802020
 326.3727108634054964 316.0718137074007649 334.4342825507135400   0.5972415203289801
 327.8844917705424656 314.7093211648435353 335.5567798742627525  -0.5679584818661324
 326.8753780150285325 318.4963323372217064 333.9051592332155874  -0.4157584802197979
 325.6111512314352477 319.5111152711374304 332.8828173947641962   0.2718415197802020
 329.2772199312424720 319.6963084322616842 334.6402626993109733  -0.0389584802197980
 330.7814419338437740 318.4623172668111226 334.0090941705812692   0.1006415197802020
 329.7307542033835360 322.2266517255822380 333.2815496090216044   0.3653415197802020
 329.4454055571614610 321.9488619838958302 331.2595426457258241   0.0042415197802020
 328.1074794543452175 324.4395210284040629 334.1508236306253415  -0.2438584802197979
 328.4117253619065417 326.0438985161031861 332.8979352038355846   0.0641415197802020
 326.1327156443974792 323.9047285325043195 334.0676756807328391   0.0641415197802020
 328.6006979752986561 324.9894313333751413 336.0745648349571772   0.0641415197802020
 332.2384207830970339 322.9693140962132911 333.6840612755468195  -0.6761584785734636
 332.4727468237033137 324.6473909031353728 333.0302160332100594   0.4101415197802020
 329.5663480297324077 319.8531557013771451 337.5107566967373651   0.5972415203289801
 331.4069412841716874 318.8950645514791146 338.5557752487958123  -0.5679584818661324
 327.6388273731327115 320.7923495899360339 338.8581314302232062  -0.4157584802197979
 326.1308259182635491 321.5236736037635593 337.9453937075392338   0.2718415197802020
 327.7106369662217397 320.8868358966321180 341.6398082993553048  -0.0875584802197980
 329.4624130923667260 321.8260297851909532 342.1840494259245923   0.0968415197802020
 325.5298930076766218 322.4590880400545875 342.7641953490384476   0.2984415197802021
 325.8889409731216555 322.6688476409198276 344.7824228600663136  -0.0297584802197980
 325.4543039623197869 325.1141532582139487 341.6001240505429302  -0.3192584802197979
 324.1239367640392110 326.2914526396468704 342.6432528764674471   0.0790415197802020
 327.3175739303661223 325.9853170059516161 341.7116178924442793   0.0790415197802020
 324.8628196824024036 325.0366744867231832 339.6272499667291759   0.0790415197802020
 322.9107325860617748 321.2572222188806794 342.4580597153431931  -0.3192584802197979
 322.4836544797955738 320.9794324771942182 340.4625089179223292   0.0790415197802020
 322.8219154577674817 319.4525337609858603 343.4426070311161400   0.0790415197802020
 327.8221308081230888 318.2317706784727571 342.7849823365115733   0.5972415203289801
 329.1543877325375950 317.8443768210188768 344.6425831261561714  -0.5679584818661324
 326.5843601904046667 316.3571623536228399 341.6190213118821255  -0.4157584802197979
 325.5261135554087614 316.7710123769515829 340.0864534172720307   0.2718415197802020
 326.7412074595201276 313.7323327536062558 342.4523905369414023   0.0336415197802020
 326.1516129057367284 313.6454053514458391 344.4271543468891406   0.0822415197802020
 324.9062833834825851 312.1166169091035510 340.8933664764563911  -0.1825584802197980
 324.9025039312147783 310.1909859786377852 341.6303596686856534   0.0602415197802020
 323.0014394404899985 312.8932943501451882 341.0275370319647960   0.0602415197802020
 325.4883190327303707 312.0712634818894393 338.9204923926425830   0.0602415197802020
 329.4661925446345865 312.7194395458244623 342.3352275166383161   0.5972415203289801
 330.3902686241220869 311.7254435993818640 344.2268433766934983  -0.5679584818661324
 330.8060083735847601 313.0463621669928423 340.2055061637090473  -0.4157584802197979
 330.0217720280074020 313.9628793419446215 338.7145122440452035   0.2718415197802020
 333.4365071520031349 312.1903162283265095 340.0410999900579190  -0.0014584802197980
 333.4629633178780514 310.2684647501286041 340.7799829084211116   0.0875415197802020
 334.3492448746871074 312.0107922456039929 337.2764306561311390  -0.0152584802197980
 335.5605593265306132 310.3705099613603557 337.1800546233011247   0.0294415197802020
 332.7354187563183329 311.6233983881501126 336.0575572997519122   0.0294415197802020
 335.8855922215650628 314.1783081212116523 336.1784997723228589  -0.0011584802197980
 334.8084483252299621 315.6655225886076893 334.2453099373214256  -0.1906584802197980
 332.9678550707906826 315.1930910551273763 333.5668982552436794   0.1698415197802020
 336.0802340133589680 317.7782364063316394 333.2437550863431601  -0.2341584802197979
 335.2241880746926354 318.9555357877645612 331.8510269256432073   0.1655415197802020
 338.6786074475006894 318.4283021964005389 334.2642071986606210   0.3225415197802020
 339.9617314924332233 320.5013317653121681 333.4686324962797885  -0.5579584818661324
 341.0369856626343937 321.1230516633722745 334.7914407900246434   0.3991415197802020
 339.8275609369248182 316.6425109998449688 336.1898381291263870  -0.2341584802197979
 341.6681541913640979 316.9788822516829463 336.9249415952217729   0.1655415197802020
 338.3838101706089629 314.5827095138707978 337.0383251632570522  -0.1906584802197980
 339.1812745991237257 313.3392697177506384 338.4121560626178097   0.1698415197802020
 335.2166291701569680 313.7002074093295486 341.7494124151227236   0.5972415203289801
 336.9929717360429404 312.5928278948517247 342.7528569922349195  -0.5679584818661324
 334.7309695537391968 316.1417335743558090 342.1821596997906620  -0.4157584802197979
 333.3401311191731207 317.0015589652900023 341.1787151226785197   0.2718415197802020
 336.2370812824744289 317.6591836598946229 343.9471639088731065  -0.0237584802197980
 338.2250731753595717 317.4229678931544664 343.4633940185892657   0.0879415197802020
 335.5889052185394597 320.4786550517051121 343.7166173205347410   0.0341415197802020
 333.5498907200384144 320.7299886275166572 343.8715748635162716   0.0240415197802020
 336.4562895140092667 321.4915482594869058 345.2888694639572104   0.0240415197802020
 336.5073121196251692 321.6861900512808110 341.2372966328300360   0.0017415197802020
 335.4339476755578755 320.8906153488999248 339.6726033939432877   0.0439415197802020
 336.0651162042875797 323.6911894793712188 341.3204445827225923   0.0439415197802020
 339.8388992937283463 321.3857235959872938 340.4436116565831339  -0.2737584802197979
 341.3450110224635784 322.0679147303329005 343.4312686743126121  -0.0536584802197980
 343.3726871641610958 322.1869674767699170 343.1137946838138836   0.0683415197802020
 340.6363637222431089 323.8480367484866799 344.1852694017471933   0.0683415197802020
 340.9670657956792957 320.5561338231958774 344.7805331339323833   0.0683415197802020
 335.9762990759932863 316.7502253894784572 346.6872668030589540   0.5972415203289801
 337.8943711019233849 316.4176335899083402 347.9609422173218903  -0.5679584818661324
 333.6708331926093613 316.2022048106413093 347.5829969905376076  -0.4157584802197979
 332.1420447502670732 316.5234582534079522 346.4680585715240625   0.2718415197802020
 333.2966674180929393 315.1439581756454039 350.1246786406616893  -0.0518584802197980
 334.3284578872139817 316.3099192002747978 351.4739431002814605   0.0921415197802020
 330.4828652046841869 315.1609657108507228 350.8597821067570752  -0.1102584802197980
 329.4283980219561421 314.0252403043640521 349.4991792903337759   0.0456415197802020
 330.3222384833009192 314.2406690836310293 352.7003753611963547   0.0456415197802020
 329.2394254085640277 317.7895747631351673 351.0468649940152593   0.3530415197802020
 329.0202171770291899 318.5964878223195277 349.1760361214332566  -0.0361584802197980
 326.6127060824135133 317.5042261169130385 352.2184951970464441  -0.4121584802197980
 325.6735121938546245 319.3353707406827740 352.2657383503944862   0.0999415197802020
 325.4883190327303707 316.2078739890431001 351.0789903382919128   0.0999415197802020
 326.7714430776628508 316.7710123769515829 354.1365672229765427   0.0999415197802020
 330.7398679588975227 319.6755214447885586 352.6417938510448384  -0.4121584802197980
 329.6702829670980894 321.4216283925318078 352.8572226303118155   0.0999415197802020
 331.1234823640835425 318.8818364685416564 354.5050638190911738   0.0999415197802020
 332.5181002509174254 320.1347248953314133 351.7101588670216170   0.0999415197802020
 334.4172750155082751 312.4813340529503755 350.3741224903393040   0.5972415203289801
 335.6739428945658924 311.9370929263810344 352.2525102674570280  -0.5679584818661324
 334.1281469170182857 310.8599490300459337 348.4560504644092590  -0.4157584802197979
 333.0207674025404618 311.3645059078029002 346.9726154492810827   0.2718415197802020
 335.4169401403526103 308.4014153298144082 348.3955792281237588  -0.0024584802197980
 334.9275010716669787 307.3431686948185028 350.0944430225189661   0.0977415197802020
 334.5930195459629313 306.8820755181417178 346.0560982743292499  -0.0343584802197980
 335.1637168384071352 307.9497707838072209 344.3893598242106963   0.0294415197802020
 335.6474867286909760 305.1114021306574824 346.0466496436596521   0.0294415197802020
 331.8094529506969560 306.2225610974031670 345.7499626406339955   0.0117415197802020
 330.1086994301678185 306.2395686326084857 347.8078744004742362  -0.1256584802197980
 330.7379782327635926 306.7422357842315221 349.6560265594492368   0.1329415197802020
 327.5462307925706114 305.6310768174858375 347.4318188998239375  -0.1704584802197980
 326.2687759260398147 305.6764302446999492 348.9908429603089489   0.1429415197802020
 326.6675081402972228 304.9923493842204659 345.0035208177351354  -0.1072584802197980
 324.7210902223583313 304.5444842904810853 344.7238413499147437   0.1296415197802020
 328.3550335778889021 304.9545548615420215 342.9493885101627014  -0.1704584802197980
 327.6955191571503511 304.4783438757938481 341.1031260773216311   0.1429415197802020
 330.9156124893521789 305.5649364027986001 343.3273337369469841  -0.1256584802197980
 332.1798392729455175 305.5535980459950722 341.7588610457923214   0.1329415197802020
 338.3063313991181976 308.6924331544382740 348.4239251201325518   0.5972415203289801
 339.6026835269881898 307.2278954006492932 349.6768135469223624  -0.5679584818661324
 339.3230040591678517 310.6218435371718469 347.1578086104053367  -0.4157584802197979
 338.1721608436097927 311.7216641471140036 346.0920030708737641   0.2718415197802020
 341.9988562648003383 311.2870271363121349 347.2352873818961020  -0.0252584802197980
 343.1213535883495508 309.6826496486130117 346.5946702224968002   0.0697415197802020
 342.3201097075669275 312.8668381842703255 345.9559427892314286   0.0697415197802020
 342.9021453568146595 312.0637045773537721 349.8676758864484072   0.5972415203289801
 344.8542324531553418 311.1358490455984111 350.7010451115076839  -0.5679584818661324
 341.4508356859631368 313.6019416503656577 351.2547348687466229  -0.4157584802197979
 339.8804732686745974 314.3483834732645714 350.4440423572944018   0.2718415197802020
 342.0385405136126593 314.2614560711042086 353.8909028255667348  -0.0518584802197980
 343.9566125395427579 315.0173465246726663 353.9494843357183048   0.0921415197802020
 340.1696013671645331 316.3325959138818538 354.7431693119652606  -0.1102584802197980
 339.9598417662992930 317.6554042076267622 353.1728068946766676   0.0456415197802020
 338.3176697559217255 315.4897780581529792 355.0776508376693080   0.0456415197802020
 340.9500582604740307 317.8972891527686558 357.0769810873579787   0.3530415197802020
 342.8208871330560873 318.6985330335512791 356.7557276445913895  -0.0361584802197980
 339.0697807572223766 320.0685844806441761 357.4001242562584982  -0.4121584802197980
 339.6744931200771643 321.3082448244965285 358.9308024247347166   0.0999415197802020
 338.9771841766602228 321.1665153644524560 355.6653556653188308   0.0999415197802020
 337.1913929801046526 319.3297015622809833 357.8234229102568927   0.0999415197802020
 340.9670657956792957 316.4459794819171332 359.5808682148036698  -0.4121584802197980
 341.2580836203032154 317.7612288711263206 361.1380025491547507   0.0999415197802020
 339.1831643252576559 315.4519835354745886 359.8303120644812308   0.0999415197802020
 342.5336487607000283 315.1175020097704875 359.6186627374820604   0.0999415197802020
 341.9724000989254219 311.9200853911757692 355.6029947028994002   0.5972415203289801
 343.7374043080078664 311.4476538576954562 357.0335173862777973  -0.5679584818661324
 339.9919671105759466 310.3705099613603557 355.4329193508464811  -0.4157584802197979
 338.5368779874565633 310.8580593039120034 354.2764069568866848   0.2718415197802020
 339.7595307961036507 308.0726029825120979 356.9711564238584205  -0.0275584802197980
 340.0562177991292536 308.5601523250637456 358.9496996860739656   0.1122415197802020
 337.0742299598015664 307.0332536088553879 356.7009255867076802  -0.0050584802197980
 336.7454176124992560 306.5192481004288238 354.7318309551617327   0.0338415197802020
 336.9192724168199819 305.3268309099245133 357.8423201715960880   0.0338415197802020
 335.0276565567647999 308.8095961747413603 357.5324050856330267  -0.1415584802197980
 335.3432408211296520 310.8391620425728080 359.0479654450378565  -0.1638584802197980
 337.1309217438191523 311.4325360486240679 359.8265326122134238   0.2061415197802020
 333.0642311036206432 312.0259100546753276 359.4599257422326692  -0.3418584802197979
 332.8771482163624591 313.5395806879462809 360.6088792316567981   0.3411415197802020
 331.1461590776905983 310.8448312209745451 358.1635736143627309   0.1379415197802020
 328.1887376781037897 307.6511940546476338 355.1967035841063246  -0.1972584802197980
 327.0360047364118541 306.4134234369292117 354.0553089992179168   0.1446415197802020
 330.7927802906473018 307.1674241643637930 355.4555960644535369  -0.2387584802197980
 331.6412673247779672 305.5649364027986001 354.5201816281625623   0.1699415197802020
 332.3385762681949088 308.7566838429915813 356.9352516273139064   0.1242415197802020
 341.7739788548637099 306.0997288986982898 356.3343187167269256   0.5972415203289801
 342.6470323287353077 304.7466849868106581 358.0086160713811465  -0.5679584818661324
 342.6281350673961122 306.0146912226718571 353.9627124186557630  -0.4157584802197979
 341.7550815935244607 307.1012837496765556 352.6455733033126453   0.2718415197802020
 344.9184831417086489 304.6578678585163648 353.2276089525603771  -0.0249584802197980
 344.7918714907359114 302.7303472019167223 353.9400357050487070   0.0842415197802020
 345.1206838380382217 304.5558226472846134 350.3457765983305109   0.2116415197802020
 343.4596145663214589 303.6260773893953758 349.5634299788870830   0.0351415197802020
 345.2208393231360427 306.4701152209468514 349.5917758708959297   0.0351415197802020
 347.3184353317886582 303.2311246274058283 349.6201217629047228  -0.6546584813173543
 347.0954476479859599 301.4528923353859256 349.9867286328854774   0.4274415197802020
 347.2938688920476719 305.8597336796903265 354.3690035374488386   0.5972415203289801
 348.8434443218630856 304.4915719587313064 355.4045734588376880  -0.5679584818661324
 347.5565408246627448 308.3674002594038244 354.3860110726541036  -0.4157584802197979
 346.2639681490606133 309.4445441557389251 353.4676041715683941   0.2718415197802020
 349.6730340946545020 309.6902085531486791 355.5935460722298024   0.0336415197802020
 351.4266999469334723 308.9021927553035141 354.8565528800005401   0.0822415197802020
 349.6125628583690554 312.4926724097539034 354.8546631538666098  -0.1825584802197980
 351.3019780220946649 313.4299765721788619 355.5727590847566770   0.0602415197802020
 349.5842169663602086 312.6797552970120877 352.8005308462941759   0.0602415197802020
 347.9552730389200995 313.4167484892414037 355.6464584039795816   0.0602415197802020
 349.8166532808325583 309.3028146956947989 358.4734887003257922   0.5972415203289801
 351.8670061361370778 309.5144640226940229 359.5374045137234345  -0.5679584818661324
 347.7757490561975826 308.5280269807870920 359.7566127452583260  -0.4157584802197979
 346.0806647140702360 308.5412550637245502 358.8703311884492700   0.2718415197802020
 347.9968470138663506 307.5491488434158824 362.3474272748643799  -0.0518584802197980
 348.9530484376305044 308.9626639915890144 363.5039396688241762   0.0921415197802020
 345.4041427581264201 306.9879001816412761 363.5133882994937738  -0.1102584802197980
 344.4649488695675312 305.5271418801201558 362.4078985111498265   0.0456415197802020
 343.5843364911602662 309.2272256503379639 363.8327520161264865   0.3530415197802020
 342.8473432989309500 309.8054818473178889 362.0016073923567509  -0.0361584802197980
 344.8032098475394393 311.5232429030522914 365.0969787997197713  -0.4121584802197980
 343.3934741516342215 312.9896703829752025 365.4050041595489560   0.0999415197802020
 346.2790859581319481 312.2980306179599982 363.8894438001441261   0.0999415197802020
 349.6031142276994576 305.1359685703984685 362.5212820791851059   0.5972415203289801
 349.7977560194933093 303.6600924598059597 360.4860470329519211  -0.4157584802197979
 348.9076950104163927 304.2837020839999964 358.9100154372615910   0.2718415197802020
 351.7025999624859495 301.6966670066618032 360.0608586528196502   0.0336415197802020
 350.9826143054619522 300.5533826956394114 358.5150626752720433   0.0822415197802020
 354.1138905093694868 302.9514451595854902 359.0706421586449125  -0.1825584802197980
 355.4744933257927860 301.5133635716714257 358.4980551400667783   0.0602415197802020
 353.6509076065587716 304.1174061842148841 357.4360290528030124   0.0602415197802020
 354.9434802821609031 304.1344137194202030 360.5389593647017002   0.0602415197802020
 342.7812028842437126 293.9487898575846274 355.5481926450156907   0.5972415203289801
 341.6454774777570420 295.1336481435532705 353.9041309085041930  -0.5679584818661324
 345.2454057628770290 294.2776022048869377 356.0130652739603364  -0.4157584802197979
 346.0390907391239849 293.2552603664355465 357.4152420653298868   0.2718415197802020
 346.8630113335136103 296.0048118912909916 354.5617556031088136  -0.0014584802197980
 346.2223941741143085 297.9398914524263552 354.8754501413397354   0.0875415197802020
 349.6087834061011949 295.7912728381578910 355.4971700393998418  -0.0152584802197980
 349.7637409490827254 296.7304667267167260 357.3226454847677329   0.0294415197802020
 350.0471998691709240 293.8165090282101526 355.8089748514968335   0.0294415197802020
 351.5948855728524610 296.8476297470198661 353.7094891167103415  -0.0011584802197980
 351.6477979046022402 299.4441134550276571 353.1841452514801957  -0.1906584802197980
 350.2834156359110805 300.6629868114068839 354.0553089992179168   0.1698415197802020
 353.4411480056934776 300.4588963889433809 351.5079581706920443  -0.2341584802197979
 353.4751630761040615 302.4638958170337887 351.1111156825686202   0.1655415197802020
 355.1834755011689201 298.8507394489763973 350.2966437188485387   0.3225415197802020
 356.8955673785015317 299.8277278602136768 348.6544717084709712  -0.5579584818661324
 357.9122400385511859 298.5597216243525315 347.8626764583579457   0.3991415197802020
 355.1248939910173501 296.2296893012276202 350.7936416920698378  -0.2341584802197979
 356.4533714631639957 294.9919186835091979 349.8676758864484072   0.1655415197802020
 353.3542206035331148 295.2432522593206893 352.5227411046077681  -0.1906584802197980
 353.3542206035331148 293.2552603664355465 352.9403705802043718   0.1698415197802020
 346.6664798155858284 295.4964755612661644 351.7120485931555473   0.5972415203289801
 345.9540530630974985 297.1915599033935111 350.2834156359110805  -0.5679584818661324
 347.1408010752000717 293.1418767984002670 350.9183636169086451  -0.4157584802197979
 347.6415785006891775 291.8398554921285379 352.2298335538499720   0.2718415197802020
 346.9518284618079034 292.3236253824123787 348.2784162078206188  -0.0275584802197980
 348.1026716773659626 293.5727343569343289 347.1086757309233643   0.1122415197802020
 347.9968470138663506 289.6250964631728362 348.0157442752055996  -0.0050584802197980
 347.1937134069498509 288.4345689988024562 349.4972895641998458   0.0338415197802020
 347.3505606760653117 288.8616471050686574 346.2129455434447108   0.0338415197802020
 350.8257670363464913 289.3832115180308889 348.0554285240179206  -0.1415584802197980
 352.3016431469390002 289.3416375430846376 350.1379067235991475  -0.1638584802197980
 351.6232314648612541 289.4569108372538474 352.0446403927257180   0.2061415197802020
 354.8149789050542351 289.1904594523709138 349.4765025767267201  -0.3418584802197979
 355.0984378251424337 289.0468402661929112 346.9008058561920546   0.1379415197802020
 357.2281591780717025 288.8106244994527547 345.3474509741087804  -0.2601584802197979
 356.8842290216980039 288.6481080519355567 342.7207316479582660  -0.1134584802197980
 354.4313644998682153 288.7274765495602523 341.6983898095068211  -0.1972584802197980
 354.1838103763245310 288.6178724337927798 339.6726033939432877   0.1446415197802020
 352.3073123253407373 288.9920382083092019 343.2800905835989420  -0.2387584802197980
 350.4383731788926110 289.0714067059338974 342.4675083460127908   0.1699415197802020
 352.5813226147593383 289.1602238342281906 345.9294866233565122   0.1242415197802020
 344.2362920073630958 292.4823623776617700 347.2711921784406162   0.5972415203289801
 343.8715748635162716 293.2836062584443932 345.1225735641721518  -0.5679584818661324
 342.3201097075669275 291.8096198739858145 348.7773039071758482  -0.4157584802197979
 342.6999446604850867 291.1160903828366799 350.5215211287851671   0.2718415197802020
 339.6744931200771643 291.9570185124316778 347.9779497525271553   0.0336415197802020
 339.4571746146762568 290.8534184502216607 346.2507400661231551   0.0822415197802020
 337.9907471347533455 290.7778294048647720 350.0207437032960613  -0.1825584802197980
 338.1910581049489880 291.8096198739858145 351.7914170907802429   0.0602415197802020
 338.8524622518214154 294.6763344191443458 347.3618990328688396   0.5972415203289801
 337.8376793179057453 295.1449865003567983 345.3172153559660572  -0.5679584818661324
 339.3475704989087842 296.4885817815748324 349.0513141965944492  -0.4157584802197979
 340.1884986285037821 296.0104810696927287 350.7123834683112119   0.2718415197802020
 338.7541964928575245 299.1568750826715979 348.6034491028551223  -0.0024584802197980
 336.8021093965168957 299.3175018040549195 347.9760600263932249   0.0977415197802020
 339.0622218526867092 300.6384203716658978 351.0789903382919128  -0.0343584802197980
 341.0048603183577402 300.4211018662649366 351.7309458544947426   0.0294415197802020
 338.7617553973931919 302.6301917168189010 350.6670300410971001   0.0294415197802020
 337.2820998345328761 299.9543395111864144 353.2332781309621679   0.0117415197802020
 334.8235661343013506 299.0208148010293164 352.7816335849549806  -0.1256584802197980
 334.1508236306253415 298.7146791673340620 350.8843485464980613   0.1329415197802020
 333.1870633023255202 298.5124784710044894 354.8130891789203048  -0.1704584802197980
 336.4184949913308761 299.8976477271687748 357.7686208523731832  -0.1704584802197980
 338.0663361801101807 300.3776381651847552 355.7390549845417354  -0.1256584802197980
 339.9428342310939744 301.0843957392712943 356.1151104851920878   0.1329415197802020
 340.3547945282888407 300.2907107630243921 346.4680585715240625   0.5972415203289801
 339.3513499511766448 301.6721005669208169 344.8825783451641349  -0.5679584818661324
 342.7736439797080452 299.5707251060003948 346.2885345888015459  -0.4157584802197979
 343.4936296367320427 298.4425586040493914 347.6623654881623032   0.2718415197802020
 344.4611694172997244 300.3285052857027828 344.2287331028273747  -0.0518584802197980
 344.6293550432187132 302.3845273194090933 344.2532995425683610   0.0921415197802020
 347.0803298389145714 299.1568750826715979 344.7597461464592579  -0.1102584802197980
 347.5754380860019402 299.6274168900180344 346.6891565291928844   0.0456415197802020
 346.9537181879418337 297.1046325012331481 344.6822673749684924   0.0456415197802020
 349.2818607849328147 300.0469360917485146 343.0892282440728973   0.3530415197802020
 348.9247025456217115 301.9612286654107525 342.4145960142630117  -0.0361584802197980
 351.7309458544947426 300.0299285565432496 344.6255755909508527  -0.4121584802197980
 353.3447719728635170 300.4740141980147158 343.4312686743126121   0.0999415197802020
 351.6213417387273238 301.4339950740467303 346.1316873196860848   0.0999415197802020
 352.0276328575203994 298.1704380407647209 345.4665037205457970   0.0999415197802020
 349.6692546423866950 298.2800421565321397 340.8423438708405422  -0.4121584802197980
 351.2018225369968437 298.9641230170116767 339.6574855848718991   0.0999415197802020
 350.1379067235991475 296.3846468442091507 341.5037480177129696   0.0999415197802020
 347.9533833127861692 298.1987839327735677 339.7311849040948040   0.0999415197802020
 343.3726871641610958 299.5423792139915481 341.6530363822927094   0.5972415203289801
 343.0268672816534669 301.1316388926193364 339.9938568367098769  -0.5679584818661324
 342.6810473991458914 297.1348681193758715 341.3393418440617876  -0.4157584802197979
 342.9834035805732853 295.9122153107288377 342.7887617887793801   0.2718415197802020
 341.5585500755966789 296.1484310774689942 339.0017506164012089  -0.0518584802197980
 342.7660850751723241 296.6605468597616282 337.4106012116395441   0.0921415197802020
 341.3960336280794272 293.2458117357659487 339.1642670639184605  -0.1102584802197980
 341.0936774466520334 292.6826733478574122 341.1239130647947568   0.0456415197802020
 339.7406335347644015 292.6222021115719120 338.1041307027886250   0.0456415197802020
 343.6863817023920176 291.8247376830571493 338.0587772755745133   0.3530415197802020
 343.6296899183743780 292.0023719396457359 336.0065346941360095  -0.0361584802197980
 346.2696373274623504 292.7563726670803171 338.9526177369192903  -0.4121584802197980
 347.7530723425905267 291.5167123232280184 338.2439704366988209   0.0999415197802020
 346.6078983054342584 294.6347604441980411 338.2005067356185856   0.0999415197802020
 346.3490058250870460 292.7979466420266220 341.0086397706256006   0.0999415197802020
 343.4804015537945845 289.0222738264519251 338.7277403269826617  -0.4121584802197980
 345.0054105438690119 287.9734758221256711 337.8263409611022172   0.0999415197802020
 343.6051234786333919 288.7841683335778921 340.7724240038854442   0.0999415197802020
 341.6794925481676258 288.2796114558208718 338.0625567278423737   0.0999415197802020
 338.9563971891870971 297.3049434714287906 338.4386122284926724   0.5972415203289801
 338.4291635978230746 297.8888688468104527 336.2503093654118871  -0.5679584818661324
 337.3557991537557809 297.7074551379540055 340.3529048021549104  -0.4157584802197979
 337.8471279485753429 297.1291989409741343 342.1141295589694944   0.2718415197802020
 334.9104935364617137 298.9508949340742185 340.0033054673794744   0.0336415197802020
 333.8352393662604894 297.9002072036139805 338.5916800453403265   0.0822415197802020
 333.4478455088066630 298.8734161625834532 342.5034131425573048  -0.1825584802197980
 331.5826858146263972 299.7067853876427301 342.2426309360761623   0.0602415197802020
 333.2305270034057018 296.9213290662427708 343.1270227667512879   0.0602415197802020
 334.4588489904545262 299.9373319759810957 343.9509433611409671   0.0602415197802020
 335.2109599917551772 301.6739902930547472 339.0168684254725974   0.5972415203289801
 333.8616955321354058 302.4317704727571352 337.2726512038632785  -0.5679584818661324
 337.0364354371231220 303.1007335241652839 340.0354308116561282  -0.4157584802197979
 338.0342108358335272 302.3939759500787445 341.5150863745164975   0.2718415197802020
 337.6260299909065213 305.6594227094946306 339.1397006241774744  -0.0249584802197980
 335.8761435908954651 306.7403460580975917 339.1737156945880583   0.0842415197802020
 339.5157561248277731 306.9784515509716785 340.9160431900634468   0.2116415197802020
 339.4496157101405357 309.0042379665352656 340.5399876894130947   0.0351415197802020
 338.9601766414549576 306.6647570127407566 342.8737994648058664   0.0351415197802020
 342.0423199658805199 306.1696487656533878 340.5872308427611365  -0.6546584813173543
 342.1557035339157992 304.3498424986872338 340.8310055140370141   0.4274415197802020
 338.5557752487958123 305.6480843526911025 336.3863696470542225   0.5972415203289801
 337.4748519001928511 306.9746720987038179 334.8122277774978227  -0.5679584818661324
 340.3661328850923686 304.0115815207153259 335.7060682388425460  -0.4157584802197979
 341.2467452634996875 303.0062472174691997 337.0780094120693731   0.2718415197802020
 341.2561938941692852 303.7432404096985159 333.0869078172276992  -0.0275584802197980
 341.9894076341307408 305.5592672243968093 332.4462906578283972   0.1122415197802020
 343.4463864833840006 301.8535142757772640 332.9508475355853638  -0.0050584802197980
 343.0344261861891880 300.2377984312745593 334.1659414396967300   0.0338415197802020
 343.5578803252853498 301.1335286187532665 331.0214371528517909   0.0338415197802020
 346.0164140255169289 302.8815252926303924 333.5668982552436794  -0.1415584802197980
 347.4110319123508120 302.2616951207042161 335.6115819321465157  -0.1638584802197980
 346.7836428358889146 300.9899094325752102 337.0761196859354430   0.2061415197802020
 349.7731895797523769 303.3615157306464264 335.4528449368971245  -0.3418584802197979
 351.1980430847289830 302.9741218731925462 336.6717182932762976   0.3411415197802020
 350.0112950726264098 304.7939281401587000 333.2909982396912019   0.1379415197802020
 352.0181842268508016 306.1866563008586528 332.2554283183023525  -0.2601584802197979
 353.8001959711385650 306.2263405496710275 333.1946222068611877   0.1571415197802020
 351.6704746182092960 307.4754495241929776 329.9537418871862879  -0.1134584802197980
 353.1954836082837236 308.5204680762514248 329.1354904711983460   0.1416415197802020
 349.3177655814773289 307.3790734913629631 328.7084123649321448  -0.1972584802197980
 349.0721011840675747 308.3579516287341729 326.9604156910550189   0.1446415197802020
 347.3052072488512000 305.9561097125202871 329.7213055727139382  -0.2387584802197980
 345.5439824920366159 305.8427261444850078 328.7443171614766588   0.1699415197802020
 347.6094531564125240 304.5822788131595298 332.0777940617137660   0.1242415197802020
 339.1453698025792115 302.9854602299960741 331.2463145627884195   0.5972415203289801
 339.0414348652135835 303.9737869980368814 329.1411596496001368  -0.5679584818661324
 337.4332779252465999 301.2884861617347973 332.0003152902230007  -0.4157584802197979
 337.6430375261118399 300.4683450196129787 333.7237455243591403   0.2718415197802020
 335.3073360245851915 300.5212573513627579 330.4167247899969495   0.0336415197802020
 336.0424394906805237 299.8768607396955955 328.6025877014325864   0.0822415197802020
 333.9391743036261713 298.3027188701391957 331.6828412997242185  -0.1825584802197980
 332.3763707908732994 297.6809989720791429 330.4923138353538383   0.0602415197802020
 335.2506442405675519 296.7361359051185170 331.9474029584731679   0.0602415197802020
 333.2040708375308391 298.8753058887173297 333.5215448280295676   0.0602415197802020
 333.5102064712260398 302.7397958325863200 329.8857117463651204   0.5972415203289801
 332.9017146561033915 303.2481321626111470 327.6974088832842815  -0.5679584818661324
 332.7203009472469983 304.1249650887506052 331.8415782949736095  -0.4157584802197979
 333.3193441316999950 303.6676513643416271 333.6084722301899844   0.2718415197802020
 331.0705700323337096 306.3170474040992510 331.5316632090104947   0.0336415197802020
 329.4095007606169468 305.7198939457801306 330.4715268478806590   0.0822415197802020
 330.2145240936673769 307.1712036166316534 334.1602722612949929  -0.1825584802197980
 329.2715507528406813 309.0004585142674050 334.0468886932597135   0.0602415197802020
 328.9049438828599803 305.7841446343334379 334.9426188807383672   0.0602415197802020
 331.8415782949736095 307.2940358153365304 335.4188298664865406   0.0602415197802020
 332.3366865420609784 308.4297612218232011 329.9745288746594136   0.5972415203289801
 331.1612768867619331 309.4464338818728552 328.2378705575857621  -0.5679584818661324
 334.7649846241497807 308.9418770041158887 330.4337323252022683  -0.4157584802197979
 335.6115819321465157 308.0688235302442373 331.9209467925983051   0.2718415197802020
 336.3334573153043897 310.6482997030467633 328.9162822396635082  -0.0024584802197980
 335.5926846708072667 312.5663717289768082 329.0542322474397201   0.0977415197802020
 338.9866328073298203 310.6010565496987212 330.0916918949624999  -0.0343584802197980
 338.8845875960981226 311.4136387872848725 331.9833077550176820   0.0294415197802020
 339.5932348963185921 308.6489694533580926 330.3127898526313215   0.0294415197802020
 341.0029705922238099 311.9635490922559508 328.6006979752986561   0.0117415197802020
 341.6020137766768605 314.4825540287729765 329.1865130768142485  -0.1256584802197980
 340.6382534483770393 315.4274170957336025 330.6812864487459527   0.1329415197802020
 343.4917399105981124 315.7467808123663150 327.8202410819891585  -0.1704584802197980
 343.9622817179444950 317.6365069462875669 328.3153493290765274   0.1429415197802020
 344.7408488851200623 314.5165690991835604 325.8171313800326271  -0.1072584802197980
 346.1524743071592105 315.4878883320191028 324.7551052927689150   0.1296415197802020
 344.1323570699974141 311.9994538888004648 325.2199779217135068  -0.1704584802197980
 345.0564331494849144 311.0602600002415760 323.6949689316390794   0.1429415197802020
 342.2936535416920111 310.7087709393322099 326.6372725221544457  -0.1256584802197980
 341.8590165308901427 308.7888091872682348 326.2007457852186469   0.1329415197802020
 336.3618032073132363 309.9264243198888356 326.0930313955851583   0.5972415203289801
 335.8988203045025210 311.5156839985166239 324.4470799329397303  -0.5679584818661324
 336.7737635045080491 307.5019056900678940 325.4958779372660380  -0.4157584802197979
 337.1819443494350548 306.2716939768851392 326.9131725377069769   0.2718415197802020
 336.7851018613115770 306.5646015276429355 322.8880558724547191  -0.0518584802197980
 338.1816094742793903 307.6530837807815641 321.8335886897266205   0.0921415197802020
 337.5806765636924095 303.7659171233055717 322.8880558724547191  -0.1102584802197980
 339.4628437930779939 303.6034006757883200 323.7138661929782747   0.0456415197802020
 336.2767655312867499 302.7152293928453337 324.0880319674946968   0.0456415197802020
 337.5863457420942003 302.5319259578549564 320.2481084633666928   0.3530415197802020
 335.7400833092531298 302.7454650109880571 319.3656063588254974  -0.0361584802197980
 339.5951246224524687 303.6865486256808761 318.5171193246948321  -0.4121584802197980
 339.6102424315238571 302.7020013099078755 316.7105411406661363   0.0999415197802020
 339.1737156945880583 305.6726507924320888 318.1712994421872568   0.0999415197802020
 341.4546151382309972 303.5297013565654152 319.3920625247003602   0.0999415197802020
 338.1041307027886250 299.7011162092409393 320.4824345039729728  -0.4121584802197980
 338.0644464539762504 298.8242832831014809 318.6210542620605138   0.0999415197802020
 339.9503931356296954 299.3930908494117544 321.3441496210410425   0.0999415197802020
 336.6566004842049629 298.8299524615032180 321.6616236115398249   0.0999415197802020
 334.2188537714465092 306.9482159328289551 321.5822551139151293   0.5972415203289801
 334.1394852738218136 307.7135550170670644 319.3845036201646927  -0.5679584818661324
 332.1250372150617544 306.4833433038843096 322.9164017644635121  -0.4157584802197979
 332.3234584591235202 305.8483953228867986 324.7192004962244010   0.2718415197802020
 329.5720172081341448 306.9236494930879690 321.9110674612174396  -0.0597584802197980
 329.4000521299473491 305.9126460114401057 320.1290557169296762   0.0868415197802020
 327.5443410664366810 305.9013076546365778 323.7535504417906494   0.1302415197802020
 327.9090582102834519 306.6949926308834800 325.6187101359709152   0.0186415197802020
 324.6492806292693029 308.7623530213933184 323.2527730163014897   0.0881415197802020
 327.6444965515345023 302.9892396822639347 324.0143326482717920  -0.0430584802197980
 329.4737514491702539 302.4412191034267329 324.7626641973045824   0.0235415197802020
 326.2328711294953005 302.4090937591500794 325.3976121783021472   0.0235415197802020
 329.1751747200107207 309.7223338974253327 321.2610016711484864   0.5972415203289801
 328.2303116530500947 310.2873620114677995 319.2049796374421759  -0.5679584818661324
 329.9858672314629415 311.4741100235703190 322.8975045031243166  -0.4157584802197979
 330.7682138509063158 310.8901846481886569 324.5529045964393423   0.2718415197802020
 329.8592555804902038 314.2104334654883059 322.3721606378942247  -0.0875584802197980
 327.9014993057477844 314.6979828080400074 321.9658695191011489   0.0968415197802020
 330.6945145316834109 315.7826856089107755 324.6889648780816778   0.2984415197802021
 332.5861303917385931 315.2138780426005018 325.2634416227937421  -0.0297584802197980
 330.7190809714243434 318.6267234404623046 324.1201573117713503  -0.3192584802197979
 331.1707255174315309 319.6793008970564192 325.8341389152379460   0.0790415197802020
 332.1647214638741290 319.0670296296659104 322.7198702465357303   0.0790415197802020
 328.8803774431189942 319.2333255294510227 323.4171791899526717   0.0790415197802020
 328.8860466215207313 315.3990712037247557 326.9226211683765746  -0.3192584802197979
 329.5720172081341448 316.4422000296493263 328.5629034526202118   0.0790415197802020
 327.0038793921352006 316.0755931596685717 326.4331820996909967   0.0790415197802020
 328.7669938750837147 313.4129690369735433 327.4290677722674714   0.0790415197802020
 331.3918234751003525 314.8888451475660521 320.0062235182247992   0.5972415203289801
 330.4148350638630730 316.1757486447663929 318.3300364374366480  -0.5679584818661324
 333.7029585368860148 313.8986286533913144 319.7511104901454474  -0.4157584802197979
 334.4134955632404144 312.8762868149399232 321.2137585178004980   0.2718415197802020
 335.2978873939155401 314.2954711415147925 317.5174541998504966   0.0212415197802020
 335.6304791934857110 316.3193678309444492 317.2963562421817287   0.1123415197802020
 337.8527971269770800 313.0085676443143980 318.0182316253396564  -0.1231584802197980
 338.7050636133756058 313.8476060477754119 319.7019776106634750   0.1111415197802020
 337.5768971114246025 310.9941195855543388 318.3564926033115644   0.1111415197802020
 339.9541725878975022 313.4413149289823900 315.3404896935732394  -0.3119584802197979
 342.1084603805677573 312.9140813376183139 316.5612527760863428   0.1932415197802020
 334.0355503364561856 313.3695053358933618 315.0551410473511108   0.5972415203289801
 333.9316153990905039 314.7471156875219259 313.1729738179655261  -0.5679584818661324
 332.9243913697104473 311.0961647967860902 315.0626999518867780  -0.4157584802197979
 333.0661208297545735 310.0265798049866569 316.6538493566484966   0.2718415197802020
 336.2106251165995125 307.4395447276484634 312.5890484425838640   0.0999415197802020
 335.4244990448882777 305.5384802369236837 315.2308855778057670   0.0999415197802020
 331.9417337800714307 320.9869913817299393 313.9761074248820797  -0.1102584802197980
 331.3634775830915058 320.6430612253562405 315.9263047950888319   0.0456415197802020
 333.6198105869935122 319.8455967968414778 313.6151697333031159   0.0456415197802020
 332.6484913541579699 323.7989038690047612 313.7663478240168397   0.3530415197802020
 333.2777701567537437 324.2108641661995738 311.8482757980867410  -0.0361584802197980
 330.4337323252022683 325.5393416383462196 314.4485389583623927  -0.4121584802197980
 331.0970261982086261 327.4895390085529717 314.5392458127906162   0.0999415197802020
 329.6627240625623683 325.0234464037857250 316.2891322128016724   0.0999415197802020
 334.7989996945603645 324.3639319830471743 315.6107205307239798  -0.4121584802197980
 335.4131606880847498 326.3197985316557172 315.3952917514569489   0.0999415197802020
 334.1735003442323975 324.0804730629590294 317.5533589963950108   0.0999415197802020
 336.4033771822594875 323.1280510914626823 315.2403342084754184   0.0999415197802020
 343.2933186665364002 335.2147394440230377 309.1686441401863940   0.0881415197802020
 345.9408249801600403 337.1989518846403200 309.7317825280949304   0.0881415197802020
 347.3978038294133538 331.2878885377346708 309.7336722542288608  -0.5679584818661324
 343.0287570077873970 328.6214849627717818 309.8243791086570842   0.0921415197802020
 339.2663122751502121 325.0366744867231832 310.4139736624405371  -0.4121584802197980
 338.3668026354036979 323.3604874059350320 311.1944305557499811   0.0999415197802020
 340.7478575641444581 325.6168204098369849 311.7235538732479337   0.0999415197802020
 337.8754738405841359 326.5465656677262223 310.2552366671911459   0.0999415197802020
 345.8671256609371354 324.9535265368306271 310.6653072382520285  -0.5679584818661324
 351.4210307685316813 324.7135313178226102 309.3595064797124387   0.5972415203289801
 352.1618034130288043 323.1885223277481826 310.9506558844741572  -0.5679584818661324
 351.9936177871098155 327.1758444703219961 309.4596619648102598  -0.4157584802197979
 353.4203610182203522 328.3380260426835832 311.5232429030522914  -0.0024584802197980
 355.2533953681239642 327.4063910586604155 311.6706415414981545   0.0977415197802020
 353.8738952903614698 331.1404898992888075 310.8996332788582546  -0.0343584802197980
 352.0635376540649134 332.0645659787763078 310.5802695622255958   0.0294415197802020
 355.2855207124006178 332.6484913541579699 312.8895148978773814   0.0117415197802020
 357.9103503124172555 333.0434441161475176 312.6684169402085596  -0.1256584802197980
 359.1915846312158592 334.5571147494184171 314.4428697799606019  -0.1704584802197980
 361.1965840593063208 334.8991551796581856 314.2463382620328201   0.1429415197802020
 357.8555482545335462 335.6531559070927668 316.4610972909885216  -0.1072584802197980
 358.8268674873690886 336.8096683010525631 317.8405973687510162   0.1296415197802020
 355.2477261897222271 335.2241880746926354 316.7105411406661363  -0.1704584802197980
 354.2272740774047662 336.0462189429483844 318.2790138318207453   0.1429415197802020
 353.9608226925218327 333.7483119641001266 314.9190807657087753  -0.1256584802197980
 351.9444849076278970 333.4799708530833166 315.1099431052348201   0.1329415197802020
 352.0692068324666505 327.9487424590958265 314.0611451009085124   0.5972415203289801
 353.1822555253462654 326.8602602059571979 315.7807958827768989  -0.5679584818661324
 349.6409087503778484 328.6384924979770468 314.2425588097649594  -0.4157584802197979
 348.8283265127917509 329.4926487105095029 312.7269984503601296   0.2718415197802020
 348.1140100341694905 328.3474746733531810 316.5555835976846057  -0.0597584802197980
 348.9322614501573790 329.5153254241165589 318.0465775173484494   0.0868415197802020
 345.3795763183854340 329.2696610267067509 316.0755931596685717   0.1302415197802020
 344.6917160056380901 328.3361363165496531 314.3710601868716274   0.0186415197802020
 343.5805570388924056 328.5553445480845444 318.2506679398119524  -0.3204584802197979
 341.7078384401764725 329.3509192504653769 317.9464220322506282   0.0881415197802020
 343.3726871641610958 326.5125505973156384 318.3942871259899551   0.0881415197802020
 344.3118810527199310 329.2658815744389441 320.0345694102335923   0.0881415197802020
 345.3266639866356548 332.1571625593384616 315.6201691613935775  -0.0430584802197980
 345.5061879693581716 333.1530482319149364 317.4097398102170082   0.0235415197802020
 346.9215928436651802 332.7203009472469983 314.4485389583623927   0.0235415197802020
 342.9210426181539085 333.0415543900135872 314.2709047017738062  -0.0660584802197980
 341.2656425248388828 332.7391982085861936 315.4557629877423954   0.0185415197802020
 343.0797796134032997 335.0522229965057860 313.8570546784450631   0.0185415197802020
 342.6848268514137520 332.0173228254282659 312.5021210404235012   0.0185415197802020
 348.1801504488567279 325.6035923268995266 317.5042261169130385   0.5972415203289801
 348.8869080229432672 325.1311607934192137 319.6660728141189610  -0.5679584818661324
 347.6037839780107332 323.7648887985941773 315.8639438326694013  -0.4157584802197979
 347.0973373741198364 324.2656662240832833 314.0819320883816917   0.2718415197802020
 347.6170120609481914 321.0682496054885114 316.5518041454167453  -0.0597584802197980
 346.3527852773549066 320.8093571251412991 318.1580713592497986   0.0868415197802020
 346.6154572099699259 319.4374159519144719 314.3370451164610435   0.1302415197802020
 347.6321298700195800 319.9797673523498827 312.6249532391283782   0.0186415197802020
 347.0671017559771132 316.5914883942290660 314.7924691147360378  -0.3204584802197979
 346.3187702069443228 315.4727705229477142 313.2391142326527635   0.0881415197802020
 349.0834395408711028 316.1889767277038511 314.9077424089052474   0.0881415197802020
 346.1657023900966687 316.0113424711152646 316.5536938715506754   0.0881415197802020
 343.7600810216149224 319.9344139251357710 313.9345334499358284  -0.0430584802197980
 342.6980549343512102 319.1728542931655224 315.5294623069653538   0.0235415197802020
 343.4161508652412773 321.9620900668332884 313.8759519397842585   0.0235415197802020
 342.7093932911547381 318.8119166015865585 311.4741100235703190  -0.0660584802197980
 342.7320700047617941 316.7558945678802480 311.5364709859897496   0.0185415197802020
 340.7573061948140558 319.4204084167092068 311.2284456261605649   0.0185415197802020
 343.8337803408378809 319.4600926655215277 309.8735119881390565   0.0185415197802020
 350.2494005655004966 320.2178728452239695 317.4361959760918709   0.5972415203289801
 350.4327040004908739 318.8327035890596842 319.2937967657364693  -0.5679584818661324
 352.2732972549301534 321.0739187838903022 316.1870870015699208  -0.4157584802197979
 351.9936177871098155 322.2512181653232241 314.6979828080400074   0.2718415197802020
 354.8848987720093330 320.4786550517051121 316.8862856711207927  -0.0252584802197980
 355.1967035841063246 318.4490891838736644 316.7275486758714015   0.0697415197802020
 356.1510152817366019 321.4461948322727941 315.5823746387151330   0.0697415197802020
 355.5576412756852884 321.3195831813000564 319.5715865074229305   0.5972415203289801
 356.5402988653243587 319.8172509048326848 321.0512420702832464  -0.5679584818661324
 354.9170241162859867 323.6571744089606351 320.2651159985720116  -0.4157584802197979
 354.0628679037535843 324.7985689938490966 318.9819919536394776   0.2718415197802020
 355.2741823555970899 324.6058169281891215 322.8483716236423444  -0.0275584802197980
 357.2300489042056328 324.2940121160921301 323.4171791899526717   0.1122415197802020
 354.8036405482507072 327.4649725688119854 322.8804969679189980  -0.0050584802197980
 353.0745411357127767 327.9033890318817147 321.8430373203962719   0.0338415197802020
 354.5258508065642994 328.0564568487293150 324.8344737903936106   0.0338415197802020
 356.9484797102513646 328.9880918327524827 321.8146914283874251  -0.1415584802197980
 357.6212222139273199 329.1203726621270111 319.3542680020219694  -0.1638584802197980
 356.6706899685649031 328.1887376781037897 317.8217001074118209   0.2061415197802020
 359.7509435668565889 330.5811309636481315 319.0745885342016314  -0.3418584802197979
 360.4936059374875885 331.0252166051195979 317.3719452875385638   0.3411415197802020
 360.6183278623263959 331.4447358068501317 321.3592674301124310   0.1379415197802020
 362.7064752403094134 332.9225016435765709 322.0452380167258445  -0.2601584802197979
 363.9914890113758777 333.5839057904489983 320.6411714992223101   0.1571415197802020
 363.0976485500311006 333.4894194837529141 324.6058169281891215  -0.1134584802197980
 364.6982465854624168 334.5854606414272638 325.1595066854280604   0.1416415197802020
 361.3761080420288375 332.6258146405509141 326.4426307303605942  -0.1972584802197980
 361.6784642234562314 333.0906872694955596 328.3701513869602368   0.1446415197802020
 359.2898503901797501 331.1234823640835425 325.7736676789524457  -0.2387584802197980
 358.0256236065864653 330.4507398604075334 327.1890725532594543   0.1699415197802020
 358.8514339271100210 330.4715268478806590 323.1545072573375988   0.1242415197802020
 353.6168925361481877 323.1866326016142523 324.7551052927689150   0.5972415203289801
 354.5164021758947019 322.4307421480457410 326.7619944469932531  -0.5679584818661324
 351.2415067858091646 322.6575092841162997 324.1012600504321550  -0.4157584802197979
 350.5725437344010162 323.3132442525869900 322.4250729696440037   0.2718415197802020
 349.4897306596641783 321.3592674301124310 325.8020135709612925  -0.0275584802197980
 349.5842169663602086 322.2833435095998776 327.6426068254005720   0.1122415197802020
 346.7647455745497193 321.6994181342182155 324.8571505040006665  -0.0050584802197980
 346.6891565291928844 321.2572222188806794 322.8445921713745376   0.0338415197802020
 345.5836667408489369 320.3199180564557209 325.8057930232290993   0.0338415197802020
 345.5591003011079508 324.2505484150119485 325.2804491579990071  -0.1415584802197980
 346.5776626872915352 326.5201095018513595 324.6908546042155542  -0.1638584802197980
 348.4201456678647450 326.7978992435377673 323.8518162007545403   0.2061415197802020
 344.8561221792892721 328.4268431709778766 325.1217121627496159  -0.3418584802197979
 345.1414708255113472 330.2315316288726957 324.5094408953591609   0.3411415197802020
 342.6356939719317796 327.5046568176243064 326.1024800262547560   0.1379415197802020
 340.3604637066905778 328.6725075683876306 326.8130170526091558  -0.2601584802197979
 340.1280273922182818 330.6604994612728271 326.5824704642707364   0.1571415197802020
 338.3875896228768236 327.1871828271255242 327.7918951899803656  -0.1134584802197980
 336.6414826751335743 328.0526773964615082 328.3115698768087204   0.1416415197802020
 338.6956149827059545 324.5566840487071493 328.0583465748632453  -0.1972584802197980
 337.1913929801046526 323.4417456296936041 328.8123473022978265   0.1446415197802020
 340.9576171650096981 323.3699360366046296 327.3005663951608034  -0.2387584802197980
 341.1465897784018126 321.3687160607820286 327.4706417472137225   0.1699415197802020
 343.0363159123230644 324.8382532426614175 326.2687759260398147   0.1242415197802020
 350.2097163166881757 318.5738111087124717 326.2895629135129401   0.5972415203289801
 349.5993347754315971 317.5949329713412621 328.3077904245408600  -0.5679584818661324
 351.6005547512541982 317.2925767899138683 324.5944785713855936  -0.4157584802197979
 351.9407054553600363 318.1127179320356868 322.8918353247225259   0.2718415197802020
 352.7854130372228410 314.8189252806109543 325.1821833990351162  -0.0875584802197980
 351.5684294069775446 313.8457163216415353 326.5276684063870269   0.0968415197802020
 353.0084007210255393 313.0444724408589120 322.8767175156511912   0.2984415197802021
 353.7983062450046347 311.2662401488390093 323.5532394715950071  -0.0297584802197980
 350.4062478346159575 312.4322011734684031 321.7712277273072437  -0.3192584802197979
 350.6046690786777233 311.0715983570451041 320.2367701065631649   0.0790415197802020
 349.2365073577187030 311.6045011268109173 323.2433243856318921   0.0790415197802020
 349.5105176471373040 314.1386238723993314 321.0436831657475789   0.0790415197802020
 354.7450590380991909 313.9893355078195379 320.7658934240611175  -0.3192584802197979
 354.8867884981432633 312.5569230983072105 319.2919070396025389   0.0790415197802020
 353.9778302277271515 315.7052068374200103 319.9400831035375618   0.0790415197802020
 356.6347851720204428 314.3635012823359600 321.4896585333529755   0.0790415197802020
 355.3535508532217855 315.0494718689493736 326.5068814189139013   0.5972415203289801
 356.0017269171568083 313.3865128710986268 328.0035445169795358  -0.5679584818661324
 356.7859632627341129 317.0922658197182258 326.0665752297102419  -0.4157584802197979
 356.1850303521471856 318.3716104123828991 324.7740025541081103   0.2718415197802020
 359.1821360005462616 317.6119405065465808 327.3761554405176923  -0.0518584802197980
 360.4350244273360722 316.0056732927135275 327.0737992590902984   0.0921415197802020
 360.4388038796038790 319.9552009126088966 326.1799587977455213  -0.1102584802197980
 360.7808443098436475 319.5016666404678327 324.1995258093960459   0.0456415197802020
 359.1405620256000103 321.5463503173706151 326.2253122249596330   0.0456415197802020
 362.9540293638530979 320.7810112331325060 327.4063910586604155   0.3530415197802020
 363.9461355841617659 319.1293905920853410 328.1377150724879409  -0.0361584802197980
 364.6396650753108469 322.0357893860561933 325.4183991657752727  -0.4121584802197980
 366.4197870934646799 322.6140455830361183 326.2801142828433426   0.0999415197802020
 365.0459561941039225 320.7035324616417407 323.9028388063703892   0.0999415197802020
 363.6966917344841513 323.6968586577730098 324.6436114508675658   0.0999415197802020
 362.5912019461402038 322.7160907942678696 329.5342226854557542  -0.4121584802197980
 364.4242362960438160 323.3075750741851992 330.2617672470154189   0.0999415197802020
 361.5953162735637290 324.3790497921185628 328.8312445636370218   0.0999415197802020
 361.5291758588764379 321.9072880089495790 331.0970261982086261   0.0999415197802020
 358.8041907737620326 317.8632740823580722 330.2428699856762236   0.5972415203289801
 360.2914052411580157 316.8201452564335553 331.6885104781259556  -0.5679584818661324
 356.7500584661895987 319.0802577126033686 331.0705700323337096  -0.4157584802197979
 355.6615762130509701 319.9873262568856039 329.7798870828655084   0.2718415197802020
 355.9979474648889479 319.1690748408976619 333.7464222379661963  -0.0014584802197980
 357.4039037085263589 320.2008653100187046 334.8462428479084066   0.0875415197802020
 353.4033534830150870 320.4786550517051121 333.9788585524385459  -0.0152584802197980
 352.2676280765284163 320.0610255761085087 332.3083406500521317   0.0294415197802020
 352.4131369888403493 319.6207193869048492 335.5718976833341411   0.0294415197802020
 353.3939048523454894 323.3208031571226574 334.3945983019012191  -0.0011584802197980
 354.7601768471705256 324.9384087277592386 332.7599851960593190  -0.1906584802197980
 355.8278721128360288 324.1579518344497947 331.2349762059848916   0.1698415197802020
 354.7393898596974001 327.5783561368472649 333.0982461740312271  -0.2341584802197979
 355.7730700549523193 328.7934500409586312 331.8661447347145958   0.1655415197802020
 353.1803657992123887 328.6800664729233517 335.2393058837640240   0.3225415197802020
 353.1444610026678747 331.1952919571725170 335.7174065956460740  -0.5579584818661324
 351.6459081784683099 331.7319741792061370 336.6093573308569208   0.3991415197802020
 351.7366150328965334 326.8715985627607258 336.9060443338825237  -0.2341584802197979
 350.6046690786777233 327.5481205187044880 338.4234944194213375   0.1655415197802020
 351.9236979201547177 324.2732251286190044 336.4147155390630154  -0.1906584802197980
 350.9145841646407847 322.9919908098203471 337.6033532772994653   0.1698415197802020
 355.7692906026844588 316.5026712659347729 334.8632503831136716   0.5972415203289801
 356.9144646398407807 315.9055178076156526 336.7945504919811746  -0.5679584818661324
 354.3463268238417828 314.8472711726198008 333.5933544211185958  -0.4157584802197979
 353.5035089681129082 315.4217479173318117 331.9814180288837517   0.2718415197802020
 353.9853891322628190 312.2488977384780795 334.4437311813831378  -0.0252584802197980
 353.1028870277216234 312.2507874646119561 336.3051114232955966   0.0697415197802020
 352.7381698838747991 311.2926963147139257 333.1209228876382828   0.0697415197802020
 356.4703789983692608 310.7862497108230289 334.6005784504985987   0.5972415203289801
 356.9295824489121156 309.5314715578992879 336.4997532150895020  -0.5679584818661324
 358.1238893655503562 310.9714428719472828 332.6919550552381515  -0.4157584802197979
 357.6798037240788900 312.0769326602912303 331.1858433265029192   0.2718415197802020
 360.5408490908356304 309.5938325203187185 332.7089625904434702  -0.0597584802197980
 360.0929839970963037 307.6852091250582177 333.3269030362357161   0.0868415197802020
 361.6803539495901617 309.3406092183732434 330.0236617541413321   0.1302415197802020
 360.1288887936408177 309.2536818162128804 328.6649486638519632   0.0186415197802020
 363.3811074701192992 311.5648168779985427 329.2658815744389441  -0.3204584802197979
 363.8988924308137239 311.4060798827491515 327.2778896815537477   0.0881415197802020
 362.3795526191410334 313.3279313609471105 329.5304432331878937   0.0881415197802020
 365.1026479781215621 311.5912730438734591 330.3997172547916845   0.0881415197802020
 363.2488266407448244 306.8934138749452458 329.7307542033835360  -0.0430584802197980
 364.2995143712050087 306.9822310032395390 327.9600808158993544   0.0235415197802020
 364.6150986355698608 306.7460152364993825 331.2671015502615452   0.0235415197802020
 361.6425594269117174 304.4802336019277783 329.6438268012231730  -0.0660584802197980
 360.2347134571403761 304.6257425142397113 328.1452739770236083   0.0185415197802020
 362.8633225094248745 302.8664074835590575 329.2545432176354163   0.0185415197802020
 360.6976963599510914 304.1608698852951194 331.4428460807162014   0.0185415197802020
 362.4003396066141590 310.6105051803683190 334.7026236617303501   0.5972415203289801
 363.7590526969035280 309.1025037254991566 335.8440182466188115  -0.5679584818661324
 362.3549861794000473 313.0822669635373026 335.2544236928353587  -0.4157584802197979
 361.2324888558508348 314.2368896313632223 334.2075154146429813   0.2718415197802020
 363.7458246139660698 314.2236615484257641 337.3671375105593088  -0.0518584802197980
 365.7300370545834058 313.7266635752044650 337.1687162664975966   0.0921415197802020
 363.5398444653686902 317.1262808901288096 337.2008416107742503  -0.1102584802197980
 364.3883314994993018 317.7442213359210556 335.4263887710222081   0.0456415197802020
 361.5480731202156869 317.6497350292249714 337.1554881835601384   0.0456415197802020
 364.7908431660245170 318.5794802871142627 339.4004828306586170   0.3530415197802020
 363.8648773604031400 318.0768131354911727 341.1692664920088685  -0.0361584802197980
 367.6197631885046577 318.0239008037413935 339.6461472280683712  -0.4121584802197980
 368.4191173431533506 319.1936412806386480 341.1428103261340058   0.0999415197802020
 367.9126707392624538 316.0510267199276392 340.1525938319592681   0.0999415197802020
 368.5797440645366720 318.4358611009362062 337.8716943883163290   0.0999415197802020
 364.4847075323293161 321.4197386663978776 338.9847430811959439  -0.4121584802197980
 365.2235904506925090 322.4477496832510596 340.6099075563681925   0.0999415197802020
 365.4787034787718608 322.0131126724491373 337.2820998345328761   0.0999415197802020
 362.4853772826405918 321.8770523908068557 338.7901012894020385   0.0999415197802020
 362.8198588083446928 313.1918710793047753 339.9239369697547790   0.5972415203289801
 364.3524267029547877 312.4473189825397917 341.5075274699807764  -0.5679584818661324
 360.3273100377025299 312.9934498352430095 340.2867643874676730  -0.4157584802197979
 359.1462312040017474 313.7058765877313394 338.9526177369192903   0.2718415197802020
 359.2407175106978316 311.8161504538100875 342.5468768436374865  -0.0024584802197980
 359.9871593335967453 312.7931388650473670 344.2003872108185819   0.0977415197802020
 356.3456570735304535 312.1468525272463281 342.5582152004410144  -0.0343584802197980
 355.9166892411303219 314.1537416814706662 342.6394734241996403   0.0294415197802020
 355.5954357983637328 311.4400949531597351 340.7762034561532511   0.0294415197802020
 354.9302521992234449 310.8807360175190593 344.7238413499147437   0.0117415197802020
 353.0178493516951370 309.0987242732313498 344.2098358414881794  -0.1256584802197980
 352.5548664488844219 308.6527489056258994 342.3068816246294693   0.1329415197802020
 351.6723643443432263 307.9289837963340953 346.1864893775697943  -0.1704584802197980
 350.2342827564291618 306.5702707060446726 345.7896468894463702   0.1429415197802020
 352.2166054709125138 308.5658215034655365 348.7054943140868201  -0.1072584802197980
 351.2018225369968437 307.6795399466564806 350.2097163166881757   0.1296415197802020
 354.0855446173606400 310.3780688658960230 349.2365073577187030  -0.1704584802197980
 354.4748282009484506 310.8788462913851290 351.1526896575148713   0.1429415197802020
 355.4442577076500090 311.5326915337218889 347.2579640955031579  -0.1256584802197980
 356.8521036774213503 312.9065224330826464 347.6926011063050803   0.1329415197802020
 360.0249538562751360 309.0250249540083913 342.8057693239846987   0.5972415203289801
 360.8016312973167732 308.2502372391006845 344.8617913576910092  -0.5679584818661324
 360.0098360472037475 307.5529282956837429 340.7289603028052627  -0.4157584802197979
 359.3408729957956526 308.3050392969843938 339.0981266492312233   0.2718415197802020
 360.8734408904058013 304.9016425297922424 340.7573061948140558  -0.0237584802197980
 359.7037004135085468 303.8490650731980741 342.0895631192285620   0.0879415197802020
 360.7165936212903404 303.5712753315116665 338.1589327606723345   0.0341415197802020
 362.0375121889012649 304.4840130541956389 336.8682498112041331   0.0240415197802020
 361.3855566726984353 301.6399752226441633 338.4234944194213375   0.0240415197802020
 358.1843606018358565 303.3917513487891497 336.7624251477045211   0.0017415197802020
 357.6250016661951805 305.2512418645676783 336.1218079883052193   0.0439415197802020
 358.5339599366112923 302.2805923820434653 335.0635613533093139   0.0439415197802020
 355.5292953836764953 301.9309930472680293 338.3497951001983790  -0.2737584802197979
 354.3463268238417828 304.5860582654273903 340.1374760228878796  -0.0536584802197980
 352.5019541171346427 304.1249650887506052 340.9236020945991143   0.0683415197802020
 355.6332303210421772 305.0169158239613983 341.6870514527032932   0.0683415197802020
 354.1668028411192659 306.2282302758049578 338.9072643097051786   0.0683415197802020
 363.6211026891272624 304.7051110118644069 341.6662644652301676   0.5972415203289801
 364.1577849111609362 303.3463979215750379 343.4785118276606542  -0.5679584818661324
 365.3672096368705116 306.0449268408145805 340.4058171339046896  -0.4157584802197979
 364.7946226182923774 307.1882111518369184 338.9734047243924158   0.2718415197802020
 368.0903049958510403 305.8578439535563962 340.9576171650096981  -0.0875584802197980
 368.5589570770634927 303.8528445254659347 341.0086397706256006   0.0968415197802020
 369.6909030312823565 307.0559303224624438 338.8297855382143594   0.2984415197802021
 368.9331228515799147 306.4058645323935443 337.0269868064535243  -0.0297584802197980
 369.6568879608717727 309.9472113073619613 338.8241163598126224  -0.3192584802197979
 370.6754503470553034 310.6558586075824307 337.1800546233011247   0.0790415197802020
 367.7142494952007416 310.5821592883595259 338.7145122440452035   0.0790415197802020
 370.5261619824755637 310.6974325825286820 340.5343185110113575   0.0790415197802020
 368.7365913336521328 306.8934138749452458 343.5805570388924056   0.5972415203289801
 370.4997058166006472 305.9617788909220242 344.7635255987271183  -0.5679584818661324
 367.2493768662560961 308.6848742499025529 344.5632146285314760  -0.4157584802197979
 365.8774356930292689 309.4502133341406622 343.4652837447231960   0.2718415197802020
 367.4742542761927247 309.5617071760420113 347.1672572410749344   0.0212415197802020
 369.4244516463994768 310.0983893980756850 347.4941798622433144   0.1123415197802020
 365.8585384316900736 311.9408723786488948 347.5414230155913565  -0.1231584802197980
 366.6314364204638501 313.4885580823303782 346.4151462397742834   0.1111415197802020
 363.9158999660189889 311.5931627700073892 346.9423798311383058   0.1111415197802020
 365.9076713111719923 312.7723518775742415 350.8730101896945334  -0.3119584802197979
 364.9458007090061012 315.1250609143062086 350.6708094933649607   0.1932415197802020
 366.8222987599898949 307.4981262378000334 349.1061162544781585   0.5972415203289801
 368.4039995340819621 306.8423912693293431 350.6878170285702258  -0.5679584818661324
 364.4771486277935952 306.5570426231072681 349.0626525533979771  -0.4157584802197979
 363.2790622588875476 307.1371885462210695 347.6812627495015522   0.2718415197802020
 363.4548067893422038 304.9942391103543425 351.1130054087024966  -0.0024584802197980
 364.0784164135362405 305.7652473729942424 352.9214733188651764   0.0977415197802020
 360.5540771737730886 305.0736076079790381 351.0544238985509803  -0.0343584802197980
 359.8794449439632030 305.2399035077641504 349.1117854328798956   0.0294415197802020
 359.8246428860794937 303.2915958636913284 351.7914170907802429   0.0294415197802020
 359.4655949206344600 307.1995495086404465 352.6266760419734500   0.0117415197802020
 360.0362922130786639 309.7317825280949304 352.0503095711274552  -0.1256584802197980
 361.1512306320922089 310.1815373479681874 350.4062478346159575   0.1329415197802020
 359.1065469551894265 311.6914285289712802 353.5753185612019364  -0.1704584802197980
 359.5166175262503090 313.6416258991780323 353.1104459322572909   0.1429415197802020
 357.5588612515078894 311.1169517842592158 355.6464584039795816  -0.1072584802197980
 356.7746249059305848 312.6268429652623085 356.7500584661895987   0.1296415197802020
 357.0013920420011438 308.5941673954743294 356.2455015884326322  -0.1704584802197980
 355.8581077309788057 308.1651995630742517 357.8763352420066718   0.1429415197802020
 357.9500345612296301 306.6326316684641030 354.7337206812956631  -0.1256584802197980
 357.5286256333651662 304.6918829289269486 355.1985933102402549   0.1329415197802020
 364.3807725949636344 302.2635848468381464 351.0449752678813291   0.5972415203289801
 364.7398205604086681 301.1316388926193364 353.0424157914361231  -0.5679584818661324
 364.7624972740157239 301.1826614982351852 348.7943114423811671  -0.4157584802197979
 364.4431335573830114 302.2125622412222976 347.2050517637533787   0.2718415197802020
 365.5410644411912912 298.5408243630132823 348.5410881404356917  -0.0031584802197980
 364.2673890269283551 297.3654147077142908 349.6598060117170974   0.0849415197802020
 365.3388637448617186 297.7358010299628522 345.7613009974375234  -0.0036584802197980
 363.3622102087800500 297.8265078843910757 345.1773756220558613   0.0170415197802020
 366.4292357241342775 299.0397120623685117 344.5934502466741992   0.0170415197802020
 364.2749479314640224 294.5440535897698712 341.3109959520529945  -0.6086584813173542
 374.3509676775321792 327.7559903934358514 346.4510510363187976  -0.5679584818661324
 371.4766942278379267 323.9746483994594173 348.7168326708903479   0.0396415197802020
 371.7771606831313903 323.3302517877922549 346.7817531097549843   0.1104415197802020
 370.7453702140104013 321.6748516944772831 350.3287690631251922   0.0559415197802020
 370.1765626477001277 322.3438147458853779 352.1939287573054580  -0.0173584802197980
 368.5986413258758673 320.1385043475992740 349.1212340635495470   0.0135415197802020
 367.4326803012464734 321.3743852391837659 347.9609422173218903  -0.0425584802197980
 369.4187824679976859 318.7174302948904744 347.8702353628936668  -0.0425584802197980
 366.9016672576145905 318.8534905765328098 351.0789903382919128   0.8053415186826456
 364.6075397310341933 318.6097159052569859 350.5460875685261534  -0.8188584780246854
 367.8068460757628418 318.1127179320356868 353.1331226458643467  -0.8188584780246854
 369.3564215055783091 325.9437430310053648 348.6166771857925269   0.5365415197802020
 368.3246310364572665 326.4445204564945245 346.5927804963628699  -0.5819584818661324
 368.7384810597860095 327.1191526863044101 350.7671855261949213  -0.4157584802197979
 369.6757852222109680 326.6845156755024878 352.3753424661619050   0.2718415197802020
 366.7901734157132413 329.0844678655824972 350.8276567624804216  -0.0031584802197980
 365.1083171565232992 328.3304671381479158 349.9262573965999771   0.0849415197802020
 365.9889295349306181 329.7307542033835360 353.5318548601217013  -0.0036584802197980
 364.5225020550077069 331.1801741481011284 353.4600452670327268   0.0170415197802020
 365.1139863349250902 328.0394493135240500 354.3028631227616012   0.0170415197802020
 368.0695180083779147 330.5868001420498688 355.3648892100253134  -0.0645584802197980
 367.1945748083723866 330.7455371372992598 357.2130413690003141   0.0351415197802020
 369.5548427496400213 329.1619466370732624 355.4801625041945231   0.0351415197802020
 369.2109125932663225 333.1624968625845341 354.7582871210365955   0.6950415181338675
 367.9523549880747748 334.8594709308458110 353.8455493983526768  -0.6086584813173542
 371.6448798537569155 333.5177653757617609 355.0965480990085033  -0.9407584796710198
 372.3270709881024685 335.2336367053622330 354.6430138268674394   0.4250415197802020
 367.5139385250050456 331.3748159398950336 349.2289484531830356   0.5972415203289801
 365.8698767884936015 332.3423557204627156 347.9155887901077785  -0.5679584818661324
 369.9441263332277780 332.0570070742406405 349.0947778976746306  -0.4157584802197979
 371.2102428429550468 331.1990714094403774 350.2323930302952316   0.2718415197802020
 370.8587537820456808 334.0317708841883251 347.3996935555472839  -0.0024584802197980
 370.0197153785846668 335.8307901636813533 347.9647216695896971   0.0977415197802020
 373.7405861362756006 334.2623174725266906 347.6510271313587753  -0.0343584802197980
 374.1771128732113994 335.3942634267455545 349.3196553076112592   0.0294415197802020
 374.5588375522634889 332.3990475044803552 347.9590524911879600   0.0294415197802020
 374.9972540153332180 335.4377271278257359 345.3587893309123083   0.0117415197802020
 374.6741108464326987 338.0247622051639294 344.8542324531553418  -0.1256584802197980
 373.5516135228834862 339.1718259684541280 346.1146797844808198   0.1329415197802020
 375.7531444689017295 339.1075752799008209 342.6829371252798217  -0.1704584802197980
 375.4904725362866566 341.0993466250538242 342.3068816246294693   0.1429415197802020
 377.1307548205302938 337.5939046466298677 340.9897425092863517  -0.1072584802197980
 377.9452267842503753 338.4253841455552142 339.3116657023643238   0.1296415197802020
 377.4255520974220202 334.9955312124881464 341.4678432211684554  -0.1704584802197980
 376.3597465578904476 333.9164975900191153 343.6504769058475036  -0.1256584802197980
 376.5676164326217573 331.9171673403304446 344.0076351451586068   0.1329415197802020
 370.0348331876560017 333.5272140064313584 344.6614803874953669   0.5972415203289801
 368.8159598312768284 335.1523784816036073 343.5163063503390985  -0.5679584818661324
 370.5186030779398426 331.2444248366544892 343.6674844410527686  -0.4157584802197979
 371.4634661449004685 329.9556316133201646 344.7295105283165345   0.2718415197802020
 369.6266523427290495 330.5338878103000896 341.1484795045357429  -0.0518584802197980
 370.3126229293424629 331.9285056971339725 339.7992150449159717   0.0921415197802020
 370.6111996585019964 327.9109479364173820 340.3642431589584383  -0.1102584802197980
 370.1633345647626695 326.5522348461280130 341.8476781740866146   0.0456415197802020
 369.5794091893810074 327.3402506439731781 338.6710485429650221   0.0456415197802020
 373.4552374900534717 327.7484314889001840 339.7689794267732483   0.3530415197802020
 374.5493889215938913 328.0753541100685640 341.4772918518380532  -0.0361584802197980
 374.0221553302298688 325.0952559968746995 338.7712040280628432  -0.4121584802197980
 373.5270470831424999 323.6987483839069399 340.1998369853073101   0.0999415197802020
 372.9355628032251167 324.7267594007600684 337.0591121507301778   0.0999415197802020
 374.3075039764519439 329.6305987182857148 337.7413032850757308  -0.4121584802197980
 376.2803780602657520 329.2866685619120698 337.2575333947918900   0.0999415197802020
 373.1472121302243408 329.4302877480900724 336.0499983952162448   0.0999415197802020
 374.1601053380061344 331.5543399226175505 338.4556197636979911   0.0999415197802020
 366.7523788930347970 330.6340432953979107 340.9595068911436284   0.5972415203289801
 365.8037363738063104 331.7338639053400673 339.1491492548470722  -0.5679584818661324
 365.3747685414062328 329.6041425524108520 342.8057693239846987  -0.4157584802197979
 366.2704987288848863 328.7216404478696030 344.2551892687022912   0.2718415197802020
 362.6157683858811899 329.7383131079192571 342.7925412410472405  -0.0275584802197980
 361.9279080731338461 328.7348685308070612 341.1258027909286869   0.1122415197802020
 361.4762635271266588 328.4835349549955162 345.1528091823148752  -0.0050584802197980
 362.3738834407392426 329.2469843130996952 346.8365551676387475   0.0338415197802020
 359.5052791694467809 329.0523425213058434 345.2302879538056405   0.0338415197802020
 361.4724840748587981 325.6470560279797081 345.3096564514303361  -0.1415584802197980
 362.7310416800503997 324.2146436184674345 347.0160791503612643  -0.1638584802197980
 364.0047170943132822 324.9251806448218343 348.4409326553378707   0.2061415197802020
 362.1376676739990861 321.6937489558164784 346.7118332427999401  -0.3418584802197979
 362.9219040195764444 320.3010207951165256 347.8078744004742362   0.3411415197802020
 360.4217963443986140 321.3611571562463075 344.7843125862002440   0.1379415197802020
 359.1915846312158592 319.2295460771831620 343.7978755442933667  -0.2601584802197979
 359.5525223227948230 317.4040706318152174 344.5707735330671432   0.1571415197802020
 357.5040591936241799 319.5281228063426954 341.7645302241941122  -0.1134584802197980
 356.5591961266635540 317.9256350447775026 340.9935219615542123   0.1416415197802020
 357.0618632782866440 321.9299647225566349 340.7157322198678045  -0.1972584802197980
 355.8014159469611660 322.1113784314130819 339.1548184332488630   0.1446415197802020
 358.2693982778622892 324.0804730629590294 341.7040589879086119  -0.2387584802197980
 357.9368064782921720 325.8908306992555856 340.8876972980546003   0.1699415197802020
 360.0022771426680802 323.8499264746206100 343.8186625317664924   0.1242415197802020
 361.6727950450544943 332.4935338111764393 342.5544357481731539   0.5972415203289801
 360.1912497560601946 333.0377749377457268 340.8442335969744187  -0.5679584818661324
 362.6157683858811899 334.2717661031963421 344.0888933689172327  -0.4157584802197979
 363.8686568126709468 333.7464222379661963 345.4419372808048646   0.2718415197802020
 361.8636573845805390 336.9589566656323566 343.9131488384625765  -0.0389584802197980
 359.8189737076777027 337.0572224245962475 344.1096803563903584   0.1006415197802020
 363.0107211478707376 338.6049081282777309 346.0239729300525963   0.3653415197802020
 362.1338882217312793 340.4643986440562595 345.8803537438745937   0.0042415197802020
 362.5004950917119803 337.6241402647726446 348.6865970527476247  -0.2438584802197979
 362.7858437379341090 339.1604876116506001 350.0264128816977983   0.0641415197802020
 360.5767538873801446 336.9117135122843147 348.8150984298542927   0.0641415197802020
 363.8062958502515701 336.1274771667070101 349.1892642043706609   0.0641415197802020
 365.6336610217534450 338.9356102017139715 345.7537420929018560  -0.6761584785734636
 366.4651405206787917 337.3123354526755995 345.6346893464647858   0.4101415197802020
 362.4948259133102432 338.1305868686635414 341.3412315701957179   0.5972415203289801
 360.9546991141643734 339.4911896850868407 340.2489698647892287  -0.5679584818661324
 364.7171438468016121 337.5220950535408932 340.2999924704051312  -0.4157584802197979
 365.9190096679755202 336.4279436220004736 341.3128856781869249   0.2718415197802020
 365.5580719763965564 338.4669581205015192 337.8509074008431496  -0.0252584802197980
 365.5372849889234307 340.5267596064756901 337.8584663053788708   0.0697415197802020
 367.4893720852641132 337.8282306872360939 337.5258745058087000   0.0697415197802020
 363.9140102398850586 337.5164258751391022 335.6777223468337531   0.5972415203289801
 363.2715033543518802 338.9904122595976810 333.9939763615098806  -0.5679584818661324
 363.1826862260575333 335.0919072453181607 335.7230757740478648  -0.4157584802197979
 363.7571629707695977 333.9826380047063527 337.1800546233011247   0.2718415197802020
 361.4989402407337145 334.0147633489830063 333.8050037481177662  -0.0237584802197980
 362.2491615159004353 334.5287688574096242 331.9663002198124168   0.0879415197802020
 361.3704388636271004 331.1159234595478214 334.0223222535187274   0.0341415197802020
 360.6145484100585889 330.6378227476657713 335.8799230431633257   0.0240415197802020
 360.0476305698821920 330.4072761593273519 332.6088071053455952   0.0240415197802020
 363.8781054433405982 329.6872905023033546 333.6878407278146799   0.0017415197802020
 365.3048486744511347 330.4601884910771848 334.9407291546044369   0.0439415197802020
 363.5436239176364971 327.7389828582305326 334.2717661031963421   0.0439415197802020
 365.2103623677550508 329.5587891251967403 330.5357775364340197  -0.2737584802197979
 367.2229207003811797 332.3347968159270481 330.5603439761750060  -0.0536584802197980
 368.2433728126986944 332.4462906578283972 328.7745527796193822   0.0683415197802020
 366.0947541984302301 334.0393297887239924 330.7946700167812322   0.0683415197802020
 368.5759646122688115 332.1930673558829221 332.1061399537225591   0.0683415197802020
 358.8344263919047560 335.1542682077375374 333.9524023865636295   0.5972415203289801
 357.7742900307749203 335.7740983796637137 331.9776385766159449  -0.5679584818661324
 357.8290920886586298 335.5567798742627525 336.2427504608761660  -0.4157584802197979
 358.8400955703064931 335.0333257351665907 337.7828772600220358   0.2718415197802020
 353.8890130994328582 335.6588250854945041 335.7684292012619766   0.0863415197802020
 355.2401672851865597 339.3853650215872287 335.4188298664865406   0.5972415203289801
 353.6754740462997577 339.8294506630587486 333.7407530595644591  -0.5679584818661324
 356.9447002579835041 341.0936774466520334 336.1766100461889288  -0.4157584802197979
 358.2070373154429123 340.5891205688950669 337.5353231364783514   0.2718415197802020
 356.8407653206178222 343.7298454034721992 335.3300127381922475  -0.0875584802197980
 354.9113549378842494 344.3836906458089591 335.6493764548249063   0.0968415197802020
 358.6038798035663366 345.4324886501352131 336.9154929645521751   0.2984415197802021
 358.1616838882288005 345.1093454812346936 338.9034848574373179  -0.0297584802197980
 361.4290203737786167 344.9165934155747187 336.5356580116339623  -0.3192584802197979
 362.5175026269172990 346.0277523823204568 337.8868121973876638   0.0790415197802020
 361.8353114925716923 342.9286015226895759 336.8550217282666749   0.0790415197802020
 362.0223943798299302 345.4343783762691434 334.6327037947753059   0.0790415197802020
 358.1295585439521470 348.2330627806065071 336.3599134811793061  -0.3192584802197979
 359.2274894277603734 349.3971340791020245 337.6581553351832284   0.0790415197802020
 358.6719099443875041 348.6998251356850829 334.4267236461778726   0.0790415197802020
 356.1358974726652134 348.6658100652744991 336.6188059615265184   0.0790415197802020
 357.3056379495624680 343.9755098008819532 332.4878646327746485   0.5972415203289801
 355.9507043115409058 345.3871352229211014 331.2311967537170310  -0.5679584818661324
 359.1141058597250939 342.5733330095124029 331.3974926535020896  -0.4157584802197979
 360.1383374243104155 341.3695774622045645 332.4878646327746485   0.2718415197802020
 359.6999209612406863 342.8189974069221569 328.6838459251911585  -0.0875584802197980
 359.7944072679367703 344.8353351918161465 328.2756650802642065   0.0968415197802020
 362.3360889180608520 341.7513021412566540 328.0621260271311058   0.2984415197802021
 363.6399999504665114 342.3560145041114417 329.5380021377235610  -0.0297584802197980
 362.4060087850158962 338.8675800608928040 327.9109479364173820  -0.3192584802197979
 364.3637650597583157 338.2383012582970299 327.8183513558552282   0.0790415197802020
 361.5310655850103683 338.0606670017084436 329.5833555649376727   0.0790415197802020
 361.3931155772341564 338.2118450924221135 326.2423197601648983   0.0790415197802020
 363.3168567815659382 342.8001001455829079 325.5450108167479567  -0.3192584802197979
 365.2273699029603694 342.1065706544338270 325.2010806603743115   0.0790415197802020
 362.0979834251867652 342.2123953179334390 323.9916559346647362   0.0790415197802020
 363.3697691133157711 344.8580119054232024 325.6224895882387756   0.0790415197802020
 357.6023249525881245 341.7513021412566540 327.0076588444030073   0.5972415203289801
 357.0410762908134647 342.8171076807882268 325.0121080469821971  -0.5679584818661324
 356.3815618700749675 339.6858314768806922 327.7918951899803656  -0.4157584802197979
 356.8577728558231411 338.8921465006337901 329.4775309014381145   0.2718415197802020
 354.4616001180109924 338.4518403114301306 326.2498786647006193  -0.0237584802197980
 355.2552850942578946 338.2553087935023488 324.3582628046454371   0.0879415197802020
 354.0061761197359444 335.8100031762082279 327.3534787269106363   0.0341415197802020
 355.8203132083003613 334.8613606569797413 327.5689075061776673   0.0240415197802020
 353.1803657992123887 336.0065346941360095 329.2318665040283603   0.0240415197802020
 352.3413273957513211 334.1111393818130205 325.7131964426669991   0.0017415197802020
 351.4947300877545861 335.2222983485587051 324.2070847139317134   0.0439415197802020
 353.5375240385234921 332.6862858768364144 324.8269148858578895   0.0439415197802020
 349.8374402683056839 332.5351077861226906 327.4347369506692086  -0.2737584802197979
 347.9250374207773761 335.2808798587102751 328.1679506906306641  -0.0536584802197980
 348.8434443218630856 336.3958182777238201 329.6343781705535754   0.0683415197802020
 347.6793730233676220 336.4355025265361411 326.4804252530389849   0.0683415197802020
 346.0825544402041663 334.6723880435876269 328.8274651113692150   0.0683415197802020
 352.0710965586005808 340.0921225956737678 325.9683094707463509   0.5972415203289801
 351.0619828030866478 340.2640876738606172 323.8707134620937357  -0.5679584818661324
 351.1810355495236644 341.3714671883384411 327.9695294465689519  -0.3661984801100423
 352.0257431313864691 341.0313164842326566 329.7269747511157292   0.3114115197253242
 347.3921346510115629 342.4580597153431931 326.6259341653509179   0.2245915200545911
 349.6635854639849042 345.8142133291873563 326.7582149947254463   0.8098515201643467
 348.8113189775864321 346.0353112868561242 324.6455011770014425  -0.6015384800002868
 351.8745650406727989 346.9083647607277220 327.2759999554198710  -0.4157584802197979
 352.8572226303118155 346.3206599330781994 328.8123473022978265   0.2718415197802020
 352.8515534519100784 349.0475347443265886 325.7472115130775293  -0.0518584802197980
 351.4531561128083348 350.5555361991957510 325.8662642595145995   0.0921415197802020
 355.3781172929627716 349.8695656125823375 326.9471876081175607  -0.1102584802197980
 354.9661569957679589 350.3382176937947898 328.9143925135295779   0.0456415197802020
 356.6688002424310267 348.2614086726153538 326.9679745955906864   0.0456415197802020
 356.7481687400556684 352.1410164255556788 325.7358731562740551   0.3530415197802020
 355.3648892100253134 353.5318548601217013 325.1047046275443509  -0.0361584802197980
 358.4621503435222641 353.3806767694080312 327.7144164184896001  -0.4121584802197980
 359.3541010787331108 355.0568638501961824 326.9169519899748375   0.0999415197802020
 357.3528811029105098 353.9475946095843745 329.3509192504653769   0.0999415197802020
 359.9153497405077172 352.0540890233953158 328.3247979597461250   0.0999415197802020
 358.4867167832632504 351.4040232333264163 323.5343422102557579  -0.4121584802197980
 359.5090586217146416 353.0650925050431791 322.8748277895172608   0.0999415197802020
 359.8378709690169519 349.9716108238140889 324.1390545731105457   0.0999415197802020
 357.4001242562584982 350.6783683979006282 321.9507517100297606   0.0999415197802020
 353.0650925050431791 348.4862860825519824 322.8634894327137330   0.5972415203289801
 352.6436835771787150 350.1775909724115221 321.3214729074339867  -0.5679584818661324
 353.5072884203807689 346.1184592367486266 322.0660250041989701  -0.4157584802197979
 353.9438151573165677 344.7918714907359114 323.3756052150063669   0.2718415197802020
 353.2446164877656958 345.3776865922515036 319.3863933462986231  -0.0249584802197980
 354.2707377784849476 346.7798633836211079 318.2884624624903967   0.0842415197802020
 354.6033295780550647 342.8794686432076035 318.8232549583900864   0.2116415197802020
 355.0341871365891266 342.8152179546542965 316.8088068996300272   0.0351415197802020
 356.3815618700749675 342.8057693239846987 319.8644940581806732   0.0351415197802020
 353.1198945629268884 340.7478575641444581 319.4090700599056789  -0.6546584813173543
 352.6739191953214919 340.8196671572334862 321.1948612564612490   0.4274415197802020
 350.4931752367763742 345.3814660445193643 318.3848384953203573   0.5972415203289801
 350.0150745248942705 346.2979832194711435 316.2966911173373933  -0.5679584818661324
 348.6506922562031107 344.4895153093085175 319.8663837843146033  -0.4157584802197979
 349.1401313248887424 343.9811789792836904 321.6483955286023667   0.2718415197802020
 345.9370455278922333 344.8126584782090907 319.3750549894950950  -0.0581584802197980
 345.5005187909563808 344.0189735019621347 317.5344617350558155   0.1359415197802020
 344.3553447538001124 343.3915844255002912 321.3441496210410425  -0.0074584802197980
 345.3058769991625291 343.3178851062773327 323.1563969834715291   0.0366415197802020
 342.5695535572445422 344.3855803719428895 321.6257188149953107   0.0366415197802020
 343.6996097853294221 340.7724240038854442 320.5070009437139052   0.1867415197802020
 342.2010569611299112 340.2584184954588263 318.4169638395970109  -0.5432584802197979
 341.7701994025958493 337.7658697248167169 318.4642069929450529   0.1634415197802020
 340.5834513904933298 336.7737635045080491 317.1243911639948793   0.1434415197802020
 342.9380501533591735 336.7076230898208117 320.4521988858301957  -0.2795584802197980
 342.8756891909397967 334.8481325740422831 320.8981742534356459   0.3338415197802020
 344.1701515926758584 338.5822314146706751 321.7712277273072437  -0.2207584802197979
 345.1981626095289870 338.3913690751446303 323.5192244011844232   0.1861415197802020
 345.1225735641721518 347.5905558950733287 319.3145837532095947   0.5972415203289801
 343.7203967728026014 348.3407771702400494 317.6119405065465808  -0.5679584818661324
 346.0485393697935824 349.1798155737010634 321.0455728918814556  -0.4157584802197979
 347.1785955978784623 348.4862860825519824 322.4326318741796711   0.2718415197802020
 345.3361126173052525 351.8726753145388688 321.0588009748189138  -0.0389584802197980
 343.2782008574650117 351.9633821689670923 321.0606907009528439   0.1006415197802020
 346.2526297922570854 353.3239849853903914 323.4077305592830204   0.3653415197802020
 345.2132804186003753 355.1003275512763640 323.4833196046399091   0.0042415197802020
 345.8633462086692748 351.9255876462886478 325.8927204253895160  -0.2438584802197979
 346.6173469361038560 353.0688719573110396 327.4233985938656807   0.0641415197802020
 343.8602365067127437 351.5684294069775446 326.2064149636204377   0.0641415197802020
 346.8554524289779428 350.1360169974652172 325.8927204253895160   0.0641415197802020
 348.8377751434613485 353.9116898130399141 323.2943469912477946  -0.6761584785734636
 349.1665874907636051 355.1891446795706572 324.5396765135018841   0.4101415197802020
 346.2375119831856969 353.1973733344176539 318.6475104279354302   0.5972415203289801
 344.7673050509949789 354.5749836860462718 317.4683213203685781  -0.5679584818661324
 348.5713237585784151 352.7022650873302850 317.7876850370012370  -0.4157584802197979
 349.7448436877435301 351.6818129750128241 318.9177412650861706   0.2718415197802020
 349.5709888834228040 353.8682261119596789 315.4671013445459234  -0.0875584802197980
 349.0040710432464071 355.8429899219074171 315.5408006637688819   0.0968415197802020
 352.4849465819293238 353.9192487175755816 315.4255273695996722   0.2984415197802021
 353.1387918242660839 354.5315199849660902 317.2812384331103402  -0.0297584802197980
 353.6962610337728833 351.3605595322461810 314.8453814464858707  -0.3192584802197979
 355.7428344368095960 351.5079581706920443 315.0116773462709291   0.0790415197802020
 353.0235185300969278 349.9961772635550752 316.2154328935787675   0.0790415197802020
 353.2106014173551121 350.7256115512486701 312.9480964080288977   0.0790415197802020
 353.4657144454344639 355.8335412912378196 313.4847786300625714  -0.3192584802197979
 355.5179570268729675 355.9620426683444337 313.6095005549013788   0.0790415197802020
 352.9422603063383021 355.2647337249274923 311.5742655086681402   0.0790415197802020
 352.6701397430536314 357.6949215331502247 313.8740622136503283   0.0790415197802020
 348.3899100497220216 352.7797438588210502 313.0482518931267188   0.5972415203289801
 347.9382655037148343 354.2121562683333777 311.2662401488390093  -0.5679584818661324
 347.7398442596530685 350.3306587892591226 312.9273094205557721  -0.4157584802197979
 348.1480251045800744 349.1646977646297285 314.4012958050143506   0.2718415197802020
 346.4170359659082137 349.3196553076112592 310.6842044995912775  -0.0875584802197980
 347.3978038294133538 350.0849943918493683 309.0420324892137100   0.0968415197802020
 346.6154572099699259 346.4227051443099508 310.4498784589849975   0.2984415197802021
 348.5429778665696221 345.8671256609371354 310.9185305401975036  -0.0297584802197980
 344.7994303952716325 344.9524982121192327 312.1430730749784675  -0.3192584802197979
 345.2548543935466266 342.9437193317609643 312.1052785523000232   0.0790415197802020
 345.0073002700029422 345.6346893464647858 314.0535861963728450   0.0790415197802020
 342.8397843943952826 345.2132804186003753 311.5591476995968054   0.0790415197802020
 343.7014995114633525 350.3117615279199270 310.5084599691365676   0.5972415203289801
 342.3597939563793022 350.5989999002759326 312.6381813220658364  -0.4157584802197979
 343.0514337213944530 349.9168087659303795 314.2973608676486689   0.2718415197802020
 339.9144883390851813 351.8915725758780641 312.6476299527354342  -0.0518584802197980
 338.7504170405896639 350.9996218406672711 311.2038791864195786   0.0921415197802020
 338.5841211408046054 351.5495321456383493 315.2100985903326413  -0.1102584802197980
 338.3346772911269907 349.5369738130122204 315.5974924477865216   0.0456415197802020
 339.7954355926481647 352.3375479434835144 316.6803055225234131   0.0456415197802020
 335.9895271589307445 352.8836787961867320 315.2837979095555998   0.3530415197802020
 336.2295223779387617 354.8527734277326794 314.7395567829862587  -0.0361584802197980
 334.0620065023310483 351.6704746182092960 313.4923375345982389  -0.4121584802197980
 333.8465777230640175 349.6711443685206253 313.9402026283375657   0.0999415197802020
 334.8991551796581856 352.9460397586061089 317.9464220322506282  -0.4121584802197980
 333.9883071831081435 354.7563973949027188 318.2941316408921338   0.0999415197802020
 333.5272140064313584 351.4361485776030698 318.1807480728568544   0.0999415197802020
 336.3920388254559596 352.7003753611963547 319.3372604668166507   0.0999415197802020
 340.1960575330394495 354.6940364324832884 311.9389826525149647   0.5972415203289801
 342.1613727123175365 356.0055063694246153 312.8403820183954090  -0.4157584802197979
 343.3216645585451933 355.1551296091600733 314.1178368849261521   0.2718415197802020
 345.1131249335025543 359.5846476670714766 313.3978512279021547   0.0341415197802020
 344.7389591589861322 359.7169284964460050 315.4141890127961443   0.0240415197802020
 346.6532517326483702 358.2618393733266218 313.1200614862157471   0.0240415197802020
 346.9442695572722362 362.4967156394441196 317.9898857333308096   0.0683415197802020
 341.0804493637145751 362.2038080886863235 316.8730575881833343   0.4477415197802020
 342.3257788859687185 360.7203730735581472 319.6547344573154331  -0.8340584802197980
 343.3273337369469841 359.3635497094027086 320.3747201143394304   0.4169415197802020
 343.0419850907248552 362.1830211012131979 320.6033769765439195   0.4169415197802020
 334.6459318777127104 342.9852933067072156 340.6061281041003857  -0.8340584802197980
 333.2248578250039648 342.9021453568146595 339.4458362578727288   0.4169415197802020
 334.1999565101073139 344.4555002388979336 341.6209110380160558   0.4169415197802020
 349.3914649007002337 336.6206956876604487 320.1517324305367322  -0.8340584802197980
 349.7618512229488488 337.3236738094791274 318.4963323372217064   0.4169415197802020
 349.7977560194933093 338.0531080971727225 321.2402146836753608   0.4169415197802020
 338.8241163598126224 342.8737994648058664 315.0419129644136526  -0.8340584802197980
 337.5353231364783514 341.6794925481676258 315.7127657419557314   0.4169415197802020
 340.2338520557178938 342.4145960142630117 316.1474027527575998   0.4169415197802020
 335.9271661965113141 345.8860229222763308 327.6085917549899881  -0.8340584802197980
 337.0534429723283870 345.3871352229211014 326.2631067476380776   0.4169415197802020
 337.1422601006226802 346.8762394164510685 328.6743972945215609   0.4169415197802020
 365.9586939167878948 319.4015111553700114 357.5059489197581103  -0.8340584802197980
 364.4506924619187324 318.3735001385168294 357.5116180981599010   0.4169415197802020
 366.7164740964902828 318.9026234560147820 355.8637769093805428   0.4169415197802020
 337.6128019079691167 341.7645302241941122 321.0172269998726625  -0.8340584802197980
 336.6528210319371022 340.8499027753762095 319.6925289799938774   0.4169415197802020
 339.3173348807660610 341.2297377282943688 320.5712516322672660   0.4169415197802020
 346.6967154337285516 332.9621858923888919 322.5233387286078946  -0.8340584802197980
 348.1801504488567279 332.6295940928187746 323.5513497454610768   0.4169415197802020
 347.3864654726098257 334.2623174725266906 321.3706057869159589   0.4169415197802020
 357.3472119245087190 319.2616714214598157 350.9580478657209661  -0.8340584802197980
 358.7059250147980880 319.7624488469489752 352.1353472471539417   0.4169415197802020
 358.1371174484878144 319.6528447311815028 349.3536703780218429   0.4169415197802020
 355.7560625197470543 330.5622337023088825 340.8026596220281676  -0.8340584802197980
 357.4057934346602890 331.3956029273681593 340.6420329006448461   0.4169415197802020
 355.3100871521416041 330.3354665662383774 339.0338759606778624   0.4169415197802020
 361.4724840748587981 320.7677831501950478 353.5413034907913525  -0.8340584802197980
 362.6119889336133294 321.1740742689881234 354.9189138424199168   0.4169415197802020
 362.6649012653631086 319.8493762491093383 352.4055780843046819   0.4169415197802020
 350.7520677171235865 325.6224895882387756 368.0695180083779147  -0.8340584802197980
$end
