$point_charges
  91.6743942087877720 123.0892014590946541 106.2706388671955150   0.3530726099418505
  91.2454263763876404 121.5868691826272556 107.6123444222796056  -0.0361273900581495
  91.9276175107332203 120.5040561078903910 103.1242448542166324   0.0999726099418505
  94.5335498494106225 123.5125001130930215 106.1893806434369025  -0.4121273900581494
  95.4689642857016507 121.7342678210731188 105.7471847280993398   0.0999726099418505
  95.0192094658283802 124.9071179999269046 104.7512990555228382   0.0999726099418505
  95.2403074234971750 124.1493378202244896 108.0110766365369869   0.0999726099418505
  92.0466702571702637 125.7310385943165837 111.4749446400146520   0.5972726104906286
  92.5871319314717308 123.8488713649309992 112.7240536145366021  -0.5679273917044839
  93.3997141690578687 127.8607599472458259 111.5562028637732645  -0.4157273900581494
  95.6484882684241675 128.1631161286732197 113.1265652810618170   0.0212726099418505
  97.0109808109813835 126.7174756362234609 112.5936625112960306   0.1123726099418505
  96.7917725794465190 130.7728279196184689 112.5690960715550579  -0.1231273900581494
  97.4040438468370009 130.8484169649753307 110.5981117138751937   0.1111726099418505
  99.4714042373468527 131.4228937096873953 114.6100002961900068  -0.3119273900581495
 101.0531050114389467 129.6881251187476740 113.6575783246937000   0.1932726099418505
  95.0381067271676024 127.7303688440052544 115.9365880422027222   0.5972726104906286
  96.2135163824666209 126.1373297131096324 117.1497922201801715  -0.5679273917044839
  93.0557840126842101 128.9473524742505510 116.9343634409131407  -0.4157273900581494
  93.8475792627972088 129.0380593286787745 120.7950739325142568   0.0921726099418505
  91.4608551556546713 125.8822166850302806 120.2073691048647476   0.5972726104906286
  91.9786401163490960 125.0034940327568921 122.3011856612494890  -0.5679273917044839
  90.2627687867485970 124.5272830470087455 118.4385854435144561  -0.4157273900581494
  89.6334899841528232 121.8325335800370365 118.7522799817453912  -0.0875273900581495
  88.6999652739957251 121.5037212327347262 114.7800756482429124  -0.0297273900581495
  89.4747529889034320 117.1290052327070325 116.0216257182291817   0.0790726099418505
  92.0183243651614438 120.2205971878022058 119.0073930098247565   0.5972726104906286
  92.1430462900002377 118.6521244966475566 120.7175951610234915  -0.5679273917044839
  93.9250580342879877 120.6136602236578232 117.3973463437238559  -0.4157273900581494
  93.7474237776993877 121.9723733139472056 116.0556407886397656   0.2718726099418505
  96.3250102243679700 119.2322704197613851 117.5749806003124559  -0.0518273900581495
  95.9281677362445054 117.2140429087334920 117.6524593718032211   0.0921726099418505
  97.9671822347455373 119.7897396292681576 115.2354996465179336  -0.1102273900581495
  98.1656034788072763 121.8344233061709400 115.0692037467328749   0.0456726099418505
  99.8493494641311085 119.0017238314229925 115.5416352802131879   0.0456726099418505
  96.9259431349549239 118.7409416249418634 112.7278330668044357   0.3530726099418505
  94.9719663124803516 119.3399848093949004 112.4783892171268344  -0.0361273900581495
  98.4717391125025174 119.7595040111254208 110.5111843117148039  -0.4121273900581494
  97.7687609906838119 118.9809368439498669 108.7405109242305954   0.0999726099418505
  98.3186712956548902 121.8098568664299807 110.4507130754293304   0.0999726099418505
 100.4540618269859097 119.2322704197613851 110.7360617216514323   0.0999726099418505
  97.0223191677849114 115.8534400923101929 112.6050008680995587  -0.4121273900581494
  96.2853259755556222 115.2052640283751967 110.7965329579369191   0.0999726099418505
  98.9744062641255670 115.2166023851787248 112.7864145769559923   0.0999726099418505
  95.8941526658339216 115.0276297717865968 114.1111125968347908   0.0999726099418505
  97.7385253725410617 119.8483211394197141 120.0354040266779250   0.5972726104906286
  98.5964610373413114 118.1154422746139231 121.3279767022800432  -0.5679273917044839
  97.8084452394961597 122.2539425079014738 120.8045225631838679  -0.4157273900581494
  97.1980636982395946 123.6239939549943706 119.6083259204117104   0.2718726099418505
  98.9479500982506640 123.0136124137378189 123.2063644793977672   0.0212726099418505
 100.9340522650019033 122.4485842996953522 123.1931363964603358   0.1123726099418505
  98.8175589950101061 125.8973344941016423 123.4954925778877297  -0.1231273900581494
  96.8541335418659226 126.5190543921617219 123.3972268189238388   0.1111726099418505
  99.6074645189891881 126.4207886331978310 125.3285269277913419   0.1111726099418505
 100.6392549881101903 127.4261229364439304 121.0218410685848157  -0.3119273900581495
 100.4049289475039507 129.8090675913186209 121.8211952232335086   0.1932726099418505
  97.6988411237287273 121.6813554893233396 125.4664769355676075   0.5972726104906286
  99.0216494174735957 120.5475198089705724 127.0028242824455628  -0.5679273917044839
  95.1703875565420906 121.7097013813321595 125.6819057148346115  -0.4157273900581494
  94.1272587306175603 122.6224391040161051 124.3534282426879926   0.2718726099418505
  93.8948224161452374 120.4322465148013762 127.7946195325585885  -0.0518273900581495
  94.8623621967129194 121.0293999731205100 129.5142703144269212   0.0921726099418505
  94.1990683237065616 117.5447449821697058 127.6774565122554485   0.5972726104906286
  94.3993792939022174 116.3390997087279507 129.6522203222031600  -0.5679273917044839
  94.3237902485453690 116.4241373847544103 125.4154543299517316  -0.4157273900581494
  94.1234792783497131 117.4823840197503020 123.8299741035918039   0.2718726099418505
  94.8604724705790024 113.7312776439166182 125.1206570530600052   0.0336726099418505
  93.4734134882808002 112.6616926521171983 126.2091393061986606   0.0822726099418505
  94.5807930027586511 113.0018433562230231 122.3314212793922391  -0.1825273900581494
  94.8774800057842943 110.9741672145255191 122.1178822262591386   0.0602726099418505
  92.6910668688373992 113.4818337942390169 121.6662376802519512   0.0602726099418505
  95.9754108895925341 113.9977290287995247 121.1881369683698743   0.0602726099418505
  97.4853020705956268 113.0547556879728157 126.1694550573863128   0.5972726104906286
  97.7460842770767560 111.1499117449801887 127.4809249943276397  -0.5679273917044839
  99.3863665613204066 114.6685818063415633 125.7593844863254036  -0.4157273900581494
  99.1047973673661383 116.1671346305411147 124.5953131878299130   0.2718726099418505
 101.8675769751590014 114.3529975419767112 126.9272352370887278  -0.0024273900581495
 102.4817379686834135 112.4179179808413476 126.5795256284472222   0.0977726099418505
 103.7818695488212259 116.1104428465234749 125.6384420137544299  -0.0343273900581495
 103.8045462624282819 115.7154900845339408 123.6164350504587034   0.0294726099418505
 103.1752674598325081 118.0625299428641305 125.8784372327624202   0.0294726099418505
 106.4463833976501981 115.8099763912299979 126.6551146738040571   0.0117726099418505
 107.6709259324311621 113.4459289976945164 126.5114954876260545  -0.1256273900581494
 106.7676368404168141 111.8850152110755612 125.6082063956116798   0.1329726099418505
 110.0557603134397827 113.1076680197226083 127.6358825373091973  -0.1704273900581494
 110.9514905009184633 111.3010898356938991 127.5886393839611552   0.1429726099418505
 111.2292802426048843 115.1466825182236402 128.8755428811615228  -0.1072273900581494
 113.0094022607587040 114.8877900378764279 129.7807216993098278   0.1296726099418505
 110.0538705873058658 117.5277374469644138 128.9549113787862184  -0.1704273900581494
 110.9571596793202273 119.0735334245120073 129.8846566366754827   0.1429726099418505
 107.6539183972258835 117.8565497942667107 127.8588702211118955  -0.1256273900581494
 106.7374012222740641 119.6480101692240582 127.9779229675489389   0.1329726099418505
 101.8108851911413617 114.6950379722164663 129.8185162219882453   0.5972726104906286
 103.0127510123152832 113.2380591229631796 131.1734498600097806  -0.5679273917044839
 100.2877659272008376 116.4543730028971469 130.8200710729665110  -0.4157273900581494
  99.4033740965256852 117.6656874547406659 129.6257641563282704   0.2718726099418505
  99.8663569993364004 116.6886990435033865 133.5771815023576234  -0.0875273900581495
 101.6975016231060957 116.9645990590558907 134.4804705943719714   0.0968726099418505
  98.1845007401464851 118.9809368439498669 134.2461445537657452   0.2984726099418505
  96.3665841993142345 118.7976334089595030 133.3031712129390226  -0.0297273900581495
  97.6969513975947972 119.1963656232168843 137.0996310159868183  -0.3192273900581494
  99.4865220464182278 119.2549471333684408 138.1200831283043061   0.0790726099418505
  99.3863665613204066 121.4886034236633647 133.4335623161795939  -0.3192273900581494
  98.0956836118521785 123.0457377580144725 133.8152869952316833   0.0790726099418505
 101.1457015920010871 121.7890698789568283 134.4672425114345132   0.0790726099418505
  99.8153343937205247 121.4734856145920030 131.4285628880891592   0.0790726099418505
  98.7533083064567857 114.2490626046110429 134.6883404691033079   0.5972726104906286
  99.5772289008464513 113.4100242011500156 136.6933398971937426  -0.5679273917044839
  96.9599582053655078 113.0377481527675239 133.3787602582958845  -0.4157273900581494
  96.3306794027697340 113.8427714858179808 131.7573752353914427   0.2718726099418505
  95.9224985578427415 110.5659863695985266 134.1459890686678971  -0.0875273900581495
  95.3310142779253985 110.6907082944373340 136.1150837002138446   0.0968726099418505
  93.5792381517803988 109.8686774261815852 132.5529499377723020   0.2984726099418505
  94.0403313284571839 110.0122966123596013 130.5536196880836043  -0.0297273900581495
  94.0119854364483639 105.7944278814473685 132.4414560958709259   0.0790726099418505
  97.9293877120671198 108.4816184438833830 134.0288260483647840   0.5972726104906286
  98.0767863505129697 106.9414916447375670 135.7617049131705748  -0.5679273917044839
  99.5205371168288117 108.4589417302763272 132.0691800474884610  -0.4157273900581494
  99.2862110762225719 109.7458452274767080 130.6707827083867174   0.2718726099418505
 101.6011255902761083 106.6561429985154516 131.8443026375518326   0.0336726099418505
 100.8320070537701520 104.7531887816567549 132.0238266202743492   0.0822726099418505
 102.7557482581019877 106.9112560265948302 129.2005757761959993  -0.1825273900581494
 103.9859599712847289 105.3012093604939164 128.8528661675544937   0.0602726099418505
 101.2685337907059642 106.9093663004609001 127.7738325450854360   0.0602726099418505
 103.8442305112406297 108.6554732482041359 129.0569565900179698   0.0602726099418505
 103.5872277570273476 106.9736169890142206 133.9570164552757827   0.5972726104906286
 104.6303565829518779 105.1027881164321908 134.8432980120848385  -0.5679273917044839
 104.0313133984988406 109.2847520507999231 134.8848719870311166  -0.4157273900581494
 103.2603051358589676 110.7965329579369191 133.9929212518202967   0.2718726099418505
 105.5846682805821016 109.6910431695929853 137.1468741693348602  -0.0518273900581495
 107.2873115272451557 108.5420896801688698 136.9956960786211633   0.0921726099418505
 106.3802429829629473 112.4840583955285984 137.3868693883428505  -0.1102273900581495
 104.7002764499069623 113.6689166814972280 137.5456063835922417   0.0456726099418505
 107.4328204395570887 112.6598029259832680 139.1518735974252950   0.0456726099418505
 108.0469814330815009 113.5158488646496008 135.2306918695387188   0.3530726099418505
 106.8923587652556080 113.9788317674603026 133.6017479420985828  -0.0361273900581495
 109.3830178097638275 115.9309188638009582 136.0999658911424829  -0.4121273900581494
 110.4507130754293304 116.7340524707174982 134.5333829261217505   0.0999726099418505
 107.9846204706620973 117.3104189415634797 136.7160166108007985   0.0999726099418505
 110.6680315808302782 115.5151791143382849 137.6571002254935909   0.0999726099418505
 110.0633192179754770 111.6185638261926681 134.4237788103543315  -0.4121273900581494
 111.4900624490860137 112.5520885363497661 133.2842739515998272   0.0999726099418505
 110.9250343350435603 110.8003124102047664 136.0999658911424829   0.0999726099418505
 109.1959349225056163 110.1275699065287975 133.2975020345372586   0.0999726099418505
 104.2769777959085949 108.7650773639715681 139.5543852639505370   0.5972726104906286
 105.4391593682701686 107.4422690702266997 141.0718353494892970  -0.5679273917044839
 101.8581283444894038 109.4056945233708832 139.8907565157885145  -0.4157273900581494
 101.0323180239658077 110.5187432162504981 138.5660584959097026   0.2718726099418505
 100.3047734624061295 104.3676846503368184 140.2989373607154936  -0.4157273900581494
 100.5579967643515780 105.2615251116815686 138.6265297321952029   0.2718726099418505
 100.4824077189947294 100.6657111539850933 137.5663933710653672  -0.0074273900581495
  98.7627569371263832 101.2212906373579357 136.5742871507567262   0.0366726099418505
 102.0754468498903380 101.5727796982672884 136.6366481131761298   0.0366726099418505
 104.8287778270136035 103.4058140481709006 141.0397100052126434   0.2718726099418505
 109.3055390382730486 102.3702441267820510 142.3984230955020124  -0.1102273900581495
 108.9729472387029047 104.2694188913729140 143.1278573831956075   0.0456726099418505
 110.9647185838559081 101.6086844948117891 143.3565142454000965   0.0456726099418505
 109.8837952352529602 102.5346503004332061 139.5506058116826764   0.3530726099418505
 108.2945355566251854 103.3906962390995389 138.5584995913740352  -0.0361273900581495
 112.2062686538421772 104.1994990244178296 139.1651016803627533  -0.4121273900581494
 112.6768104611885600 104.2316243686944831 137.1638817045401522   0.0999726099418505
 111.7602932862367538 106.1081224196782902 139.7943804829585271   0.0999726099418505
 113.8011975108717026 103.4587263799206932 140.2365763982960898   0.0999726099418505
 110.4582719799650113  99.9608433060324577 138.3600783473122962  -0.4121273900581494
 111.0667637950876595 100.2065077034422251 136.4098809771055710   0.0999726099418505
 111.9228097337539788  98.9876343470630118 139.4315530652456598   0.0999726099418505
 108.7442903764984424  98.8156692688761758 138.3241735507677822   0.0999726099418505
 110.3978007436795378  85.8049048368283604 137.4605687075657822  -0.5579273917044839
 112.1080028948782729  86.3548151417994521 137.2054556794864034   0.3991726099418505
 111.1952651721943005  90.7144133327557709 137.4889145995746019   0.1655726099418506
 142.9199875084642709 107.6312416836188277 134.8395185598170049   0.0135726099418505
 142.0166984164499229 109.0523157363276003 136.0300460241873851  -0.0425273900581495
 142.6214107793047107 108.1055629432330574 132.8590855714675295  -0.0425273900581495
 141.7389086747634885 105.0820011289590518 135.3818699602524157   0.8053726088442941
 139.9134332293955705 105.0101915358700504 136.8747536060501897  -0.8188273878630369
 144.1180738773703452 113.1397933639992752 132.7475917295661804  -0.5819273917044839
 144.6207410289934082 117.6486799195353741 126.8516461917318658  -0.0024273900581495
 145.7337897218730231 118.7825155998881279 125.5382865286566088   0.0977726099418505
 144.7473526799661190 114.8991283946799558 125.9483570997175180  -0.0343273900581495
 143.5983991905420170 113.7199392871130903 127.1899071697037739   0.0294726099418505
 143.9253218117103969 114.7838551005107597 124.0605206919301965   0.0294726099418505
 147.4061973503933406 113.8465509380858144 125.8463118884857666   0.0117726099418505
 148.9690008631462125 114.2830776750216268 123.7411569752974837  -0.1256273900581494
 148.2792508242649384 115.3980160940351718 122.1764637364107085   0.1329726099418505
 141.8957559438789494 118.6181094262369861 126.6910194703485713   0.5972726104906286
 141.2381312492743556 119.9276896370444097 124.8806618340520150  -0.5679273917044839
 140.3027168129833541 118.0908758348729504 128.5883045088055175  -0.4157273900581494
 140.9508928769183234 117.0042833078682251 130.0263860967195820   0.2718726099418505
 137.5796214540028254 118.6918087454599044 128.5164949157164893  -0.0024273900581495
 136.7802672993541324 117.7677326659724175 126.8573153701336300   0.0977726099418505
 136.2662617909275415 117.5995470400534285 130.8654245001806228  -0.0343273900581495
 137.1903378704150418 118.3289813277470236 132.5586191161740660   0.0294726099418505
 134.3141746945868859 118.2628409130597863 130.9051087489929706   0.0294726099418505
 136.2039008285081378 114.7328324948948838 130.9542416284749159   0.0117726099418505
 134.6354281373535019 113.3835680352751126 129.2837237260885287  -0.1256273900581494
 133.4940335524650673 114.3926817907890590 127.9420181710044248   0.1329726099418505
 134.5560596397288063 110.7285028171157516 129.3385257839722380  -0.1704273900581494
 133.3919883412333159 109.7099404309321940 128.0062688595577587   0.1429726099418505
 135.9903617753750373 109.4056945233708832 131.1337656111974328  -0.1072273900581494
 135.9298905390895638 107.3647902987359210 131.2225827394917260   0.1296726099418505
 137.4926940518424357 110.7511795307228074 132.8534163930657656  -0.1704273900581494
 138.4923591766867978 109.7382863229410139 134.3009466116494545   0.1429726099418505
 137.6476515948239931 113.3986858443464877 132.7381430988965826  -0.1256273900581494
 138.8230612501230116 114.4002406953247399 134.0647308449092980   0.1329726099418505
 136.9730193650141075 121.5263979463417822 128.2254770910926233   0.5972726104906286
 134.8244007507456432 122.2066993545534317 127.6528900725144891  -0.5679273917044839
 138.8457379637300675 123.1931363964603358 128.5316127247878776  -0.4157273900581494
 140.5710579240001643 122.4882685485077000 128.9397935697148567   0.2718726099418505
 138.6019632924542168 125.9351290167800598 128.2160284604230257  -0.0581273900581495
 136.7481419550774789 126.4944879524207626 128.8585353459562310   0.1359726099418505
 138.7380235740965520 126.8195208474552123 125.4438002219605515   0.5972726104906286
 139.9871325486185022 125.4097851515499677 123.7543850582349419  -0.4157273900581494
 140.8110531430081544 123.7732823195741643 124.3345309813487704   0.2718726099418505
 140.0778394030467257 126.0428434064135753 121.0369588776561774  -0.0581273900581495
 140.6012935421429143 128.0194969424952169 120.8045225631838679   0.1359726099418505
 142.0903977356728546 124.4271275619108974 119.7084814055095451  -0.0074273900581495
 141.5556052397731380 122.4410253951596849 119.8615492223571589   0.0366726099418505
 142.1074052708781464 124.9146769044625989 117.7072614296869306   0.0366726099418505
 144.7568013106357436 124.6992481251955679 120.6892492690146718   0.1867726099418505
 146.6692041581640513 122.9380233683809572 120.2659506150163176  -0.5432273900581495
 137.5115913131816579 125.6951337977720697 119.7198197623130730   0.5972726104906286
 136.8879816889876480 127.0973105891416469 117.9699333623019901  -0.5679273917044839
 135.9809131447054395 123.8809967092076796 120.5834246055150866  -0.4157273900581494
 136.6083022211673100 122.7849555515333299 122.0158370150273870   0.2718726099418505
 133.5299383490095815 123.2838432508885593 119.4420300206266520  -0.0252273900581495
 133.8058383645620858 122.6848000664355086 117.4880531981520660   0.0697726099418505
 132.6474362444683591 121.7342678210731188 120.4757102158815711   0.0697726099418505
 131.7365882479183170 125.5496248854601367 119.4590375558319438   0.5972726104906286
 131.2093546565542946 126.6759016612772096 117.4975018288216772  -0.5679273917044839
 130.8710936785823867 126.3376406833053018 121.6889143938590070  -0.4157273900581494
 131.4304526142230627 125.4419104958266212 123.2781740724867953   0.2718726099418505
 129.0323901502770105 128.4012216215473064 121.9062328992599682  -0.0275273900581495
 127.4223434841760966 127.9533565278079526 120.7024773519521166   0.1122726099418506
 128.0535120129058007 128.5353921770557114 124.6142104491691083  -0.0050273900581495
 126.7930646815803227 130.1567771999601533 124.7767268966863333   0.0338726099418505
 126.9102277018834360 126.8554256439997265 124.9600303316767107   0.0338726099418505
 130.0018196569785957 128.7016880768407699 126.6588941260719178  -0.1415273900581494
 130.8881012137876785 126.7136961839556271 127.9760332414150086  -0.1638273900581494
 130.3608676224236294 124.7899549796237916 127.7020229519964346   0.2061726099418505
 132.4868095230850378 127.4847044465955003 129.8506415662648988  -0.3418273900581494
 133.2880534038676611 126.2696105424841340 131.0940813623850850   0.3411726099418505
 130.0320552751213460 130.9731388898141381 121.0180616163169821   0.5972726104906286
 128.5410613554574754 132.5075965105581901 120.1109930720347736  -0.5679273917044839
 132.5113759628260239 131.4550190539640488 121.1522321718253870  -0.4157273900581494
 133.6659986306519167 130.1378799386209311 121.9119020776617321   0.2718726099418505
 134.0363849529004781 131.8235156500786801 115.8175352957656788  -0.4157273900581494
 134.8829822608971863 130.3570881701557956 116.7246038400478872   0.2718726099418505
 133.6867856181250424 131.6836759161685110 113.0490865095710518  -0.0389273900581495
 134.5050370341129575 133.3749808060280239 112.2119378322439413   0.1006726099418505
 135.0492781606822718 129.4027764725255721 111.8850152110755612   0.3653726099418505
 134.6505459464248905 129.3857689373202801 109.8630082477798213   0.0042726099418505
 137.9141029797068728 129.5218292189626155 112.2176070106457053  -0.2438273900581494
 138.7644797399714416 127.8154065200317141 111.4314809389344569   0.0641726099418505
 138.6510961719361622 131.1583320509384189 111.2103829812656756   0.0641726099418505
 138.4224393097316999 129.6748970358102157 114.2055989035308615   0.0641726099418505
 134.1913424958820089 127.1067592198112447 112.8960186927234245  -0.6761273884118151
 134.7185760872460582 126.9952653779098955 114.6459050927345075   0.4101726099418505
 130.8937703921894425 131.6609992025614551 112.2742987946633315   0.5972726104906286
 130.1964614487725011 132.9705794133688787 110.4790589674381503  -0.5679273917044839
 129.2572675602136391 130.3665368008253934 113.7029317519077983  -0.4157273900581494
 129.9678045865680119 129.1967963239281388 115.0484167592597359   0.2718726099418505
 126.5114954876260545 130.4062210496377412 113.2853022763112082  -0.0237273900581495
 126.1203221779043406 129.7750525209080638 111.3634507981132894   0.0879726099418505
 125.1357748621313669 128.5561791645288371 115.0484167592597359   0.0341726099418505
 125.6894646193703058 128.9265654867773985 116.9967244033325443   0.0240726099418505
 123.1043192681660426 128.8831017856972171 114.9029078469478029   0.0240726099418505
 125.6497803705579579 125.7726125692628350 114.4172482305300317   0.0017726099418505
 127.6358825373091973 125.3738803550054537 114.7687372914393845   0.0439726099418505
 124.5480700344818711 124.6198796275708725 115.7173798106678575   0.0439726099418505
 124.9505817010070861 124.7408221001418460 111.2122727073995925  -0.2737273900581494
 121.6057664439664778 125.4097851515499677 110.9363726918470882  -0.0536273900581495
 120.9235753096209114 124.7068070297312621 109.1222356032826847   0.0683726099418505
 120.5834246055150866 124.4687015368571755 112.4519330512519314   0.0683726099418505
 121.2864027273337921 127.4412407455152921 111.0327487246770756   0.0683726099418505
 125.3871084379429119 133.0593965416631986 113.5498639350601846   0.5972726104906286
 123.8866658876094436 133.8511917917761975 111.9568248041645625  -0.5679273917044839
 126.1751242357880769 134.4955884034433329 115.4792743177937843  -0.4157273900581494
 127.3751003308280547 133.7321390453391541 116.7699572672619990   0.2718726099418505
 125.4060056992821072 137.1298666341295684 115.8043072128282340  -0.0518273900581495
 123.3462042133079631 137.1865584181472080 115.8477709139084288   0.0921726099418505
 129.7051326539529660 137.0996310159868183 113.4383700931588355   0.2718726099418505
 132.5057067844242599 137.0618364933084007 109.5908876844951640  -0.0297273900581495
 127.8078476154960198 139.2444701779874489 108.0280841717422787   0.5972726104906286
 127.1955763481055378 136.8539666185770641 107.4762841406372836  -0.4157273900581494
 127.9080031005938677 135.4536795533414170 108.5836636551151345   0.2718726099418505
 125.5118303627817192 136.1453193183565946 105.3635703229133200  -0.0875273900581495
 126.2733899947519679 136.9276659377999958 103.6174633751700842   0.0968726099418505
 125.3776598072732873 133.2464794289213829 105.0687730460216070   0.2984726099418505
 125.0072734850247257 132.3979923947907444 106.9093663004609001  -0.0297273900581495
 123.2951816076920872 132.3809848595854526 103.2432976006536756  -0.3192273900581494
 123.3991165450577422 130.3381909088165735 102.9844051203064633   0.0790726099418505
 121.4394705441814192 132.8137321442534178 104.0218647678292297   0.0790726099418505
 123.5087206608251879 133.3182890220104111 101.4197118814196611   0.0790726099418505
 127.9023339221921038 132.2279170427378253 104.0728873734451053  -0.3192273900581494
 127.8191859722995477 130.1718950090315148 103.9746216144812010   0.0790726099418505
 128.2878380535120271 132.9894766747081008 102.1963893224612983   0.0790726099418505
 129.4311223645343918 132.7457020034322501 105.3503422399758752   0.0790726099418505
 122.8775521320954837 137.2923830816467932 105.6923826702156169   0.5972726104906286
 121.9440274219383857 138.5736174004453969 103.9935188758204097  -0.5679273917044839
 121.7115911074660630 136.9824679956837051 107.9052519730374017  -0.4157273900581494
 122.5695267722663259 135.9166624561521324 109.2564061587911032   0.2718726099418505
 119.2417190504309960 138.0936269624293896 108.4816184438833830  -0.0024273900581495
 117.8452114374631828 137.3207289736556131 107.1833765898794874   0.0977726099418505
 118.5103950366034708 137.3509645917983632 111.1895959937925365  -0.0343273900581495
 117.8622189726684746 135.4007672215916110 111.2198316119352733   0.0294726099418505
 120.1941410219273028 137.4397817200926565 112.3744542797611662   0.0294726099418505
 116.5186236914504674 139.0479386600596402 112.3536672922880271   0.0117726099418505
 114.0544208128171511 139.1405352406217672 111.3558918935776086  -0.1256273900581494
 113.5347461259888095 137.9311105149121648 109.8025370114943344   0.1329726099418505
 115.6228935039718004 139.3011619620050885 100.4672899099233543   0.0559726099418505
 115.3318756793479210 139.1858886678358789 102.5063044084243864  -0.0173273900581495
 113.7860797018003411 139.0649461952649320  99.5602213656411595  -0.0173273900581495
 117.3217572983670075 137.0920721114511509  99.6377001371319247   0.0135726099418505
 118.6918087454599044 136.6971193494616032 101.1192454261261841  -0.0425273900581495
 116.1406784646662251 135.4121055783951391  99.4487275237397969  -0.0425273900581495
 118.6899190193259875 137.5645036449314639  97.1300335574184269   0.8053726088442941
 117.3312059290366051 137.9141029797068728  95.2081820792205081  -0.8188273878630369
 121.0388486037901075 137.5645036449314639  97.0865698563382321  -0.8188273878630369
 103.3094380153409130 128.6317682098856989  96.1341478848419253  -0.5679273917044839
 103.0562147133954647 132.5397218548348438 101.5009701051782870  -0.5679273917044839
  98.5095336351809349 131.1356553373313631 103.8177743453657401  -0.0252273900581495
 100.0156453639161804 128.8925504163668146 104.8249983747457562   0.5972726104906286
 100.8093303401630960 128.9114476777060368 107.0076320594248044  -0.5679273917044839
 100.4635104576555073 127.0103831869812570 103.2036133518413278  -0.4157273900581494
  99.7756501449081769 127.1634510038288843 101.4291605120892723   0.2718726099418505
 101.9318276637123219 124.7483810046775134 103.8423407851067128  -0.0875273900581495
 101.1154659738583505 123.8791069830737493 105.5223073181627112   0.0968726099418505
 101.9356071159801691 122.7660582901941346 101.7069502537756935   0.2984726099418505
 103.0770017008686037 123.4690364120128401 100.1422570148889047  -0.0297273900581495
 103.0486558088597838 120.2602814366145536 102.6423646900667216  -0.3192273900581494
 103.0940092360738956 118.8902299895216434 101.1079070693226562   0.0790726099418505
 104.9894045483969114 120.5248430953635300 103.2810921233321067   0.0790726099418505
 101.9318276637123219 119.5043909830460421 104.1976092982839127   0.0790726099418505
  99.2956597068921831 122.1896918193481399 100.6770495107886214  -0.3192273900581494
  99.4846323202843109 120.8423170858622988  99.1350329855088751   0.0790726099418505
  98.1126911470574703 121.3789993078959189 102.1510358952471865   0.0790726099418505
  98.4131576023509609 123.8904453398772774  99.9343871401575681   0.0790726099418505
 104.6681511056302953 125.4249029606213294 104.4753990399703339   0.5972726104906286
 105.5903374589838655 124.5764159264906909 106.4218169579092254  -0.5679273917044839
 105.8889141881434256 127.0576263403292991 102.9730667635029354  -0.4157273900581494
 105.0026326313343562 127.7190304872017265 101.4216016075535914   0.2718726099418505
 108.5477588585706338 127.7511558314783800 103.3661297993585528  -0.0518273900581495
 109.7042712525304301 126.0371742280118114 103.3207763721444411   0.0921726099418505
 109.4340404153796897 129.5596237416410330 101.2647543384381305  -0.1102273900581495
 108.1301293829740303 131.1545525986705584 101.1891652930812686   0.0456726099418505
 111.2878617527564409 130.2966169338703222 101.7825392991325418   0.0456726099418505
 109.6362411117092758 128.3823243602080842  98.6134685725466032   0.3530726099418505
 107.8674574503589842 127.4563585545866804  98.1183603254592343  -0.0361273900581495
 110.1426877156001592 130.4988176301998950  96.7010657250182954  -0.4121273900581494
 110.3524473164654261 129.7013532016851322  94.8207882217666546   0.0999726099418505
 108.5609869415080786 131.8140670194090823  96.7067349034200595   0.0999726099418505
 111.8755665804059502 131.4928135766424663  97.2056226027752755   0.0999726099418505
 111.7886391782455737 126.4680317865458730  98.4188267807527248  -0.4121273900581494
 111.9265891860218259 125.7291488681826536  96.5045342070904867   0.0999726099418505
 113.5687611963993934 127.3505338910870952  98.9517295505185111   0.0999726099418505
 111.4447090218719017 124.8768823817841544  99.6868330166138835   0.0999726099418505
 108.9805061432385989 128.9397935697148567 105.9645032335002741   0.5972726104906286
 110.5829939048038186 128.1026448923877463 107.4006950952804352  -0.5679273917044839
 107.4932916758425756 130.8521964172431646 106.6599224507832988  -0.4157273900581494
 106.1383580378210268 131.4417909710265906 105.4542771773415435   0.2718726099418505
 107.7578533345915518 132.0427238816135445 109.1581403998271989  -0.0597273900581495
 109.7552938581463058 132.4698019878797458 109.4340404153796897   0.0868726099418505
 106.2838669501329733 134.5598390919966670 109.2885315030677567   0.1302726099418505
 106.5352005259444914 135.3119500932973178 111.1933754460603837   0.0186726099418505
 107.4554971531641445 136.4741316656588781 107.4328204395570887  -0.3204273900581494
 109.4964013777990933 136.5497207110157399 107.7087204551095930   0.0881726099418505
 107.0643238434424440 135.9166624561521324 105.4882922477521273   0.0881726099418505
 103.4190421311083454 134.2196883878908286 108.8236588741231380  -0.0430273900581495
 103.1072373190113403 133.5979684898307490 106.8847998607199272   0.0235726099418505
 102.6990564740843479 132.7645992647714722 110.0859959315825330   0.0235726099418505
 107.0605443911746104 130.2437046021205162 111.3313254538366359   0.5972726104906286
 108.1357985613757942 130.4836998211285333 113.3741194046055014  -0.5679273917044839
 105.3465627877080282 128.4276777874221959 110.9250343350435603  -0.4157273900581494
 104.6076798693448219 128.2292565433604569 109.1732582088985606   0.2718726099418505
 104.7569682339246021 126.4888187740189987 112.8034221121612841   0.0336726099418505
 104.3525668412654433 127.4110051273725687 114.6024413916543259   0.0822726099418505
 102.3834722097195092 125.0582960906406016 111.9813912439055488  -0.1825273900581494
 101.7825392991325418 123.8243049251900400 113.5158488646496008   0.0602726099418505
 100.8905885639217219 126.3943324673229414 111.5354158763001254   0.0602726099418505
 102.7746455194412098 123.9112323273504030 110.3165425199209253   0.0602726099418505
 107.0095217855587345 124.7030275774634017 113.2418385752310134   0.5972726104906286
 107.8655677242250539 124.4649220845893417 115.3828982849637967  -0.5679273917044839
 108.0469814330815009 123.6202145027265370 111.2103829812656756  -0.5163273900581494
 107.2438478261649609 123.9849316465733345 109.5039602823347876   0.2935726099418505
 110.4242569095544274 122.1726842841428479 111.1404631143105911   0.0396726099418505
 110.2201664870909379 120.3736650046498197 112.1174515255478706   0.1104726099418506
 111.0195206417396308 121.6133253485021721 108.3493376145088948   0.0559726099418505
 109.5115191868704684 120.4454745977388344 107.5632115427976600  -0.0173273900581495
 111.0062925588021726 123.4047857234595062 107.3402238589949483  -0.0173273900581495
 113.5630920179976294 120.3207526729000271 107.8239937492787892   0.0135726099418505
 114.9728277139028875 120.9481417493618840 109.1921554702377693  -0.0425273900581495
 113.3438837864627648 118.2798484482650783 108.0413122546797369  -0.0425273900581495
 114.5136242633600193 120.9519212016297178 105.1557004481819834   0.8053726088442941
 112.9508207506071474 120.9632595584332457 103.3736887038942471  -0.8188273878630369
 116.8209798728778747 121.3978965692351412 104.9194846814418269  -0.8188273878630369
 112.5577577147515300 123.6032069675212452 112.4897275739303623   0.5365726099418505
 113.7388365484523125 122.6299980085517993 114.2433934262092790  -0.5819273917044839
 112.9640488335445922 126.0012694314673240 111.8094261657187128  -0.4157273900581494
 111.9927296007090767 126.6966886487503353 110.3070938892513143   0.2718726099418505
 115.0370784024562080 127.4922633511311678 112.8601138961789239  -0.0014273900581495
 116.7794058979315965 126.4774804172154706 112.5029556568678071   0.0875726099418505
 115.2014845761073631 130.0868573330050553 111.5713206728446260  -0.0152273900581495
 113.4515981760962803 131.1054197191886129 111.9643837087002568   0.0294726099418505
 116.7321627445835681 131.1337656111974328 112.4727200387250705   0.0294726099418505
 115.6682469311859121 130.1718950090315148 108.7329520196949146  -0.0011273900581495
 116.4071298495491182 127.9892613243524668 107.3723492032716153  -0.1906273900581494
 116.6263380810839829 126.2129187584664944 108.2945355566251854   0.1698726099418505
 116.7737367195298326 128.0497325606379403 104.7494093293889078  -0.2341273900581494
 117.2234915394030898 126.3489790401088296 103.7743106442855451   0.1655726099418506
 116.4770497165042029 130.5385018790122428 103.3566811686889550   0.3225726099418506
 116.9154661795739320 130.7482614798774828 100.8357865060379990  -0.5579273917044839
 117.0685339964215590 132.4868095230850378 100.3463474373523942   0.3991726099418505
 115.6739161095876761 132.8175115965212782 104.8986976939686879  -0.2341273900581494
 115.3942366417673248 134.6051925192107787 104.0199750416953128   0.1655726099418506
 115.2789633475981284 132.5094862366920936 107.5065197587800204  -0.1906273900581494
 114.6610229018058824 134.0817383801145901 108.5950020119186624   0.1698726099418505
 114.8405468845283993 127.8210756984334781 115.7287181674713856   0.5972726104906286
 116.7246038400478872 127.5262784215417516 117.0666442702876289  -0.5679273917044839
 112.5898830590281836 128.4522442271631822 116.6905887696373034  -0.4157273900581494
 111.0932199609625491 128.6034223178768790 115.5000613052669098   0.2718726099418505
 112.1873713925029550 128.8453072630187996 119.3985663195464569  -0.0518273900581495
 113.8616687471571895 129.7693833425062999 120.1676848560524132   0.0921726099418505
 109.8743466045833492 130.5706272232888963 119.7840704508663936  -0.1102273900581495
 108.4249266598657433 130.0944162375407495 118.3970114685681914   0.0456726099418505
 109.0844410806042672 130.1813436397011126 121.6492301450466592   0.0456726099418505
 110.4620514322328583 133.4260034116438996 119.6763560612328781   0.3530726099418505
 111.6544686227371688 133.9022143973920732 121.2882924534677222  -0.0361273900581495
 111.7999775350491016 134.3481897649974698 117.2801833234207294  -0.4121273900581494
 112.0569802892623972 136.3909837157663489 117.3519929165097442   0.0999726099418505
 113.6575783246937000 133.4751362911258720 117.1327846849748797   0.0999726099418505
 110.6888185683034038 133.8625301485797254 115.6191140517039532   0.0999726099418505
 107.9902896490638612 134.9094384267721027 119.9182410063747986  -0.4121273900581494
 106.7733060188185781 134.4918089511754993 118.3081943402738980   0.0999726099418505
 107.0303087730318602 134.3689767524706222 121.6567890495823535   0.0999726099418505
 111.9681631609680906 126.3546482185105936 120.8838910608085635   0.5972726104906286
 112.4972864784660432 126.3811043843854832 123.1477829692462241  -0.5679273917044839
 111.3540021674436917 124.2211474133134910 119.6687971566971973  -0.4157273900581494
 110.8324377544814199 124.3250823506791729 117.8225347238561268   0.2718726099418505
 111.6450199920675576 121.6870246677251037 120.7894047541124928  -0.0875273900581495
 110.7587384352584882 121.6756863109215756 122.6488952698910215   0.0968726099418505
 110.2428432006979939 119.5743108500011402 119.3588820707341091   0.2984726099418505
 110.7474000784549604 119.6064361942777937 117.3614415471793419  -0.0297273900581495
 110.8966884430347404 116.9740476897254885 120.4813793942833350  -0.3192273900581494
 109.7401760490749441 115.5170688404722018 119.6121053726795576   0.0790726099418505
 112.8695625268485349 116.5186236914504674 120.1147725243026072   0.0790726099418505
 110.5603171911967627 116.9664887851898077 122.5147247143825896   0.0790726099418505
 107.3629005726020043 119.8577697700893251 119.6404512646883774  -0.3192273900581494
 106.3972505181682393 118.3932320163003577 118.5633073683532634   0.0790726099418505
 106.8281080767022876 119.6952533225721003 121.6227739791717696   0.0790726099418505
 106.7506293052115223 121.6983630245286316 118.9601498564767278   0.0790726099418505
 114.4418146702710180 121.1068787446112752 121.2240417649143883   0.5972726104906286
 115.2373893726518637 120.7818458495768120 123.3896679143881445  -0.5679273917044839
 115.9762722910150700 121.0993198400755810 119.2190423368239403  -0.4157273900581494
 115.2071537545091271 121.3846684862976830 117.4767148413485381   0.2718726099418505
 118.6653525795850148 120.3850033614533476 119.3721101536715539  -0.0875273900581495
 118.8033025873612669 118.5387409286122905 120.2753992456859153   0.0968726099418505
 119.8577697700893251 120.2281560923378867 116.7151552093782760   0.2984726099418505
 119.6555690737597525 122.0630801683754291 115.8005277605604003  -0.0297273900581495
 122.6772411618998414 119.5384060534566260 116.7775161717976798  -0.3192273900581494
 123.4217932586647980 119.4703759126354583 114.8556646935997744   0.0790726099418505
 123.7562747843688723 120.9424725709601201 117.8263141761239740   0.0790726099418505
 122.9361336422470537 117.6978127990173331 117.6656874547406659   0.0790726099418505
 118.5689765467550274 118.2307155687831193 115.0654242944650279  -0.3192273900581494
 119.4004560456803738 118.2609511869258695 113.1832570650794569   0.0790726099418505
 118.8316484793700868 116.3693353268706873 115.9044626979260686   0.0790726099418505
 116.5545284879949681 118.6124402478352222 114.8896797640103447   0.0790726099418505
 120.1601259515167190 122.2463836033657795 121.0142821640491214   0.5972726104906286
 121.7191500120017573 121.4848239713955309 122.5600781415967013  -0.5679273917044839
 119.6253334556170024 124.7068070297312621 120.8347581813266046  -0.4157273900581494
 118.3403196845505517 125.2756145960415627 119.5251779705191812   0.2718726099418505
 120.7856253018446592 126.5984228897864175 122.4882685485077000  -0.0252273900581495
 122.8227500742117742 126.6116509727238757 122.1840226409463760   0.0697726099418505
 120.0259553960083141 128.4503545010292519 122.0082781104916929   0.0697726099418505
 120.2753992456859153 126.1014249165651453 125.2982913096486185   0.5972726104906286
 122.0252856456969848 126.2280365675378559 126.8270797519909066  -0.5679273917044839
 117.9359182918914063 125.4400207696926910 125.9918208007976994  -0.4157273900581494
 116.5772052016020239 125.2378200733631182 124.6538946979814561   0.2718726099418505
 117.2726244188850486 124.8485364897753347 128.6053120440108093   0.0336726099418505
 117.8376525329275019 126.4283475377335252 129.8015086867829534   0.0822726099418505
 114.4002406953247399 124.5291727731426488 128.8112921926082157  -0.1825273900581494
 113.8881249130320925 124.1228816543496000 130.7652690150827747   0.0602726099418505
 113.4610468067658779 126.2658310902162736 128.2198079126908594   0.0602726099418505
 113.7615132620593682 122.9814870694611386 127.6113160975682112   0.0602726099418505
 118.6634628534510845 122.4958274530433942 129.5747415507123945   0.5972726104906286
 119.6706868828311142 122.5411808802575060 131.6704478332310796  -0.5679273917044839
 118.7919642305577390 120.4757102158815711 128.0610709174414682  -0.4157273900581494
 117.9907203497751292 120.5588581657741003 126.3149639696982458   0.2718726099418505
 120.0013889562673412 118.1003244655425614 128.8547558936883972  -0.0389273900581495
 119.1358943869313974 117.4937223765538301 130.6216498289047720   0.1006726099418505
 119.6423409908222943 115.9517058512740973 126.9272352370887278   0.3653726099418505
 120.3661061001141388 114.2169372603343894 127.7719428189515325   0.0042726099418505
 116.8795613830294312 115.5208482927400488 126.2034701277968967  -0.2438273900581494
 116.2616209372371852 113.7218290132470205 126.9782578427046035   0.0641726099418505
 115.6682469311859121 117.0061730340021555 126.9461324984279500   0.0641726099418505
 116.6452353424231916 115.5132893882043680 124.1568967247601571   0.0641726099418505
 120.9953849027099261 116.3466586132636314 124.6784611377224424  -0.6761273884118151
 120.7723972189072010 114.9047975730817198 123.6088761459230091   0.4101726099418505
 122.7925144560690242 118.5160642150052348 129.3857689373202801   0.5972726104906286
 123.6882446435477047 117.8565497942667107 131.4228937096873953  -0.5679273917044839
 124.1417789156887954 119.7632834633932546 127.6661181554519473  -0.4157273900581494
 123.3046302383616849 120.1431184163114271 125.9767029917263379   0.2718726099418505
 126.8365283826605043 120.2281560923378867 127.9609154323436469  -0.0014273900581495
 127.7133613087999625 118.4574827048536782 128.5523997122610033   0.0875726099418505
 127.8702085779154234 121.0142821640491214 125.3625419982019256  -0.0152273900581495
 126.5209441182956522 122.2161479852230563 124.3666563256254240   0.0294726099418505
 129.6125360733908122 122.0479623593040405 125.5401762547905389   0.0294726099418505
 128.5731866997341289 118.7617286124149888 123.7997384854490539  -0.0011273900581495
 131.0241614954299869 117.7828504750437926 124.1493378202244896  -0.1906273900581494
 132.3129547187642849 118.7163751852008905 125.3889981640768152   0.1698726099418505
 131.7554855092575124 115.5284071972757297 122.9947151523985968  -0.2341273900581494
 133.5696225978219293 114.7592886607697868 123.3329761303705049   0.1655726099418506
 129.8544210185327326 114.1470173933793050 121.3771095817620156   0.3225726099418506
 130.3381909088165735 111.8169850702543936 120.4757102158815711  -0.5579273917044839
 128.7319236949835201 110.9155857043739625 120.3377602081053189   0.3991726099418505
 127.2900626548015951 115.3451037622853658 120.9708184629689400  -0.2341273900581494
 125.9030036725034063 114.4437043964049347 119.8237546996787414   0.1655726099418506
 126.7628290634375727 117.6165545752587206 122.2218171636248203  -0.1906273900581494
 124.9335741658017942 118.4291368128448583 122.0460726331701372   0.1698726099418505
 127.4242332103100269 122.1103233217234443 130.0868573330050553   0.5972726104906286
 129.3234079749008765 121.7626137130819387 131.3850991870089508  -0.5679273917044839
 125.8368632578161689 124.0302850737874462 130.5630683187532021  -0.4157273900581494
 124.3194131722774087 124.3005159109381866 129.4197840077308639   0.2718726099418505
 126.1467783437792570 125.6460009182901241 132.8212910487891120  -0.0875273900581495
 128.0799681787806903 126.3565379446444971 132.8534163930657656   0.0968726099418505
 124.3647665994915205 127.9533565278079526 132.7948348829142224   0.2984726099418505
 122.4466945735614489 127.3316366297478731 132.3620875982462573  -0.0297273900581495
 124.3137439938756448 129.3914381157220440 135.3157295455651515  -0.3192273900581494
 123.5125001130930215 128.2103592820212616 136.8010542868272581   0.0790726099418505
 125.2132536336221590 129.8733182798719548 130.8030635377612190  -0.3192273900581494
 123.8923350660112075 131.4512396016962150 130.7350333969400515   0.0790726099418505
 127.1010900414094805 130.5725169494228265 131.2414800008309481   0.0790726099418505
 125.2397097994970486 128.9813675446611348 128.9586908310540789   0.0790726099418505
 125.8122968180751828 124.0926460362068500 135.2344713218065526   0.5972726104906286
 127.3410852604174708 124.3496487904201321 136.9616810082105796  -0.5679273917044839
 123.9301295886896252 122.4107897770169347 135.3402959853061378  -0.4157273900581494
 122.7282637675156903 122.2652808647050017 133.8511917917761975   0.2718726099418505
 123.5465151835036054 120.7232643394252554 137.5134810393155882  -0.0597273900581495
 123.4728158642806737 121.8722178288493843 139.2255729166482267   0.0868726099418505
 120.9953849027099261 119.3097491912521638 137.2942728077807235   0.1302726099418505
 120.8744424301389524 118.4631518832554422 135.4196644829308334   0.0186726099418505
 120.7591691359697562 117.1781381121889915 139.2614777131927407  -0.3204273900581494
 118.9242450599322272 116.2616209372371852 139.1310866099521694   0.0881726099418505
 122.2010301761516678 115.7400565242749135 138.9534523533635829   0.0881726099418505
 121.0048335333795239 117.9396977441592535 141.1644319300514240   0.0881726099418505
 118.7825155998881279 121.1938061467716383 137.6249748812169373  -0.0430273900581495
 118.6218888785048199 121.7229294642695909 139.6110770479681766   0.0235726099418505
 119.1661300050741477 122.9153466547739012 136.5629487939531981   0.0235726099418505
 116.2294955929605183 120.1695745821863302 136.7046782539972707  -0.0660273900581495
 115.6115551471682723 118.5935429864960000 137.8763084570284553   0.0185726099418505
 114.8178701709213433 121.6643479541180478 136.8180618220325499   0.0185726099418505
 116.3863428620759792 119.5478546841262371 134.7450322531209476   0.0185726099418505
 125.8141865442091131 118.9488114996731999 137.8555214695553297   0.5972726104906286
 126.7307037191609191 118.6955881977277514 139.9568969304757519  -0.5679273917044839
 126.8837715360085464 117.8376525329275019 135.8524117675987985  -0.4157273900581494
 126.0692995722884649 118.0493018599266857 134.1289815334626051   0.2718726099418505
 129.1608915273836517 116.2616209372371852 136.1358706876869971  -0.0518273900581495
 128.8490867152866332 114.9784968923046514 137.7213509140469248   0.0921726099418505
 129.6144257995247423 114.6383461881988267 133.7718232941515019  -0.1102273900581495
 130.0641806193979995 115.8704476275154848 132.1825636155237136   0.0456726099418505
 131.2622669883040738 113.4553776283641139 134.1403198902661332   0.0456726099418505
 127.3902181398994430 112.9186954063304805 133.0140431144490869   0.3530726099418505
 125.9464673735835877 114.0355235514779424 132.0975259394972809  -0.0361273900581495
 128.2746099705745689 110.9496007747845464 131.1073094453225432  -0.4121273900581494
 126.6570043999379875 109.8573390693780572 130.4855895472624368   0.0999726099418505
 129.0871922081607200 111.9095816508165340 129.4745860656145734   0.0999726099418505
 129.6919045710155078 109.7193890616018050 131.9595759317210153   0.0999726099418505
 126.1448886176453267 111.4957316274877776 135.2004562513959687  -0.4121273900581494
 124.6368871627761643 110.3203219721887591 134.4521247023631515   0.0999726099418505
 127.5432859567470434 110.3392192335279813 136.1793343887671785   0.0999726099418505
 125.3077399403182163 112.8260988257683401 136.5308234496765177   0.0999726099418505
 131.5287183731869805 117.7866299273116262 136.8690844276484258   0.5972726104906286
 133.2011260017072712 116.7775161717976798 138.1295317589739038  -0.5679273917044839
 131.6439916673561632 120.2187074616682755 136.1963419239724703  -0.4157273900581494
 130.2550429589240442 120.9008985960138554 135.0681754220214671   0.2718726099418505
 133.5998582159646525 121.9723733139472056 137.0731748501119288  -0.0252273900581495
 135.4499001010735834 121.1276657320844009 136.7670392164166742   0.0697726099418505
 133.4732465649919417 123.6976932742173023 135.9582364310983837   0.0697726099418505
 124.8164111454986811 115.3488832145532128 144.1086252467007474  -0.5679273917044839
 120.8045225631838679 110.2636301881711193 144.3240540259677784   0.0341726099418505
 122.5657473199984654 110.6377959626875279 143.3168299965877487   0.0240726099418505
 120.1563464992488854 108.3928013155890898 143.7628053641931453   0.0240726099418505
 118.8259793009683229 112.2157172845117750 143.5058026099798631   0.0017726099418505
 119.5157293398495700 114.0959947877634291 143.9990211309333018   0.0439726099418505
 118.6559039489154036 112.1420179652888567 141.4554497546753168   0.0439726099418505
 115.6928133709268848 111.8264337009240046 144.8607362480013985  -0.2737273900581494
 114.7385016732966477 108.8179896957213741 143.5398176803904470  -0.0536273900581495
 112.8185399212326592 108.3871321371873256 144.1501992216470255   0.0683726099418505
 114.7895242789125236 108.9294835376227232 141.4856853728180400   0.0683726099418505
 115.9970592784882090 107.3213265976557396 144.1785451136558455   0.0683726099418505
 117.3973463437238559  96.5744540740455713 141.4970237296215679   0.1429726099418505
 138.5018078073563955  83.0062204324909834 130.6518854470475221   0.0284726099418505
 136.5837357814263238  84.9053951970818462 132.5831855559150252   0.0284726099418505
 139.5279290980756204  87.2618836860816471 129.6125360733908122   0.0686726099418505
 141.5121415386929564  84.2458807763433358 127.5678523964880295   0.4477726099418505
 134.7941651326028931  90.0643475426868580 134.0042596086238246  -0.5894273889605932
 131.7895005796680962  90.9789749915047473 136.9106584025947037  -0.4157273900581494
 129.9583559558984143  92.1732819081429879 135.2099048820655665  -0.0875273900581495
 130.6915696958598699  92.1430462900002377 133.2842739515998272   0.0968726099418505
 127.4128948535064990  90.7635462122377297 135.1777795377889129   0.2984726099418505
 126.3130742435643155  91.4892010476634912 133.5922993114289851  -0.0297273900581495
 127.8040681632281860  87.9327364636236857 134.7809370496654349  -0.3192273900581494
 126.0069386098690880  87.0804699772252136 134.2612623628371067   0.0790726099418505
 129.1684504319193189  87.6511672696694309 133.2842739515998272   0.0790726099418505
 128.5089360111808219  87.0294473716093377 136.4930289269981003   0.0790726099418505
 125.8368632578161689  91.0583434891294427 137.5701728233332278  -0.3192273900581494
 124.0397337044570440  90.0756858994903859 137.3509645917983632   0.0790726099418505
 125.4513591264962189  93.0501148342824462 137.9424488717156927   0.0790726099418505
 129.7164710107564939  94.9492895988732956 135.9771336924376059   0.5972726104906286
 128.3407503852618331  96.4516218753406941 134.5031473079790271  -0.4157273900581494
 127.3486441649531651  95.6938416956382793 133.0669554461988661   0.2718726099418505
 127.9117825528617015  99.1142459980357361 135.1040802185659813  -0.0014273900581495
 128.5316127247878776  99.4449480714719631 137.0334906012995810   0.0875726099418505
 129.4821449701502677 100.8357865060379990 133.3334068310817728  -0.0152273900581495
 129.1760093364550132 100.2499714045224068 131.3813197347411172   0.0294726099418505
 128.8528661675544937 102.7878736023786546 133.5015924570007616   0.0294726099418505
 132.2846088267554650 100.8149995185648599 133.9400089200704907  -0.0011273900581495
 133.0650657200649628 101.0417666546354188 136.4779111179267386  -0.1906273900581494
 131.7252498911147892 101.4045940723482996 137.9707947637245126   0.1698726099418505
 135.5935192872515861 100.6373652619762736 137.1374255386652358  -0.2341273900581494
 137.4000974712803087 100.1649337284959606 135.2533685831457479   0.3225726099418506
 136.6706631835866868 100.1498159194245855 132.6927896716824709  -0.2341273900581494
 138.0898475101615560  99.7378556222297594 131.2962820587146576   0.1655726099418506
 134.1081945459894795 100.4521721008519794 132.0294957986761132  -0.1906273900581494
 133.5393869796791790 100.2839864749329904 130.0792984284693610   0.1698726099418505
 125.1225467791939355  99.7926576801134687 135.2514788570118444   0.5972726104906286
 123.4652569597449794  98.2298541673605968 134.7903856803350595  -0.5679273917044839
 124.7011378513294982 102.1548153475150336 136.0149282151160234  -0.4157273900581494
 126.2299262936717862 103.2017236257074111 136.4457857736500582   0.2718726099418505
 122.2633911385710716 103.2603051358589676 136.5950741382298518   0.0336726099418505
 121.2391595739857500 101.9715119125246697 137.8385139343500378   0.0822726099418505
 122.8416473355509697 105.6904929440817000 138.0898475101615560  -0.1825273900581494
 121.1012095662095113 106.5484286088819497 138.7852667274445673   0.0602726099418505
 124.0000494556446962 105.2312894935388318 139.7357989728069571   0.0602726099418505
 123.8602097217345271 107.0284190468979435 136.9144378548625375   0.0602726099418505
 120.6174396759256704 103.6533681717145850 134.2140192094890647   0.5972726104906286
 120.6779109122111437 102.1737126088542423 132.4244485606656340  -0.5679273917044839
 119.1472327437349255 105.7056107531530617 134.1837835913463414  -0.4157273900581494
 119.3210875480556916 106.8545642425771906 135.6936747723494073   0.2718726099418505
 117.0458572828145033 106.3273306512131547 132.4490150004066201  -0.0875273900581495
 115.4906126745973122 105.0479860585484679 132.8779828328067517   0.0968726099418505
 116.2011497009516986 109.0806616283364202 133.0045944837794625   0.2984726099418505
 114.3643358987802393 109.3603410961567715 132.1220923792382402  -0.0297273900581495
 115.9535955774080140 109.6513589207806375 135.8486323153309647  -0.3192273900581494
 115.1580208750271683 111.5335261501662085 136.1094145218120805   0.0790726099418505
 114.7025968767521472 108.2756382952859631 136.7292446937382568   0.0790726099418505
 117.7809607489098623 109.6381308378431927 136.7953851084254941   0.0790726099418505
 118.0228456940517827 111.0799918780251043 131.9387889442478897  -0.3192273900581494
 117.3368751074383691 112.9659385596785225 132.4093307515942723   0.0790726099418505
 119.9087923757052010 110.8399966590171142 132.7343636466287222   0.0790726099418505
 118.1286703575513813 110.9382624179810185 129.8903258150772466   0.0790726099418505
 117.5315168992322610 106.0722176231337895 129.5955285381855202   0.5972726104906286
 115.7400565242749135 106.3046539376060989 128.1536674980036220  -0.5679273917044839
 119.8483211394197141 105.5412045795019199 128.7451517779209784  -0.3479273900581494
 121.1446732672896927 105.1349134607088444 130.0849676068711251   0.2746726099418506
 120.5720862487115585 105.0933394857625797 126.0938660120294510  -0.2637273900581494
 120.4662615852119601 106.8545642425771906 125.0393988293014063   0.1559726099418505
 123.2592768111475732 103.9991880542221737 125.8973344941016423  -0.0007273900581495
 123.3802192837185469 102.2493016542110909 126.9858167472402709   0.0326726099418505
 123.5465151835036054 103.5021900810008880 123.9169015057521670   0.0326726099418505
 125.4078954254160373 105.7509641803671734 126.7533804327679749   0.0389726099418505
 125.0450680077031702 107.6803745631007731 126.1203221779043406   0.0284726099418505
 125.5174995411834832 105.7282874667601176 128.8112921926082157   0.0284726099418505
 127.9363489926026608 104.8382264576832144 125.6441111921561938   0.0485726099418505
 129.4726963394806431 105.9115909017504815 126.5058263092242905   0.0686726099418505
 128.1971311990838034 102.8445653863962943 126.0976454642972846   0.0686726099418505
 127.9873715982185365 105.2558559332798047 122.8926699411668454  -0.5295273900581494
 127.5149400647382235 107.0189704162283323 122.2879575783120577   0.3455726099418505
 128.2689407921728047 103.6231325535718483 121.0312896992544133   0.8075726110394068
 128.8793223334293833 101.2628646123042002 121.3846684862976830  -0.8627273895093713
 129.2515983818118752 100.6392549881101903 123.1307754340409322   0.4477726099418505
 128.9549113787862184 100.0950138615408760 119.8880053882320619   0.4477726099418505
 127.9117825528617015 104.3979202684795550 118.7314929942722522  -0.8627273895093713
 127.1464434686235925 106.1232402287496653 118.4159087299074001   0.4477726099418505
 128.2991764103155550 103.2999893846713154 117.2083737303317281   0.4477726099418505
 118.8146409441647948 103.2168414347787726 124.7559399092132077   0.7340726082955160
 117.6751360854102771 103.7818695488212259 122.8246398003456777  -0.5894273889605932
 118.3611066720236906 101.0379872023675716 125.9351290167800598  -0.4157273900581494
 119.2606163117702048 100.7053954027974277 127.5829702055593912   0.2718726099418505
 116.6036613674769269  99.1350329855088751 124.9392433442035582  -0.0014273900581495
 117.0590853657519481  98.8213384472779398 122.9531411774523189   0.0875726099418505
 116.9645990590558907  96.6273664057953773 126.3792146582515529  -0.0152273900581495
 116.9797168681272524  97.0034219064457026 128.4068907999490703   0.0294726099418505
 115.3148681441426292  95.4500670243624285 126.0144975144047554   0.0294726099418505
 119.2965211083147056  95.0759012498460199 125.6932440716381394  -0.0011273900581495
 118.9695984871463390  92.8762600299616933 124.2022501519742688  -0.1906273900581494
 117.1214463281713516  92.3698134260707966 123.5635227187088974   0.1698726099418505
 121.0199513424508854  91.3058976126731273 123.5635227187088974  -0.2341273900581494
 120.7610588621036865  89.6334899841528232 122.4674815610345745   0.1655726099418506
 123.6561192992710510  92.0258832696971246 124.4422453709822859   0.3225726099418506
 125.6875748932363754  90.5878016817830467 123.8035179377168875  -0.5579273917044839
 127.3146290945425812  91.3644791228246838 124.1776837122333095   0.3991726099418505
 123.8980042444129448  94.3993792939022174 126.0466228586814089  -0.2341273900581494
 125.7045824284416673  94.9568485034089899 126.7401523498305167   0.1655726099418506
 121.7021424767964652  95.7958869068700172 126.6229893295274036  -0.1906273900581494
 121.8627691981797599  97.4153822036405289 127.8116270677638803   0.1698726099418505
 113.7955283324699521  99.9646227583003047 124.9959351282211978   0.5972726104906286
 112.2232761890474692  98.7174035099122715 123.8186357467882760  -0.5679273917044839
 113.1379036378653449 102.0244242442744623 126.3168536958321493  -0.4157273900581494
 114.5400804292349223 103.0392071781901862 127.1256564811504668   0.2718726099418505
 110.6283473320179304 103.2262900654483838 126.2544927334127723  -0.0237273900581495
 109.2091630054430611 101.8184440956770560 125.7820611999324594   0.0879726099418505
 109.9215897579313778 104.3072134140513449 128.8623147982240914   0.0341726099418505
 111.2973103834260520 105.7301771928940478 129.4141148293291000   0.0240726099418505
 108.1131218477687383 105.2709737423511796 128.7130264336442980   0.0240726099418505
 109.7458452274767080 102.3494571393089255 130.9939258772872637   0.0017726099418505
 111.4428192957379850 101.1834961146795046 131.0184923170282230   0.0439726099418505
 109.7042712525304301 103.4001448697691365 132.7664889909054025   0.0439726099418505
 106.9755067151481509 100.3161118192096576 131.0222717692960836  -0.2737273900581494
 107.6973820983060651  98.0068664835578851 128.6015325917429488  -0.0536273900581495
 106.7789751972203422  96.2267444654040657 129.0777435774911223   0.0683726099418505
 106.9944039764873596  98.6512630952250341 126.7779468725089344   0.0683726099418505
 109.7307274184053331  97.7234075634697002 128.4957079282433637   0.0683726099418505
 110.4242569095544274 105.2785326468868605 124.2135885087777967   0.5972726104906286
 108.5553177631063146 105.3068785388956804 122.8265295264796080  -0.5679273917044839
 112.3026446866721514 106.9566094538089285 123.9622549329662787  -0.4157273900581494
 113.8295434028805225 106.8281080767022876 125.1149878746582412   0.2718726099418505
 110.5338610253218597 109.8648979739137380 121.9912705752864277   0.0778726099418505
 112.4594919557876257 107.6331314097527444 119.3343156309931364   0.5972726104906286
 110.9155857043739625 108.2926458304912551 117.7261586910261528  -0.5679273917044839
 114.0128468378708864 105.6583675998050330 119.0055032836908396  -0.4157273900581494
 115.3205373225443931 105.2955401820921525 120.3623266478462916   0.2718726099418505
 114.3227619238339746 104.3657949242029015 116.5809846538698711  -0.0275273900581495
 115.1674695056967793 105.6772648611442418 115.2336099203840167   0.1122726099418506
 115.9479263990062501 101.9752913647925169 116.9948346771986276  -0.0050273900581495
 115.3961263679012415 101.0908995341173642 118.7749566953524470   0.0338726099418505
 115.4490386996510475 100.6449241665119542 115.5019510314008401   0.0338726099418505
 118.7768464214863639 102.1019030157652410 116.9003483705025568  -0.1415273900581494
 120.1809129389898580 104.0161955894274657 115.9687133864793891  -0.1638273900581494
 119.4665964603676246 105.8076559643848132 115.3110886918747954   0.2061726099418505
 122.6545644482927854 103.2527462313232868 115.7287181674713856  -0.3418273900581494
 123.9811521943055009 104.3695743764707353 114.8688927765372192   0.3411726099418505
 123.0041637830681946 100.7998817094934984 116.5242928698522313   0.1379726099418505
 125.0828625303815877  99.1463713423124030 116.5053956085130226  -0.2601273900581494
 126.8138516690534483  99.7000610995513283 115.6455702175788562   0.1571726099418505
 124.8466467636414312  96.7256321647592816 117.5693114219106919  -0.1134273900581494
 126.4151194547960670  95.4481772982285116 117.5560833389732337   0.1416726099418505
 122.5430706063914095  95.9754108895925341 118.6596834011832508  -0.1972273900581494
 122.3918925156777125  94.1404868135550051 119.4854937217068334   0.1446726099418505
 120.4341362409353064  97.5967959124969759 118.6294477830405142  -0.2387273900581495
 118.6993676499955986  96.9883040973743277 119.4439197467605687   0.1699726099418505
 120.5853143316490033 100.0798960524695011 117.4691559368128572   0.1242726099418505
 111.7905289043794906 103.5021900810008880 115.4603770564545620   0.5972726104906286
 111.4749446400146520 103.5173078900722632 113.1568008992045673  -0.5679273917044839
 109.9669431851454896 102.7765352455751267 117.0553059134841008  -0.4157273900581494
 110.2957555324477864 102.9749564896368521 118.9261347860661440   0.2718726099418505
 107.4403793440927696 102.0697776714885740 116.2162675100230735   0.0336726099418505
 107.6274622313509805 100.6638214278511632 114.7233838642252862   0.0822726099418505
 106.0249744697857608 100.8395659583058462 118.4272470867109280  -0.1825273900581494
 104.1749325846768567 100.1951693466386972 117.7922991057133902   0.0602726099418505
 107.0907800093173470  99.2219603876692514 119.1302252085296335   0.0602726099418505
 105.7717511678403125 102.1926098701934646 119.9617047074549934   0.0602726099418505
 106.0022977561787050 104.3185517708548730 115.0710934728667918   0.5972726104906286
 105.1859360663247201 104.1598147756054818 112.8960186927234245  -0.5679273917044839
 105.6923826702156169 106.4010299704360863 116.4713805381024387  -0.4157273900581494
 106.6448046417119237 106.5333107998105745 118.1286703575513813   0.2718726099418505
 104.3204414969887897 108.6384657129988438 115.5340763756774936  -0.0875273900581495
 102.5063044084243864 107.9808410183942501 114.8197598970552602   0.0968726099418505
 103.6609270762502658 110.5036254071791230 117.6789155376781241   0.2984726099418505
 102.5308708481653591 109.4793938425938015 119.0659745199763130  -0.0297273900581495
 105.9550546028306764 111.5807693035142372 119.0603053415745491  -0.3192273900581494
 105.3408936093062642 112.9300337631340084 120.4889382988190159   0.0790726099418505
 106.9452710970054141 110.0538705873058658 120.0127273130708693   0.0790726099418505
 107.2173916602900713 112.5256323704748631 117.7412765000975145   0.0790726099418505
 102.0433215056136844 112.7032666270634630 116.7151552093782760  -0.3192273900581494
 101.4121529768839802 113.8541098426215087 118.3063046141399679   0.0790726099418505
 103.1204654019487986 113.8843454607642455 115.4206928076422278   0.0790726099418505
 100.3822522338968948 111.9606042564324097 115.7457257026766774   0.0790726099418505
 105.6848237656799360 109.8365520819049183 113.2739639195076804   0.5972726104906286
 104.4565017786311251 110.3807932084742460 111.3710097026489837  -0.5679273917044839
 108.1962697976612811 109.9650534590115727 113.3249865251235560  -0.4157273900581494
 109.1127869726130871 109.4718349380581206 114.9425920957601507   0.2718726099418505
 109.1014486158095592 112.8563344439110767 110.7984226840708360   0.0863726099418505
 109.4510479505849816 109.4019150711030362 108.8217691479892077   0.5972726104906286
 108.9502705250958623 110.4431541708936496 106.7978724585595509  -0.5679273917044839
 109.5965568628969280 106.8810204084520802 108.9842855955064325  -0.4157273900581494
 110.0311938736988101 106.0816662538034006 110.6755904853659590   0.2718726099418505
 109.1486917691575877 105.2426278503423599 106.8073210892291619   0.0336726099418505
 110.4053596482152187 105.8360018563936330 105.2842018252886244   0.0822726099418505
 109.7949781069586536 102.5176427652279143 107.5518731859941321  -0.1825273900581494
 109.4699452119242037 101.2534159816346026 105.9607237812324403   0.0602726099418505
 111.7791905475759762 102.3910311142551900 108.0998937648312935   0.0602726099418505
 108.6157889993917881 101.9110406762391962 109.1316842339522959   0.0602726099418505
 106.4218169579092254 105.4504977250736965 105.8076559643848132   0.5972726104906286
 106.0211950175179138 105.2823120991547077 103.5173078900722632  -0.5679273917044839
 104.5264216455862096 105.8492299393310778 107.4460485224945335  -0.4157273900581494
 104.9364922166471188 105.9191498062861624 109.3225465734783406   0.2718726099418505
 101.9185995807748771 106.3348895557488489 106.5748847747568392  -0.0389273900581495
 101.4442783211606474 104.8854696110312431 105.1953846969943312   0.1006726099418505
  99.8625775470685533 106.1591450252941659 108.6271273561953159   0.3653726099418505
  98.0597788153076777 106.5181929907391994 107.6917129199043010   0.0042726099418505
  99.6188028757927160 103.5475435082149998 109.8252137251013902  -0.2438273900581494
  98.2789870468425424 103.6250222797057651 111.3880172378542755   0.0641726099418505
  98.9139350278400936 102.2247352144701182 108.4192574814639794   0.0641726099418505
 101.4329399643571193 102.8861393613425590 110.5168534901165678   0.0641726099418505
 100.0609987911302921 107.9883999229299443 110.5451993821253877  -0.6761273884118151
 101.7976571082039169 108.5534280369723977 110.7020466512408620   0.4101726099418505
 101.6672660049633457 108.8614533968015555 105.1991641492621649   0.5972726104906286
 100.3350090805488663 108.9578294296315431 103.2886510278677875  -0.5679273917044839
 102.9881845725743104 110.8362172067492669 106.0741073492677064  -0.4157273900581494
 104.0521003859719663 110.6018911661430274 107.6576978494937173   0.2718726099418505
 103.0996784144756595 113.3136481683200282 104.8533442667545761  -0.0252273900581495
 101.2042831021526437 114.1167817752365547 104.7418504248532270   0.0697726099418505
 104.2996545095156507 114.5703160473776590 105.9588340550985102   0.0697726099418505
 104.1824914892125376 113.1341241855975113 102.1869406917917005   0.5972726104906286
 102.8899188136104060 113.8465509380858144 100.3841419600308251  -0.5679273917044839
 106.4123683272396142 111.9606042564324097 101.9204893069087940  -0.4157273900581494
 107.3666800248698513 111.4692754616128880 103.5116387116704992   0.2718726099418505
 107.6010060654760775 111.4995110797556246  99.4562864282754912  -0.0518273900581495
 108.0035177320013060 113.3079789899182642  98.5473281578593658   0.0921726099418505
 110.1162315497252696 110.0765473009129218  99.8323419289258165  -0.1102273900581495
 109.7118301570661243 108.2869766520894912 100.7734255436185954   0.0456726099418505
 110.8947987169008235 109.6400205639771096  97.9709616870133845   0.0456726099418505
 112.1476871436906072 111.4881727229520968 101.3705790019377157   0.3530726099418505
 111.3823480594525116 112.0947748119408146 103.1752674598325081  -0.0361273900581495
 114.3624461726463224 109.7042712525304301 101.8826947842303765  -0.4121273900581494
 115.8194250218996091 110.7058261035086957 102.9352722408245043   0.0999726099418505
 113.7123803825774095 108.0998937648312935 102.9976332032439081   0.0999726099418505
 115.1277852568844315 109.0353082011223084 100.0912344092730290   0.0999726099418505
 113.1624700776063312 113.8163153199430778 100.0156453639161804  -0.4121273900581494
 114.6383461881988267 114.7252735903592031 101.1286940567957953   0.0999726099418505
 113.8767865562285646 113.2947509069808194  98.1693829310751101   0.0999726099418505
 111.6355713613979599 115.1599106011610850  99.7416350744975930   0.0999726099418505
 105.8756861052059808 110.0311938736988101  97.6648260533181436   0.5972726104906286
 105.3938059410560568 110.8702322771598508  95.5558916878620271  -0.5679273917044839
 104.8627928974241873 107.8636779980911370  98.4925260999756429  -0.4157273900581494
 105.3049888127617635 107.2570759091024191 100.2556405829241707   0.2718726099418505
 103.2792023971981763 106.2914258546686541  96.8427951850623947  -0.0597273900581495
 104.3601257458011375 105.8908039142773425  95.1363724861315067   0.0868726099418505
 102.6196879764596657 103.7535236568124196  98.1372575867984566   0.1302726099418505
 101.9601735557211418 104.1768223108107736 100.0458809820589172   0.0186726099418505
 100.4691796360572712 102.3192215211661887  96.7974417578482830  -0.3204273900581494
 100.2121768818439891 100.4672899099233543  97.6610466010502964   0.0881726099418505
  98.7003959747069796 103.3623503470907190  96.9656273837672717   0.0881726099418505
 100.8981474684574028 102.0905646589617131  94.7943320558917516   0.0881726099418505
 104.9705072870577026 102.0263139704083926  98.3810322580742938  -0.0430273900581495
 106.4974060032660738 103.0921195099399786  99.2540857319459184   0.0235726099418505
 104.5056346581130705 100.4710693621912015  99.6528179462032999   0.0235726099418505
 106.0060772084465386 100.8886988377877916  95.9168293794409775  -0.0660273900581495
 106.5219724430070466 102.3778030313177452  94.5902416334282621   0.0185726099418505
 107.6936026460382179  99.7832090494438577  96.3420177595732618   0.0185726099418505
 104.6152387738805027  99.6414795893997718  95.0513348101050472   0.0185726099418505
 100.9510598002071954 107.7597430607254687  95.9697417111907701   0.5972726104906286
 100.3595755202898390 107.6747053846990092  93.7228573379584015  -0.5679273917044839
  99.6528179462032999 109.1222356032826847  97.6629363271842133  -0.4157273900581494
 100.2991042840043655 109.2375088974518811  99.4676247850790191   0.2718726099418505
  97.4664048092564046 110.6529137717589031  96.9297225872227712  -0.0275273900581495
  96.1152506235027165 111.7149398590226421  99.2616446364815992  -0.0050273900581495
  95.6201423764153476 110.1559157985376174 100.5164227894053133   0.0338726099418505
  97.4116027513726951 112.9508207506071474 100.2839864749329904   0.0338726099418505
  93.7625415867707492 113.1832570650794569  98.6455939168232701  -0.1415273900581494
  95.2440868757650222 117.8206449977222101  97.4588459047207238  -0.2387273900581495
  97.2264095902484143 117.4880531981520660  97.8160041440318406   0.1699726099418505
  98.1769418356108044 112.7618481372150196  95.0777909759799502   0.5972726104906286
 100.3463474373523942 114.0033982072012889  95.4273903107553727  -0.4157273900581494
 101.4386091427588833 113.5479742089262677  96.9429506701602160   0.2718726099418505
 101.3082180395183120 115.9441469467384030  93.7077395288870399  -0.0518273900581495
  99.8606878209346364 117.3935668914560089  93.4790826666825641   0.0921726099418505
 103.6344709103753762 117.1573511247158524  94.9757457647481986  -0.1102273900581495
 103.0524352611276310 117.7280484171600697  96.8673616248033674   0.0456726099418505
 105.1065675687000244 115.7343873458731495  95.2081820792205081   0.0456726099418505
 104.8136600179422417 119.4892731739746804  93.6945114459495951   0.3530726099418505
 103.3566811686889550 120.9160164050852171  93.3902655383882709  -0.0361273900581495
 106.7940930062917037 120.5777554271133226  95.4897512731747763  -0.4121273900581494
 107.6293519574848974 122.2917370305798913  94.7395299980080421   0.0999726099418505
 105.9437162460271485 121.0105027117812878  97.3133369924087908   0.0999726099418505
 108.2907561043573382 119.1906964448151204  95.7732101932629614   0.0999726099418505
 106.1137915980800542 118.9129067031286992  91.1755065094325560  -0.4121273900581494
 107.4460485224945335 120.3982314443908058  90.6974057975504789   0.0999726099418505
 107.1777074114777235 117.1554613985819355  91.3304640524141000   0.0999726099418505
 104.7286223419157822 118.7485005294775440  89.6693947806973237   0.0999726099418505
 101.8486797138197926 114.8329879799927184  91.0847996550043457   0.5972726104906286
 103.3604606209567889 112.8242090996344232  90.9657469085673025  -0.5163273900581494
 104.1692634062750928 112.2289453674492332  92.6098086450787867   0.2935726099418505
 104.2202860118909687 111.6601378011389328  88.6111481457014183   0.0380726099418505
 105.1859360663247201 113.0925502106512332  87.4924302744200397   0.0879726099418505
 106.0986737890086925 109.5171883652722324  89.1742865336099550  -0.0303273900581495
 105.1632593527176643 108.0772170512242377  90.3175708446323063  -0.0122273900581495
 106.6523635462476179 108.6460246175345381  87.3884953370543714  -0.0122273900581495
 108.4910670745529941 110.3656753994028709  90.5367790761671710   0.7993726088442942
 109.7174993354678883 108.7046061276860946  91.6800633871895359  -0.8014273889605932
 109.1902657441038524 112.6106700465013226  90.2759968696860418  -0.8014273889605932
  98.6134685725466032  95.7807690977986557  97.0884595824721622   0.0602726099418505
  95.9451752714497974  95.0456656317032832 101.5104187358478846   0.5972726104906286
  97.6289212567736295  94.3124518917418411 102.9333825146905876  -0.5679273917044839
  96.2154061086005376  98.8874788619651906 104.9213744075757438   0.0868726099418505
  92.7326408437836772 101.9979680783995727 107.0057423332908875  -0.3204273900581494
  94.6620512265172769 102.6839386650129863 107.2079430296204601   0.0881726099418505
  95.3763677051394968 103.1960544473056471 101.7485242287219714  -0.0660273900581495
  96.7350807954288792 101.6804940879008039 101.4386091427588833   0.0185726099418505
  95.3234553733897042 104.3903613639438743 100.0704474217998899   0.0185726099418505
  95.9867492463960620 104.3487873889976096 103.3434530857514968   0.0185726099418505
  95.0097608351587825  96.4648499582781389 108.7972027082482350  -0.5679273917044839
  97.0279883461866755  88.1991878485065922 106.9358224663358031  -0.0275273900581495
  96.5687848956438073  86.8348055798154459 108.4116985769282985   0.1122726099418506
  97.1243643790166630  86.7478781776550695 104.4319353388901389  -0.0050273900581495
  97.1243643790166630  88.0839145543373961 102.8653523738694199   0.0338726099418505
  98.9025966710365657  85.7066390778644561 104.3582360196672072   0.0338726099418505
  98.2941048559139175  76.4583193784538526 103.6684859807859601   0.1446726099418505
  97.1810561630343026  80.3813908324743725 103.8404510589727959  -0.2387273900581495
  99.0859001060269162  81.0862586804269947 104.0143058632935488   0.1699726099418505
  99.6055747928552712  89.3046776368505263 107.6671464801633283   0.5972726104906286
 101.1173556999922672  87.9421850942932967 108.7896438037125542  -0.5679273917044839
 100.1082419444783208  91.7291962666714813 107.1380231626653757  -0.4157273900581494
  98.8440151608849957  92.7439792005872053 106.1156813242139845   0.2718726099418505
 102.5100838606922334  92.9291723617114859 107.8731266287607482  -0.0389273900581495
 104.0143058632935488  91.6951811962609108 107.2419581000310440   0.1006726099418505
 102.9636181328333243  95.4595156550320397 106.5144135384713658   0.3653726099418505
 102.6782694866112224  95.1817259133456185 104.4924065751756257   0.0042726099418505
 101.3403433837949789  97.6723849578538243 107.3836875600751432  -0.2438273900581494
 101.6445892913562897  99.2767624455529609 106.1307991332853460   0.0641726099418505
  99.3655795738472675  97.1375924619541077 107.3005396101826005   0.0641726099418505
 101.8335619047484175  98.2222952628249027 109.3074287644069789   0.0641726099418505
 105.4712847125468355  96.2021780256630930 106.9169252049965943  -0.6761273884118151
 105.7056107531530617  97.8802548325851611 106.2630799626598342   0.4101726099418505
 102.7992119591821825  93.0860196308269467 110.7436206261871266   0.5972726104906286
 104.6398052136214756  92.1279284809288760 111.7886391782455737  -0.5679273917044839
 100.8716913025824998  94.0252135193858087 112.0909953596729810  -0.4157273900581494
  99.3636898477133508  94.7565375332133342 111.1782576369890086   0.2718726099418505
 100.9435008956715145  94.1196998260818660 114.8726722288050528  -0.0875273900581495
 102.6952770218165142  95.0588937146407280 115.4169133553743805   0.0968726099418505
  98.7627569371263832  95.6919519695043489 115.9970592784882090   0.2984726099418505
  99.1218049025714303  95.9017115703696158 118.0152867895161019  -0.0297273900581495
  98.6871678917695349  98.3470171876637101 114.8329879799927184  -0.3192273900581494
  97.3568006934889724  99.5243165690966453 115.8761168059172487   0.0790726099418505
 100.5504378598158971  99.2181809354014044 114.9444818218940676   0.0790726099418505
  98.0956836118521785  98.2695384161729446 112.8601138961789239   0.0790726099418505
  96.1435965155115363  94.4900861483304409 115.6909236447929545  -0.3192273900581494
  95.7165184092453352  94.2122964066440064 113.6953728473721174   0.0790726099418505
  96.0547793872172297  92.6853976904356351 116.6754709605659283   0.0790726099418505
 101.0549947375728636  91.4646346079225185 116.0178462659613347   0.5972726104906286
 102.3872516619873430  91.0772407504686517 117.8754470556059328  -0.5679273917044839
  99.8172241198544416  89.5900262830726281 114.8518852413319272  -0.4157273900581494
  98.7589774848585496  90.0038763064013846 113.3193173467217921   0.2718726099418505
  99.9740713889699159  86.9651966830560172 115.6852544663912040   0.0336726099418505
  99.3844768351864762  86.8782692808956273 117.6600182763389020   0.0822726099418505
  98.1391473129323733  85.3494808385533393 114.1262304059061659  -0.1825273900581494
  98.1353678606645263  83.4238499080875868 114.8632235981354553   0.0602726099418505
  96.2343033699397465  86.1261582795949765 114.2604009614145708   0.0602726099418505
  98.7211829621801187  85.3041274113392275 112.1533563220923712   0.0602726099418505
 102.6990564740843479  85.9523034752742238 115.5680914460880775   0.5972726104906286
 103.6231325535718483  84.9583075288316388 117.4597073061432463  -0.5679273917044839
 104.0388723030345215  86.2792260964425903 113.4383700931588355  -0.4157273900581494
 103.2546359574572037  87.1957432713944098 111.9473761734949649   0.2718726099418505
 106.6693710814529098  85.4231801577762710 113.2739639195076804  -0.0014273900581495
 106.6958272473277994  83.5013286795783521 114.0128468378708864   0.0875726099418505
 107.5915574348064799  85.2493253534555182 110.5130740378487340  -0.0152273900581495
 108.8387766831944997  83.6317197828189234 110.4299260879561914   0.0294726099418505
 105.9871799471073299  84.8203575210553867 109.2942006814695207   0.0294726099418505
 109.0863308067381841  87.4357384904024000 109.3943561665673554  -0.0011273900581495
 107.9883999229299443  88.8719303521825611 107.4347101656910056  -0.1906273900581494
 106.1496963946245547  88.3692632005594979 106.7733060188185781   0.1698726099418505
 109.2412883497197281  90.9657469085673025 106.3707943522933497  -0.2341273900581494
 108.3757937803837978  92.0976928627861260 104.9459408473167165   0.1655726099418506
 111.8472206883971303  91.6554969474485630 107.3477827635306292   0.3225726099418506
 113.1360139117314282  93.6775039107443031 106.4369347669805871  -0.5579273917044839
 114.3473283635749473  94.2727676429294933 107.6501389449580365   0.3991726099418505
 113.0112919868926209  89.9339564394463001 109.3206568473444237  -0.2341273900581494
 114.8613338720015249  90.2948941310252505 110.0217452430291989   0.1655726099418506
 111.5845487557820842  87.8911624886774210 110.2371740222962299  -0.1906273900581494
 112.4046898979039028  86.6874069413695828 111.6336816352640298   0.1698726099418505
 108.4494930996067294  86.9330713387793503 114.9822763445724851   0.5972726104906286
 110.2258356654927018  85.8256918243014995 115.9857209216846810  -0.5679273917044839
 107.9638334831889582  89.3745975038056107 115.4150236292404636  -0.4157273900581494
 106.5729950486229223  90.2344228947397771 114.4115790521282677   0.2718726099418505
 109.4699452119242037  90.8920475893443709 117.1800278383229082  -0.0237273900581495
 111.4579371048093599  90.6558318226042144 116.6962579480390673   0.0879726099418505
 108.7915335298464711  93.7058498027531230 116.9608196067880437   0.0341726099418505
 106.7525190313454392  93.9345066649575852 117.1516819463140884   0.0240726099418505
 109.6740356343876933  94.7263019150705973 118.5179539411391515   0.0240726099418505
 109.6419102901110397  94.9266128852662398 114.4663811100119907   0.0017726099418505
 108.5685458460437594  94.1102511954122683 112.9168056801965636   0.0439726099418505
 109.1638095782289628  96.9240534088210070 114.5533085121723671   0.0439726099418505
 112.9602693812767586  94.6885073923921664 113.6235632542831161  -0.2737273900581494
 114.4796091929494355  95.4255005846214558 116.5904332845394821  -0.0536273900581495
 116.4864983471738138  95.6787238865669041 116.2332750452283655   0.0683726099418505
 113.6764755860329087  97.1470410926237189 117.3841182607863977   0.0683726099418505
 114.2207167126022230  93.8759251548060287 117.9226902089539615   0.0683726099418505
 109.2091630054430611  89.9830893189282455 119.9201307325087289   0.5972726104906286
 111.1272350313731329  89.6504975193581150 121.1938061467716383  -0.5679273917044839
 106.9036971220591361  89.4350687400910842 120.8158609199873958  -0.4157273900581494
 105.3749086797168481  89.7563221828577002 119.7009225009738642   0.2718726099418505
 106.5295313475427275  88.3768221050951922 123.3575425701114909  -0.0518273900581495
 107.5613218166637297  89.5427831297245995 124.7068070297312621   0.0921726099418505
 103.7157291341339886  88.3938296403004842 124.0926460362068500  -0.1102273900581495
 102.6612619514059304  87.2581042338138001 122.7320432197835507   0.0456726099418505
 103.5551024127506806  87.4735330130808309 125.9332392906461563   0.0456726099418505
 102.4722893380138026  91.0224386925849422 124.2797289234650609   0.3530726099418505
 102.2530811064789379  91.8293517517693159 122.4089000508830044  -0.0361273900581495
  99.8455700118632613  90.7370900463628267 125.4513591264962189  -0.4121273900581494
  98.9063761233043993  92.5682346701325220 125.4986022798442610   0.0999726099418505
  98.7211829621801187  89.4407379184928481 124.3118542677417146   0.0999726099418505
 100.0043070071126525  90.0038763064013846 127.3694311524262905   0.0999726099418505
 103.9727318883472841  92.9083853742383468 125.8746577804945864  -0.4121273900581494
 102.9031468965478508  94.6544923219815826 126.0900865597616174   0.0999726099418505
 104.3563462935332905  92.1147003979914178 127.7379277485409486   0.0999726099418505
 105.7509641803671734  93.3675888247812152 124.9430227964714186   0.0999726099418505
 107.6501389449580365  85.7141979824001369 123.6069864197890788   0.5972726104906286
 108.9068068240156673  85.1699568558308226 125.4853741969068028  -0.5679273917044839
 107.3610108464680874  84.0928129594957085 121.6889143938590070  -0.4157273900581494
 106.2536313319902232  84.5973698372526884 120.2054793787308307   0.2718726099418505
 108.6498040698023717  81.6342792592641562 121.6284431575735336  -0.0024273900581495
 108.1603650011167669  80.5760326242682642 123.3273069519687409   0.0977726099418505
 107.8258834754127061  80.1149394475914792 119.2889622037790247  -0.0343273900581495
 108.3965807678569234  81.1826347132569823 117.6222237536604845   0.0294726099418505
 108.8803506581407643  78.3442660601072573 119.2795135731094135   0.0294726099418505
 105.0423168801467040  79.4554250268529553 118.9828265700837838   0.0117726099418505
 103.3415633596175799  79.4724325620582471 121.0407383299240378  -0.1256273900581494
 103.9708421622133540  79.9750997136812969 122.8888904888990116   0.1329726099418505
 100.7790947220203594  78.8639407469355989 120.6646828292736989  -0.1704273900581494
  99.5016398554896029  78.9092941741497106 122.2237068897587238   0.1429726099418505
  99.9003720697469842  78.2252133136702273 118.2363847471848832  -0.1072273900581494
  97.9539541518080927  77.7773482199308872 117.9567052793645453   0.1296726099418505
 101.5878975073386635  78.1874187909917964 116.1822524396124896  -0.1704273900581494
 100.9283830866001394  77.7112078052436364 114.3359900067714194   0.1429726099418505
 104.1484764188019537  78.7978003322483615 116.5601976663967321  -0.1256273900581494
 105.4127032023952656  78.7864619754448336 114.9917249752420962   0.1329726099418505
 111.5391953285679725  81.9252970838880354 121.6567890495823535   0.5972726104906286
 112.8355474564379512  80.4607593300990681 122.9096774763721372  -0.5679273917044839
 112.5558679886175997  83.8547074666216351 120.3906725398551115  -0.4157273900581494
 111.4050247730595675  84.9545280765638052 119.3248670003235255   0.2718726099418505
 115.2317201942500998  84.5198910657619097 120.4681513113458902  -0.0252273900581495
 116.3561072439332425  82.9155135780627731 119.8275341519465751   0.0697726099418505
 115.5529736370167158  86.0997021137200735 119.1888067186812035   0.0697726099418505
 116.1350092862644612  85.2965685068035469 123.1005398158981820   0.5972726104906286
 118.0870963826051032  84.3687129750482128 123.9339090409574588  -0.5679273917044839
 114.6836996154129384  86.8348055798154459 124.4875987981963977  -0.4157273900581494
 113.1133371981243722  87.5812474027143329 123.6769062867441767   0.2718726099418505
 115.2714044430624476  87.4943200005539566 127.1237667550165365  -0.0518273900581495
 117.1894764689925193  88.2502104541224679 127.1823482651681064   0.0921726099418505
 113.4024652966143213  89.5673495694655723 127.9760332414150086  -0.1102273900581495
 113.1964851480169151  90.8901578632104540 126.4056708241264693   0.0456726099418505
 111.5505336853715003  88.7264214398706147 128.3086250409851525   0.0456726099418505
 114.1867016421916393  91.1301530822184441 130.3117347429416839   0.3530726099418505
 116.0575305147736823  91.9295072368671372 129.9923710263089982  -0.0361273900581495
 112.3064241389399984  93.3033381362278945 130.6348779118422302  -0.4121273900581494
 112.9149159540626467  94.5448882062141504 132.1617766280505879   0.0999726099418505
 112.2157172845117750  94.3993792939022174 128.8982195947685786   0.0999726099418505
 110.4280363618222745  92.5663449439986053 131.0600662919745011   0.0999726099418505
 114.1999297251290976  89.6769536852330046 132.8137321442534178  -0.4121273900581494
 114.4909475497529633  90.9940928005761222 134.3708664786045255   0.0999726099418505
 112.4122488024395836  88.6886269171921972 133.0612862677971021   0.0999726099418505
 115.7646229640158862  88.3484762130863723 132.8515266669318621   0.0999726099418505
 115.2052640283751967  85.1529493206255306 128.8358586323492018   0.5972726104906286
 116.9702682374576547  84.6805177871452176 130.2663813157275721  -0.5679273917044839
 113.2248310400257214  83.6033738908101037 128.6657832802962827  -0.4157273900581494
 111.7697419169063650  84.0909232333617916 127.5092708863364596   0.2718726099418505
 112.9923947255534121  81.3054669119618593 130.2040203533081684  -0.0275273900581495
 113.2890817285790553  81.7930162545135474 132.1825636155237136   0.1122726099418506
 110.3070938892513143  80.2661175383051761 129.9337895161574282  -0.0050273900581495
 109.9782815419490175  79.7521120298785986 127.9646948846114807   0.0338726099418505
 110.1521363462697702  78.5596948393742881 131.0751841010458628   0.0338726099418505
 108.2605204862146016  82.0424601041911485 130.7652690150827747  -0.1415273900581494
 108.5761047505794537  84.0720259720225694 132.2808293744876313  -0.1638273900581494
 110.3637856732689540  84.6653999780738427 133.0593965416631986   0.2061726099418505
 106.2970950330704180  85.2587739841251158 132.6927896716824709  -0.3418273900581494
 106.1100121458122205  86.7724446173960423 133.8417431611065729   0.3411726099418505
 104.3790230071403463  84.0776951504243334 131.3964375438124789   0.1379726099418505
 101.7882084775343058  84.5728033975117023 131.1583320509384189  -0.2601273900581494
 101.4216016075535914  80.8840579840974221 128.4295675135561263  -0.1972273900581494
 100.2688686658616289  79.6462873663790000 127.2881729286676916   0.1446726099418505
 104.0256442200970767  80.4002880938135812 128.6884599939033387  -0.2387273900581495
 104.8741312542277152  78.7978003322483615 127.7530455576123103   0.1699726099418505
 105.5714401976446568  81.9895477724413561 130.1681155567636812   0.1242726099418505
 115.0068427843134714  79.3325928281480780 129.5671826461767004   0.5972726104906286
 115.8798962581850825  77.9795489162604598 131.2414800008309481  -0.5679273917044839
 115.8609989968458736  79.2475551521216185 127.1955763481055378  -0.4157273900581494
 114.9879455229742490  80.3341476791263438 125.8784372327624202   0.2718726099418505
 118.1513470711584371  77.8907317879661665 126.4604728820101788  -0.0249273900581495
 118.0247354201857131  75.9632111313664837 127.1728996344984819   0.0842726099418505
 118.3592169458897739  77.7849071244665678 123.5805302539141892   0.2116726099418505
 116.6830298651016225  76.8872872108539706 122.7906247299350938   0.0351726099418505
 118.4971669536660260  79.6954202458609588 122.8246398003456777   0.0351726099418505
 120.5324019998992109  76.4148556773736576 122.8718829536937198  -0.6546273911557058
 120.2659506150163176  74.6404028376216021 123.2177028362012951   0.4274726099418505
 120.5267328214974468  79.0925976091400745 127.6018674668986134   0.5972726104906286
 122.0763082513128604  77.7244358881810946 128.6374373882874628  -0.5679273917044839
 120.7894047541124928  81.6002641888535724 127.6188750021039054  -0.4157273900581494
 119.4968320785103613  82.6774080851886865 126.7004681010181689   0.2718726099418505
 122.9058980241043036  82.9230724825984540 128.8264100016795772   0.0336726099418505
 124.6595638763832201  82.1350566847532889 128.0894168094502881   0.0822726099418505
 122.8454267878188302  85.7255363392036648 128.0875270833163846  -0.1825273900581494
 124.5348419515444127  86.6628405016286099 128.8056230142064518   0.0602726099418505
 122.8170808958100103  85.9126192264618759 126.0333947757439776   0.0602726099418505
 121.1881369683698743  86.6496124186911651 128.8793223334293833   0.0602726099418505
 123.0495172102823063  82.5356786251446005 131.7063526297755670   0.5972726104906286
 125.0998700655868795  82.7473279521437709 132.7702684431732361  -0.5679273917044839
 121.0086129856473575  81.7608909102368803 132.9894766747081008  -0.4157273900581494
 119.3135286435199974  81.7741189931743385 132.1031951178990448   0.2718726099418505
 121.2297109433161523  80.7820127728656707 135.5802912043141279  -0.0518273900581495
 122.1859123670803063  82.1955279210387758 136.7368035982739510   0.0921726099418505
 118.6370066875761949  80.2207641110910643 136.7462522289435486  -0.1102273900581495
 117.6978127990173331  78.7600058095699306 135.6407624405996281   0.0456726099418505
 116.8172004206100276  82.4600895797877522 137.0656159455762345   0.3530726099418505
 116.0802072283807383  83.0383457767676503 135.2344713218065526  -0.0361273900581495
 118.0360737769892409  84.7561068325020662 138.3298427291695461  -0.4121273900581494
 116.6263380810839829  86.2225343124249639 138.6378680889987308   0.0999726099418505
 119.5119498875817364  85.5308945474097865 137.1223077295938741   0.0999726099418505
 122.8359781571492056  78.3688324998482300 135.7541460086348808   0.5972726104906286
 123.0306199489431110  76.8929563892557345 133.7189109624016959  -0.4157273900581494
 122.1405589398661943  77.5165660134497578 132.1428793667113926   0.2718726099418505
 124.9354638919357244  74.9295309361115646 133.2937225822694250   0.0336726099418505
 124.2154782349117270  73.7862466250891996 131.7479266047218449   0.0822726099418505
 127.3467544388192348  76.1843090890352651 132.3035060880946873  -0.1825273900581494
 128.7073572552425340  74.7462275011212005 131.7309190695165531   0.0602726099418505
 126.8837715360085464  77.3502701136646860 130.6688929822528141   0.0602726099418505
 128.1763442116106779  77.3672776488699778 133.7718232941515019   0.0602726099418505
 116.0140668136935009  67.1816537870344290 128.7810565744654655   0.5972726104906286
 114.8783414072068168  68.3665120730030453 127.1369948379539947  -0.5679273917044839
 118.4782696923268039  67.5104661343367259 129.2459292034101112  -0.4157273900581494
 120.0958752629633985  69.2376758207407530 127.7946195325585885  -0.0014273900581495
 119.4552581035640968  71.1727553818761032 128.1083140707895102   0.0875726099418505
 122.8416473355509697  69.0241367676076525 128.7300339688495898  -0.0152273900581495
 122.9966048785325271  69.9633306561665143 130.5555094142175346   0.0294726099418505
 123.2800637986206988  67.0493729576599408 129.0418387809466083   0.0294726099418505
 124.8277495023022090  70.0804936764696275 126.9423530461600895  -0.0011273900581495
 124.8806618340520150  72.6769773844774320 126.4170091809299974  -0.1906273900581494
 123.5162795653608553  73.8958507408566319 127.2881729286676916   0.1698726099418505
 126.6740119351432795  73.6917603183931423 124.7408221001418460  -0.2341273900581494
 126.7080270055538632  75.6967597464835906 124.3439796120183682   0.1655726099418506
 128.4163394306186680  72.0836033784261587 123.5295076482983135   0.3225726099418506
 130.1284313079513334  73.0605917896634382 121.8873356379207460  -0.5579273917044839
 131.1451039680009607  71.7925855538022795 121.0955403878077474   0.3991726099418505
 128.3577579204671249  69.4625532306773816 124.0265056215196126  -0.2341273900581494
 129.6862353926137436  68.2247826129589593 123.1005398158981820   0.1655726099418506
 126.5870845329828896  68.4761161887704775 125.7556050340575430  -0.1906273900581494
 126.5870845329828896  66.4881242958853213 126.1732345096541466   0.1698726099418505
 119.8993437450355898  68.7293394907159258 124.9449125226053221   0.5972726104906286
 119.1869169925472733  70.4244238328432993 123.5162795653608553  -0.5679273917044839
 120.3736650046498197  66.3747407278500553 124.1512275463583931  -0.4157273900581494
 120.8744424301389524  65.0727194215783127 125.4626974832997468   0.2718726099418505
 120.1846923912576917  65.5564893118621536 121.5112801372704205  -0.0275273900581495
 121.3355356068157375  66.8055982863840903 120.3415396603731662   0.1122726099418506
 121.2297109433161523  62.8579603926225976 121.2486082046553744  -0.0050273900581495
 120.4265773363996123  61.6674329282522176 122.7301534936496206   0.0338726099418505
 120.5834246055150866  62.0945110345184188 119.4458094728944856   0.0338726099418505
 124.0586309657962661  62.6160754474806771 121.2882924534677222  -0.1415273900581494
 125.5345070763887750  62.5745014725344124 123.3707706530489223  -0.1638273900581494
 128.3313017545922085  62.2797041956426994 120.1336697856418294   0.1379726099418505
 130.1170929511478055  61.8809719813853181 115.9535955774080140  -0.1134273900581494
 127.6642284293180172  61.9603404790100003 114.9312537389566228  -0.1972273900581494
 127.4166743057743326  61.8507363632425681 112.9054673233930357   0.1446726099418505
 125.5401762547905389  62.2249021377589767 116.5129545130487034  -0.2387273900581495
 123.6712371083424127  62.3042706353836723 115.7003722754625657   0.1699726099418505
 125.8141865442091131  62.3930877636779789 119.1623505528063004   0.1242726099418505
 117.4691559368128572  65.7152263071115314 120.5040561078903910   0.5972726104906286
 117.1044387929660598  66.5164701878941412 118.3554374936219266  -0.5679273917044839
 115.5529736370167158  65.0424838034355625 122.0101678366256231  -0.4157273900581494
 115.9328085899348749  64.3489543122864681 123.7543850582349419   0.2718726099418505
 112.9073570495269526  65.1898824418814258 121.2108136819769301   0.0336726099418505
 112.6900385441260182  64.0862823796714087 119.4836039955729165   0.0822726099418505
 111.2236110642031204  64.0106933343145603 123.2536076327458092  -0.1825273900581494
 111.4239220343987763  65.0424838034355625 125.0242810202300177   0.0602726099418505
 112.0853261812712171  67.9091983485941072 120.5947629623186145   0.5972726104906286
 111.0705432473555067  68.3778504298065732 118.5500792854158186  -0.5679273917044839
 112.5804344283585858  69.7214457110245938 122.2841781260441970  -0.4157273900581494
 113.4213625579535435  69.2433449991425169 123.9452473977609867   0.2718726099418505
 111.9870604223073127  72.3897390121213998 121.8363130323048703  -0.0024273900581495
 110.0349733259666571  72.5503657335047077 121.2089239558430266   0.0977726099418505
 112.2950857821364706  73.8712843011156592 124.3118542677417146  -0.0343273900581495
 114.2377242478075150  73.6539657957147114 124.9638097839445443   0.0294726099418505
 111.9946193268429936  75.8630556462686624 123.8998939705468749   0.0294726099418505
 110.5149637639826509  73.1872034406361624 126.4661420604119427   0.0117726099418505
 108.0564300637510986  72.2536787304790644 126.0144975144047554  -0.1256273900581494
 107.3836875600751432  71.9475430967838234 124.1172124759478361   0.1329726099418505
 106.4199272317752951  71.7453424004542508 128.0459531083701065  -0.1704273900581494
 109.6513589207806375  73.1305116566185228 131.0014847818229312  -0.1704273900581494
 111.2992001095599689  73.6105020946345300 128.9719189139915102  -0.1256273900581494
 113.1756981605437760  74.3172596687210691 129.3479744146418358   0.1329726099418505
 113.5876584577386021  73.5235746924741401 119.7009225009738642   0.5972726104906286
 112.5842138806264196  74.9049644963705783 118.1154422746139231  -0.5679273917044839
 116.0065079091578066  72.8035890354501562 119.5213985182513341  -0.4157273900581494
 116.7264935661818041  71.6754225334991662 120.8952294176120914   0.2718726099418505
 117.6940333467494858  73.5613692151525710 117.4615970322771766  -0.0518273900581495
 117.8622189726684746  75.6173912488588950 117.4861634720181493   0.0921726099418505
 120.3131937683643462  72.3878492859874695 117.9888306236411989  -0.1102273900581495
 120.8101917415856319  72.8508321887981847 119.9182410063747986   0.0456726099418505
 120.1865821173916220  70.3356067045489928 117.9037929476147527   0.0456726099418505
 122.5128349882486863  73.2835794734661498 116.3183127212548116   0.3530726099418505
 122.1500075705357921  75.1959823209944577 115.6380113130431619  -0.0361273900581495
 124.9600303316767107  73.2779102950643859 117.8584395204006410  -0.4121273900581494
 126.5738564500454582  73.7295548410715598 116.6679120560302474   0.0999726099418505
 124.8409775852396672  74.6876459909696440 119.3588820707341091   0.0999726099418505
 125.2623865131041045  71.4221992315537179 118.7050368283973626   0.0999726099418505
 122.9058980241043036  71.5129060859819414 114.0770975264242069  -0.4121273900581494
 124.4384659187144253  72.1988766725953550 112.8903495143216606   0.0999726099418505
 123.3783295575846166  69.6194004997928425 114.7403913994305780   0.0999726099418505
 121.1938061467716383  71.4278684099554818 112.9621591074106753   0.0999726099418505
 116.6055510936108438  72.7752431434413363 114.8859003117425110   0.5972726104906286
 116.2597312111032551  74.3645028220690978 113.2267207661596517  -0.5679273917044839
 115.9139113285956662  70.3677320488256597 114.5722057735115759  -0.4157273900581494
 116.2162675100230735  69.1450792401786126 116.0216257182291817   0.2718726099418505
 114.7914140050464403  69.3812950069187691 112.2346145458509971  -0.0518273900581495
 115.9989490046221257  69.8934107892114164 110.6434651410892921   0.0921726099418505
 114.6288975575292155  66.4786756652157235 112.3971309933682219  -0.1102273900581495
 114.3265413761018216  65.9155372773071871 114.3567769942445584   0.0456726099418505
 112.9734974642142034  65.8550660410217002 111.3369946322383998   0.0456726099418505
 116.9192456318417790  65.0576016125069376 111.2916412050242881   0.3530726099418505
 116.8625538478241394  65.2352358690955375 109.2393986235858114  -0.0361273900581495
 119.5025012569121252  65.9892365965301187 112.1854816663690383  -0.4121273900581494
 120.9859362720403015  64.7495762526777798 111.4768343661485689   0.0999726099418505
 119.8407622348840333  67.8676243736478427 111.4333706650683873   0.0999726099418505
 119.5818697545368208  66.0308105714763834 114.2415037000753621   0.0999726099418505
 116.7132654832443593  62.2551377559017267 111.9606042564324097  -0.4121273900581494
 118.2382744733188136  61.2063397515754325 111.0592048905519786   0.0999726099418505
 116.8379874080831667  62.0170322630276399 114.0052879333352056   0.0999726099418505
 114.9123564776174006  61.5124753852706734 111.2954206572921351   0.0999726099418505
 112.1892611186368854  70.5378074008785654 111.6714761579424607   0.5972726104906286
 111.6620275272728495  71.1217327762602409 109.4831732948616485  -0.5679273917044839
 110.5886630832055826  70.9403190674037937 113.5857687316046852  -0.4157273900581494
 111.0799918780251043  70.3620628704238958 115.3469934884192961   0.2718726099418505
 108.1433574659114751  72.1837588635239799 113.2361693968292493   0.0336726099418505
 107.0681032957102913  71.1330711330637688 111.8245439747900745   0.0822726099418505
 106.6807094382564379  72.1062800920332012 115.7362770720070663  -0.1825273900581494
 104.8155497440761587  72.9396493170924780 115.4754948655259371   0.0602726099418505
 106.4633909328554901  70.1541929956925590 116.3598866962010896   0.0602726099418505
 107.6917129199043010  73.1701959054308706 117.1838072905907554   0.0602726099418505
 108.4438239212049655  74.9068542225045086 112.2497323549223588   0.5972726104906286
 107.0945594615851807  75.6646344022069234 110.5055151333130399  -0.5679273917044839
 110.2692993665728834  76.3335974536150453 113.2682947411059164  -0.4157273900581494
 111.2670747652833154  75.6268398795285059 114.7479503039662589   0.2718726099418505
 110.8588939203563229  78.8922866389444188 112.3725645536272493  -0.0249273900581495
 109.1090075203452399  79.9732099875473800 112.4065796240378197   0.0842726099418505
 112.7467303281436445  80.2132052065553835 114.1470173933793050   0.2116726099418505
 112.6900385441260182  82.2371018959850405 113.7634029881932852   0.0351726099418505
 112.1892611186368854  79.9108490251279762 116.1047736681217109   0.0351726099418505
 115.2732941691963645  79.3968435167013987 113.8295434028805225  -0.6546273911557058
 115.3866777372316439  77.5789269758691482 114.0676488957546094   0.4274726099418505
 111.7886391782455737  78.8809482821408907 109.6192335765039839   0.5972726104906286
 110.7077158296426260  80.2075360281536196 108.0450917069475707  -0.5679273917044839
 113.5989968145421300  77.2444454501650874 108.9389321682923342  -0.4157273900581494
 114.4796091929494355  76.2391111469189880 110.3108733415191614   0.2718726099418505
 114.4890578236190466  76.9761043391482773 106.3197717466774740  -0.0275273900581495
 115.2222715635804888  78.7921311538465976 105.6791545872781721   0.1122726099418506
 116.6792504128337755  75.0863782052270255 106.1874909173029858  -0.0050273900581495
 116.2710695679067830  73.4744418129921946 107.4082539998161160   0.0338726099418505
 116.7945237070029717  74.3645028220690978 104.2599702607033029   0.0338726099418505
 119.2454985026988299  76.1238378527497918 106.8016519108273980  -0.1415273900581494
 120.6533444724701710  75.5021179546896986 108.8368869570605828  -0.1638273900581494
 120.0372937528118420  74.2265528142928591 110.3052041631173974   0.2061726099418505
 123.0041637830681946  76.6246152782389245 108.6781499618111916  -0.3418273900581494
 124.4252378357769939  76.2769056695974055 109.9121411272617667   0.3411726099418505
 123.2233720146030590  78.0683660445547530 106.5219724430070466   0.1379726099418505
 125.2189228120239229  79.4762120143260943 105.4807333432164331  -0.2601273900581494
 127.0047140085794931  79.5196757154062757 106.4142580533735311   0.1571726099418505
 124.8447570375075009  80.7895716774013648 103.1960544473056471  -0.1134273900581494
 126.3546482185105936  81.8591566692007846 102.3853619358534261   0.1416726099418505
 122.4807096439720059  80.7007545491070582 101.9752913647925169  -0.1972273900581494
 122.2104788068212924  81.7155374830227685 100.2518611306563369   0.1446726099418505
 120.4832691204172519  79.2551140566572994 102.9844051203064633  -0.2387273900581495
 118.7125957329330434  79.1530688454255614 102.0263139704083926   0.1699726099418505
 120.8158609199873958  77.8529372652877356 105.3219963479670555   0.1242726099418505
 112.3782337320290132  76.2183241594458489 104.4791784922381675   0.5972726104906286
 112.2742987946633315  77.2066509274866697 102.3740235790498982  -0.5679273917044839
 110.6661418546963479  74.5213500911845721 105.2331792196727487  -0.4157273900581494
 110.8759014555616147  73.7012089490627401 106.9566094538089285   0.2718726099418505
 108.5401999540349395  73.7541212808125461 103.6495887194467377   0.0336726099418505
 109.2753034201303119  73.1097246691453971 101.8354516308823478   0.0822726099418505
 107.1720382330759596  71.5355827995889839 104.9157052291739799  -0.1825273900581494
 105.6092347203230877  70.9138629015289043 103.7251777648035997   0.0602726099418505
 108.4835081700172999  69.9689998345682784 105.1802668879229561   0.0602726099418505
 106.4369347669805871  72.1081698181671316 106.7544087574793559   0.0602726099418505
 106.7430704006758280  75.9726597620360949 103.1185756758148682   0.5972726104906286
 106.1345785855531932  76.4809960920609084 100.9302728127340563  -0.5679273917044839
 105.9531648766967461  77.3578290182003666 105.0744422244233709  -0.4157273900581494
 106.5522080611497833  76.9005152937914288 106.8413361596397324   0.2718726099418505
 104.3034339617834979  79.5499113335490124 104.7645271384602830   0.0336726099418505
 102.6423646900667216  78.9527578752299055 103.7043907773304607   0.0822726099418505
 103.4473880231171651  80.4040675460814282 107.3931361907447409  -0.1825273900581494
 102.5044146822904695  82.2333224437171933 107.2797526227094749   0.0602726099418505
 102.1378078123097417  79.0170085637832261 108.1754828101881420   0.0602726099418505
 105.0744422244233709  80.5268997447863053 108.6516937959363020   0.0602726099418505
 105.5695504715107399  81.6626251512729759 103.2073928041091750   0.5972726104906286
 104.3941408162117214  82.6792978113226166 101.4707344870355370  -0.5679273917044839
 107.9978485535995421  82.1747409335656367 103.6665962546520298  -0.4157273900581494
 108.8444458615962637  81.3016874596940255 105.1538107220480665   0.2718726099418505
 109.5663212447541779  83.8811636324965247 102.1491461691132696  -0.0024273900581495
 108.8255486002570549  85.7992356584265965 102.2870961768895218   0.0977726099418505
 112.2232761890474692  83.8414793836841769 103.3132174676087602  -0.0343273900581495
 112.1287898823513985  84.6616205258060089 105.2029436015300121   0.0294726099418505
 112.8355474564379512  81.8912820134774518 103.5362051514114719   0.0294726099418505
 114.2226064387361533  85.2058616523753232 101.8033262866056809   0.0117726099418505
 114.8008626357160515  87.7362049456958770 102.3645749483802870  -0.1256273900581494
 113.8314331290144529  88.6848474649243500 103.8517894157763240   0.1329726099418505
 116.6962579480390673  88.9966522770213550 101.0039721319569880  -0.1704273900581494
 117.1705792076532972  90.8844886848086900 101.5104187358478846   0.1429726099418505
 117.9604847316323790  87.7607713854368631  99.0140905129379148  -0.1072273900581494
 119.3777793320733179  88.7283111660045450  97.9596233302098567   0.1296726099418505
 117.3633312733132721  85.2360972705180600  98.4320548636901696  -0.1704273900581494
 118.3006354357382039  84.2893444774235172  96.9202739565531600   0.1429726099418505
 115.5265174711418128  83.9454143210498452  99.8531289163989556  -0.1256273900581494
 115.1069982694112924  82.0178936644501758  99.4317199885345049   0.1329726099418505
 109.5946671367629977  83.1592882493386105  99.3258953250349197   0.5972726104906286
 109.1316842339522959  84.7485479279663854  97.6799438623895051  -0.5679273917044839
 110.0066274339578374  80.7347696195176420  98.7287418667157994  -0.4157273900581494
 110.4148082788848297  79.5045579063349140 100.1460364671567383   0.2718726099418505
 110.0179657907613653  79.7974654570926969  96.1209198019044805  -0.0518273900581495
 111.4144734037291651  80.8859477102313390  95.0664526191764223   0.0921726099418505
 110.8135404931422112  76.9987810527553331  96.1209198019044805  -0.1102273900581495
 112.6957077225277822  76.8362646052380949  96.9467301224280630   0.0456726099418505
 109.5096294607365515  75.9480933222951086  97.3208958969444716   0.0456726099418505
 110.8192096715439751  75.7647898873047581  93.4809723928164944   0.3530726099418505
 108.9729472387029047  75.9783289404378588  92.5984702882752588  -0.0361273900581495
 112.8279885519022704  76.9194125551306375  91.7499832541446203  -0.4121273900581494
 112.8431063609736319  75.9348652393576638  89.9434050701158977   0.0999726099418505
 112.4065796240378197  78.9055147218818770  91.4041633716370316   0.0999726099418505
 114.6874790676807720  76.7625652860151766  92.6249264541501619   0.0999726099418505
 111.3369946322383998  72.9339801386907141  93.7152984334227206  -0.4121273900581494
 111.2973103834260520  72.0571472125512557  91.8539181915102886   0.0999726099418505
 113.1832570650794569  72.6259547788615563  94.5770135504908173   0.0999726099418505
 109.8894644136547243  72.0628163909530196  94.8944875409895863   0.0999726099418505
 107.4517177008962975  80.1810798622787166  94.8151190433648907   0.5972726104906286
 107.3723492032716153  80.9464189465168258  92.6173675496144810  -0.5679273917044839
 105.3579011445115561  79.7162072333340844  96.1492656939133004  -0.4157273900581494
 105.5563223885732816  79.0812592523365466  97.9520644256741758   0.2718726099418505
 102.8048811375839465  80.1565134225377439  95.1439313906671876  -0.0597273900581495
 102.6329160593971105  79.1455099408898671  93.3619196463794510   0.0868726099418505
 100.7772049958864424  79.1341715840863392  96.9864143712404108   0.1302726099418505
 101.1419221397332401  79.9278565603332682  98.8515740654206900   0.0186726099418505
 100.8773604809842637  76.2221036117136961  97.2471965777215400  -0.0430273900581495
 102.7066153786200421  75.6740830328765346  97.9955281267543572   0.0235726099418505
  99.4657350589450887  75.6419576885998677  98.6304761077518950   0.0235726099418505
 102.4080386494604821  82.9551978268751209  94.4938656005982747   0.5972726104906286
 101.4631755824998561  83.5202259409175743  92.4378435668919507  -0.5679273917044839
 103.2187311609127029  84.7069739530201207  96.1303684325740780  -0.4157273900581494
 104.0010777803560906  84.1230485776384451  97.7857685258891038   0.2718726099418505
 103.0921195099399786  87.4432973949380941  95.6050245673439725  -0.0875273900581495
 101.1343632351975592  87.9308467374897688  95.1987334485509103   0.0968726099418505
 103.9273784611331723  89.0155495383605638  97.9218288075314256   0.2984726099418505
 105.8189943211883411  88.4467419720502766  98.4963055522434901  -0.0297273900581495
 103.9519449008741450  91.8595873699120526  97.3530212412211386  -0.3192273900581494
 104.4035894468813191  92.9121648265061940  99.0670028446877074   0.0790726099418505
 105.3975853933239039  92.2998935591157120  95.9527341759854917   0.0790726099418505
 102.1132413725687690  92.4661894589007707  96.6500431194024331   0.0790726099418505
 102.1189105509705330  88.6319351331745574 100.1554850978263494  -0.3192273900581494
 102.8048811375839465  89.6750639590990877 101.7957673820700000   0.0790726099418505
 100.2367433215849620  89.3084570891183599  99.6660460291407446   0.0790726099418505
 101.9998578045334896  86.6458329664233181 100.6619317017172463   0.0790726099418505
 104.6246874045501139  88.1217090770158135  93.2390874476745740   0.5972726104906286
 103.6476989933128210  89.4086125742161946  91.5629003668864228  -0.5679273917044839
 106.9358224663358031  87.1314925828410759  92.9839744195951954  -0.4157273900581494
 107.6463594926901892  86.1091507443896846  94.4466224472502460   0.2718726099418505
 108.5307513233653419  87.5283350709645403  90.7503181293002849   0.0212726099418505
 108.8633431229354724  89.5522317603942107  90.5292201716314901   0.1123726099418505
 111.0856610564268682  86.2414315737641728  91.2510955547894044  -0.1231273900581494
 111.9379275428253538  87.0804699772252136  92.9348415401132498   0.1111726099418505
 110.8097610408743639  84.2269835150041136  91.5893565327613122   0.1111726099418505
 113.1870365173473039  86.6741788584321380  88.5733536230230009  -0.3119273900581495
 115.3413243100175322  86.1469452670681155  89.7941167055361311   0.1932726099418505
 107.2684142659059470  86.6023692653431367  88.2880049768008856   0.5972726104906286
 107.1644793285402787  87.9799796169717278  86.4058377474153144  -0.5679273917044839
 106.1572552991602490  84.3290287262358650  88.2955638813365662  -0.4157273900581494
 106.2989847592043350  83.2594437344364317  89.8867132860982715   0.2718726099418505
 108.6516937959363020  78.8639407469355989  86.4096171996831616  -0.4121273900581494
 109.4434890460493007  80.6724086570982383  85.8219123720336523   0.0999726099418505
 108.6573629743380660  78.7713441663734585  88.4637495072555686   0.0999726099418505
 105.1745977095211922  94.2198553111797007  87.2089713543318545  -0.1102273900581495
 104.5963415125412940  93.8759251548060287  89.1591687245385799   0.0456726099418505
 106.8526745164432602  93.0784607262912661  86.8480336627528907   0.0456726099418505
 105.8813552836077447  97.0317677984545226  86.9992117534665877   0.3530726099418505
 106.5106340862035186  97.4437280956493487  85.0811397275365293  -0.0361273900581495
 103.6665962546520298  98.7722055677959944  87.6814028878121675  -0.4121273900581494
 104.3298901276584009 100.7224029380027197  87.7721097422403910   0.0999726099418505
 102.8955879920121700  98.2563103332354864  89.5219961422514606   0.0999726099418505
 108.0318636240101259  97.5967959124969759  88.8435844601737412  -0.4121273900581494
 108.6460246175345381  99.5526624611054652  88.6281556809067104   0.0999726099418505
 107.4063642736821991  97.3133369924087908  90.7862229258447857   0.0999726099418505
 109.6362411117092758  96.3609150209124706  88.4731981379251662   0.0999726099418505
 116.5261825959861482 108.4476033734727991  82.4015080696361822   0.0881726099418505
 119.1736889096098285 110.4318158140901217  82.9646464575447187   0.0881726099418505
 120.6306677588631152 104.5207524671844456  82.9665361836786490  -0.5679273917044839
 116.2616209372371852 101.8543488922215566  83.0572430381068591   0.0921726099418505
 112.4991762045999601  98.2695384161729446  83.6468375918902985  -0.4121273900581494
 111.5996665648534459  96.5933513353847934  84.4272944851997693   0.0999726099418505
 113.9807214935942329  98.8496843392867597  84.9564178026977219   0.0999726099418505
 111.1083377700339242  99.7794295971760239  83.4881005966409073   0.0999726099418505
 119.0999895903868969  98.1863904662804020  83.8981711677018167  -0.5679273917044839
 125.3946673424785791  96.4213862571979574  84.1835198139239320  -0.5679273917044839
 126.6532249476701538 101.5708899721333714  84.7561068325020662  -0.0024273900581495
 128.4862592975737659 100.6392549881101903  84.9035054709479293   0.0977726099418505
 127.1067592198112447 104.3733538287385823  84.1324972083080563  -0.0343273900581495
 125.2964015835146882 105.2974299082260692  83.8131334916753572   0.0294726099418505
 128.5183846418504194 105.8813552836077447  86.1223788273271294   0.0117726099418505
 131.1432142418670303 106.2763080455972790  85.9012808696583479  -0.1256273900581494
 132.4244485606656340 107.7899786788682053  87.6757337094104036  -0.1704273900581494
 134.4294479887560957 108.1320191091079470  87.4792021914825949   0.1429726099418505
 131.0884121839833210 108.8860198365425282  89.6939612204382964  -0.1072273900581494
 132.0597314168188366 110.0425322305023379  91.0734612982008178   0.1296726099418505
 128.4805901191720020 108.4570520041424103  89.9434050701158977  -0.1704273900581494
 127.4601380068545142 109.2790828723981592  91.5118777612705470   0.1429726099418505
 127.1936866219716343 106.9811758935499148  88.1519446951585636  -0.1256273900581494
 125.1773488370776450 106.7128347825330914  88.3428070346846083   0.1329726099418505
 125.3020707619164523 101.1816063885455879  87.2940090303583141   0.5972726104906286
 126.4151194547960670 100.0931241354069457  89.0136598122266469  -0.5679273917044839
 122.8737726798276501 101.8713564274268486  87.4754227392147477  -0.4157273900581494
 122.0611904422414987 102.7255126399592509  85.9598623798099044   0.2718726099418505
 121.3468739636192653 101.5803386028029692  89.7884475271343671  -0.0597273900581495
 122.1651253796071806 102.7481893535663068  91.2794414467982243   0.0868726099418505
 118.6124402478352222 102.5025249561565392  89.3084570891183599   0.1302726099418505
 117.9245799350878784 101.5690002459994413  87.6039241163213888   0.0186726099418505
 116.8134209683421804 101.7882084775343058  91.4835318692617272  -0.3204273900581494
 114.9407023696262205 102.5837831799151517  91.1792859617004030   0.0881726099418505
 116.6055510936108438  99.7454145267654402  91.6271510554397433   0.0881726099418505
 117.5447449821697058 102.4987455038887056  93.2674333396833805   0.0881726099418505
 118.5595279160854162 105.3900264887882230  88.8530330908433390  -0.0430273900581495
 118.7390518988079465 106.3859121613647112  90.6426037396667696   0.0235726099418505
 120.1544567731149550 105.9531648766967461  87.6814028878121675   0.0235726099418505
 116.1539065476036699 106.2744183194633621  87.5037686312235676  -0.0660273900581495
 114.4985064542886576 105.9720621380359684  88.6886269171921972   0.0185726099418505
 116.3126435428530477 108.2850869259555743  87.0899186078948111   0.0185726099418505
 115.9176907808635134 105.2501867548780407  85.7349849698732760   0.0185726099418505
 121.4130143783065027  98.8364562563493149  90.7370900463628267   0.5972726104906286
 122.1197719523930689  98.3640247228690019  92.8989367435687358  -0.5679273917044839
 120.8366479074605349  96.9977527280439387  89.0968077621191895  -0.4157273900581494
 120.3302013035696381  97.4985301535330716  87.3147960178314397   0.2718726099418505
 120.8498759903979797  94.3011135349383130  89.7846680748665201  -0.0597273900581495
 119.5856492068046546  94.0422210545911008  91.3909352886995868   0.0868726099418505
 119.8483211394197141  92.6702798813642736  87.5699090459108184   0.1302726099418505
 120.8649937994693548  93.2126312817996710  85.8578171685781530   0.0186726099418505
 120.2999656854268880  89.8243523236788679  88.0253330441858395  -0.3204273900581494
 119.5516341363940842  88.7056344523974891  86.4719781621025652   0.0881726099418505
 122.3163034703208776  89.4218406571536394  88.1406063383550357   0.0881726099418505
 119.3985663195464569  89.2442064005650394  89.7865578010004368   0.0881726099418505
 116.9929449510646972  93.1672778545855593  87.1673973793855898  -0.0430273900581495
 115.9309188638009582  92.4057182226152972  88.7623262364151153   0.0235726099418505
 116.6490147946910387  95.1949539962830633  87.1088158692340199   0.0235726099418505
 115.9422572206044861  92.0447805310363334  84.7069739530201207  -0.0660273900581495
 115.9649339342115421  89.9887584973300094  84.7693349154395110   0.0185726099418505
 113.9901701242638307  92.6532723461589816  84.4613095556103532   0.0185726099418505
 117.0666442702876289  92.6929565949713294  83.1063759175888179   0.0185726099418505
 123.4822644949502715  93.4507367746737444  90.6690599055416592   0.5972726104906286
 123.6655679299406488  92.0655675185094724  92.5266606951862575  -0.5679273917044839
 125.5061611843799553  94.3067827133400770  89.4199509310197225  -0.4157273900581494
 125.2264817165595903  95.4840820947730124  87.9308467374897688   0.2718726099418505
 128.1177627014591078  93.7115189811548870  90.1191496005705809  -0.0252273900581495
 128.4295675135561263  91.6819531133234526  89.9604126053211897   0.0697726099418505
 129.3838792111863498  94.6790587617225555  88.8152385681649213   0.0697726099418505
 128.7905052051350901  94.5524471107498312  92.8044504368726785   0.5972726104906286
 129.7731627947741335  93.0501148342824462  94.2841059997330212  -0.5679273917044839
 128.1498880457357615  96.8900383384104234  93.4979799280217730  -0.4157273900581494
 127.2957318332033591  98.0314329232988580  92.2148558830892525   0.2718726099418505
 128.5070462850468915  97.8386808576388963  96.0812355530921327  -0.0275273900581495
 130.4629128336553808  97.5268760455418915  96.6500431194024331   0.1122726099418506
 128.0213866686291204 100.6959467721278301  96.1228095280383974  -0.0050273900581495
 126.2998461606268573 101.1324735090636423  95.0777909759799502   0.0338726099418505
 127.7209202133356568 101.2704235168398945  98.0805658027808168   0.0338726099418505
 130.1681155567636812 102.2379632974075630  95.0929087850513119  -0.1415273900581494
 130.7898354548237608 102.4987455038887056  92.6305956325519258  -0.1638273900581494
 129.7826114254437313 101.6767146356329566  91.0734612982008178   0.2061726099418505
 132.9422335213600587 103.9330476395349363  92.3868209612760885  -0.3418273900581494
 133.6489910954466249 104.4602812308989588  90.6955160714165622   0.3411726099418505
 133.8587506963118648 104.6738202840320593  94.6979560230617776   0.1379726099418505
 135.9695747879019116 106.1043429674104564  95.4160519539518446  -0.2601273900581494
 137.2375810237630839 106.8224388983005236  94.0271032455197256   0.1571726099418505
 136.3985426203020430 106.5540977872837136  97.9955281267543572  -0.1134273900581494
 138.0104790125368604 107.6142341484135357  98.5832329544038666   0.1416726099418505
 134.6958993736390022 105.6205730771266155  99.8115549414526775  -0.1972273900581494
 135.0209322686734519 106.0004080300447881 101.7541934071237219   0.1446726099418505
 132.5888547343167892 104.1654839540072457  99.1085768196339721  -0.2387273900581495
 131.3340765813930751 103.4549469276528594 100.5145330632713830   0.1699726099418505
 132.1088642963008088 103.6325811842414593  96.4705191366799030   0.1242726099418505
 126.8497564655979625  96.4194965310640405  97.9879692222186764   0.5972726104906286
 127.7492661053444767  95.6636060774955292  99.9948583764430413  -0.5679273917044839
 124.4743707152589395  95.8903732135660879  97.3341239798819164  -0.4157273900581494
 123.8054076638508178  96.5461081820367648  95.6579368990937651   0.2718726099418505
 122.7225945891139263  94.5921313595621790  99.0348775004110405  -0.0275273900581495
 122.8170808958100103  95.5162074390496793 100.8754707548503468   0.1122726099418506
 120.0013889562673412  94.9209437068644759  98.0730068982451359  -0.0050273900581495
 119.9390279938479376  94.4711888869912187  96.0623382917529239   0.0338726099418505
 118.8221998487004757  93.5414436291019679  99.0197596913396788   0.0338726099418505
 118.7806258737542110  97.4664048092564046  98.4774082909042814  -0.1415273900581494
 119.7972985338038384  99.7435248006315099  97.9104904507278977  -0.1638273900581494
 121.6530095973145199 100.0364323513893060  97.1054671176774542   0.2061726099418505
 118.0644196689980474 101.6408098390884561  98.3375685569940989  -0.3418273900581494
 118.3497683152201627 103.4530572015189291  97.7593123600142008   0.3411726099418505
 115.8439914616405818 100.7053954027974277  99.3088877898296279   0.1379726099418505
 113.5668714702654765 101.8600180706233205 100.0307631729875421  -0.2601273900581494
 113.3382146080610008 103.8536791419102407  99.8436802857293446   0.1571726099418505
 111.5902179341838481 100.3595755202898390 100.9812954183499320  -0.1134273900581494
 109.8516698909762932 101.2194009112240188 101.5293159971870935   0.1416726099418505
 111.8982432940130060  97.7252972896036169 101.2080625544204909  -0.1972273900581494
 110.3996904698134547  96.6009102399204743 101.9582838295872249   0.1446726099418505
 114.1659146547185137  96.5517773604385287 100.4483926485841456  -0.2387273900581495
 114.3662256249141694  94.5524471107498312 100.6109090961013706   0.1699726099418505
 116.2465031281658103  98.0389918278345523  99.4430583453380330   0.1242726099418505
 123.4425802461379237  91.8066750381622600  99.5224268429627284   0.5972726104906286
 122.8321987048813720  90.8277969007910504 101.5406543539906214  -0.5679273917044839
 124.8334186807039730  90.5254407193636565  97.8273425008353685  -0.4157273900581494
 125.1735693848098112  91.3455818614854751  96.1246992541723141   0.2718726099418505
 126.0182769666726159  88.0517892100607291  98.4150473284848776  -0.0875273900581495
 124.8012933364273194  87.0785802510912833  99.7605323358368018   0.0968726099418505
 126.2431543766092445  86.2792260964425903  96.1095814451009526   0.2984726099418505
 127.0311701744543827  84.4991040782887841  96.7861034010447549  -0.0297273900581495
 123.6428912163335928  85.6650651029181914  95.0022019306231016  -0.3192273900581494
 123.8394227342614017  84.3044622864948923  93.4677443098790362   0.0790726099418505
 122.4712610133024081  84.8392547823946089  96.4724088628138331   0.0790726099418505
 122.7452713027209821  87.3733775279829963  94.2765470951973403   0.0790726099418505
 127.9798126936828693  87.2221994372692993  93.9987573535109057  -0.3192273900581494
 128.1234318798608719  85.7897870277569987  92.5266606951862575   0.0790726099418505
 127.2125838833108297  88.9380707668697985  93.1748367591212401   0.0790726099418505
 129.8676491014701908  87.5982549379196249  94.7263019150705973   0.0790726099418505
 128.5864147826715871  88.2823357983991215  99.7397453483636761   0.5972726104906286
 129.2345908466065832  86.6193768005484285 101.2364084464293106  -0.5679273917044839
 130.0188271921838877  90.3251297491680006  99.2994391591600167  -0.4157273900581494
 129.4178942815969336  91.6044743418326874  98.0068664835578851   0.2718726099418505
 132.4149999299960365  90.8448044359963422 100.6090193699674537  -0.0518273900581495
 133.6678883567858202  89.2385372221632755 100.3066631885400464   0.0921726099418505
 133.6716678090536807  93.1880648420586983  99.4128227271952961  -0.1102273900581495
 134.0137082392934223  92.7345305699175941  97.4323897388458208   0.0456726099418505
 132.3734259550497852  94.7792142468203899  99.4581761544094079   0.0456726099418505
 136.1868932933028459  94.0138751625822809 100.6392549881101903   0.3530726099418505
 137.1789995136115138  92.3622545215351024 101.3705790019377157  -0.0361273900581495
 137.8725290047606217  95.2686533155059949  98.6512630952250341  -0.4121273900581494
 139.6526510229144277  95.8469095124858931  99.5129782122931174   0.0999726099418505
 138.2788201235536973  93.9363963910915156  97.1357027358201908   0.0999726099418505
 136.9295556639338991  96.9297225872227712  97.8764753803173138   0.0999726099418505
 135.8240658755899786  95.9489547237176445 102.7670866149055156  -0.4121273900581494
 137.6571002254935909  96.5404390036350008 103.4946311764652072   0.0999726099418505
 134.8281802030134770  97.6119137215683510 102.0641084930868101   0.0999726099418505
 134.7620397883262396  95.1401519383993404 104.3298901276584009   0.0999726099418505
 132.0370547032117806  91.0961380118078738 103.4757339151259850   0.5972726104906286
 133.5242691706078175  90.0530091858833435 104.9213744075757438  -0.5679273917044839
 129.9829223956394004  92.3131216420531568 104.3034339617834979  -0.4157273900581494
 128.8944401425007450  93.2201901863353519 103.0127510123152832   0.2718726099418505
 129.2308113943387227  92.4019387703474502 106.9792861674159845  -0.0014273900581495
 130.6367676379761337  93.4337292394684524 108.0791067773581544   0.0875726099418505
 126.6626735783397514  93.7493135038333045 107.2665245397720167  -0.0152273900581495
 125.4324618651570236  93.1994031988622262 105.7056107531530617   0.0294726099418505
 125.7745022953967653  93.0293278468093071 108.9823958693725158   0.0294726099418505
 126.6570043999379875  96.6235869535275301 107.4422690702266997  -0.0011273900581495
 127.9023339221921038  98.0937938857182616 105.5884477328499486  -0.1906273900581494
 128.9775880923932742  97.1961739721056643 104.1465866926680370   0.1698726099418505
 127.7303688440052544 100.7469693777437058 105.5657710192428926  -0.2341273900581494
 128.6374373882874628 101.8486797138197926 104.1465866926680370   0.1655726099418506
 126.2053598539308001 102.0489906840154484 107.6066752438778414   0.3225726099418506
 125.9256803861104622 104.5925620602734470 107.6255725052170638  -0.5579273917044839
 125.7272591420487232 105.2237305890031511 109.3490027393532436   0.3991726099418505
 124.9845967714176699 100.3973700429682699 109.6003363151647618  -0.2341273900581494
 123.8998939705468749 101.2307392680275467 111.0781021518911874   0.1655726099418506
 125.2604967869701742  97.7612020861481177 109.4227020585761753  -0.1906273900581494
 124.3534282426879926  96.6046896921883213 110.8059815886065303   0.1698726099418505
 129.0021545321342605  89.7355351953845611 108.0961143125634464   0.5972726104906286
 130.1473285692905287  89.1383817370654542 110.0274144214309628  -0.5679273917044839
 127.5791907532915576  88.0801351020695488 106.8262183505683707  -0.4157273900581494
 126.7363728975626831  88.6546118467816134 105.2142819583335400   0.2718726099418505
 127.2182530617125938  85.4817616679278275 107.6765951108329261  -0.0252273900581495
 126.3376406833053018  85.4874308463295914 109.5398650788792883   0.0697726099418505
 125.9691440871906437  84.5274499702975906 106.3575662693558915   0.0697726099418505
 129.7032429278190357  84.0191136402727768 107.8334423799484004   0.5972726104906286
 130.1624463783619172  82.7643354873490628 109.7326171445392498  -0.5679273917044839
 131.3567532950001311  84.2043068013970576 105.9248189846879263  -0.4157273900581494
 130.9126676535286378  85.3097965897409917 104.4187072559526941   0.2718726099418505
 133.7737130202854322  82.8266964497684665 105.9418265198932182  -0.0597273900581495
 133.3258479265460785  80.9180730545080059 106.5597669656854775   0.0868726099418505
 134.9018795222364086  82.5942601352961571 103.2489667790554397   0.1302726099418505
 133.3504143662870646  82.5961498614300740 101.8883639626321404   0.0186726099418505
 136.6838912665241450  84.7712246415734413 102.5327605742992894  -0.3204273900581494
 137.1978967749507361  84.6257157292614949 100.5428789552802029   0.0881726099418505
 135.7484768302331166  86.5683541949325528 102.8256681250570721   0.0881726099418505
 138.4035420483924778  84.7107534052879545 103.6684859807859601   0.0881726099418505
 136.3607480976236255  80.0865935555826594 102.9107058010835317  -0.0430273900581495
 137.4511200768961844  80.1773004100108695 101.1627091272063792   0.0235726099418505
 137.6854461175024106  79.8295908013693639 104.4697298615685699   0.0235726099418505
 134.6373178634874322  77.7622304108595121 102.7179537354235700  -0.0660273900581495
 133.2899431300015912  78.0116742605371133 101.1797166624116710   0.0185726099418505
 135.7881610790454644  76.0954919607409719 102.3324496041036335   0.0185726099418505
 133.6149760250360410  77.4560947771642710 104.4772887661042506   0.0185726099418505
 135.6332035360639339  83.8433691098181072 107.9354875911801383   0.5972726104906286
 136.9919166263533028  82.3353676549489448 109.0768821760685729  -0.5679273917044839
 135.5878501088498221  86.3151308929871043 108.4872876222851469  -0.4157273900581494
 134.4653527853006097  87.4697535608129837 107.4403793440927696   0.2718726099418505
 136.9786885434158715  87.4565254778755389 110.6000014400091105  -0.0518273900581495
 138.9629009840331806  86.9595275046542533 110.4015801959473715   0.0921726099418505
 136.7727083948184382  90.3591448195785844 110.4337055402240386  -0.1102273900581495
 137.6211954289490767  90.9770852653708304 108.6592527004719829   0.0456726099418505
 134.7809370496654349  90.8825989586747731 110.3883521130099267   0.0456726099418505
 138.0237070954743186  91.8123442165640241 112.6333467601083784   0.3530726099418505
 137.0977412898529149  91.3096770649409743 114.4021304214586702  -0.0361273900581495
 140.8526271179544325  91.2567647331911683 112.8790111575181327  -0.4121273900581494
 141.6519812726031255  92.4265052100884228 114.3756742555837672   0.0999726099418505
 141.1455346687122286  89.2838906493773872 113.3854577614090295   0.0999726099418505
 141.8126079939864200  91.6687250303860078 111.1045583177660770   0.0999726099418505
 137.7175714617790641  94.6526025958476659 112.2176070106457053  -0.4121273900581494
 138.4564543801422838  95.6806136127008210 113.8427714858179808   0.0999726099418505
 138.7115674082216625  95.2459766018989390 110.5149637639826509   0.0999726099418505
 135.7182412120903934  95.1099163202566037 112.0229652188518133   0.0999726099418505
 136.0527227377944408  86.4247350087545367 113.1568008992045673   0.5972726104906286
 137.5852906324045895  85.6801829119895665 114.7403913994305780  -0.5679273917044839
 133.5601739671523315  86.2263137646927977 113.5196283169174478  -0.4157273900581494
 132.3790951334515491  86.9387405171811142 112.1854816663690383   0.2718726099418505
 132.4735814401476064  85.0490143832598623 115.7797407730872613  -0.0024273900581495
 133.2200232630464933  86.0260027944971552 117.4332511402683567   0.0977726099418505
 129.5728518245784644  85.3645986476247144 115.7797407730872613  -0.0343273900581495
 129.1344353615087351  87.3620391711794684 115.9630442080776252   0.0294726099418505
 128.8471969891527297  84.7523273802342190 113.9542653277193299   0.0294726099418505
 128.1120935230573439  83.9945472005318042 117.8508806158649467   0.0117726099418505
 126.0239461450743532  82.4619793059216691 117.2178223610013393  -0.1256273900581494
 125.4797050185050387  82.2559991573242492 115.2921914305355732   0.1329726099418505
 124.6255488059726364  81.2147600575336358 119.1094382210565078  -0.1704273900581494
 123.0532966625501668  80.0487990329042284 118.6218888785048199   0.1429726099418505
 125.2907324051129242  81.5190059650949599 121.6624582279841174  -0.1072273900581494
 124.2324857701170190  80.5817018026700282 123.1024295420321123   0.1296726099418505
 127.3410852604174708  83.0818094778478452 122.3144137441869473  -0.1704273900581494
 127.8248551507013117  83.3350327797932801 124.2570522098580051   0.1429726099418505
 128.7470415040548818  84.3158006432984202 120.4209081579978481  -0.1256273900581494
 130.2852785770667943  85.5063281076688004 120.9481417493618840   0.1329726099418505
 133.2578177857249108  82.2578888834581795 116.0386332534344735   0.5972726104906286
 134.0344952267665480  81.4831011685504593 118.0946552871407975  -0.5679273917044839
 133.2426999766535491  80.7857922251335177 113.9618242322550107  -0.4157273900581494
 132.5737369252454275  81.5379032264341820 112.3309905786809711   0.2718726099418505
 134.1063048198555493  78.1345064592420038 113.9901701242638307  -0.0237273900581495
 132.9365643429582948  77.0819290026478623 115.3224270486783234   0.0879726099418505
 133.9286705632669628  76.8079187132292884 111.3936864162560395   0.0341726099418505
 135.2363610479404561  77.7244358881810946 110.0897753838503666   0.0240726099418505
 134.6014130669429181  74.8747288782278417 111.6506891704693216   0.0240726099418505
 131.3756505563393532  76.6340639089085222 110.0330835998327270   0.0017726099418505
 130.8276299775021783  78.4878852462852734 109.3716794529602994   0.0439726099418505
 131.6893450945702750  75.4945590501540178 108.3455581622410611   0.0439726099418505
 128.7243647904478259  75.2299973914050415 111.6828145147459885  -0.2737273900581494
 127.5773010271576273  77.9228571322428200 113.4497084499623500  -0.0536273900581495
 125.7348180465844175  77.4863303953070078 114.2566215091467372   0.0683726099418505
 128.8755428811615228  78.3631633214464794 114.9841660707064154   0.0683726099418505
 127.3977770444351105  79.5499113335490124 112.2005994754404133   0.0683726099418505
 136.8539666185770641  77.9379749413141951 114.8991283946799558   0.5972726104906286
 137.3906488406106841  76.5792618510248127 116.7113757571104424  -0.5679273917044839
 138.6000735663202865  79.2777907702643553 113.6386810633544778  -0.4157273900581494
 138.0274865477421523  80.4210750812867203 112.2062686538421772   0.2718726099418505
 141.3231689253008151  79.0907078830061576 114.1904810944594864  -0.0875273900581495
 141.7918210065132945  77.0857084549157096 114.2415037000753621   0.0968726099418505
 142.9237669607321314  80.2887942519122321 112.0626494676641611   0.2984726099418505
 142.1659867810296895  79.6387284618433191 110.2598507359032857  -0.0297273900581495
 142.8897518903215475  83.1800752368117495 112.0569802892623972  -0.3192273900581494
 143.9083142765051051  83.8887225370322190 110.4129185527508995   0.0790726099418505
 140.9471134246504896  83.8150232178092873 111.9473761734949649   0.0790726099418505
 143.7590259119253117  83.9302965119784837 113.7671824404611324   0.0790726099418505
 141.9694552631018808  80.1262778043950072 116.8134209683421804   0.5972726104906286
 143.7325697460504221  79.1946428203718261 117.9963895281768931  -0.5679273917044839
 140.4822407957058709  81.9177381793523412 117.7960785579812374  -0.4157273900581494
 139.1102996224790437  82.6830772635904504 116.6981476741729842   0.2718726099418505
 140.7071182056424995  82.7945711054918130 120.4001211705247227   0.0212726099418505
 142.6573155758492248  83.3312533275254465 120.7270437916931027   0.1123726099418505
 139.0914023611398216  85.1737363080986697 120.7742869450411313  -0.1231273900581494
 139.8643003499136249  86.7214220117801665 119.6480101692240582   0.1111726099418505
 137.1487638954687637  84.8260266994571506 120.1752437605880941   0.1111726099418505
 139.1405352406217672  86.0052158070240163 124.1058741191443082  -0.3119273900581495
 138.1786646384558492  88.3579248437559700 123.9036734228147087   0.1932726099418505
 140.0551626894396697  80.7309901672497948 122.3389801839279334   0.5972726104906286
 141.6368634635317369  80.0752551987791314 123.9206809580200006  -0.5679273917044839
 137.7100125572433969  79.7899065525570161 122.2955164828477251  -0.4157273900581494
 136.5119261883373224  80.3700524756708444 120.9141266789513002   0.2718726099418505
 136.6876707187919786  78.2271030398041442 124.3458693381522983  -0.0024273900581495
 137.3112803429860154  78.9981113024440172 126.1543372483149245   0.0977726099418505
 133.7869411032228634  78.3064715374288398 124.2872878280007283  -0.0343273900581495
 133.1123088734129778  78.4727674372139118 122.3446493623296973   0.0294726099418505
 133.0575068155292685  76.5244597931410898 125.0242810202300177   0.0294726099418505
 132.6984588500842348  80.4324134380902482 125.8595399714232248   0.0117726099418505
 133.2691561425284387  82.9646464575447187 125.2831735005772300  -0.1256273900581494
 134.3840945615419837  83.4144012774179757 123.6391117640657592   0.1329726099418505
 132.3394108846392013  84.9242924584210550 126.8081824906516844  -0.1704273900581494
 132.7494814557001107  86.8744898286277937 126.3433098617070657   0.1429726099418505
 130.7917251809576911  84.3498157137090040 128.8793223334293833  -0.1072273900581494
 130.0074888353803597  85.8597068947120833 129.9829223956394004   0.1296726099418505
 130.2342559714509186  81.8270313249241311 129.4783655178824071  -0.1704273900581494
 129.0909716604285536  81.3980634925239997 131.1091991714564467   0.1429726099418505
 131.1828984906793781  79.8654955979138645 127.9665846107454109  -0.1256273900581494
 130.7614895628149411  77.9247468583767369 128.4314572396900297   0.1329726099418505
 137.6136365244134092  75.4964487762879347 124.2778391973311308   0.5972726104906286
 137.9726844898584429  74.3645028220690978 126.2752797208858980  -0.5679273917044839
 137.9953612034654987  74.4155254276849735 122.0271753718309151  -0.4157273900581494
 137.6759974868328130  75.4454261706720590 120.4379156932031402   0.2718726099418505
 138.7739283706410660  71.7736882924630705 121.7739520698854666  -0.0031273900581495
 137.5002529563781300  70.5982786371640523 122.8926699411668454   0.0849726099418505
 138.5717276743114666  70.9686649594126137 118.9941649268873117  -0.0036273900581495
 136.5950741382298518  71.0593718138408371 118.4102395515056362   0.0170726099418505
 139.6620996535840523  72.2725759918182731 117.8263141761239740   0.0170726099418505
 137.5078118609138240  67.7769175192196192 114.5438598815027559  -0.6086273911557057
 147.5838316069819272 100.9888543228856263 119.6839149657685724  -0.5679273917044839
 144.7095581572877015  97.2075123289091922 121.9496966003401498   0.0396726099418505
 145.0100246125811919  96.5631157172420432 120.0146170392047860   0.1104726099418506
 143.9782341434601761  94.9077156239270311 123.5616329925749671   0.0559726099418505
 141.8315052553256421  93.3713682770490488 122.3540979929992950   0.0135726099418505
 140.6655442306962214  94.6072491686335541 121.1938061467716383  -0.0425273900581495
 142.6516463974474607  91.9502942243402763 121.1030992923434146  -0.0425273900581495
 140.1345311870643653  92.0863545059825981 124.3118542677417146   0.8053726088442941
 137.8404036604839413  91.8425798347067607 123.7789514979759282  -0.8188273878630369
 141.0397100052126434  91.3455818614854751 126.3659865753141215  -0.8188273878630369
 142.5892854350280571  99.1766069604551397 121.8495411152423286   0.5365726099418505
 141.5574949659070682  99.6773843859442725 119.8256444258126582  -0.5819273917044839
 141.9713449892358112 100.3520166157541581 124.0000494556446962  -0.4157273900581494
 142.9086491516607428  99.9173796049522761 125.6082063956116798   0.2718726099418505
 140.0230373451629893 102.3173317950322586 124.0605206919301965  -0.0031273900581495
 138.3411810859730740 101.5633310675976772 123.1591213260497519   0.0849726099418505
 139.2217934643803929 102.9636181328333243 126.7647187895715030  -0.0036273900581495
 137.7553659844575086 104.4130380775509301 126.6929091964825016   0.0170726099418505
 138.3468502643748380 101.2723132429738114 127.5357270522113760   0.0170726099418505
 141.3023819378276895 103.8196640714996570 128.5977531394751150  -0.0645273900581495
 140.4274387378221614 103.9784010667490480 130.4459052984500890   0.0351726099418505
 142.7877066790897961 102.3948105665230373 128.7130264336442980   0.0351726099418505
 142.4437765227161241 106.3953607920343224 127.9911510504863972   0.6950726082955160
 141.1852189175245764 108.0923348602956126 127.0784133278024247  -0.6086273911557057
 144.8777437832066903 106.7506293052115223 128.3294120284583050  -0.9407273895093712
 146.0096897374255274 105.3654600490472369 128.9813675446611348   0.4250726099418505
 145.5599349175522702 108.4665006348120212 127.8758777563171874   0.4250726099418505
 140.7468024544548473 104.6076798693448219 122.4618123826328104   0.5972726104906286
 139.1027407179433495 105.5752196499125038 121.1484527195575265  -0.5679273917044839
 143.1769902626775797 105.2898710036903883 122.3276418271244055  -0.4157273900581494
 144.4431067724048217 104.4319353388901389 123.4652569597449794   0.2718726099418505
 144.0916177114954556 107.2646348136381000 120.6325574849970319  -0.0024273900581495
 143.2525793080344148 109.0636540931311282 121.1975855990394987   0.0977726099418505
 146.9734500657253755 107.4951814019764923 120.8838910608085635  -0.0343273900581495
 147.4099768026611743 108.6271273561953159 122.5525192370610341   0.0294726099418505
 147.7917014817132637 105.6319114339301434 121.1919164206377348   0.0294726099418505
 148.2301179447829928 108.6705910572755108 118.5916532603620831   0.0117726099418505
 147.9069747758824735 111.2576261346137042 118.0870963826051032  -0.1256273900581494
 146.7844774523332342 112.4046898979039028 119.3475437139305812   0.1329726099418505
 148.9860083983515044 112.3404392093505823 115.9158010547295965  -0.1704273900581494
 148.7233364657364315 114.3322105545035856 115.5397455540792576   0.1429726099418505
 150.3636187499800955 110.8267685760796560 114.2226064387361533  -0.1072273900581494
 151.1780907137001501 111.6582480750050159 112.5445296318140718   0.1296726099418505
 150.6584160268717951 108.2283951419379346 114.7007071506182302  -0.1704273900581494
 151.7015448527963388 107.0605443911746104 113.3930166659447238   0.1429726099418505
 149.5926104873402224 107.1493615194689036 116.8833408352972650  -0.1256273900581494
 149.8004803620715590 105.1500312697802195 117.2404990746083816   0.1329726099418505
 143.2676971171057765 106.7600779358811198 117.8943443169451418   0.5972726104906286
 142.0488237607265764 108.3852424110533955 116.7491702797888599  -0.5679273917044839
 143.7514670073896174 104.4772887661042506 116.9003483705025568  -0.4157273900581494
 144.6963300743502433 103.1884955427699529 117.9623744577663093   0.2718726099418505
 142.8595162721787975 103.7667517397498644 114.3813434339855311  -0.0518273900581495
 143.5454868587922110 105.1613696265837474 113.0320789743657599   0.0921726099418505
 143.8402841356839374 101.1438118658671702 113.5971070884082131  -0.1102273900581495
 143.3924190419445839  99.7869885017117048 115.0824318296703197   0.0456726099418505
 142.8047142142950880 100.5731145734229395 111.9058021985487002   0.0456726099418505
 146.6824322411014826 100.9812954183499320 112.9961741778212592   0.3530726099418505
 147.7803631249097358 101.3101077656522289 114.7025968767521472  -0.0361273900581495
 147.2512398074117830  98.3243404740566541 112.0040679575126046  -0.4121273900581494
 146.7542418341905108  96.9316123133566879 113.4364803670249052   0.0999726099418505
 146.1608678281392243  97.9539541518080927 110.2957555324477864   0.0999726099418505
 147.5328090013660515 102.8577934693337391 110.9628288577219912  -0.4121273900581494
 149.5037933590459291 102.5100838606922334 110.4752795151703031   0.0999726099418505
 146.3649582506027273 102.6574824991380833 109.2790828723981592   0.0999726099418505
 147.3873000890541185 104.7834243997994917 111.6771453363442246   0.0999726099418505
 139.9852428224845718 103.8669072248476855 114.1923708205934033   0.5972726104906286
 139.0366003032561121 104.9667278347898556 112.3820131842968470  -0.5679273917044839
 138.6076324708559807 102.8370064818606000 116.0386332534344735  -0.4157273900581494
 139.5033626583346611 101.9545043773193778 117.4880531981520660   0.2718726099418505
 135.8486323153309647 102.9711770373690185 116.0254051704970288  -0.0275273900581495
 135.1607720025836209 101.9677324602568360 114.3586667203784751   0.1122726099418506
 134.7072377304425301 101.6804940879008039 118.3611066720236906  -0.0050273900581495
 135.5538350384392383 102.4647304334781217 120.0599704664188979   0.0338726099418505
 132.7286944682269582 102.2190660360683540 118.3932320163003577   0.0338726099418505
 134.7431425269870174  98.8383459824832318 118.5292922979426796  -0.1415273900581494
 135.9733542401697452  97.4456178217832790 120.2886273286233736  -0.1638273900581494
 137.1922275965489722  98.1882801924143323 121.7399369994748827   0.2061726099418505
 135.4064363999933751  94.9133848023287950 120.0165067653387029  -0.3418273900581494
 136.1774446626332482  93.5452230813698149 121.1503424456914567   0.3411726099418505
 133.7189109624016959  94.5316601232767056 118.0757580258015753   0.1379726099418505
 132.5038170582903296  92.3717031522047133 117.1327846849748797  -0.2601273900581494
 132.8420780362622375  90.5745735988456019 117.9756025407037541   0.1571726099418505
 130.8578655956449285  92.6098086450787867 115.0597551160632639  -0.1134273900581494
 129.9205614332199968  90.9922030744422055 114.3189824715661273   0.1416726099418505
 130.4515744768518529  94.9738560386142819 113.9240297095765933  -0.1972273900581494
 129.2213627636691249  95.1250341293279788 112.3328803048149015   0.1446726099418505
 131.6496608457579272  97.1470410926237189 114.8707825026711359  -0.2387273900581495
 131.3491943904644636  98.9233836585096913 113.9769420413263859   0.1699726099418505
 133.3239582004121750  96.9958630019100220 117.0364086521448921   0.1242726099418505
 134.9056589745042423 105.7263977406262007 115.7872996776229421   0.5972726104906286
 133.4241136855099963 106.2706388671955150 114.0770975264242069  -0.5679273917044839
 135.8486323153309647 107.5046300326461035 117.3217572983670075  -0.4157273900581494
 137.1015207421207485 106.9792861674159845 118.6748012102546125   0.2718726099418505
 135.0965213140302870 110.1918205950821180 117.1460127679123245  -0.0389273900581495
 133.0518376371275046 110.2900863540460223 117.3425442858401332   0.1006726099418505
 136.3475200146861673 111.8510001406649775 119.2190423368239403   0.3653726099418505
 135.3573035205114296 113.6575783246937000 119.2095937061543291   0.0042726099418505
 136.3116152181416533 110.8513350158206286 121.9326890651348578  -0.2438273900581494
 136.7027885278633672 112.3876823626986110 123.2384898236744475   0.0641726099418505
 134.5069267602468610 109.9726123635472535 122.3786644327402812   0.0641726099418505
 137.8290653036804401 109.5304164482096772 122.2501630556336134   0.0641726099418505
 138.9175475568190689 112.3574467445558741 118.7144854590669604  -0.6761273884118151
 139.8208366488334167 110.7776356965977104 118.5292922979426796   0.4101726099418505
 135.7276898427599912 111.3634507981132894 114.5740954996455062   0.5972726104906286
 134.1875630436141751 112.7240536145366021 113.4818337942390169  -0.5679273917044839
 137.9500077762513870 110.7549589829906546 113.5328563998548926  -0.4157273900581494
 139.1518735974252950 109.6608075514502485 114.5457496076366863   0.2718726099418505
 138.7909359058463312 111.6998220499512806 111.0837713302929515  -0.0252273900581495
 138.7644797399714416 113.7596235359254381 111.0932199609625491   0.0697726099418505
 140.7222360147138610 111.0629843428198124 110.7606281613924186   0.0697726099418505
 137.1468741693348602 110.7492898045888905 108.9105862762835145   0.5972726104906286
 136.5043672838016282 112.2232761890474692 107.2268402909596689  -0.5679273917044839
 136.4155501555073350 108.3247711747679221 108.9559397034976128  -0.4157273900581494
 136.9900269002193993 107.2155019341561410 110.4129185527508995   0.2718726099418505
 134.7318041701834894 107.2476272784328079 107.0378676775675545  -0.0237273900581495
 135.4820254453502369 107.7616327868593856 105.1991641492621649   0.0879726099418505
 134.5447212829252784 104.3450079367297624 107.2173916602900713   0.0341726099418505
 133.7075726055981680 103.8593483203120048 109.0371979272562386   0.0240726099418505
 133.2389205243857155 103.7043907773304607 105.7566333587689374   0.0240726099418505
 136.9881371740854692 102.7954325069143355 106.9320430140679558   0.0017726099418505
 138.2315769702056552 103.1695982814307441 108.5099643358922029   0.0439726099418505
 136.4457857736500582 100.8131097924309432 107.0775519263798888   0.0439726099418505
 138.8343996069265395 103.1091270451452707 104.0596592905076605  -0.2737273900581494
 140.7751483464636670 105.8322224041257859 104.8174394702100754  -0.0536273900581495
 142.2207888389134258 106.0589895401963447 103.3680195254924829   0.0683726099418505
 139.6224154047717045 107.5329759246549234 104.8798004326294791   0.0683726099418505
 141.6841066168797790 105.5468737579036839 106.6466943678458540   0.0683726099418505
 132.0672903213545308 108.3871321371873256 107.1852663160134044   0.5972726104906286
 131.0071539602246951 109.0069623091134885 105.2105025060656929  -0.5679273917044839
 131.0619560181084314 108.7896438037125542 109.4756143903259679  -0.5163273900581494
 132.0729594997562948 108.2661896646163655 111.0157411894717838   0.2935726099418505
 127.1218770288826062 108.8916890149442923 109.0012931307117246   0.0879726099418505
 128.4730312146363077 112.6182289510370035 108.6516937959363020   0.5365726099418505
 126.9083379757495057 113.0623145925084966 106.9736169890142206  -0.5819273917044839
 130.1775641874332790 114.3265413761018216 109.4094739756387171  -0.4157273900581494
 131.4399012448926871 113.8219844983448417 110.7681870659280994   0.2718726099418505
 130.0736292500675971 116.9627093329219606 108.5628766676419955  -0.0875273900581495
 128.1442188673340242 117.6165545752587206 108.8822403842746946   0.0968726099418505
 131.8348540068822080 118.6596834011832508 110.1540260724036871   0.2984726099418505
 131.3964375438124789 118.3308710538809540 112.1420179652888567  -0.0297273900581495
 134.6618843032284183 118.1513470711584371 109.7685219410837640  -0.3192273900581494
 135.7484768302331166 119.2549471333684408 111.1291247575070633   0.0790726099418505
 135.0643959697536335 116.1614654521393508 110.0822164793146857   0.0790726099418505
 135.2514788570118444 118.6748012102546125 107.8674574503589842   0.0790726099418505
 131.3586430211340614 121.4621472577884751 109.6078952197004559  -0.3192273900581494
 132.4546841788083841 122.6224391040161051 110.9099165259721986   0.0790726099418505
 131.8896560647659443 121.9326890651348578 107.6747053846990092   0.0790726099418505
 129.3630922237132243 121.8873356379207460 109.8762363307172661   0.0790726099418505
 130.5385018790122428 117.2083737303317281 105.7207285622244368   0.5972726104906286
 129.1835682409907075 118.6199991523709030 104.4640606831668058  -0.5679273917044839
 132.3469697891748687 115.8061969389621509 104.6303565829518779  -0.4157273900581494
 133.3712013537601903 114.6024413916543259 105.7207285622244368   0.2718726099418505
 132.9327848906904612 116.0518613363719183 101.9167098546409604  -0.0875273900581495
 133.0272711973865183 118.0681991212658945 101.5085290097139679   0.0968726099418505
 135.5613939429749325 114.9614893570993596 101.2949899565808672   0.2984726099418505
 136.8709741537823559 115.5605325415523966 102.7708660671733626  -0.0297273900581495
 135.6218651792604060 112.0758775506016059 101.1381426874654063  -0.3192273900581494
 137.5777317278688953 111.4371501173362211 101.0531050114389467   0.0790726099418505
 134.7431425269870174 111.2727439436850793 102.8105503159857104   0.0790726099418505
 134.6108616976125427 111.4163631298630954  99.4695145112129360   0.0790726099418505
 136.5497207110157399 116.0083976352917369  98.7797644723316752  -0.3192273900581494
 138.4564543801422838 115.3054195134730314  98.4396137682258503   0.0790726099418505
 135.3289576285026097 115.4282517121779084  97.2264095902484143   0.0790726099418505
 136.6120816734351437 118.0663093951319776  98.8591329699563709   0.0790726099418505
 130.8351888820378725 114.9841660707064154 100.2405227738528090   0.5972726104906286
 130.2739402202632664 116.0499716102380016  98.2449719764319585  -0.5679273917044839
 129.6144257995247423 112.9186954063304805 101.0247591194301270  -0.4157273900581494
 130.0906367852728891 112.1250104300835649 102.7103948308878759   0.2718726099418505
 127.6944640474607404 111.6847042408799054  99.4827425941503808  -0.0237273900581495
 128.4881490237076694 111.4881727229520968  97.5911267340952120   0.0879726099418505
 127.2711653934623998 109.0258595704527107 100.5579967643515780   0.0341726099418505
 129.1060894694999154 108.1490266443132390 100.8792502071181940   0.0240726099418505
 126.3130742435643155 109.1619198520950325 102.3778030313177452   0.0240726099418505
 125.8217454487447803 107.2778628965755447  98.7722055677959944   0.0017726099418505
 125.2340406210952846 108.3209917225000750  97.1016876654096070   0.0439726099418505
 127.1029797675434108 105.7944278814473685  98.1448164913341373   0.0439726099418505
 123.0816425545589867 105.8057662382508963 100.1762720852994885  -0.2737273900581494
 121.1786883377002766 108.6120095471239542 100.6487036187798015  -0.0536273900581495
 121.8589897459119261 109.6551383730484845 102.2908756291573690   0.0683726099418505
 121.2826232750659583 109.8138753682978623  98.9819651686612479   0.0683726099418505
 119.2247115152257042 108.0564300637510986 100.9397214434036673   0.0683726099418505
 125.3039604880503825 113.3249865251235560  99.2011734001961123   0.5972726104906286
 124.2948467325364226 113.4969516033103920  97.1035773915435239  -0.5679273917044839
 124.4138994789734660 114.6043311177882428 101.2023933760187268  -0.3661673899483938
 125.2586070608362707 114.2641804136824180 102.9598386805654906   0.3114426098869728
 120.6249985804613511 115.6909236447929545  99.8587980948007195   0.2246226102162396
 122.8964493934347059 119.0470772586371043  99.9910789241751943   0.8098826103259952
 122.0441829070362069 119.2681752163058856  97.8783651064512442  -0.6015073898386383
 125.1074289701225469 120.1412286901775102 100.5088638848696190  -0.4157273900581494
 126.0900865597616174 119.5535238625280011 102.0452112317476013   0.2718726099418505
 126.0844173813598533 122.2803986737763634  98.9800754425273310  -0.0518273900581495
 124.6860200422581097 123.7884001286455258  99.0991281889643744   0.0921726099418505
 128.6072017701447128 123.0986500897642785 100.1895001682369333  -0.1102273900581495
 128.2009106513516372 123.4936028517537994 102.1737126088542423   0.0456726099418505
 129.9205614332199968 121.5112801372704205 100.1498159194245855   0.0456726099418505
 129.9318997900235247 125.4362413174248572  99.0556644878841795   0.3530726099418505
 128.5221640941182532 126.8327489303926705  98.5019747306452541  -0.0361273900581495
 131.6553300241596911 126.6135406988578060 101.0625536421085445  -0.4121273900581494
 132.5075965105581901 128.3407503852618331 100.3312296282810325   0.0999726099418505
 130.5649580448871322 127.0821927800702584 102.7425201751645429   0.0999726099418505
 133.1387650392878674 125.2850632267111603 101.5897872334725802   0.0999726099418505
 131.6477711196240239 124.8201905977665416  96.8012212101161300  -0.4121273900581494
 132.6436567922004987 126.5209441182956522  96.2040677517970097   0.0999726099418505
 133.0216020189847543 123.3783295575846166  97.3246753492123187   0.0999726099418505
 130.5460607835479100 124.1531172724923234  95.2025129008187441   0.0999726099418505
 126.2979564344929540 121.7191500120017573  96.0963533621634944   0.5972726104906286
 125.8765475066285167 123.4104549018612701  94.5543368368837615  -0.5679273917044839
 126.7401523498305167 119.3513231661984285  95.2988889336487316  -0.4157273900581494
 127.1766790867663425 118.0247354201857131  96.6084691444561551   0.2718726099418505
 126.4774804172154706 118.6105505217012919  92.6192572757483979  -0.0249273900581495
 127.5036017079346956 120.0127273130708693  91.5213263919401447   0.0842726099418505
 127.8380832336387699 116.1142222987913221  92.0598983401077085   0.2116726099418505
 128.2878380535120271 116.0556407886397656  90.0492297336154963   0.0351726099418505
 129.6068668949890480 116.0329640750327096  93.1162552489696836   0.0351726099418505
 126.3470893139748993 113.9807214935942329  92.6249264541501619  -0.6546273911557058
 125.9105625770391005 114.0298543730761783  94.4144971029735925   0.4274726099418505
 123.7260391662261222 118.6143299739691391  91.6177024247701322   0.5972726104906286
 123.2479384543440453 119.5308471489209451  89.5295550467871547  -0.5679273917044839
 121.8835561856529124 117.7223792387583058  93.0992477137643915  -0.4157273900581494
 122.3729952543385172 117.2140429087334920  94.8812594580521415   0.2718726099418505
 119.1699094573419813 118.0455224076588385  92.6079189189448698  -0.0581273900581495
 118.7333827204061825 117.2518374314119095  90.7673256645055635   0.1359726099418505
 117.5825395048481367 116.6206689026822189  94.5732340982229703  -0.0074273900581495
 118.5462998331479714 116.5205134175843843  96.3798122822516927   0.0366726099418505
 115.8099763912299979 117.6278929320622485  94.8755902796503776   0.0366726099418505
 116.8984586443686399 114.0128468378708864  93.7171881595566509   0.1867726099418505
 115.4547078780527980 113.5252974953192118  91.5817976282256316  -0.5432273900581495
 114.9652688093672066 111.0421973553466868  91.6271510554397433   0.1634726099418506
 113.7993077847377859 110.0689883963772410  90.2589893344807498   0.1434726099418505
 116.0424127057023074 109.9669431851454896  93.6586066494050810  -0.2795273900581494
 115.9214702331313605 108.1112321216348216  94.1102511954122683   0.3338726099418505
 117.2688449666172015 111.8207645225222407  95.0097608351587825  -0.2207273900581494
 118.2137080335778275 111.6223432784605017  96.8031109362500469   0.1861726099418506
 118.3554374936219266 120.8234198245230767  92.5474476826593830   0.5972726104906286
 116.9532607022523629 121.5736410996898243  90.8448044359963422  -0.5679273917044839
 119.2814032992433438 122.4126795031508650  94.2784368213312572  -0.4157273900581494
 120.4114595273282506 121.7191500120017573  95.6654958036294593   0.2718726099418505
 118.5689765467550274 125.1055392439886436  94.2916649042687020  -0.0389273900581495
 116.5110647869147865 125.1962460984168671  94.2935546304026322   0.1006726099418505
 119.4779348171711525 126.5568489148401662  96.6424842148667388   0.3653726099418505
 118.4272470867109280 128.3275223023243749  96.7218527124914344   0.0042726099418505
 119.0980998642529800 125.1546721234705890  99.1274740809731943  -0.2438273900581494
 119.8445416871518669 126.2998461606268573 100.6619317017172463   0.0641726099418505
 117.0968798884303789 124.7861755273559577  99.4430583453380330   0.0641726099418505
 120.0996547152312455 123.3707706530489223  99.1274740809731943   0.0641726099418505
 122.0574109899736651 127.1653407299628146  96.5309903729653897  -0.6761273884118151
 122.4089000508830044 128.3067353148512492  97.8991520939243698   0.4101726099418505
 119.4703759126354583 126.4302372638674287  91.8803743573851916   0.5972726104906286
 118.0001689804447268 127.8078476154960198  90.7011852498183261  -0.5679273917044839
 121.8041876880282168 125.9351290167800598  91.0205489664510118  -0.4157273900581494
 122.9777076171933050 124.9146769044625989  92.1506051945359320   0.2718726099418505
 122.8038528128725521 127.1010900414094805  88.6999652739957251  -0.0875273900581495
 122.2369349726961820 129.0758538513571919  88.7736645932186434   0.0968726099418505
 125.7178105113791255 127.1502229208914261  88.6602810251833773   0.2984726099418505
 126.3716557537158856 127.7643839144158382  90.5159920886940453  -0.0297273900581495
 126.9272352370887278 124.5934234616959829  88.0801351020695488  -0.3192273900581494
 128.9756983662593709 124.7389323740079157  88.2483207279885378   0.0790726099418505
 126.2563824595466758 123.2290411930048230  89.4501865491624593   0.0790726099418505
 126.4434653468048869 123.9584754806984449  86.1809603374786860   0.0790726099418505
 126.7004681010181689 129.0664052206875944  86.7176425595123328  -0.3192273900581494
 128.7508209563227423 129.1930168716603052  86.8461439366189738   0.0790726099418505
 126.1770139619219802 128.4975976543772940  84.8090191642518588   0.0790726099418505
 125.9048933986373366 130.9258957364660962  87.1107055953679502   0.0790726099418505
 121.6227739791717696 126.0126077882708519  86.2811158225765206   0.5972726104906286
 121.1711294331645823 127.4450201977831525  84.4991040782887841  -0.5679273917044839
 120.9727081891028701 123.5635227187088974  86.1601733500055603  -0.4157273900581494
 121.3808890340298492 122.3975616940794765  87.6341597344641389   0.2718726099418505
 119.6498998953579885 122.5525192370610341  83.9170684290410255  -0.0875273900581495
 120.6306677588631152 123.3178583212991431  82.2748964186634580   0.0968726099418505
 119.8483211394197141 119.6555690737597525  83.6827423884347993   0.2984726099418505
 121.7758417960193969 119.0999895903868969  84.1513944696472650  -0.0297273900581495
 118.0322943247213939 118.1853621415690076  85.3759370044282423  -0.3192273900581494
 118.4877183229964148 116.1765832612107257  85.3381424817498114   0.0790726099418505
 118.2401641994527305 118.8675532759145874  87.2864501258226198   0.0790726099418505
 116.0726483238450574 118.4461443480501501  84.7920116290465668   0.0790726099418505
 116.9343634409131407 123.5446254573696750  83.7413238985863558   0.5972726104906286
 115.5926578858290502 123.8318638297257074  85.8710452515156112  -0.4157273900581494
 116.2842976508442278 123.1496726953801544  87.5302247970984706   0.2718726099418505
 113.1473522685349561 125.1244365053278390  85.8804938821852090  -0.0518273900581495
 111.9832809700394655 124.2324857701170190  84.4367431158693805   0.0921726099418505
 111.8169850702543936 124.7823960750880973  88.4429625197824296  -0.1102273900581495
 111.5675412205767924 122.7698377424619682  88.8303563772362830   0.0456726099418505
 113.0282995220979127 125.5704118729332623  89.9131694519731611   0.0456726099418505
 109.2223910883805194 126.1165427256365068  88.5166618390053612   0.3530726099418505
 109.4623863073885097 128.0856373571824543  87.9724207124360335  -0.0361273900581495
 107.2948704317808366 124.9033385476590708  86.7252014640480137  -0.4121273900581494
 107.0794416525138192 122.9040082979703733  87.1730665577873540   0.0999726099418505
 108.1320191091079470 126.1789036880559106  91.1792859617004030  -0.4121273900581494
 107.2211711125579049 127.9892613243524668  91.5269955703419087   0.0999726099418505
 106.7600779358811198 124.6690125070528178  91.4136120023066426   0.0999726099418505
 109.6249027549057479 125.9332392906461563  92.5701243962664389   0.0999726099418505
 113.4289214624892243 127.9269003619330632  85.1718465819647395   0.5972726104906286
 115.3942366417673248 129.2383702988744170  86.0732459478451839  -0.4157273900581494
 116.5545284879949681 128.3879935386098481  87.3507008143759403   0.2718726099418505
 118.3459888629523157 132.8175115965212782  86.6307151573519564   0.0341726099418505
 117.9718230884359070 132.9497924258957530  88.6470529422459191   0.0240726099418505
 119.8861156620981450 131.4947033027763966  86.3529254156655220   0.0240726099418505
 120.1771334867220110 135.7295795688939213  91.2227496627805979   0.0683726099418505
 114.3133132931643634 135.4366720181361252  90.1059215176331361   0.4477726099418505
 115.5586428154184799 133.9532370030079489  92.8875983867652213  -0.8340273900581494
 116.5601976663967321 132.5964136388524834  93.6075840437892053   0.4169726099418505
 116.2748490201746300 135.4158850306629995  93.8362409059936809   0.4169726099418505
 107.3005396101826005 116.3882325882099095 113.2682947411059164  -0.8340273900581494
 105.9437162460271485 116.3239818996565756 112.0456419324588693   0.4169726099418505
 107.0416471298353883 118.0247354201857131 114.0506413605493173   0.4169726099418505
 122.5846445813376876 109.9858404464846983  93.4488470485398275  -0.8340273900581494
 123.1440035169783904 110.8022021363386831  91.8992716187244004   0.4169726099418505
 122.9380233683809572 111.3124281924974271  94.6866176662582495   0.4169726099418505
 112.0569802892623972 116.1066633942556413  88.2747768938634408  -0.8340273900581494
 110.7681870659280994 114.9123564776174006  88.9456296714054792   0.4169726099418505
 113.4667159851676418 115.6474599437127731  89.3802666822073747   0.4169726099418505
 109.1600301259611158 119.1188868517261056 100.8414556844397629  -0.8340273900581494
 110.2863069017781753 118.6199991523709030  99.4959706770878390   0.4169726099418505
 110.3751240300724821 120.1091033459008433 101.9072612239713492   0.4169726099418505
 139.1915578462376428  92.6343750848197728 130.7388128492078851  -0.8340273900581494
 137.6835563913684805  91.6063640679666043 130.7444820276096490   0.4169726099418505
 139.9493380259400845  92.1354873854645569 129.0966408388303176   0.4169726099418505
 110.8456658374188647 114.9973941536438602  94.2500909293224373  -0.8340273900581494
 109.8856849613868771 114.0827667048259709  92.9253929094436388   0.4169726099418505
 112.5501988102158358 114.4626016577441436  93.8041155617170274   0.4169726099418505
 119.8313136042144221 106.1515861207584851  95.4840820947730124  -0.8340273900581494
 121.2807335489320280 105.8246634995901051  96.5687848956438073   0.4169726099418505
 120.5267328214974468 107.5235272939853122  94.4258354597771204   0.4169726099418505
 130.5800758539584939  92.4945353509095906 124.1909117951707409  -0.8340273900581494
 131.9387889442478897  92.9953127763987233 125.3682111766036895   0.4169726099418505
 131.3699813779375893  92.8857086606312910 122.5865343074716177   0.4169726099418505
 129.4726963394806431 103.1393626632880073 113.8200947722109248  -0.8340273900581494
 130.8692039524484564 104.3298901276584009 113.5687611963993934   0.4169726099418505
 128.1158729753252045 104.0294236723649105 112.9168056801965636   0.4169726099418505
 134.7053480043086000  94.0006470796448361 126.7741674202411005  -0.8340273900581494
 135.8448528630631043  94.4069381984378982 128.1517777718696917   0.4169726099418505
 135.8977651948129103  93.0822401785590997 125.6384420137544299   0.4169726099418505
 123.9849316465733345  98.8553535176885236 141.3023819378276895  -0.8340273900581494
 122.5884240336055212  97.7234075634697002 141.6746579862101812   0.4169726099418505
 123.7222597139582884 100.1517056455585024 142.6119621486351129   0.4169726099418505
$end
